Gene_set,Term,Overlap,P-value,Adjusted P-value,Old P-value,Old Adjusted P-value,Odds Ratio,Combined Score,Genes
GO_Biological_Process_2023,Cytoplasmic Translation (GO:0002181),34/93,9.131036892901168e-45,1.4564003844177358e-41,0,0,68.53114151521339,6949.3764144276975,EIF4A2;RPL4;EIF4A1;RPL31;RPLP0;RPL10A;RPL8;RPL9;RPL6;RPL7A;RPS17;RPS16;RPS15A;RPL18A;RPS18;RACK1;RPL36;RPLP2;RPL13;RPL37;RPS2;RPL18;RPS10;RPL17;RPS9;RPS8;RPS5;RPS6;RPL13A;RPSA;RPL23A;RPL27A;RPL29;RPL28
GO_Biological_Process_2023,Macromolecule Biosynthetic Process (GO:0009059),36/183,2.073093607024582e-36,1.653292151602104e-33,0,0,29.347436535589846,2411.3034023717178,RPL4;RPL31;RPLP0;RPL10A;RPL8;RPL9;RPL6;EEF1B2;RPL7A;RPS17;RPS16;RPS15A;RPL18A;RPS18;RPL36;RPLP2;RPL13;RPL37;APOE;RPS2;RPL18;RPS10;RPL17;EIF5A;RPS9;RPS8;RPS5;RPS6;RPL13A;RPSA;RPL23A;EEF2;EEF1A1;RPL27A;RPL29;RPL28
GO_Biological_Process_2023,Peptide Biosynthetic Process (GO:0043043),32/158,7.840002459710176e-33,4.1682679744125766e-30,0,0,29.74149659863945,2198.671927355865,RPL4;RPL31;RPLP0;RPL10A;RPL8;RPL9;RPL6;RPL7A;RPS17;RPS16;RPS15A;RPL18A;RPS18;RPL36;RPLP2;RPL13;RPL37;RPS2;RPL18;RPS10;RPL17;RPS9;RPS8;RPS5;RPS6;RPL13A;RPSA;RPL23A;EEF1A1;RPL27A;RPL29;RPL28
GO_Biological_Process_2023,Translation (GO:0006412),36/234,2.2412291978967555e-32,8.936901426613314e-30,0,0,21.73170731707317,1583.7133505767745,RPL4;RPL31;RPLP0;RPL8;RPL10A;RPL9;RPL6;EEF1B2;RPL7A;RPS17;RPS16;RPS15A;RPL18A;RPS18;RPL36;RACK1;RPL13;RPLP2;RPL37;RPS2;RPL18;RPL17;RPS10;EIF5A;RPS9;RPS8;RPS5;RPS6;RPL13A;RPSA;RPL23A;EEF2;EEF1A1;RPL27A;RPL29;RPL28
GO_Biological_Process_2023,Gene Expression (GO:0010467),32/296,6.815376362317067e-24,2.1741050595791442e-21,0,0,14.095238095238097,751.8803256678996,RPL4;RPL31;RPLP0;RPL8;RPL10A;RPL9;RPL6;RPL7A;RPS17;RPS16;RPS15A;RPL18A;RPS18;RPL36;RPL13;RPLP2;RPL37;RPS2;RPL18;RPL17;RPS10;RPS9;RPS8;RPS5;RPS6;RPL13A;RPSA;RPL23A;EEF1A1;RPL27A;RPL29;RPL28
GO_Biological_Process_2023,protein-RNA Complex Assembly (GO:0022618),11/150,3.369114342517927e-07,8.956228960526821e-05,0,0,8.232309390582772,122.68977637925263,EIF3L;RPS5;RPLP0;EIF3G;RPSA;RPL23A;SRSF5;HNRNPC;EIF3F;NOP53;RPL6
GO_Biological_Process_2023,Supramolecular Fiber Organization (GO:0097435),15/316,7.241771592130368e-07,0.00016500893842068482,0,0,5.25249169435216,74.26093448939307,DSP;APP;GSN;FUS;TPM1;EMP2;KRT10;CNN3;FKBP1A;CST3;MARCKS;KRT14;SERPINH1;HNRNPA1;MYL9
GO_Biological_Process_2023,Ribosomal Small Subunit Biogenesis (GO:0042274),8/84,1.977743771042469e-06,0.0003943126643515923,0,0,10.81359649122807,142.02095207374543,RPS17;RPS9;RPS16;RPS15A;RPS8;RPS5;RPS6;RPSA
GO_Biological_Process_2023,Ribosome Assembly (GO:0042255),6/50,1.0219798089852524e-05,0.0017640578687687,0,0,13.88659793814433,159.57344828850043,RPS5;RPLP0;RPSA;RPL23A;NOP53;RPL6
GO_Biological_Process_2023,Cytoplasmic Translational Initiation (GO:0002183),5/30,1.105992394212401e-05,0.0017640578687687,0,0,20.28205128205128,231.46246946256952,EIF4A2;EIF4A1;EIF3L;EIF3G;EIF3F
GO_Biological_Process_2023,Negative Regulation Of Protein Metabolic Process (GO:0051248),9/147,1.7507243944049724e-05,0.0025385503718872,0,0,6.7136353289323925,73.53374835157135,SNX3;CST3;SERBP1;RACK1;RPL13A;APOE;CALR;CRYAB;GAPDH
GO_Biological_Process_2023,Negative Regulation Of Stress-Activated Protein Kinase Signaling Cascade (GO:0070303),3/6,1.9269523068842994e-05,0.002561240774567,0,0,100.49238578680205,1091.0444080855816,GSTP1;MYC;PPIA
GO_Biological_Process_2023,Negative Regulation Of Endothelial Cell Proliferation (GO:0001937),5/37,3.19622618683464e-05,0.0039215236676932,0,0,15.83974358974359,163.95646784574072,ATP5F1A;SPARC;CAV2;CAV1;APOE
GO_Biological_Process_2023,Negative Regulation Of Amide Metabolic Process (GO:0034249),7/93,4.124241764738496e-05,0.0041408795517471,0,0,8.314134233040125,83.93985902496969,SERBP1;RACK1;RPL13A;APOE;CALR;GAPDH;RTN4
GO_Biological_Process_2023,Negative Regulation Of Viral Life Cycle (GO:1903901),4/20,4.146798801190002e-05,0.0041408795517471,0,0,25.23469387755102,254.6329194525256,IFITM3;SNX3;GSN;PPIA
GO_Biological_Process_2023,Positive Regulation Of Intrinsic Apoptotic Signaling Pathway (GO:2001244),5/39,4.153860365388976e-05,0.0041408795517471,0,0,14.906485671191554,150.38985478925275,EIF5A;MYC;CAV1;RACK1;NUPR1
GO_Biological_Process_2023,Positive Regulation Of Signal Transduction By P53 Class Mediator (GO:1901798),4/21,5.082545165940558e-05,0.0047686232586324,0,0,23.74909963985594,234.8100391955592,EIF5A;MYC;RPL37;RPL17
GO_Biological_Process_2023,Negative Regulation Of Macromolecule Biosynthetic Process (GO:0010558),7/98,5.7747753564560776e-05,0.0049154240088877,0,0,7.85532084495815,76.66342334598095,GSTP1;SERBP1;RACK1;TSPO;RPL13A;CALR;GAPDH
GO_Biological_Process_2023,Translational Elongation (GO:0006414),5/42,5.9898599003834606e-05,0.0049154240088877,0,0,13.695772695772696,133.16204547949982,EEF1B2;EIF5A;EEF1A1;RACK1;EEF2
GO_Biological_Process_2023,Ribosomal Large Subunit Assembly (GO:0000027),4/22,6.16354107697523e-05,0.0049154240088877,0,0,22.428571428571427,217.428716911634,RPLP0;RPL23A;NOP53;RPL6
GO_Biological_Process_2023,Negative Regulation Of Epithelial Cell Proliferation (GO:0050680),6/70,7.144403293220934e-05,0.0054263444060416,0,0,9.53737113402062,91.04943074916848,ATP5F1A;SPARC;CAV2;CAV1;NUPR1;APOE
GO_Biological_Process_2023,Amyloid Fibril Formation (GO:1990000),4/24,8.814271911404375e-05,0.0059418930688189,0,0,20.18367346938776,188.4459421090328,FKBP1A;GSN;FUS;HNRNPA1
GO_Biological_Process_2023,Response To Copper Ion (GO:0046688),4/24,8.814271911404375e-05,0.0059418930688189,0,0,20.18367346938776,188.4459421090328,MT2A;MT1X;ATP5F1D;MT1E
GO_Biological_Process_2023,Regulation Of Apoptotic Process (GO:0042981),19/705,8.940779539288698e-05,0.0059418930688189,0,0,2.9248425494901986,27.26626754587357,GADD45A;GSTP1;RPS6;HSPB1;RTN4;PTMS;PRDX2;SOCS3;PRDX5;MYC;RACK1;ANP32B;CALR;NUPR1;GAS6;CRYAB;PPIA;NOP53;ATF4
GO_Biological_Process_2023,Negative Regulation Of Apoptotic Process (GO:0043066),15/482,0.0001076177666062452,0.0068660135094784,0,0,3.3566178598298517,30.669164990120212,GRN;GSTP1;CAV1;HSPB1;KLF4;PTMS;PRDX2;SOCS3;PRDX5;MYC;SFN;APOE;NUPR1;GAS6;CRYAB
GO_Biological_Process_2023,Intracellular Copper Ion Homeostasis (GO:0006878),3/11,0.00015320271943439296,0.0093983975960714,0,0,37.6751269035533,330.92884130781977,APP;ARF1;MT2A
GO_Biological_Process_2023,Ribosome Biogenesis (GO:0042254),8/155,0.00017057927681723105,0.010076812834203,0,0,5.570578231292517,48.33206585685107,RPS17;RPS9;RPS16;RPS15A;RPS8;RPS5;RPS6;NOP53
GO_Biological_Process_2023,Ribonucleoprotein Complex Biogenesis (GO:0022613),7/118,0.00018606236426110687,0.0105989096784451,0,0,6.433412687298698,55.25933924533761,RPS17;RPS9;RPS16;RPS15A;RPS8;RPS5;RPS6
GO_Biological_Process_2023,Regulation Of Translation (GO:0006417),9/202,0.00020467300268245907,0.0112570151475352,0,0,4.7869950899275695,40.66120044678885,EIF4A2;APP;SERBP1;RACK1;RPL13A;HSPB1;CALR;EEF2;GAPDH
GO_Biological_Process_2023,Regulation Of Endothelial Cell Migration (GO:0010594),6/88,0.00025447783068659283,0.0119241331933086,0,0,7.437012823736483,61.55092569534927,GRN;SPARC;EMP2;APOE;CALR;DCN
GO_Biological_Process_2023,Negative Regulation Of Protein Kinase Activity (GO:0006469),6/88,0.00025447783068659283,0.0119241331933086,0,0,7.437012823736483,61.55092569534927,GADD45A;GSTP1;CAV1;HSPB1;SFN;PPIA
GO_Biological_Process_2023,Antigen Processing And Presentation Of Endogenous Peptide Antigen Via MHC Class I Via ER Pathway (GO:0002484),3/13,0.00026165809515097364,0.0119241331933086,0,0,30.13705583756345,248.5846578261998,HLA-B;HLA-C;HLA-A
GO_Biological_Process_2023,"Antigen Processing And Presentation Of Endogenous Peptide Antigen Via MHC Class I Via ER Pathway, TAP-independent (GO:0002486)",3/13,0.00026165809515097364,0.0119241331933086,0,0,30.13705583756345,248.5846578261998,HLA-B;HLA-C;HLA-A
GO_Biological_Process_2023,Antigen Processing And Presentation Of Endogenous Peptide Antigen Via MHC Class Ib (GO:0002476),3/13,0.00026165809515097364,0.0119241331933086,0,0,30.13705583756345,248.5846578261998,HLA-B;HLA-C;HLA-A
GO_Biological_Process_2023,Antigen Processing And Presentation Of Peptide Antigen Via MHC Class Ib (GO:0002428),3/13,0.00026165809515097364,0.0119241331933086,0,0,30.13705583756345,248.5846578261998,HLA-B;HLA-C;HLA-A
GO_Biological_Process_2023,Cellular Response To Chemical Stress (GO:0062197),6/89,0.00027063132601330985,0.0119904712497563,0,0,7.347037635076388,60.35410007036064,PRDX2;PRDX5;CAV1;PPIA;ZFP36L2;ATF4
GO_Biological_Process_2023,Copper Ion Homeostasis (GO:0055070),3/14,0.000330570754905644,0.0132578118953425,0,0,27.395939086294412,219.56995457412373,APP;ARF1;MT2A
GO_Biological_Process_2023,Formation Of Cytoplasmic Translation Initiation Complex (GO:0001732),3/14,0.000330570754905644,0.0132578118953425,0,0,27.395939086294412,219.56995457412373,EIF3L;EIF3G;EIF3F
GO_Biological_Process_2023,Membrane Raft Organization (GO:0031579),3/14,0.000330570754905644,0.0132578118953425,0,0,27.395939086294412,219.56995457412373,ANXA2;EMP2;S100A10
GO_Biological_Process_2023,Negative Regulation Of Peptidase Activity (GO:0010466),5/60,0.0003324843108549847,0.0132578118953425,0,0,9.205128205128204,73.72311591006364,CST3;UBXN1;SERPINH1;SERPING1;GAPDH
GO_Biological_Process_2023,Platelet Aggregation (GO:0070527),4/35,0.000398558082417591,0.0155048814989282,0,0,13.014483212639895,101.8729147560068,HSPB1;MYL9;PPIA;ACTG1
GO_Biological_Process_2023,Cellular Response To Zinc Ion (GO:0071294),3/15,0.00041017649693527065,0.0155769407764703,0,0,25.111675126903556,195.84402098106767,MT2A;MT1X;MT1E
GO_Biological_Process_2023,Membrane Assembly (GO:0071709),4/38,0.0005488816438829229,0.0203596795812386,0,0,11.864345738295318,89.07309099917518,ANXA2;EMP2;DMKN;S100A10
GO_Biological_Process_2023,Positive Regulation By Host Of Viral Process (GO:0044794),3/17,0.0006040394207294829,0.0218964290014437,0,0,21.5221174764322,159.51916044937724,EEF1A1;CAV2;NUCKS1
GO_Biological_Process_2023,Regulation Of Oxidative Stress-Induced Intrinsic Apoptotic Signaling Pathway (GO:1902175),3/18,0.0007195272026923491,0.0249488236585716,0,0,20.086294416243653,145.36282995258424,HSPB1;P4HB;PPIA
GO_Biological_Process_2023,Negative Regulation Of Viral Entry Into Host Cell (GO:0046597),3/18,0.0007195272026923491,0.0249488236585716,0,0,20.086294416243653,145.36282995258424,IFITM3;SNX3;GSN
GO_Biological_Process_2023,Regulation Of Viral Entry Into Host Cell (GO:0046596),4/44,0.0009633623018811156,0.030978346356807,0,0,10.081632653061224,70.017755335544,IFITM3;SNX3;GSN;P4HB
GO_Biological_Process_2023,Regulation Of Plasma Membrane Repair (GO:1905684),2/5,0.0009754681839454336,0.030978346356807,0,0,66.65656565656566,462.1028413784856,ANXA2;S100A10
GO_Biological_Process_2023,Plasma Membrane Raft Assembly (GO:0044854),2/5,0.0009754681839454336,0.030978346356807,0,0,66.65656565656566,462.1028413784856,CAV2;EMP2
GO_Biological_Process_2023,Cellular Response To Copper Ion (GO:0071280),3/20,0.0009905301969888136,0.030978346356807,0,0,17.721409375933113,122.5837770787782,MT2A;MT1X;MT1E
GO_Biological_Process_2023,Positive Regulation Of Protein Processing (GO:0010954),3/20,0.0009905301969888136,0.030978346356807,0,0,17.721409375933113,122.5837770787782,GSN;ANXA2;S100A10
GO_Biological_Process_2023,Homotypic Cell-Cell Adhesion (GO:0034109),4/46,0.0011401784650819,0.0341656776180205,0,0,9.60058309037901,65.05902796595161,HSPB1;MYL9;PPIA;ACTG1
GO_Biological_Process_2023,Antigen Processing And Presentation Of Endogenous Peptide Antigen (GO:0002483),3/21,0.0011471485105092,0.0341656776180205,0,0,16.736040609137056,113.3109608085056,HLA-B;HLA-C;HLA-A
GO_Biological_Process_2023,Cellular Response To Oxidative Stress (GO:0034599),6/117,0.0011567063268796,0.0341656776180205,0,0,5.48592922819727,37.096833699330126,PRDX2;PRDX5;TPM1;PPIA;ZFP36L2;ATF4
GO_Biological_Process_2023,Protein Stabilization (GO:0050821),8/208,0.0012015041451903,0.0348436202105215,0,0,4.083333333333333,27.45707263218862,GRN;LAMP1;CALR;RPL17;CRYAB;NOP53;GAPDH;RTN4
GO_Biological_Process_2023,Regulation Of Intrinsic Apoptotic Signaling Pathway (GO:2001242),4/48,0.0013385699216315,0.038125339732185,0,0,9.16326530612245,60.625569437732594,CAV1;RACK1;NUPR1;P4HB
GO_Biological_Process_2023,Positive Regulation Of Membrane Depolarization (GO:1904181),2/6,0.0014535707837741,0.0406744807038549,0,0,49.98989898989899,326.6206097208578,RACK1;DCN
GO_Biological_Process_2023,Negative Regulation Of Oxidative Stress-Induced Cell Death (GO:1903202),3/23,0.0015052246919242,0.0413936790279155,0,0,15.060913705583756,97.87806321199126,HSPB1;PPIA;ATF4
GO_Biological_Process_2023,Negative Regulation Of Growth (GO:0045926),6/124,0.0015592887441538,0.0421536533377173,0,0,5.158658046479119,33.34311780301567,MT2A;CCDC85B;RACK1;MT1X;RTN4;MT1E
GO_Biological_Process_2023,Positive Regulation Of Endothelial Cell Migration (GO:0010595),5/85,0.0016330044910439,0.0432077427833647,0,0,6.32051282051282,40.560840018013536,GRN;ATP5F1A;SPARC;HSPB1;CALR
GO_Biological_Process_2023,Regulation Of Substrate Adhesion-Dependent Cell Spreading (GO:1900024),4/51,0.0016795486223,0.0432077427833647,0,0,8.577073382544507,54.80089627367308,TACSTD2;CALR;P4HB;S100A10
GO_Biological_Process_2023,Positive Regulation Of Leukocyte Mediated Cytotoxicity (GO:0001912),4/51,0.0016795486223,0.0432077427833647,0,0,8.577073382544507,54.80089627367308,LAMP1;HLA-B;HLA-C;HLA-A
GO_Biological_Process_2023,ATP Biosynthetic Process (GO:0006754),3/25,0.0019263332020576,0.0460023084282896,0,0,13.690355329949238,85.59397680666795,ATP5F1A;ATP5MC3;ATP5F1D
GO_Biological_Process_2023,Response To Zinc Ion (GO:0010043),3/25,0.0019263332020576,0.0460023084282896,0,0,13.690355329949238,85.59397680666795,MT2A;MT1X;MT1E
GO_Biological_Process_2023,Ventricular Cardiac Muscle Tissue Development (GO:0003229),3/25,0.0019263332020576,0.0460023084282896,0,0,13.690355329949238,85.59397680666795,FKBP1A;TPM1;HOPX
GO_Biological_Process_2023,Negative Regulation Of Cysteine-Type Endopeptidase Activity (GO:2000117),4/53,0.001937740092534,0.0460023084282896,0,0,8.226155768429821,51.382484683548725,CST3;SFN;GAS6;KLF4
GO_Biological_Process_2023,Regulation Of Dendritic Cell Chemotaxis (GO:2000508),2/7,0.0020216133697869,0.0460023084282896,0,0,39.98989898989899,248.09171029141777,CALR;GAS6
GO_Biological_Process_2023,Positive Regulation Of CoA-transferase Activity (GO:1905920),2/7,0.0020216133697869,0.0460023084282896,0,0,39.98989898989899,248.09171029141777,TSPO;APOE
GO_Biological_Process_2023,Positive Regulation Of Dendritic Cell Chemotaxis (GO:2000510),2/7,0.0020216133697869,0.0460023084282896,0,0,39.98989898989899,248.09171029141777,CALR;GAS6
GO_Biological_Process_2023,Regulation Of CoA-transferase Activity (GO:1905918),2/7,0.0020216133697869,0.0460023084282896,0,0,39.98989898989899,248.09171029141777,TSPO;APOE
GO_Biological_Process_2023,Ribosomal Large Subunit Biogenesis (GO:0042273),4/54,0.0020765932331265,0.0460023084282896,0,0,8.061224489795919,49.79439807569174,RPLP0;RPL23A;NOP53;RPL6
GO_Biological_Process_2023,Regulation Of Blood Vessel Endothelial Cell Migration (GO:0043535),4/54,0.0020765932331265,0.0460023084282896,0,0,8.061224489795919,49.79439807569174,ATP5F1A;GADD45A;HSPB1;APOE
GO_Biological_Process_2023,Negative Regulation Of Gene Expression (GO:0010629),10/336,0.0021175301598617,0.0461641639855608,0,0,3.144010332579916,19.35925899202042,APP;GPNMB;SERBP1;RACK1;RPL13A;APOE;CALR;KLF4;GAPDH;ZFP36L2
GO_Biological_Process_2023,Apoptotic Process (GO:0006915),8/228,0.0021417856645338,0.0461641639855608,0,0,3.7083333333333335,22.791844516389176,APP;GADD45A;MYC;IRF1;EMP2;PPIA;GAPDH;RTN4
GO_Biological_Process_2023,rRNA Metabolic Process (GO:0016072),5/91,0.0022064516446075,0.0469238716419871,0,0,5.877757901013715,35.950540003303175,RPS17;RPS16;CAVIN1;RPS6;NOP53
GO_Biological_Process_2023,Myeloid Cell Development (GO:0061515),3/27,0.0024141059150854,0.0502661018688238,0,0,12.548223350253808,75.62094298941223,APP;CEBPB;ANXA2
GO_Biological_Process_2023,Regulation Of Endothelial Cell Proliferation (GO:0001936),5/93,0.0024266394005639,0.0502661018688238,0,0,5.743589743589744,34.583577920617785,ATP5F1A;SPARC;CAV2;CAV1;APOE
GO_Biological_Process_2023,Positive Regulation Of Intracellular Signal Transduction (GO:1902533),13/525,0.0024880251749182,0.0508769250512123,0,0,2.618900401069519,15.70362339466008,APP;CAV2;CAV1;RTN4;DCN;FKBP1A;RACK1;RPL37;NUPR1;GAS6;RPL17;PPIA;GAPDH
GO_Biological_Process_2023,Negative Regulation Of Cellular Biosynthetic Process (GO:0031327),6/137,0.0025798129561998,0.0519019871140996,0,0,4.643660974266153,27.67639763160527,CAV1;SERBP1;RACK1;RPL13A;CALR;GAPDH
GO_Biological_Process_2023,T Cell Mediated Cytotoxicity (GO:0001913),2/8,0.0026777674677022,0.0519019871140996,0,0,33.323232323232325,197.36590289038227,EMP2;HLA-A
GO_Biological_Process_2023,Regulation Of Intrinsic Apoptotic Signaling Pathway By P53 Class Mediator (GO:1902253),2/8,0.0026777674677022,0.0519019871140996,0,0,33.323232323232325,197.36590289038227,EIF5A;MYC
GO_Biological_Process_2023,Negative Regulation Of Long-Term Synaptic Potentiation (GO:1900272),2/8,0.0026777674677022,0.0519019871140996,0,0,33.323232323232325,197.36590289038227,APP;APOE
GO_Biological_Process_2023,Regulation Of Phagocytosis (GO:0050764),4/58,0.0027008557557807,0.0519019871140996,0,0,7.462585034013605,44.13512048118966,SNX3;RACK1;CALR;GAS6
GO_Biological_Process_2023,Positive Regulation Of Protein Binding (GO:0032092),4/59,0.0028749370578511,0.0545895786580077,0,0,7.326530612244898,42.87283866824234,FKBP1A;APP;CAV1;APOE
GO_Biological_Process_2023,Regulation Of Muscle Contraction (GO:0006937),3/29,0.002971884860348,0.0557665453206481,0,0,11.581803982819212,67.38940857682955,CAV1;TPM1;MYL9
GO_Biological_Process_2023,Negative Regulation Of Cellular Process (GO:0048523),13/537,0.0030187796947653,0.0559878327110552,0,0,2.557333551047067,14.83995752224946,APP;TACSTD2;HOPX;RTN4;GPNMB;CCDC85B;MYC;IRF1;RACK1;IGFBP7;ANP32B;NUPR1;CRYAB
GO_Biological_Process_2023,Intracellular Monoatomic Cation Homeostasis (GO:0030003),7/190,0.0030688338534087,0.05626195397916,0,0,3.8879639853903,22.49753891451893,APP;MT2A;ARF1;MYC;CAV1;CALR;ATP1A1
GO_Biological_Process_2023,Actin Filament Organization (GO:0007015),6/144,0.0033032979122942,0.0590483120098146,0,0,4.40654415060511,25.17385499130447,MARCKS;GSN;TPM1;DSTN;EMP2;CNN3
GO_Biological_Process_2023,Regulation Of Cell Differentiation (GO:0045595),7/193,0.0033461356980412,0.0590483120098146,0,0,3.8246698980444593,21.800423827059827,CEBPB;CEBPD;EMP2;ANP32B;KLF4;HOPX;ATF4
GO_Biological_Process_2023,Actin-Mediated Cell Contraction (GO:0070252),2/9,0.0034202318391573,0.0590483120098146,0,0,28.561327561327563,162.17255858986445,GSN;EMP2
GO_Biological_Process_2023,Positive Regulation Of Epidermis Development (GO:0045684),2/9,0.0034202318391573,0.0590483120098146,0,0,28.561327561327563,162.17255858986445,SFN;KRT10
GO_Biological_Process_2023,"Regulation Of CD8-positive, Alpha-Beta T Cell Activation (GO:2001185)",2/9,0.0034202318391573,0.0590483120098146,0,0,28.561327561327563,162.17255858986445,IRF1;HLA-A
GO_Biological_Process_2023,Negative Regulation Of Kinase Activity (GO:0033673),4/62,0.0034429423303528,0.0590483120098146,0,0,6.946516537649543,39.39667426105362,GSTP1;HSPB1;SFN;PPIA
GO_Biological_Process_2023,Positive Regulation Of Mononuclear Cell Migration (GO:0071677),3/31,0.00360273455,0.0598164336024684,0,0,10.753444525018129,60.49954695168429,S100A14;CALR;GAS6
GO_Biological_Process_2023,Positive Regulation Of Macromolecule Metabolic Process (GO:0010604),10/364,0.0037514652886639,0.0598164336024684,0,0,2.891168599464764,16.148936689566114,APP;GSN;ANXA2;MYC;GAS6;KLF4;RPL17;SLC38A2;ATF4;ACTG1
GO_Biological_Process_2023,Response To Metal Ion (GO:0010038),4/64,0.0038612882755342,0.0598164336024684,0,0,6.714285714285714,37.30963669275872,CAV1;MT1X;AQP3;ATP5F1D
GO_Biological_Process_2023,Negative Regulation Of Protein Phosphorylation (GO:0001933),6/149,0.0039057622226571,0.0598164336024684,0,0,4.251387787470262,23.575230575007577,CAV1;GSTP1;RACK1;HSPB1;SFN;PPIA
GO_Biological_Process_2023,Cellular Response To Cytokine Stimulus (GO:0071345),9/308,0.0039404582784668,0.0598164336024684,0,0,3.0732283878197832,17.014800656053993,MT2A;IRF1;RPL13A;MT1X;PLP2;GAS6;GAPDH;YBX3;ZFP36L2
GO_Biological_Process_2023,Positive Regulation Of Cell Cycle (GO:0045787),4/65,0.0040828180576182,0.0598164336024684,0,0,6.603880896620943,36.32773635617284,APP;RPS15A;NUPR1;CALR
GO_Biological_Process_2023,Negative Regulation Of MAPK Cascade (GO:0043409),5/105,0.0040960318506073,0.0598164336024684,0,0,5.051282051282051,27.770618287278307,MYC;CAV1;GSTP1;APOE;PPIA
GO_Biological_Process_2023,Actin Filament Depolymerization (GO:0030042),2/10,0.0042472321345398,0.0598164336024684,0,0,24.98989898989899,136.4820277236255,GSN;DSTN
GO_Biological_Process_2023,Regulation Of Mitochondrial Depolarization (GO:0051900),2/10,0.0042472321345398,0.0598164336024684,0,0,24.98989898989899,136.4820277236255,RACK1;DCN
GO_Biological_Process_2023,Removal Of Superoxide Radicals (GO:0019430),2/10,0.0042472321345398,0.0598164336024684,0,0,24.98989898989899,136.4820277236255,PRDX2;SOD3
GO_Biological_Process_2023,Negative Regulation Of Programmed Necrotic Cell Death (GO:0062099),2/10,0.0042472321345398,0.0598164336024684,0,0,24.98989898989899,136.4820277236255,NUPR1;YBX3
GO_Biological_Process_2023,Positive Regulation Of Phospholipid Transport (GO:2001140),2/10,0.0042472321345398,0.0598164336024684,0,0,24.98989898989899,136.4820277236255,TSPO;APOE
GO_Biological_Process_2023,Positive Regulation Of Transcription From RNA Polymerase II Promoter In Response To Endoplasmic Reticulum Stress (GO:1990440),2/10,0.0042472321345398,0.0598164336024684,0,0,24.98989898989899,136.4820277236255,CEBPB;ATF4
GO_Biological_Process_2023,Purine Ribonucleoside Triphosphate Biosynthetic Process (GO:0009206),2/10,0.0042472321345398,0.0598164336024684,0,0,24.98989898989899,136.4820277236255,ATP5F1A;IMPDH2
GO_Biological_Process_2023,Receptor-Mediated Endocytosis Of Virus By Host Cell (GO:0019065),2/10,0.0042472321345398,0.0598164336024684,0,0,24.98989898989899,136.4820277236255,CAV2;CAV1
GO_Biological_Process_2023,Ventricular Cardiac Muscle Tissue Morphogenesis (GO:0055010),3/33,0.0043094538934011,0.0598164336024684,0,0,10.03553299492386,54.6629871343117,DSP;FKBP1A;TPM1
GO_Biological_Process_2023,Negative Regulation Of Blood Vessel Endothelial Cell Migration (GO:0043537),3/33,0.0043094538934011,0.0598164336024684,0,0,10.03553299492386,54.6629871343117,GADD45A;APOE;KLF4
GO_Biological_Process_2023,Negative Regulation Of Endocytosis (GO:0045806),3/33,0.0043094538934011,0.0598164336024684,0,0,10.03553299492386,54.6629871343117,SNX3;CAV1;RACK1
GO_Biological_Process_2023,Negative Regulation Of Epithelial Cell Migration (GO:0010633),3/33,0.0043094538934011,0.0598164336024684,0,0,10.03553299492386,54.6629871343117,TACSTD2;APOE;DCN
GO_Biological_Process_2023,Positive Regulation Of T Cell Mediated Cytotoxicity (GO:0001916),3/33,0.0043094538934011,0.0598164336024684,0,0,10.03553299492386,54.6629871343117,HLA-B;HLA-C;HLA-A
GO_Biological_Process_2023,Response To Reactive Oxygen Species (GO:0000302),4/66,0.004312783613971,0.0598164336024684,0,0,6.497037524687294,35.3839821166775,PRDX5;GSTP1;TPM1;APOE
GO_Biological_Process_2023,Negative Regulation Of Endopeptidase Activity (GO:0010951),4/66,0.004312783613971,0.0598164336024684,0,0,6.497037524687294,35.3839821166775,CST3;SERPINH1;SERPING1;GAPDH
GO_Biological_Process_2023,Negative Regulation Of Translation (GO:0017148),5/107,0.0044380960467656,0.0610238206430283,0,0,4.951734539969834,26.82616949537231,SERBP1;RACK1;RPL13A;CALR;GAPDH
GO_Biological_Process_2023,Regulation Of Angiogenesis (GO:0045765),7/205,0.0046506878361042,0.0634004025520193,0,0,3.5906735751295336,19.2845747303912,GRN;SPARC;GPNMB;HSPB1;EMP2;KLF4;DCN
GO_Biological_Process_2023,Positive Regulation Of Substrate Adhesion-Dependent Cell Spreading (GO:1900026),3/35,0.0050945877067937,0.066334256132629,0,0,9.407360406091373,49.666879272481374,CALR;P4HB;S100A10
GO_Biological_Process_2023,Negative Regulation Of Programmed Cell Death (GO:0043069),10/381,0.005151776678361,0.066334256132629,0,0,2.756277486168251,14.521209897444594,PRDX2;SOCS3;PRDX5;MYC;GSTP1;HSPB1;NUPR1;GAS6;CRYAB;PTMS
GO_Biological_Process_2023,Regulation Of Muscle System Process (GO:0090257),2/11,0.0051570205394645,0.066334256132629,0,0,22.21212121212121,117.00004466783103,TPM1;MYL9
GO_Biological_Process_2023,Cellular Response To Superoxide (GO:0071451),2/11,0.0051570205394645,0.066334256132629,0,0,22.21212121212121,117.00004466783103,PRDX2;SOD3
GO_Biological_Process_2023,Regulation Of Ventricular Cardiac Muscle Cell Action Potential (GO:0098911),2/11,0.0051570205394645,0.066334256132629,0,0,22.21212121212121,117.00004466783103,DSP;CAV1
GO_Biological_Process_2023,Positive Regulation Of Lipid Transport (GO:0032370),2/11,0.0051570205394645,0.066334256132629,0,0,22.21212121212121,117.00004466783103,TSPO;APOE
GO_Biological_Process_2023,Regulation Of Amyloid Precursor Protein Catabolic Process (GO:1902991),2/11,0.0051570205394645,0.066334256132629,0,0,22.21212121212121,117.00004466783103,FKBP1A;APOE
GO_Biological_Process_2023,Regulation Of T Cell Mediated Cytotoxicity (GO:0001914),3/36,0.0055172885597211,0.0702578781638156,0,0,9.121827411167512,47.43230522818489,HLA-B;HLA-C;HLA-A
GO_Biological_Process_2023,Positive Regulation Of Cellular Component Organization (GO:0051130),5/113,0.0055860139336025,0.0702578781638156,0,0,4.675213675213676,24.25262099525128,ANXA2;AHNAK;RACK1;APOE;S100A10
GO_Biological_Process_2023,Positive Regulation Of Cell-Substrate Adhesion (GO:0010811),4/71,0.0055942009572442,0.0702578781638156,0,0,6.0106609808102345,31.17143667727425,EMP2;CALR;P4HB;S100A10
GO_Biological_Process_2023,Cellular Response To Hypoxia (GO:0071456),4/72,0.005877786338127,0.0723706753472868,0,0,5.921968787515006,30.41863718634327,MYC;P4HB;AQP3;NOP53
GO_Biological_Process_2023,Negative Regulation Of Catabolic Process (GO:0009895),4/72,0.005877786338127,0.0723706753472868,0,0,5.921968787515006,30.41863718634327,CST3;SNX3;NUPR1;RPL17
GO_Biological_Process_2023,Negative Regulation Of Endothelial Cell Migration (GO:0010596),3/37,0.0059604378312344,0.0723706753472868,0,0,8.853090474768587,45.35094165112317,GADD45A;APOE;DCN
GO_Biological_Process_2023,Negative Regulation Of Stress-Activated MAPK Cascade (GO:0032873),3/37,0.0059604378312344,0.0723706753472868,0,0,8.853090474768587,45.35094165112317,GSTP1;MYC;PPIA
GO_Biological_Process_2023,Astrocyte Activation (GO:0048143),2/12,0.0061478754316609,0.0723706753472868,0,0,19.98989898989899,101.78154350719132,APP;GRN
GO_Biological_Process_2023,Defense Response To Tumor Cell (GO:0002357),2/12,0.0061478754316609,0.0723706753472868,0,0,19.98989898989899,101.78154350719132,PRDX2;KLF4
GO_Biological_Process_2023,Detection Of Bacterium (GO:0016045),2/12,0.0061478754316609,0.0723706753472868,0,0,19.98989898989899,101.78154350719132,HLA-B;HLA-A
GO_Biological_Process_2023,Negative Regulation Of Complement Activation (GO:0045916),2/12,0.0061478754316609,0.0723706753472868,0,0,19.98989898989899,101.78154350719132,SERPING1;CD59
GO_Biological_Process_2023,Cellular Response To Decreased Oxygen Levels (GO:0036294),4/73,0.0061707911267906,0.0723706753472868,0,0,5.835847382431234,29.692372629986004,MYC;P4HB;AQP3;NOP53
GO_Biological_Process_2023,Regulation Of Stress Fiber Assembly (GO:0051492),4/75,0.0067855868807455,0.078015958813396,0,0,5.670882437482035,28.314457943471623,TPM1;TACSTD2;ACTG1;S100A10
GO_Biological_Process_2023,Regulation Of Protein Tyrosine Kinase Activity (GO:0061097),3/39,0.006909073873999,0.078015958813396,0,0,8.360406091370558,41.59234877252794,APP;CAV1;GAS6
GO_Biological_Process_2023,Negative Regulation Of Ubiquitin-Dependent Protein Catabolic Process (GO:2000059),3/39,0.006909073873999,0.078015958813396,0,0,8.360406091370558,41.59234877252794,UBXN1;RPL17;NOP53
GO_Biological_Process_2023,Regulation Of Protein Kinase Activity (GO:0045859),5/119,0.0069291682629882,0.078015958813396,0,0,4.427800269905533,22.01509154079102,GSTP1;HSPB1;SFN;GAS6;PPIA
GO_Biological_Process_2023,Regulation Of Protein-Containing Complex Assembly (GO:0043254),5/119,0.0069291682629882,0.078015958813396,0,0,4.427800269905533,22.01509154079102,GSN;RACK1;APOE;CRYAB;NOP53
GO_Biological_Process_2023,Positive Regulation Of Cellular Process (GO:0048522),13/594,0.0069456214116001,0.078015958813396,0,0,2.2996217106776995,11.428300847335588,GRN;RPS9;CAVIN1;CAV1;RPS6;TPM1;EMP2;RPS15A;MYC;CALR;NUPR1;P4HB;RPL17
GO_Biological_Process_2023,Endothelial Cell Migration (GO:0043542),3/40,0.0074150224240263,0.0821316719883474,0,0,8.134037590890383,39.89133172446582,ID1;RAB13;EMP2
GO_Biological_Process_2023,Negative Regulation Of Mitotic Cell Cycle Phase Transition (GO:1901991),3/40,0.0074150224240263,0.0821316719883474,0,0,8.134037590890383,39.89133172446582,GPNMB;KLF4;ZFP36L2
GO_Biological_Process_2023,Receptor-Mediated Endocytosis (GO:0006898),5/122,0.0076789367656166,0.0844683044217829,0,0,4.313609467455621,21.004147217080448,CAV2;CAV1;CLTB;CLTA;APOE
GO_Biological_Process_2023,Negative Regulation Of Receptor Signaling Pathway Via STAT (GO:1904893),2/14,0.0083660270881822,0.091395980860621,0,0,16.656565656565657,79.67795051677446,SOCS3;CAV1
GO_Biological_Process_2023,Negative Regulation Of Multicellular Organismal Process (GO:0051241),7/231,0.008754531092666,0.0949896400870903,0,0,3.1696891191709846,15.018569868411172,GRN;GPNMB;ID1;TACSTD2;CALR;GAS6;ATF4
GO_Biological_Process_2023,Intracellular Glucose Homeostasis (GO:0001678),3/43,0.0090618828226133,0.0970047188058276,0,0,7.522842639593908,35.3850321555175,RACK1;NUCKS1;GAS6
GO_Biological_Process_2023,Positive Regulation Of T Cell Mediated Immunity (GO:0002711),3/43,0.0090618828226133,0.0970047188058276,0,0,7.522842639593908,35.3850321555175,HLA-B;HLA-C;HLA-A
GO_Biological_Process_2023,Positive Regulation Of Gene Expression (GO:0010628),11/480,0.0091532251561839,0.0973292941607564,0,0,2.3989011856815696,11.259600117002718,APP;GSN;MYC;GAS6;EEF2;KLF4;RPL17;SLC38A2;GAPDH;ATF4;ACTG1
GO_Biological_Process_2023,Regulation Of Phosphorylation (GO:0042325),4/82,0.0092528602217495,0.0977371659184804,0,0,5.160125588697017,24.16395252997982,APP;HSPB1;EMP2;NOP53
GO_Biological_Process_2023,Negative Regulation Of Phagocytosis (GO:0050765),2/15,0.0095900084936835,0.0993250879702944,0,0,15.374514374514376,71.44588341233826,SNX3;RACK1
GO_Biological_Process_2023,Protein Localization To Cell-Cell Junction (GO:0150105),2/15,0.0095900084936835,0.0993250879702944,0,0,15.374514374514376,71.44588341233826,DSP;ACTG1
GO_Biological_Process_2023,Regulation Of Amyloid Fibril Formation (GO:1905906),2/15,0.0095900084936835,0.0993250879702944,0,0,15.374514374514376,71.44588341233826,APP;CRYAB
GO_Biological_Process_2023,Regulation Of Cysteine-Type Endopeptidase Activity Involved In Apoptotic Process (GO:0043281),4/84,0.010051872319132,0.1034370087033262,0,0,5.030612244897959,23.14079802223381,MYC;SFN;GAS6;KLF4
GO_Biological_Process_2023,Regulation Of Cell Cycle (GO:0051726),8/298,0.0104477301277608,0.1054249599393704,0,0,2.80316091954023,12.786255628355695,RPS15A;GADD45A;MYC;IRF1;RACK1;CALR;NUPR1;NOP53
GO_Biological_Process_2023,mRNA Metabolic Process (GO:0016071),4/85,0.0104676198849292,0.1054249599393704,0,0,4.968253968253968,22.65259800022629,PCBP2;SRSF2;SRSF5;ZFP36L2
GO_Biological_Process_2023,Plasma Membrane Bounded Cell Projection Organization (GO:0120036),5/132,0.0105838035562714,0.1054249599393704,0,0,3.971936200282657,18.066075411006175,APP;LIMA1;TPM1;RAB13;APOE
GO_Biological_Process_2023,Ruffle Organization (GO:0031529),2/16,0.0108884250018907,0.1054249599393704,0,0,14.275613275613276,64.52655688502057,LIMA1;TPM1
GO_Biological_Process_2023,Negative Regulation Of Amyloid-Beta Formation (GO:1902430),2/16,0.0108884250018907,0.1054249599393704,0,0,14.275613275613276,64.52655688502057,APOE;RTN4
GO_Biological_Process_2023,Negative Regulation Of Chemokine Production (GO:0032682),2/16,0.0108884250018907,0.1054249599393704,0,0,14.275613275613276,64.52655688502057,GSTP1;KLF4
GO_Biological_Process_2023,Negative Regulation Of Natural Killer Cell Mediated Cytotoxicity (GO:0045953),2/16,0.0108884250018907,0.1054249599393704,0,0,14.275613275613276,64.52655688502057,HLA-B;HLA-A
GO_Biological_Process_2023,Negative Regulation Of Receptor Signaling Pathway Via JAK-STAT (GO:0046426),2/16,0.0108884250018907,0.1054249599393704,0,0,14.275613275613276,64.52655688502057,SOCS3;CAV1
GO_Biological_Process_2023,Neuron Projection Organization (GO:0106027),2/16,0.0108884250018907,0.1054249599393704,0,0,14.275613275613276,64.52655688502057,APP;ARF1
GO_Biological_Process_2023,Regulation Of Fibroblast Proliferation (GO:0048145),3/46,0.0109060303385555,0.1054249599393704,0,0,6.996930704757408,31.61520738006147,GSTP1;MYC;GAS6
GO_Biological_Process_2023,Regulation Of Signal Transduction By P53 Class Mediator (GO:1901796),3/47,0.0115653119162109,0.1111245331708216,0,0,6.83756345177665,30.49378950483647,RPL37;RPL17;NOP53
GO_Biological_Process_2023,Negative Regulation Of Neuron Death (GO:1901215),4/88,0.0117810854608779,0.1123804080195942,0,0,4.790087463556851,21.274023659747563,GRN;GPNMB;APOE;ATF4
GO_Biological_Process_2023,Positive Regulation Of Reactive Oxygen Species Metabolic Process (GO:2000379),3/48,0.0122470965035044,0.1123804080195942,0,0,6.685279187817259,29.431716933517144,CBR1;GADD45A;GSTP1
GO_Biological_Process_2023,Regulation Of Establishment Of Cell Polarity (GO:2000114),2/17,0.0122596808748648,0.1123804080195942,0,0,13.323232323232324,58.64139939765107,GSN;RACK1
GO_Biological_Process_2023,Response To Interferon-Alpha (GO:0035455),2/17,0.0122596808748648,0.1123804080195942,0,0,13.323232323232324,58.64139939765107,IFITM3;GAS6
GO_Biological_Process_2023,Ribosomal Small Subunit Assembly (GO:0000028),2/17,0.0122596808748648,0.1123804080195942,0,0,13.323232323232324,58.64139939765107,RPS5;RPSA
GO_Biological_Process_2023,Negative Regulation Of Fibroblast Proliferation (GO:0048147),2/17,0.0122596808748648,0.1123804080195942,0,0,13.323232323232324,58.64139939765107,GSTP1;MYC
GO_Biological_Process_2023,Negative Regulation Of Oxidative Stress-Induced Intrinsic Apoptotic Signaling Pathway (GO:1902176),2/17,0.0122596808748648,0.1123804080195942,0,0,13.323232323232324,58.64139939765107,HSPB1;PPIA
GO_Biological_Process_2023,Positive Regulation Of Transcription From RNA Polymerase II Promoter In Response To Stress (GO:0036003),2/17,0.0122596808748648,0.1123804080195942,0,0,13.323232323232324,58.64139939765107,CEBPB;ATF4
GO_Biological_Process_2023,Negative Regulation Of Cysteine-Type Endopeptidase Activity Involved In Apoptotic Process (GO:0043154),3/49,0.0129514996055504,0.1180436678334454,0,0,6.539615978812624,28.42472661929245,SFN;GAS6;KLF4
GO_Biological_Process_2023,Positive Regulation Of Binding (GO:0051099),4/91,0.0131959709139781,0.118135223148167,0,0,4.62420830401126,20.012850913677784,FKBP1A;APP;CAV1;APOE
GO_Biological_Process_2023,Regulation Of RNA Metabolic Process (GO:0051252),4/91,0.0131959709139781,0.118135223148167,0,0,4.62420830401126,20.012850913677784,AHNAK;FUS;PCBP2;HNRNPA1
GO_Biological_Process_2023,Regulation Of Epithelial Cell Migration (GO:0010632),3/50,0.0136786260429923,0.118135223148167,0,0,6.400151204233719,27.468942123223947,TACSTD2;EMP2;RTN4
GO_Biological_Process_2023,Positive Regulation Of Transport (GO:0051050),3/50,0.0136786260429923,0.118135223148167,0,0,6.400151204233719,27.468942123223947,CEBPB;ANXA2;APOE
GO_Biological_Process_2023,3'-UTR-mediated mRNA Stabilization (GO:0070935),2/18,0.0137022045657748,0.118135223148167,0,0,12.48989898989899,53.58414643474309,HNRNPC;YBX3
GO_Biological_Process_2023,Regulation Of Epidermal Cell Differentiation (GO:0045604),2/18,0.0137022045657748,0.118135223148167,0,0,12.48989898989899,53.58414643474309,SFN;AQP3
GO_Biological_Process_2023,Regulation Of Epithelial Cell Differentiation (GO:0030856),2/18,0.0137022045657748,0.118135223148167,0,0,12.48989898989899,53.58414643474309,CEBPB;CAV1
GO_Biological_Process_2023,Antigen Processing And Presentation Of Peptide Antigen Via MHC Class I (GO:0002474),2/18,0.0137022045657748,0.118135223148167,0,0,12.48989898989899,53.58414643474309,HLA-A;CALR
GO_Biological_Process_2023,Negative Regulation Of Amyloid Precursor Protein Catabolic Process (GO:1902992),2/18,0.0137022045657748,0.118135223148167,0,0,12.48989898989899,53.58414643474309,APOE;RTN4
GO_Biological_Process_2023,Positive Regulation Of Natural Killer Cell Activation (GO:0032816),2/18,0.0137022045657748,0.118135223148167,0,0,12.48989898989899,53.58414643474309,LAMP1;GAS6
GO_Biological_Process_2023,Regulation Of Programmed Cell Death (GO:0043067),6/195,0.0138326752667993,0.1186189088738975,0,0,3.2091310751104567,13.737397071868514,PRDX2;ANP32B;CALR;CRYAB;NOP53;RTN4
GO_Biological_Process_2023,Protein Localization To Cell Periphery (GO:1990778),5/142,0.0141638053008007,0.1204464540456682,0,0,3.680142242186038,15.666606540766953,CAV1;RAB13;EMP2;GAS6;S100A10
GO_Biological_Process_2023,Regulation Of Peptidyl-Serine Phosphorylation (GO:0033135),4/93,0.0141968234235646,0.1204464540456682,0,0,4.519834900252236,19.23070897367363,APP;CAV1;RACK1;GAS6
GO_Biological_Process_2023,Regulation Of Stress-Activated MAPK Cascade (GO:0032872),3/51,0.0144285702203611,0.1209706005843193,0,0,6.266497461928934,26.5608314530226,MYC;GSTP1;PPIA
GO_Biological_Process_2023,Cholesterol Transport (GO:0030301),3/51,0.0144285702203611,0.1209706005843193,0,0,6.266497461928934,26.5608314530226,LIMA1;CAV1;APOE
GO_Biological_Process_2023,Positive Regulation Of Transferase Activity (GO:0051347),5/143,0.014561348079652,0.1209706005843193,0,0,3.653288740245262,15.451163329551344,MYC;TSPO;APOE;RPS2;KLF4
GO_Biological_Process_2023,Vesicle Organization (GO:0016050),4/94,0.0147147933134764,0.1209706005843193,0,0,4.469387755102041,18.85590868567605,ANXA2;CAV2;CAV1;S100A10
GO_Biological_Process_2023,Negative Regulation Of DNA-templated Transcription (GO:0045892),18/1025,0.0147239502256205,0.1209706005843193,0,0,1.845728253871253,7.78579829074018,CEBPB;GADD45A;CAV1;KLF4;EID1;PRDX5;CCDC85B;MYC;NFIC;IRF1;ID1;ID3;CALR;GAS6;RPL17;CRYAB;NOP53;ATF4
GO_Biological_Process_2023,Regulation Of Proteolysis (GO:0030162),3/52,0.0152014163710364,0.1209706005843193,0,0,6.1382989744121,25.69717025640832,CST3;PERP;CAV1
GO_Biological_Process_2023,Cellular Response To Ionizing Radiation (GO:0071479),3/52,0.0152014163710364,0.1209706005843193,0,0,6.1382989744121,25.69717025640832,GADD45A;NUCKS1;CRYAB
GO_Biological_Process_2023,Negative Regulation Of Innate Immune Response (GO:0045824),3/52,0.0152014163710364,0.1209706005843193,0,0,6.1382989744121,25.69717025640832,GRN;PCBP2;SERPING1
GO_Biological_Process_2023,Regulation Of Cell Development (GO:0060284),3/52,0.0152014163710364,0.1209706005843193,0,0,6.1382989744121,25.69717025640832,GRN;ANXA2;S100A10
GO_Biological_Process_2023,Regulation Of Tissue Remodeling (GO:0034103),2/19,0.0152144484017713,0.1209706005843193,0,0,11.754604872251932,49.19901329869125,CST3;GPNMB
GO_Biological_Process_2023,Negative Regulation Of Peptidyl-Serine Phosphorylation (GO:0033137),2/19,0.0152144484017713,0.1209706005843193,0,0,11.754604872251932,49.19901329869125,GADD45A;RACK1
GO_Biological_Process_2023,Negative Regulation Of Telomere Maintenance Via Telomerase (GO:0032211),2/19,0.0152144484017713,0.1209706005843193,0,0,11.754604872251932,49.19901329869125,HNRNPC;HNRNPA1
GO_Biological_Process_2023,Positive Regulation Of Epithelial Cell Migration (GO:0010634),4/95,0.0152445709827261,0.1209706005843193,0,0,4.4200493384166855,18.491417143603503,GRN;SPARC;CALR;RTN4
GO_Biological_Process_2023,Regulation Of Protein Metabolic Process (GO:0051246),4/96,0.0157862373617276,0.1246487554057204,0,0,4.371783496007098,18.13685433330235,FKBP1A;APP;APOE;KLF4
GO_Biological_Process_2023,mRNA Stabilization (GO:0048255),3/53,0.0159972388139271,0.1250764505304599,0,0,6.01522842639594,24.875009582390742,FUS;HNRNPC;YBX3
GO_Biological_Process_2023,Negative Regulation Of Metabolic Process (GO:0009892),3/53,0.0159972388139271,0.1250764505304599,0,0,6.01522842639594,24.875009582390742,GSTP1;ID1;ATF4
GO_Biological_Process_2023,Negative Regulation Of Nucleic Acid-Templated Transcription (GO:1903507),10/456,0.0167658261471536,0.1259233943820211,0,0,2.28392730705688,9.33763723033479,EIF4A2;EID1;CCDC85B;IRF1;ID1;ID3;CALR;GAS6;KLF4;CRYAB
GO_Biological_Process_2023,T Cell Mediated Immunity (GO:0002456),2/20,0.0167948882548689,0.1259233943820211,0,0,11.1010101010101,45.36628383483138,EMP2;HLA-A
GO_Biological_Process_2023,Response To Fibroblast Growth Factor (GO:0071774),2/20,0.0167948882548689,0.1259233943820211,0,0,11.1010101010101,45.36628383483138,ZFP36L2;IER2
GO_Biological_Process_2023,Hydrogen Peroxide Catabolic Process (GO:0042744),2/20,0.0167948882548689,0.1259233943820211,0,0,11.1010101010101,45.36628383483138,PRDX2;PRDX5
GO_Biological_Process_2023,Microglial Cell Activation (GO:0001774),2/20,0.0167948882548689,0.1259233943820211,0,0,11.1010101010101,45.36628383483138,APP;GRN
GO_Biological_Process_2023,protein-DNA Complex Disassembly (GO:0032986),2/20,0.0167948882548689,0.1259233943820211,0,0,11.1010101010101,45.36628383483138,MYC;RPL17
GO_Biological_Process_2023,Regulation Of Exocytosis (GO:0017157),3/54,0.0168161021964705,0.1259233943820211,0,0,5.896984174380412,24.09164757699128,ANXA2;RAB13;S100A10
GO_Biological_Process_2023,Negative Regulation Of Protein Catabolic Process (GO:0042177),3/54,0.0168161021964705,0.1259233943820211,0,0,5.896984174380412,24.09164757699128,CST3;SNX3;ANXA2
GO_Biological_Process_2023,Positive Regulation Of Leukocyte Chemotaxis (GO:0002690),3/54,0.0168161021964705,0.1259233943820211,0,0,5.896984174380412,24.09164757699128,S100A14;CALR;GAS6
GO_Biological_Process_2023,Negative Regulation Of DNA-binding Transcription Factor Activity (GO:0043433),5/149,0.0171044362969275,0.1274839995028011,0,0,3.5,14.239460957930143,ID1;ID3;NUPR1;GAS6;KLF4
GO_Biological_Process_2023,Regulation Of Protein Phosphorylation (GO:0001932),7/265,0.0175090513330999,0.1298927296571836,0,0,2.7471984576454997,11.112520266650476,APP;GPNMB;RACK1;HSPB1;GAS6;PPIA;NOP53
GO_Biological_Process_2023,Negative Regulation Of Cell Differentiation (GO:0045596),6/207,0.01804534234375,0.1328430820188417,0,0,3.015694722264964,12.10761524119967,CCDC85B;CAV1;ANP32B;CALR;ZFP36L2;HOPX
GO_Biological_Process_2023,ncRNA Processing (GO:0034470),4/100,0.0180733221304631,0.1328430820188417,0,0,4.188775510204081,16.81088959163861,RPS17;RPS16;RPS6;NOP53
GO_Biological_Process_2023,Regulation Of Gene Expression (GO:0010468),19/1127,0.0182190784800513,0.1330830888809749,0,0,1.7708877675170034,7.09291192226767,APP;CEBPB;GSN;AHNAK;FUS;KLF4;YBX3;RPL6;ACTG1;MYC;PCBP2;RACK1;APOE;CALR;GAS6;HNRNPA1;RPL17;SLC38A2;ATF4
GO_Biological_Process_2023,Response To Cadmium Ion (GO:0046686),2/21,0.0184420232483939,0.1330830888809749,0,0,10.516214779372676,41.9925427496273,MT1X;MT1E
GO_Biological_Process_2023,Modulation By Host Of Viral Genome Replication (GO:0044827),2/21,0.0184420232483939,0.1330830888809749,0,0,10.516214779372676,41.9925427496273,EEF1A1;NUCKS1
GO_Biological_Process_2023,Negative Regulation Of Tumor Necrosis Factor-Mediated Signaling Pathway (GO:0010804),2/21,0.0184420232483939,0.1330830888809749,0,0,10.516214779372676,41.9925427496273,GSTP1;GAS6
GO_Biological_Process_2023,Cellular Response To Peptide (GO:1901653),3/56,0.018523163468073,0.1330830888809749,0,0,5.6738818120869645,22.631601044641528,APP;CAV1;RPL17
GO_Biological_Process_2023,rRNA Processing (GO:0006364),4/101,0.018675559558893,0.1335763116432033,0,0,4.145381864085841,16.500856606672546,RPS17;RPS16;RPS6;NOP53
GO_Biological_Process_2023,Regulation Of RNA Splicing (GO:0043484),4/102,0.0192901194103944,0.1373559841945496,0,0,4.102873802582257,16.19881151232085,AHNAK;FUS;HNRNPA1;SLC38A2
GO_Biological_Process_2023,Cellular Response To Growth Factor Stimulus (GO:0071363),5/155,0.0199263415207939,0.1397662122609929,0,0,3.358974358974359,13.152778650631731,EEF1A1;RACK1;HSPB1;KLF4;ZFP36L2
GO_Biological_Process_2023,Blood Vessel Endothelial Cell Migration (GO:0043534),2/22,0.0201543754357544,0.1397662122609929,0,0,9.98989898989899,39.00390099361183,ID1;EMP2
GO_Biological_Process_2023,Cellular Response To Cadmium Ion (GO:0071276),2/22,0.0201543754357544,0.1397662122609929,0,0,9.98989898989899,39.00390099361183,MT1X;MT1E
GO_Biological_Process_2023,Response To Gamma Radiation (GO:0010332),2/22,0.0201543754357544,0.1397662122609929,0,0,9.98989898989899,39.00390099361183,MYC;CRYAB
GO_Biological_Process_2023,Modulation By Host Of Viral Process (GO:0044788),2/22,0.0201543754357544,0.1397662122609929,0,0,9.98989898989899,39.00390099361183,CAV2;NUCKS1
GO_Biological_Process_2023,Positive Regulation Of Cholesterol Efflux (GO:0010875),2/22,0.0201543754357544,0.1397662122609929,0,0,9.98989898989899,39.00390099361183,CAV1;APOE
GO_Biological_Process_2023,Regulation Of Neuron Apoptotic Process (GO:0043523),4/105,0.0212083578189702,0.1461463370285911,0,0,3.980400080824409,15.337914209660529,GRN;NUPR1;APOE;ATF4
GO_Biological_Process_2023,Negative Regulation Of Protein-Containing Complex Assembly (GO:0031333),3/59,0.0212576490223405,0.1461463370285911,0,0,5.369108049311095,20.676641778420727,RPL13A;CRYAB;NOP53
GO_Biological_Process_2023,Positive Regulation Of Neuron Apoptotic Process (GO:0043525),2/23,0.02193048949736,0.1501250246707694,0,0,9.513708513708512,36.34120010270031,GRN;NUPR1
GO_Biological_Process_2023,protein-DNA Complex Organization (GO:0071824),3/60,0.0222156039824466,0.1514268732991558,0,0,5.274646005877639,20.080368230600836,MYC;NUCKS1;RPL17
GO_Biological_Process_2023,Negative Regulation Of Intrinsic Apoptotic Signaling Pathway (GO:2001243),3/61,0.0231968013804758,0.1574421200079105,0,0,5.183441274286714,19.50912983009035,HSPB1;YBX3;PPIA
GO_Biological_Process_2023,Regulation Of Macromolecule Metabolic Process (GO:0060255),5/162,0.0235849453451751,0.1591152385202668,0,0,3.208067940552017,12.02110113138322,APP;MYC;PCBP2;APOE;YBX3
GO_Biological_Process_2023,ERK1 And ERK2 Cascade (GO:0070371),2/24,0.0237689324469591,0.1591152385202668,0,0,9.08080808080808,33.956554984338226,MYC;ZFP36L2
GO_Biological_Process_2023,Regulation Of Ruffle Assembly (GO:1900027),2/24,0.0237689324469591,0.1591152385202668,0,0,9.08080808080808,33.956554984338226,CAV1;TACSTD2
GO_Biological_Process_2023,Negative Regulation Of Developmental Process (GO:0051093),4/109,0.0239421048557141,0.1591152385202668,0,0,3.82798833819242,14.28649905351405,CST3;ANP32B;GAS6;HOPX
GO_Biological_Process_2023,Positive Regulation Of Cysteine-Type Endopeptidase Activity Involved In Apoptotic Process (GO:0043280),4/109,0.0239421048557141,0.1591152385202668,0,0,3.82798833819242,14.28649905351405,GSN;MYC;RACK1;ANP32B
GO_Biological_Process_2023,Positive Regulation Of Apoptotic Signaling Pathway (GO:2001235),3/62,0.0242012368323431,0.1601700114007772,0,0,5.095328228512432,18.96150754157799,CAV1;RACK1;NUPR1
GO_Biological_Process_2023,Regulation Of Cellular Catabolic Process (GO:0031329),3/63,0.0252288983054118,0.1637637113826612,0,0,5.01015228426396,18.43618393885774,PSAP;HSPB1;NUPR1
GO_Biological_Process_2023,Negative Regulation Of Inflammatory Response (GO:0050728),4/111,0.0253853633106351,0.1637637113826612,0,0,3.75605569330536,13.798180534058352,GRN;GSTP1;APOE;KLF4
GO_Biological_Process_2023,Activation Of Protein Kinase B Activity (GO:0032148),2/25,0.0256682933201663,0.1637637113826612,0,0,8.685551163812033,31.810820468950148,GAS6;PPIA
GO_Biological_Process_2023,Regulation Of Monocyte Chemotaxis (GO:0090025),2/25,0.0256682933201663,0.1637637113826612,0,0,8.685551163812033,31.810820468950148,S100A14;NBL1
GO_Biological_Process_2023,Cellular Response To Hexose Stimulus (GO:0071331),2/25,0.0256682933201663,0.1637637113826612,0,0,8.685551163812033,31.810820468950148,RACK1;GAS6
GO_Biological_Process_2023,Negative Regulation Of Protein Transport (GO:0051224),2/25,0.0256682933201663,0.1637637113826612,0,0,8.685551163812033,31.810820468950148,SNX3;APOE
GO_Biological_Process_2023,Negative Regulation Of Response To Endoplasmic Reticulum Stress (GO:1903573),2/25,0.0256682933201663,0.1637637113826612,0,0,8.685551163812033,31.810820468950148,UBXN1;RACK1
GO_Biological_Process_2023,Negative Regulation Of Telomere Maintenance Via Telomere Lengthening (GO:1904357),2/25,0.0256682933201663,0.1637637113826612,0,0,8.685551163812033,31.810820468950148,HNRNPC;HNRNPA1
GO_Biological_Process_2023,Regulation Of Biomineral Tissue Development (GO:0070167),2/25,0.0256682933201663,0.1637637113826612,0,0,8.685551163812033,31.810820468950148,CEBPB;GAS6
GO_Biological_Process_2023,Positive Regulation Of DNA Biosynthetic Process (GO:2000573),3/65,0.0273538141573354,0.1728053204963758,0,0,4.848043229081382,17.447619395780233,MYC;HNRNPA1;KLF4
GO_Biological_Process_2023,Regulation Of Transcription By RNA Polymerase III (GO:0006359),2/26,0.0276271829006745,0.1728053204963758,0,0,8.323232323232324,29.871707121892776,PRDX5;ZFP36L2
GO_Biological_Process_2023,Cellular Response To Xenobiotic Stimulus (GO:0071466),2/26,0.0276271829006745,0.1728053204963758,0,0,8.323232323232324,29.871707121892776,MYC;GAS6
GO_Biological_Process_2023,Negative Regulation Of Receptor-Mediated Endocytosis (GO:0048261),2/26,0.0276271829006745,0.1728053204963758,0,0,8.323232323232324,29.871707121892776,APP;ANXA2
GO_Biological_Process_2023,Regulation Of Cardiac Muscle Cell Contraction (GO:0086004),2/26,0.0276271829006745,0.1728053204963758,0,0,8.323232323232324,29.871707121892776,DSP;CAV1
GO_Biological_Process_2023,Cellular Response To Type II Interferon (GO:0071346),3/66,0.0284510080327513,0.1772631164540562,0,0,4.7708484408992025,16.982177034654356,IRF1;RPL13A;GAPDH
GO_Biological_Process_2023,Regulation Of Peptidase Activity (GO:0052547),2/27,0.0296442334084981,0.1811592041630444,0,0,7.98989898989899,28.11236101024157,CST3;CAV1
GO_Biological_Process_2023,Cellular Response To Epidermal Growth Factor Stimulus (GO:0071364),2/27,0.0296442334084981,0.1811592041630444,0,0,7.98989898989899,28.11236101024157,EEF1A1;ZFP36L2
GO_Biological_Process_2023,Clathrin-Dependent Endocytosis (GO:0072583),2/27,0.0296442334084981,0.1811592041630444,0,0,7.98989898989899,28.11236101024157,CLTB;CLTA
GO_Biological_Process_2023,Peptide Cross-Linking (GO:0018149),2/27,0.0296442334084981,0.1811592041630444,0,0,7.98989898989899,28.11236101024157,DSP;KRT10
GO_Biological_Process_2023,Peptidyl-Proline Modification (GO:0018208),2/27,0.0296442334084981,0.1811592041630444,0,0,7.98989898989899,28.11236101024157,FKBP1A;PPIA
GO_Biological_Process_2023,Intermediate Filament Organization (GO:0045109),3/68,0.0307146647785553,0.1869843142053275,0,0,4.623584537290121,16.10401456697529,DSP;KRT14;KRT10
GO_Biological_Process_2023,Regulation Of Protein Binding (GO:0043393),4/118,0.0308434213140434,0.1870542091098832,0,0,3.524167561761547,12.259986178472978,FKBP1A;APP;CAV1;RACK1
GO_Biological_Process_2023,Positive Regulation Of Angiogenesis (GO:0045766),4/119,0.0316752226302636,0.1894770287858214,0,0,3.4933451641526174,12.059797873871938,GRN;HSPB1;EMP2;KLF4
GO_Biological_Process_2023,Positive Regulation Of Fibroblast Proliferation (GO:0048146),2/28,0.0317180982356202,0.1894770287858214,0,0,7.682206682206682,26.51027997028578,MYC;GAS6
GO_Biological_Process_2023,Protein Depolymerization (GO:0051261),2/28,0.0317180982356202,0.1894770287858214,0,0,7.682206682206682,26.51027997028578,GSN;DSTN
GO_Biological_Process_2023,Regulation Of Cardiac Muscle Cell Action Potential (GO:0098901),2/28,0.0317180982356202,0.1894770287858214,0,0,7.682206682206682,26.51027997028578,DSP;CAV1
GO_Biological_Process_2023,Regulation Of Endopeptidase Activity (GO:0052548),3/69,0.0318810265797797,0.1897396917714505,0,0,4.553299492385787,15.689505426965288,SERPINH1;SERPING1;GAPDH
GO_Biological_Process_2023,Regulation Of Developmental Growth (GO:0048638),2/29,0.0338474516440146,0.1970316984386982,0,0,7.397306397306397,25.046477343523872,APP;APOE
GO_Biological_Process_2023,Response To Interferon-Beta (GO:0035456),2/29,0.0338474516440146,0.1970316984386982,0,0,7.397306397306397,25.046477343523872,IFITM3;IRF1
GO_Biological_Process_2023,Response To Steroid Hormone (GO:0048545),2/29,0.0338474516440146,0.1970316984386982,0,0,7.397306397306397,25.046477343523872,CAV1;ATP1A1
GO_Biological_Process_2023,Integrated Stress Response Signaling (GO:0140467),2/29,0.0338474516440146,0.1970316984386982,0,0,7.397306397306397,25.046477343523872,CEBPB;CEBPD
GO_Biological_Process_2023,mRNA Splice Site Recognition (GO:0006376),2/29,0.0338474516440146,0.1970316984386982,0,0,7.397306397306397,25.046477343523872,HNRNPC;SRSF5
GO_Biological_Process_2023,Regulation Of Blood Coagulation (GO:0030193),2/29,0.0338474516440146,0.1970316984386982,0,0,7.397306397306397,25.046477343523872,CAV1;APOE
GO_Biological_Process_2023,Negative Regulation Of Supramolecular Fiber Organization (GO:1902904),3/71,0.0342825169101805,0.198838598079047,0,0,4.418931024186325,14.905583581524706,LIMA1;APOE;CRYAB
GO_Biological_Process_2023,Regulation Of Autophagy (GO:0010506),6/241,0.0345449269791902,0.1996346323616247,0,0,2.5749067778021497,8.665834781090904,EEF1A1;PSAP;HSPB1;NUPR1;GAPDH;DCN
GO_Biological_Process_2023,Regulation Of Cellular Localization (GO:0060341),3/72,0.0355175071354049,0.2023571360985067,0,0,4.354667843743103,14.534703522115317,FKBP1A;GSN;RACK1
GO_Biological_Process_2023,Cholesterol Homeostasis (GO:0042632),3/72,0.0355175071354049,0.2023571360985067,0,0,4.354667843743103,14.534703522115317,LIMA1;CAV1;APOE
GO_Biological_Process_2023,Regulation Of Vasculature Development (GO:1901342),2/30,0.0360309884965366,0.2023571360985067,0,0,7.132756132756133,23.70482996930019,GPNMB;EMP2
GO_Biological_Process_2023,Response To Epidermal Growth Factor (GO:0070849),2/30,0.0360309884965366,0.2023571360985067,0,0,7.132756132756133,23.70482996930019,EEF1A1;ZFP36L2
GO_Biological_Process_2023,Intrinsic Apoptotic Signaling Pathway In Response To Endoplasmic Reticulum Stress (GO:0070059),2/30,0.0360309884965366,0.2023571360985067,0,0,7.132756132756133,23.70482996930019,CEBPB;ATF4
GO_Biological_Process_2023,"Maturation Of SSU-rRNA From Tricistronic rRNA Transcript (SSU-rRNA, 5.8S rRNA, LSU-rRNA) (GO:0000462)",2/30,0.0360309884965366,0.2023571360985067,0,0,7.132756132756133,23.70482996930019,RPS16;RPS8
GO_Biological_Process_2023,Negative Regulation Of Interleukin-1 Production (GO:0032692),2/30,0.0360309884965366,0.2023571360985067,0,0,7.132756132756133,23.70482996930019,GSTP1;GAS6
GO_Biological_Process_2023,Negative Regulation Of Peptidyl-Tyrosine Phosphorylation (GO:0050732),2/30,0.0360309884965366,0.2023571360985067,0,0,7.132756132756133,23.70482996930019,SOCS3;CAV1
GO_Biological_Process_2023,Sterol Homeostasis (GO:0055092),3/73,0.0367752254746638,0.2050926036087023,0,0,4.292240754169688,14.17697453700434,LIMA1;CAV1;APOE
GO_Biological_Process_2023,Positive Regulation Of Secretion By Cell (GO:1903532),3/73,0.0367752254746638,0.2050926036087023,0,0,4.292240754169688,14.17697453700434,ANXA2;PPIA;S100A10
GO_Biological_Process_2023,Negative Regulation Of Cell Population Proliferation (GO:0008285),8/379,0.037268448467416,0.2071190777196115,0,0,2.1820530098831985,7.178099465172816,APP;GPNMB;MYC;GSTP1;IRF1;IGFBP7;APOE;NUPR1
GO_Biological_Process_2023,Regulation Of mRNA Stability (GO:0043488),3/74,0.0380555884306284,0.2090292508435528,0,0,4.231572174161721,13.83177100318916,FUS;SERBP1;ZFP36L2
GO_Biological_Process_2023,Regulation Of Long-Term Synaptic Potentiation (GO:1900271),2/31,0.0382674239788824,0.2090292508435528,0,0,6.886450714036921,22.47156498788087,APP;APOE
GO_Biological_Process_2023,Cardiac Muscle Tissue Morphogenesis (GO:0055008),2/31,0.0382674239788824,0.2090292508435528,0,0,6.886450714036921,22.47156498788087,FKBP1A;TPM1
GO_Biological_Process_2023,Negative Regulation Of DNA Biosynthetic Process (GO:2000279),2/31,0.0382674239788824,0.2090292508435528,0,0,6.886450714036921,22.47156498788087,HNRNPC;HNRNPA1
GO_Biological_Process_2023,Positive Regulation Of Cholesterol Transport (GO:0032376),2/31,0.0382674239788824,0.2090292508435528,0,0,6.886450714036921,22.47156498788087,CAV1;APOE
GO_Biological_Process_2023,Regulation Of Tumor Necrosis Factor Production (GO:0032680),4/127,0.0388026991948337,0.2112297106339928,0,0,3.264808362369338,10.608229071142864,APP;GSTP1;HSPB1;GAS6
GO_Biological_Process_2023,Regulation Of Fat Cell Differentiation (GO:0045598),3/75,0.0393585070908985,0.2135265945917795,0,0,4.1725888324873095,13.498504866555718,CEBPB;CCDC85B;ZFP36L2
GO_Biological_Process_2023,Regulation Of Cholesterol Efflux (GO:0010874),2/32,0.0405554933220173,0.2141867375159278,0,0,6.656565656565657,21.334852328849312,CAV1;APOE
GO_Biological_Process_2023,Vesicle Budding From Membrane (GO:0006900),2/32,0.0405554933220173,0.2141867375159278,0,0,6.656565656565657,21.334852328849312,SNX3;S100A10
GO_Biological_Process_2023,Negative Regulation Of G1/S Transition Of Mitotic Cell Cycle (GO:2000134),2/32,0.0405554933220173,0.2141867375159278,0,0,6.656565656565657,21.334852328849312,GPNMB;KLF4
GO_Biological_Process_2023,Negative Regulation Of Fat Cell Differentiation (GO:0045599),2/32,0.0405554933220173,0.2141867375159278,0,0,6.656565656565657,21.334852328849312,CCDC85B;ZFP36L2
GO_Biological_Process_2023,Negative Regulation Of Proteasomal Ubiquitin-Dependent Protein Catabolic Process (GO:0032435),2/32,0.0405554933220173,0.2141867375159278,0,0,6.656565656565657,21.334852328849312,UBXN1;NOP53
GO_Biological_Process_2023,Regulation Of Calcium Ion Transmembrane Transporter Activity (GO:1901019),2/32,0.0405554933220173,0.2141867375159278,0,0,6.656565656565657,21.334852328849312,FKBP1A;AHNAK
GO_Biological_Process_2023,Actomyosin Structure Organization (GO:0031032),3/77,0.0420316296186853,0.2141867375159278,0,0,4.059404582247222,12.865604326296657,PDLIM1;TPM1;MYL9
GO_Biological_Process_2023,Negative Regulation Of Blood Vessel Morphogenesis (GO:2000181),3/77,0.0420316296186853,0.2141867375159278,0,0,4.059404582247222,12.865604326296657,SPARC;KLF4;DCN
GO_Biological_Process_2023,Actin Filament Bundle Assembly (GO:0051017),2/33,0.0428939515536669,0.2141867375159278,0,0,6.4415118931247966,20.28447846195992,LIMA1;CALD1
GO_Biological_Process_2023,Actin Filament Bundle Organization (GO:0061572),2/33,0.0428939515536669,0.2141867375159278,0,0,6.4415118931247966,20.28447846195992,LIMA1;CALD1
GO_Biological_Process_2023,Regulation Of Potassium Ion Transmembrane Transport (GO:1901379),2/33,0.0428939515536669,0.2141867375159278,0,0,6.4415118931247966,20.28447846195992,CAV1;GNB2
GO_Biological_Process_2023,Cardiac Muscle Contraction (GO:0060048),2/33,0.0428939515536669,0.2141867375159278,0,0,6.4415118931247966,20.28447846195992,GSN;TPM1
GO_Biological_Process_2023,Positive Regulation Of Nitrogen Compound Metabolic Process (GO:0051173),2/33,0.0428939515536669,0.2141867375159278,0,0,6.4415118931247966,20.28447846195992,APP;KLF4
GO_Biological_Process_2023,Positive Regulation Of Small Molecule Metabolic Process (GO:0062013),2/33,0.0428939515536669,0.2141867375159278,0,0,6.4415118931247966,20.28447846195992,APP;APOE
GO_Biological_Process_2023,Positive Regulation Of Telomerase Activity (GO:0051973),2/33,0.0428939515536669,0.2141867375159278,0,0,6.4415118931247966,20.28447846195992,MYC;KLF4
GO_Biological_Process_2023,Regulation Of Amyloid-Beta Formation (GO:1902003),2/33,0.0428939515536669,0.2141867375159278,0,0,6.4415118931247966,20.28447846195992,APOE;RTN4
GO_Biological_Process_2023,Negative Regulation Of Transcription By RNA Polymerase II (GO:0000122),13/763,0.0434533444256717,0.2141867375159278,0,0,1.7657754010695188,5.537590774156362,CEBPB;GADD45A;CAV1;KLF4;EID1;MYC;NFIC;ID1;ID3;CALR;RPL17;NOP53;ATF4
GO_Biological_Process_2023,Epithelial Cell Differentiation (GO:0030855),4/132,0.0436861216677212,0.2141867375159278,0,0,3.1364795918367347,9.819454472009996,CBR1;KRT14;KRT10;CNN3
GO_Biological_Process_2023,Transcription By RNA Polymerase II (GO:0006366),5/192,0.0440298872906311,0.2141867375159278,0,0,2.689291101055807,8.398351194214666,ANXA2;CEBPD;NFIC;ATF4;S100A10
GO_Biological_Process_2023,Protein Localization To Membrane (GO:0072657),5/192,0.0440298872906311,0.2141867375159278,0,0,2.689291101055807,8.398351194214666,CAV1;RAB13;EMP2;GAS6;S100A10
GO_Biological_Process_2023,Regulation Of Cell Population Proliferation (GO:0042127),13/766,0.0445895088813978,0.2141867375159278,0,0,1.7584634723139527,5.469272751630303,APP;RPS9;RPS6;EMP2;RPS15A;GPNMB;MYC;IRF1;TSPO;IGFBP7;CALR;NUPR1;RPL17
GO_Biological_Process_2023,Positive Regulation Of Endocytosis (GO:0045807),3/79,0.044793779119631,0.2141867375159278,0,0,3.952177397809244,12.274222046062532,APOE;CALR;GAS6
GO_Biological_Process_2023,Regulation Of Signal Transduction (GO:0009966),5/193,0.0448497130279265,0.2141867375159278,0,0,2.674849972722313,8.30390613763502,SNX3;APP;NUCKS1;IGFBP7;PPIA
GO_Biological_Process_2023,Regulation Of Neuronal Synaptic Plasticity (GO:0048168),2/34,0.0452815731960364,0.2141867375159278,0,0,6.23989898989899,19.311583224616665,APP;APOE
GO_Biological_Process_2023,Cellular Response To Glucose Stimulus (GO:0071333),2/34,0.0452815731960364,0.2141867375159278,0,0,6.23989898989899,19.311583224616665,RACK1;GAS6
GO_Biological_Process_2023,Superoxide Metabolic Process (GO:0006801),2/34,0.0452815731960364,0.2141867375159278,0,0,6.23989898989899,19.311583224616665,PRDX2;SOD3
GO_Biological_Process_2023,Positive Regulation Of Neuron Death (GO:1901216),2/34,0.0452815731960364,0.2141867375159278,0,0,6.23989898989899,19.311583224616665,GRN;NUPR1
GO_Biological_Process_2023,Calcium Ion Transmembrane Transport (GO:0070588),3/80,0.0462079634844281,0.2141867375159278,0,0,3.90065264684554,11.99295882125826,FKBP1A;SMDT1;GAS6
GO_Biological_Process_2023,Response To Type II Interferon (GO:0034341),3/80,0.0462079634844281,0.2141867375159278,0,0,3.90065264684554,11.99295882125826,IFITM3;RPL13A;GAPDH
GO_Biological_Process_2023,Wound Healing (GO:0042060),3/80,0.0462079634844281,0.2141867375159278,0,0,3.90065264684554,11.99295882125826,DSP;DST;TPM1
GO_Biological_Process_2023,Negative Regulation Of Protein Serine/Threonine Kinase Activity (GO:0071901),3/80,0.0462079634844281,0.2141867375159278,0,0,3.90065264684554,11.99295882125826,GADD45A;GSTP1;APOE
GO_Biological_Process_2023,Cellular Component Assembly (GO:0022607),6/260,0.0470054187272633,0.2141867375159278,0,0,2.3799821414075817,7.276777290088426,LIMA1;GSN;CALD1;KRT14;GAS6;RTN4
GO_Biological_Process_2023,Positive Regulation Of Protein Metabolic Process (GO:0051247),5/196,0.0473638797466086,0.2141867375159278,0,0,2.632433883742784,8.02864791763926,APP;PERP;APOE;EEF2;KLF4
GO_Biological_Process_2023,Activation Of Protein Kinase Activity (GO:0032147),3/81,0.047644064808467,0.2141867375159278,0,0,3.850449043342445,11.720756163276285,EMP2;GAS6;PPIA
GO_Biological_Process_2023,Hexose Biosynthetic Process (GO:0019319),2/35,0.0477171520360592,0.2141867375159278,0,0,6.05050505050505,18.408446001894514,MDH2;ATF4
GO_Biological_Process_2023,Negative Regulation Of Cell Cycle G1/S Phase Transition (GO:1902807),2/35,0.0477171520360592,0.2141867375159278,0,0,6.05050505050505,18.408446001894514,GPNMB;KLF4
GO_Biological_Process_2023,Regulation Of Axon Extension (GO:0030516),2/35,0.0477171520360592,0.2141867375159278,0,0,6.05050505050505,18.408446001894514,APOE;RTN4
GO_Biological_Process_2023,Regulation Of Protein Kinase B Signaling (GO:0051896),4/136,0.0478304724158974,0.2141867375159278,0,0,3.0408163265306123,9.24436243489024,RACK1;GAS6;NOP53;RTN4
GO_Biological_Process_2023,Protein Localization To Plasma Membrane (GO:0072659),4/137,0.048899497362236,0.2141867375159278,0,0,3.017799601043425,9.10768346956255,RAB13;EMP2;GAS6;S100A10
GO_Biological_Process_2023,B Cell Chemotaxis (GO:0035754),1/5,0.049014519870416,0.2141867375159278,0,0,24.86934673366834,74.99696447567176,GAS6
GO_Biological_Process_2023,Regulation Of Establishment Of T Cell Polarity (GO:1903903),1/5,0.049014519870416,0.2141867375159278,0,0,24.86934673366834,74.99696447567176,GSN
GO_Biological_Process_2023,His-Purkinje System Development (GO:0003164),1/5,0.049014519870416,0.2141867375159278,0,0,24.86934673366834,74.99696447567176,HOPX
GO_Biological_Process_2023,Regulation Of Glomerular Filtration (GO:0003093),1/5,0.049014519870416,0.2141867375159278,0,0,24.86934673366834,74.99696447567176,GAS6
GO_Biological_Process_2023,PML Body Organization (GO:0030578),1/5,0.049014519870416,0.2141867375159278,0,0,24.86934673366834,74.99696447567176,SERBP1
GO_Biological_Process_2023,Regulation Of Morphogenesis Of A Branching Structure (GO:0060688),1/5,0.049014519870416,0.2141867375159278,0,0,24.86934673366834,74.99696447567176,RTN4
GO_Biological_Process_2023,Regulation Of Neutrophil Activation (GO:1902563),1/5,0.049014519870416,0.2141867375159278,0,0,24.86934673366834,74.99696447567176,GRN
GO_Biological_Process_2023,Axo-Dendritic Transport (GO:0008088),1/5,0.049014519870416,0.2141867375159278,0,0,24.86934673366834,74.99696447567176,APP
GO_Biological_Process_2023,Bundle Of His cell-Purkinje Myocyte Adhesion Involved In Cell Communication (GO:0086073),1/5,0.049014519870416,0.2141867375159278,0,0,24.86934673366834,74.99696447567176,DSP
GO_Biological_Process_2023,Cellular Response To Granulocyte Macrophage Colony-Stimulating Factor Stimulus (GO:0097011),1/5,0.049014519870416,0.2141867375159278,0,0,24.86934673366834,74.99696447567176,ZFP36L2
GO_Biological_Process_2023,Regulation Of Type B Pancreatic Cell Proliferation (GO:0061469),1/5,0.049014519870416,0.2141867375159278,0,0,24.86934673366834,74.99696447567176,NUPR1
GO_Biological_Process_2023,Renal System Process Involved In Regulation Of Blood Volume (GO:0001977),1/5,0.049014519870416,0.2141867375159278,0,0,24.86934673366834,74.99696447567176,EMP2
GO_Biological_Process_2023,Response To Granulocyte Macrophage Colony-Stimulating Factor (GO:0097012),1/5,0.049014519870416,0.2141867375159278,0,0,24.86934673366834,74.99696447567176,ZFP36L2
GO_Biological_Process_2023,Glycolipid Transport (GO:0046836),1/5,0.049014519870416,0.2141867375159278,0,0,24.86934673366834,74.99696447567176,PSAP
GO_Biological_Process_2023,Ventricular Compact Myocardium Morphogenesis (GO:0003223),1/5,0.049014519870416,0.2141867375159278,0,0,24.86934673366834,74.99696447567176,DSP
GO_Biological_Process_2023,Insulin Processing (GO:0030070),1/5,0.049014519870416,0.2141867375159278,0,0,24.86934673366834,74.99696447567176,P4HB
GO_Biological_Process_2023,Lipoprotein Metabolic Process (GO:0042157),1/5,0.049014519870416,0.2141867375159278,0,0,24.86934673366834,74.99696447567176,APOE
GO_Biological_Process_2023,Mesodermal Cell Fate Commitment (GO:0001710),1/5,0.049014519870416,0.2141867375159278,0,0,24.86934673366834,74.99696447567176,KLF4
GO_Biological_Process_2023,Negative Regulation Of ERAD Pathway (GO:1904293),1/5,0.049014519870416,0.2141867375159278,0,0,24.86934673366834,74.99696447567176,UBXN1
GO_Biological_Process_2023,Negative Regulation Of Actin Filament Depolymerization (GO:0030835),1/5,0.049014519870416,0.2141867375159278,0,0,24.86934673366834,74.99696447567176,LIMA1
GO_Biological_Process_2023,Negative Regulation Of Cardiac Muscle Cell Apoptotic Process (GO:0010667),1/5,0.049014519870416,0.2141867375159278,0,0,24.86934673366834,74.99696447567176,NUPR1
GO_Biological_Process_2023,Negative Regulation Of Monocyte Chemotaxis (GO:0090027),1/5,0.049014519870416,0.2141867375159278,0,0,24.86934673366834,74.99696447567176,NBL1
GO_Biological_Process_2023,Negative Regulation Of Morphogenesis Of An Epithelium (GO:1905331),1/5,0.049014519870416,0.2141867375159278,0,0,24.86934673366834,74.99696447567176,TACSTD2
GO_Biological_Process_2023,Negative Regulation Of Protein Polyubiquitination (GO:1902915),1/5,0.049014519870416,0.2141867375159278,0,0,24.86934673366834,74.99696447567176,PPIA
GO_Biological_Process_2023,Negative Regulation Of Trophoblast Cell Migration (GO:1901164),1/5,0.049014519870416,0.2141867375159278,0,0,24.86934673366834,74.99696447567176,CALR
GO_Biological_Process_2023,Plasma Membrane Raft Organization (GO:0044857),1/5,0.049014519870416,0.2141867375159278,0,0,24.86934673366834,74.99696447567176,EMP2
GO_Biological_Process_2023,Positive Regulation Of Gap Junction Assembly (GO:1903598),1/5,0.049014519870416,0.2141867375159278,0,0,24.86934673366834,74.99696447567176,CAV1
GO_Biological_Process_2023,Positive Regulation Of Hemoglobin Biosynthetic Process (GO:0046985),1/5,0.049014519870416,0.2141867375159278,0,0,24.86934673366834,74.99696447567176,KLF4
GO_Biological_Process_2023,Positive Regulation Of Intrinsic Apoptotic Signaling Pathway By P53 Class Mediator (GO:1902255),1/5,0.049014519870416,0.2141867375159278,0,0,24.86934673366834,74.99696447567176,MYC
GO_Biological_Process_2023,Positive Regulation Of Vesicle Fusion (GO:0031340),1/5,0.049014519870416,0.2141867375159278,0,0,24.86934673366834,74.99696447567176,ANXA2
GO_Biological_Process_2023,Protection From Natural Killer Cell Mediated Cytotoxicity (GO:0042270),1/5,0.049014519870416,0.2141867375159278,0,0,24.86934673366834,74.99696447567176,HLA-B
GO_Biological_Process_2023,Regulation Of Blood Vessel Remodeling (GO:0060312),1/5,0.049014519870416,0.2141867375159278,0,0,24.86934673366834,74.99696447567176,CST3
GO_Biological_Process_2023,Regulation Of Receptor Internalization (GO:0002090),2/36,0.0501995008461569,0.2175766408957073,0,0,5.872251931075461,17.568310863627904,ARF1;ANXA2
GO_Biological_Process_2023,Negative Regulation Of T Cell Proliferation (GO:0042130),2/36,0.0501995008461569,0.2175766408957073,0,0,5.872251931075461,17.568310863627904,CEBPB;GPNMB
GO_Biological_Process_2023,Negative Regulation Of Protein Kinase B Signaling (GO:0051898),2/36,0.0501995008461569,0.2175766408957073,0,0,5.872251931075461,17.568310863627904,RACK1;NOP53
GO_Biological_Process_2023,Positive Regulation Of Proteasomal Ubiquitin-Dependent Protein Catabolic Process (GO:0032436),3/83,0.0505815238385671,0.2180473797905798,0,0,3.753807106598985,11.201994465025969,CAV1;RACK1;NOP53
GO_Biological_Process_2023,Regulation Of Cell Division (GO:0051302),3/83,0.0505815238385671,0.2180473797905798,0,0,3.753807106598985,11.201994465025969,MYC;RACK1;SFN
GO_Biological_Process_2023,Intracellular Calcium Ion Homeostasis (GO:0006874),4/139,0.0510769764470063,0.2195896965848387,0,0,2.9727891156462585,8.842327688335232,SMDT1;CAV2;CAV1;CALR
GO_Biological_Process_2023,Regulation Of Interleukin-1 Beta Production (GO:0032651),3/84,0.0520826238943719,0.2217342887500705,0,0,3.707275803722504,10.954717877625804,APP;GSTP1;HSPB1
GO_Biological_Process_2023,Positive Regulation Of Protein Ubiquitination (GO:0031398),3/84,0.0520826238943719,0.2217342887500705,0,0,3.707275803722504,10.954717877625804,FKBP1A;CAV1;RPS2
GO_Biological_Process_2023,Negative Regulation Of Smooth Muscle Cell Proliferation (GO:0048662),2/37,0.0527274511453542,0.2217342887500705,0,0,5.704184704184704,16.785242657704043,TPM1;APOE
GO_Biological_Process_2023,Positive Regulation Of Cell Population Proliferation (GO:0008284),9/483,0.0543734821239748,0.2217342887500705,0,0,1.921200874809464,5.594303915239615,GRN;RPS9;RPS15A;MYC;RPS6;EMP2;CALR;GAS6;RPL17
GO_Biological_Process_2023,Positive Regulation Of Apoptotic Process (GO:0043065),6/270,0.0545537257699595,0.2217342887500705,0,0,2.288659793814433,6.6567255433574815,GRN;GADD45A;RPS6;RACK1;NUPR1;ATF4
GO_Biological_Process_2023,Negative Regulation Of Angiogenesis (GO:0016525),3/86,0.055148891178145,0.2217342887500705,0,0,3.617576906611216,10.482720030479646,SPARC;KLF4;DCN
GO_Biological_Process_2023,Regulation Of Intracellular Transport (GO:0032386),2/38,0.0552998529270401,0.2217342887500705,0,0,5.545454545454546,16.054007893661755,LAMP1;CRYAB
GO_Biological_Process_2023,mRNA Transcription By RNA Polymerase II (GO:0042789),2/38,0.0552998529270401,0.2217342887500705,0,0,5.545454545454546,16.054007893661755,S100A10;ATF4
GO_Biological_Process_2023,Maturation Of SSU-rRNA (GO:0030490),2/38,0.0552998529270401,0.2217342887500705,0,0,5.545454545454546,16.054007893661755,RPS16;RPS8
GO_Biological_Process_2023,Negative Regulation Of Epithelial Cell Apoptotic Process (GO:1904036),2/38,0.0552998529270401,0.2217342887500705,0,0,5.545454545454546,16.054007893661755,NUPR1;GAS6
GO_Biological_Process_2023,Regulation Of Nitric Oxide Biosynthetic Process (GO:0045428),2/39,0.0579155744332589,0.2217342887500705,0,0,5.395304395304395,15.369975594462096,CAV1;KLF4
GO_Biological_Process_2023,Retina Homeostasis (GO:0001895),2/39,0.0579155744332589,0.2217342887500705,0,0,5.395304395304395,15.369975594462096,HSPB1;ACTG1
GO_Biological_Process_2023,Negative Regulation Of Lymphocyte Proliferation (GO:0050672),2/39,0.0579155744332589,0.2217342887500705,0,0,5.395304395304395,15.369975594462096,CEBPB;GPNMB
GO_Biological_Process_2023,Negative Regulation Of Proteasomal Protein Catabolic Process (GO:1901799),2/39,0.0579155744332589,0.2217342887500705,0,0,5.395304395304395,15.369975594462096,UBXN1;NOP53
GO_Biological_Process_2023,Negative Regulation Of Transport (GO:0051051),2/39,0.0579155744332589,0.2217342887500705,0,0,5.395304395304395,15.369975594462096,SNX3;CRYAB
GO_Biological_Process_2023,Positive Regulation Of Pattern Recognition Receptor Signaling Pathway (GO:0062208),2/39,0.0579155744332589,0.2217342887500705,0,0,5.395304395304395,15.369975594462096,CAV1;RTN4
GO_Biological_Process_2023,Regulation Of Hemoglobin Biosynthetic Process (GO:0046984),1/6,0.0585267307609904,0.2217342887500705,0,0,19.894472361809044,56.46591775214154,KLF4
GO_Biological_Process_2023,SMAD Protein Complex Assembly (GO:0007183),1/6,0.0585267307609904,0.2217342887500705,0,0,19.894472361809044,56.46591775214154,FKBP1A
GO_Biological_Process_2023,Angiotensin-Activated Signaling Pathway (GO:0038166),1/6,0.0585267307609904,0.2217342887500705,0,0,19.894472361809044,56.46591775214154,CAV1
GO_Biological_Process_2023,Antigen Processing And Presentation Of Endogenous Peptide Antigen Via MHC Class I (GO:0019885),1/6,0.0585267307609904,0.2217342887500705,0,0,19.894472361809044,56.46591775214154,HLA-A
GO_Biological_Process_2023,Antigen Processing And Presentation Of Exogenous Peptide Antigen Via MHC Class I (GO:0042590),1/6,0.0585267307609904,0.2217342887500705,0,0,19.894472361809044,56.46591775214154,HLA-A
GO_Biological_Process_2023,Bleb Assembly (GO:0032060),1/6,0.0585267307609904,0.2217342887500705,0,0,19.894472361809044,56.46591775214154,EMP2
GO_Biological_Process_2023,Regulation Of Phospholipid Transport (GO:2001138),1/6,0.0585267307609904,0.2217342887500705,0,0,19.894472361809044,56.46591775214154,TSPO
GO_Biological_Process_2023,Cardiac Muscle Cell-Cardiac Muscle Cell Adhesion (GO:0086042),1/6,0.0585267307609904,0.2217342887500705,0,0,19.894472361809044,56.46591775214154,DSP
GO_Biological_Process_2023,Cellular Hyperosmotic Response (GO:0071474),1/6,0.0585267307609904,0.2217342887500705,0,0,19.894472361809044,56.46591775214154,YBX3
GO_Biological_Process_2023,Cellular Response To Laminar Fluid Shear Stress (GO:0071499),1/6,0.0585267307609904,0.2217342887500705,0,0,19.894472361809044,56.46591775214154,KLF4
GO_Biological_Process_2023,Cholesterol Catabolic Process (GO:0006707),1/6,0.0585267307609904,0.2217342887500705,0,0,19.894472361809044,56.46591775214154,APOE
GO_Biological_Process_2023,Definitive Hemopoiesis (GO:0060216),1/6,0.0585267307609904,0.2217342887500705,0,0,19.894472361809044,56.46591775214154,ZFP36L2
GO_Biological_Process_2023,Desmosome Organization (GO:0002934),1/6,0.0585267307609904,0.2217342887500705,0,0,19.894472361809044,56.46591775214154,DSP
GO_Biological_Process_2023,Serine Transport (GO:0032329),1/6,0.0585267307609904,0.2217342887500705,0,0,19.894472361809044,56.46591775214154,SLC38A2
GO_Biological_Process_2023,Sterol Catabolic Process (GO:0016127),1/6,0.0585267307609904,0.2217342887500705,0,0,19.894472361809044,56.46591775214154,APOE
GO_Biological_Process_2023,Heart Trabecula Formation (GO:0060347),1/6,0.0585267307609904,0.2217342887500705,0,0,19.894472361809044,56.46591775214154,FKBP1A
GO_Biological_Process_2023,Maintenance Of Protein Location In Extracellular Region (GO:0071694),1/6,0.0585267307609904,0.2217342887500705,0,0,19.894472361809044,56.46591775214154,NBL1
GO_Biological_Process_2023,Membrane Invagination (GO:0010324),1/6,0.0585267307609904,0.2217342887500705,0,0,19.894472361809044,56.46591775214154,SNX3
GO_Biological_Process_2023,Negative Regulation Of Acute Inflammatory Response (GO:0002674),1/6,0.0585267307609904,0.2217342887500705,0,0,19.894472361809044,56.46591775214154,GSTP1
GO_Biological_Process_2023,Negative Regulation Of Dendritic Cell Apoptotic Process (GO:2000669),1/6,0.0585267307609904,0.2217342887500705,0,0,19.894472361809044,56.46591775214154,GAS6
GO_Biological_Process_2023,Negative Regulation Of Low-Density Lipoprotein Receptor Activity (GO:1905598),1/6,0.0585267307609904,0.2217342887500705,0,0,19.894472361809044,56.46591775214154,APP
GO_Biological_Process_2023,Negative Regulation Of Ruffle Assembly (GO:1900028),1/6,0.0585267307609904,0.2217342887500705,0,0,19.894472361809044,56.46591775214154,TACSTD2
GO_Biological_Process_2023,Polyamine Biosynthetic Process (GO:0006596),1/6,0.0585267307609904,0.2217342887500705,0,0,19.894472361809044,56.46591775214154,SLC38A2
GO_Biological_Process_2023,Positive Regulation Of ER-associated Ubiquitin-Dependent Protein Catabolic Process (GO:1903071),1/6,0.0585267307609904,0.2217342887500705,0,0,19.894472361809044,56.46591775214154,CAV1
GO_Biological_Process_2023,Positive Regulation Of Amyloid-Beta Clearance (GO:1900223),1/6,0.0585267307609904,0.2217342887500705,0,0,19.894472361809044,56.46591775214154,APOE
GO_Biological_Process_2023,Positive Regulation Of Cysteine-Type Endopeptidase Activity Involved In Apoptotic Signaling Pathway (GO:2001269),1/6,0.0585267307609904,0.2217342887500705,0,0,19.894472361809044,56.46591775214154,GSN
GO_Biological_Process_2023,Positive Regulation Of Gastrulation (GO:2000543),1/6,0.0585267307609904,0.2217342887500705,0,0,19.894472361809044,56.46591775214154,RACK1
GO_Biological_Process_2023,Positive Regulation Of Kidney Development (GO:0090184),1/6,0.0585267307609904,0.2217342887500705,0,0,19.894472361809044,56.46591775214154,MYC
GO_Biological_Process_2023,Positive Regulation Of Receptor Catabolic Process (GO:2000646),1/6,0.0585267307609904,0.2217342887500705,0,0,19.894472361809044,56.46591775214154,APOE
GO_Biological_Process_2023,Positive Regulation Of Steroid Metabolic Process (GO:0045940),1/6,0.0585267307609904,0.2217342887500705,0,0,19.894472361809044,56.46591775214154,APOE
GO_Biological_Process_2023,Protein Localization To Basolateral Plasma Membrane (GO:1903361),1/6,0.0585267307609904,0.2217342887500705,0,0,19.894472361809044,56.46591775214154,CAV1
GO_Biological_Process_2023,Receptor-Mediated Virion Attachment To Host Cell (GO:0046813),1/6,0.0585267307609904,0.2217342887500705,0,0,19.894472361809044,56.46591775214154,GAS6
GO_Biological_Process_2023,Regulation Of T Cell Tolerance Induction (GO:0002664),1/6,0.0585267307609904,0.2217342887500705,0,0,19.894472361809044,56.46591775214154,HLA-B
GO_Biological_Process_2023,Regulation Of Cell Adhesion Molecule Production (GO:0060353),1/6,0.0585267307609904,0.2217342887500705,0,0,19.894472361809044,56.46591775214154,CAV1
GO_Biological_Process_2023,Regulation Of Cold-Induced Thermogenesis (GO:0120161),4/146,0.0591100350299638,0.2234135210255741,0,0,2.8252371371083647,7.990772372376219,CEBPB;CAV1;ID1;ATF4
GO_Biological_Process_2023,Positive Regulation Of Peptidyl-Serine Phosphorylation (GO:0033138),3/89,0.0599063264776533,0.2258879213519079,0,0,3.490851139180734,9.82665226973149,APP;CAV1;GAS6
GO_Biological_Process_2023,Regulation Of Cytosolic Calcium Ion Concentration (GO:0051480),2/40,0.0605735018773766,0.2273287893986254,0,0,5.253056884635832,14.729034349424168,CAV2;CAV1
GO_Biological_Process_2023,Regulation Of Glycolytic Process (GO:0006110),2/40,0.0605735018773766,0.2273287893986254,0,0,5.253056884635832,14.729034349424168,APP;NUPR1
GO_Biological_Process_2023,Positive Regulation Of Proteasomal Protein Catabolic Process (GO:1901800),3/90,0.0615336873024211,0.2286310313865095,0,0,3.450551374059163,9.62072552614985,RACK1;NUPR1;NOP53
GO_Biological_Process_2023,Regulation Of Epithelial Cell Proliferation (GO:0050678),3/91,0.063181565752201,0.2286310313865095,0,0,3.411167512690356,9.420766981809484,GRN;MYC;NUPR1
GO_Biological_Process_2023,Regulation Of Heart Rate By Cardiac Conduction (GO:0086091),2/41,0.0632725392250683,0.2286310313865095,0,0,5.118104118104118,14.127522570834804,DSP;CAV1
GO_Biological_Process_2023,Acylglycerol Metabolic Process (GO:0006639),2/41,0.0632725392250683,0.2286310313865095,0,0,5.118104118104118,14.127522570834804,CAV1;APOE
GO_Biological_Process_2023,Cardiac Ventricle Morphogenesis (GO:0003208),2/42,0.0660116079502312,0.2286310313865095,0,0,4.98989898989899,13.5621695873434,FKBP1A;TPM1
GO_Biological_Process_2023,Cellular Response To Glucose Starvation (GO:0042149),2/42,0.0660116079502312,0.2286310313865095,0,0,4.98989898989899,13.5621695873434,HNRNPA1;ATF4
GO_Biological_Process_2023,Skeletal Muscle Tissue Development (GO:0007519),2/42,0.0660116079502312,0.2286310313865095,0,0,4.98989898989899,13.5621695873434,CAV2;CAV1
GO_Biological_Process_2023,Keratinocyte Differentiation (GO:0030216),2/42,0.0660116079502312,0.2286310313865095,0,0,4.98989898989899,13.5621695873434,DSP;KRT10
GO_Biological_Process_2023,Regulation Of Chaperone-Mediated Autophagy (GO:1904714),1/7,0.0679442688885301,0.2286310313865095,0,0,16.57788944723618,44.57906348265406,EEF1A1
GO_Biological_Process_2023,Regulation Of Cyclic-Nucleotide Phosphodiesterase Activity (GO:0051342),1/7,0.0679442688885301,0.2286310313865095,0,0,16.57788944723618,44.57906348265406,RACK1
GO_Biological_Process_2023,Regulation Of Extent Of Cell Growth (GO:0061387),1/7,0.0679442688885301,0.2286310313865095,0,0,16.57788944723618,44.57906348265406,APOE
GO_Biological_Process_2023,T-helper 17 Cell Lineage Commitment (GO:0072540),1/7,0.0679442688885301,0.2286310313865095,0,0,16.57788944723618,44.57906348265406,SOCS3
GO_Biological_Process_2023,Regulation Of Leukocyte Proliferation (GO:0070663),1/7,0.0679442688885301,0.2286310313865095,0,0,16.57788944723618,44.57906348265406,GSTP1
GO_Biological_Process_2023,Regulation Of Mammary Gland Epithelial Cell Proliferation (GO:0033599),1/7,0.0679442688885301,0.2286310313865095,0,0,16.57788944723618,44.57906348265406,RTN4
GO_Biological_Process_2023,Anterograde Axonal Protein Transport (GO:0099641),1/7,0.0679442688885301,0.2286310313865095,0,0,16.57788944723618,44.57906348265406,HSPB1
GO_Biological_Process_2023,Regulation Of Myeloid Leukocyte Differentiation (GO:0002761),1/7,0.0679442688885301,0.2286310313865095,0,0,16.57788944723618,44.57906348265406,CEBPB
GO_Biological_Process_2023,Axo-Dendritic Protein Transport (GO:0099640),1/7,0.0679442688885301,0.2286310313865095,0,0,16.57788944723618,44.57906348265406,HSPB1
GO_Biological_Process_2023,Regulation Of Oxidative Stress-Induced Cell Death (GO:1903201),1/7,0.0679442688885301,0.2286310313865095,0,0,16.57788944723618,44.57906348265406,P4HB
GO_Biological_Process_2023,Cellular Response To Interferon-Alpha (GO:0035457),1/7,0.0679442688885301,0.2286310313865095,0,0,16.57788944723618,44.57906348265406,GAS6
GO_Biological_Process_2023,Spermidine Metabolic Process (GO:0008216),1/7,0.0679442688885301,0.2286310313865095,0,0,16.57788944723618,44.57906348265406,SLC38A2
GO_Biological_Process_2023,Very-Low-Density Lipoprotein Particle Remodeling (GO:0034372),1/7,0.0679442688885301,0.2286310313865095,0,0,16.57788944723618,44.57906348265406,APOE
GO_Biological_Process_2023,Hepoxilin Biosynthetic Process (GO:0051122),1/7,0.0679442688885301,0.2286310313865095,0,0,16.57788944723618,44.57906348265406,GSTP1
GO_Biological_Process_2023,Hepoxilin Metabolic Process (GO:0051121),1/7,0.0679442688885301,0.2286310313865095,0,0,16.57788944723618,44.57906348265406,GSTP1
GO_Biological_Process_2023,Hyperosmotic Response (GO:0006972),1/7,0.0679442688885301,0.2286310313865095,0,0,16.57788944723618,44.57906348265406,YBX3
GO_Biological_Process_2023,Intermediate Filament Bundle Assembly (GO:0045110),1/7,0.0679442688885301,0.2286310313865095,0,0,16.57788944723618,44.57906348265406,KRT14
GO_Biological_Process_2023,Lens Fiber Cell Development (GO:0070307),1/7,0.0679442688885301,0.2286310313865095,0,0,16.57788944723618,44.57906348265406,ATF4
GO_Biological_Process_2023,Malate Metabolic Process (GO:0006108),1/7,0.0679442688885301,0.2286310313865095,0,0,16.57788944723618,44.57906348265406,MDH2
GO_Biological_Process_2023,Mitochondrial Proton-Transporting ATP Synthase Complex Assembly (GO:0033615),1/7,0.0679442688885301,0.2286310313865095,0,0,16.57788944723618,44.57906348265406,ATP5F1D
GO_Biological_Process_2023,Negative Regulation Of Appetite (GO:0032099),1/7,0.0679442688885301,0.2286310313865095,0,0,16.57788944723618,44.57906348265406,NENF
GO_Biological_Process_2023,Negative Regulation Of Glial Cell Apoptotic Process (GO:0034351),1/7,0.0679442688885301,0.2286310313865095,0,0,16.57788944723618,44.57906348265406,GAS6
GO_Biological_Process_2023,Negative Regulation Of Intracellular Transport (GO:0032387),1/7,0.0679442688885301,0.2286310313865095,0,0,16.57788944723618,44.57906348265406,CRYAB
GO_Biological_Process_2023,Negative Regulation Of Leukocyte Proliferation (GO:0070664),1/7,0.0679442688885301,0.2286310313865095,0,0,16.57788944723618,44.57906348265406,GSTP1
GO_Biological_Process_2023,Negative Regulation Of Microglial Cell Activation (GO:1903979),1/7,0.0679442688885301,0.2286310313865095,0,0,16.57788944723618,44.57906348265406,GRN
GO_Biological_Process_2023,Negative Regulation Of Nitric Oxide Biosynthetic Process (GO:0045019),1/7,0.0679442688885301,0.2286310313865095,0,0,16.57788944723618,44.57906348265406,CAV1
GO_Biological_Process_2023,Negative Regulation Of Nitric Oxide Metabolic Process (GO:1904406),1/7,0.0679442688885301,0.2286310313865095,0,0,16.57788944723618,44.57906348265406,CAV1
GO_Biological_Process_2023,Negative Regulation Of Striated Muscle Cell Apoptotic Process (GO:0010664),1/7,0.0679442688885301,0.2286310313865095,0,0,16.57788944723618,44.57906348265406,NUPR1
GO_Biological_Process_2023,Neuroepithelial Cell Differentiation (GO:0060563),1/7,0.0679442688885301,0.2286310313865095,0,0,16.57788944723618,44.57906348265406,TUBB2A
GO_Biological_Process_2023,Peptidyl-Proline Hydroxylation To 4-hydroxy-L-proline (GO:0018401),1/7,0.0679442688885301,0.2286310313865095,0,0,16.57788944723618,44.57906348265406,P4HB
GO_Biological_Process_2023,Positive Regulation By Host Of Viral Genome Replication (GO:0044829),1/7,0.0679442688885301,0.2286310313865095,0,0,16.57788944723618,44.57906348265406,NUCKS1
GO_Biological_Process_2023,Positive Regulation Of Aspartic-Type Peptidase Activity (GO:1905247),1/7,0.0679442688885301,0.2286310313865095,0,0,16.57788944723618,44.57906348265406,GRN
GO_Biological_Process_2023,Positive Regulation Of Cardiac Epithelial To Mesenchymal Transition (GO:0062043),1/7,0.0679442688885301,0.2286310313865095,0,0,16.57788944723618,44.57906348265406,EMP2
GO_Biological_Process_2023,Positive Regulation Of Cell Migration By Vascular Endothelial Growth Factor Signaling Pathway (GO:0038089),1/7,0.0679442688885301,0.2286310313865095,0,0,16.57788944723618,44.57906348265406,HSPB1
GO_Biological_Process_2023,Positive Regulation Of Plasminogen Activation (GO:0010756),1/7,0.0679442688885301,0.2286310313865095,0,0,16.57788944723618,44.57906348265406,S100A10
GO_Biological_Process_2023,Protein Localization To Presynapse (GO:1905383),1/7,0.0679442688885301,0.2286310313865095,0,0,16.57788944723618,44.57906348265406,HSPB1
GO_Biological_Process_2023,Proton-Transporting ATP Synthase Complex Assembly (GO:0043461),1/7,0.0679442688885301,0.2286310313865095,0,0,16.57788944723618,44.57906348265406,ATP5F1D
GO_Biological_Process_2023,Regulation Of Cdc42 Protein Signal Transduction (GO:0032489),1/7,0.0679442688885301,0.2286310313865095,0,0,16.57788944723618,44.57906348265406,APOE
GO_Biological_Process_2023,Regulation Of Golgi To Plasma Membrane Protein Transport (GO:0042996),1/7,0.0679442688885301,0.2286310313865095,0,0,16.57788944723618,44.57906348265406,RACK1
GO_Biological_Process_2023,Regulation Of Alpha-Beta T Cell Proliferation (GO:0046640),1/7,0.0679442688885301,0.2286310313865095,0,0,16.57788944723618,44.57906348265406,IRF1
GO_Biological_Process_2023,Regulation Of Cardiac Muscle Cell Action Potential Involved In Regulation Of Contraction (GO:0098909),1/7,0.0679442688885301,0.2286310313865095,0,0,16.57788944723618,44.57906348265406,CAV1
GO_Biological_Process_2023,Regulation Of Primary Metabolic Process (GO:0080090),2/43,0.0687896467784887,0.229059471005615,0,0,4.867947770386794,13.030045670347697,PSAP;APOE
GO_Biological_Process_2023,mRNA Transcription (GO:0009299),2/43,0.0687896467784887,0.229059471005615,0,0,4.867947770386794,13.030045670347697,S100A10;ATF4
GO_Biological_Process_2023,Positive Regulation Of Cell-Matrix Adhesion (GO:0001954),2/43,0.0687896467784887,0.229059471005615,0,0,4.867947770386794,13.030045670347697,EMP2;S100A10
GO_Biological_Process_2023,Positive Regulation Of miRNA Transcription (GO:1902895),2/43,0.0687896467784887,0.229059471005615,0,0,4.867947770386794,13.030045670347697,MYC;KLF4
GO_Biological_Process_2023,Positive Regulation Of Stress Fiber Assembly (GO:0051496),2/43,0.0687896467784887,0.229059471005615,0,0,4.867947770386794,13.030045670347697,TPM1;S100A10
GO_Biological_Process_2023,Epithelium Development (GO:0060429),4/154,0.0690655992936023,0.2294992309860326,0,0,2.673469387755102,7.14537765353487,CBR1;KRT14;KRT10;CNN3
GO_Biological_Process_2023,Positive Regulation Of Cell Motility (GO:2000147),5/221,0.0715151147251225,0.2345414913786948,0,0,2.324786324786325,6.132429369807998,GRN;GPNMB;CAVIN1;CAV1;RACK1
GO_Biological_Process_2023,Response To Unfolded Protein (GO:0006986),2/44,0.0716056114889121,0.2345414913786948,0,0,4.751803751803752,12.52851945708889,SERPINH1;HSPB1
GO_Biological_Process_2023,Positive Regulation Of Supramolecular Fiber Organization (GO:1902905),3/96,0.0717230639353225,0.2345414913786948,0,0,3.2269526772556083,8.502836079014903,APP;GSN;APOE
GO_Biological_Process_2023,Regulation Of Defense Response (GO:0031347),3/97,0.0734906143235922,0.2345414913786948,0,0,3.1924613889188898,8.33423196719981,GRN;IRF1;APOE
GO_Biological_Process_2023,Regulation Of Protein Modification Process (GO:0031399),2/45,0.0744584746361064,0.2345414913786948,0,0,4.641061780596664,12.055221541075596,HSPB1;NOP53
GO_Biological_Process_2023,Regulation Of Stem Cell Differentiation (GO:2000736),2/45,0.0744584746361064,0.2345414913786948,0,0,4.641061780596664,12.055221541075596,TACSTD2;ZFP36L2
GO_Biological_Process_2023,Regulation Of Telomerase Activity (GO:0051972),2/45,0.0744584746361064,0.2345414913786948,0,0,4.641061780596664,12.055221541075596,MYC;KLF4
GO_Biological_Process_2023,Triglyceride Metabolic Process (GO:0006641),2/45,0.0744584746361064,0.2345414913786948,0,0,4.641061780596664,12.055221541075596,CAV1;APOE
GO_Biological_Process_2023,RNA Splicing (GO:0008380),3/98,0.0752775128137596,0.2345414913786948,0,0,3.158696232968208,8.170200992229566,FUS;SRSF2;HNRNPC
GO_Biological_Process_2023,Positive Regulation Of Protein Modification Process (GO:0031401),5/225,0.0759067230347123,0.2345414913786948,0,0,2.282051282051282,5.883698765805317,APP;GPNMB;RACK1;GAS6;PPIA
GO_Biological_Process_2023,AMP Biosynthetic Process (GO:0006167),1/8,0.0772680713380291,0.2345414913786948,0,0,14.208901651112706,36.38152974515558,APRT
GO_Biological_Process_2023,Regulation Of Defense Response To Bacterium (GO:1900424),1/8,0.0772680713380291,0.2345414913786948,0,0,14.208901651112706,36.38152974515558,GRN
GO_Biological_Process_2023,Regulation Of Epidermis Development (GO:0045682),1/8,0.0772680713380291,0.2345414913786948,0,0,14.208901651112706,36.38152974515558,KRT10
GO_Biological_Process_2023,Regulation Of Fibroblast Apoptotic Process (GO:2000269),1/8,0.0772680713380291,0.2345414913786948,0,0,14.208901651112706,36.38152974515558,GAS6
GO_Biological_Process_2023,Regulation Of Gap Junction Assembly (GO:1903596),1/8,0.0772680713380291,0.2345414913786948,0,0,14.208901651112706,36.38152974515558,CAV1
GO_Biological_Process_2023,T-helper 17 Cell Differentiation (GO:0072539),1/8,0.0772680713380291,0.2345414913786948,0,0,14.208901651112706,36.38152974515558,SOCS3
GO_Biological_Process_2023,Alcohol Catabolic Process (GO:0046164),1/8,0.0772680713380291,0.2345414913786948,0,0,14.208901651112706,36.38152974515558,APOE
GO_Biological_Process_2023,Regulation Of Pinocytosis (GO:0048548),1/8,0.0772680713380291,0.2345414913786948,0,0,14.208901651112706,36.38152974515558,CAV1
GO_Biological_Process_2023,Bundle Of His Cell To Purkinje Myocyte Communication (GO:0086069),1/8,0.0772680713380291,0.2345414913786948,0,0,14.208901651112706,36.38152974515558,DSP
GO_Biological_Process_2023,Regulation Of Podosome Assembly (GO:0071801),1/8,0.0772680713380291,0.2345414913786948,0,0,14.208901651112706,36.38152974515558,GSN
GO_Biological_Process_2023,Regulation Of Vesicle Fusion (GO:0031338),1/8,0.0772680713380291,0.2345414913786948,0,0,14.208901651112706,36.38152974515558,ANXA2
GO_Biological_Process_2023,Cyclooxygenase Pathway (GO:0019371),1/8,0.0772680713380291,0.2345414913786948,0,0,14.208901651112706,36.38152974515558,CBR1
GO_Biological_Process_2023,Response To Vitamin (GO:0033273),1/8,0.0772680713380291,0.2345414913786948,0,0,14.208901651112706,36.38152974515558,AQP3
GO_Biological_Process_2023,Response To Vitamin D (GO:0033280),1/8,0.0772680713380291,0.2345414913786948,0,0,14.208901651112706,36.38152974515558,AQP3
GO_Biological_Process_2023,Endothelial Cell Chemotaxis (GO:0035767),1/8,0.0772680713380291,0.2345414913786948,0,0,14.208901651112706,36.38152974515558,RAB13
GO_Biological_Process_2023,Triglyceride-Rich Lipoprotein Particle Remodeling (GO:0034370),1/8,0.0772680713380291,0.2345414913786948,0,0,14.208901651112706,36.38152974515558,APOE
GO_Biological_Process_2023,Glutamine Transport (GO:0006868),1/8,0.0772680713380291,0.2345414913786948,0,0,14.208901651112706,36.38152974515558,SLC38A2
GO_Biological_Process_2023,Glycerol Transmembrane Transport (GO:0015793),1/8,0.0772680713380291,0.2345414913786948,0,0,14.208901651112706,36.38152974515558,AQP3
GO_Biological_Process_2023,Unsaturated Fatty Acid Biosynthetic Process (GO:0006636),1/8,0.0772680713380291,0.2345414913786948,0,0,14.208901651112706,36.38152974515558,DEGS1
GO_Biological_Process_2023,Vitamin K Metabolic Process (GO:0042373),1/8,0.0772680713380291,0.2345414913786948,0,0,14.208901651112706,36.38152974515558,CBR1
GO_Biological_Process_2023,Interleukin-12-Mediated Signaling Pathway (GO:0035722),1/8,0.0772680713380291,0.2345414913786948,0,0,14.208901651112706,36.38152974515558,P4HB
GO_Biological_Process_2023,Negative Regulation Of Oxidative Stress-Induced Neuron Death (GO:1903204),1/8,0.0772680713380291,0.2345414913786948,0,0,14.208901651112706,36.38152974515558,RACK1
GO_Biological_Process_2023,Negative Regulation Of Ubiquitin Protein Ligase Activity (GO:1904667),1/8,0.0772680713380291,0.2345414913786948,0,0,14.208901651112706,36.38152974515558,RPL17
GO_Biological_Process_2023,"Positive Regulation Of CD8-positive, Alpha-Beta T Cell Activation (GO:2001187)",1/8,0.0772680713380291,0.2345414913786948,0,0,14.208901651112706,36.38152974515558,HLA-A
GO_Biological_Process_2023,Proline Transport (GO:0015824),1/8,0.0772680713380291,0.2345414913786948,0,0,14.208901651112706,36.38152974515558,SLC38A2
GO_Biological_Process_2023,"Regulation Of CD8-positive, Alpha-Beta T Cell Proliferation (GO:2000564)",1/8,0.0772680713380291,0.2345414913786948,0,0,14.208901651112706,36.38152974515558,IRF1
GO_Biological_Process_2023,Regulation Of DNA Methylation (GO:0044030),1/8,0.0772680713380291,0.2345414913786948,0,0,14.208901651112706,36.38152974515558,MYC
GO_Biological_Process_2023,Regulation Of ER-associated Ubiquitin-Dependent Protein Catabolic Process (GO:1903069),1/8,0.0772680713380291,0.2345414913786948,0,0,14.208901651112706,36.38152974515558,CAV1
GO_Biological_Process_2023,Regulation Of Cell Killing (GO:0031341),1/8,0.0772680713380291,0.2345414913786948,0,0,14.208901651112706,36.38152974515558,CD59
GO_Biological_Process_2023,Regulation Of mRNA Catabolic Process (GO:0061013),2/46,0.0773472253700272,0.2345414913786948,0,0,4.535353535353536,11.608013208044897,SERBP1;ZFP36L2
GO_Biological_Process_2023,Cardiac Conduction (GO:0061337),2/46,0.0773472253700272,0.2345414913786948,0,0,4.535353535353536,11.608013208044897,DSP;CAV1
GO_Biological_Process_2023,Response To Glucose (GO:0009749),2/46,0.0773472253700272,0.2345414913786948,0,0,4.535353535353536,11.608013208044897,RACK1;GAS6
GO_Biological_Process_2023,Vacuolar Transport (GO:0007034),2/46,0.0773472253700272,0.2345414913786948,0,0,4.535353535353536,11.608013208044897,GRN;PSAP
GO_Biological_Process_2023,Myofibril Assembly (GO:0030239),2/46,0.0773472253700272,0.2345414913786948,0,0,4.535353535353536,11.608013208044897,TPM1;MYL9
GO_Biological_Process_2023,Negative Regulation Of Cold-Induced Thermogenesis (GO:0120163),2/46,0.0773472253700272,0.2345414913786948,0,0,4.535353535353536,11.608013208044897,ID1;ATF4
GO_Biological_Process_2023,Positive Regulation Of Blood Vessel Endothelial Cell Migration (GO:0043536),2/46,0.0773472253700272,0.2345414913786948,0,0,4.535353535353536,11.608013208044897,ATP5F1A;HSPB1
GO_Biological_Process_2023,Antimicrobial Humoral Response (GO:0019730),3/100,0.0789086435328542,0.2388221753982968,0,0,3.0932544874143075,7.855209980826792,HLA-A;CXCL14;GAPDH
GO_Biological_Process_2023,Negative Regulation Of Tumor Necrosis Factor Production (GO:0032720),2/47,0.0802708691611082,0.241199318813567,0,0,4.434343434343434,11.184959505346583,GSTP1;GAS6
GO_Biological_Process_2023,Hemopoiesis (GO:0030097),3/101,0.0807525150526315,0.241199318813567,0,0,3.0615352740080803,7.703943795454915,CEBPB;ZFP36L2;ATF4
GO_Biological_Process_2023,Calcium Ion Homeostasis (GO:0055074),3/102,0.0826150134639867,0.241199318813567,0,0,3.030456852791878,7.5566376689451715,CAV1;S100A14;CALR
GO_Biological_Process_2023,Positive Regulation Of Phosphorylation (GO:0042327),5/231,0.0827624518343387,0.241199318813567,0,0,2.2207851145904245,5.533709711029654,APP;GPNMB;RACK1;GAS6;PPIA
GO_Biological_Process_2023,Cellular Response To Mechanical Stimulus (GO:0071260),2/48,0.0832284276217124,0.241199318813567,0,0,4.337725076855512,10.784305954054672,GADD45A;IRF1
GO_Biological_Process_2023,Regulation Of Tumor Necrosis Factor-Mediated Signaling Pathway (GO:0010803),2/48,0.0832284276217124,0.241199318813567,0,0,4.337725076855512,10.784305954054672,GSTP1;GAS6
GO_Biological_Process_2023,Positive Regulation Of Developmental Process (GO:0051094),5/233,0.0851185943321208,0.241199318813567,0,0,2.2010796221322537,5.422821364049537,CEBPB;APOE;KRT10;RTN4;DCN
GO_Biological_Process_2023,Unsaturated Fatty Acid Metabolic Process (GO:0033559),2/49,0.0862189382580095,0.241199318813567,0,0,4.24521813883516,10.404458354124063,GSTP1;DEGS1
GO_Biological_Process_2023,Interferon-Mediated Signaling Pathway (GO:0140888),2/49,0.0862189382580095,0.241199318813567,0,0,4.24521813883516,10.404458354124063,IFITM3;IRF1
GO_Biological_Process_2023,Negative Regulation Of T Cell Activation (GO:0050868),2/49,0.0862189382580095,0.241199318813567,0,0,4.24521813883516,10.404458354124063,CEBPB;GPNMB
GO_Biological_Process_2023,Negative Regulation Of Tumor Necrosis Factor Superfamily Cytokine Production (GO:1903556),2/49,0.0862189382580095,0.241199318813567,0,0,4.24521813883516,10.404458354124063,GSTP1;GAS6
GO_Biological_Process_2023,Nuclear Export (GO:0051168),2/49,0.0862189382580095,0.241199318813567,0,0,4.24521813883516,10.404458354124063,CALR;HNRNPA1
GO_Biological_Process_2023,Positive Regulation Of miRNA Metabolic Process (GO:2000630),2/49,0.0862189382580095,0.241199318813567,0,0,4.24521813883516,10.404458354124063,MYC;KLF4
GO_Biological_Process_2023,Positive Regulation Of Inflammatory Response (GO:0050729),3/104,0.0863951479385647,0.241199318813567,0,0,2.9701462532040006,7.273364724037877,APP;GRN;NUPR1
GO_Biological_Process_2023,Positive Regulation Of Vasculature Development (GO:1904018),3/104,0.0863951479385647,0.241199318813567,0,0,2.9701462532040006,7.273364724037877,GRN;HSPB1;EMP2
GO_Biological_Process_2023,Regulation Of Complement Activation (GO:0030449),1/9,0.0864990660572792,0.241199318813567,0,0,12.4321608040201,30.429226090981548,CD59
GO_Biological_Process_2023,Regulation Of Complement-Dependent Cytotoxicity (GO:1903659),1/9,0.0864990660572792,0.241199318813567,0,0,12.4321608040201,30.429226090981548,CD59
GO_Biological_Process_2023,Regulation Of Dendritic Cell Apoptotic Process (GO:2000668),1/9,0.0864990660572792,0.241199318813567,0,0,12.4321608040201,30.429226090981548,GAS6
GO_Biological_Process_2023,Regulation Of Endoplasmic Reticulum Unfolded Protein Response (GO:1900101),1/9,0.0864990660572792,0.241199318813567,0,0,12.4321608040201,30.429226090981548,RACK1
GO_Biological_Process_2023,Regulation Of Inflammatory Response To Wounding (GO:0106014),1/9,0.0864990660572792,0.241199318813567,0,0,12.4321608040201,30.429226090981548,GRN
GO_Biological_Process_2023,Calcium Import Into The Mitochondrion (GO:0036444),1/9,0.0864990660572792,0.241199318813567,0,0,12.4321608040201,30.429226090981548,SMDT1
GO_Biological_Process_2023,Regulation Of Protein Lipidation (GO:1903059),1/9,0.0864990660572792,0.241199318813567,0,0,12.4321608040201,30.429226090981548,TSPO
GO_Biological_Process_2023,Regulation Of Viral-Induced Cytoplasmic Pattern Recognition Receptor Signaling Pathway (GO:0039531),1/9,0.0864990660572792,0.241199318813567,0,0,12.4321608040201,30.429226090981548,NOP53
GO_Biological_Process_2023,Response To Laminar Fluid Shear Stress (GO:0034616),1/9,0.0864990660572792,0.241199318813567,0,0,12.4321608040201,30.429226090981548,KLF4
GO_Biological_Process_2023,Sequestering Of Extracellular Ligand From Receptor (GO:0035581),1/9,0.0864990660572792,0.241199318813567,0,0,12.4321608040201,30.429226090981548,NBL1
GO_Biological_Process_2023,Type II Interferon-Mediated Signaling Pathway (GO:0060333),1/9,0.0864990660572792,0.241199318813567,0,0,12.4321608040201,30.429226090981548,IRF1
GO_Biological_Process_2023,Granulocyte Migration (GO:0097530),1/9,0.0864990660572792,0.241199318813567,0,0,12.4321608040201,30.429226090981548,EMP2
GO_Biological_Process_2023,High-Density Lipoprotein Particle Assembly (GO:0034380),1/9,0.0864990660572792,0.241199318813567,0,0,12.4321608040201,30.429226090981548,APOE
GO_Biological_Process_2023,Homologous Recombination (GO:0035825),1/9,0.0864990660572792,0.241199318813567,0,0,12.4321608040201,30.429226090981548,NUCKS1
GO_Biological_Process_2023,Insulin Metabolic Process (GO:1901142),1/9,0.0864990660572792,0.241199318813567,0,0,12.4321608040201,30.429226090981548,P4HB
GO_Biological_Process_2023,Intestinal Cholesterol Absorption (GO:0030299),1/9,0.0864990660572792,0.241199318813567,0,0,12.4321608040201,30.429226090981548,LIMA1
GO_Biological_Process_2023,Myelin Maintenance (GO:0043217),1/9,0.0864990660572792,0.241199318813567,0,0,12.4321608040201,30.429226090981548,DEGS1
GO_Biological_Process_2023,Negative Regulation Of Establishment Of Protein Localization (GO:1904950),1/9,0.0864990660572792,0.241199318813567,0,0,12.4321608040201,30.429226090981548,SNX3
GO_Biological_Process_2023,Negative Regulation Of Extracellular Matrix Organization (GO:1903054),1/9,0.0864990660572792,0.241199318813567,0,0,12.4321608040201,30.429226090981548,CST3
GO_Biological_Process_2023,Negative Regulation Of Heterotypic Cell-Cell Adhesion (GO:0034115),1/9,0.0864990660572792,0.241199318813567,0,0,12.4321608040201,30.429226090981548,KLF4
GO_Biological_Process_2023,Negative Regulation Of Necroptotic Process (GO:0060546),1/9,0.0864990660572792,0.241199318813567,0,0,12.4321608040201,30.429226090981548,YBX3
GO_Biological_Process_2023,Negative Regulation Of Phosphatidylinositol 3-Kinase Signaling (GO:0014067),1/9,0.0864990660572792,0.241199318813567,0,0,12.4321608040201,30.429226090981548,NOP53
GO_Biological_Process_2023,Negative Regulation Of Protein Autophosphorylation (GO:0031953),1/9,0.0864990660572792,0.241199318813567,0,0,12.4321608040201,30.429226090981548,CAV1
GO_Biological_Process_2023,Negative Regulation Of Transcription By RNA Polymerase I (GO:0016479),1/9,0.0864990660572792,0.241199318813567,0,0,12.4321608040201,30.429226090981548,NOP53
GO_Biological_Process_2023,Negative Regulation Of Tyrosine Phosphorylation Of STAT Protein (GO:0042532),1/9,0.0864990660572792,0.241199318813567,0,0,12.4321608040201,30.429226090981548,SOCS3
GO_Biological_Process_2023,Negative Regulation Of Vascular Endothelial Growth Factor Signaling Pathway (GO:1900747),1/9,0.0864990660572792,0.241199318813567,0,0,12.4321608040201,30.429226090981548,DCN
GO_Biological_Process_2023,Neuron Remodeling (GO:0016322),1/9,0.0864990660572792,0.241199318813567,0,0,12.4321608040201,30.429226090981548,APP
GO_Biological_Process_2023,Positive Regulation Of Mesenchymal Cell Proliferation (GO:0002053),1/9,0.0864990660572792,0.241199318813567,0,0,12.4321608040201,30.429226090981548,MYC
GO_Biological_Process_2023,Quinone Metabolic Process (GO:1901661),1/9,0.0864990660572792,0.241199318813567,0,0,12.4321608040201,30.429226090981548,CBR1
GO_Biological_Process_2023,Regulation Of Cell-Cell Adhesion Involved In Gastrulation (GO:0070587),1/9,0.0864990660572792,0.241199318813567,0,0,12.4321608040201,30.429226090981548,KLF4
GO_Biological_Process_2023,Intrinsic Apoptotic Signaling Pathway (GO:0097193),3/105,0.0883124080071284,0.2453050570646903,0,0,2.9408778739922363,7.137141991170913,CEBPB;SFN;ATF4
GO_Biological_Process_2023,Lysosomal Transport (GO:0007041),3/105,0.0883124080071284,0.2453050570646903,0,0,2.9408778739922363,7.137141991170913,GRN;LAMP1;PSAP
GO_Biological_Process_2023,Positive Regulation Of Transcription By RNA Polymerase II (GO:0045944),14/938,0.0884328575625059,0.2453050570646903,0,0,1.5376344086021505,3.729550227652564,EIF5A;APP;CEBPB;ANXA2;NUCKS1;KLF4;DCN;PTMS;MYC;NFIC;IRF1;IER2;S100A10;ATF4
GO_Biological_Process_2023,Positive Regulation Of MAPK Cascade (GO:0043410),6/310,0.0917051006651356,0.2500703023444108,0,0,1.983450895279436,4.738815810779813,APP;GPNMB;CAV2;APOE;GAS6;PPIA
GO_Biological_Process_2023,Regulation Of Telomere Maintenance Via Telomerase (GO:0032210),2/51,0.0922950442929787,0.2500703023444108,0,0,4.071531642960214,9.7015024039535,HNRNPC;HNRNPA1
GO_Biological_Process_2023,Negative Regulation Of MAP Kinase Activity (GO:0043407),2/51,0.0922950442929787,0.2500703023444108,0,0,4.071531642960214,9.7015024039535,GSTP1;APOE
GO_Biological_Process_2023,Positive Regulation Of Actin Filament Bundle Assembly (GO:0032233),2/51,0.0922950442929787,0.2500703023444108,0,0,4.071531642960214,9.7015024039535,TPM1;S100A10
GO_Biological_Process_2023,Positive Regulation Of Translation (GO:0045727),3/108,0.0941706690966622,0.2500703023444108,0,0,2.856417693981146,6.748705308028375,EIF5A;EEF2;YBX3
GO_Biological_Process_2023,Regulation Of Cysteine-Type Endopeptidase Activity Involved In Apoptotic Signaling Pathway (GO:2001267),1/10,0.0956381720564831,0.2500703023444108,0,0,11.050251256281408,25.93696464958489,GSN
GO_Biological_Process_2023,Regulation Of Dendritic Cell Differentiation (GO:2001198),1/10,0.0956381720564831,0.2500703023444108,0,0,11.050251256281408,25.93696464958489,HLA-B
GO_Biological_Process_2023,T-helper Cell Lineage Commitment (GO:0002295),1/10,0.0956381720564831,0.2500703023444108,0,0,11.050251256281408,25.93696464958489,SOCS3
GO_Biological_Process_2023,Regulation Of Programmed Necrotic Cell Death (GO:0062098),1/10,0.0956381720564831,0.2500703023444108,0,0,11.050251256281408,25.93696464958489,NUPR1
GO_Biological_Process_2023,Cellular Response To Increased Oxygen Levels (GO:0036295),1/10,0.0956381720564831,0.2500703023444108,0,0,11.050251256281408,25.93696464958489,CAV1
GO_Biological_Process_2023,Cellular Response To Interleukin-12 (GO:0071349),1/10,0.0956381720564831,0.2500703023444108,0,0,11.050251256281408,25.93696464958489,P4HB
GO_Biological_Process_2023,Regulation Of Toll-Like Receptor 9 Signaling Pathway (GO:0034163),1/10,0.0956381720564831,0.2500703023444108,0,0,11.050251256281408,25.93696464958489,RTN4
GO_Biological_Process_2023,Epithelial Cell Apoptotic Process (GO:1904019),1/10,0.0956381720564831,0.2500703023444108,0,0,11.050251256281408,25.93696464958489,GSN
GO_Biological_Process_2023,Fatty Acid Homeostasis (GO:0055089),1/10,0.0956381720564831,0.2500703023444108,0,0,11.050251256281408,25.93696464958489,APOE
GO_Biological_Process_2023,Lipoprotein Catabolic Process (GO:0042159),1/10,0.0956381720564831,0.2500703023444108,0,0,11.050251256281408,25.93696464958489,APOE
GO_Biological_Process_2023,Muscle Filament Sliding (GO:0030049),1/10,0.0956381720564831,0.2500703023444108,0,0,11.050251256281408,25.93696464958489,TPM1
GO_Biological_Process_2023,Negative Regulation Of Autophagosome Assembly (GO:1902902),1/10,0.0956381720564831,0.2500703023444108,0,0,11.050251256281408,25.93696464958489,NUPR1
GO_Biological_Process_2023,Negative Regulation Of Glycolytic Process (GO:0045820),1/10,0.0956381720564831,0.2500703023444108,0,0,11.050251256281408,25.93696464958489,NUPR1
GO_Biological_Process_2023,Negative Regulation Of Hemostasis (GO:1900047),1/10,0.0956381720564831,0.2500703023444108,0,0,11.050251256281408,25.93696464958489,APOE
GO_Biological_Process_2023,Negative Regulation Of Hydrogen Peroxide-Induced Cell Death (GO:1903206),1/10,0.0956381720564831,0.2500703023444108,0,0,11.050251256281408,25.93696464958489,RACK1
GO_Biological_Process_2023,Negative Regulation Of Mitochondrial Outer Membrane Permeabilization Involved In Apoptotic Signaling Pathway (GO:1901029),1/10,0.0956381720564831,0.2500703023444108,0,0,11.050251256281408,25.93696464958489,SLC25A6
GO_Biological_Process_2023,Negative Regulation Of Response To Cytokine Stimulus (GO:0060761),1/10,0.0956381720564831,0.2500703023444108,0,0,11.050251256281408,25.93696464958489,KLF4
GO_Biological_Process_2023,Neuron Projection Fasciculation (GO:0106030),1/10,0.0956381720564831,0.2500703023444108,0,0,11.050251256281408,25.93696464958489,RTN4
GO_Biological_Process_2023,Neuron Projection Maintenance (GO:1990535),1/10,0.0956381720564831,0.2500703023444108,0,0,11.050251256281408,25.93696464958489,APP
GO_Biological_Process_2023,Nuclear Pore Complex Assembly (GO:0051292),1/10,0.0956381720564831,0.2500703023444108,0,0,11.050251256281408,25.93696464958489,RTN4
GO_Biological_Process_2023,Peptidyl-Proline Hydroxylation (GO:0019511),1/10,0.0956381720564831,0.2500703023444108,0,0,11.050251256281408,25.93696464958489,P4HB
GO_Biological_Process_2023,Phosphate Ion Transmembrane Transport (GO:0035435),1/10,0.0956381720564831,0.2500703023444108,0,0,11.050251256281408,25.93696464958489,SLC25A3
GO_Biological_Process_2023,Positive Regulation Of Actin Nucleation (GO:0051127),1/10,0.0956381720564831,0.2500703023444108,0,0,11.050251256281408,25.93696464958489,GSN
GO_Biological_Process_2023,Positive Regulation Of Cellular Respiration (GO:1901857),1/10,0.0956381720564831,0.2500703023444108,0,0,11.050251256281408,25.93696464958489,NUPR1
GO_Biological_Process_2023,Positive Regulation Of Cholesterol Metabolic Process (GO:0090205),1/10,0.0956381720564831,0.2500703023444108,0,0,11.050251256281408,25.93696464958489,APOE
GO_Biological_Process_2023,Positive Regulation Of Defense Response To Bacterium (GO:1900426),1/10,0.0956381720564831,0.2500703023444108,0,0,11.050251256281408,25.93696464958489,GRN
GO_Biological_Process_2023,Regulation Of ERAD Pathway (GO:1904292),1/10,0.0956381720564831,0.2500703023444108,0,0,11.050251256281408,25.93696464958489,UBXN1
GO_Biological_Process_2023,Regulation Of Axon Regeneration (GO:0048679),1/10,0.0956381720564831,0.2500703023444108,0,0,11.050251256281408,25.93696464958489,GRN
GO_Biological_Process_2023,Regulation Of Biosynthetic Process (GO:0009889),1/10,0.0956381720564831,0.2500703023444108,0,0,11.050251256281408,25.93696464958489,GSTP1
GO_Biological_Process_2023,Regulation Of Cardiac Muscle Cell Apoptotic Process (GO:0010665),1/10,0.0956381720564831,0.2500703023444108,0,0,11.050251256281408,25.93696464958489,NUPR1
GO_Biological_Process_2023,Regulation Of Proteasomal Ubiquitin-Dependent Protein Catabolic Process (GO:0032434),3/109,0.0961582714173515,0.2506085668475094,0,0,2.829326692845513,6.625603466421482,UBXN1;RACK1;NOP53
GO_Biological_Process_2023,Regulation Of Wnt Signaling Pathway (GO:0030111),3/109,0.0961582714173515,0.2506085668475094,0,0,2.829326692845513,6.625603466421482,SNX3;APP;RACK1
GO_Biological_Process_2023,Actin Polymerization Or Depolymerization (GO:0008154),2/53,0.0984917971521169,0.2521255895058563,0,0,3.9114676173499694,9.065929283683165,GSN;DSTN
GO_Biological_Process_2023,Blood Vessel Morphogenesis (GO:0048514),2/53,0.0984917971521169,0.2521255895058563,0,0,3.9114676173499694,9.065929283683165,CAV1;ID1
GO_Biological_Process_2023,Regulation Of Proteasomal Protein Catabolic Process (GO:0061136),2/53,0.0984917971521169,0.2521255895058563,0,0,3.9114676173499694,9.065929283683165,NUPR1;APOE
GO_Biological_Process_2023,Carboxylic Acid Transport (GO:0046942),2/53,0.0984917971521169,0.2521255895058563,0,0,3.9114676173499694,9.065929283683165,PSAP;SLC38A2
GO_Biological_Process_2023,Regulation Of Receptor Signaling Pathway Via JAK-STAT (GO:0046425),2/53,0.0984917971521169,0.2521255895058563,0,0,3.9114676173499694,9.065929283683165,SOCS3;CAV1
GO_Biological_Process_2023,Regulation Of ERK1 And ERK2 Cascade (GO:0070372),5/244,0.0986998639970798,0.2521255895058563,0,0,2.0985945713979186,4.85965608076587,APP;GPNMB;GSTP1;APOE;GAS6
GO_Biological_Process_2023,Cytoskeleton Organization (GO:0007010),3/111,0.1001845738063604,0.2521255895058563,0,0,2.7766497461928936,6.3883520697862,DST;TPM1;APOE
GO_Biological_Process_2023,Negative Regulation Of Transmembrane Receptor Protein Serine/Threonine Kinase Signaling Pathway (GO:0090101),3/111,0.1001845738063604,0.2521255895058563,0,0,2.7766497461928936,6.3883520697862,FKBP1A;CAV1;NBL1
GO_Biological_Process_2023,Extracellular Matrix Organization (GO:0030198),4/176,0.1005270084862388,0.2521255895058563,0,0,2.3289036544850497,5.350257546006701,APP;GSN;SERPINH1;GAS6
GO_Biological_Process_2023,Positive Regulation Of Hydrolase Activity (GO:0051345),4/176,0.1005270084862388,0.2521255895058563,0,0,2.3289036544850497,5.350257546006701,CAV2;PSAP;RACK1;S100A10
GO_Biological_Process_2023,Regulation Of Focal Adhesion Assembly (GO:0051893),2/54,0.1016331727713355,0.2521255895058563,0,0,3.836052836052836,8.77069478933889,ACTG1;S100A10
GO_Biological_Process_2023,Regulation Of Lipid Metabolic Process (GO:0019216),2/54,0.1016331727713355,0.2521255895058563,0,0,3.836052836052836,8.77069478933889,CAV1;PSAP
GO_Biological_Process_2023,Endoplasmic Reticulum Organization (GO:0007029),2/54,0.1016331727713355,0.2521255895058563,0,0,3.836052836052836,8.77069478933889,CAV2;RTN4
GO_Biological_Process_2023,Epidermal Cell Differentiation (GO:0009913),2/54,0.1016331727713355,0.2521255895058563,0,0,3.836052836052836,8.77069478933889,DSP;KRT10
GO_Biological_Process_2023,Negative Regulation Of Protein Modification By Small Protein Conjugation Or Removal (GO:1903321),2/54,0.1016331727713355,0.2521255895058563,0,0,3.836052836052836,8.77069478933889,UBXN1;CAV1
GO_Biological_Process_2023,Negative Regulation Of Protein Ubiquitination (GO:0031397),2/54,0.1016331727713355,0.2521255895058563,0,0,3.836052836052836,8.77069478933889,UBXN1;CAV1
GO_Biological_Process_2023,Calcium Ion Transport (GO:0006816),3/112,0.1022228778109617,0.2521255895058563,0,0,2.751036184976482,6.27401249877334,FKBP1A;CAV1;GAS6
GO_Biological_Process_2023,Negative Regulation Of Defense Response (GO:0031348),3/112,0.1022228778109617,0.2521255895058563,0,0,2.751036184976482,6.27401249877334,PCBP2;APOE;KLF4
GO_Biological_Process_2023,Positive Regulation Of Cytokine Production (GO:0001819),6/320,0.1027110201534412,0.2521255895058563,0,0,1.919298706415392,4.368008828803376,APP;CEBPB;IRF1;HLA-A;GAPDH;ATF4
GO_Biological_Process_2023,Regulation Of Protein Ubiquitination (GO:0031396),3/113,0.1042776844975899,0.2521255895058563,0,0,2.7258883248730963,6.162409997576357,FKBP1A;UBXN1;CAV1
GO_Biological_Process_2023,Regulation Of Epithelial Cell Apoptotic Process (GO:1904035),1/11,0.1046862992439068,0.2521255895058563,0,0,9.944723618090451,22.4431232477853,NUPR1
GO_Biological_Process_2023,Golgi To Lysosome Transport (GO:0090160),1/11,0.1046862992439068,0.2521255895058563,0,0,9.944723618090451,22.4431232477853,LAMP1
GO_Biological_Process_2023,Regulation Of Fatty Acid Metabolic Process (GO:0019217),1/11,0.1046862992439068,0.2521255895058563,0,0,9.944723618090451,22.4431232477853,CAV1
GO_Biological_Process_2023,Regulation Of Mesenchymal Cell Proliferation (GO:0010464),1/11,0.1046862992439068,0.2521255895058563,0,0,9.944723618090451,22.4431232477853,MYC
GO_Biological_Process_2023,Regulation Of Microtubule-Based Movement (GO:0060632),1/11,0.1046862992439068,0.2521255895058563,0,0,9.944723618090451,22.4431232477853,LAMP1
GO_Biological_Process_2023,Regulation Of Monocyte Chemotactic Protein-1 Production (GO:0071637),1/11,0.1046862992439068,0.2521255895058563,0,0,9.944723618090451,22.4431232477853,GSTP1
GO_Biological_Process_2023,Biogenic Amine Biosynthetic Process (GO:0042401),1/11,0.1046862992439068,0.2521255895058563,0,0,9.944723618090451,22.4431232477853,SLC38A2
GO_Biological_Process_2023,Cellular Response To Fluid Shear Stress (GO:0071498),1/11,0.1046862992439068,0.2521255895058563,0,0,9.944723618090451,22.4431232477853,KLF4
GO_Biological_Process_2023,Regulation Of Stress-Activated Protein Kinase Signaling Cascade (GO:0070302),1/11,0.1046862992439068,0.2521255895058563,0,0,9.944723618090451,22.4431232477853,GSTP1
GO_Biological_Process_2023,Response To X-ray (GO:0010165),1/11,0.1046862992439068,0.2521255895058563,0,0,9.944723618090451,22.4431232477853,NUCKS1
GO_Biological_Process_2023,Skeletal Muscle Fiber Development (GO:0048741),1/11,0.1046862992439068,0.2521255895058563,0,0,9.944723618090451,22.4431232477853,CAV2
GO_Biological_Process_2023,Endoplasmic Reticulum Membrane Organization (GO:0090158),1/11,0.1046862992439068,0.2521255895058563,0,0,9.944723618090451,22.4431232477853,RTN4
GO_Biological_Process_2023,Epithelial Cell-Cell Adhesion (GO:0090136),1/11,0.1046862992439068,0.2521255895058563,0,0,9.944723618090451,22.4431232477853,DSP
GO_Biological_Process_2023,Visual Learning (GO:0008542),1/11,0.1046862992439068,0.2521255895058563,0,0,9.944723618090451,22.4431232477853,APP
GO_Biological_Process_2023,Intestinal Lipid Absorption (GO:0098856),1/11,0.1046862992439068,0.2521255895058563,0,0,9.944723618090451,22.4431232477853,LIMA1
GO_Biological_Process_2023,Macrophage Activation Involved In Immune Response (GO:0002281),1/11,0.1046862992439068,0.2521255895058563,0,0,9.944723618090451,22.4431232477853,GRN
GO_Biological_Process_2023,Negative Regulation Of Amyloid Fibril Formation (GO:1905907),1/11,0.1046862992439068,0.2521255895058563,0,0,9.944723618090451,22.4431232477853,CRYAB
GO_Biological_Process_2023,Negative Regulation Of Cell Division (GO:0051782),1/11,0.1046862992439068,0.2521255895058563,0,0,9.944723618090451,22.4431232477853,MYC
GO_Biological_Process_2023,Negative Regulation Of Cellular Response To Vascular Endothelial Growth Factor Stimulus (GO:1902548),1/11,0.1046862992439068,0.2521255895058563,0,0,9.944723618090451,22.4431232477853,DCN
GO_Biological_Process_2023,Negative Regulation Of Leukocyte Apoptotic Process (GO:2000107),1/11,0.1046862992439068,0.2521255895058563,0,0,9.944723618090451,22.4431232477853,GAS6
GO_Biological_Process_2023,Negative Regulation Of Leukocyte Chemotaxis (GO:0002689),1/11,0.1046862992439068,0.2521255895058563,0,0,9.944723618090451,22.4431232477853,NBL1
GO_Biological_Process_2023,Negative Regulation Of Nitrogen Compound Metabolic Process (GO:0051172),1/11,0.1046862992439068,0.2521255895058563,0,0,9.944723618090451,22.4431232477853,APOE
GO_Biological_Process_2023,Negative Regulation Of Potassium Ion Transmembrane Transport (GO:1901380),1/11,0.1046862992439068,0.2521255895058563,0,0,9.944723618090451,22.4431232477853,CAV1
GO_Biological_Process_2023,Negative Regulation Of Release Of Sequestered Calcium Ion Into Cytosol (GO:0051280),1/11,0.1046862992439068,0.2521255895058563,0,0,9.944723618090451,22.4431232477853,FKBP1A
GO_Biological_Process_2023,Negative Regulation Of Ryanodine-Sensitive Calcium-Release Channel Activity (GO:0060315),1/11,0.1046862992439068,0.2521255895058563,0,0,9.944723618090451,22.4431232477853,FKBP1A
GO_Biological_Process_2023,Negative Regulation Of Voltage-Gated Potassium Channel Activity (GO:1903817),1/11,0.1046862992439068,0.2521255895058563,0,0,9.944723618090451,22.4431232477853,CAV1
GO_Biological_Process_2023,Phospholipid Efflux (GO:0033700),1/11,0.1046862992439068,0.2521255895058563,0,0,9.944723618090451,22.4431232477853,APOE
GO_Biological_Process_2023,Polyamine Metabolic Process (GO:0006595),1/11,0.1046862992439068,0.2521255895058563,0,0,9.944723618090451,22.4431232477853,SLC38A2
GO_Biological_Process_2023,Regulation Of Actin Filament Depolymerization (GO:0030834),1/11,0.1046862992439068,0.2521255895058563,0,0,9.944723618090451,22.4431232477853,LIMA1
GO_Biological_Process_2023,Regulation Of Cell Communication By Electrical Coupling Involved In Cardiac Conduction (GO:1901844),1/11,0.1046862992439068,0.2521255895058563,0,0,9.944723618090451,22.4431232477853,CAV1
GO_Biological_Process_2023,Purine Ribonucleotide Biosynthetic Process (GO:0009152),2/55,0.1048020475500832,0.2521255895058563,0,0,3.763483895559368,8.489222766072233,ATP5F1A;IMPDH2
GO_Biological_Process_2023,Positive Regulation Of ERK1 And ERK2 Cascade (GO:0070374),4/179,0.1052573746759501,0.2528396274218982,0,0,2.2886297376093294,5.152499100422719,APP;GPNMB;APOE;GAS6
GO_Biological_Process_2023,Regulation Of Interleukin-6 Production (GO:0032675),3/114,0.1063487931507688,0.2546941817950094,0,0,2.7011935793661683,6.0534587787747896,APP;HLA-B;GAS6
GO_Biological_Process_2023,Response To Endoplasmic Reticulum Stress (GO:0034976),3/114,0.1063487931507688,0.2546941817950094,0,0,2.7011935793661683,6.0534587787747896,CEBPB;P4HB;ATF4
GO_Biological_Process_2023,"RNA Splicing, Via Transesterification Reactions With Bulged Adenosine As Nucleophile (GO:0000377)",4/180,0.1068564578337751,0.2555263122112015,0,0,2.2755102040816326,5.0886526116611455,SRSF2;SRSF5;HNRNPC;HNRNPA1
GO_Biological_Process_2023,Regulation Of Reactive Oxygen Species Metabolic Process (GO:2000377),2/56,0.1079975643594305,0.256020813821221,0,0,3.6936026936026938,8.220654292796869,CBR1;GADD45A
GO_Biological_Process_2023,Positive Regulation Of Cellular Metabolic Process (GO:0031325),2/56,0.1079975643594305,0.256020813821221,0,0,3.6936026936026938,8.220654292796869,CBR1;GADD45A
GO_Biological_Process_2023,Regulation Of Cation Channel Activity (GO:2001257),2/56,0.1079975643594305,0.256020813821221,0,0,3.6936026936026938,8.220654292796869,FKBP1A;AHNAK
GO_Biological_Process_2023,Monoatomic Anion Transport (GO:0006820),2/57,0.111218880351375,0.256020813821221,0,0,3.6262626262626254,7.964197874788815,FXYD3;TSPO
GO_Biological_Process_2023,Positive Regulation Of Interleukin-1 Beta Production (GO:0032731),2/57,0.111218880351375,0.256020813821221,0,0,3.6262626262626254,7.964197874788815,APP;HSPB1
GO_Biological_Process_2023,RNA Processing (GO:0006396),4/183,0.1117195304998009,0.256020813821221,0,0,2.2370311252992816,4.903043706546382,FUS;SRSF2;SRSF5;HNRNPC
GO_Biological_Process_2023,Regulation Of Chemokine (C-X-C Motif) Ligand 2 Production (GO:2000341),1/12,0.1136443487055952,0.256020813821221,0,0,9.040201005025123,19.659557478207127,KLF4
GO_Biological_Process_2023,Actin-Myosin Filament Sliding (GO:0033275),1/12,0.1136443487055952,0.256020813821221,0,0,9.040201005025123,19.659557478207127,TPM1
GO_Biological_Process_2023,Alanine Transport (GO:0032328),1/12,0.1136443487055952,0.256020813821221,0,0,9.040201005025123,19.659557478207127,SLC38A2
GO_Biological_Process_2023,Axonal Fasciculation (GO:0007413),1/12,0.1136443487055952,0.256020813821221,0,0,9.040201005025123,19.659557478207127,RTN4
GO_Biological_Process_2023,Cell Projection Assembly (GO:0030031),1/12,0.1136443487055952,0.256020813821221,0,0,9.040201005025123,19.659557478207127,GSN
GO_Biological_Process_2023,Regulation Of Retinoic Acid Receptor Signaling Pathway (GO:0048385),1/12,0.1136443487055952,0.256020813821221,0,0,9.040201005025123,19.659557478207127,CALR
GO_Biological_Process_2023,Cellular Response To Leucine Starvation (GO:1990253),1/12,0.1136443487055952,0.256020813821221,0,0,9.040201005025123,19.659557478207127,ATF4
GO_Biological_Process_2023,Regulation Of Transcription From RNA Polymerase II Promoter In Response To Stress (GO:0043618),1/12,0.1136443487055952,0.256020813821221,0,0,9.040201005025123,19.659557478207127,ATF4
GO_Biological_Process_2023,Regulation Of Vascular Associated Smooth Muscle Cell Migration (GO:1904752),1/12,0.1136443487055952,0.256020813821221,0,0,9.040201005025123,19.659557478207127,TPM1
GO_Biological_Process_2023,Relaxation Of Cardiac Muscle (GO:0055119),1/12,0.1136443487055952,0.256020813821221,0,0,9.040201005025123,19.659557478207127,GSN
GO_Biological_Process_2023,Sodium Ion Export Across Plasma Membrane (GO:0036376),1/12,0.1136443487055952,0.256020813821221,0,0,9.040201005025123,19.659557478207127,ATP1A1
GO_Biological_Process_2023,Fatty Acid Elongation (GO:0030497),1/12,0.1136443487055952,0.256020813821221,0,0,9.040201005025123,19.659557478207127,TECR
GO_Biological_Process_2023,Very Long-Chain Fatty Acid Biosynthetic Process (GO:0042761),1/12,0.1136443487055952,0.256020813821221,0,0,9.040201005025123,19.659557478207127,TECR
GO_Biological_Process_2023,Morphogenesis Of A Polarized Epithelium (GO:0001738),1/12,0.1136443487055952,0.256020813821221,0,0,9.040201005025123,19.659557478207127,ACTG1
GO_Biological_Process_2023,Negative Regulation Of JUN Kinase Activity (GO:0043508),1/12,0.1136443487055952,0.256020813821221,0,0,9.040201005025123,19.659557478207127,GSTP1
GO_Biological_Process_2023,Negative Regulation Of Cell Cycle Phase Transition (GO:1901988),1/12,0.1136443487055952,0.256020813821221,0,0,9.040201005025123,19.659557478207127,ZFP36L2
GO_Biological_Process_2023,Negative Regulation Of Coagulation (GO:0050819),1/12,0.1136443487055952,0.256020813821221,0,0,9.040201005025123,19.659557478207127,APOE
GO_Biological_Process_2023,Negative Regulation Of Locomotion (GO:0040013),1/12,0.1136443487055952,0.256020813821221,0,0,9.040201005025123,19.659557478207127,TACSTD2
GO_Biological_Process_2023,Negative Regulation Of Mitochondrial Membrane Permeability (GO:0035795),1/12,0.1136443487055952,0.256020813821221,0,0,9.040201005025123,19.659557478207127,SLC25A6
GO_Biological_Process_2023,Negative Regulation Of Mononuclear Cell Migration (GO:0071676),1/12,0.1136443487055952,0.256020813821221,0,0,9.040201005025123,19.659557478207127,NBL1
GO_Biological_Process_2023,Negative Regulation Of Potassium Ion Transport (GO:0043267),1/12,0.1136443487055952,0.256020813821221,0,0,9.040201005025123,19.659557478207127,CAV1
GO_Biological_Process_2023,Negative Regulation Of Stem Cell Differentiation (GO:2000737),1/12,0.1136443487055952,0.256020813821221,0,0,9.040201005025123,19.659557478207127,ZFP36L2
GO_Biological_Process_2023,Negative Regulation Of Substrate Adhesion-Dependent Cell Spreading (GO:1900025),1/12,0.1136443487055952,0.256020813821221,0,0,9.040201005025123,19.659557478207127,TACSTD2
GO_Biological_Process_2023,Nuclear Body Organization (GO:0030575),1/12,0.1136443487055952,0.256020813821221,0,0,9.040201005025123,19.659557478207127,SERBP1
GO_Biological_Process_2023,Nucleotide Metabolic Process (GO:0009117),1/12,0.1136443487055952,0.256020813821221,0,0,9.040201005025123,19.659557478207127,REXO2
GO_Biological_Process_2023,Phosphatidylcholine Acyl-Chain Remodeling (GO:0036151),1/12,0.1136443487055952,0.256020813821221,0,0,9.040201005025123,19.659557478207127,TSPO
GO_Biological_Process_2023,Positive Regulation By Symbiont Of Entry Into Host (GO:0075294),1/12,0.1136443487055952,0.256020813821221,0,0,9.040201005025123,19.659557478207127,P4HB
GO_Biological_Process_2023,Positive Regulation Of ERAD Pathway (GO:1904294),1/12,0.1136443487055952,0.256020813821221,0,0,9.040201005025123,19.659557478207127,CAV1
GO_Biological_Process_2023,Positive Regulation Of Integrin-Mediated Signaling Pathway (GO:2001046),1/12,0.1136443487055952,0.256020813821221,0,0,9.040201005025123,19.659557478207127,EMP2
GO_Biological_Process_2023,Positive Regulation Of Neuroinflammatory Response (GO:0150078),1/12,0.1136443487055952,0.256020813821221,0,0,9.040201005025123,19.659557478207127,NUPR1
GO_Biological_Process_2023,Positive Regulation Of Protein Export From Nucleus (GO:0046827),1/12,0.1136443487055952,0.256020813821221,0,0,9.040201005025123,19.659557478207127,GAS6
GO_Biological_Process_2023,Positive Regulation Of Vasoconstriction (GO:0045907),1/12,0.1136443487055952,0.256020813821221,0,0,9.040201005025123,19.659557478207127,CAV1
GO_Biological_Process_2023,Positive Regulation Of Viral Entry Into Host Cell (GO:0046598),1/12,0.1136443487055952,0.256020813821221,0,0,9.040201005025123,19.659557478207127,P4HB
GO_Biological_Process_2023,Protein Heterotetramerization (GO:0051290),1/12,0.1136443487055952,0.256020813821221,0,0,9.040201005025123,19.659557478207127,KRT10
GO_Biological_Process_2023,Regulation Of Cell Communication By Electrical Coupling (GO:0010649),1/12,0.1136443487055952,0.256020813821221,0,0,9.040201005025123,19.659557478207127,CAV1
GO_Biological_Process_2023,Negative Regulation Of Macromolecule Metabolic Process (GO:0010605),4/186,0.1166797006411275,0.2605447654855632,0,0,2.1998205875756898,4.725924503393204,APP;RACK1;APOE;KLF4
GO_Biological_Process_2023,Cellular Response To Tumor Necrosis Factor (GO:0071356),3/119,0.1169417814626649,0.2605447654855632,0,0,2.584106423945388,5.545696691343623,EIF5A;YBX3;ZFP36L2
GO_Biological_Process_2023,Aerobic Respiration (GO:0009060),2/59,0.1177356082636544,0.2605447654855632,0,0,3.4986709197235517,7.484754897547597,MDH2;ATP5F1D
GO_Biological_Process_2023,Regulation Of miRNA Transcription (GO:1902893),2/59,0.1177356082636544,0.2605447654855632,0,0,3.4986709197235517,7.484754897547597,MYC;KLF4
GO_Biological_Process_2023,Regulation Of Type I Interferon Production (GO:0032479),2/59,0.1177356082636544,0.2605447654855632,0,0,3.4986709197235517,7.484754897547597,IRF1;GAPDH
GO_Biological_Process_2023,Glucose Metabolic Process (GO:0006006),2/59,0.1177356082636544,0.2605447654855632,0,0,3.4986709197235517,7.484754897547597,MDH2;ATF4
GO_Biological_Process_2023,Heart Morphogenesis (GO:0003007),2/59,0.1177356082636544,0.2605447654855632,0,0,3.4986709197235517,7.484754897547597,FKBP1A;EMP2
GO_Biological_Process_2023,Negative Regulation Of Cytokine-Mediated Signaling Pathway (GO:0001960),2/59,0.1177356082636544,0.2605447654855632,0,0,3.4986709197235517,7.484754897547597,GSTP1;GAS6
GO_Biological_Process_2023,Positive Regulation Of Proteolysis (GO:0045862),2/59,0.1177356082636544,0.2605447654855632,0,0,3.4986709197235517,7.484754897547597,PERP;APOE
GO_Biological_Process_2023,Regulation Of Extrinsic Apoptotic Signaling Pathway (GO:2001236),2/60,0.1210294038464434,0.2605447654855632,0,0,3.438174851967956,7.260468635528234,GSTP1;CAV1
GO_Biological_Process_2023,Positive Regulation Of Phagocytosis (GO:0050766),2/60,0.1210294038464434,0.2605447654855632,0,0,3.438174851967956,7.260468635528234,CALR;GAS6
GO_Biological_Process_2023,Proton Motive Force-Driven ATP Synthesis (GO:0015986),2/60,0.1210294038464434,0.2605447654855632,0,0,3.438174851967956,7.260468635528234,ATP5MC3;ATP5F1D
GO_Biological_Process_2023,Endocytosis (GO:0006897),4/189,0.121734806090777,0.2605447654855632,0,0,2.1638168781025926,4.556804295865727,APP;CAV1;APOE;GAS6
GO_Biological_Process_2023,GTP Metabolic Process (GO:0046039),1/13,0.1225132126107664,0.2605447654855632,0,0,8.28643216080402,17.397665920944878,IMPDH2
GO_Biological_Process_2023,Regulation Of Gastrulation (GO:0010470),1/13,0.1225132126107664,0.2605447654855632,0,0,8.28643216080402,17.397665920944878,RACK1
GO_Biological_Process_2023,Regulation Of Humoral Immune Response (GO:0002920),1/13,0.1225132126107664,0.2605447654855632,0,0,8.28643216080402,17.397665920944878,CD59
GO_Biological_Process_2023,Regulation Of Immune Effector Process (GO:0002697),1/13,0.1225132126107664,0.2605447654855632,0,0,8.28643216080402,17.397665920944878,CD59
GO_Biological_Process_2023,T Cell Differentiation In Thymus (GO:0033077),1/13,0.1225132126107664,0.2605447654855632,0,0,8.28643216080402,17.397665920944878,ZFP36L2
GO_Biological_Process_2023,Acute-Phase Response (GO:0006953),1/13,0.1225132126107664,0.2605447654855632,0,0,8.28643216080402,17.397665920944878,CEBPB
GO_Biological_Process_2023,Regulation Of Nitric-Oxide Synthase Biosynthetic Process (GO:0051769),1/13,0.1225132126107664,0.2605447654855632,0,0,8.28643216080402,17.397665920944878,GSTP1
GO_Biological_Process_2023,Regulation Of Nitrogen Compound Metabolic Process (GO:0051171),1/13,0.1225132126107664,0.2605447654855632,0,0,8.28643216080402,17.397665920944878,APOE
GO_Biological_Process_2023,Regulation Of Response To Endoplasmic Reticulum Stress (GO:1905897),1/13,0.1225132126107664,0.2605447654855632,0,0,8.28643216080402,17.397665920944878,NUPR1
GO_Biological_Process_2023,Regulation Of Response To Stress (GO:0080134),1/13,0.1225132126107664,0.2605447654855632,0,0,8.28643216080402,17.397665920944878,SLC38A2
GO_Biological_Process_2023,Cellular Response To Arsenic-Containing Substance (GO:0071243),1/13,0.1225132126107664,0.2605447654855632,0,0,8.28643216080402,17.397665920944878,HNRNPA1
GO_Biological_Process_2023,Regulation Of Transcription Of Nucleolar Large rRNA By RNA Polymerase I (GO:1901836),1/13,0.1225132126107664,0.2605447654855632,0,0,8.28643216080402,17.397665920944878,NOP53
GO_Biological_Process_2023,Regulation Of Trophoblast Cell Migration (GO:1901163),1/13,0.1225132126107664,0.2605447654855632,0,0,8.28643216080402,17.397665920944878,CALR
GO_Biological_Process_2023,Regulation Of Vasculogenesis (GO:2001212),1/13,0.1225132126107664,0.2605447654855632,0,0,8.28643216080402,17.397665920944878,EMP2
GO_Biological_Process_2023,Relaxation Of Muscle (GO:0090075),1/13,0.1225132126107664,0.2605447654855632,0,0,8.28643216080402,17.397665920944878,GSN
GO_Biological_Process_2023,Clathrin Coat Assembly (GO:0048268),1/13,0.1225132126107664,0.2605447654855632,0,0,8.28643216080402,17.397665920944878,CLTA
GO_Biological_Process_2023,Response To Progesterone (GO:0032570),1/13,0.1225132126107664,0.2605447654855632,0,0,8.28643216080402,17.397665920944878,CAV1
GO_Biological_Process_2023,Intracellular Potassium Ion Homeostasis (GO:0030007),1/13,0.1225132126107664,0.2605447654855632,0,0,8.28643216080402,17.397665920944878,ATP1A1
GO_Biological_Process_2023,Killing By Host Of Symbiont Cells (GO:0051873),1/13,0.1225132126107664,0.2605447654855632,0,0,8.28643216080402,17.397665920944878,GAPDH
GO_Biological_Process_2023,Membrane Depolarization (GO:0051899),1/13,0.1225132126107664,0.2605447654855632,0,0,8.28643216080402,17.397665920944878,CAV1
GO_Biological_Process_2023,ncRNA Transcription (GO:0098781),1/13,0.1225132126107664,0.2605447654855632,0,0,8.28643216080402,17.397665920944878,CAVIN1
GO_Biological_Process_2023,Negative Regulation Of T Cell Differentiation (GO:0045581),1/13,0.1225132126107664,0.2605447654855632,0,0,8.28643216080402,17.397665920944878,IRF1
GO_Biological_Process_2023,Negative Regulation Of Cell Migration Involved In Sprouting Angiogenesis (GO:0090051),1/13,0.1225132126107664,0.2605447654855632,0,0,8.28643216080402,17.397665920944878,KLF4
GO_Biological_Process_2023,Negative Regulation Of Endoplasmic Reticulum Unfolded Protein Response (GO:1900102),1/13,0.1225132126107664,0.2605447654855632,0,0,8.28643216080402,17.397665920944878,RACK1
GO_Biological_Process_2023,Negative Regulation Of Neuroinflammatory Response (GO:0150079),1/13,0.1225132126107664,0.2605447654855632,0,0,8.28643216080402,17.397665920944878,GRN
GO_Biological_Process_2023,Negative Regulation Of Receptor Internalization (GO:0002091),1/13,0.1225132126107664,0.2605447654855632,0,0,8.28643216080402,17.397665920944878,ANXA2
GO_Biological_Process_2023,Negative Regulation Of Viral Transcription (GO:0032897),1/13,0.1225132126107664,0.2605447654855632,0,0,8.28643216080402,17.397665920944878,IFITM3
GO_Biological_Process_2023,Positive Regulation Of Leukocyte Degranulation (GO:0043302),1/13,0.1225132126107664,0.2605447654855632,0,0,8.28643216080402,17.397665920944878,LAMP1
GO_Biological_Process_2023,Positive Regulation Of Superoxide Anion Generation (GO:0032930),1/13,0.1225132126107664,0.2605447654855632,0,0,8.28643216080402,17.397665920944878,GSTP1
GO_Biological_Process_2023,Regulation Of Protein Catabolic Process (GO:0042176),3/122,0.123480177679577,0.2622515091863187,0,0,2.5185769739367827,5.26804358631712,EEF1A1;SNX3;APOE
GO_Biological_Process_2023,Negative Regulation Of Viral Process (GO:0048525),2/61,0.1243457655234195,0.263388440916141,0,0,3.379729498373566,7.045685456427677,IFITM3;PPIA
GO_Biological_Process_2023,Positive Regulation Of Cell Junction Assembly (GO:1901890),2/61,0.1243457655234195,0.263388440916141,0,0,3.379729498373566,7.045685456427677,CAV1;S100A10
GO_Biological_Process_2023,Organonitrogen Compound Biosynthetic Process (GO:1901566),3/123,0.1256888427302304,0.2655280849731359,0,0,2.49746192893401,5.179600998900278,GSTP1;DEGS1;APOE
GO_Biological_Process_2023,Positive Regulation Of Epithelial Cell Proliferation (GO:0050679),3/123,0.1256888427302304,0.2655280849731359,0,0,2.49746192893401,5.179600998900278,GRN;MYC;RTN4
GO_Biological_Process_2023,Neuron Projection Development (GO:0031175),4/192,0.126882620786053,0.2674502811421035,0,0,2.128962223187147,4.395227321074526,APP;RAB13;APOE;NBL1
GO_Biological_Process_2023,Organelle Organization (GO:0006996),7/418,0.1270224128163887,0.2674502811421035,0,0,1.7110169812034342,3.530498287578534,DST;CAV2;MYC;CAV1;TPM1;APOE;PPIA
GO_Biological_Process_2023,Protein-Containing Complex Disassembly (GO:0032984),2/62,0.1276839186856092,0.2674502811421035,0,0,3.323232323232323,6.839868307696459,MYC;RPL17
GO_Biological_Process_2023,Negative Regulation Of Cell Growth (GO:0030308),3/125,0.1301487308762109,0.2674502811421035,0,0,2.456270283764667,5.008525221038258,CCDC85B;RACK1;RTN4
GO_Biological_Process_2023,Regulation Of Endothelial Cell Chemotaxis (GO:2001026),1/14,0.1312937743788508,0.2674502811421035,0,0,7.648627754155393,15.529145947074284,HSPB1
GO_Biological_Process_2023,Regulation Of Extracellular Matrix Disassembly (GO:0010715),1/14,0.1312937743788508,0.2674502811421035,0,0,7.648627754155393,15.529145947074284,CST3
GO_Biological_Process_2023,Regulation Of Microglial Cell Activation (GO:1903978),1/14,0.1312937743788508,0.2674502811421035,0,0,7.648627754155393,15.529145947074284,GRN
GO_Biological_Process_2023,Regulation Of Superoxide Anion Generation (GO:0032928),1/14,0.1312937743788508,0.2674502811421035,0,0,7.648627754155393,15.529145947074284,GSTP1
GO_Biological_Process_2023,Ceramide Transport (GO:0035627),1/14,0.1312937743788508,0.2674502811421035,0,0,7.648627754155393,15.529145947074284,PSAP
GO_Biological_Process_2023,Renal Water Homeostasis (GO:0003091),1/14,0.1312937743788508,0.2674502811421035,0,0,7.648627754155393,15.529145947074284,AQP3
GO_Biological_Process_2023,Contractile Actin Filament Bundle Assembly (GO:0030038),1/14,0.1312937743788508,0.2674502811421035,0,0,7.648627754155393,15.529145947074284,PDLIM1
GO_Biological_Process_2023,Response To Muscle Stretch (GO:0035994),1/14,0.1312937743788508,0.2674502811421035,0,0,7.648627754155393,15.529145947074284,GSN
GO_Biological_Process_2023,Stress Fiber Assembly (GO:0043149),1/14,0.1312937743788508,0.2674502811421035,0,0,7.648627754155393,15.529145947074284,PDLIM1
GO_Biological_Process_2023,Striated Muscle Cell Development (GO:0055002),1/14,0.1312937743788508,0.2674502811421035,0,0,7.648627754155393,15.529145947074284,MYL9
GO_Biological_Process_2023,Lipoprotein Biosynthetic Process (GO:0042158),1/14,0.1312937743788508,0.2674502811421035,0,0,7.648627754155393,15.529145947074284,APOE
GO_Biological_Process_2023,Mitochondrial Calcium Ion Transmembrane Transport (GO:0006851),1/14,0.1312937743788508,0.2674502811421035,0,0,7.648627754155393,15.529145947074284,SMDT1
GO_Biological_Process_2023,Myotube Cell Development (GO:0014904),1/14,0.1312937743788508,0.2674502811421035,0,0,7.648627754155393,15.529145947074284,CAV2
GO_Biological_Process_2023,Negative Regulation Of Defense Response To Virus (GO:0050687),1/14,0.1312937743788508,0.2674502811421035,0,0,7.648627754155393,15.529145947074284,PCBP2
GO_Biological_Process_2023,Negative Regulation Of Smooth Muscle Cell Migration (GO:0014912),1/14,0.1312937743788508,0.2674502811421035,0,0,7.648627754155393,15.529145947074284,TPM1
GO_Biological_Process_2023,Nuclear Pore Organization (GO:0006999),1/14,0.1312937743788508,0.2674502811421035,0,0,7.648627754155393,15.529145947074284,RTN4
GO_Biological_Process_2023,Positive Regulation Of Cytoplasmic Translation (GO:2000767),1/14,0.1312937743788508,0.2674502811421035,0,0,7.648627754155393,15.529145947074284,YBX3
GO_Biological_Process_2023,Positive Regulation Of Endothelial Cell Chemotaxis (GO:2001028),1/14,0.1312937743788508,0.2674502811421035,0,0,7.648627754155393,15.529145947074284,HSPB1
GO_Biological_Process_2023,Positive Regulation Of Long-Term Synaptic Potentiation (GO:1900273),1/14,0.1312937743788508,0.2674502811421035,0,0,7.648627754155393,15.529145947074284,APP
GO_Biological_Process_2023,Positive Regulation Of Membrane Protein Ectodomain Proteolysis (GO:0051044),1/14,0.1312937743788508,0.2674502811421035,0,0,7.648627754155393,15.529145947074284,APOE
GO_Biological_Process_2023,"Positive Regulation Of Nuclear-Transcribed mRNA Catabolic Process, Deadenylation-Dependent Decay (GO:1900153)",1/14,0.1312937743788508,0.2674502811421035,0,0,7.648627754155393,15.529145947074284,ZFP36L2
GO_Biological_Process_2023,Positive Regulation Of Response To Cytokine Stimulus (GO:0060760),1/14,0.1312937743788508,0.2674502811421035,0,0,7.648627754155393,15.529145947074284,GAS6
GO_Biological_Process_2023,Protein Localization To Vacuole (GO:0072665),1/14,0.1312937743788508,0.2674502811421035,0,0,7.648627754155393,15.529145947074284,RTN4
GO_Biological_Process_2023,Regulation Of Branching Involved In Ureteric Bud Morphogenesis (GO:0090189),1/14,0.1312937743788508,0.2674502811421035,0,0,7.648627754155393,15.529145947074284,TACSTD2
GO_Biological_Process_2023,Endocytic Recycling (GO:0032456),2/64,0.1344225663522014,0.2722294650437682,0,0,3.215705441511893,6.45317143498723,SNX3;RAB13
GO_Biological_Process_2023,Positive Regulation Of Cysteine-Type Endopeptidase Activity (GO:2001056),2/64,0.1344225663522014,0.2722294650437682,0,0,3.215705441511893,6.45317143498723,MYC;PERP
GO_Biological_Process_2023,Positive Regulation Of Interleukin-1 Production (GO:0032732),2/64,0.1344225663522014,0.2722294650437682,0,0,3.215705441511893,6.45317143498723,APP;HSPB1
GO_Biological_Process_2023,Positive Regulation Of Type I Interferon Production (GO:0032481),2/64,0.1344225663522014,0.2722294650437682,0,0,3.215705441511893,6.45317143498723,IRF1;GAPDH
GO_Biological_Process_2023,Regulation Of Response To External Stimulus (GO:0032101),3/127,0.1346639798868546,0.2722294650437682,0,0,2.4164074013427213,4.844830729741804,GRN;CAV1;IRF1
GO_Biological_Process_2023,Regulation Of Anatomical Structure Morphogenesis (GO:0022603),3/127,0.1346639798868546,0.2722294650437682,0,0,2.4164074013427213,4.844830729741804,SPARC;GPNMB;EMP2
GO_Biological_Process_2023,Positive Regulation Of Cell Migration (GO:0030335),5/272,0.1377802943066882,0.2749742850085374,0,0,1.8758282915586288,3.718069751420373,GRN;GPNMB;CAV1;RACK1;RTN4
GO_Biological_Process_2023,Antimicrobial Humoral Immune Response Mediated By Antimicrobial Peptide (GO:0061844),2/65,0.137821576382599,0.2749742850085374,0,0,3.1645021645021645,6.271395690931595,CXCL14;GAPDH
GO_Biological_Process_2023,Cellular Response To Light Stimulus (GO:0071482),2/65,0.137821576382599,0.2749742850085374,0,0,3.1645021645021645,6.271395690931595,MYC;ATF4
GO_Biological_Process_2023,Regulation Of Translational Initiation (GO:0006446),2/65,0.137821576382599,0.2749742850085374,0,0,3.1645021645021645,6.271395690931595,EIF4A2;HSPB1
GO_Biological_Process_2023,Fatty Acid Biosynthetic Process (GO:0006633),2/65,0.137821576382599,0.2749742850085374,0,0,3.1645021645021645,6.271395690931595,TECR;DEGS1
GO_Biological_Process_2023,Regulation Of Cell-Matrix Adhesion (GO:0001952),2/65,0.137821576382599,0.2749742850085374,0,0,3.1645021645021645,6.271395690931595,EMP2;ACTG1
GO_Biological_Process_2023,DNA-templated Transcription (GO:0006351),4/199,0.1392417886462713,0.2749742850085374,0,0,2.0518053375196232,4.045223210419924,CEBPD;NFIC;ZFP36L2;ATF4
GO_Biological_Process_2023,3'-UTR-mediated mRNA Destabilization (GO:0061158),1/15,0.139986908731619,0.2749742850085374,0,0,7.101938262742283,13.963876250165317,ZFP36L2
GO_Biological_Process_2023,Regulation Of Cholesterol Biosynthetic Process (GO:0045540),1/15,0.139986908731619,0.2749742850085374,0,0,7.101938262742283,13.963876250165317,APOE
GO_Biological_Process_2023,Alpha-Beta T Cell Activation (GO:0046631),1/15,0.139986908731619,0.2749742850085374,0,0,7.101938262742283,13.963876250165317,HLA-A
GO_Biological_Process_2023,Regulation Of Monocyte Differentiation (GO:0045655),1/15,0.139986908731619,0.2749742850085374,0,0,7.101938262742283,13.963876250165317,MYC
GO_Biological_Process_2023,Astrocyte Development (GO:0014002),1/15,0.139986908731619,0.2749742850085374,0,0,7.101938262742283,13.963876250165317,APP
GO_Biological_Process_2023,Cellular Response To Corticosteroid Stimulus (GO:0071384),1/15,0.139986908731619,0.2749742850085374,0,0,7.101938262742283,13.963876250165317,ZFP36L2
GO_Biological_Process_2023,Retrograde Axonal Transport (GO:0008090),1/15,0.139986908731619,0.2749742850085374,0,0,7.101938262742283,13.963876250165317,DST
GO_Biological_Process_2023,High-Density Lipoprotein Particle Remodeling (GO:0034375),1/15,0.139986908731619,0.2749742850085374,0,0,7.101938262742283,13.963876250165317,APOE
GO_Biological_Process_2023,Negative Regulation Of Cation Transmembrane Transport (GO:1904063),1/15,0.139986908731619,0.2749742850085374,0,0,7.101938262742283,13.963876250165317,CAV1
GO_Biological_Process_2023,Negative Regulation Of Immune Effector Process (GO:0002698),1/15,0.139986908731619,0.2749742850085374,0,0,7.101938262742283,13.963876250165317,GRN
GO_Biological_Process_2023,Negative Regulation Of Macrophage Activation (GO:0043031),1/15,0.139986908731619,0.2749742850085374,0,0,7.101938262742283,13.963876250165317,GRN
GO_Biological_Process_2023,Negative Regulation Of Platelet Activation (GO:0010544),1/15,0.139986908731619,0.2749742850085374,0,0,7.101938262742283,13.963876250165317,APOE
GO_Biological_Process_2023,Negative Regulation Of Synaptic Transmission (GO:0050805),1/15,0.139986908731619,0.2749742850085374,0,0,7.101938262742283,13.963876250165317,ARF1
GO_Biological_Process_2023,Positive Regulation Of Sprouting Angiogenesis (GO:1903672),1/15,0.139986908731619,0.2749742850085374,0,0,7.101938262742283,13.963876250165317,KLF4
GO_Biological_Process_2023,Regulation Of Activin Receptor Signaling Pathway (GO:0032925),1/15,0.139986908731619,0.2749742850085374,0,0,7.101938262742283,13.963876250165317,FKBP1A
GO_Biological_Process_2023,Regulation Of Amyloid-Beta Clearance (GO:1900221),1/15,0.139986908731619,0.2749742850085374,0,0,7.101938262742283,13.963876250165317,APOE
GO_Biological_Process_2023,Regulation Of Cell Cycle Process (GO:0010564),3/130,0.1415370182821212,0.2776771760885405,0,0,2.3589671849394462,4.612238445645575,CAV2;MYC;RPL17
GO_Biological_Process_2023,Activation Of Cysteine-Type Endopeptidase Activity Involved In Apoptotic Process (GO:0006919),2/67,0.1446753520694938,0.2831376522096228,0,0,3.0668220668220667,5.928973623253177,RACK1;ANP32B
GO_Biological_Process_2023,Regulation Of Viral Genome Replication (GO:0045069),2/67,0.1446753520694938,0.2831376522096228,0,0,3.0668220668220667,5.928973623253177,IFITM3;PPIA
GO_Biological_Process_2023,Skin Development (GO:0043588),2/68,0.1481287080780672,0.2841805797228399,0,0,3.0202020202020203,5.767600469255814,DSP;KRT10
GO_Biological_Process_2023,Regulation Of MAPK Cascade (GO:0043408),4/204,0.1483544918227803,0.2841805797228399,0,0,2.0,3.816301308308897,CAV2;GSTP1;CAV1;PPIA
GO_Biological_Process_2023,Regulation Of Interleukin-1 Production (GO:0032652),1/16,0.1485934818111902,0.2841805797228399,0,0,6.628140703517588,12.636822082241835,GAS6
GO_Biological_Process_2023,Activation Of Cysteine-Type Endopeptidase Activity (GO:0097202),1/16,0.1485934818111902,0.2841805797228399,0,0,6.628140703517588,12.636822082241835,PERP
GO_Biological_Process_2023,Regulation Of Plasminogen Activation (GO:0010755),1/16,0.1485934818111902,0.2841805797228399,0,0,6.628140703517588,12.636822082241835,S100A10
GO_Biological_Process_2023,Cell Surface Toll-Like Receptor Signaling Pathway (GO:0140895),1/16,0.1485934818111902,0.2841805797228399,0,0,6.628140703517588,12.636822082241835,S100A14
GO_Biological_Process_2023,Regulation Of Response To Cytokine Stimulus (GO:0060759),1/16,0.1485934818111902,0.2841805797228399,0,0,6.628140703517588,12.636822082241835,KLF4
GO_Biological_Process_2023,Cellular Response To Gamma Radiation (GO:0071480),1/16,0.1485934818111902,0.2841805797228399,0,0,6.628140703517588,12.636822082241835,CRYAB
GO_Biological_Process_2023,Reverse Cholesterol Transport (GO:0043691),1/16,0.1485934818111902,0.2841805797228399,0,0,6.628140703517588,12.636822082241835,APOE
GO_Biological_Process_2023,Endoplasmic Reticulum Tubular Network Organization (GO:0071786),1/16,0.1485934818111902,0.2841805797228399,0,0,6.628140703517588,12.636822082241835,RTN4
GO_Biological_Process_2023,"Synaptic Transmission, Cholinergic (GO:0007271)",1/16,0.1485934818111902,0.2841805797228399,0,0,6.628140703517588,12.636822082241835,APOE
GO_Biological_Process_2023,Negative Regulation Of Anoikis (GO:2000811),1/16,0.1485934818111902,0.2841805797228399,0,0,6.628140703517588,12.636822082241835,CAV1
GO_Biological_Process_2023,Negative Regulation Of Biosynthetic Process (GO:0009890),1/16,0.1485934818111902,0.2841805797228399,0,0,6.628140703517588,12.636822082241835,GSTP1
GO_Biological_Process_2023,Negative Regulation Of Phosphatase Activity (GO:0010923),1/16,0.1485934818111902,0.2841805797228399,0,0,6.628140703517588,12.636822082241835,FKBP1A
GO_Biological_Process_2023,Positive Regulation By Host Of Viral Transcription (GO:0043923),1/16,0.1485934818111902,0.2841805797228399,0,0,6.628140703517588,12.636822082241835,NUCKS1
GO_Biological_Process_2023,Positive Regulation Of Lymphocyte Migration (GO:2000403),1/16,0.1485934818111902,0.2841805797228399,0,0,6.628140703517588,12.636822082241835,APP
GO_Biological_Process_2023,Prostanoid Metabolic Process (GO:0006692),1/16,0.1485934818111902,0.2841805797228399,0,0,6.628140703517588,12.636822082241835,GSTP1
GO_Biological_Process_2023,Protein Kinase A Signaling (GO:0010737),1/16,0.1485934818111902,0.2841805797228399,0,0,6.628140703517588,12.636822082241835,RAB13
GO_Biological_Process_2023,Regulation Of DNA Strand Elongation (GO:0060382),1/16,0.1485934818111902,0.2841805797228399,0,0,6.628140703517588,12.636822082241835,NUCKS1
GO_Biological_Process_2023,Regulation Of Monoatomic Ion Transmembrane Transporter Activity (GO:0032412),2/69,0.1515987898971927,0.2892345333564861,0,0,2.974973616764661,5.612340646899519,APP;FXYD3
GO_Biological_Process_2023,Phagocytosis (GO:0006909),2/69,0.1515987898971927,0.2892345333564861,0,0,2.974973616764661,5.612340646899519,GSN;GAS6
GO_Biological_Process_2023,Cellular Response To Metal Ion (GO:0071248),3/135,0.1532453275007154,0.2900432756384302,0,0,2.269035532994924,4.256064425015225,MT2A;MT1X;MT1E
GO_Biological_Process_2023,Central Nervous System Development (GO:0007417),5/283,0.1547610630287284,0.2900432756384302,0,0,1.8005902969931746,3.3596726036690296,APP;MARCKS;GSN;GSTP1;RTN4
GO_Biological_Process_2023,Positive Regulation Of Protein Transport (GO:0051222),2/70,0.1550849226995339,0.2900432756384302,0,0,2.931075460487225,5.462886925837976,RACK1;PPIA
GO_Biological_Process_2023,Regulation Of Cellular Respiration (GO:0043457),1/17,0.157114351192228,0.2900432756384302,0,0,6.21356783919598,11.499955704952034,NOP53
GO_Biological_Process_2023,Golgi To Vacuole Transport (GO:0006896),1/17,0.157114351192228,0.2900432756384302,0,0,6.21356783919598,11.499955704952034,LAMP1
GO_Biological_Process_2023,Amyloid Precursor Protein Metabolic Process (GO:0042982),1/17,0.157114351192228,0.2900432756384302,0,0,6.21356783919598,11.499955704952034,APOE
GO_Biological_Process_2023,Regulation Of Oxidative Phosphorylation (GO:0002082),1/17,0.157114351192228,0.2900432756384302,0,0,6.21356783919598,11.499955704952034,NUPR1
GO_Biological_Process_2023,Cellular Response To Glucocorticoid Stimulus (GO:0071385),1/17,0.157114351192228,0.2900432756384302,0,0,6.21356783919598,11.499955704952034,ZFP36L2
GO_Biological_Process_2023,Regulation Of Ubiquitin Protein Ligase Activity (GO:1904666),1/17,0.157114351192228,0.2900432756384302,0,0,6.21356783919598,11.499955704952034,RPL17
GO_Biological_Process_2023,Regulation Of Viral Transcription (GO:0046782),1/17,0.157114351192228,0.2900432756384302,0,0,6.21356783919598,11.499955704952034,IFITM3
GO_Biological_Process_2023,Extracellular Matrix Assembly (GO:0085029),1/17,0.157114351192228,0.2900432756384302,0,0,6.21356783919598,11.499955704952034,GAS6
GO_Biological_Process_2023,Toll-Like Receptor 4 Signaling Pathway (GO:0034142),1/17,0.157114351192228,0.2900432756384302,0,0,6.21356783919598,11.499955704952034,S100A14
GO_Biological_Process_2023,Long-Chain fatty-acyl-CoA Biosynthetic Process (GO:0035338),1/17,0.157114351192228,0.2900432756384302,0,0,6.21356783919598,11.499955704952034,TECR
GO_Biological_Process_2023,"mRNA Cis Splicing, Via Spliceosome (GO:0045292)",1/17,0.157114351192228,0.2900432756384302,0,0,6.21356783919598,11.499955704952034,HNRNPC
GO_Biological_Process_2023,Membrane Lipid Metabolic Process (GO:0006643),1/17,0.157114351192228,0.2900432756384302,0,0,6.21356783919598,11.499955704952034,TECR
GO_Biological_Process_2023,Negative Regulation Of Interleukin-8 Production (GO:0032717),1/17,0.157114351192228,0.2900432756384302,0,0,6.21356783919598,11.499955704952034,KLF4
GO_Biological_Process_2023,Negative Regulation Of Leukocyte Activation (GO:0002695),1/17,0.157114351192228,0.2900432756384302,0,0,6.21356783919598,11.499955704952034,GRN
GO_Biological_Process_2023,Negative Regulation Of Ubiquitin-Protein Transferase Activity (GO:0051444),1/17,0.157114351192228,0.2900432756384302,0,0,6.21356783919598,11.499955704952034,RPL17
GO_Biological_Process_2023,Negative Regulation Of Vascular Associated Smooth Muscle Cell Proliferation (GO:1904706),1/17,0.157114351192228,0.2900432756384302,0,0,6.21356783919598,11.499955704952034,TPM1
GO_Biological_Process_2023,Neuron Maturation (GO:0042551),1/17,0.157114351192228,0.2900432756384302,0,0,6.21356783919598,11.499955704952034,APP
GO_Biological_Process_2023,Positive Chemotaxis (GO:0050918),1/17,0.157114351192228,0.2900432756384302,0,0,6.21356783919598,11.499955704952034,GPNMB
GO_Biological_Process_2023,Positive Regulation Of Alpha-Beta T Cell Proliferation (GO:0046641),1/17,0.157114351192228,0.2900432756384302,0,0,6.21356783919598,11.499955704952034,HLA-A
GO_Biological_Process_2023,Positive Regulation Of Heart Rate (GO:0010460),1/17,0.157114351192228,0.2900432756384302,0,0,6.21356783919598,11.499955704952034,TPM1
GO_Biological_Process_2023,Positive Regulation Of Nitric-Oxide Synthase Activity (GO:0051000),1/17,0.157114351192228,0.2900432756384302,0,0,6.21356783919598,11.499955704952034,APOE
GO_Biological_Process_2023,Positive Regulation Of Stem Cell Differentiation (GO:2000738),1/17,0.157114351192228,0.2900432756384302,0,0,6.21356783919598,11.499955704952034,TACSTD2
GO_Biological_Process_2023,Prostaglandin Biosynthetic Process (GO:0001516),1/17,0.157114351192228,0.2900432756384302,0,0,6.21356783919598,11.499955704952034,CBR1
GO_Biological_Process_2023,rRNA Transcription (GO:0009303),1/17,0.157114351192228,0.2900432756384302,0,0,6.21356783919598,11.499955704952034,CAVIN1
GO_Biological_Process_2023,Regulation Of Aerobic Respiration (GO:1903715),1/17,0.157114351192228,0.2900432756384302,0,0,6.21356783919598,11.499955704952034,NOP53
GO_Biological_Process_2023,Negative Regulation Of Protein Binding (GO:0032091),2/71,0.1585864433775845,0.2924224013725403,0,0,2.888449714536671,5.318951469597782,CAV1;RACK1
GO_Biological_Process_2023,Regulation Of Transcription By RNA Polymerase II (GO:0006357),25/2028,0.1598034315544071,0.2943261816735327,0,0,1.2693103202339349,2.327674938030978,APP;CEBPB;CEBPD;NUCKS1;PTMS;MYC;RPL17;IER2;S100A10;EIF5A;ANXA2;GADD45A;FUS;CAV1;KLF4;HOPX;DCN;EID1;NFIC;IRF1;ID1;ID3;CALR;NOP53;ATF4
GO_Biological_Process_2023,"mRNA Splicing, Via Spliceosome (GO:0000398)",4/211,0.1614866779774371,0.2951784580466711,0,0,1.9316770186335404,3.522089736813523,SRSF2;HNRNPC;SRSF5;HNRNPA1
GO_Biological_Process_2023,Response To Ionizing Radiation (GO:0010212),2/72,0.1621027002960182,0.2951784580466711,0,0,2.8470418470418477,5.180264363849609,GADD45A;MYC
GO_Biological_Process_2023,Plasma Membrane Organization (GO:0007009),2/72,0.1621027002960182,0.2951784580466711,0,0,2.8470418470418477,5.180264363849609,DEGS1;DMKN
GO_Biological_Process_2023,Negative Regulation Of Wnt Signaling Pathway (GO:0030178),3/140,0.1652477197553054,0.2951784580466711,0,0,2.1856682352069363,3.934879504297894,CAV1;RACK1;APOE
GO_Biological_Process_2023,Regulation Of Defense Response To Virus (GO:0050688),1/18,0.1655503660358053,0.2951784580466711,0,0,5.847768253029855,10.51709310132786,PCBP2
GO_Biological_Process_2023,Regulation Of Establishment Or Maintenance Of Cell Polarity (GO:0032878),1/18,0.1655503660358053,0.2951784580466711,0,0,5.847768253029855,10.51709310132786,RACK1
GO_Biological_Process_2023,Actin Filament Capping (GO:0051693),1/18,0.1655503660358053,0.2951784580466711,0,0,5.847768253029855,10.51709310132786,GSN
GO_Biological_Process_2023,Regulation Of Mitochondrial Outer Membrane Permeabilization Involved In Apoptotic Signaling Pathway (GO:1901028),1/18,0.1655503660358053,0.2951784580466711,0,0,5.847768253029855,10.51709310132786,SLC25A6
GO_Biological_Process_2023,Associative Learning (GO:0008306),1/18,0.1655503660358053,0.2951784580466711,0,0,5.847768253029855,10.51709310132786,APP
GO_Biological_Process_2023,Regulation Of Nervous System Process (GO:0031644),1/18,0.1655503660358053,0.2951784580466711,0,0,5.847768253029855,10.51709310132786,APP
GO_Biological_Process_2023,Barbed-End Actin Filament Capping (GO:0051016),1/18,0.1655503660358053,0.2951784580466711,0,0,5.847768253029855,10.51709310132786,GSN
GO_Biological_Process_2023,Branching Involved In Ureteric Bud Morphogenesis (GO:0001658),1/18,0.1655503660358053,0.2951784580466711,0,0,5.847768253029855,10.51709310132786,MYC
GO_Biological_Process_2023,Cardiac Muscle Cell Contraction (GO:0086003),1/18,0.1655503660358053,0.2951784580466711,0,0,5.847768253029855,10.51709310132786,GSN
GO_Biological_Process_2023,Renal Absorption (GO:0070293),1/18,0.1655503660358053,0.2951784580466711,0,0,5.847768253029855,10.51709310132786,GSN
GO_Biological_Process_2023,Ureteric Bud Morphogenesis (GO:0060675),1/18,0.1655503660358053,0.2951784580466711,0,0,5.847768253029855,10.51709310132786,MYC
GO_Biological_Process_2023,Heart Trabecula Morphogenesis (GO:0061384),1/18,0.1655503660358053,0.2951784580466711,0,0,5.847768253029855,10.51709310132786,FKBP1A
GO_Biological_Process_2023,Icosanoid Biosynthetic Process (GO:0046456),1/18,0.1655503660358053,0.2951784580466711,0,0,5.847768253029855,10.51709310132786,MGST3
GO_Biological_Process_2023,Intracellular Sodium Ion Homeostasis (GO:0006883),1/18,0.1655503660358053,0.2951784580466711,0,0,5.847768253029855,10.51709310132786,ATP1A1
GO_Biological_Process_2023,Lysosomal Lumen Acidification (GO:0007042),1/18,0.1655503660358053,0.2951784580466711,0,0,5.847768253029855,10.51709310132786,GRN
GO_Biological_Process_2023,Nitric Oxide Mediated Signal Transduction (GO:0007263),1/18,0.1655503660358053,0.2951784580466711,0,0,5.847768253029855,10.51709310132786,APOE
GO_Biological_Process_2023,Peptide Antigen Assembly With MHC Protein Complex (GO:0002501),1/18,0.1655503660358053,0.2951784580466711,0,0,5.847768253029855,10.51709310132786,CALR
GO_Biological_Process_2023,Positive Regulation Of Epidermal Cell Differentiation (GO:0045606),1/18,0.1655503660358053,0.2951784580466711,0,0,5.847768253029855,10.51709310132786,SFN
GO_Biological_Process_2023,Positive Regulation Of Focal Adhesion Assembly (GO:0051894),1/18,0.1655503660358053,0.2951784580466711,0,0,5.847768253029855,10.51709310132786,S100A10
GO_Biological_Process_2023,Positive Regulation Of Interleukin-4 Production (GO:0032753),1/18,0.1655503660358053,0.2951784580466711,0,0,5.847768253029855,10.51709310132786,CEBPB
GO_Biological_Process_2023,Positive Regulation Of Monocyte Chemotaxis (GO:0090026),1/18,0.1655503660358053,0.2951784580466711,0,0,5.847768253029855,10.51709310132786,S100A14
GO_Biological_Process_2023,Regulation Of RIG-I Signaling Pathway (GO:0039535),1/18,0.1655503660358053,0.2951784580466711,0,0,5.847768253029855,10.51709310132786,NOP53
GO_Biological_Process_2023,Regulation Of T Cell Cytokine Production (GO:0002724),1/18,0.1655503660358053,0.2951784580466711,0,0,5.847768253029855,10.51709310132786,HLA-A
GO_Biological_Process_2023,Regulation Of Adaptive Immune Response (GO:0002819),1/18,0.1655503660358053,0.2951784580466711,0,0,5.847768253029855,10.51709310132786,IRF1
GO_Biological_Process_2023,Cellular Response To Reactive Oxygen Species (GO:0034614),2/73,0.1656330532612982,0.2951784580466711,0,0,2.806800398349694,5.046572271238703,PRDX5;TPM1
GO_Biological_Process_2023,mRNA Processing (GO:0006397),4/214,0.1672414640339175,0.297712204390735,0,0,1.903790087463557,3.4045794514374683,SRSF2;HNRNPC;SRSF5;HNRNPA1
GO_Biological_Process_2023,Negative Regulation Of Neuron Apoptotic Process (GO:0043524),2/74,0.1691768732048807,0.2995402544368951,0,0,2.767676767676768,4.917637208774679,GRN;APOE
GO_Biological_Process_2023,Regulation Of Early Endosome To Late Endosome Transport (GO:2000641),1/19,0.1739023671527052,0.2995402544368951,0,0,5.522613065326633,9.66049300943,SNX3
GO_Biological_Process_2023,Regulation Of Granulocyte Chemotaxis (GO:0071622),1/19,0.1739023671527052,0.2995402544368951,0,0,5.522613065326633,9.66049300943,S100A14
GO_Biological_Process_2023,Regulation Of Integrin-Mediated Signaling Pathway (GO:2001044),1/19,0.1739023671527052,0.2995402544368951,0,0,5.522613065326633,9.66049300943,EMP2
GO_Biological_Process_2023,Regulation Of Lymphocyte Differentiation (GO:0045619),1/19,0.1739023671527052,0.2995402544368951,0,0,5.522613065326633,9.66049300943,ZFP36L2
GO_Biological_Process_2023,Regulation Of Neuroinflammatory Response (GO:0150077),1/19,0.1739023671527052,0.2995402544368951,0,0,5.522613065326633,9.66049300943,NUPR1
GO_Biological_Process_2023,Regulation Of Nuclear Division (GO:0051783),1/19,0.1739023671527052,0.2995402544368951,0,0,5.522613065326633,9.66049300943,CAV2
GO_Biological_Process_2023,Regulation Of Vascular Endothelial Growth Factor Signaling Pathway (GO:1900746),1/19,0.1739023671527052,0.2995402544368951,0,0,5.522613065326633,9.66049300943,DCN
GO_Biological_Process_2023,Release Of Cytochrome C From Mitochondria (GO:0001836),1/19,0.1739023671527052,0.2995402544368951,0,0,5.522613065326633,9.66049300943,SFN
GO_Biological_Process_2023,Cortical Actin Cytoskeleton Organization (GO:0030866),1/19,0.1739023671527052,0.2995402544368951,0,0,5.522613065326633,9.66049300943,RAB13
GO_Biological_Process_2023,Establishment Of Skin Barrier (GO:0061436),1/19,0.1739023671527052,0.2995402544368951,0,0,5.522613065326633,9.66049300943,SFN
GO_Biological_Process_2023,Eye Morphogenesis (GO:0048592),1/19,0.1739023671527052,0.2995402544368951,0,0,5.522613065326633,9.66049300943,C12ORF57
GO_Biological_Process_2023,Fluid Transport (GO:0042044),1/19,0.1739023671527052,0.2995402544368951,0,0,5.522613065326633,9.66049300943,AQP3
GO_Biological_Process_2023,Heme Biosynthetic Process (GO:0006783),1/19,0.1739023671527052,0.2995402544368951,0,0,5.522613065326633,9.66049300943,TSPO
GO_Biological_Process_2023,Water Transport (GO:0006833),1/19,0.1739023671527052,0.2995402544368951,0,0,5.522613065326633,9.66049300943,AQP3
GO_Biological_Process_2023,Leukotriene Biosynthetic Process (GO:0019370),1/19,0.1739023671527052,0.2995402544368951,0,0,5.522613065326633,9.66049300943,MGST3
GO_Biological_Process_2023,Linoleic Acid Metabolic Process (GO:0043651),1/19,0.1739023671527052,0.2995402544368951,0,0,5.522613065326633,9.66049300943,GSTP1
GO_Biological_Process_2023,Multicellular Organismal-Level Water Homeostasis (GO:0050891),1/19,0.1739023671527052,0.2995402544368951,0,0,5.522613065326633,9.66049300943,AQP3
GO_Biological_Process_2023,Negative Regulation Of Calcium Ion Transmembrane Transport (GO:1903170),1/19,0.1739023671527052,0.2995402544368951,0,0,5.522613065326633,9.66049300943,FKBP1A
GO_Biological_Process_2023,Negative Regulation Of Leukocyte Cell-Cell Adhesion (GO:1903038),1/19,0.1739023671527052,0.2995402544368951,0,0,5.522613065326633,9.66049300943,GPNMB
GO_Biological_Process_2023,Negative Regulation Of Protein Dephosphorylation (GO:0035308),1/19,0.1739023671527052,0.2995402544368951,0,0,5.522613065326633,9.66049300943,FKBP1A
GO_Biological_Process_2023,Neuron Apoptotic Process (GO:0051402),1/19,0.1739023671527052,0.2995402544368951,0,0,5.522613065326633,9.66049300943,GAPDH
GO_Biological_Process_2023,Phosphate Ion Transport (GO:0006817),1/19,0.1739023671527052,0.2995402544368951,0,0,5.522613065326633,9.66049300943,SLC25A3
GO_Biological_Process_2023,Pore Complex Assembly (GO:0046931),1/19,0.1739023671527052,0.2995402544368951,0,0,5.522613065326633,9.66049300943,RTN4
GO_Biological_Process_2023,Positive Regulation Of Alpha-Beta T Cell Activation (GO:0046635),1/19,0.1739023671527052,0.2995402544368951,0,0,5.522613065326633,9.66049300943,HLA-A
GO_Biological_Process_2023,Positive Regulation Of Mitochondrial Fission (GO:0090141),1/19,0.1739023671527052,0.2995402544368951,0,0,5.522613065326633,9.66049300943,DCN
GO_Biological_Process_2023,Protein Heterooligomerization (GO:0051291),1/19,0.1739023671527052,0.2995402544368951,0,0,5.522613065326633,9.66049300943,KRT10
GO_Biological_Process_2023,Regulation Of B Cell Differentiation (GO:0045577),1/19,0.1739023671527052,0.2995402544368951,0,0,5.522613065326633,9.66049300943,ZFP36L2
GO_Biological_Process_2023,Regulation Of Acute Inflammatory Response (GO:0002673),1/19,0.1739023671527052,0.2995402544368951,0,0,5.522613065326633,9.66049300943,GSTP1
GO_Biological_Process_2023,Regulation Of Behavior (GO:0050795),1/19,0.1739023671527052,0.2995402544368951,0,0,5.522613065326633,9.66049300943,APOE
GO_Biological_Process_2023,Positive Regulation Of Protein Phosphorylation (GO:0001934),6/377,0.1773853760827929,0.3052100052341475,0,0,1.6196682135215494,2.8011038467802964,APP;GPNMB;CAV1;RACK1;GAS6;PPIA
GO_Biological_Process_2023,Regulation Of Immune Response (GO:0050776),2/77,0.1798830098073791,0.3068247552258527,0,0,2.656565656565657,4.557201796283064,FKBP1A;IRF1
GO_Biological_Process_2023,Monoatomic Cation Homeostasis (GO:0055080),2/77,0.1798830098073791,0.3068247552258527,0,0,2.656565656565657,4.557201796283064,CAV1;S100A14
GO_Biological_Process_2023,Negative Regulation Of Transforming Growth Factor Beta Receptor Signaling Pathway (GO:0030512),2/77,0.1798830098073791,0.3068247552258527,0,0,2.656565656565657,4.557201796283064,FKBP1A;CAV1
GO_Biological_Process_2023,Neutrophil Migration (GO:1990266),2/77,0.1798830098073791,0.3068247552258527,0,0,2.656565656565657,4.557201796283064,EMP2;PPIA
GO_Biological_Process_2023,Positive Regulation Of JNK Cascade (GO:0046330),2/77,0.1798830098073791,0.3068247552258527,0,0,2.656565656565657,4.557201796283064,APP;GADD45A
GO_Biological_Process_2023,Regulation Of T Cell Proliferation (GO:0042129),2/77,0.1798830098073791,0.3068247552258527,0,0,2.656565656565657,4.557201796283064,CEBPB;GPNMB
GO_Biological_Process_2023,Negative Regulation Of Response To External Stimulus (GO:0032102),3/146,0.1800025240475294,0.3068247552258527,0,0,2.093322920734088,3.589597500577494,PCBP2;APOE;KLF4
GO_Biological_Process_2023,Positive Regulation Of Cellular Catabolic Process (GO:0031331),3/146,0.1800025240475294,0.3068247552258527,0,0,2.093322920734088,3.589597500577494,APP;APOE;DCN
GO_Biological_Process_2023,Ameboidal-Type Cell Migration (GO:0001667),1/20,0.182171186958547,0.3068247552258527,0,0,5.231684739486909,8.908556962758436,PDLIM1
GO_Biological_Process_2023,Regulation Of Necroptotic Process (GO:0060544),1/20,0.182171186958547,0.3068247552258527,0,0,5.231684739486909,8.908556962758436,YBX3
GO_Biological_Process_2023,Cell Projection Organization (GO:0030030),1/20,0.182171186958547,0.3068247552258527,0,0,5.231684739486909,8.908556962758436,GSN
GO_Biological_Process_2023,Regulation Of Smooth Muscle Contraction (GO:0006940),1/20,0.182171186958547,0.3068247552258527,0,0,5.231684739486909,8.908556962758436,CAV1
GO_Biological_Process_2023,Regulation Of Toll-Like Receptor Signaling Pathway (GO:0034121),1/20,0.182171186958547,0.3068247552258527,0,0,5.231684739486909,8.908556962758436,IRF1
GO_Biological_Process_2023,Response To Ketone (GO:1901654),1/20,0.182171186958547,0.3068247552258527,0,0,5.231684739486909,8.908556962758436,CAV1
GO_Biological_Process_2023,Transport Along Microtubule (GO:0010970),1/20,0.182171186958547,0.3068247552258527,0,0,5.231684739486909,8.908556962758436,APP
GO_Biological_Process_2023,Leukotriene Metabolic Process (GO:0006691),1/20,0.182171186958547,0.3068247552258527,0,0,5.231684739486909,8.908556962758436,MGST3
GO_Biological_Process_2023,Negative Regulation Of Phosphoprotein Phosphatase Activity (GO:0032515),1/20,0.182171186958547,0.3068247552258527,0,0,5.231684739486909,8.908556962758436,FKBP1A
GO_Biological_Process_2023,Negative Regulation Of Reproductive Process (GO:2000242),1/20,0.182171186958547,0.3068247552258527,0,0,5.231684739486909,8.908556962758436,CALR
GO_Biological_Process_2023,Positive Regulation Of Embryonic Development (GO:0040019),1/20,0.182171186958547,0.3068247552258527,0,0,5.231684739486909,8.908556962758436,RACK1
GO_Biological_Process_2023,Positive Regulation Of Epithelial Cell Differentiation (GO:0030858),1/20,0.182171186958547,0.3068247552258527,0,0,5.231684739486909,8.908556962758436,SFN
GO_Biological_Process_2023,Regulation Of Innate Immune Response (GO:0045088),2/78,0.1834746263330842,0.3080442410539678,0,0,2.621477937267411,4.445184817601474,IRF1;PCBP2
GO_Biological_Process_2023,Negative Regulation Of Protein Modification Process (GO:0031400),2/78,0.1834746263330842,0.3080442410539678,0,0,2.621477937267411,4.445184817601474,TSPO;PPIA
GO_Biological_Process_2023,Positive Regulation Of Tumor Necrosis Factor Production (GO:0032760),2/78,0.1834746263330842,0.3080442410539678,0,0,2.621477937267411,4.445184817601474,APP;HSPB1
GO_Biological_Process_2023,Regulation Of Neuron Differentiation (GO:0045664),2/79,0.1870767274857147,0.3124475186803298,0,0,2.5873015873015874,4.336929198982091,CALR;NBL1
GO_Biological_Process_2023,Cellular Response To UV (GO:0034644),2/79,0.1870767274857147,0.3124475186803298,0,0,2.5873015873015874,4.336929198982091,MYC;ATF4
GO_Biological_Process_2023,Vesicle Fusion (GO:0006906),2/79,0.1870767274857147,0.3124475186803298,0,0,2.5873015873015874,4.336929198982091,CAV2;RAB13
GO_Biological_Process_2023,Negative Regulation Of Cellular Component Organization (GO:0051129),2/79,0.1870767274857147,0.3124475186803298,0,0,2.5873015873015874,4.336929198982091,CRYAB;NOP53
GO_Biological_Process_2023,Positive Regulation Of Protein Modification By Small Protein Conjugation Or Removal (GO:1903322),2/79,0.1870767274857147,0.3124475186803298,0,0,2.5873015873015874,4.336929198982091,FKBP1A;CAV1
GO_Biological_Process_2023,Neuron Development (GO:0048666),3/150,0.1900319933080969,0.313333799263613,0,0,2.035947373873407,3.380818543405686,APP;RAB13;APOE
GO_Biological_Process_2023,Regulation Of Membrane Protein Ectodomain Proteolysis (GO:0051043),1/21,0.1903576498347592,0.313333799263613,0,0,4.969849246231155,8.244237447277422,APOE
GO_Biological_Process_2023,Regulation Of Steroid Metabolic Process (GO:0019218),1/21,0.1903576498347592,0.313333799263613,0,0,4.969849246231155,8.244237447277422,APOE
GO_Biological_Process_2023,Regulation Of Transferase Activity (GO:0051338),1/21,0.1903576498347592,0.313333799263613,0,0,4.969849246231155,8.244237447277422,EMP2
GO_Biological_Process_2023,Chaperone-Mediated Protein Complex Assembly (GO:0051131),1/21,0.1903576498347592,0.313333799263613,0,0,4.969849246231155,8.244237447277422,HOPX
GO_Biological_Process_2023,Skin Epidermis Development (GO:0098773),1/21,0.1903576498347592,0.313333799263613,0,0,4.969849246231155,8.244237447277422,SFN
GO_Biological_Process_2023,Mitochondrial Calcium Ion Homeostasis (GO:0051560),1/21,0.1903576498347592,0.313333799263613,0,0,4.969849246231155,8.244237447277422,SMDT1
GO_Biological_Process_2023,Negative Regulation Of Biomineral Tissue Development (GO:0070168),1/21,0.1903576498347592,0.313333799263613,0,0,4.969849246231155,8.244237447277422,GAS6
GO_Biological_Process_2023,Porphyrin-Containing Compound Biosynthetic Process (GO:0006779),1/21,0.1903576498347592,0.313333799263613,0,0,4.969849246231155,8.244237447277422,TSPO
GO_Biological_Process_2023,Positive Regulation Of T Cell Cytokine Production (GO:0002726),1/21,0.1903576498347592,0.313333799263613,0,0,4.969849246231155,8.244237447277422,HLA-A
GO_Biological_Process_2023,Positive Regulation Of Granulocyte Chemotaxis (GO:0071624),1/21,0.1903576498347592,0.313333799263613,0,0,4.969849246231155,8.244237447277422,S100A14
GO_Biological_Process_2023,Positive Regulation Of Natural Killer Cell Mediated Cytotoxicity (GO:0045954),1/21,0.1903576498347592,0.313333799263613,0,0,4.969849246231155,8.244237447277422,LAMP1
GO_Biological_Process_2023,Positive Regulation Of Vacuole Organization (GO:0044090),1/21,0.1903576498347592,0.313333799263613,0,0,4.969849246231155,8.244237447277422,GRN
GO_Biological_Process_2023,Regulation Of Anoikis (GO:2000209),1/21,0.1903576498347592,0.313333799263613,0,0,4.969849246231155,8.244237447277422,CAV1
GO_Biological_Process_2023,Positive Regulation Of Multicellular Organismal Process (GO:0051240),6/387,0.1923388966485104,0.3162685980972929,0,0,1.5763454825878724,2.598599815651101,CEBPB;CAV1;APOE;GAS6;GAPDH;RTN4
GO_Biological_Process_2023,Positive Regulation Of NF-kappaB Transcription Factor Activity (GO:0051092),3/152,0.1950997857095987,0.3204780208103089,0,0,2.0084148127959662,3.2822401178455567,APP;CAV1;PPIA
GO_Biological_Process_2023,Negative Regulation Of Apoptotic Signaling Pathway (GO:2001234),2/82,0.1979403391192459,0.3213683271325218,0,0,2.48989898989899,4.033112516956104,GSTP1;SLC25A6
GO_Biological_Process_2023,Positive Regulation Of Tumor Necrosis Factor Superfamily Cytokine Production (GO:1903557),2/82,0.1979403391192459,0.3213683271325218,0,0,2.48989898989899,4.033112516956104,APP;HSPB1
GO_Biological_Process_2023,Regulation Of Protein Export From Nucleus (GO:0046825),1/22,0.1984625719282345,0.3213683271325218,0,0,4.732950466618808,7.653913334056085,GAS6
GO_Biological_Process_2023,Regulation Of Regulatory T Cell Differentiation (GO:0045589),1/22,0.1984625719282345,0.3213683271325218,0,0,4.732950466618808,7.653913334056085,IRF1
GO_Biological_Process_2023,Cellular Response To Interferon-Beta (GO:0035458),1/22,0.1984625719282345,0.3213683271325218,0,0,4.732950466618808,7.653913334056085,IRF1
GO_Biological_Process_2023,Cytoskeleton-Dependent Intracellular Transport (GO:0030705),1/22,0.1984625719282345,0.3213683271325218,0,0,4.732950466618808,7.653913334056085,TUBB2A
GO_Biological_Process_2023,Dendritic Cell Differentiation (GO:0097028),1/22,0.1984625719282345,0.3213683271325218,0,0,4.732950466618808,7.653913334056085,GAS6
GO_Biological_Process_2023,Mammary Gland Development (GO:0030879),1/22,0.1984625719282345,0.3213683271325218,0,0,4.732950466618808,7.653913334056085,CAV1
GO_Biological_Process_2023,Natural Killer Cell Mediated Immunity (GO:0002228),1/22,0.1984625719282345,0.3213683271325218,0,0,4.732950466618808,7.653913334056085,TUBB2A
GO_Biological_Process_2023,Negative Regulation Of Axonogenesis (GO:0050771),1/22,0.1984625719282345,0.3213683271325218,0,0,4.732950466618808,7.653913334056085,RTN4
GO_Biological_Process_2023,Negative Regulation Of Macroautophagy (GO:0016242),1/22,0.1984625719282345,0.3213683271325218,0,0,4.732950466618808,7.653913334056085,NUPR1
GO_Biological_Process_2023,Positive Regulation Of Protein Autophosphorylation (GO:0031954),1/22,0.1984625719282345,0.3213683271325218,0,0,4.732950466618808,7.653913334056085,GPNMB
GO_Biological_Process_2023,Positive Regulation Of Viral Life Cycle (GO:1903902),1/22,0.1984625719282345,0.3213683271325218,0,0,4.732950466618808,7.653913334056085,P4HB
GO_Biological_Process_2023,Protein Peptidyl-Prolyl Isomerization (GO:0000413),1/22,0.1984625719282345,0.3213683271325218,0,0,4.732950466618808,7.653913334056085,PPIA
GO_Biological_Process_2023,Negative Regulation Of Intracellular Signal Transduction (GO:1902532),4/231,0.2011412103951675,0.3253754874039475,0,0,1.7596871347658003,2.822094860805404,GSTP1;CAV1;RACK1;NOP53
GO_Biological_Process_2023,Vesicle-Mediated Transport To The Plasma Membrane (GO:0098876),2/83,0.2015788294152306,0.3254233126693248,0,0,2.4590347923681257,3.938328060173813,SNX3;RAB13
GO_Biological_Process_2023,Positive Regulation Of Ubiquitin-Dependent Protein Catabolic Process (GO:2000060),2/83,0.2015788294152306,0.3254233126693248,0,0,2.4590347923681257,3.938328060173813,RACK1;NOP53
GO_Biological_Process_2023,Regulation Of I-kappaB kinase/NF-kappaB Signaling (GO:0043122),4/232,0.2031974404061652,0.3270569854052946,0,0,1.7518796992481205,2.791755475410188,FKBP1A;GSTP1;HSPB1;GAPDH
GO_Biological_Process_2023,Regulation Of Cholesterol Metabolic Process (GO:0090181),1/23,0.2064867613185778,0.3270569854052946,0,0,4.517587939698492,7.126580711797677,APOE
GO_Biological_Process_2023,Regulation Of Cholesterol Transport (GO:0032374),1/23,0.2064867613185778,0.3270569854052946,0,0,4.517587939698492,7.126580711797677,TSPO
GO_Biological_Process_2023,Regulation Of Interleukin-4 Production (GO:0032673),1/23,0.2064867613185778,0.3270569854052946,0,0,4.517587939698492,7.126580711797677,CEBPB
GO_Biological_Process_2023,"Regulation Of Nuclear-Transcribed mRNA Catabolic Process, Deadenylation-Dependent Decay (GO:1900151)",1/23,0.2064867613185778,0.3270569854052946,0,0,4.517587939698492,7.126580711797677,ZFP36L2
GO_Biological_Process_2023,Cholesterol Efflux (GO:0033344),1/23,0.2064867613185778,0.3270569854052946,0,0,4.517587939698492,7.126580711797677,APOE
GO_Biological_Process_2023,Rescue Of Stalled Ribosome (GO:0072344),1/23,0.2064867613185778,0.3270569854052946,0,0,4.517587939698492,7.126580711797677,RACK1
GO_Biological_Process_2023,Glial Cell Development (GO:0021782),1/23,0.2064867613185778,0.3270569854052946,0,0,4.517587939698492,7.126580711797677,APP
GO_Biological_Process_2023,Long-Chain Fatty Acid Transport (GO:0015909),1/23,0.2064867613185778,0.3270569854052946,0,0,4.517587939698492,7.126580711797677,APOE
GO_Biological_Process_2023,Long-Chain fatty-acyl-CoA Metabolic Process (GO:0035336),1/23,0.2064867613185778,0.3270569854052946,0,0,4.517587939698492,7.126580711797677,TECR
GO_Biological_Process_2023,Negative Regulation Of Actin Filament Polymerization (GO:0030837),1/23,0.2064867613185778,0.3270569854052946,0,0,4.517587939698492,7.126580711797677,GSN
GO_Biological_Process_2023,Negative Regulation Of Lymphocyte Activation (GO:0051250),1/23,0.2064867613185778,0.3270569854052946,0,0,4.517587939698492,7.126580711797677,GPNMB
GO_Biological_Process_2023,Negative Regulation Of Neuron Differentiation (GO:0045665),1/23,0.2064867613185778,0.3270569854052946,0,0,4.517587939698492,7.126580711797677,CALR
GO_Biological_Process_2023,Negative Regulation Of Protein Depolymerization (GO:1901880),1/23,0.2064867613185778,0.3270569854052946,0,0,4.517587939698492,7.126580711797677,LIMA1
GO_Biological_Process_2023,Positive Regulation Of Cell-Substrate Junction Organization (GO:0150117),1/23,0.2064867613185778,0.3270569854052946,0,0,4.517587939698492,7.126580711797677,S100A10
GO_Biological_Process_2023,Positive Regulation Of Epithelial Cell Apoptotic Process (GO:1904037),1/23,0.2064867613185778,0.3270569854052946,0,0,4.517587939698492,7.126580711797677,GSN
GO_Biological_Process_2023,Potassium Ion Homeostasis (GO:0055075),1/23,0.2064867613185778,0.3270569854052946,0,0,4.517587939698492,7.126580711797677,ATP1A1
GO_Biological_Process_2023,Protein Localization To Cell Junction (GO:1902414),1/23,0.2064867613185778,0.3270569854052946,0,0,4.517587939698492,7.126580711797677,DSP
GO_Biological_Process_2023,Regulation Of T Cell Migration (GO:2000404),1/23,0.2064867613185778,0.3270569854052946,0,0,4.517587939698492,7.126580711797677,APP
GO_Biological_Process_2023,Epidermis Development (GO:0008544),2/85,0.2088785730572049,0.3305171865339701,0,0,2.3995375441158573,3.7576810395091074,DSP;KRT14
GO_Biological_Process_2023,Negative Regulation Of Binding (GO:0051100),2/86,0.2125388044387241,0.332378497627933,0,0,2.370851370851371,3.671573213687656,CAV1;RACK1
GO_Biological_Process_2023,Regulation Of Cysteine-Type Endopeptidase Activity (GO:2000116),1/24,0.2144310182188985,0.332378497627933,0,0,4.320952589032117,6.653261007649563,CST3
GO_Biological_Process_2023,Regulation Of Cytoplasmic Translation (GO:2000765),1/24,0.2144310182188985,0.332378497627933,0,0,4.320952589032117,6.653261007649563,YBX3
GO_Biological_Process_2023,Regulation Of Heterotypic Cell-Cell Adhesion (GO:0034114),1/24,0.2144310182188985,0.332378497627933,0,0,4.320952589032117,6.653261007649563,KLF4
GO_Biological_Process_2023,Acylglycerol Homeostasis (GO:0055090),1/24,0.2144310182188985,0.332378497627933,0,0,4.320952589032117,6.653261007649563,APOE
GO_Biological_Process_2023,Cell Morphogenesis Involved In Differentiation (GO:0000904),1/24,0.2144310182188985,0.332378497627933,0,0,4.320952589032117,6.653261007649563,ATF4
GO_Biological_Process_2023,Regulation Of Ryanodine-Sensitive Calcium-Release Channel Activity (GO:0060314),1/24,0.2144310182188985,0.332378497627933,0,0,4.320952589032117,6.653261007649563,FKBP1A
GO_Biological_Process_2023,Regulation Of Supramolecular Fiber Organization (GO:1902903),1/24,0.2144310182188985,0.332378497627933,0,0,4.320952589032117,6.653261007649563,APOE
GO_Biological_Process_2023,Regulation Of Viral Life Cycle (GO:1903900),1/24,0.2144310182188985,0.332378497627933,0,0,4.320952589032117,6.653261007649563,PPIA
GO_Biological_Process_2023,Early Endosome To Late Endosome Transport (GO:0045022),1/24,0.2144310182188985,0.332378497627933,0,0,4.320952589032117,6.653261007649563,EMP2
GO_Biological_Process_2023,Fat-Soluble Vitamin Metabolic Process (GO:0006775),1/24,0.2144310182188985,0.332378497627933,0,0,4.320952589032117,6.653261007649563,CBR1
GO_Biological_Process_2023,mRNA Polyadenylation (GO:0006378),1/24,0.2144310182188985,0.332378497627933,0,0,4.320952589032117,6.653261007649563,APP
GO_Biological_Process_2023,Mononuclear Cell Differentiation (GO:1903131),1/24,0.2144310182188985,0.332378497627933,0,0,4.320952589032117,6.653261007649563,GAS6
GO_Biological_Process_2023,Natural Killer Cell Mediated Cytotoxicity (GO:0042267),1/24,0.2144310182188985,0.332378497627933,0,0,4.320952589032117,6.653261007649563,TUBB2A
GO_Biological_Process_2023,Positive Regulation Of ERBB Signaling Pathway (GO:1901186),1/24,0.2144310182188985,0.332378497627933,0,0,4.320952589032117,6.653261007649563,RTN4
GO_Biological_Process_2023,Positive Regulation Of Lipid Metabolic Process (GO:0045834),1/24,0.2144310182188985,0.332378497627933,0,0,4.320952589032117,6.653261007649563,APOE
GO_Biological_Process_2023,Positive Regulation Of Natural Killer Cell Mediated Immunity (GO:0002717),1/24,0.2144310182188985,0.332378497627933,0,0,4.320952589032117,6.653261007649563,LAMP1
GO_Biological_Process_2023,Positive Regulation Of p38MAPK Cascade (GO:1900745),1/24,0.2144310182188985,0.332378497627933,0,0,4.320952589032117,6.653261007649563,GADD45A
GO_Biological_Process_2023,Positive Regulation Of Vascular Endothelial Growth Factor Production (GO:0010575),1/24,0.2144310182188985,0.332378497627933,0,0,4.320952589032117,6.653261007649563,ATF4
GO_Biological_Process_2023,Protein Kinase B Signaling (GO:0043491),1/24,0.2144310182188985,0.332378497627933,0,0,4.320952589032117,6.653261007649563,GAS6
GO_Biological_Process_2023,Regulation Of Actin Nucleation (GO:0051125),1/24,0.2144310182188985,0.332378497627933,0,0,4.320952589032117,6.653261007649563,GSN
GO_Biological_Process_2023,Regulation Of Type II Interferon Production (GO:0032649),2/87,0.2162052764803214,0.3344785800059289,0,0,2.342840166369578,3.588122897733772,HLA-A;GAS6
GO_Biological_Process_2023,Glucose Homeostasis (GO:0042593),2/87,0.2162052764803214,0.3344785800059289,0,0,2.342840166369578,3.588122897733772,RPS6;NUCKS1
GO_Biological_Process_2023,Regulation Of Inflammatory Response (GO:0050727),4/240,0.219865221332588,0.338322838814745,0,0,1.6918021445866482,2.562641312117251,APP;GRN;APOE;KLF4
GO_Biological_Process_2023,Positive Regulation Of Cell Adhesion (GO:0045785),2/88,0.2198775013707891,0.338322838814745,0,0,2.315480385247827,3.5072227118932733,TPM1;P4HB
GO_Biological_Process_2023,Mitochondrion Organization (GO:0007005),3/162,0.2209064137985626,0.338322838814745,0,0,1.8811416530983625,2.8405542467562497,CAV2;TSPO;ATP5F1D
GO_Biological_Process_2023,RNA Polyadenylation (GO:0043631),1/25,0.2222961348450487,0.338322838814745,0,0,4.14070351758794,6.226561570384656,APP
GO_Biological_Process_2023,Regulation Of Lysosomal Lumen pH (GO:0035751),1/25,0.2222961348450487,0.338322838814745,0,0,4.14070351758794,6.226561570384656,GRN
GO_Biological_Process_2023,Cellular Response To Steroid Hormone Stimulus (GO:0071383),1/25,0.2222961348450487,0.338322838814745,0,0,4.14070351758794,6.226561570384656,ATP1A1
GO_Biological_Process_2023,Sodium Ion Homeostasis (GO:0055078),1/25,0.2222961348450487,0.338322838814745,0,0,4.14070351758794,6.226561570384656,ATP1A1
GO_Biological_Process_2023,Sterol Transport (GO:0015918),1/25,0.2222961348450487,0.338322838814745,0,0,4.14070351758794,6.226561570384656,CAV1
GO_Biological_Process_2023,fatty-acyl-CoA Biosynthetic Process (GO:0046949),1/25,0.2222961348450487,0.338322838814745,0,0,4.14070351758794,6.226561570384656,TECR
GO_Biological_Process_2023,Vesicle-Mediated Transport Between Endosomal Compartments (GO:0098927),1/25,0.2222961348450487,0.338322838814745,0,0,4.14070351758794,6.226561570384656,EMP2
GO_Biological_Process_2023,Long-Chain Fatty Acid Biosynthetic Process (GO:0042759),1/25,0.2222961348450487,0.338322838814745,0,0,4.14070351758794,6.226561570384656,GSTP1
GO_Biological_Process_2023,Negative Regulation Of Proteolysis Involved In Protein Catabolic Process (GO:1903051),1/25,0.2222961348450487,0.338322838814745,0,0,4.14070351758794,6.226561570384656,RPL17
GO_Biological_Process_2023,Negative Regulation Of Smoothened Signaling Pathway (GO:0045879),1/25,0.2222961348450487,0.338322838814745,0,0,4.14070351758794,6.226561570384656,RACK1
GO_Biological_Process_2023,Negative Regulation Of Stress Fiber Assembly (GO:0051497),1/25,0.2222961348450487,0.338322838814745,0,0,4.14070351758794,6.226561570384656,TACSTD2
GO_Biological_Process_2023,Positive Regulation Of T Cell Migration (GO:2000406),1/25,0.2222961348450487,0.338322838814745,0,0,4.14070351758794,6.226561570384656,APP
GO_Biological_Process_2023,Positive Regulation Of Peptidase Activity (GO:0010952),1/25,0.2222961348450487,0.338322838814745,0,0,4.14070351758794,6.226561570384656,GRN
GO_Biological_Process_2023,Regulation Of B Cell Activation (GO:0050864),1/25,0.2222961348450487,0.338322838814745,0,0,4.14070351758794,6.226561570384656,ZFP36L2
GO_Biological_Process_2023,Negative Regulation Of Cell Migration (GO:0030336),3/163,0.2235253518195274,0.3395906910446146,0,0,1.869289340101523,2.8006261912580666,TPM1;TACSTD2;CALR
GO_Biological_Process_2023,Cellular Response To Peptide Hormone Stimulus (GO:0071375),2/89,0.2235550003741977,0.3395906910446146,0,0,2.2887495646116336,3.428770706989903,CAV1;RAB13
GO_Biological_Process_2023,Regulation Of Phosphatidylinositol 3-Kinase Signaling (GO:0014066),2/90,0.2272373036176318,0.3439383492821546,0,0,2.2626262626262625,3.352670034774279,NOP53;DCN
GO_Biological_Process_2023,Vesicle-Mediated Transport (GO:0016192),6/411,0.2300518103230988,0.3439383492821546,0,0,1.4810996563573884,2.176402975906037,APP;ARF1;ANXA2;CAV2;RAB13;S100A10
GO_Biological_Process_2023,Regulation Of Epidermal Growth Factor-Activated Receptor Activity (GO:0007176),1/26,0.2300828957266827,0.3439383492821546,0,0,3.974874371859297,5.840344997302112,APP
GO_Biological_Process_2023,L-amino Acid Transport (GO:0015807),1/26,0.2300828957266827,0.3439383492821546,0,0,3.974874371859297,5.840344997302112,SLC38A2
GO_Biological_Process_2023,Regulation Of Keratinocyte Differentiation (GO:0045616),1/26,0.2300828957266827,0.3439383492821546,0,0,3.974874371859297,5.840344997302112,AQP3
GO_Biological_Process_2023,Acute Inflammatory Response (GO:0002526),1/26,0.2300828957266827,0.3439383492821546,0,0,3.974874371859297,5.840344997302112,CEBPB
GO_Biological_Process_2023,Camera-Type Eye Development (GO:0043010),1/26,0.2300828957266827,0.3439383492821546,0,0,3.974874371859297,5.840344997302112,C12ORF57
GO_Biological_Process_2023,Regulation Of Vascular Endothelial Growth Factor Production (GO:0010574),1/26,0.2300828957266827,0.3439383492821546,0,0,3.974874371859297,5.840344997302112,ATF4
GO_Biological_Process_2023,Regulation Of Vasoconstriction (GO:0019229),1/26,0.2300828957266827,0.3439383492821546,0,0,3.974874371859297,5.840344997302112,CAV1
GO_Biological_Process_2023,Response To Glucocorticoid (GO:0051384),1/26,0.2300828957266827,0.3439383492821546,0,0,3.974874371859297,5.840344997302112,ZFP36L2
GO_Biological_Process_2023,Negative Regulation Of Endothelial Cell Apoptotic Process (GO:2000352),1/26,0.2300828957266827,0.3439383492821546,0,0,3.974874371859297,5.840344997302112,GAS6
GO_Biological_Process_2023,Negative Regulation Of Interleukin-1 Beta Production (GO:0032691),1/26,0.2300828957266827,0.3439383492821546,0,0,3.974874371859297,5.840344997302112,GSTP1
GO_Biological_Process_2023,Organelle Membrane Fusion (GO:0090174),1/26,0.2300828957266827,0.3439383492821546,0,0,3.974874371859297,5.840344997302112,CAV2
GO_Biological_Process_2023,Plasma Membrane Invagination (GO:0099024),1/26,0.2300828957266827,0.3439383492821546,0,0,3.974874371859297,5.840344997302112,GSN
GO_Biological_Process_2023,Positive Regulation Of Monooxygenase Activity (GO:0032770),1/26,0.2300828957266827,0.3439383492821546,0,0,3.974874371859297,5.840344997302112,APOE
GO_Biological_Process_2023,Protein Export From Nucleus (GO:0006611),1/26,0.2300828957266827,0.3439383492821546,0,0,3.974874371859297,5.840344997302112,CALR
GO_Biological_Process_2023,Protein Localization To Cell Surface (GO:0034394),1/26,0.2300828957266827,0.3439383492821546,0,0,3.974874371859297,5.840344997302112,EMP2
GO_Biological_Process_2023,Positive Regulation Of Programmed Cell Death (GO:0043068),4/245,0.2304644734509382,0.3441861752380584,0,0,1.656279109154035,2.4308522067007057,GADD45A;RPS6;RACK1;ATF4
GO_Biological_Process_2023,Regulation Of Cytokine Production (GO:0001817),3/167,0.2340612680505318,0.3487512647971966,0,0,1.82332549213817,2.6477828986834435,GPNMB;HLA-B;GAPDH
GO_Biological_Process_2023,Membrane Organization (GO:0061024),3/167,0.2340612680505318,0.3487512647971966,0,0,1.82332549213817,2.6477828986834435,SNX3;ANXA2;S100A10
GO_Biological_Process_2023,Steroid Metabolic Process (GO:0008202),2/92,0.234614487227205,0.3487512647971966,0,0,2.212121212121212,3.2071589757618537,CBR1;TSPO
GO_Biological_Process_2023,Positive Regulation Of Neuron Projection Development (GO:0010976),2/92,0.234614487227205,0.3487512647971966,0,0,2.212121212121212,3.2071589757618537,SNX3;APOE
GO_Biological_Process_2023,Positive Regulation Of Protein Catabolic Process (GO:0045732),2/92,0.234614487227205,0.3487512647971966,0,0,2.212121212121212,3.2071589757618537,NUPR1;APOE
GO_Biological_Process_2023,Amino Acid Import Across Plasma Membrane (GO:0089718),1/27,0.2377920775242915,0.3508588007874607,0,0,3.821801314263626,5.489477227235043,SLC38A2
GO_Biological_Process_2023,Regulation Of Mitochondrial Fission (GO:0090140),1/27,0.2377920775242915,0.3508588007874607,0,0,3.821801314263626,5.489477227235043,DCN
GO_Biological_Process_2023,Cortical Cytoskeleton Organization (GO:0030865),1/27,0.2377920775242915,0.3508588007874607,0,0,3.821801314263626,5.489477227235043,RAB13
GO_Biological_Process_2023,Dorsal/Ventral Pattern Formation (GO:0009953),1/27,0.2377920775242915,0.3508588007874607,0,0,3.821801314263626,5.489477227235043,NBL1
GO_Biological_Process_2023,Positive Regulation Of Immune System Process (GO:0002684),1/27,0.2377920775242915,0.3508588007874607,0,0,3.821801314263626,5.489477227235043,AQP3
GO_Biological_Process_2023,Positive Regulation Of Nitric Oxide Biosynthetic Process (GO:0045429),1/27,0.2377920775242915,0.3508588007874607,0,0,3.821801314263626,5.489477227235043,KLF4
GO_Biological_Process_2023,Positive Regulation Of Response To Wounding (GO:1903036),1/27,0.2377920775242915,0.3508588007874607,0,0,3.821801314263626,5.489477227235043,GRN
GO_Biological_Process_2023,Positive Regulation Of Ubiquitin-Protein Transferase Activity (GO:0051443),1/27,0.2377920775242915,0.3508588007874607,0,0,3.821801314263626,5.489477227235043,RPS2
GO_Biological_Process_2023,Positive Regulation Of Protein Kinase B Signaling (GO:0051897),2/93,0.2383084712706434,0.3512957594054309,0,0,2.187701187701188,3.1375777372613727,GAS6;RTN4
GO_Biological_Process_2023,Cellular Response To Hormone Stimulus (GO:0032870),2/94,0.2420054666899618,0.3552195976993894,0,0,2.163812033377251,3.070005614813883,CAV1;ATP1A1
GO_Biological_Process_2023,Sphingolipid Metabolic Process (GO:0006665),2/94,0.2420054666899618,0.3552195976993894,0,0,2.163812033377251,3.070005614813883,TECR;DEGS1
GO_Biological_Process_2023,Muscle Contraction (GO:0006936),2/94,0.2420054666899618,0.3552195976993894,0,0,2.163812033377251,3.070005614813883,TPM1;CRYAB
GO_Biological_Process_2023,Heart Development (GO:0007507),3/171,0.2446846414909542,0.3552195976993894,0,0,1.779550398839739,2.5052244919637907,PDLIM1;FKBP1A;PDLIM2
GO_Biological_Process_2023,Regulation Of Lipid Biosynthetic Process (GO:0046890),1/28,0.2454244493195781,0.3552195976993894,0,0,3.680067001675042,5.169633447658624,APOE
GO_Biological_Process_2023,Apoptotic Cell Clearance (GO:0043277),1/28,0.2454244493195781,0.3552195976993894,0,0,3.680067001675042,5.169633447658624,GAS6
GO_Biological_Process_2023,Regulation Of Nitric-Oxide Synthase Activity (GO:0050999),1/28,0.2454244493195781,0.3552195976993894,0,0,3.680067001675042,5.169633447658624,APOE
GO_Biological_Process_2023,Regulation Of Protein Localization To Membrane (GO:1905475),1/28,0.2454244493195781,0.3552195976993894,0,0,3.680067001675042,5.169633447658624,GSN
GO_Biological_Process_2023,Regulation Of Protein Transport (GO:0051223),1/28,0.2454244493195781,0.3552195976993894,0,0,3.680067001675042,5.169633447658624,SNX3
GO_Biological_Process_2023,Cell-Substrate Junction Assembly (GO:0007044),1/28,0.2454244493195781,0.3552195976993894,0,0,3.680067001675042,5.169633447658624,DST
GO_Biological_Process_2023,Regulation Of Sodium Ion Transmembrane Transport (GO:1902305),1/28,0.2454244493195781,0.3552195976993894,0,0,3.680067001675042,5.169633447658624,FXYD3
GO_Biological_Process_2023,Cellular Response To Osmotic Stress (GO:0071470),1/28,0.2454244493195781,0.3552195976993894,0,0,3.680067001675042,5.169633447658624,YBX3
GO_Biological_Process_2023,Vascular Endothelial Growth Factor Receptor Signaling Pathway (GO:0048010),1/28,0.2454244493195781,0.3552195976993894,0,0,3.680067001675042,5.169633447658624,HSPB1
GO_Biological_Process_2023,Negative Regulation Of Actin Filament Bundle Assembly (GO:0032232),1/28,0.2454244493195781,0.3552195976993894,0,0,3.680067001675042,5.169633447658624,TACSTD2
GO_Biological_Process_2023,Negative Regulation Of Cation Channel Activity (GO:2001258),1/28,0.2454244493195781,0.3552195976993894,0,0,3.680067001675042,5.169633447658624,FKBP1A
GO_Biological_Process_2023,Negative Regulation Of Cytoskeleton Organization (GO:0051494),1/28,0.2454244493195781,0.3552195976993894,0,0,3.680067001675042,5.169633447658624,LIMA1
GO_Biological_Process_2023,Negative Regulation Of Type II Interferon Production (GO:0032689),1/28,0.2454244493195781,0.3552195976993894,0,0,3.680067001675042,5.169633447658624,GAS6
GO_Biological_Process_2023,Negative Regulation Of Wound Healing (GO:0061045),1/28,0.2454244493195781,0.3552195976993894,0,0,3.680067001675042,5.169633447658624,APOE
GO_Biological_Process_2023,"Nuclear-Transcribed mRNA Catabolic Process, Nonsense-Mediated Decay (GO:0000184)",1/28,0.2454244493195781,0.3552195976993894,0,0,3.680067001675042,5.169633447658624,PNRC1
GO_Biological_Process_2023,Positive Regulation Of Nitric Oxide Metabolic Process (GO:1904407),1/28,0.2454244493195781,0.3552195976993894,0,0,3.680067001675042,5.169633447658624,KLF4
GO_Biological_Process_2023,Regulation Of Macroautophagy (GO:0016241),2/96,0.2494067909928498,0.3603295576391263,0,0,2.117558564367075,2.9405900871231445,GAPDH;DCN
GO_Biological_Process_2023,Cellular Response To Transforming Growth Factor Beta Stimulus (GO:0071560),2/96,0.2494067909928498,0.3603295576391263,0,0,2.117558564367075,2.9405900871231445,ID1;ZFP36L2
GO_Biological_Process_2023,RNA Biosynthetic Process (GO:0032774),1/29,0.252980772589684,0.3604561717001395,0,0,3.548456568557071,4.877147000705543,ZFP36L2
GO_Biological_Process_2023,TOR Signaling (GO:0031929),1/29,0.252980772589684,0.3604561717001395,0,0,3.548456568557071,4.877147000705543,RPS6
GO_Biological_Process_2023,Cardiac Muscle Cell Action Potential (GO:0086001),1/29,0.252980772589684,0.3604561717001395,0,0,3.548456568557071,4.877147000705543,ATP1A1
GO_Biological_Process_2023,Regulation Of Striated Muscle Contraction (GO:0006942),1/29,0.252980772589684,0.3604561717001395,0,0,3.548456568557071,4.877147000705543,C12ORF57
GO_Biological_Process_2023,Defense Response To Fungus (GO:0050832),1/29,0.252980772589684,0.3604561717001395,0,0,3.548456568557071,4.877147000705543,GAPDH
GO_Biological_Process_2023,Sarcomere Organization (GO:0045214),1/29,0.252980772589684,0.3604561717001395,0,0,3.548456568557071,4.877147000705543,TPM1
GO_Biological_Process_2023,Glycolytic Process (GO:0006096),1/29,0.252980772589684,0.3604561717001395,0,0,3.548456568557071,4.877147000705543,GAPDH
GO_Biological_Process_2023,Vacuolar Acidification (GO:0007035),1/29,0.252980772589684,0.3604561717001395,0,0,3.548456568557071,4.877147000705543,GRN
GO_Biological_Process_2023,Heterotypic Cell-Cell Adhesion (GO:0034113),1/29,0.252980772589684,0.3604561717001395,0,0,3.548456568557071,4.877147000705543,DSP
GO_Biological_Process_2023,Lipid Droplet Organization (GO:0034389),1/29,0.252980772589684,0.3604561717001395,0,0,3.548456568557071,4.877147000705543,PPIA
GO_Biological_Process_2023,Maintenance Of Blood-Brain Barrier (GO:0035633),1/29,0.252980772589684,0.3604561717001395,0,0,3.548456568557071,4.877147000705543,ACTG1
GO_Biological_Process_2023,Morphogenesis Of An Epithelium (GO:0002009),1/29,0.252980772589684,0.3604561717001395,0,0,3.548456568557071,4.877147000705543,ACTG1
GO_Biological_Process_2023,Negative Regulation Of Plasma Membrane Bounded Cell Projection Assembly (GO:0120033),1/29,0.252980772589684,0.3604561717001395,0,0,3.548456568557071,4.877147000705543,TACSTD2
GO_Biological_Process_2023,Positive Regulation Of Dephosphorylation (GO:0035306),1/29,0.252980772589684,0.3604561717001395,0,0,3.548456568557071,4.877147000705543,PPIA
GO_Biological_Process_2023,Positive Regulation Of Viral Genome Replication (GO:0045070),1/29,0.252980772589684,0.3604561717001395,0,0,3.548456568557071,4.877147000705543,PPIA
GO_Biological_Process_2023,Regulation Of Protein Localization (GO:0032880),2/97,0.253110289845866,0.3604561717001395,0,0,2.095162147793727,2.878606039624586,FKBP1A;RACK1
GO_Biological_Process_2023,MAPK Cascade (GO:0000165),2/98,0.2568151396703299,0.3650803456097827,0,0,2.073232323232323,2.818349436543183,MYC;ZFP36L2
GO_Biological_Process_2023,Positive Regulation Of Cold-Induced Thermogenesis (GO:0120162),2/98,0.2568151396703299,0.3650803456097827,0,0,2.073232323232323,2.818349436543183,CEBPB;CAV1
GO_Biological_Process_2023,Regulation Of Potassium Ion Transport (GO:0043266),1/30,0.2604618012849767,0.3651413951619109,0,0,3.425922717033443,4.608890626901229,GNB2
GO_Biological_Process_2023,Cardiac Muscle Cell Action Potential Involved In Contraction (GO:0086002),1/30,0.2604618012849767,0.3651413951619109,0,0,3.425922717033443,4.608890626901229,ATP1A1
GO_Biological_Process_2023,Mitotic G2 DNA Damage Checkpoint Signaling (GO:0007095),1/30,0.2604618012849767,0.3651413951619109,0,0,3.425922717033443,4.608890626901229,NOP53
GO_Biological_Process_2023,Negative Regulation Of Axon Extension (GO:0030517),1/30,0.2604618012849767,0.3651413951619109,0,0,3.425922717033443,4.608890626901229,RTN4
GO_Biological_Process_2023,Negative Regulation Of Blood Coagulation (GO:0030195),1/30,0.2604618012849767,0.3651413951619109,0,0,3.425922717033443,4.608890626901229,APOE
GO_Biological_Process_2023,Negative Regulation Of Calcium Ion Transmembrane Transporter Activity (GO:1901020),1/30,0.2604618012849767,0.3651413951619109,0,0,3.425922717033443,4.608890626901229,FKBP1A
GO_Biological_Process_2023,Negative Regulation Of Carbohydrate Metabolic Process (GO:0045912),1/30,0.2604618012849767,0.3651413951619109,0,0,3.425922717033443,4.608890626901229,NUPR1
GO_Biological_Process_2023,Negative Regulation Of Myeloid Leukocyte Differentiation (GO:0002762),1/30,0.2604618012849767,0.3651413951619109,0,0,3.425922717033443,4.608890626901229,MYC
GO_Biological_Process_2023,"Phagocytosis, Engulfment (GO:0006911)",1/30,0.2604618012849767,0.3651413951619109,0,0,3.425922717033443,4.608890626901229,GSN
GO_Biological_Process_2023,Positive Regulation Of Locomotion (GO:0040017),1/30,0.2604618012849767,0.3651413951619109,0,0,3.425922717033443,4.608890626901229,CAVIN1
GO_Biological_Process_2023,Positive Regulation Of Phosphate Metabolic Process (GO:0045937),1/30,0.2604618012849767,0.3651413951619109,0,0,3.425922717033443,4.608890626901229,APP
GO_Biological_Process_2023,Prostaglandin Metabolic Process (GO:0006693),1/30,0.2604618012849767,0.3651413951619109,0,0,3.425922717033443,4.608890626901229,GSTP1
GO_Biological_Process_2023,Regulation Of Arp2/3 Complex-Mediated Actin Nucleation (GO:0034315),1/30,0.2604618012849767,0.3651413951619109,0,0,3.425922717033443,4.608890626901229,ARF1
GO_Biological_Process_2023,Regulation Of Cell Migration Involved In Sprouting Angiogenesis (GO:0090049),1/30,0.2604618012849767,0.3651413951619109,0,0,3.425922717033443,4.608890626901229,KLF4
GO_Biological_Process_2023,Axon Development (GO:0061564),2/99,0.2605209452628556,0.3651413951619109,0,0,2.0517546600020826,2.7597577787968723,APP;RTN4
GO_Biological_Process_2023,Cellular Response To Insulin Stimulus (GO:0032869),2/99,0.2605209452628556,0.3651413951619109,0,0,2.0517546600020826,2.7597577787968723,CAV2;RAB13
GO_Biological_Process_2023,Positive Regulation Of DNA-templated Transcription (GO:0045893),15/1243,0.2624252842041417,0.3674875577748956,0,0,1.226252310942865,1.640466692249492,EIF5A;APP;CEBPB;ANXA2;NUCKS1;KLF4;DCN;PTMS;MYC;NFIC;IRF1;APOE;IER2;S100A10;ATF4
GO_Biological_Process_2023,Negative Regulation Of Cytokine Production (GO:0001818),3/178,0.2634515635145014,0.36860109105757,0,0,1.707759245830312,2.277955718305796,GPNMB;GAS6;KLF4
GO_Biological_Process_2023,Response To UV (GO:0009411),2/100,0.2642273190435063,0.3693624661475833,0,0,2.0307153164296023,2.702771390555414,MYC;ATF4
GO_Biological_Process_2023,Actin Filament Polymerization (GO:0030041),1/31,0.2678682819607093,0.3708766577494195,0,0,3.3115577889447234,4.362182296847866,GSN
GO_Biological_Process_2023,Antigen Processing And Presentation Of Exogenous Peptide Antigen (GO:0002478),1/31,0.2678682819607093,0.3708766577494195,0,0,3.3115577889447234,4.362182296847866,HLA-A
GO_Biological_Process_2023,Regulation Of Protein Autophosphorylation (GO:0031952),1/31,0.2678682819607093,0.3708766577494195,0,0,3.3115577889447234,4.362182296847866,GPNMB
GO_Biological_Process_2023,Regulation Of Response To Biotic Stimulus (GO:0002831),1/31,0.2678682819607093,0.3708766577494195,0,0,3.3115577889447234,4.362182296847866,IRF1
GO_Biological_Process_2023,Regulation Of Transmembrane Receptor Protein Serine/Threonine Kinase Signaling Pathway (GO:0090092),1/31,0.2678682819607093,0.3708766577494195,0,0,3.3115577889447234,4.362182296847866,FKBP1A
GO_Biological_Process_2023,Triglyceride Homeostasis (GO:0070328),1/31,0.2678682819607093,0.3708766577494195,0,0,3.3115577889447234,4.362182296847866,APOE
GO_Biological_Process_2023,Negative Regulation Of Developmental Growth (GO:0048640),1/31,0.2678682819607093,0.3708766577494195,0,0,3.3115577889447234,4.362182296847866,RTN4
GO_Biological_Process_2023,Negative Regulation Of Intracellular Steroid Hormone Receptor Signaling Pathway (GO:0033144),1/31,0.2678682819607093,0.3708766577494195,0,0,3.3115577889447234,4.362182296847866,CALR
GO_Biological_Process_2023,Positive Regulation Of Extrinsic Apoptotic Signaling Pathway (GO:2001238),1/31,0.2678682819607093,0.3708766577494195,0,0,3.3115577889447234,4.362182296847866,CAV1
GO_Biological_Process_2023,Positive Regulation Of Proteolysis Involved In Protein Catabolic Process (GO:1903052),1/31,0.2678682819607093,0.3708766577494195,0,0,3.3115577889447234,4.362182296847866,NUPR1
GO_Biological_Process_2023,Regulation Of Cell Morphogenesis (GO:0022604),1/31,0.2678682819607093,0.3708766577494195,0,0,3.3115577889447234,4.362182296847866,SPARC
GO_Biological_Process_2023,Regulation Of Cell Migration (GO:0030334),6/434,0.2682009325441036,0.3710151668758415,0,0,1.3998458425667213,1.842223489445385,GRN;GPNMB;CAV1;TPM1;RACK1;ACTG1
GO_Biological_Process_2023,Regulation Of Protein Secretion (GO:0050708),2/102,0.2716402584331571,0.3754473242641989,0,0,1.9898989898989896,2.593388923930461,APOE;PPIA
GO_Biological_Process_2023,Protein Localization (GO:0008104),5/351,0.2751255656854091,0.3780753843840522,0,0,1.4416777827182452,1.8605250886135,ARF1;CAV1;ID1;NBEAL1;EMP2
GO_Biological_Process_2023,Regulation Of Natural Killer Cell Mediated Cytotoxicity (GO:0042269),1/32,0.2752009537742224,0.3780753843840522,0,0,3.204571243313341,4.1347099266061775,LAMP1
GO_Biological_Process_2023,Regulation Of Transcription By RNA Polymerase I (GO:0006356),1/32,0.2752009537742224,0.3780753843840522,0,0,3.204571243313341,4.1347099266061775,ATF4
GO_Biological_Process_2023,Regulation Of Ubiquitin-Protein Transferase Activity (GO:0051438),1/32,0.2752009537742224,0.3780753843840522,0,0,3.204571243313341,4.1347099266061775,RPS2
GO_Biological_Process_2023,Gluconeogenesis (GO:0006094),1/32,0.2752009537742224,0.3780753843840522,0,0,3.204571243313341,4.1347099266061775,MDH2
GO_Biological_Process_2023,Very Long-Chain Fatty Acid Metabolic Process (GO:0000038),1/32,0.2752009537742224,0.3780753843840522,0,0,3.204571243313341,4.1347099266061775,TECR
GO_Biological_Process_2023,Positive Regulation Of Telomere Maintenance Via Telomerase (GO:0032212),1/32,0.2752009537742224,0.3780753843840522,0,0,3.204571243313341,4.1347099266061775,HNRNPA1
GO_Biological_Process_2023,Chromatin Organization (GO:0006325),4/268,0.2806488927885696,0.3852280413061691,0,0,1.510204081632653,1.9189421494891188,MYC;NUCKS1;HNRNPC;ANP32B
GO_Biological_Process_2023,Regulation Of Sprouting Angiogenesis (GO:1903670),1/33,0.2824605485993796,0.3857230950479541,0,0,3.1042713567839195,3.9244707255325473,KLF4
GO_Biological_Process_2023,Vasculogenesis (GO:0001570),1/33,0.2824605485993796,0.3857230950479541,0,0,3.1042713567839195,3.9244707255325473,CAV1
GO_Biological_Process_2023,Negative Regulation Of Small Molecule Metabolic Process (GO:0062014),1/33,0.2824605485993796,0.3857230950479541,0,0,3.1042713567839195,3.9244707255325473,NUPR1
GO_Biological_Process_2023,Positive Regulation Of RNA Metabolic Process (GO:0051254),1/33,0.2824605485993796,0.3857230950479541,0,0,3.1042713567839195,3.9244707255325473,SLC38A2
GO_Biological_Process_2023,Positive Regulation Of Cytokine Production Involved In Immune Response (GO:0002720),1/33,0.2824605485993796,0.3857230950479541,0,0,3.1042713567839195,3.9244707255325473,HLA-A
GO_Biological_Process_2023,Positive Regulation Of Protein Dephosphorylation (GO:0035307),1/33,0.2824605485993796,0.3857230950479541,0,0,3.1042713567839195,3.9244707255325473,PPIA
GO_Biological_Process_2023,Positive Regulation Of Stress-Activated MAPK Cascade (GO:0032874),2/105,0.2827546689999499,0.3857944371727289,0,0,1.931646562714524,2.440008904942008,APP;GADD45A
GO_Biological_Process_2023,Response To Calcium Ion (GO:0051592),2/106,0.2864567291305087,0.3901780383972342,0,0,1.912975912975913,2.3915408635892965,CAV1;AQP3
GO_Biological_Process_2023,Regulation Of G1/S Transition Of Mitotic Cell Cycle (GO:2000045),2/106,0.2864567291305087,0.3901780383972342,0,0,1.912975912975913,2.3915408635892965,GPNMB;KLF4
GO_Biological_Process_2023,ATP Metabolic Process (GO:0046034),1/34,0.2896477910754225,0.3901927590923132,0,0,3.010050251256281,3.7297219848476746,ATP5F1A
GO_Biological_Process_2023,Regulation Of Metal Ion Transport (GO:0010959),1/34,0.2896477910754225,0.3901927590923132,0,0,3.010050251256281,3.7297219848476746,ATP1A1
GO_Biological_Process_2023,Apoptotic Mitochondrial Changes (GO:0008637),1/34,0.2896477910754225,0.3901927590923132,0,0,3.010050251256281,3.7297219848476746,SFN
GO_Biological_Process_2023,Cellular Response To Amyloid-Beta (GO:1904646),1/34,0.2896477910754225,0.3901927590923132,0,0,3.010050251256281,3.7297219848476746,APP
GO_Biological_Process_2023,Cellular Response To Vascular Endothelial Growth Factor Stimulus (GO:0035924),1/34,0.2896477910754225,0.3901927590923132,0,0,3.010050251256281,3.7297219848476746,HSPB1
GO_Biological_Process_2023,Response To Estrogen (GO:0043627),1/34,0.2896477910754225,0.3901927590923132,0,0,3.010050251256281,3.7297219848476746,CAV1
GO_Biological_Process_2023,Negative Regulation Of JNK Cascade (GO:0046329),1/34,0.2896477910754225,0.3901927590923132,0,0,3.010050251256281,3.7297219848476746,GSTP1
GO_Biological_Process_2023,Negative Regulation Of Interleukin-6 Production (GO:0032715),1/34,0.2896477910754225,0.3901927590923132,0,0,3.010050251256281,3.7297219848476746,GAS6
GO_Biological_Process_2023,Negative Regulation Of Mitotic Cell Cycle (GO:0045930),1/34,0.2896477910754225,0.3901927590923132,0,0,3.010050251256281,3.7297219848476746,ZFP36L2
GO_Biological_Process_2023,Positive Regulation Of Carbohydrate Metabolic Process (GO:0045913),1/34,0.2896477910754225,0.3901927590923132,0,0,3.010050251256281,3.7297219848476746,APP
GO_Biological_Process_2023,Positive Regulation Of Organelle Organization (GO:0010638),1/34,0.2896477910754225,0.3901927590923132,0,0,3.010050251256281,3.7297219848476746,ANXA2
GO_Biological_Process_2023,Positive Regulation Of Transcription By RNA Polymerase I (GO:0045943),1/34,0.2896477910754225,0.3901927590923132,0,0,3.010050251256281,3.7297219848476746,ATF4
GO_Biological_Process_2023,Regulation Of Blood Circulation (GO:1903522),1/34,0.2896477910754225,0.3901927590923132,0,0,3.010050251256281,3.7297219848476746,TPM1
GO_Biological_Process_2023,Regulation Of Cellular Response To Stress (GO:0080135),2/107,0.290156850388619,0.390219372993126,0,0,1.8946608946608947,2.344327659095108,NUPR1;SLC38A2
GO_Biological_Process_2023,Monoatomic Ion Transport (GO:0006811),2/107,0.290156850388619,0.390219372993126,0,0,1.8946608946608947,2.344327659095108,TSPO;PLP2
GO_Biological_Process_2023,Response To Tumor Necrosis Factor (GO:0034612),2/108,0.2938547028204486,0.3945271473052319,0,0,1.8766914427291783,2.298327412458919,YBX3;ZFP36L2
GO_Biological_Process_2023,Positive Regulation Of Metabolic Process (GO:0009893),2/108,0.2938547028204486,0.3945271473052319,0,0,1.8766914427291783,2.298327412458919,CEBPB;CAV1
GO_Biological_Process_2023,Regulation Of Sodium Ion Transport (GO:0002028),1/35,0.2967633987534311,0.3964301683515265,0,0,2.9213715637008573,3.54894088012851,ATP1A1
GO_Biological_Process_2023,Skeletal Muscle Organ Development (GO:0060538),1/35,0.2967633987534311,0.3964301683515265,0,0,2.9213715637008573,3.54894088012851,CAV1
GO_Biological_Process_2023,Liver Development (GO:0001889),1/35,0.2967633987534311,0.3964301683515265,0,0,2.9213715637008573,3.54894088012851,CEBPB
GO_Biological_Process_2023,Macrophage Activation (GO:0042116),1/35,0.2967633987534311,0.3964301683515265,0,0,2.9213715637008573,3.54894088012851,APP
GO_Biological_Process_2023,Neutral Amino Acid Transport (GO:0015804),1/35,0.2967633987534311,0.3964301683515265,0,0,2.9213715637008573,3.54894088012851,SLC38A2
GO_Biological_Process_2023,Positive Regulation Of Telomere Maintenance Via Telomere Lengthening (GO:1904358),1/35,0.2967633987534311,0.3964301683515265,0,0,2.9213715637008573,3.54894088012851,HNRNPA1
GO_Biological_Process_2023,Response To Lipid (GO:0033993),2/110,0.3012423146906411,0.4017403778692079,0,0,1.8417508417508417,2.209806893363538,S100A14;AQP3
GO_Biological_Process_2023,Regulation Of JNK Cascade (GO:0046328),2/110,0.3012423146906411,0.4017403778692079,0,0,1.8417508417508417,2.209806893363538,APP;GADD45A
GO_Biological_Process_2023,Interstrand Cross-Link Repair (GO:0036297),1/36,0.3038080819844295,0.4028045642270699,0,0,2.8377602297200286,3.380791434126185,NUCKS1
GO_Biological_Process_2023,Lytic Vacuole Organization (GO:0080171),1/36,0.3038080819844295,0.4028045642270699,0,0,2.8377602297200286,3.380791434126185,GRN
GO_Biological_Process_2023,Negative Regulation Of Organelle Assembly (GO:1902116),1/36,0.3038080819844295,0.4028045642270699,0,0,2.8377602297200286,3.380791434126185,NUPR1
GO_Biological_Process_2023,Positive Regulation Of RNA Splicing (GO:0033120),1/36,0.3038080819844295,0.4028045642270699,0,0,2.8377602297200286,3.380791434126185,SLC38A2
GO_Biological_Process_2023,Positive Regulation Of Double-Strand Break Repair Via Homologous Recombination (GO:1905168),1/36,0.3038080819844295,0.4028045642270699,0,0,2.8377602297200286,3.380791434126185,FUS
GO_Biological_Process_2023,Positive Regulation Of Interferon-Beta Production (GO:0032728),1/36,0.3038080819844295,0.4028045642270699,0,0,2.8377602297200286,3.380791434126185,IRF1
GO_Biological_Process_2023,Protein Destabilization (GO:0031648),1/36,0.3038080819844295,0.4028045642270699,0,0,2.8377602297200286,3.380791434126185,GSN
GO_Biological_Process_2023,Regulation Of Transforming Growth Factor Beta Receptor Signaling Pathway (GO:0017015),2/111,0.3049314473928455,0.4039581881989939,0,0,1.8247613752200909,2.167211222684004,FKBP1A;CAV1
GO_Biological_Process_2023,RNA Stabilization (GO:0043489),1/37,0.3107825442509396,0.4073115514217327,0,0,2.758793969849246,3.2240971983470845,FUS
GO_Biological_Process_2023,Regulation Of p38MAPK Cascade (GO:1900744),1/37,0.3107825442509396,0.4073115514217327,0,0,2.758793969849246,3.2240971983470845,GADD45A
GO_Biological_Process_2023,Regulation Of Phosphoprotein Phosphatase Activity (GO:0043666),1/37,0.3107825442509396,0.4073115514217327,0,0,2.758793969849246,3.2240971983470845,FKBP1A
GO_Biological_Process_2023,Regulation Of Sodium Ion Transmembrane Transporter Activity (GO:2000649),1/37,0.3107825442509396,0.4073115514217327,0,0,2.758793969849246,3.2240971983470845,FXYD3
GO_Biological_Process_2023,Regulation Of Vascular Associated Smooth Muscle Cell Proliferation (GO:1904705),1/37,0.3107825442509396,0.4073115514217327,0,0,2.758793969849246,3.2240971983470845,TPM1
GO_Biological_Process_2023,Spliceosomal snRNP Assembly (GO:0000387),1/37,0.3107825442509396,0.4073115514217327,0,0,2.758793969849246,3.2240971983470845,HNRNPC
GO_Biological_Process_2023,Type I Interferon-Mediated Signaling Pathway (GO:0060337),1/37,0.3107825442509396,0.4073115514217327,0,0,2.758793969849246,3.2240971983470845,IFITM3
GO_Biological_Process_2023,Melanosome Organization (GO:0032438),1/37,0.3107825442509396,0.4073115514217327,0,0,2.758793969849246,3.2240971983470845,APOE
GO_Biological_Process_2023,Muscle Tissue Development (GO:0060537),1/37,0.3107825442509396,0.4073115514217327,0,0,2.758793969849246,3.2240971983470845,CAV1
GO_Biological_Process_2023,Negative Regulation Of Transferase Activity (GO:0051348),1/37,0.3107825442509396,0.4073115514217327,0,0,2.758793969849246,3.2240971983470845,EIF4A2
GO_Biological_Process_2023,Positive Regulation Of Exocytosis (GO:0045921),1/37,0.3107825442509396,0.4073115514217327,0,0,2.758793969849246,3.2240971983470845,S100A10
GO_Biological_Process_2023,Positive Regulation Of Signaling (GO:0023056),1/37,0.3107825442509396,0.4073115514217327,0,0,2.758793969849246,3.2240971983470845,ANXA2
GO_Biological_Process_2023,Regulation Of Cellular Component Biogenesis (GO:0044087),1/37,0.3107825442509396,0.4073115514217327,0,0,2.758793969849246,3.2240971983470845,APOE
GO_Biological_Process_2023,Negative Regulation Of Canonical Wnt Signaling Pathway (GO:0090090),2/114,0.3159765270928876,0.4129678351343874,0,0,1.7756132756132756,2.045661592448686,CAV1;APOE
GO_Biological_Process_2023,Regulation Of MAP Kinase Activity (GO:0043405),2/114,0.3159765270928876,0.4129678351343874,0,0,1.7756132756132756,2.045661592448686,GSTP1;APOE
GO_Biological_Process_2023,Regulation Of Neurotransmitter Secretion (GO:0046928),1/38,0.3176874819497763,0.4129678351343874,0,0,2.684096156457965,3.07781854672427,SLC38A2
GO_Biological_Process_2023,Regulation Of Telomere Maintenance (GO:0032204),1/38,0.3176874819497763,0.4129678351343874,0,0,2.684096156457965,3.07781854672427,MYC
GO_Biological_Process_2023,Cellular Response To Type I Interferon (GO:0071357),1/38,0.3176874819497763,0.4129678351343874,0,0,2.684096156457965,3.07781854672427,IFITM3
GO_Biological_Process_2023,Response To Transforming Growth Factor Beta (GO:0071559),1/38,0.3176874819497763,0.4129678351343874,0,0,2.684096156457965,3.07781854672427,ZFP36L2
GO_Biological_Process_2023,Fatty Acid Transport (GO:0015908),1/38,0.3176874819497763,0.4129678351343874,0,0,2.684096156457965,3.07781854672427,APOE
GO_Biological_Process_2023,Tumor Necrosis Factor-Mediated Signaling Pathway (GO:0033209),1/38,0.3176874819497763,0.4129678351343874,0,0,2.684096156457965,3.07781854672427,EIF5A
GO_Biological_Process_2023,Lymphocyte Proliferation (GO:0046651),1/38,0.3176874819497763,0.4129678351343874,0,0,2.684096156457965,3.07781854672427,EMP2
GO_Biological_Process_2023,Positive Regulation Of Protein Tyrosine Kinase Activity (GO:0061098),1/38,0.3176874819497763,0.4129678351343874,0,0,2.684096156457965,3.07781854672427,GAS6
GO_Biological_Process_2023,RNA Transport (GO:0050658),1/39,0.3245235847719431,0.4174315465413301,0,0,2.6133298069293835,2.941033694945818,HNRNPA1
GO_Biological_Process_2023,Anterograde Axonal Transport (GO:0008089),1/39,0.3245235847719431,0.4174315465413301,0,0,2.6133298069293835,2.941033694945818,HSPB1
GO_Biological_Process_2023,Regulation Of Monoatomic Cation Transmembrane Transport (GO:1904062),1/39,0.3245235847719431,0.4174315465413301,0,0,2.6133298069293835,2.941033694945818,GNB2
GO_Biological_Process_2023,Axonal Transport (GO:0098930),1/39,0.3245235847719431,0.4174315465413301,0,0,2.6133298069293835,2.941033694945818,DST
GO_Biological_Process_2023,Carboxylic Acid Transmembrane Transport (GO:1905039),1/39,0.3245235847719431,0.4174315465413301,0,0,2.6133298069293835,2.941033694945818,SLC38A2
GO_Biological_Process_2023,Regulation Of Receptor-Mediated Endocytosis (GO:0048259),1/39,0.3245235847719431,0.4174315465413301,0,0,2.6133298069293835,2.941033694945818,ARF1
GO_Biological_Process_2023,Negative Regulation Of Cell-Substrate Adhesion (GO:0010812),1/39,0.3245235847719431,0.4174315465413301,0,0,2.6133298069293835,2.941033694945818,TACSTD2
GO_Biological_Process_2023,Negative Regulation Of Mitochondrion Organization (GO:0010823),1/39,0.3245235847719431,0.4174315465413301,0,0,2.6133298069293835,2.941033694945818,SLC25A6
GO_Biological_Process_2023,Negative Regulation Of Protein Secretion (GO:0050709),1/39,0.3245235847719431,0.4174315465413301,0,0,2.6133298069293835,2.941033694945818,APOE
GO_Biological_Process_2023,Odontogenesis (GO:0042476),1/39,0.3245235847719431,0.4174315465413301,0,0,2.6133298069293835,2.941033694945818,AQP3
GO_Biological_Process_2023,Positive Regulation Of ATP-dependent Activity (GO:0032781),1/39,0.3245235847719431,0.4174315465413301,0,0,2.6133298069293835,2.941033694945818,TPM1
GO_Biological_Process_2023,Positive Regulation Of Lipid Biosynthetic Process (GO:0046889),1/39,0.3245235847719431,0.4174315465413301,0,0,2.6133298069293835,2.941033694945818,APOE
GO_Biological_Process_2023,Positive Regulation Of Lymphocyte Differentiation (GO:0045621),1/39,0.3245235847719431,0.4174315465413301,0,0,2.6133298069293835,2.941033694945818,GAS6
GO_Biological_Process_2023,Positive Regulation Of Cell Projection Organization (GO:0031346),2/118,0.3306405252999629,0.422052714877868,0,0,1.7140369209334727,1.8969649746192256,SNX3;APOE
GO_Biological_Process_2023,Regulation Of Cytokine-Mediated Signaling Pathway (GO:0001959),1/40,0.3312915354401823,0.422052714877868,0,0,2.54619250096637,2.8129227654318845,GAS6
GO_Biological_Process_2023,L-alpha-amino Acid Transmembrane Transport (GO:1902475),1/40,0.3312915354401823,0.422052714877868,0,0,2.54619250096637,2.8129227654318845,SLC38A2
GO_Biological_Process_2023,Regulation Of Protein Dephosphorylation (GO:0035304),1/40,0.3312915354401823,0.422052714877868,0,0,2.54619250096637,2.8129227654318845,PPIA
GO_Biological_Process_2023,Regulation Of Small Molecule Metabolic Process (GO:0062012),1/40,0.3312915354401823,0.422052714877868,0,0,2.54619250096637,2.8129227654318845,APOE
GO_Biological_Process_2023,Cyclic-Nucleotide-Mediated Signaling (GO:0019935),1/40,0.3312915354401823,0.422052714877868,0,0,2.54619250096637,2.8129227654318845,APOE
GO_Biological_Process_2023,mRNA 3'-End Processing (GO:0031124),1/40,0.3312915354401823,0.422052714877868,0,0,2.54619250096637,2.8129227654318845,APP
GO_Biological_Process_2023,Negative Regulation Of Cell-Cell Adhesion (GO:0022408),1/40,0.3312915354401823,0.422052714877868,0,0,2.54619250096637,2.8129227654318845,KLF4
GO_Biological_Process_2023,Negative Regulation Of Protein Localization (GO:1903828),1/40,0.3312915354401823,0.422052714877868,0,0,2.54619250096637,2.8129227654318845,BTF3
GO_Biological_Process_2023,Negative Regulation Of Secretion By Cell (GO:1903531),1/40,0.3312915354401823,0.422052714877868,0,0,2.54619250096637,2.8129227654318845,APOE
GO_Biological_Process_2023,Positive Regulation Of Catalytic Activity (GO:0043085),1/40,0.3312915354401823,0.422052714877868,0,0,2.54619250096637,2.8129227654318845,CAV1
GO_Biological_Process_2023,Regulation Of Autophagosome Assembly (GO:2000785),1/40,0.3312915354401823,0.422052714877868,0,0,2.54619250096637,2.8129227654318845,NUPR1
GO_Biological_Process_2023,Defense Response To Bacterium (GO:0042742),3/204,0.3342400155319526,0.4254691338974177,0,0,1.484885218577165,1.6272796745414015,CEBPB;S100A14;HLA-A
GO_Biological_Process_2023,Regulation Of Chemokine Production (GO:0032642),1/41,0.3379920100397979,0.4275156669416952,0,0,2.4824120603015074,2.6927543377926204,APP
GO_Biological_Process_2023,Carbohydrate Catabolic Process (GO:0016052),1/41,0.3379920100397979,0.4275156669416952,0,0,2.4824120603015074,2.6927543377926204,GAPDH
GO_Biological_Process_2023,Heart Contraction (GO:0060047),1/41,0.3379920100397979,0.4275156669416952,0,0,2.4824120603015074,2.6927543377926204,TPM1
GO_Biological_Process_2023,Negative Regulation Of mRNA Catabolic Process (GO:1902373),1/41,0.3379920100397979,0.4275156669416952,0,0,2.4824120603015074,2.6927543377926204,FUS
GO_Biological_Process_2023,Negative Regulation Of Proteolysis (GO:0045861),1/41,0.3379920100397979,0.4275156669416952,0,0,2.4824120603015074,2.6927543377926204,CST3
GO_Biological_Process_2023,Positive Regulation Of Response To Biotic Stimulus (GO:0002833),1/41,0.3379920100397979,0.4275156669416952,0,0,2.4824120603015074,2.6927543377926204,GRN
GO_Biological_Process_2023,Positive Regulation Of Viral Process (GO:0048524),1/41,0.3379920100397979,0.4275156669416952,0,0,2.4824120603015074,2.6927543377926204,PPIA
GO_Biological_Process_2023,Protein Localization To Lysosome (GO:0061462),1/41,0.3379920100397979,0.4275156669416952,0,0,2.4824120603015074,2.6927543377926204,RTN4
GO_Biological_Process_2023,Amino Acid Transmembrane Transport (GO:0003333),1/42,0.344625677945044,0.4314583644602396,0,0,2.4217428606446867,2.579874053958348,SLC38A2
GO_Biological_Process_2023,Regulation Of Neurotransmitter Receptor Activity (GO:0099601),1/42,0.344625677945044,0.4314583644602396,0,0,2.4217428606446867,2.579874053958348,APP
GO_Biological_Process_2023,Regulation Of Osteoclast Differentiation (GO:0045670),1/42,0.344625677945044,0.4314583644602396,0,0,2.4217428606446867,2.579874053958348,CEBPB
GO_Biological_Process_2023,Branching Morphogenesis Of An Epithelial Tube (GO:0048754),1/42,0.344625677945044,0.4314583644602396,0,0,2.4217428606446867,2.579874053958348,MYC
GO_Biological_Process_2023,Cellular Response To Amino Acid Starvation (GO:0034198),1/42,0.344625677945044,0.4314583644602396,0,0,2.4217428606446867,2.579874053958348,ATF4
GO_Biological_Process_2023,Regulation Of Ubiquitin-Dependent Protein Catabolic Process (GO:2000058),1/42,0.344625677945044,0.4314583644602396,0,0,2.4217428606446867,2.579874053958348,RPL17
GO_Biological_Process_2023,Ceramide Biosynthetic Process (GO:0046513),1/42,0.344625677945044,0.4314583644602396,0,0,2.4217428606446867,2.579874053958348,DEGS1
GO_Biological_Process_2023,Collagen Fibril Organization (GO:0030199),1/42,0.344625677945044,0.4314583644602396,0,0,2.4217428606446867,2.579874053958348,SERPINH1
GO_Biological_Process_2023,Modulation By Host Of Symbiont Process (GO:0051851),1/42,0.344625677945044,0.4314583644602396,0,0,2.4217428606446867,2.579874053958348,NUCKS1
GO_Biological_Process_2023,Negative Regulation Of I-kappaB kinase/NF-kappaB Signaling (GO:0043124),1/42,0.344625677945044,0.4314583644602396,0,0,2.4217428606446867,2.579874053958348,GSTP1
GO_Biological_Process_2023,Positive Regulation Of Calcium Ion Transmembrane Transport (GO:1904427),1/42,0.344625677945044,0.4314583644602396,0,0,2.4217428606446867,2.579874053958348,CAV1
GO_Biological_Process_2023,Positive Regulation Of Neuron Differentiation (GO:0045666),1/42,0.344625677945044,0.4314583644602396,0,0,2.4217428606446867,2.579874053958348,NBL1
GO_Biological_Process_2023,Potassium Ion Import Across Plasma Membrane (GO:1990573),1/42,0.344625677945044,0.4314583644602396,0,0,2.4217428606446867,2.579874053958348,ATP1A1
GO_Biological_Process_2023,Positive Regulation Of Macromolecule Biosynthetic Process (GO:0010557),2/122,0.3452170182416795,0.4315212728020994,0,0,1.6565656565656566,1.7618934494773038,EEF2;KLF4
GO_Biological_Process_2023,Protein Localization To Nucleus (GO:0034504),2/122,0.3452170182416795,0.4315212728020994,0,0,1.6565656565656566,1.7618934494773038,CALR;NOP53
GO_Biological_Process_2023,Regulation Of Cell Motility (GO:2000145),2/123,0.3488455825927885,0.434901519484719,0,0,1.642791551882461,1.73006635039327,CAVIN1;TACSTD2
GO_Biological_Process_2023,Regulation Of Chromosome Organization (GO:0033044),1/43,0.3511932019412653,0.434901519484719,0,0,2.363962670495334,2.473694919601735,MYC
GO_Biological_Process_2023,DNA-templated DNA Replication Maintenance Of Fidelity (GO:0045005),1/43,0.3511932019412653,0.434901519484719,0,0,2.363962670495334,2.473694919601735,NUCKS1
GO_Biological_Process_2023,Regulation Of Endothelial Cell Apoptotic Process (GO:2000351),1/43,0.3511932019412653,0.434901519484719,0,0,2.363962670495334,2.473694919601735,GAS6
GO_Biological_Process_2023,Response To Amyloid-Beta (GO:1904645),1/43,0.3511932019412653,0.434901519484719,0,0,2.363962670495334,2.473694919601735,APP
GO_Biological_Process_2023,Lysosome Organization (GO:0007040),1/43,0.3511932019412653,0.434901519484719,0,0,2.363962670495334,2.473694919601735,GRN
GO_Biological_Process_2023,mRNA Catabolic Process (GO:0006402),1/43,0.3511932019412653,0.434901519484719,0,0,2.363962670495334,2.473694919601735,ZFP36L2
GO_Biological_Process_2023,mRNA Destabilization (GO:0061157),1/43,0.3511932019412653,0.434901519484719,0,0,2.363962670495334,2.473694919601735,ZFP36L2
GO_Biological_Process_2023,Negative Regulation Of BMP Signaling Pathway (GO:0030514),1/43,0.3511932019412653,0.434901519484719,0,0,2.363962670495334,2.473694919601735,NBL1
GO_Biological_Process_2023,Positive Regulation Of Biomineral Tissue Development (GO:0070169),1/43,0.3511932019412653,0.434901519484719,0,0,2.363962670495334,2.473694919601735,CEBPB
GO_Biological_Process_2023,Positive Regulation Of Receptor-Mediated Endocytosis (GO:0048260),1/43,0.3511932019412653,0.434901519484719,0,0,2.363962670495334,2.473694919601735,ANXA2
GO_Biological_Process_2023,Regulation Of JUN Kinase Activity (GO:0043506),1/43,0.3511932019412653,0.434901519484719,0,0,2.363962670495334,2.473694919601735,GSTP1
GO_Biological_Process_2023,Positive Regulation Of Defense Response (GO:0031349),2/124,0.3524674479014492,0.4358027747308616,0,0,1.6292432521940718,1.698969987670421,APP;GRN
GO_Biological_Process_2023,Regulation Of DNA Metabolic Process (GO:0051052),2/124,0.3524674479014492,0.4358027747308616,0,0,1.6292432521940718,1.698969987670421,MYC;NUCKS1
GO_Biological_Process_2023,Regulation Of Mitotic Cell Cycle (GO:0007346),2/125,0.3560823858036039,0.4375183321044511,0,0,1.6159152500615914,1.668583024830908,APP;CAV2
GO_Biological_Process_2023,Response To Cytokine (GO:0034097),2/125,0.3560823858036039,0.4375183321044511,0,0,1.6159152500615914,1.668583024830908,IFITM3;APP
GO_Biological_Process_2023,Regulation Of Insulin Receptor Signaling Pathway (GO:0046626),1/44,0.3576952382847675,0.4375183321044511,0,0,2.308869931050602,2.373689018141451,NUCKS1
GO_Biological_Process_2023,Bone Development (GO:0060348),1/44,0.3576952382847675,0.4375183321044511,0,0,2.308869931050602,2.373689018141451,RPL13
GO_Biological_Process_2023,Cellular Response To Ketone (GO:1901655),1/44,0.3576952382847675,0.4375183321044511,0,0,2.308869931050602,2.373689018141451,GAS6
GO_Biological_Process_2023,Regulation Of Transport (GO:0051049),1/44,0.3576952382847675,0.4375183321044511,0,0,2.308869931050602,2.373689018141451,ACTG1
GO_Biological_Process_2023,Establishment Of Protein Localization To Mitochondrion (GO:0072655),1/44,0.3576952382847675,0.4375183321044511,0,0,2.308869931050602,2.373689018141451,TSPO
GO_Biological_Process_2023,Extracellular Matrix Disassembly (GO:0022617),1/44,0.3576952382847675,0.4375183321044511,0,0,2.308869931050602,2.373689018141451,GSN
GO_Biological_Process_2023,Lymphocyte Chemotaxis (GO:0048247),1/44,0.3576952382847675,0.4375183321044511,0,0,2.308869931050602,2.373689018141451,GAS6
GO_Biological_Process_2023,Phosphatidylinositol Phosphate Biosynthetic Process (GO:0046854),1/44,0.3576952382847675,0.4375183321044511,0,0,2.308869931050602,2.373689018141451,SOCS3
GO_Biological_Process_2023,Positive Regulation Of Biosynthetic Process (GO:0009891),1/44,0.3576952382847675,0.4375183321044511,0,0,2.308869931050602,2.373689018141451,APOE
GO_Biological_Process_2023,Positive Regulation Of Chemotaxis (GO:0050921),1/44,0.3576952382847675,0.4375183321044511,0,0,2.308869931050602,2.373689018141451,HSPB1
GO_Biological_Process_2023,Positive Regulation Of Cytokine-Mediated Signaling Pathway (GO:0001961),1/44,0.3576952382847675,0.4375183321044511,0,0,2.308869931050602,2.373689018141451,GAS6
GO_Biological_Process_2023,Positive Regulation Of Nucleocytoplasmic Transport (GO:0046824),1/44,0.3576952382847675,0.4375183321044511,0,0,2.308869931050602,2.373689018141451,GAS6
GO_Biological_Process_2023,Cellular Response To Starvation (GO:0009267),2/126,0.3596901730363681,0.4392847059670804,0,0,1.6028022157054416,1.638884897548312,HNRNPA1;ATF4
GO_Biological_Process_2023,Positive Regulation Of Intracellular Protein Transport (GO:0090316),2/126,0.3596901730363681,0.4392847059670804,0,0,1.6028022157054416,1.638884897548312,ANP32B;GAS6
GO_Biological_Process_2023,Regulation Of GTPase Activity (GO:0043087),3/214,0.3615321644905319,0.4411964822971678,0,0,1.4137897851661174,1.43839575902822,CAV2;RACK1;S100A10
GO_Biological_Process_2023,Cytosolic Transport (GO:0016482),2/127,0.3632905914777368,0.441666339544655,0,0,1.58989898989899,1.6098557795920132,LAMP1;EMP2
GO_Biological_Process_2023,Chromosome Organization (GO:0051276),1/45,0.3641324366778817,0.441666339544655,0,0,2.256281407035176,2.279380404926681,MYC
GO_Biological_Process_2023,Establishment Of Protein Localization To Extracellular Region (GO:0035592),1/45,0.3641324366778817,0.441666339544655,0,0,2.256281407035176,2.279380404926681,RAB13
GO_Biological_Process_2023,Zymogen Activation (GO:0031638),1/45,0.3641324366778817,0.441666339544655,0,0,2.256281407035176,2.279380404926681,PERP
GO_Biological_Process_2023,Natural Killer Cell Activation (GO:0030101),1/45,0.3641324366778817,0.441666339544655,0,0,2.256281407035176,2.279380404926681,EMP2
GO_Biological_Process_2023,Negative Regulation Of Response To Biotic Stimulus (GO:0002832),1/45,0.3641324366778817,0.441666339544655,0,0,2.256281407035176,2.279380404926681,PCBP2
GO_Biological_Process_2023,Positive Regulation Of mRNA Catabolic Process (GO:0061014),1/45,0.3641324366778817,0.441666339544655,0,0,2.256281407035176,2.279380404926681,ZFP36L2
GO_Biological_Process_2023,Regulation Of Apoptotic Signaling Pathway (GO:2001233),1/45,0.3641324366778817,0.441666339544655,0,0,2.256281407035176,2.279380404926681,PPIA
GO_Biological_Process_2023,Protein Targeting (GO:0006605),2/129,0.3704684745885532,0.4466788946437474,0,0,1.5647021395052891,1.5537287687021244,NACA;TSPO
GO_Biological_Process_2023,T Cell Differentiation (GO:0030217),1/46,0.3705054405101429,0.4466788946437474,0,0,2.2060301507537687,2.1903389894516705,ZFP36L2
GO_Biological_Process_2023,Amino Acid Transport (GO:0006865),1/46,0.3705054405101429,0.4466788946437474,0,0,2.2060301507537687,2.1903389894516705,SLC38A2
GO_Biological_Process_2023,Regulation Of Nervous System Development (GO:0051960),1/46,0.3705054405101429,0.4466788946437474,0,0,2.2060301507537687,2.1903389894516705,S100A10
GO_Biological_Process_2023,Cellular Component Disassembly (GO:0022411),1/46,0.3705054405101429,0.4466788946437474,0,0,2.2060301507537687,2.1903389894516705,GSN
GO_Biological_Process_2023,Replication Fork Processing (GO:0031297),1/46,0.3705054405101429,0.4466788946437474,0,0,2.2060301507537687,2.1903389894516705,NUCKS1
GO_Biological_Process_2023,Mitotic G2/M Transition Checkpoint (GO:0044818),1/46,0.3705054405101429,0.4466788946437474,0,0,2.2060301507537687,2.1903389894516705,NOP53
GO_Biological_Process_2023,Negative Regulation Of Cellular Metabolic Process (GO:0031324),1/46,0.3705054405101429,0.4466788946437474,0,0,2.2060301507537687,2.1903389894516705,NUPR1
GO_Biological_Process_2023,Transmembrane Receptor Protein Serine/Threonine Kinase Signaling Pathway (GO:0007178),2/130,0.3740455278662269,0.4506062061530453,0,0,1.5523989898989898,1.5265946362115397,FKBP1A;ID1
GO_Biological_Process_2023,Bicellular Tight Junction Assembly (GO:0070830),1/47,0.376814886705751,0.4512160242460006,0,0,2.1579637317019884,2.1061752538856453,RAB13
GO_Biological_Process_2023,Regulation Of Wound Healing (GO:0061041),1/47,0.376814886705751,0.4512160242460006,0,0,2.1579637317019884,2.1061752538856453,CAV1
GO_Biological_Process_2023,Cognition (GO:0050890),1/47,0.376814886705751,0.4512160242460006,0,0,2.1579637317019884,2.1061752538856453,C12ORF57
GO_Biological_Process_2023,Secondary Alcohol Metabolic Process (GO:1902652),1/47,0.376814886705751,0.4512160242460006,0,0,2.1579637317019884,2.1061752538856453,APOE
GO_Biological_Process_2023,Insulin Receptor Signaling Pathway (GO:0008286),1/47,0.376814886705751,0.4512160242460006,0,0,2.1579637317019884,2.1061752538856453,CAV2
GO_Biological_Process_2023,Negative Regulation Of Hydrolase Activity (GO:0051346),1/47,0.376814886705751,0.4512160242460006,0,0,2.1579637317019884,2.1061752538856453,CST3
GO_Biological_Process_2023,Positive Regulation Of TOR Signaling (GO:0032008),1/47,0.376814886705751,0.4512160242460006,0,0,2.1579637317019884,2.1061752538856453,GAS6
GO_Biological_Process_2023,Positive Regulation Of Epithelial To Mesenchymal Transition (GO:0010718),1/47,0.376814886705751,0.4512160242460006,0,0,2.1579637317019884,2.1061752538856453,EMP2
GO_Biological_Process_2023,Circulatory System Development (GO:0072359),2/132,0.3811748654446817,0.4560944564023012,0,0,1.5283605283605284,1.4740992128790684,PDLIM1;PDLIM2
GO_Biological_Process_2023,Cellular Response To Radiation (GO:0071478),1/48,0.3830614060395898,0.457322561851157,0,0,2.111942692184326,2.026535673888961,GADD45A
GO_Biological_Process_2023,Myelination (GO:0042552),1/48,0.3830614060395898,0.457322561851157,0,0,2.111942692184326,2.026535673888961,DEGS1
GO_Biological_Process_2023,Negative Regulation Of ERK1 And ERK2 Cascade (GO:0070373),1/48,0.3830614060395898,0.457322561851157,0,0,2.111942692184326,2.026535673888961,GSTP1
GO_Biological_Process_2023,Negative Regulation Of Cell Motility (GO:2000146),2/133,0.3847267669681982,0.4589672350892118,0,0,1.5166165471508983,1.4487053288734584,TPM1;TACSTD2
GO_Biological_Process_2023,Antibacterial Humoral Response (GO:0019731),1/49,0.3892456229672477,0.4629729818290529,0,0,2.0678391959799,1.9510987409424116,HLA-A
GO_Biological_Process_2023,Intrinsic Apoptotic Signaling Pathway In Response To DNA Damage (GO:0008630),1/49,0.3892456229672477,0.4629729818290529,0,0,2.0678391959799,1.9510987409424116,SFN
GO_Biological_Process_2023,Proton Transmembrane Transport (GO:1902600),1/49,0.3892456229672477,0.4629729818290529,0,0,2.0678391959799,1.9510987409424116,ATP1A1
GO_Biological_Process_2023,Regulation Of Cell Communication (GO:0010646),1/49,0.3892456229672477,0.4629729818290529,0,0,2.0678391959799,1.9510987409424116,IGFBP7
GO_Biological_Process_2023,Regulation Of Interferon-Beta Production (GO:0032648),1/50,0.3953681557510544,0.4664291482418134,0,0,2.025535842477695,1.8795714928238212,IRF1
GO_Biological_Process_2023,Regulation Of Interleukin-12 Production (GO:0032655),1/50,0.3953681557510544,0.4664291482418134,0,0,2.025535842477695,1.8795714928238212,HLA-B
GO_Biological_Process_2023,Blood Circulation (GO:0008015),1/50,0.3953681557510544,0.4664291482418134,0,0,2.025535842477695,1.8795714928238212,SERPING1
GO_Biological_Process_2023,Cell Chemotaxis (GO:0060326),1/50,0.3953681557510544,0.4664291482418134,0,0,2.025535842477695,1.8795714928238212,RAB13
GO_Biological_Process_2023,Dicarboxylic Acid Metabolic Process (GO:0043648),1/50,0.3953681557510544,0.4664291482418134,0,0,2.025535842477695,1.8795714928238212,MDH2
GO_Biological_Process_2023,Intracellular Iron Ion Homeostasis (GO:0006879),1/50,0.3953681557510544,0.4664291482418134,0,0,2.025535842477695,1.8795714928238212,MYC
GO_Biological_Process_2023,Negative Regulation Of Cell Projection Organization (GO:0031345),1/50,0.3953681557510544,0.4664291482418134,0,0,2.025535842477695,1.8795714928238212,APOE
GO_Biological_Process_2023,Nucleocytoplasmic Transport (GO:0006913),1/50,0.3953681557510544,0.4664291482418134,0,0,2.025535842477695,1.8795714928238212,HNRNPA1
GO_Biological_Process_2023,Plasma Membrane Bounded Cell Projection Morphogenesis (GO:0120039),1/50,0.3953681557510544,0.4664291482418134,0,0,2.025535842477695,1.8795714928238212,NBL1
GO_Biological_Process_2023,Positive Regulation Of Fat Cell Differentiation (GO:0045600),1/50,0.3953681557510544,0.4664291482418134,0,0,2.025535842477695,1.8795714928238212,CEBPB
GO_Biological_Process_2023,Pyruvate Metabolic Process (GO:0006090),1/50,0.3953681557510544,0.4664291482418134,0,0,2.025535842477695,1.8795714928238212,GAPDH
GO_Biological_Process_2023,Regulation Of Cell Growth (GO:0001558),3/227,0.3967452413447178,0.467707804837269,0,0,1.3308556925308197,1.2303240695701096,CCDC85B;RACK1;RTN4
GO_Biological_Process_2023,Protein Localization To Organelle (GO:0033365),2/137,0.3988450044858849,0.4698358804689707,0,0,1.4713804713804717,1.3524670293145111,LAMP1;CALR
GO_Biological_Process_2023,Amide Biosynthetic Process (GO:0043604),1/51,0.4014296166851454,0.4707942930976521,0,0,1.984924623115578,1.8116864795932897,DEGS1
GO_Biological_Process_2023,Regulation Of Release Of Sequestered Calcium Ion Into Cytosol (GO:0051279),1/51,0.4014296166851454,0.4707942930976521,0,0,1.984924623115578,1.8116864795932897,FKBP1A
GO_Biological_Process_2023,Regulation Of Smoothened Signaling Pathway (GO:0008589),1/51,0.4014296166851454,0.4707942930976521,0,0,1.984924623115578,1.8116864795932897,RACK1
GO_Biological_Process_2023,Positive Regulation Of DNA Recombination (GO:0045911),1/51,0.4014296166851454,0.4707942930976521,0,0,1.984924623115578,1.8116864795932897,FUS
GO_Biological_Process_2023,Positive Regulation Of Protein Localization To Plasma Membrane (GO:1903078),1/51,0.4014296166851454,0.4707942930976521,0,0,1.984924623115578,1.8116864795932897,RACK1
GO_Biological_Process_2023,Receptor Internalization (GO:0031623),1/51,0.4014296166851454,0.4707942930976521,0,0,1.984924623115578,1.8116864795932897,CAV1
GO_Biological_Process_2023,Adenylate Cyclase-Inhibiting G Protein-Coupled Receptor Signaling Pathway (GO:0007193),1/52,0.4074306117999475,0.476081923678327,0,0,1.9459060005911912,1.7471991060741807,PSAP
GO_Biological_Process_2023,Arachidonic Acid Metabolic Process (GO:0019369),1/52,0.4074306117999475,0.476081923678327,0,0,1.9459060005911912,1.7471991060741807,CBR1
GO_Biological_Process_2023,Cell Cycle G1/S Phase Transition (GO:0044843),1/52,0.4074306117999475,0.476081923678327,0,0,1.9459060005911912,1.7471991060741807,MYC
GO_Biological_Process_2023,Negative Regulation Of Response To Stimulus (GO:0048585),1/52,0.4074306117999475,0.476081923678327,0,0,1.9459060005911912,1.7471991060741807,KLF4
GO_Biological_Process_2023,Neurotransmitter Transport (GO:0006836),1/52,0.4074306117999475,0.476081923678327,0,0,1.9459060005911912,1.7471991060741807,SLC38A2
GO_Biological_Process_2023,Regulation Of Cyclin-Dependent Protein Kinase Activity (GO:1904029),1/53,0.4133717413870322,0.4798602092520497,0,0,1.9083880943177425,1.6858852917962188,GADD45A
GO_Biological_Process_2023,Endosome Organization (GO:0007032),1/53,0.4133717413870322,0.4798602092520497,0,0,1.9083880943177425,1.6858852917962188,SNX3
GO_Biological_Process_2023,Tight Junction Assembly (GO:0120192),1/53,0.4133717413870322,0.4798602092520497,0,0,1.9083880943177425,1.6858852917962188,RAB13
GO_Biological_Process_2023,Mitochondrial Transport (GO:0006839),1/53,0.4133717413870322,0.4798602092520497,0,0,1.9083880943177425,1.6858852917962188,TSPO
GO_Biological_Process_2023,Negative Regulation Of Viral Genome Replication (GO:0045071),1/53,0.4133717413870322,0.4798602092520497,0,0,1.9083880943177425,1.6858852917962188,IFITM3
GO_Biological_Process_2023,Positive Regulation Of NIK/NF-kappaB Signaling (GO:1901224),1/53,0.4133717413870322,0.4798602092520497,0,0,1.9083880943177425,1.6858852917962188,APP
GO_Biological_Process_2023,Positive Regulation Of Chemokine Production (GO:0032722),1/53,0.4133717413870322,0.4798602092520497,0,0,1.9083880943177425,1.6858852917962188,APP
GO_Biological_Process_2023,Proton Motive Force-Driven Mitochondrial ATP Synthesis (GO:0042776),1/53,0.4133717413870322,0.4798602092520497,0,0,1.9083880943177425,1.6858852917962188,ATP5F1D
GO_Biological_Process_2023,"Regulation Of Alternative mRNA Splicing, Via Spliceosome (GO:0000381)",1/53,0.4133717413870322,0.4798602092520497,0,0,1.9083880943177425,1.6858852917962188,HNRNPA1
GO_Biological_Process_2023,Positive Regulation Of GTPase Activity (GO:0043547),3/234,0.4155023441451383,0.4819827192083604,0,0,1.290065264684554,1.1330217794351636,CAV2;RACK1;S100A10
GO_Biological_Process_2023,Apical Junction Assembly (GO:0043297),1/54,0.4192535996279672,0.485275392893039,0,0,1.8722859580923483,1.627539412897697,RAB13
GO_Biological_Process_2023,Regulation Of Smooth Muscle Cell Proliferation (GO:0048660),1/54,0.4192535996279672,0.485275392893039,0,0,1.8722859580923483,1.627539412897697,APOE
GO_Biological_Process_2023,Negative Regulation Of Neuron Projection Development (GO:0010977),1/54,0.4192535996279672,0.485275392893039,0,0,1.8722859580923483,1.627539412897697,APOE
GO_Biological_Process_2023,Regulation Of Cell Adhesion (GO:0030155),2/144,0.4231821267362764,0.4894673619611028,0,0,1.398349694124342,1.2025145012328535,TPM1;P4HB
GO_Biological_Process_2023,Cellular Response To Fibroblast Growth Factor Stimulus (GO:0044344),1/55,0.4250767749174149,0.4898825549084371,0,0,1.8375209380234503,1.5719724807707876,ZFP36L2
GO_Biological_Process_2023,"Regulation Of Synaptic Transmission, Glutamatergic (GO:0051966)",1/55,0.4250767749174149,0.4898825549084371,0,0,1.8375209380234503,1.5719724807707876,SLC38A2
GO_Biological_Process_2023,Ceramide Metabolic Process (GO:0006672),1/55,0.4250767749174149,0.4898825549084371,0,0,1.8375209380234503,1.5719724807707876,DEGS1
GO_Biological_Process_2023,Response To Peptide Hormone (GO:0043434),1/55,0.4250767749174149,0.4898825549084371,0,0,1.8375209380234503,1.5719724807707876,CAV1
GO_Biological_Process_2023,Phosphatidylcholine Metabolic Process (GO:0046470),1/55,0.4250767749174149,0.4898825549084371,0,0,1.8375209380234503,1.5719724807707876,TSPO
GO_Biological_Process_2023,Positive Regulation Of Protein Kinase Activity (GO:0045860),2/145,0.4266179815542056,0.4913037404902223,0,0,1.3885003885003886,1.18281672040739,EMP2;GAS6
GO_Biological_Process_2023,Neuron Projection Morphogenesis (GO:0048812),2/146,0.4300431951119408,0.4947392010880095,0,0,1.378787878787879,1.1635172055269425,APP;NBL1
GO_Biological_Process_2023,Regulation Of Mitotic Nuclear Division (GO:0007088),1/56,0.4308418497249187,0.4947392010880095,0,0,1.8040201005025125,1.5190105312629705,CAV2
GO_Biological_Process_2023,Regulation Of Stem Cell Population Maintenance (GO:2000036),1/56,0.4308418497249187,0.4947392010880095,0,0,1.8040201005025125,1.5190105312629705,MYC
GO_Biological_Process_2023,Mitotic DNA Damage Checkpoint Signaling (GO:0044773),1/56,0.4308418497249187,0.4947392010880095,0,0,1.8040201005025125,1.5190105312629705,NOP53
GO_Biological_Process_2023,Nervous System Development (GO:0007399),5/433,0.436347512151631,0.4991358010018795,0,0,1.1605559549484783,0.9624679784929157,APP;MARCKS;GSN;GSTP1;NBL1
GO_Biological_Process_2023,RNA Catabolic Process (GO:0006401),1/57,0.4365494010474847,0.4991358010018795,0,0,1.7717157214644652,1.4684931926330618,ZFP36L2
GO_Biological_Process_2023,Signal Transduction In Response To DNA Damage (GO:0042770),1/57,0.4365494010474847,0.4991358010018795,0,0,1.7717157214644652,1.4684931926330618,GADD45A
GO_Biological_Process_2023,Striated Muscle Contraction (GO:0006941),1/57,0.4365494010474847,0.4991358010018795,0,0,1.7717157214644652,1.4684931926330618,TPM1
GO_Biological_Process_2023,Membrane Lipid Biosynthetic Process (GO:0046467),1/57,0.4365494010474847,0.4991358010018795,0,0,1.7717157214644652,1.4684931926330618,DEGS1
GO_Biological_Process_2023,Myeloid Cell Differentiation (GO:0030099),1/57,0.4365494010474847,0.4991358010018795,0,0,1.7717157214644652,1.4684931926330618,CEBPB
GO_Biological_Process_2023,Defense Response To Symbiont (GO:0140546),2/148,0.436861177553996,0.4991358010018795,0,0,1.35976200359762,1.1260730416696714,IFITM3;IRF1
GO_Biological_Process_2023,Regulation Of Neuron Death (GO:1901214),1/58,0.4421999998339941,0.502714896461312,0,0,1.740544829410209,1.4202724160163902,GPNMB
GO_Biological_Process_2023,Response To Organic Cyclic Compound (GO:0014070),1/58,0.4421999998339941,0.502714896461312,0,0,1.740544829410209,1.4202724160163902,AQP3
GO_Biological_Process_2023,Selective Autophagy (GO:0061912),1/58,0.4421999998339941,0.502714896461312,0,0,1.740544829410209,1.4202724160163902,CALR
GO_Biological_Process_2023,Inorganic Anion Transport (GO:0015698),1/58,0.4421999998339941,0.502714896461312,0,0,1.740544829410209,1.4202724160163902,FXYD3
GO_Biological_Process_2023,Memory (GO:0007613),1/58,0.4421999998339941,0.502714896461312,0,0,1.740544829410209,1.4202724160163902,APOE
GO_Biological_Process_2023,Positive Regulation Of Mitochondrion Organization (GO:0010822),1/58,0.4421999998339941,0.502714896461312,0,0,1.740544829410209,1.4202724160163902,DCN
GO_Biological_Process_2023,Positive Regulation Of Type II Interferon Production (GO:0032729),1/58,0.4421999998339941,0.502714896461312,0,0,1.740544829410209,1.4202724160163902,HLA-A
GO_Biological_Process_2023,Positive Regulation Of DNA-binding Transcription Factor Activity (GO:0051091),3/246,0.4472051347111335,0.5072668803221424,0,0,1.2256063169768754,0.9862918234720636,APP;CAV1;PPIA
GO_Biological_Process_2023,DNA-templated Transcription Initiation (GO:0006352),1/59,0.4477942115947188,0.5072668803221424,0,0,1.7104487957026513,1.3742113392020114,ZFP36L2
GO_Biological_Process_2023,Phospholipid Transport (GO:0015914),1/59,0.4477942115947188,0.5072668803221424,0,0,1.7104487957026513,1.3742113392020114,APOE
GO_Biological_Process_2023,Protein Targeting To Mitochondrion (GO:0006626),1/59,0.4477942115947188,0.5072668803221424,0,0,1.7104487957026513,1.3742113392020114,TSPO
GO_Biological_Process_2023,Regulation Of Cell Death (GO:0010941),1/59,0.4477942115947188,0.5072668803221424,0,0,1.7104487957026513,1.3742113392020114,CRYAB
GO_Biological_Process_2023,Response To Retinoic Acid (GO:0032526),1/60,0.4533325962584122,0.5128124049873528,0,0,1.681372966527553,1.330183274831934,AQP3
GO_Biological_Process_2023,Sterol Metabolic Process (GO:0016125),1/60,0.4533325962584122,0.5128124049873528,0,0,1.681372966527553,1.330183274831934,APOE
GO_Biological_Process_2023,Negative Regulation Of Autophagy (GO:0010507),1/61,0.4588157080798082,0.5186470973687414,0,0,1.6532663316582914,1.288070804786777,NUPR1
GO_Biological_Process_2023,Positive Regulation Of Response To External Stimulus (GO:0032103),2/155,0.4603707970895622,0.5200364173922464,0,0,1.29708853238265,1.006181451159133,APP;GRN
GO_Biological_Process_2023,Cell Junction Organization (GO:0034330),1/62,0.4642440960951576,0.5229303201071868,0,0,1.6260812258011368,1.2477649663473405,APP
GO_Biological_Process_2023,Spliceosomal Complex Assembly (GO:0000245),1/62,0.4642440960951576,0.5229303201071868,0,0,1.6260812258011368,1.2477649663473405,SRSF5
GO_Biological_Process_2023,Fat Cell Differentiation (GO:0045444),1/62,0.4642440960951576,0.5229303201071868,0,0,1.6260812258011368,1.2477649663473405,KLF4
GO_Biological_Process_2023,Regulation Of T Cell Activation (GO:0050863),1/62,0.4642440960951576,0.5229303201071868,0,0,1.6260812258011368,1.2477649663473405,GPNMB
GO_Biological_Process_2023,G1/S Transition Of Mitotic Cell Cycle (GO:0000082),1/63,0.4696183035751055,0.5274937987340094,0,0,1.5997730588426,1.2091645247691418,MYC
GO_Biological_Process_2023,Inorganic Anion Transmembrane Transport (GO:0098661),1/63,0.4696183035751055,0.5274937987340094,0,0,1.5997730588426,1.2091645247691418,SLC25A3
GO_Biological_Process_2023,Oxidative Phosphorylation (GO:0006119),1/63,0.4696183035751055,0.5274937987340094,0,0,1.5997730588426,1.2091645247691418,ATP5F1D
GO_Biological_Process_2023,Protein Polymerization (GO:0051258),1/63,0.4696183035751055,0.5274937987340094,0,0,1.5997730588426,1.2091645247691418,GSN
GO_Biological_Process_2023,Regulation Of Nucleic Acid-Templated Transcription (GO:1903506),5/452,0.4732898923460462,0.5311593958207644,0,0,1.1101359490621237,0.8304340860954226,CEBPB;FUS;CALR;RPL6;ATF4
GO_Biological_Process_2023,Response To Lipopolysaccharide (GO:0032496),2/159,0.4735477497536846,0.5311593958207644,0,0,1.263784340217461,0.9446819881327648,GSTP1;S100A14
GO_Biological_Process_2023,Regulation Of Secretion By Cell (GO:1903530),1/64,0.4749388686968527,0.5312254527149229,0,0,1.574300071787509,1.1721753146425786,RAB13
GO_Biological_Process_2023,Cellular Response To Virus (GO:0098586),1/64,0.4749388686968527,0.5312254527149229,0,0,1.574300071787509,1.1721753146425786,EIF5A
GO_Biological_Process_2023,Negative Regulation Of Cell Death (GO:0060548),1/64,0.4749388686968527,0.5312254527149229,0,0,1.574300071787509,1.1721753146425786,GPNMB
GO_Biological_Process_2023,Positive Regulation Of Macroautophagy (GO:0016239),1/64,0.4749388686968527,0.5312254527149229,0,0,1.574300071787509,1.1721753146425786,DCN
GO_Biological_Process_2023,Cytokine-Mediated Signaling Pathway (GO:0019221),3/257,0.4756560100097482,0.5316547554068314,0,0,1.1718693792717534,0.87076967585955,EIF5A;PLP2;P4HB
GO_Biological_Process_2023,RNA Export From Nucleus (GO:0006405),1/65,0.4802063242660991,0.535614746296803,0,0,1.5496231155778897,1.1367096495006708,HNRNPA1
GO_Biological_Process_2023,Canonical Wnt Signaling Pathway (GO:0060070),1/65,0.4802063242660991,0.535614746296803,0,0,1.5496231155778897,1.1367096495006708,CAV1
GO_Biological_Process_2023,Regulation Of Tyrosine Phosphorylation Of STAT Protein (GO:0042509),1/65,0.4802063242660991,0.535614746296803,0,0,1.5496231155778897,1.1367096495006708,SOCS3
GO_Biological_Process_2023,Positive Regulation Of Nucleic Acid-Templated Transcription (GO:1903508),6/557,0.4848778918217576,0.540297843842633,0,0,1.0804535334069263,0.782095138188933,CEBPB;MYC;IRF1;APOE;KLF4;ATF4
GO_Biological_Process_2023,Regulation Of Endocytosis (GO:0030100),1/66,0.4854211976341649,0.540297843842633,0,0,1.525705450328566,1.1026857881843173,APOE
GO_Biological_Process_2023,Negative Regulation Of Immune Response (GO:0050777),1/66,0.4854211976341649,0.540297843842633,0,0,1.525705450328566,1.1026857881843173,PCBP2
GO_Biological_Process_2023,Regulation Of Neurogenesis (GO:0050767),1/67,0.4905840112592053,0.5445243548771277,0,0,1.5025125628140703,1.0700274503610792,S100A10
GO_Biological_Process_2023,Cholesterol Metabolic Process (GO:0008203),1/67,0.4905840112592053,0.5445243548771277,0,0,1.5025125628140703,1.0700274503610792,APOE
GO_Biological_Process_2023,Negative Regulation Of Cellular Catabolic Process (GO:0031330),1/67,0.4905840112592053,0.5445243548771277,0,0,1.5025125628140703,1.0700274503610792,NUPR1
GO_Biological_Process_2023,Protein Secretion (GO:0009306),1/67,0.4905840112592053,0.5445243548771277,0,0,1.5025125628140703,1.0700274503610792,RAB13
GO_Biological_Process_2023,Cell-Cell Junction Organization (GO:0045216),1/68,0.4956952821636893,0.5498150035125762,0,0,1.4800120003000077,1.0386633811930914,DSP
GO_Biological_Process_2023,Positive Regulation Of Signal Transduction (GO:0009967),3/266,0.4984290000410134,0.5524629986556056,0,0,1.1312462604466234,0.7876801272531928,CAV2;EMP2;GAS6
GO_Biological_Process_2023,Regulation Of Heart Contraction (GO:0008016),1/69,0.500755522308534,0.553311480991067,0,0,1.4581732190363583,1.0085269537658983,TPM1
GO_Biological_Process_2023,Response To Molecule Of Bacterial Origin (GO:0002237),1/69,0.500755522308534,0.553311480991067,0,0,1.4581732190363583,1.0085269537658983,S100A14
GO_Biological_Process_2023,Establishment Of Protein Localization To Membrane (GO:0090150),1/69,0.500755522308534,0.553311480991067,0,0,1.4581732190363583,1.0085269537658983,NACA
GO_Biological_Process_2023,Positive Regulation Of Phosphatidylinositol 3-Kinase Signaling (GO:0014068),1/69,0.500755522308534,0.553311480991067,0,0,1.4581732190363583,1.0085269537658983,DCN
GO_Biological_Process_2023,Negative Regulation Of Signal Transduction (GO:0009968),3/267,0.5009290147655804,0.553311480991067,0,0,1.1269035532994924,0.7790181434353709,RACK1;CALR;DCN
GO_Biological_Process_2023,Sulfur Compound Biosynthetic Process (GO:0044272),1/70,0.5057652387756465,0.5571101905021797,0,0,1.4369674459252786,0.9795558086095748,GSTP1
GO_Biological_Process_2023,Negative Regulation Of Extrinsic Apoptotic Signaling Pathway (GO:2001237),1/70,0.5057652387756465,0.5571101905021797,0,0,1.4369674459252786,0.9795558086095748,GSTP1
GO_Biological_Process_2023,Neutrophil Chemotaxis (GO:0030593),1/70,0.5057652387756465,0.5571101905021797,0,0,1.4369674459252786,0.9795558086095748,PPIA
GO_Biological_Process_2023,Regulation Of Cellular Biosynthetic Process (GO:0031326),1/70,0.5057652387756465,0.5571101905021797,0,0,1.4369674459252786,0.9795558086095748,APP
GO_Biological_Process_2023,Regulation Of Double-Strand Break Repair Via Homologous Recombination (GO:0010569),1/71,0.5107249334696091,0.5610236011597979,0,0,1.416367552045944,0.9516915272016224,FUS
GO_Biological_Process_2023,Regulation Of Hydrolase Activity (GO:0051336),1/71,0.5107249334696091,0.5610236011597979,0,0,1.416367552045944,0.9516915272016224,CAV1
GO_Biological_Process_2023,Cell-Cell Junction Assembly (GO:0007043),1/71,0.5107249334696091,0.5610236011597979,0,0,1.416367552045944,0.9516915272016224,ACTG1
GO_Biological_Process_2023,Negative Regulation Of Cellular Response To Growth Factor Stimulus (GO:0090288),1/71,0.5107249334696091,0.5610236011597979,0,0,1.416367552045944,0.9516915272016224,NBL1
GO_Biological_Process_2023,Generation Of Neurons (GO:0048699),2/172,0.5150032547861086,0.5648612567065259,0,0,1.166369578134284,0.7739819254730677,IER2;RTN4
GO_Biological_Process_2023,Second-Messenger-Mediated Signaling (GO:0019932),1/72,0.5156351033007534,0.5648612567065259,0,0,1.396347936867436,0.9248793332622998,APOE
GO_Biological_Process_2023,Transforming Growth Factor Beta Receptor Signaling Pathway (GO:0007179),1/72,0.5156351033007534,0.5648612567065259,0,0,1.396347936867436,0.9248793332622998,ID1
GO_Biological_Process_2023,Protein Targeting To Membrane (GO:0006612),1/72,0.5156351033007534,0.5648612567065259,0,0,1.396347936867436,0.9248793332622998,NACA
GO_Biological_Process_2023,Neuron Differentiation (GO:0030182),2/173,0.518102407998783,0.5671745646932457,0,0,1.1594896331738438,0.7624599263901536,IER2;RTN4
GO_Biological_Process_2023,DNA Replication (GO:0006260),1/73,0.5204962404113022,0.567824848540903,0,0,1.3768844221105527,0.8990678202624621,PTMS
GO_Biological_Process_2023,Ubiquitin-Dependent ERAD Pathway (GO:0030433),1/73,0.5204962404113022,0.567824848540903,0,0,1.3768844221105527,0.8990678202624621,CALR
GO_Biological_Process_2023,Granulocyte Chemotaxis (GO:0071621),1/73,0.5204962404113022,0.567824848540903,0,0,1.3768844221105527,0.8990678202624621,PPIA
GO_Biological_Process_2023,Protein Tetramerization (GO:0051262),1/73,0.5204962404113022,0.567824848540903,0,0,1.3768844221105527,0.8990678202624621,KRT10
GO_Biological_Process_2023,Regulation Of Rho Protein Signal Transduction (GO:0035023),1/73,0.5204962404113022,0.567824848540903,0,0,1.3768844221105527,0.8990678202624621,APOE
GO_Biological_Process_2023,Regulation Of Neuron Projection Development (GO:0010975),2/174,0.521188450322183,0.567824848540903,0,0,1.1526896875734085,0.7511428504980086,SNX3;APOE
GO_Biological_Process_2023,Positive Regulation Of Cellular Biosynthetic Process (GO:0031328),2/174,0.521188450322183,0.567824848540903,0,0,1.1526896875734085,0.7511428504980086,EEF2;KLF4
GO_Biological_Process_2023,Positive Regulation Of I-kappaB kinase/NF-kappaB Signaling (GO:0043123),2/175,0.5242613328384474,0.5707828162985145,0,0,1.1459683540608396,0.7400262452135655,FKBP1A;GAPDH
GO_Biological_Process_2023,Gland Development (GO:0048732),1/74,0.5253088319278648,0.5711435493694236,0,0,1.3579541543333105,0.8742087038575203,CAV1
GO_Biological_Process_2023,Import Into Nucleus (GO:0051170),1/74,0.5253088319278648,0.5711435493694236,0,0,1.3579541543333105,0.8742087038575203,HNRNPA1
GO_Biological_Process_2023,Regulation Of Plasma Membrane Bounded Cell Projection Assembly (GO:0120032),1/75,0.5300733603880184,0.5747566348190954,0,0,1.3395355154149124,0.8502565938086776,CAV1
GO_Biological_Process_2023,Negative Regulation Of Phosphorylation (GO:0042326),1/75,0.5300733603880184,0.5747566348190954,0,0,1.3395355154149124,0.8502565938086776,PPIA
GO_Biological_Process_2023,Regulation Of BMP Signaling Pathway (GO:0030510),1/75,0.5300733603880184,0.5747566348190954,0,0,1.3395355154149124,0.8502565938086776,NBL1
GO_Biological_Process_2023,Regulation Of DNA Replication (GO:0006275),1/75,0.5300733603880184,0.5747566348190954,0,0,1.3395355154149124,0.8502565938086776,NUCKS1
GO_Biological_Process_2023,Positive Regulation Of Interleukin-6 Production (GO:0032755),1/76,0.5347903032317255,0.5790838653459621,0,0,1.321608040201005,0.8271687875669174,APP
GO_Biological_Process_2023,Positive Regulation Of Protein Secretion (GO:0050714),1/76,0.5347903032317255,0.5790838653459621,0,0,1.321608040201005,0.8271687875669174,PPIA
GO_Biological_Process_2023,Monoatomic Cation Transmembrane Transport (GO:0098655),3/281,0.5352460606873314,0.5791841701467392,0,0,1.0693861154731037,0.6683970256379101,FKBP1A;ATP1A1;GAS6
GO_Biological_Process_2023,DNA Damage Response (GO:0006974),4/384,0.5371605065235718,0.5808617002746421,0,0,1.0429645542427497,0.6481590146174901,GADD45A;MYC;SFN;NOP53
GO_Biological_Process_2023,Endosomal Transport (GO:0016197),2/180,0.5394267994620252,0.580985086317407,0,0,1.1134944955169674,0.6873024571147923,SNX3;RAB13
GO_Biological_Process_2023,Cell Morphogenesis Involved In Neuron Differentiation (GO:0048667),1/77,0.5394601334395485,0.580985086317407,0,0,1.3041523406506217,0.8049050782659102,APP
GO_Biological_Process_2023,Chloride Transport (GO:0006821),1/77,0.5394601334395485,0.580985086317407,0,0,1.3041523406506217,0.8049050782659102,FXYD3
GO_Biological_Process_2023,Embryonic Organ Development (GO:0048568),1/77,0.5394601334395485,0.580985086317407,0,0,1.3041523406506217,0.8049050782659102,ATF4
GO_Biological_Process_2023,Sphingolipid Biosynthetic Process (GO:0030148),1/77,0.5394601334395485,0.580985086317407,0,0,1.3041523406506217,0.8049050782659102,DEGS1
GO_Biological_Process_2023,Positive Regulation Of Synaptic Transmission (GO:0050806),1/77,0.5394601334395485,0.580985086317407,0,0,1.3041523406506217,0.8049050782659102,APP
GO_Biological_Process_2023,Positive Regulation Of Cell Differentiation (GO:0045597),3/283,0.5400399679961284,0.5812171045572367,0,0,1.0616388687454676,0.6540885819056664,CEBPB;TACSTD2;NBL1
GO_Biological_Process_2023,Inorganic Cation Transmembrane Transport (GO:0098662),3/284,0.5424263688583035,0.5833918127639879,0,0,1.057806600791228,0.6470633953699181,FKBP1A;ATP1A1;GAS6
GO_Biological_Process_2023,Long-Chain Fatty Acid Metabolic Process (GO:0001676),1/78,0.544083319204552,0.5843857872937781,0,0,1.2871500358937544,0.7834275809102157,GSTP1
GO_Biological_Process_2023,Regulation Of TOR Signaling (GO:0032006),1/78,0.544083319204552,0.5843857872937781,0,0,1.2871500358937544,0.7834275809102157,GAS6
GO_Biological_Process_2023,Regulation Of Cyclin-Dependent Protein Serine/Threonine Kinase Activity (GO:0000079),1/79,0.5486603241296241,0.5877187488158162,0,0,1.2705836876691148,0.7627005714660321,GADD45A
GO_Biological_Process_2023,Response To Insulin (GO:0032868),1/79,0.5486603241296241,0.5877187488158162,0,0,1.2705836876691148,0.7627005714660321,RAB13
GO_Biological_Process_2023,Positive Regulation Of Cytoskeleton Organization (GO:0051495),1/79,0.5486603241296241,0.5877187488158162,0,0,1.2705836876691148,0.7627005714660321,GSN
GO_Biological_Process_2023,Protein Import Into Nucleus (GO:0006606),1/79,0.5486603241296241,0.5877187488158162,0,0,1.2705836876691148,0.7627005714660321,RPL17
GO_Biological_Process_2023,DNA Metabolic Process (GO:0006259),3/288,0.5519006955697232,0.5907930264655762,0,0,1.0427464600587764,0.6197950947098756,GADD45A;NOP53;PTMS
GO_Biological_Process_2023,Regulation Of Organelle Assembly (GO:1902115),1/80,0.5531916072648388,0.5917777421780135,0,0,1.254436740665352,0.7426903392796255,GSN
GO_Biological_Process_2023,Regulation Of DNA-templated Transcription (GO:0006355),19/1922,0.5565729147245606,0.5949958438241784,0,0,0.9872257528821896,0.5784719323780813,CEBPB;CEBPD;FUS;KLF4;RPL6;ZFP36L2;HOPX;EID1;CCDC85B;MYC;NFIC;IRF1;ID1;ID3;APOE;CALR;GAS6;CRYAB;ATF4
GO_Biological_Process_2023,Regulation Of Interleukin-8 Production (GO:0032677),1/81,0.5576776229377498,0.5953787206062322,0,0,1.2386934673366834,0.7233650516865618,KLF4
GO_Biological_Process_2023,Negative Regulation Of NF-kappaB Transcription Factor Activity (GO:0032088),1/81,0.5576776229377498,0.5953787206062322,0,0,1.2386934673366834,0.7233650516865618,KLF4
GO_Biological_Process_2023,DNA Repair (GO:0006281),3/291,0.5589305523233701,0.5963172113416557,0,0,1.031725888324873,0.6001859516754368,GADD45A;NUCKS1;NOP53
GO_Biological_Process_2023,Sodium Ion Transmembrane Transport (GO:0035725),1/82,0.5621188211968801,0.5993178608349089,0,0,1.2233389168062534,0.7046946278996441,ATP1A1
GO_Biological_Process_2023,Defense Response To Virus (GO:0051607),2/189,0.5658777669000009,0.6027968365867118,0,0,1.05941770647653,0.603208270014294,IFITM3;IRF1
GO_Biological_Process_2023,Vascular Transport (GO:0010232),1/83,0.5665156476761636,0.6027968365867118,0,0,1.208358867508273,0.6866506239569532,SLC38A2
GO_Biological_Process_2023,Regulation Of NIK/NF-kappaB Signaling (GO:1901222),1/83,0.5665156476761636,0.6027968365867118,0,0,1.208358867508273,0.6866506239569532,APP
GO_Biological_Process_2023,Positive Regulation Of Double-Strand Break Repair (GO:2000781),1/84,0.5708685433147935,0.6063508408399627,0,0,1.1937397832536174,0.6692061267801053,FUS
GO_Biological_Process_2023,Regulation Of Kinase Activity (GO:0043549),1/85,0.5751779449472499,0.6063508408399627,0,0,1.1794687724335966,0.6523356544527062,EMP2
GO_Biological_Process_2023,Regulation Of Osteoblast Differentiation (GO:0045667),1/85,0.5751779449472499,0.6063508408399627,0,0,1.1794687724335966,0.6523356544527062,ATF4
GO_Biological_Process_2023,Cellular Respiration (GO:0045333),1/85,0.5751779449472499,0.6063508408399627,0,0,1.1794687724335966,0.6523356544527062,MDH2
GO_Biological_Process_2023,Response To Interleukin-1 (GO:0070555),1/85,0.5751779449472499,0.6063508408399627,0,0,1.1794687724335966,0.6523356544527062,APP
GO_Biological_Process_2023,Defense Response To Gram-positive Bacterium (GO:0050830),1/85,0.5751779449472499,0.6063508408399627,0,0,1.1794687724335966,0.6523356544527062,HLA-A
GO_Biological_Process_2023,Establishment Of Protein Localization To Organelle (GO:0072594),1/85,0.5751779449472499,0.6063508408399627,0,0,1.1794687724335966,0.6523356544527062,LAMP1
GO_Biological_Process_2023,Transport Across Blood-Brain Barrier (GO:0150104),1/85,0.5751779449472499,0.6063508408399627,0,0,1.1794687724335966,0.6523356544527062,SLC38A2
GO_Biological_Process_2023,Integrin-Mediated Signaling Pathway (GO:0007229),1/85,0.5751779449472499,0.6063508408399627,0,0,1.1794687724335966,0.6523356544527062,DST
GO_Biological_Process_2023,Negative Regulation Of Cell Cycle (GO:0045786),1/85,0.5751779449472499,0.6063508408399627,0,0,1.1794687724335966,0.6523356544527062,NUPR1
GO_Biological_Process_2023,Nuclear-Transcribed mRNA Catabolic Process (GO:0000956),1/85,0.5751779449472499,0.6063508408399627,0,0,1.1794687724335966,0.6523356544527062,PNRC1
GO_Biological_Process_2023,Positive Regulation Of Amide Metabolic Process (GO:0034250),1/85,0.5751779449472499,0.6063508408399627,0,0,1.1794687724335966,0.6523356544527062,EEF2
GO_Biological_Process_2023,Positive Regulation Of Canonical Wnt Signaling Pathway (GO:0090263),1/85,0.5751779449472499,0.6063508408399627,0,0,1.1794687724335966,0.6523356544527062,CAV1
GO_Biological_Process_2023,Positive Regulation Of Protein Localization (GO:1903829),1/85,0.5751779449472499,0.6063508408399627,0,0,1.1794687724335966,0.6523356544527062,RTN4
GO_Biological_Process_2023,Regulation Of Mitotic Cell Cycle Phase Transition (GO:1901990),1/86,0.5794442849420854,0.6104449369105853,0,0,1.1655335501034585,0.636015065932131,ZFP36L2
GO_Biological_Process_2023,Golgi Vesicle Transport (GO:0048193),2/197,0.5884633088541269,0.6195372789586352,0,0,1.0155400155400156,0.538480649852649,SNX3;RAB13
GO_Biological_Process_2023,ERAD Pathway (GO:0036503),1/89,0.591989195722158,0.6224276645859209,0,0,1.1256281407035176,0.5901295699518402,CALR
GO_Biological_Process_2023,Regulation Of Vesicle-Mediated Transport (GO:0060627),1/89,0.591989195722158,0.6224276645859209,0,0,1.1256281407035176,0.5901295699518402,RAB13
GO_Biological_Process_2023,Regulation Of Peptidyl-Tyrosine Phosphorylation (GO:0050730),1/90,0.5960875287025766,0.6263238526222725,0,0,1.1129241714188922,0.5757910883551692,APP
GO_Biological_Process_2023,Organic Substance Transport (GO:0071702),2/201,0.599426855548892,0.629417929295907,0,0,0.9949241155271306,0.5091835781900128,CAV1;AQP3
GO_Biological_Process_2023,Positive Regulation Of Cellular Component Biogenesis (GO:0044089),1/93,0.6081383763355012,0.6380131425022105,0,0,1.0764693030369237,0.5353850545471538,RACK1
GO_Biological_Process_2023,Protein Transport (GO:0015031),3/313,0.6084125327560264,0.6380131425022105,0,0,0.9574259046995252,0.4757469610948606,ARF1;RAB13;APOE
GO_Biological_Process_2023,"Regulation Of mRNA Splicing, Via Spliceosome (GO:0048024)",1/94,0.6120752863236749,0.6410112158150109,0,0,1.0648403306856864,0.5227301046685241,HNRNPA1
GO_Biological_Process_2023,"Retrograde Transport, Endosome To Golgi (GO:0042147)",1/94,0.6120752863236749,0.6410112158150109,0,0,1.0648403306856864,0.5227301046685241,SNX3
GO_Biological_Process_2023,Regulation Of Canonical Wnt Signaling Pathway (GO:0060828),2/207,0.6154601156600987,0.6438248220066312,0,0,0.9655087459965508,0.4686435933664049,CAV1;APOE
GO_Biological_Process_2023,T Cell Receptor Signaling Pathway (GO:0050852),1/95,0.6159728391110465,0.6438248220066312,0,0,1.0534587832780926,0.5104559909803796,HLA-A
GO_Biological_Process_2023,Recombinational Repair (GO:0000725),1/95,0.6159728391110465,0.6438248220066312,0,0,1.0534587832780926,0.5104559909803796,NUCKS1
GO_Biological_Process_2023,Proteasome-Mediated Ubiquitin-Dependent Protein Catabolic Process (GO:0043161),3/319,0.6212541661195884,0.6489197085532046,0,0,0.9389577844888518,0.4469579856203824,UBXN1;PCBP2;CALR
GO_Biological_Process_2023,Monocarboxylic Acid Metabolic Process (GO:0032787),1/97,0.6236514348962008,0.6509974074996336,0,0,1.0314070351758795,0.4869929254325685,TSPO
GO_Biological_Process_2023,Phosphatidylinositol Biosynthetic Process (GO:0006661),1/98,0.6274332493027582,0.6540889102208494,0,0,1.0207221675387246,0.4757769643136218,SOCS3
GO_Biological_Process_2023,Positive Regulation Of Protein-Containing Complex Assembly (GO:0031334),1/98,0.6274332493027582,0.6540889102208494,0,0,1.0207221675387246,0.4757769643136218,RACK1
GO_Biological_Process_2023,Protein Complex Oligomerization (GO:0051259),1/100,0.6348838112697764,0.6614236962608057,0,0,1.0,0.454313271209604,FUS
GO_Biological_Process_2023,Protein-Containing Complex Assembly (GO:0065003),3/328,0.6399772850352137,0.6662948887931892,0,0,0.9125341663412728,0.4072846175041793,FKBP1A;CLTA;HOPX
GO_Biological_Process_2023,Protein Catabolic Process (GO:0030163),1/102,0.642186106799596,0.6681584085749221,0,0,0.9800985123637992,0.4340632175669919,APOE
GO_Biological_Process_2023,Inorganic Cation Import Across Plasma Membrane (GO:0098659),1/103,0.6457825744876868,0.6714623248421515,0,0,0.9704404374815252,0.4243662317025385,ATP1A1
GO_Biological_Process_2023,Proteasomal Protein Catabolic Process (GO:0010498),2/220,0.6485094501114488,0.6738465841784231,0,0,0.9073301825595405,0.3929453787196234,UBXN1;PCBP2
GO_Biological_Process_2023,Macroautophagy (GO:0016236),1/104,0.6493430720264805,0.6738465841784231,0,0,0.9609698980338586,0.4149411183845573,CALR
GO_Biological_Process_2023,Positive Regulation Of Kinase Activity (GO:0033674),1/104,0.6493430720264805,0.6738465841784231,0,0,0.9609698980338586,0.4149411183845573,GAS6
GO_Biological_Process_2023,Positive Regulation Of T Cell Activation (GO:0050870),1/107,0.6598123057378238,0.6838210705989791,0,0,0.933630416232104,0.388203405372955,HLA-A
GO_Biological_Process_2023,Positive Regulation Of Autophagy (GO:0010508),1/107,0.6598123057378238,0.6838210705989791,0,0,0.933630416232104,0.388203405372955,DCN
GO_Biological_Process_2023,Lipid Transport (GO:0006869),1/108,0.6632324670568477,0.6864735788161402,0,0,0.9248579345324754,0.3797741558133871,APOE
GO_Biological_Process_2023,Positive Regulation Of DNA Metabolic Process (GO:0051054),1/108,0.6632324670568477,0.6864735788161402,0,0,0.9248579345324754,0.3797741558133871,MYC
GO_Biological_Process_2023,Cell-Matrix Adhesion (GO:0007160),1/109,0.6666184129739804,0.6881918243970866,0,0,0.916247906197655,0.3715728772578474,EMP2
GO_Biological_Process_2023,Cellular Response To Salt (GO:1902075),1/109,0.6666184129739804,0.6881918243970866,0,0,0.916247906197655,0.3715728772578474,HNRNPA1
GO_Biological_Process_2023,Extracellular Structure Organization (GO:0043062),1/109,0.6666184129739804,0.6881918243970866,0,0,0.916247906197655,0.3715728772578474,APP
GO_Biological_Process_2023,Positive Regulation Of Wnt Signaling Pathway (GO:0030177),1/109,0.6666184129739804,0.6881918243970866,0,0,0.916247906197655,0.3715728772578474,CAV1
GO_Biological_Process_2023,Cellular Response To Lipid (GO:0071396),2/228,0.667710567646942,0.6884281547491096,0,0,0.8748547421113793,0.3533542514106607,GSTP1;ATP1A1
GO_Biological_Process_2023,Chromatin Remodeling (GO:0006338),2/228,0.667710567646942,0.6884281547491096,0,0,0.8748547421113793,0.3533542514106607,MYC;HNRNPC
GO_Biological_Process_2023,External Encapsulating Structure Organization (GO:0045229),1/110,0.6699704840956059,0.6903119652018678,0,0,0.9077958600341156,0.3635918695397154,APP
GO_Biological_Process_2023,RNA Metabolic Process (GO:0016070),1/111,0.6732890175997336,0.6919432880615818,0,0,0.8994974874371859,0.3558237511616551,PCBP2
GO_Biological_Process_2023,T Cell Activation (GO:0042110),1/111,0.6732890175997336,0.6919432880615818,0,0,0.8994974874371859,0.3558237511616551,FKBP1A
GO_Biological_Process_2023,Double-Strand Break Repair Via Homologous Recombination (GO:0000724),1/111,0.6732890175997336,0.6919432880615818,0,0,0.8994974874371859,0.3558237511616551,NUCKS1
GO_Biological_Process_2023,Mitotic Cell Cycle Phase Transition (GO:0044772),1/111,0.6732890175997336,0.6919432880615818,0,0,0.8994974874371859,0.3558237511616551,MYC
GO_Biological_Process_2023,Regulation Of Protein Serine/Threonine Kinase Activity (GO:0071900),1/112,0.6765743473112501,0.6944247644539536,0,0,0.8913486350672281,0.3482614435144341,GADD45A
GO_Biological_Process_2023,Protein Deubiquitination (GO:0016579),1/112,0.6765743473112501,0.6944247644539536,0,0,0.8913486350672281,0.3482614435144341,EIF3F
GO_Biological_Process_2023,Protein Modification By Small Protein Removal (GO:0070646),1/114,0.683046714602197,0.7006170480967873,0,0,0.8754836127540356,0.3337273716848506,EIF3F
GO_Biological_Process_2023,Inflammatory Response (GO:0006954),2/236,0.6860605393564587,0.7032561441346733,0,0,0.8445998445998446,0.3182362732133152,PRDX5;CEBPB
GO_Biological_Process_2023,Cellular Response To Molecule Of Bacterial Origin (GO:0071219),1/117,0.692514396042861,0.7094158392346585,0,0,0.8527118350372552,0.3133087141185804,GSTP1
GO_Biological_Process_2023,Fatty Acid Metabolic Process (GO:0006631),1/122,0.7076725687660174,0.7244786567277264,0,0,0.8172681589767017,0.2825898889623316,TSPO
GO_Biological_Process_2023,Modulation Of Chemical Synaptic Transmission (GO:0050804),1/123,0.7106137702230504,0.7270230683167194,0,0,0.8105280500864981,0.2768976317492876,APP
GO_Biological_Process_2023,Cellular Response To Lipopolysaccharide (GO:0071222),1/124,0.7135255255654438,0.7295341110749248,0,0,0.8038975364628018,0.2713452170770706,GSTP1
GO_Biological_Process_2023,Protein Homooligomerization (GO:0051260),1/129,0.7276527766729426,0.743501716075172,0,0,0.7722989949748744,0.2455380232172469,FUS
GO_Biological_Process_2023,Positive Regulation Of Peptidyl-Tyrosine Phosphorylation (GO:0050731),1/130,0.7303939147263233,0.7458247720796963,0,0,0.7662732265981068,0.2407410413206643,GAS6
GO_Biological_Process_2023,Synapse Organization (GO:0050808),1/131,0.7331076000158043,0.7481168407071067,0,0,0.7603401623502126,0.2360573310794884,APP
GO_Biological_Process_2023,Antigen Receptor-Mediated Signaling Pathway (GO:0050851),1/134,0.7410866611649599,0.7557757190269253,0,0,0.7430762836740091,0.2226536751666657,HLA-A
GO_Biological_Process_2023,Non-Membrane-Bounded Organelle Assembly (GO:0140694),1/135,0.743693243928707,0.757949344451302,0,0,0.7374934373359334,0.2183914504625392,MYL9
GO_Biological_Process_2023,Potassium Ion Transmembrane Transport (GO:0071805),1/137,0.7488283343138599,0.7626955256900425,0,0,0.7265740467041087,0.210158284256341,ATP1A1
GO_Biological_Process_2023,Plasma Membrane Bounded Cell Projection Assembly (GO:0120031),2/275,0.7639330621057138,0.7775834295204936,0,0,0.7224997224997225,0.1945511913110494,GSN;EMP2
GO_Biological_Process_2023,Cellular Response To Oxygen-Containing Compound (GO:1901701),3/406,0.7750152140367881,0.788360501523391,0,0,0.7329672129082642,0.1868132730530588,PRDX5;GSTP1;TPM1
GO_Biological_Process_2023,Skeletal System Development (GO:0001501),1/149,0.777558641095328,0.7904436153900881,0,0,0.6672551948933858,0.1678788815691765,RPL13
GO_Biological_Process_2023,Cellular Response To Organic Cyclic Compound (GO:0071407),1/152,0.7842147458452606,0.7967022417982107,0,0,0.6538986322340178,0.1589447004917271,ATP1A1
GO_Biological_Process_2023,Regulation Of Cellular Component Organization (GO:0051128),1/153,0.7863891079150508,0.7984026907221554,0,0,0.6495636075112404,0.1560924478581284,APOE
GO_Biological_Process_2023,Peptidyl-Serine Phosphorylation (GO:0018105),1/158,0.7969382105229577,0.8085982479542732,0,0,0.6287168325704958,0.1427049714417737,GAS6
GO_Biological_Process_2023,Regulation Of Intracellular Signal Transduction (GO:1902531),2/297,0.8000630005968341,0.8112526929128737,0,0,0.6678650915939052,0.1489771955336692,HSPB1;NOP53
GO_Biological_Process_2023,Adenylate Cyclase-Modulating G Protein-Coupled Receptor Signaling Pathway (GO:0007188),1/163,0.8069688204409236,0.8172160435576337,0,0,0.6091568955890564,0.1306460303698868,PSAP
GO_Biological_Process_2023,Nitrogen Compound Transport (GO:0071705),1/163,0.8069688204409236,0.8172160435576337,0,0,0.6091568955890564,0.1306460303698868,SLC38A2
GO_Biological_Process_2023,Peptidyl-Serine Modification (GO:0018209),1/166,0.8127489127472175,0.82254728161917,0,0,0.5979899497487438,0.1239830846623929,GAS6
GO_Biological_Process_2023,Double-Strand Break Repair (GO:0006302),1/168,0.8165063001156674,0.8258259661918133,0,0,0.5907682123190804,0.1197609163547349,NUCKS1
GO_Biological_Process_2023,Brain Development (GO:0007420),1/169,0.8183567646763946,0.8271730289346321,0,0,0.5872218234027279,0.1177126632932345,RTN4
GO_Biological_Process_2023,Metal Ion Transport (GO:0030001),1/171,0.8220021720657791,0.8303315164312334,0,0,0.5802542122376588,0.1137369287884457,CAV1
GO_Biological_Process_2023,Intracellular Protein Transport (GO:0006886),2/325,0.8389351569857832,0.8468997312609647,0,0,0.6090940363386184,0.1069702285350596,ARF1;CALR
GO_Biological_Process_2023,Phosphate-Containing Compound Metabolic Process (GO:0006796),1/184,0.8439859992638473,0.8514596260757978,0,0,0.5386769915149519,0.0913700535900012,PPA1
GO_Biological_Process_2023,Axonogenesis (GO:0007409),1/188,0.8501901851438446,0.8571765773100076,0,0,0.5270469997044044,0.0855372020724991,APP
GO_Biological_Process_2023,Endomembrane System Organization (GO:0010256),1/196,0.8618716082753269,0.8684050632969971,0,0,0.5052183996907615,0.075100192580976,CAV2
GO_Biological_Process_2023,Ubiquitin-Dependent Protein Catabolic Process (GO:0006511),2/367,0.8845607780390295,0.8907035612198562,0,0,0.537844195378442,0.0659741489795757,UBXN1;PCBP2
GO_Biological_Process_2023,Protein Polyubiquitination (GO:0000209),1/226,0.8981547293522425,0.9038213207046224,0,0,0.4371859296482412,0.0469594177767252,WSB1
GO_Biological_Process_2023,Cilium Organization (GO:0044782),1/228,0.9002045097002905,0.905312858115992,0,0,0.4332897970026343,0.0455531898856198,GSN
GO_Biological_Process_2023,Cilium Assembly (GO:0060271),1/243,0.9143242732694472,0.9189333433300366,0,0,0.4061215166742805,0.0363762984371287,GSN
GO_Biological_Process_2023,Protein Modification Process (GO:0036211),4/711,0.9283582940102818,0.9324505534926948,0,0,0.5511358716046532,0.0409700783021203,DSP;APP;KRT10;GAS6
GO_Biological_Process_2023,Phosphorylation (GO:0016310),2/429,0.9305285955438606,0.9340422340418236,0,0,0.4582830648404419,0.0329975135431714,APP;GAS6
GO_Biological_Process_2023,Protein Ubiquitination (GO:0016567),2/434,0.9333652025918024,0.9363003132917768,0,0,0.4528619528619528,0.0312287835206015,WSB1;RACK1
GO_Biological_Process_2023,Chemical Synaptic Transmission (GO:0007268),1/273,0.9368751094862604,0.9392305465937054,0,0,0.360774460537984,0.0235244045008293,APOE
GO_Biological_Process_2023,Transmembrane Receptor Protein Tyrosine Kinase Signaling Pathway (GO:0007169),1/284,0.9435701057554372,0.9453481901255792,0,0,0.3465561020650958,0.0201295770735271,CAV2
GO_Biological_Process_2023,Organelle Assembly (GO:0070925),1/322,0.9617092140888042,0.9625093453764736,0,0,0.304935894425398,0.0119056567280658,GSN
GO_Biological_Process_2023,Protein Phosphorylation (GO:0006468),2/500,0.9619058912414412,0.9625093453764736,0,0,0.3915054156018011,0.0152055454326809,APP;GAS6
GO_Biological_Process_2023,Protein Modification By Small Protein Conjugation (GO:0032446),1/364,0.9750783988975512,0.9750783988975512,0,0,0.2690726359068067,0.006790694304129,RACK1
