Gene_set,Term,Overlap,P-value,Adjusted P-value,Old P-value,Old Adjusted P-value,Odds Ratio,Combined Score,Genes
Reactome_2022,L13a-mediated Translational Silencing Of Ceruloplasmin Expression R-HSA-156827,35/108,6.899160040241929e-44,2.9435735188439135e-41,0,0,57.32212536322125,5696.807205782405,EIF4A2;RPL4;EIF4A1;RPL31;RPLP0;RPL36A;RPL10A;RPL8;RPL9;RPL6;RPL7A;RPS17;RPS16;RPS15A;RPL18A;RPL36;RPLP2;RPL37;RPS2;RPL18;RPS10;RPS12;RPS9;RPS8;RPS5;RPS6;RPL13A;RPSA;RPL23A;EIF3L;RPL27A;EIF3G;EIF3F;RPL29;RPL28
Reactome_2022,GTP Hydrolysis And Joining Of 60S Ribosomal Subunit R-HSA-72706,35/109,1.0080731228917517e-43,2.9435735188439135e-41,0,0,56.54463554463555,5598.095241443816,EIF4A2;RPL4;EIF4A1;RPL31;RPLP0;RPL36A;RPL10A;RPL8;RPL9;RPL6;RPL7A;RPS17;RPS16;RPS15A;RPL18A;RPL36;RPLP2;RPL37;RPS2;RPL18;RPS10;RPS12;RPS9;RPS8;RPS5;RPS6;RPL13A;RPSA;RPL23A;EIF3L;RPL27A;EIF3G;EIF3F;RPL29;RPL28
Reactome_2022,Eukaryotic Translation Elongation R-HSA-156842,33/90,1.6546908407276882e-43,3.2211315032832327e-41,0,0,68.44405924992121,6742.256233577588,RPL4;RPL31;RPLP0;RPL36A;RPL10A;RPL8;RPL9;RPL6;EEF1B2;RPL7A;RPS17;RPS16;RPS15A;RPL18A;RPL36;RPLP2;RPL37;RPS2;RPL18;RPS10;RPS12;RPS9;RPS8;RPS5;RPS6;RPL13A;RPSA;RPL23A;EEF2;EEF1A1;RPL27A;RPL29;RPL28
Reactome_2022,Cap-dependent Translation Initiation R-HSA-72737,35/116,1.2776132112195149e-42,1.8653152883804917e-40,0,0,51.63973063973064,4981.353300511037,EIF4A2;RPL4;EIF4A1;RPL31;RPLP0;RPL36A;RPL10A;RPL8;RPL9;RPL6;RPL7A;RPS17;RPS16;RPS15A;RPL18A;RPL36;RPLP2;RPL37;RPS2;RPL18;RPS10;RPS12;RPS9;RPS8;RPS5;RPS6;RPL13A;RPSA;RPL23A;EIF3L;RPL27A;EIF3G;EIF3F;RPL29;RPL28
Reactome_2022,Peptide Chain Elongation R-HSA-156902,32/86,1.9003300404799386e-42,2.219585487280568e-40,0,0,69.65079365079364,6691.111195115813,RPL4;RPL31;RPLP0;RPL36A;RPL10A;RPL8;RPL9;RPL6;RPL7A;RPS17;RPS16;RPS15A;RPL18A;RPL36;RPLP2;RPL37;RPS2;RPL18;RPS10;RPS12;RPS9;RPS8;RPS5;RPS6;RPL13A;RPSA;RPL23A;EEF2;EEF1A1;RPL27A;RPL29;RPL28
Reactome_2022,Formation Of A Pool Of Free 40S Subunits R-HSA-72689,33/98,4.83400660565221e-42,4.705099762834817e-40,0,0,59.99585444495624,5707.579516752086,RPL4;RPL31;RPLP0;RPL36A;RPL10A;RPL8;RPL9;RPL6;RPL7A;RPS17;RPS16;RPS15A;RPL18A;RPL36;RPLP2;RPL37;RPS2;RPL18;RPS10;RPS12;RPS9;RPS8;RPS5;RPS6;RPL13A;RPSA;RPL23A;EIF3L;RPL27A;EIF3G;EIF3F;RPL29;RPL28
Reactome_2022,Response Of EIF2AK4 (GCN2) To Amino Acid Deficiency R-HSA-9633012,32/98,2.8427347755541413e-40,2.371653012748027e-38,0,0,56.95238095238095,5186.006193781832,RPL4;CEBPB;RPL31;RPLP0;RPL36A;RPL10A;RPL8;RPL9;RPL6;RPL7A;RPS17;RPS16;RPS15A;RPL18A;RPL36;RPLP2;RPL37;RPS2;RPL18;RPS10;RPS12;RPS9;RPS8;RPS5;RPS6;RPL13A;RPSA;RPL23A;RPL27A;RPL29;RPL28;ATF4
Reactome_2022,Selenocysteine Synthesis R-HSA-2408557,30/90,4.220955461142962e-38,2.4650379893074897e-36,0,0,58.05882352941177,4996.436222500958,RPL4;RPL31;RPLP0;RPL36A;RPL10A;RPL8;RPL9;RPL6;RPL7A;RPS17;RPS16;RPS15A;RPL18A;RPL36;RPLP2;RPL37;RPS2;RPL18;RPS10;RPS12;RPS9;RPS8;RPS5;RPS6;RPL13A;RPSA;RPL23A;RPL27A;RPL29;RPL28
Reactome_2022,Eukaryotic Translation Termination R-HSA-72764,30/90,4.220955461142962e-38,2.4650379893074897e-36,0,0,58.05882352941177,4996.436222500958,RPL4;RPL31;RPLP0;RPL36A;RPL10A;RPL8;RPL9;RPL6;RPL7A;RPS17;RPS16;RPS15A;RPL18A;RPL36;RPLP2;RPL37;RPS2;RPL18;RPS10;RPS12;RPS9;RPS8;RPS5;RPS6;RPL13A;RPSA;RPL23A;RPL27A;RPL29;RPL28
Reactome_2022,Viral mRNA Translation R-HSA-192823,30/90,4.220955461142962e-38,2.4650379893074897e-36,0,0,58.05882352941177,4996.436222500958,RPL4;RPL31;RPLP0;RPL36A;RPL10A;RPL8;RPL9;RPL6;RPL7A;RPS17;RPS16;RPS15A;RPL18A;RPL36;RPLP2;RPL37;RPS2;RPL18;RPS10;RPS12;RPS9;RPS8;RPS5;RPS6;RPL13A;RPSA;RPL23A;RPL27A;RPL29;RPL28
Reactome_2022,Nonsense Mediated Decay (NMD) Independent Of Exon Junction Complex (EJC) R-HSA-975956,30/92,9.190590892230184e-38,4.879368255511297e-36,0,0,56.18026565464896,4791.056049558445,RPL4;RPL31;RPLP0;RPL36A;RPL10A;RPL8;RPL9;RPL6;RPL7A;RPS17;RPS16;RPS15A;RPL18A;RPL36;RPLP2;RPL37;RPS2;RPL18;RPS10;RPS12;RPS9;RPS8;RPS5;RPS6;RPL13A;RPSA;RPL23A;RPL27A;RPL29;RPL28
Reactome_2022,SRP-dependent Cotranslational Protein Targeting To Membrane R-HSA-1799339,30/108,2.3829275055500392e-35,1.1596913860343524e-33,0,0,44.619909502262445,3557.195050443035,RPL4;RPL31;RPLP0;RPL36A;RPL10A;RPL8;RPL9;RPL6;RPL7A;RPS17;RPS16;RPS15A;RPL18A;RPL36;RPLP2;RPL37;RPS2;RPL18;RPS10;RPS12;RPS9;RPS8;RPS5;RPS6;RPL13A;RPSA;RPL23A;RPL27A;RPL29;RPL28
Reactome_2022,Nonsense Mediated Decay (NMD) Enhanced By Exon Junction Complex (EJC) R-HSA-975957,30/112,8.186143577082272e-35,3.6774675761661896e-33,0,0,42.43472022955524,3330.6178209155178,RPL4;RPL31;RPLP0;RPL36A;RPL10A;RPL8;RPL9;RPL6;RPL7A;RPS17;RPS16;RPS15A;RPL18A;RPL36;RPLP2;RPL37;RPS2;RPL18;RPS10;RPS12;RPS9;RPS8;RPS5;RPS6;RPL13A;RPSA;RPL23A;RPL27A;RPL29;RPL28
Reactome_2022,Selenoamino Acid Metabolism R-HSA-2408522,30/114,1.4877011243798598e-34,6.205838975984558e-33,0,0,41.42016806722689,3226.244273746746,RPL4;RPL31;RPLP0;RPL36A;RPL10A;RPL8;RPL9;RPL6;RPL7A;RPS17;RPS16;RPS15A;RPL18A;RPL36;RPLP2;RPL37;RPS2;RPL18;RPS10;RPS12;RPS9;RPS8;RPS5;RPS6;RPL13A;RPSA;RPL23A;RPL27A;RPL29;RPL28
Reactome_2022,Influenza Infection R-HSA-168255,33/157,2.0353480154814e-34,7.924288273607583e-33,0,0,31.35541819586633,2432.4663744459017,RPL4;RPL31;RPLP0;RPL36A;CLTA;RPL10A;RPL8;RPL9;RPL6;RPL7A;RPS17;RPS16;RPS15A;RPL18A;RPL36;RPLP2;RPL37;RPS2;RPL18;RPS10;RPS12;RPS9;RPS8;RPS5;RPS6;RPL13A;RPSA;RPL23A;RPL27A;CALR;RPL29;RPL28;SLC25A6
Reactome_2022,Cellular Response To Starvation R-HSA-9711097,32/153,2.591756668133296e-33,9.459911838686531e-32,0,0,30.97835497835498,2324.3980470486445,RPL4;CEBPB;RPL31;RPLP0;RPL36A;RPL10A;RPL8;RPL9;RPL6;RPL7A;RPS17;RPS16;RPS15A;RPL18A;RPL36;RPLP2;RPL37;RPS2;RPL18;RPS10;RPS12;RPS9;RPS8;RPS5;RPS6;RPL13A;RPSA;RPL23A;RPL27A;RPL29;RPL28;ATF4
Reactome_2022,Translation R-HSA-72766,39/281,2.7905101550923118e-33,9.586223121023002e-32,0,0,19.57707509881423,1467.4796097272133,RPL4;EIF4A2;EIF4A1;RPL31;RPLP0;RPL36A;RPL8;RPL10A;RPL9;RPL6;EEF1B2;RPL7A;RPS17;RPS16;RPS15A;RPL18A;RPL36;RPLP2;RPL37;RPS2;RPL18;RPS10;RPS12;RPS9;RPS8;RPS5;RPS6;RPL13A;RPSA;RPL23A;EEF2;EEF1A1;PPA1;EIF3L;RPL27A;EIF3G;EIF3F;RPL29;RPL28
Reactome_2022,Influenza Viral RNA Transcription And Replication R-HSA-168273,30/137,6.548111158354585e-32,2.124498286932821e-30,0,0,32.47883452446399,2332.0954998634315,RPL4;RPL31;RPLP0;RPL36A;RPL10A;RPL8;RPL9;RPL6;RPL7A;RPS17;RPS16;RPS15A;RPL18A;RPL36;RPLP2;RPL37;RPS2;RPL18;RPS10;RPS12;RPS9;RPS8;RPS5;RPS6;RPL13A;RPSA;RPL23A;RPL27A;RPL29;RPL28
Reactome_2022,Regulation Of Expression Of SLITs And ROBOs R-HSA-9010553,30/167,3.7465474492414945e-29,1.1515703738721228e-27,0,0,25.32803778445685,1657.8247527884546,RPL4;RPL31;RPLP0;RPL36A;RPL10A;RPL8;RPL9;RPL6;RPL7A;RPS17;RPS16;RPS15A;RPL18A;RPL36;RPLP2;RPL37;RPS2;RPL18;RPS10;RPS12;RPS9;RPS8;RPS5;RPS6;RPL13A;RPSA;RPL23A;RPL27A;RPL29;RPL28
Reactome_2022,Major Pathway Of rRNA Processing In Nucleolus And Cytosol R-HSA-6791226,30/179,3.3126899137955157e-28,9.673054548282904e-27,0,0,23.273983418870905,1472.6525051647577,RPL4;RPL31;RPLP0;RPL36A;RPL10A;RPL8;RPL9;RPL6;RPL7A;RPS17;RPS16;RPS15A;RPL18A;RPL36;RPLP2;RPL37;RPS2;RPL18;RPS10;RPS12;RPS9;RPS8;RPS5;RPS6;RPL13A;RPSA;RPL23A;RPL27A;RPL29;RPL28
Reactome_2022,rRNA Processing In Nucleus And Cytosol R-HSA-8868773,30/189,1.7987956367659275e-27,5.00236500891096e-26,0,0,21.79911209766925,1342.4477480950425,RPL4;RPL31;RPLP0;RPL36A;RPL10A;RPL8;RPL9;RPL6;RPL7A;RPS17;RPS16;RPS15A;RPL18A;RPL36;RPLP2;RPL37;RPS2;RPL18;RPS10;RPS12;RPS9;RPS8;RPS5;RPS6;RPL13A;RPSA;RPL23A;RPL27A;RPL29;RPL28
Reactome_2022,rRNA Processing R-HSA-72312,30/199,8.842750454320274e-27,2.3473483024195635e-25,0,0,20.4987817612252,1229.7260082897408,RPL4;RPL31;RPLP0;RPL36A;RPL8;RPL10A;RPL9;RPL6;RPL7A;RPS17;RPS16;RPS15A;RPL18A;RPL36;RPLP2;RPL37;RPS2;RPL18;RPS10;RPS12;RPS9;RPS8;RPS5;RPS6;RPL13A;RPSA;RPL23A;RPL27A;RPL29;RPL28
Reactome_2022,Signaling By ROBO Receptors R-HSA-376176,30/209,3.9773034232388897e-26,1.009889217031092e-24,0,0,19.343739730529084,1131.349729837745,RPL4;RPL31;RPLP0;RPL36A;RPL8;RPL10A;RPL9;RPL6;RPL7A;RPS17;RPS16;RPS15A;RPL18A;RPL36;RPLP2;RPL37;RPS2;RPL18;RPS10;RPS12;RPS9;RPS8;RPS5;RPS6;RPL13A;RPSA;RPL23A;RPL27A;RPL29;RPL28
Reactome_2022,Cellular Responses To Stimuli R-HSA-8953897,47/736,7.184980390592352e-25,1.748345228377472e-23,0,0,8.520608630486544,473.68308160647376,RPL4;CEBPB;RPL31;GSTP1;RPLP0;RPL36A;MT1X;RPL8;RPL10A;RPL9;RPL6;PRDX2;RPL7A;MT2A;RPS17;PRDX5;RPS16;RPS15A;RPL18A;MYC;RPL36;SERPINH1;RPLP2;IGFBP7;RPL37;RPS2;RPL18;RPS10;RPS12;RPS9;RPS8;RPS5;RPS6;RPL13A;RPSA;RPL23A;SOD3;EEF1A1;RPL27A;ID1;CALR;P4HB;RPL29;RPL28;CRYAB;MT1E;ATF4
Reactome_2022,Cellular Responses To Stress R-HSA-2262752,44/722,1.8795014392501696e-22,4.390515362088397e-21,0,0,7.954844565464034,397.947984274166,RPL4;CEBPB;RPL31;GSTP1;RPLP0;RPL36A;RPL8;RPL10A;RPL9;RPL6;PRDX2;RPL7A;RPS17;PRDX5;RPS16;RPS15A;RPL18A;MYC;RPL36;SERPINH1;RPLP2;IGFBP7;RPL37;RPS2;RPL18;RPS10;RPS12;RPS9;RPS8;RPS5;RPS6;RPL13A;RPSA;RPL23A;SOD3;EEF1A1;RPL27A;ID1;CALR;P4HB;RPL29;RPL28;CRYAB;ATF4
Reactome_2022,Metabolism Of RNA R-HSA-8953854,41/666,4.4251430855291044e-21,9.939552161342297e-20,0,0,7.911194968553459,370.7738506957511,RPL4;EIF4A2;EIF4A1;RPL31;RPLP0;RPL36A;HSPB1;RPL8;RPL10A;RPL9;RPL6;RPL7A;RPS17;RPS16;RPS15A;RPL18A;MYC;PCBP2;RPL36;RPLP2;RPL37;RPS2;RPL18;HNRNPA1;RPS10;SRSF11;RPS12;RPS9;RPS8;FUS;RPS5;RPS6;RPL13A;RPSA;RPL23A;RPL27A;SRSF2;HNRNPC;SRSF5;RPL29;RPL28
Reactome_2022,Ribosomal Scanning And Start Codon Recognition R-HSA-72702,16/57,2.1994232277725852e-19,4.587368446497105e-18,0,0,41.90668080593849,1800.3496290429546,EIF4A2;EIF4A1;RPS9;RPS8;RPS5;RPS6;RPSA;RPS17;RPS16;RPS15A;EIF3L;EIF3G;RPS2;EIF3F;RPS10;RPS12
Reactome_2022,Translation Initiation Complex Formation R-HSA-72649,16/57,2.1994232277725852e-19,4.587368446497105e-18,0,0,41.90668080593849,1800.3496290429546,EIF4A2;EIF4A1;RPS9;RPS8;RPS5;RPS6;RPSA;RPS17;RPS16;RPS15A;EIF3L;EIF3G;RPS2;EIF3F;RPS10;RPS12
Reactome_2022,Axon Guidance R-HSA-422475,35/519,2.7113154830576414e-19,5.460028421054009e-18,0,0,8.465564738292011,361.91713868243,RPL4;RPL31;RPLP0;CLTB;RPL36A;CLTA;RPL8;RPL10A;RPL9;RPL6;ACTG1;RPL7A;RPS17;RPS16;RPS15A;RPL18A;RPL36;RPLP2;RPL37;RPS2;RPL18;RPS10;RPS12;RPS9;RPS8;RPS5;RPS6;RPL13A;RPSA;RPL23A;RPL27A;COL6A2;RPL29;RPL28;MYL9
Reactome_2022,"mRNA Activation Upon Binding Of Cap-Binding Complex And eIFs, Subsequent Binding To 43S R-HSA-72662",16/58,3.0109991206652734e-19,5.8614116215617314e-18,0,0,40.90683229813665,1744.5473286639335,EIF4A2;EIF4A1;RPS9;RPS8;RPS5;RPS6;RPSA;RPS17;RPS16;RPS15A;EIF3L;EIF3G;RPS2;EIF3F;RPS10;RPS12
Reactome_2022,Infectious Disease R-HSA-5663205,46/961,3.118420917527587e-19,5.87470263172939e-18,0,0,6.164998935490739,262.70164004707505,RPL4;CEBPD;RPL31;RPLP0;RPL36A;CLTA;RPL8;RPL10A;RPL9;RPL6;ACTG1;RPL7A;RPS17;RPS16;RPS15A;RPL18A;RPL36;RPLP2;RPL37;RPS2;RPL18;RPS10;RPS12;RPS9;RPS8;RPS5;CAV1;RPS6;HLA-B;HLA-C;RPL13A;RPSA;RPL23A;HLA-A;EEF2;REXO2;FKBP1A;FXYD3;RPL27A;GNB2;IMPDH2;CALR;RPL29;RPL28;PPIA;SLC25A6
Reactome_2022,Metabolism Of Amino Acids And Derivatives R-HSA-71291,30/364,4.810266833887881e-19,8.778736971845383e-18,0,0,10.284959492779148,433.8027673662607,RPL4;RPL31;RPLP0;RPL36A;RPL8;RPL10A;RPL9;RPL6;RPL7A;RPS17;RPS16;RPS15A;RPL18A;RPL36;RPLP2;RPL37;RPS2;RPL18;RPS10;RPS12;RPS9;RPS8;RPS5;RPS6;RPL13A;RPSA;RPL23A;RPL27A;RPL29;RPL28
Reactome_2022,Nervous System Development R-HSA-9675108,35/545,1.2824464122518956e-18,2.2695415295609305e-17,0,0,8.023172905525847,330.5367691345996,RPL4;RPL31;RPLP0;CLTB;RPL36A;CLTA;RPL8;RPL10A;RPL9;RPL6;ACTG1;RPL7A;RPS17;RPS16;RPS15A;RPL18A;RPL36;RPLP2;RPL37;RPS2;RPL18;RPS10;RPS12;RPS9;RPS8;RPS5;RPS6;RPL13A;RPSA;RPL23A;RPL27A;COL6A2;RPL29;RPL28;MYL9
Reactome_2022,Metabolism Of Proteins R-HSA-392499,61/1890,4.040591422836972e-17,6.940309973343504e-16,0,0,4.311948582194933,162.76551845339242,RPL4;EIF4A2;APP;EIF4A1;UBXN1;RPL31;RPLP0;RPL8;RPL10A;RPL9;RPL6;EEF1B2;RPL7A;RPS17;RPS16;RPL18A;MYC;RPL36;RPLP2;RPL37;RPS10;RPS12;RPS9;WSB1;RPS8;RPS5;RPS6;HLA-B;RPL13A;RPSA;HLA-A;EEF1A1;TUBB2A;AOPEP;PPA1;RPL29;GAS6;RPL28;RPL36A;SNX3;CST3;SOCS3;RPS15A;CD59;IGFBP7;APOE;RPS2;RPL18;GSN;RPL23A;EEF2;KLF4;EIF3L;RPL27A;GNB2;RAB13;EIF3G;HNRNPC;CALR;P4HB;EIF3F
Reactome_2022,"Formation Of Ternary Complex, And Subsequently, 43S Complex R-HSA-72695",14/50,4.317095930483523e-17,7.203382924006795e-16,0,0,41.32258064516129,1557.0911879579394,RPS9;RPS8;RPS5;RPS6;RPSA;RPS17;RPS16;RPS15A;EIF3L;EIF3G;RPS2;EIF3F;RPS10;RPS12
Reactome_2022,Developmental Biology R-HSA-1266738,42/1073,1.703615667282837e-14,2.7636431935921576e-13,0,0,4.839212267799482,153.41966826084965,RPL4;CEBPB;CEBPD;RPL31;RPLP0;CLTB;RPL36A;CLTA;RPL8;RPL10A;RPL9;RPL6;ACTG1;RPL7A;RPS17;RPS16;RPS15A;RPL18A;MYC;PERP;RPL36;RPLP2;RPL37;RPS2;RPL18;RPS10;RPS12;RPS9;RPS8;RPS5;RPS6;RPL13A;RPSA;RPL23A;KRT10;KLF4;RPL27A;COL6A2;KRT14;RPL29;RPL28;MYL9
Reactome_2022,Disease R-HSA-1643685,53/1736,8.471792679703185e-14,1.3371694391747729e-12,0,0,3.881152460984394,116.8205512016014,RPL4;APP;RPL31;RPLP0;CLTA;RPL8;RPL10A;RPL9;RPL6;ACTG1;RPL7A;RPS17;RPS16;RPL18A;MYC;RPL36;RPLP2;RPL37;RPS10;RPS12;RPS9;RPS8;RPS5;RPS6;HLA-B;HLA-C;RPL13A;RPSA;HLA-A;REXO2;DCN;APRT;SERPING1;RPL29;RPL28;PPIA;SLC25A6;CEBPB;CEBPD;RPL36A;PRDX2;RPS15A;RPS2;RPL18;CAV1;RPL23A;EEF2;FKBP1A;FXYD3;RPL27A;GNB2;IMPDH2;CALR
Reactome_2022,SARS-CoV-2 Modulates Host Translation Machinery R-HSA-9754678,11/47,9.646542850070919e-13,1.4825213222214257e-11,0,0,31.952380952380956,884.0267350671195,RPS17;RPS9;RPS15A;RPS16;RPS8;RPS5;RPS6;RPSA;RPS2;RPS10;RPS12
Reactome_2022,SARS-CoV-2-host Interactions R-HSA-9705683,16/196,1.3674157485013066e-10,2.047617428525033e-09,0,0,9.478260869565217,215.2790594101834,RPS9;RPS8;RPS5;CAV1;RPS6;HLA-B;HLA-C;RPSA;HLA-A;REXO2;RPS17;RPS16;RPS15A;RPS2;RPS10;RPS12
Reactome_2022,Metabolism R-HSA-1430728,49/2049,4.880418214535353e-09,7.125410593221616e-08,0,0,2.8880794701986754,55.27216575543993,RPL4;RPL31;TECR;RPLP0;RPL8;RPL10A;RPL9;RPL6;RPL7A;RPS17;RPS16;RPL18A;RPL36;RPLP2;TSPO;RPL37;RPS10;RPS12;CBR1;RPS9;RPS8;RPS5;RPS6;RPL13A;RPSA;DCN;APRT;PPA1;RPL29;RPL28;MGST3;GSTP1;RPL36A;ATP5MC3;ATP5F1A;RPS15A;APOE;RPS2;RPL18;CYB5A;MDH2;CAV1;RPL23A;ATP5F1D;MARCKS;RPL27A;GNB2;IMPDH2;DEGS1
Reactome_2022,SARS-CoV Infections R-HSA-9679506,19/369,6.0929813045648535e-09,8.678783126502131e-08,0,0,5.833464877663773,110.34657025795184,RPS9;RPS8;RPS5;CAV1;RPS6;HLA-B;HLA-C;RPSA;HLA-A;REXO2;FKBP1A;RPS17;RPS16;RPS15A;FXYD3;IMPDH2;RPS2;RPS10;RPS12
Reactome_2022,SARS-CoV-2 Infection R-HSA-9694516,16/283,2.7809835269876694e-08,3.866891380382855e-07,0,0,6.361504640937958,110.6766695025572,RPS9;RPS8;RPS5;CAV1;RPS6;HLA-B;HLA-C;RPSA;HLA-A;REXO2;RPS17;RPS16;RPS15A;RPS2;RPS10;RPS12
Reactome_2022,Neutrophil Degranulation R-HSA-6798695,17/468,5.093028213367054e-06,6.917042968851998e-05,0,0,3.985472477675597,48.57349569906656,GRN;GSN;ANXA2;GSTP1;HLA-B;HLA-C;HLA-A;EEF2;APRT;CST3;EEF1A1;PRDX5;LAMP1;IMPDH2;CD59;DEGS1;PPIA
Reactome_2022,Detoxification Of Reactive Oxygen Species R-HSA-3299685,5/34,2.0905707910418636e-05,0.0002774757595382837,0,0,17.480990274093724,188.3662067044033,PRDX2;PRDX5;GSTP1;P4HB;SOD3
Reactome_2022,Interferon Alpha/Beta Signaling R-HSA-909733,6/72,8.373603081935455e-05,0.0010867075999667,0,0,9.24742268041237,86.81333560855745,IFITM3;SOCS3;IRF1;HLA-B;HLA-C;HLA-A
Reactome_2022,Immune System R-HSA-168256,37/1943,9.51774465475601e-05,0.001208339756169,0,0,2.131074617449578,19.73325558981388,IFITM3;EIF4A2;APP;EIF4A1;GRN;CEBPD;GSTP1;RPLP0;CLTA;ACTG1;CST3;SOCS3;MT2A;PRDX5;LAMP1;MYC;PCBP2;CD59;WSB1;GSN;ANXA2;HLA-B;HLA-C;HLA-A;EEF2;APRT;FKBP1A;EEF1A1;IRF1;IMPDH2;POLR1D;SERPING1;DEGS1;HNRNPC;CALR;P4HB;PPIA
Reactome_2022,Endosomal/Vacuolar Pathway R-HSA-1236977,3/11,0.00015320271943439296,0.0018639664197851,0,0,37.6751269035533,330.92884130781977,HLA-B;HLA-C;HLA-A
Reactome_2022,Metallothioneins Bind Metals R-HSA-5661231,3/11,0.00015320271943439296,0.0018639664197851,0,0,37.6751269035533,330.92884130781977,MT2A;MT1X;MT1E
Reactome_2022,"Antigen Presentation: Folding, Assembly, Peptide Loading Of Class I MHC R-HSA-983170",4/28,0.00016460907121433117,0.0019618713793708,0,0,16.816326530612244,146.50278000651662,HLA-B;HLA-C;HLA-A;CALR
Reactome_2022,Interferon Signaling R-HSA-913531,9/200,0.0001900166822654637,0.0022193948488606,0,0,4.837614100490667,41.45060631295679,EIF4A2;IFITM3;EIF4A1;SOCS3;MT2A;IRF1;HLA-B;HLA-C;HLA-A
Reactome_2022,Interferon Gamma Signaling R-HSA-877300,6/89,0.00027063132601330985,0.0030989940076818,0,0,7.347037635076388,60.35410007036064,SOCS3;MT2A;IRF1;HLA-B;HLA-C;HLA-A
Reactome_2022,Innate Immune System R-HSA-168249,23/1035,0.00028593077324467786,0.0032112225302863,0,0,2.412429378531073,19.68484674334029,APP;GRN;GSN;ANXA2;GSTP1;HLA-B;HLA-C;HLA-A;EEF2;APRT;ACTG1;CST3;EEF1A1;PRDX5;LAMP1;IMPDH2;PCBP2;POLR1D;SERPING1;CD59;DEGS1;HNRNPC;PPIA
Reactome_2022,Response To Metal Ions R-HSA-5660526,3/14,0.000330570754905644,0.0036425154880169,0,0,27.395939086294412,219.56995457412373,MT2A;MT1X;MT1E
Reactome_2022,Formation Of ATP By Chemiosmotic Coupling R-HSA-163210,3/16,0.0005011239651713426,0.0054195628825937,0,0,23.178836392034363,176.1280286078286,ATP5F1A;ATP5MC3;ATP5F1D
Reactome_2022,Protein Methylation R-HSA-8876725,3/17,0.0006040394207294829,0.0062992682447503,0,0,21.5221174764322,159.51916044937724,EEF1A1;RPS2;EEF2
Reactome_2022,FOXO-mediated Transcription Of Cell Cycle Genes R-HSA-9617828,3/17,0.0006040394207294829,0.0062992682447503,0,0,21.5221174764322,159.51916044937724,GADD45A;CAV1;KLF4
Reactome_2022,Post-translational Protein Phosphorylation R-HSA-8957275,6/106,0.0006906224202832534,0.0070758507622003,0,0,6.092783505154639,44.34277452972727,CST3;APP;IGFBP7;APOE;P4HB;GAS6
Reactome_2022,Smooth Muscle Contraction R-HSA-445355,4/43,0.0008826236600453894,0.0088871071976984,0,0,10.34065934065934,72.72184139201934,ANXA2;CALD1;TPM1;MYL9
Reactome_2022,Interleukin-12 Signaling R-HSA-9020591,4/44,0.0009633623018811156,0.0095356539711622,0,0,10.081632653061224,70.017755335544,ANXA2;RPLP0;P4HB;PPIA
Reactome_2022,Regulation Of IGF Transport And Uptake By IGFBPs R-HSA-381426,6/123,0.0014960628556399,0.0145616784615618,0,0,5.203013481363997,33.84517804978016,CST3;APP;IGFBP7;APOE;P4HB;GAS6
Reactome_2022,Platelet Degranulation R-HSA-114608,6/125,0.0016245281501544,0.0155528596670522,0,0,5.115048081088105,32.85159003068434,APP;SPARC;SELENOP;SERPING1;GAS6;PPIA
Reactome_2022,Cytokine Signaling In Immune System R-HSA-1280215,16/702,0.0019096405934292,0.0179875823639139,0,0,2.4228672835593863,15.169184950221682,IFITM3;EIF4A2;APP;EIF4A1;ANXA2;CEBPD;RPLP0;HLA-B;HLA-C;HLA-A;SOCS3;MT2A;MYC;IRF1;P4HB;PPIA
Reactome_2022,Response To Elevated Platelet Cytosolic Ca2+ R-HSA-76005,6/130,0.001982388977067,0.0183764311524943,0,0,4.907549052211507,30.5418989454338,APP;SPARC;SELENOP;SERPING1;GAS6;PPIA
Reactome_2022,Interleukin-12 Family Signaling R-HSA-447115,4/54,0.0020765932331265,0.0189489132522798,0,0,8.061224489795919,49.79439807569174,ANXA2;RPLP0;P4HB;PPIA
Reactome_2022,mRNA Splicing - Major Pathway R-HSA-72163,7/181,0.0023414743468687,0.0210372464395589,0,0,4.0909415758442025,24.778728745554464,FUS;PCBP2;SRSF2;SRSF5;HNRNPC;HNRNPA1;SRSF11
Reactome_2022,Cellular Response To Chemical Stress R-HSA-9711123,7/182,0.0024149672228245,0.0213688008807508,0,0,4.067357512953368,24.510179315931456,PRDX2;PRDX5;MYC;GSTP1;P4HB;SOD3;ATF4
Reactome_2022,Cristae Formation R-HSA-8949613,3/29,0.002971884860348,0.0255965974935874,0,0,11.581803982819212,67.38940857682955,ATP5F1A;ATP5MC3;ATP5F1D
Reactome_2022,mRNA Splicing R-HSA-72172,7/189,0.0029804257355546,0.0255965974935874,0,0,3.909525707453168,22.736586138354028,FUS;PCBP2;SRSF2;SRSF5;HNRNPC;HNRNPA1;SRSF11
Reactome_2022,ATF6 (ATF6-alpha) Activates Chaperone Genes R-HSA-381183,2/9,0.0034202318391573,0.0277418804731648,0,0,28.561327561327563,162.17255858986445,CALR;ATF4
Reactome_2022,Calcineurin Activates NFAT R-HSA-2025928,2/9,0.0034202318391573,0.0277418804731648,0,0,28.561327561327563,162.17255858986445,FKBP1A;PPIA
Reactome_2022,Chylomicron Assembly R-HSA-8963888,2/9,0.0034202318391573,0.0277418804731648,0,0,28.561327561327563,162.17255858986445,APOE;P4HB
Reactome_2022,Formation Of Annular Gap Junctions R-HSA-196025,2/9,0.0034202318391573,0.0277418804731648,0,0,28.561327561327563,162.17255858986445,CLTB;CLTA
Reactome_2022,FOXO-mediated Transcription R-HSA-9614085,4/65,0.0040828180576182,0.0326625444609461,0,0,6.603880896620943,36.32773635617284,GADD45A;CAV1;REXO2;KLF4
Reactome_2022,Gap Junction Degradation R-HSA-190873,2/10,0.0042472321345398,0.0335186968455576,0,0,24.98989898989899,136.4820277236255,CLTB;CLTA
Reactome_2022,Lysosome Vesicle Biogenesis R-HSA-432720,3/34,0.0046920695585813,0.0365355816294864,0,0,9.711314884558703,52.07091984713094,APP;CLTB;CLTA
Reactome_2022,Gene And Protein Expression By JAK-STAT Signaling After Interleukin-12 Stimulation R-HSA-8950505,3/35,0.0050945877067937,0.0386115383980424,0,0,9.407360406091373,49.666879272481374,ANXA2;RPLP0;PPIA
Reactome_2022,ATF6 (ATF6-alpha) Activates Chaperones R-HSA-381033,2/11,0.0051570205394645,0.0386115383980424,0,0,22.21212121212121,117.00004466783103,CALR;ATF4
Reactome_2022,"WNT5A-dependent Internalization Of FZD2, FZD5 And ROR2 R-HSA-5140745",2/11,0.0051570205394645,0.0386115383980424,0,0,22.21212121212121,117.00004466783103,CLTB;CLTA
Reactome_2022,SARS-CoV-2 Targets Host Intracellular Signaling And Regulatory Pathways R-HSA-9755779,2/13,0.0072181010363148,0.0526921375650985,0,0,18.171717171717173,89.6077061786221,CAV1;REXO2
Reactome_2022,Dissolution Of Fibrin Clot R-HSA-75205,2/13,0.0072181010363148,0.0526921375650985,0,0,18.171717171717173,89.6077061786221,ANXA2;S100A10
Reactome_2022,Binding And Uptake Of Ligands By Scavenger Receptors R-HSA-2173782,3/41,0.0079423435743089,0.0572633166345238,0,0,7.919583222014427,38.29551599382337,SPARC;APOE;CALR
Reactome_2022,Amyloid Fiber Formation R-HSA-977225,4/79,0.0081338984677975,0.0579292281121192,0,0,5.36734693877551,25.826143528716216,CST3;APP;GSN;APOE
Reactome_2022,RND3 GTPase Cycle R-HSA-9696264,3/42,0.0084912352718872,0.0597455590214718,0,0,7.716126513080828,36.79605293636041,DST;CAV1;RND3
Reactome_2022,Response Of EIF2AK1 (HRI) To Heme Deficiency R-HSA-9648895,2/15,0.0095900084936835,0.0658889995330731,0,0,15.374514374514376,71.44588341233826,CEBPB;ATF4
Reactome_2022,WNT5A-dependent Internalization Of FZD4 R-HSA-5099900,2/15,0.0095900084936835,0.0658889995330731,0,0,15.374514374514376,71.44588341233826,CLTB;CLTA
Reactome_2022,Regulation Of Complement Cascade R-HSA-977606,3/45,0.0102691253206439,0.06973452543321,0,0,7.163886874546773,32.800668633723014,SERPING1;CD59;HNRNPC
Reactome_2022,Plasma Lipoprotein Assembly R-HSA-8963898,2/16,0.0108884250018907,0.0730901172540712,0,0,14.275613275613276,64.52655688502057,APOE;P4HB
Reactome_2022,Processing Of Capped Intron-Containing Pre-mRNA R-HSA-72203,7/242,0.0111194180161235,0.0737925013797289,0,0,3.019622974313747,13.58547196912894,FUS;PCBP2;SRSF2;HNRNPC;SRSF5;HNRNPA1;SRSF11
Reactome_2022,ER-Phagosome Pathway R-HSA-1236974,4/89,0.0122413166965711,0.0803250443909834,0,0,4.733493397358943,20.841280008372543,HLA-B;HLA-C;HLA-A;CALR
Reactome_2022,Collagen Formation R-HSA-1474290,4/90,0.0127129141043288,0.0824926870769782,0,0,4.678215472235406,20.421051187786546,DST;COL6A2;SERPINH1;P4HB
Reactome_2022,EPH-Ephrin Signaling R-HSA-2682334,4/91,0.0131959709139781,0.0846862309204754,0,0,4.62420830401126,20.012850913677784,CLTB;CLTA;MYL9;ACTG1
Reactome_2022,TP53 Regulates Transcription Of Genes Involved In G2 Cell Cycle Arrest R-HSA-6804114,2/18,0.0137022045657748,0.0869792115914404,0,0,12.48989898989899,53.58414643474309,GADD45A;REXO2
Reactome_2022,"Platelet Activation, Signaling And Aggregation R-HSA-76002",7/254,0.014194406968053,0.0891347706380967,0,0,2.871158566004489,12.216513448503774,APP;SPARC;GNB2;SELENOP;SERPING1;GAS6;PPIA
Reactome_2022,Scavenging By Class A Receptors R-HSA-3000480,2/19,0.0152144484017713,0.0935288196487838,0,0,11.754604872251932,49.19901329869125,APOE;CALR
Reactome_2022,Nuclear Events Stimulated By ALK Signaling In Cancer R-HSA-9725371,2/19,0.0152144484017713,0.0935288196487838,0,0,11.754604872251932,49.19901329869125,CEBPB;RPS6
Reactome_2022,Complement Cascade R-HSA-166658,3/55,0.0176580617409628,0.1074198755908575,0,0,5.783287778211636,23.34460456181631,SERPING1;CD59;HNRNPC
Reactome_2022,Deregulated CDK5 Triggers Neurodegenerative Pathways In Alzheimers Disease Models R-HSA-8862803,2/21,0.0184420232483939,0.1110323873923925,0,0,10.516214779372676,41.9925427496273,APP;PRDX2
Reactome_2022,Insertion Of Tail-Anchored Proteins Into Endoplasmic Reticulum Membrane R-HSA-9609523,2/22,0.0201543754357544,0.1198847766447577,0,0,9.98989898989899,39.00390099361183,APP;CYB5A
Reactome_2022,mRNA 3-End Processing R-HSA-72187,3/58,0.0203229330271079,0.1198847766447577,0,0,5.467005076142132,21.29948088737429,SRSF2;SRSF5;SRSF11
Reactome_2022,Antigen processing-Cross Presentation R-HSA-1236975,4/104,0.0205564585653846,0.1200497180218465,0,0,4.020408163265306,15.617597552926842,HLA-B;HLA-C;HLA-A;CALR
Reactome_2022,RHOBTB2 GTPase Cycle R-HSA-9013418,2/23,0.02193048949736,0.1268059986778046,0,0,9.513708513708512,36.34120010270031,HNRNPC;ACTG1
Reactome_2022,rRNA Modification In Nucleus And Cytosol R-HSA-6790901,3/60,0.0222156039824466,0.1271952228014594,0,0,5.274646005877639,20.080368230600836,RPS9;RPS6;RPS2
Reactome_2022,Defective Intrinsic Pathway For Apoptosis R-HSA-9734009,2/24,0.0237689324469591,0.1334716975867705,0,0,9.08080808080808,33.956554984338226,APP;PRDX2
Reactome_2022,mTORC1-mediated Signaling R-HSA-166208,2/24,0.0237689324469591,0.1334716975867705,0,0,9.08080808080808,33.956554984338226,FKBP1A;RPS6
Reactome_2022,Basigin Interactions R-HSA-210991,2/25,0.0256682933201663,0.1400961055979172,0,0,8.685551163812033,31.810820468950148,CAV1;PPIA
Reactome_2022,Deadenylation Of mRNA R-HSA-429947,2/25,0.0256682933201663,0.1400961055979172,0,0,8.685551163812033,31.810820468950148,EIF4A2;EIF4A1
Reactome_2022,Gap Junction Trafficking R-HSA-190828,2/25,0.0256682933201663,0.1400961055979172,0,0,8.685551163812033,31.810820468950148,CLTB;CLTA
Reactome_2022,Signaling By Receptor Tyrosine Kinases R-HSA-9006934,10/496,0.0279527550801962,0.151151934878098,0,0,2.091617933723197,7.482218317561203,SPARC;MYC;COL6A2;CAV1;ID1;ID3;CLTA;HSPB1;APOE;HNRNPA1
Reactome_2022,RNA Polymerase II Transcription Termination R-HSA-73856,3/67,0.0295713073395418,0.1545735027728834,0,0,4.696065989847716,16.534616995789808,SRSF2;SRSF5;SRSF11
Reactome_2022,Collagen Biosynthesis And Modifying Enzymes R-HSA-1650814,3/67,0.0295713073395418,0.1545735027728834,0,0,4.696065989847716,16.534616995789808,COL6A2;SERPINH1;P4HB
Reactome_2022,ATF4 Activates Genes In Response To Endoplasmic Reticulum Stress R-HSA-380994,2/27,0.0296442334084981,0.1545735027728834,0,0,7.98989898989899,28.11236101024157,CEBPB;ATF4
Reactome_2022,Gap Junction Trafficking And Regulation R-HSA-157858,2/27,0.0296442334084981,0.1545735027728834,0,0,7.98989898989899,28.11236101024157,CLTB;CLTA
Reactome_2022,Hemostasis R-HSA-109582,11/576,0.0306332011812576,0.1583167211491546,0,0,1.9814112468979723,6.90654742971948,APP;SPARC;ANXA2;GNB2;CAV1;IRF1;SELENOP;SERPING1;GAS6;PPIA;S100A10
Reactome_2022,HSF1 Activation R-HSA-3371511,2/29,0.0338474516440146,0.172594740306426,0,0,7.397306397306397,25.046477343523872,EEF1A1;SERPINH1
Reactome_2022,"Plasma Lipoprotein Assembly, Remodeling, And Clearance R-HSA-174824",3/71,0.0342825169101805,0.172594740306426,0,0,4.418931024186325,14.905583581524706,CLTA;APOE;P4HB
Reactome_2022,trans-Golgi Network Vesicle Budding R-HSA-199992,3/71,0.0342825169101805,0.172594740306426,0,0,4.418931024186325,14.905583581524706,APP;CLTB;CLTA
Reactome_2022,RNA Polymerase I Transcription Termination R-HSA-73863,2/30,0.0360309884965366,0.179846985316046,0,0,7.132756132756133,23.70482996930019,CAVIN1;POLR1D
Reactome_2022,Post-translational Protein Modification R-HSA-597592,21/1383,0.0367497536862718,0.1804767367832244,0,0,1.5881918637560604,5.246788369809466,APP;WSB1;UBXN1;HLA-B;HLA-A;EEF2;SNX3;CST3;EEF1A1;SOCS3;TUBB2A;MYC;RAB13;CD59;IGFBP7;HNRNPC;APOE;CALR;RPS2;P4HB;GAS6
Reactome_2022,Extra-nuclear Estrogen Signaling R-HSA-9009391,3/73,0.0367752254746638,0.1804767367832244,0,0,4.292240754169688,14.17697453700434,CAV2;CAV1;GNB2
Reactome_2022,Transport Of Mature mRNA Derived From An Intron-Containing Transcript R-HSA-159236,3/74,0.0380555884306284,0.1852038636957251,0,0,4.231572174161721,13.83177100318916,SRSF2;SRSF5;SRSF11
Reactome_2022,PERK Regulates Gene Expression R-HSA-381042,2/32,0.0405554933220173,0.1941344926234271,0,0,6.656565656565657,21.334852328849312,CEBPB;ATF4
Reactome_2022,Nuclear Signaling By ERBB4 R-HSA-1251985,2/32,0.0405554933220173,0.1941344926234271,0,0,6.656565656565657,21.334852328849312,SPARC;APOE
Reactome_2022,Plasma Lipoprotein Remodeling R-HSA-8963899,2/33,0.0428939515536669,0.2036590870515569,0,0,6.4415118931247966,20.28447846195992,APOE;P4HB
Reactome_2022,Cell Surface Interactions At Vascular Wall R-HSA-202733,4/134,0.045731924796544,0.2153826135579169,0,0,3.087912087912088,9.526081111423547,CAV1;SELENOP;GAS6;PPIA
Reactome_2022,Muscle Contraction R-HSA-397014,5/196,0.0473638797466086,0.2160218355740977,0,0,2.632433883742784,8.02864791763926,ANXA2;FXYD3;CALD1;TPM1;MYL9
Reactome_2022,TP53 Regulates Metabolic Genes R-HSA-5628897,3/81,0.047644064808467,0.2160218355740977,0,0,3.850449043342445,11.720756163276285,PRDX2;PRDX5;REXO2
Reactome_2022,Plasma Lipoprotein Clearance R-HSA-8964043,2/35,0.0477171520360592,0.2160218355740977,0,0,6.05050505050505,18.408446001894514,CLTA;APOE
Reactome_2022,RHOBTB GTPase Cycle R-HSA-9706574,2/35,0.0477171520360592,0.2160218355740977,0,0,6.05050505050505,18.408446001894514,HNRNPC;ACTG1
Reactome_2022,N-glycan Trimming In ER And Calnexin/Calreticulin Cycle R-HSA-532668,2/35,0.0477171520360592,0.2160218355740977,0,0,6.05050505050505,18.408446001894514,UBXN1;CALR
Reactome_2022,Chylomicron Clearance R-HSA-8964026,1/5,0.049014519870416,0.2168521182145681,0,0,24.86934673366834,74.99696447567176,APOE
Reactome_2022,TFAP2 (AP-2) Family Regulates Transcription Of Cell Cycle Factors R-HSA-8866911,1/5,0.049014519870416,0.2168521182145681,0,0,24.86934673366834,74.99696447567176,MYC
Reactome_2022,NOSTRIN Mediated eNOS Trafficking R-HSA-203641,1/5,0.049014519870416,0.2168521182145681,0,0,24.86934673366834,74.99696447567176,CAV1
Reactome_2022,Glutathione Conjugation R-HSA-156590,2/36,0.0501995008461569,0.2171593221789307,0,0,5.872251931075461,17.568310863627904,GSTP1;MGST3
Reactome_2022,Transcriptional Regulation By AP-2 (TFAP2) Family Of Transcription Factors R-HSA-8864260,2/36,0.0501995008461569,0.2171593221789307,0,0,5.872251931075461,17.568310863627904,MYC;APOE
Reactome_2022,HSF1-dependent Transactivation R-HSA-3371571,2/36,0.0501995008461569,0.2171593221789307,0,0,5.872251931075461,17.568310863627904,SERPINH1;CRYAB
Reactome_2022,Transport Of Mature Transcript To Cytoplasm R-HSA-72202,3/83,0.0505815238385671,0.2172030141303176,0,0,3.753807106598985,11.201994465025969,SRSF2;SRSF5;SRSF11
Reactome_2022,Transcriptional Regulation Of White Adipocyte Differentiation R-HSA-381340,3/84,0.0520826238943719,0.2220164405424323,0,0,3.707275803722504,10.954717877625804,CEBPB;CEBPD;KLF4
Reactome_2022,Beta-catenin Independent WNT Signaling R-HSA-3858494,4/142,0.0544414921275498,0.2293933608350228,0,0,2.907719609582964,8.463292126596956,MYC;GNB2;CLTB;CLTA
Reactome_2022,NGF-stimulated Transcription R-HSA-9031628,2/39,0.0579155744332589,0.2293933608350228,0,0,5.395304395304395,15.369975594462096,ID1;ID3
Reactome_2022,APOBEC3G Mediated Resistance To HIV-1 R-HSA-180689,1/6,0.0585267307609904,0.2293933608350228,0,0,19.894472361809044,56.46591775214154,PPIA
Reactome_2022,Activation Of C3 And C5 R-HSA-174577,1/6,0.0585267307609904,0.2293933608350228,0,0,19.894472361809044,56.46591775214154,HNRNPC
Reactome_2022,PTK6 Promotes HIF1A Stabilization R-HSA-8857538,1/6,0.0585267307609904,0.2293933608350228,0,0,19.894472361809044,56.46591775214154,GPNMB
Reactome_2022,Binding And Entry Of HIV Virion R-HSA-173107,1/6,0.0585267307609904,0.2293933608350228,0,0,19.894472361809044,56.46591775214154,PPIA
Reactome_2022,Scavenging By Class F Receptors R-HSA-3000484,1/6,0.0585267307609904,0.2293933608350228,0,0,19.894472361809044,56.46591775214154,CALR
Reactome_2022,Entry Of Influenza Virion Into Host Cell Via Endocytosis R-HSA-168275,1/6,0.0585267307609904,0.2293933608350228,0,0,19.894472361809044,56.46591775214154,CLTA
Reactome_2022,TNFR1-mediated Ceramide Production R-HSA-5626978,1/6,0.0585267307609904,0.2293933608350228,0,0,19.894472361809044,56.46591775214154,RACK1
Reactome_2022,Uptake And Function Of Diphtheria Toxin R-HSA-5336415,1/6,0.0585267307609904,0.2293933608350228,0,0,19.894472361809044,56.46591775214154,EEF2
Reactome_2022,Virus Assembly And Release R-HSA-168268,1/6,0.0585267307609904,0.2293933608350228,0,0,19.894472361809044,56.46591775214154,CALR
Reactome_2022,LDL Remodeling R-HSA-8964041,1/6,0.0585267307609904,0.2293933608350228,0,0,19.894472361809044,56.46591775214154,P4HB
Reactome_2022,Unfolded Protein Response (UPR) R-HSA-381119,3/89,0.0599063264776533,0.2316906931321162,0,0,3.490851139180734,9.82665226973149,CEBPB;CALR;ATF4
Reactome_2022,Mitochondrial Biogenesis R-HSA-1592230,3/89,0.0599063264776533,0.2316906931321162,0,0,3.490851139180734,9.82665226973149,ATP5F1A;ATP5MC3;ATP5F1D
Reactome_2022,MTOR Signaling R-HSA-165159,2/41,0.0632725392250683,0.2430997559699993,0,0,5.118104118104118,14.127522570834804,FKBP1A;RPS6
Reactome_2022,RND1 GTPase Cycle R-HSA-9696273,2/42,0.0660116079502312,0.2487147035028066,0,0,4.98989898989899,13.5621695873434,DST;CAV1
Reactome_2022,"Gamma Carboxylation, Hypusine Formation And Arylsulfatase Activation R-HSA-163841",2/42,0.0660116079502312,0.2487147035028066,0,0,4.98989898989899,13.5621695873434,EEF2;GAS6
Reactome_2022,Vasopressin Regulates Renal Water Homeostasis Via Aquaporins R-HSA-432040,2/42,0.0660116079502312,0.2487147035028066,0,0,4.98989898989899,13.5621695873434,GNB2;AQP3
Reactome_2022,Insulin-like Growth Factor-2 mRNA Binding Proteins (IGF2BPs/IMPs/VICKZs) Bind RNA R-HSA-428359,1/7,0.0679442688885301,0.251082210741484,0,0,16.57788944723618,44.57906348265406,MYC
Reactome_2022,Vitamin C (Ascorbate) Metabolism R-HSA-196836,1/7,0.0679442688885301,0.251082210741484,0,0,16.57788944723618,44.57906348265406,CYB5A
Reactome_2022,Loss Of Function Of TGFBR1 In Cancer R-HSA-3656534,1/7,0.0679442688885301,0.251082210741484,0,0,16.57788944723618,44.57906348265406,FKBP1A
Reactome_2022,RND2 GTPase Cycle R-HSA-9696270,2/43,0.0687896467784887,0.251082210741484,0,0,4.867947770386794,13.030045670347697,DST;CAV1
Reactome_2022,DAP12 Interactions R-HSA-2172127,2/43,0.0687896467784887,0.251082210741484,0,0,4.867947770386794,13.030045670347697,HLA-B;HLA-C
Reactome_2022,Extracellular Matrix Organization R-HSA-1474244,6/291,0.072671581038328,0.2593365152954541,0,0,2.1177428106348346,5.552308431653195,SPARC;DST;COL6A2;SERPINH1;P4HB;DCN
Reactome_2022,Potential Therapeutics For SARS R-HSA-9679191,3/97,0.0734906143235922,0.2593365152954541,0,0,3.1924613889188898,8.33423196719981,FKBP1A;FXYD3;IMPDH2
Reactome_2022,Signaling By WNT R-HSA-195721,6/294,0.0755110198648468,0.2593365152954541,0,0,2.095360824742268,5.413315816227722,SNX3;MYC;GNB2;CAV1;CLTB;CLTA
Reactome_2022,Cellular Response To Heat Stress R-HSA-3371556,3/99,0.0770835823208496,0.2593365152954541,0,0,3.125634517766497,8.010579186959143,EEF1A1;SERPINH1;CRYAB
Reactome_2022,Axonal Growth Inhibition (RHOA Activation) R-HSA-193634,1/8,0.0772680713380291,0.2593365152954541,0,0,14.208901651112706,36.38152974515558,RTN4
Reactome_2022,Binding Of TCF/LEF:CTNNB1 To Target Gene Promoters R-HSA-4411364,1/8,0.0772680713380291,0.2593365152954541,0,0,14.208901651112706,36.38152974515558,MYC
Reactome_2022,RUNX1 Regulates Transcription Of Genes Involved In Differentiation Of Keratinocytes R-HSA-8939242,1/8,0.0772680713380291,0.2593365152954541,0,0,14.208901651112706,36.38152974515558,SOCS3
Reactome_2022,RUNX3 Regulates WNT Signaling R-HSA-8951430,1/8,0.0772680713380291,0.2593365152954541,0,0,14.208901651112706,36.38152974515558,MYC
Reactome_2022,"Defective CHST14 Causes EDS, Musculocontractural Type R-HSA-3595174",1/8,0.0772680713380291,0.2593365152954541,0,0,14.208901651112706,36.38152974515558,DCN
Reactome_2022,Defective CHST3 Causes SEDCJD R-HSA-3595172,1/8,0.0772680713380291,0.2593365152954541,0,0,14.208901651112706,36.38152974515558,DCN
Reactome_2022,Defective CHSY1 Causes TPBS R-HSA-3595177,1/8,0.0772680713380291,0.2593365152954541,0,0,14.208901651112706,36.38152974515558,DCN
Reactome_2022,Signaling By TGF-beta Receptor Complex In Cancer R-HSA-3304351,1/8,0.0772680713380291,0.2593365152954541,0,0,14.208901651112706,36.38152974515558,FKBP1A
Reactome_2022,Formyl Peptide Receptors Bind Formyl Peptides And Many Other Ligands R-HSA-444473,1/8,0.0772680713380291,0.2593365152954541,0,0,14.208901651112706,36.38152974515558,APP
Reactome_2022,Synthesis Of diphthamide-EEF2 R-HSA-5358493,1/8,0.0772680713380291,0.2593365152954541,0,0,14.208901651112706,36.38152974515558,EEF2
Reactome_2022,Citric Acid (TCA) Cycle And Respiratory Electron Transport R-HSA-1428517,4/163,0.081229738345964,0.2710752411088171,0,0,2.520985752791683,6.328868841567284,ATP5F1A;MDH2;ATP5MC3;ATP5F1D
Reactome_2022,Protein Localization R-HSA-9609507,4/164,0.082642865247303,0.274224052866051,0,0,2.5051020408163267,6.245787503157516,APP;CYB5A;ATP5F1A;SLC25A6
Reactome_2022,Signaling By Interleukins R-HSA-449147,8/453,0.0856667126524894,0.2745405140078862,0,0,1.8122659176029965,4.453264630989912,APP;SOCS3;ANXA2;CEBPD;MYC;RPLP0;P4HB;PPIA
Reactome_2022,EPH-ephrin Mediated Repulsion Of Cells R-HSA-3928665,2/49,0.0862189382580095,0.2745405140078862,0,0,4.24521813883516,10.404458354124063,CLTB;CLTA
Reactome_2022,TP53 Regulates Transcription Of Cell Cycle Genes R-HSA-6791312,2/49,0.0862189382580095,0.2745405140078862,0,0,4.24521813883516,10.404458354124063,GADD45A;REXO2
Reactome_2022,Chylomicron Remodeling R-HSA-8963901,1/9,0.0864990660572792,0.2745405140078862,0,0,12.4321608040201,30.429226090981548,APOE
Reactome_2022,Transport Of Gamma-Carboxylated Protein Precursors From Endoplasmic Reticulum To Golgi Apparatus R-HSA-159763,1/9,0.0864990660572792,0.2745405140078862,0,0,12.4321608040201,30.429226090981548,GAS6
Reactome_2022,Type I Hemidesmosome Assembly R-HSA-446107,1/9,0.0864990660572792,0.2745405140078862,0,0,12.4321608040201,30.429226090981548,DST
Reactome_2022,Interleukin-23 Signaling R-HSA-9020933,1/9,0.0864990660572792,0.2745405140078862,0,0,12.4321608040201,30.429226090981548,P4HB
Reactome_2022,p75NTR Regulates Axonogenesis R-HSA-193697,1/9,0.0864990660572792,0.2745405140078862,0,0,12.4321608040201,30.429226090981548,RTN4
Reactome_2022,Aquaporin-mediated Transport R-HSA-445717,2/50,0.0892414542606553,0.2817135637201227,0,0,4.156565656565657,10.043965211617904,GNB2;AQP3
Reactome_2022,Interleukin-4 And Interleukin-13 Signaling R-HSA-6785807,3/107,0.0922003613732937,0.2864240640050572,0,0,2.8840296759078483,6.874924645539169,SOCS3;CEBPD;MYC
Reactome_2022,Translocation Of SLC2A4 (GLUT4) To Plasma Membrane R-HSA-1445148,2/51,0.0922950442929787,0.2864240640050572,0,0,4.071531642960214,9.7015024039535,RAB13;REXO2
Reactome_2022,Signaling By Non-Receptor Tyrosine Kinases R-HSA-9006927,2/52,0.0953787922697506,0.2864240640050572,0,0,3.98989898989899,9.375859760148904,SOCS3;GPNMB
Reactome_2022,Acetylcholine Regulates Insulin Secretion R-HSA-399997,1/10,0.0956381720564831,0.2864240640050572,0,0,11.050251256281408,25.93696464958489,MARCKS
Reactome_2022,Purine Ribonucleoside Monophosphate Biosynthesis R-HSA-73817,1/10,0.0956381720564831,0.2864240640050572,0,0,11.050251256281408,25.93696464958489,IMPDH2
Reactome_2022,Removal Of Aminoterminal Propeptides From Gamma-Carboxylated Proteins R-HSA-159782,1/10,0.0956381720564831,0.2864240640050572,0,0,11.050251256281408,25.93696464958489,GAS6
Reactome_2022,Gamma-carboxylation Of Protein Precursors R-HSA-159740,1/10,0.0956381720564831,0.2864240640050572,0,0,11.050251256281408,25.93696464958489,GAS6
Reactome_2022,HDL Remodeling R-HSA-8964058,1/10,0.0956381720564831,0.2864240640050572,0,0,11.050251256281408,25.93696464958489,APOE
Reactome_2022,Integration Of Provirus R-HSA-162592,1/10,0.0956381720564831,0.2864240640050572,0,0,11.050251256281408,25.93696464958489,PPIA
Reactome_2022,Nef Mediated Downregulation Of MHC Class I Complex Cell Surface Expression R-HSA-164940,1/10,0.0956381720564831,0.2864240640050572,0,0,11.050251256281408,25.93696464958489,HLA-A
Reactome_2022,"Respiratory Electron Transport, ATP Synthesis By Chemiosmotic Coupling, Heat Production By Uncoupling Proteins R-HSA-163200",3/112,0.1022228778109617,0.3014994865480226,0,0,2.751036184976482,6.27401249877334,ATP5F1A;ATP5MC3;ATP5F1D
Reactome_2022,Dermatan Sulfate Biosynthesis R-HSA-2022923,1/11,0.1046862992439068,0.3014994865480226,0,0,9.944723618090451,22.4431232477853,DCN
Reactome_2022,Signaling By Leptin R-HSA-2586552,1/11,0.1046862992439068,0.3014994865480226,0,0,9.944723618090451,22.4431232477853,SOCS3
Reactome_2022,"Gamma-carboxylation, Transport, And Amino-Terminal Cleavage Of Proteins R-HSA-159854",1/11,0.1046862992439068,0.3014994865480226,0,0,9.944723618090451,22.4431232477853,GAS6
Reactome_2022,eNOS Activation R-HSA-203615,1/11,0.1046862992439068,0.3014994865480226,0,0,9.944723618090451,22.4431232477853,CAV1
Reactome_2022,Interleukin-6 Signaling R-HSA-1059683,1/11,0.1046862992439068,0.3014994865480226,0,0,9.944723618090451,22.4431232477853,SOCS3
Reactome_2022,Signaling By ALK Fusions And Activated Point Mutants R-HSA-9725370,2/55,0.1048020475500832,0.3014994865480226,0,0,3.763483895559368,8.489222766072233,CEBPB;RPS6
Reactome_2022,ECM Proteoglycans R-HSA-3000178,2/55,0.1048020475500832,0.3014994865480226,0,0,3.763483895559368,8.489222766072233,SPARC;DCN
Reactome_2022,Signaling By NTRK1 (TRKA) R-HSA-187037,3/114,0.1063487931507688,0.30444948627475,0,0,2.7011935793661683,6.0534587787747896,ID1;ID3;CLTA
Reactome_2022,Deadenylation-dependent mRNA Decay R-HSA-429914,2/56,0.1079975643594305,0.306167852358774,0,0,3.6936026936026938,8.220654292796869,EIF4A2;EIF4A1
Reactome_2022,E3 Ubiquitin Ligases Ubiquitinate Target Proteins R-HSA-8866654,2/56,0.1079975643594305,0.306167852358774,0,0,3.6936026936026938,8.220654292796869,HLA-B;HLA-A
Reactome_2022,Assembly Of Collagen Fibrils And Other Multimeric Structures R-HSA-2022090,2/57,0.111218880351375,0.3115882612397542,0,0,3.6262626262626254,7.964197874788815,DST;COL6A2
Reactome_2022,Signaling By ERBB4 R-HSA-1236394,2/57,0.111218880351375,0.3115882612397542,0,0,3.6262626262626254,7.964197874788815,SPARC;APOE
Reactome_2022,Passive Transport By Aquaporins R-HSA-432047,1/12,0.1136443487055952,0.3115882612397542,0,0,9.040201005025123,19.659557478207127,AQP3
Reactome_2022,Pregnenolone Biosynthesis R-HSA-196108,1/12,0.1136443487055952,0.3115882612397542,0,0,9.040201005025123,19.659557478207127,TSPO
Reactome_2022,Caspase-mediated Cleavage Of Cytoskeletal Proteins R-HSA-264870,1/12,0.1136443487055952,0.3115882612397542,0,0,9.040201005025123,19.659557478207127,GSN
Reactome_2022,Regulation Of Localization Of FOXO Transcription Factors R-HSA-9614399,1/12,0.1136443487055952,0.3115882612397542,0,0,9.040201005025123,19.659557478207127,REXO2
Reactome_2022,Transport Of Nucleosides And Free Purine And Pyrimidine Bases Across Plasma Membrane R-HSA-83936,1/12,0.1136443487055952,0.3115882612397542,0,0,9.040201005025123,19.659557478207127,SLC25A6
Reactome_2022,Transcriptional Regulation Of Granulopoiesis R-HSA-9616222,2/59,0.1177356082636544,0.3212971739531505,0,0,3.4986709197235517,7.484754897547597,CEBPB;MYC
Reactome_2022,ESR-mediated Signaling R-HSA-8939211,4/188,0.1200393587238524,0.323745322012161,0,0,2.175687666370896,4.612317739750818,CAV2;MYC;CAV1;GNB2
Reactome_2022,Signaling By Nuclear Receptors R-HSA-9006931,5/260,0.1202706977517955,0.323745322012161,0,0,1.9653092006033184,4.162545055139519,CAV2;MYC;GNB2;CAV1;APOE
Reactome_2022,SARS-CoV-2 Activates/Modulates Innate And Adaptive Immune Responses R-HSA-9705671,3/121,0.1212859747412509,0.323745322012161,0,0,2.5400499010582465,5.358499670932854,HLA-B;HLA-C;HLA-A
Reactome_2022,Nucleotide Biosynthesis R-HSA-8956320,1/13,0.1225132126107664,0.323745322012161,0,0,8.28643216080402,17.397665920944878,IMPDH2
Reactome_2022,Advanced Glycosylation Endproduct Receptor Signaling R-HSA-879415,1/13,0.1225132126107664,0.323745322012161,0,0,8.28643216080402,17.397665920944878,APP
Reactome_2022,Purine Salvage R-HSA-74217,1/13,0.1225132126107664,0.323745322012161,0,0,8.28643216080402,17.397665920944878,APRT
Reactome_2022,Chk1/Chk2(Cds1) Mediated Inactivation Of Cyclin B:Cdk1 Complex R-HSA-75035,1/13,0.1225132126107664,0.323745322012161,0,0,8.28643216080402,17.397665920944878,REXO2
Reactome_2022,Ca2+ Pathway R-HSA-4086398,2/61,0.1243457655234195,0.3256409285456369,0,0,3.379729498373566,7.045685456427677,MYC;GNB2
Reactome_2022,Nuclear Events (Kinase And Transcription Factor Activation) R-HSA-198725,2/61,0.1243457655234195,0.3256409285456369,0,0,3.379729498373566,7.045685456427677,ID1;ID3
Reactome_2022,Immunoregulatory Interactions Between A Lymphoid And A non-Lymphoid Cell R-HSA-198933,3/123,0.1256888427302304,0.3276887685466723,0,0,2.49746192893401,5.179600998900278,HLA-B;HLA-C;HLA-A
Reactome_2022,RHO GTPases Activate PKNs R-HSA-5625740,2/62,0.1276839186856092,0.3314107044995368,0,0,3.323232323232323,6.839868307696459,REXO2;MYL9
Reactome_2022,CS/DS Degradation R-HSA-2024101,1/14,0.1312937743788508,0.3333720184228212,0,0,7.648627754155393,15.529145947074284,DCN
Reactome_2022,Regulation Of IFNG Signaling R-HSA-877312,1/14,0.1312937743788508,0.3333720184228212,0,0,7.648627754155393,15.529145947074284,SOCS3
Reactome_2022,Repression Of WNT Target Genes R-HSA-4641265,1/14,0.1312937743788508,0.3333720184228212,0,0,7.648627754155393,15.529145947074284,MYC
Reactome_2022,Retrograde Neurotrophin Signaling R-HSA-177504,1/14,0.1312937743788508,0.3333720184228212,0,0,7.648627754155393,15.529145947074284,CLTA
Reactome_2022,TP53 Regulates Transcription Of Additional Cell Death Genes With Uncertain Roles In P53-Dependent Apoptosis R-HSA-6803205,1/14,0.1312937743788508,0.3333720184228212,0,0,7.648627754155393,15.529145947074284,PERP
Reactome_2022,Mitochondrial Protein Import R-HSA-1268020,2/65,0.137821576382599,0.3464082826240064,0,0,3.1645021645021645,6.271395690931595,ATP5F1A;SLC25A6
Reactome_2022,Activation Of BAD And Translocation To Mitochondria R-HSA-111447,1/15,0.139986908731619,0.3464082826240064,0,0,7.101938262742283,13.963876250165317,REXO2
Reactome_2022,Defects Of Contact Activation System (CAS) And Kallikrein/Kinin System (KKS) R-HSA-9651496,1/15,0.139986908731619,0.3464082826240064,0,0,7.101938262742283,13.963876250165317,SERPING1
Reactome_2022,EPHA-mediated Growth Cone Collapse R-HSA-3928663,1/15,0.139986908731619,0.3464082826240064,0,0,7.101938262742283,13.963876250165317,MYL9
Reactome_2022,Synthesis Of Prostaglandins (PG) And Thromboxanes (TX) R-HSA-2162123,1/15,0.139986908731619,0.3464082826240064,0,0,7.101938262742283,13.963876250165317,CBR1
Reactome_2022,Metabolism Of Nitric Oxide: NOS3 Activation And Regulation R-HSA-202131,1/15,0.139986908731619,0.3464082826240064,0,0,7.101938262742283,13.963876250165317,CAV1
Reactome_2022,Host Interactions Of HIV Factors R-HSA-162909,3/130,0.1415370182821212,0.3487663235306279,0,0,2.3589671849394462,4.612238445645575,HLA-A;PPIA;SLC25A6
Reactome_2022,Signaling By NTRKs R-HSA-166520,3/132,0.1461833943108462,0.3571135529947947,0,0,2.3221579506551766,4.465262011584285,ID1;ID3;CLTA
Reactome_2022,Processing Of SMDT1 R-HSA-8949664,1/16,0.1485934818111902,0.3571135529947947,0,0,6.628140703517588,12.636822082241835,SMDT1
Reactome_2022,Early Phase Of HIV Life Cycle R-HSA-162594,1/16,0.1485934818111902,0.3571135529947947,0,0,6.628140703517588,12.636822082241835,PPIA
Reactome_2022,TGF-beta Receptor Signaling In EMT (Epithelial To Mesenchymal Transition) R-HSA-2173791,1/16,0.1485934818111902,0.3571135529947947,0,0,6.628140703517588,12.636822082241835,FKBP1A
Reactome_2022,NLRP3 Inflammasome R-HSA-844456,1/16,0.1485934818111902,0.3571135529947947,0,0,6.628140703517588,12.636822082241835,APP
Reactome_2022,VLDLR Internalisation And Degradation R-HSA-8866427,1/16,0.1485934818111902,0.3571135529947947,0,0,6.628140703517588,12.636822082241835,CLTA
Reactome_2022,RHOB GTPase Cycle R-HSA-9013026,2/69,0.1515987898971927,0.3628430053277071,0,0,2.974973616764661,5.612340646899519,CAVIN1;CAV1
Reactome_2022,RNA Polymerase III Chain Elongation R-HSA-73780,1/17,0.157114351192228,0.3745093105969844,0,0,6.21356783919598,11.499955704952034,POLR1D
Reactome_2022,Diseases Of Programmed Cell Death R-HSA-9645723,2/71,0.1585864433775845,0.37648163793703,0,0,2.888449714536671,5.318951469597782,APP;PRDX2
Reactome_2022,Assembly Of HIV Virion R-HSA-175474,1/18,0.1655503660358053,0.3853773032055704,0,0,5.847768253029855,10.51709310132786,PPIA
Reactome_2022,G Beta:Gamma Signaling Thru BTK R-HSA-8964315,1/18,0.1655503660358053,0.3853773032055704,0,0,5.847768253029855,10.51709310132786,GNB2
Reactome_2022,LDL Clearance R-HSA-8964038,1/18,0.1655503660358053,0.3853773032055704,0,0,5.847768253029855,10.51709310132786,CLTA
Reactome_2022,Metabolism Of Angiotensinogen To Angiotensins R-HSA-2022377,1/18,0.1655503660358053,0.3853773032055704,0,0,5.847768253029855,10.51709310132786,AOPEP
Reactome_2022,RHOC GTPase Cycle R-HSA-9013106,2/73,0.1656330532612982,0.3853773032055704,0,0,2.806800398349694,5.046572271238703,CAVIN1;CAV1
Reactome_2022,ISG15 Antiviral Mechanism R-HSA-1169408,2/75,0.1727335422229741,0.3936394667332553,0,0,2.72962501729625,4.793235424721277,EIF4A2;EIF4A1
Reactome_2022,Aflatoxin Activation And Detoxification R-HSA-5423646,1/19,0.1739023671527052,0.3936394667332553,0,0,5.522613065326633,9.66049300943,MGST3
Reactome_2022,Prostacyclin Signaling Thru Prostacyclin Receptor R-HSA-392851,1/19,0.1739023671527052,0.3936394667332553,0,0,5.522613065326633,9.66049300943,GNB2
Reactome_2022,RHO GTPases Activate ROCKs R-HSA-5627117,1/19,0.1739023671527052,0.3936394667332553,0,0,5.522613065326633,9.66049300943,MYL9
Reactome_2022,RHO GTPases Activate CIT R-HSA-5625900,1/19,0.1739023671527052,0.3936394667332553,0,0,5.522613065326633,9.66049300943,MYL9
Reactome_2022,"Synthesis, Secretion, And Deacylation Of Ghrelin R-HSA-422085",1/19,0.1739023671527052,0.3936394667332553,0,0,5.522613065326633,9.66049300943,KLF4
Reactome_2022,Transcription Of E2F Targets Under Negative Control By DREAM Complex R-HSA-1362277,1/19,0.1739023671527052,0.3936394667332553,0,0,5.522613065326633,9.66049300943,MYC
Reactome_2022,Protein Ubiquitination R-HSA-8852135,2/76,0.1763024531867548,0.3940295303103387,0,0,2.6926016926016927,4.673156378016087,HLA-B;HLA-A
Reactome_2022,Class I MHC Mediated Antigen Processing And Presentation R-HSA-983169,6/378,0.1788587225053293,0.3940295303103387,0,0,1.6152311273694713,2.780069663858327,SOCS3;WSB1;HLA-B;HLA-C;HLA-A;CALR
Reactome_2022,Regulation Of Insulin Secretion R-HSA-422356,2/77,0.1798830098073791,0.3940295303103387,0,0,2.656565656565657,4.557201796283064,MARCKS;GNB2
Reactome_2022,Chaperone Mediated Autophagy R-HSA-9613829,1/20,0.182171186958547,0.3940295303103387,0,0,5.231684739486909,8.908556962758436,EEF1A1
Reactome_2022,Chondroitin Sulfate Biosynthesis R-HSA-2022870,1/20,0.182171186958547,0.3940295303103387,0,0,5.231684739486909,8.908556962758436,DCN
Reactome_2022,Defective B3GALT6 Causes EDSP2 And SEMDJL1 R-HSA-4420332,1/20,0.182171186958547,0.3940295303103387,0,0,5.231684739486909,8.908556962758436,DCN
Reactome_2022,Defective B3GAT3 Causes JDSSDHD R-HSA-3560801,1/20,0.182171186958547,0.3940295303103387,0,0,5.231684739486909,8.908556962758436,DCN
Reactome_2022,"Defective B4GALT7 Causes EDS, Progeroid Type R-HSA-3560783",1/20,0.182171186958547,0.3940295303103387,0,0,5.231684739486909,8.908556962758436,DCN
Reactome_2022,Sema4D Induced Cell Migration And Growth-Cone Collapse R-HSA-416572,1/20,0.182171186958547,0.3940295303103387,0,0,5.231684739486909,8.908556962758436,MYL9
Reactome_2022,G Beta:Gamma Signaling Thru CDC42 R-HSA-8964616,1/20,0.182171186958547,0.3940295303103387,0,0,5.231684739486909,8.908556962758436,GNB2
Reactome_2022,G Beta:Gamma Signaling Thru PLC Beta R-HSA-418217,1/20,0.182171186958547,0.3940295303103387,0,0,5.231684739486909,8.908556962758436,GNB2
Reactome_2022,Nef-mediated Downmodulation Of Cell Surface Receptors By Recruitment To Clathrin Adapters R-HSA-164938,1/20,0.182171186958547,0.3940295303103387,0,0,5.231684739486909,8.908556962758436,HLA-A
Reactome_2022,Nuclear Events Mediated By NFE2L2 R-HSA-9759194,2/78,0.1834746263330842,0.3953844346070894,0,0,2.621477937267411,4.445184817601474,MYC;ATF4
Reactome_2022,RNA Polymerase I Transcription R-HSA-73864,2/79,0.1870767274857147,0.3956187455640548,0,0,2.5873015873015874,4.336929198982091,CAVIN1;POLR1D
Reactome_2022,Downstream Signaling Events Of B Cell Receptor (BCR) R-HSA-1168372,2/79,0.1870767274857147,0.3956187455640548,0,0,2.5873015873015874,4.336929198982091,FKBP1A;PPIA
Reactome_2022,Vesicle-mediated Transport R-HSA-5653656,9/637,0.1891828836971517,0.3956187455640548,0,0,1.43852336012272,2.3952005080946037,APP;SPARC;RAB13;CLTB;CLTA;CD59;APOE;CALR;REXO2
Reactome_2022,Presynaptic Function Of Kainate Receptors R-HSA-500657,1/21,0.1903576498347592,0.3956187455640548,0,0,4.969849246231155,8.244237447277422,GNB2
Reactome_2022,Azathioprine ADME R-HSA-9748787,1/21,0.1903576498347592,0.3956187455640548,0,0,4.969849246231155,8.244237447277422,IMPDH2
Reactome_2022,RHO GTPases Activate PAKs R-HSA-5627123,1/21,0.1903576498347592,0.3956187455640548,0,0,4.969849246231155,8.244237447277422,MYL9
Reactome_2022,Citric Acid Cycle (TCA Cycle) R-HSA-71403,1/21,0.1903576498347592,0.3956187455640548,0,0,4.969849246231155,8.244237447277422,MDH2
Reactome_2022,Inflammasomes R-HSA-622312,1/21,0.1903576498347592,0.3956187455640548,0,0,4.969849246231155,8.244237447277422,APP
Reactome_2022,Initial Triggering Of Complement R-HSA-166663,1/21,0.1903576498347592,0.3956187455640548,0,0,4.969849246231155,8.244237447277422,HNRNPC
Reactome_2022,Intrinsic Pathway Of Fibrin Clot Formation R-HSA-140837,1/21,0.1903576498347592,0.3956187455640548,0,0,4.969849246231155,8.244237447277422,SERPING1
Reactome_2022,DDX58/IFIH1-mediated Induction Of Interferon-Alpha/Beta R-HSA-168928,2/81,0.1943101337404015,0.4009792159165883,0,0,2.521544559519243,4.131045868969444,APP;PCBP2
Reactome_2022,Senescence-Associated Secretory Phenotype (SASP) R-HSA-2559582,2/81,0.1943101337404015,0.4009792159165883,0,0,2.521544559519243,4.131045868969444,CEBPB;IGFBP7
Reactome_2022,ADP Signaling Thru P2Y Purinoceptor 12 R-HSA-392170,1/22,0.1984625719282345,0.4052522447765348,0,0,4.732950466618808,7.653913334056085,GNB2
Reactome_2022,RNA Polymerase III Transcription Termination R-HSA-73980,1/22,0.1984625719282345,0.4052522447765348,0,0,4.732950466618808,7.653913334056085,POLR1D
Reactome_2022,Mitochondrial Calcium Ion Transport R-HSA-8949215,1/22,0.1984625719282345,0.4052522447765348,0,0,4.732950466618808,7.653913334056085,SMDT1
Reactome_2022,Signal Transduction R-HSA-162582,29/2465,0.2002005701159467,0.4073767698526581,0,0,1.2088554720133668,1.9443661333732936,APP;SPARC;CLTB;CLTA;HSPB1;RND3;RTN4;ACTG1;SNX3;SOCS3;GPNMB;MYC;RACK1;APOE;HNRNPA1;CAVIN1;DST;CAV2;CAV1;RPS6;REXO2;FKBP1A;GNB2;COL6A2;ID1;ID3;HNRNPC;P4HB;MYL9
Reactome_2022,Antiviral Mechanism By IFN-stimulated Genes R-HSA-1169410,2/83,0.2015788294152306,0.4087570707586622,0,0,2.4590347923681257,3.938328060173813,EIF4A2;EIF4A1
Reactome_2022,Nucleotide Salvage R-HSA-8956321,1/23,0.2064867613185778,0.4115640566895887,0,0,4.517587939698492,7.126580711797677,APRT
Reactome_2022,Post-chaperonin Tubulin Folding Pathway R-HSA-389977,1/23,0.2064867613185778,0.4115640566895887,0,0,4.517587939698492,7.126580711797677,TUBB2A
Reactome_2022,RHOBTB1 GTPase Cycle R-HSA-9013422,1/23,0.2064867613185778,0.4115640566895887,0,0,4.517587939698492,7.126580711797677,HNRNPC
Reactome_2022,Glutamate Neurotransmitter Release Cycle R-HSA-210500,1/23,0.2064867613185778,0.4115640566895887,0,0,4.517587939698492,7.126580711797677,SLC38A2
Reactome_2022,Triglyceride Catabolism R-HSA-163560,1/23,0.2064867613185778,0.4115640566895887,0,0,4.517587939698492,7.126580711797677,CAV1
Reactome_2022,Cytosolic tRNA Aminoacylation R-HSA-379716,1/24,0.2144310182188985,0.4174257154661224,0,0,4.320952589032117,6.653261007649563,PPA1
Reactome_2022,Sema4D In Semaphorin Signaling R-HSA-400685,1/24,0.2144310182188985,0.4174257154661224,0,0,4.320952589032117,6.653261007649563,MYL9
Reactome_2022,Synthesis Of Very Long-Chain Fatty acyl-CoAs R-HSA-75876,1/24,0.2144310182188985,0.4174257154661224,0,0,4.320952589032117,6.653261007649563,TECR
Reactome_2022,G-protein Activation R-HSA-202040,1/24,0.2144310182188985,0.4174257154661224,0,0,4.320952589032117,6.653261007649563,GNB2
Reactome_2022,Thromboxane Signaling Thru TP Receptor R-HSA-428930,1/24,0.2144310182188985,0.4174257154661224,0,0,4.320952589032117,6.653261007649563,GNB2
Reactome_2022,Growth Hormone Receptor Signaling R-HSA-982772,1/24,0.2144310182188985,0.4174257154661224,0,0,4.320952589032117,6.653261007649563,SOCS3
Reactome_2022,Interleukin-6 Family Signaling R-HSA-6783589,1/24,0.2144310182188985,0.4174257154661224,0,0,4.320952589032117,6.653261007649563,SOCS3
Reactome_2022,PCP/CE Pathway R-HSA-4086400,2/88,0.2198775013707891,0.4185931810105381,0,0,2.315480385247827,3.5072227118932733,CLTB;CLTA
Reactome_2022,ADP Signaling Thru P2Y Purinoceptor 1 R-HSA-418592,1/25,0.2222961348450487,0.4185931810105381,0,0,4.14070351758794,6.226561570384656,GNB2
Reactome_2022,Regulation Of IFNA/IFNB Signaling R-HSA-912694,1/25,0.2222961348450487,0.4185931810105381,0,0,4.14070351758794,6.226561570384656,SOCS3
Reactome_2022,G Beta:Gamma Signaling Thru PI3Kgamma R-HSA-392451,1/25,0.2222961348450487,0.4185931810105381,0,0,4.14070351758794,6.226561570384656,GNB2
Reactome_2022,TRAF6 Mediated NF-kB Activation R-HSA-933542,1/25,0.2222961348450487,0.4185931810105381,0,0,4.14070351758794,6.226561570384656,APP
Reactome_2022,Inactivation Of CSF3 (G-CSF) Signaling R-HSA-9705462,1/25,0.2222961348450487,0.4185931810105381,0,0,4.14070351758794,6.226561570384656,SOCS3
Reactome_2022,Peptide Hormone Metabolism R-HSA-2980736,2/89,0.2235550003741977,0.4185931810105381,0,0,2.2887495646116336,3.428770706989903,AOPEP;KLF4
Reactome_2022,Chaperonin-mediated Protein Folding R-HSA-390466,2/90,0.2272373036176318,0.4185931810105381,0,0,2.2626262626262625,3.352670034774279,TUBB2A;GNB2
Reactome_2022,MAPK6/MAPK4 Signaling R-HSA-5687128,2/90,0.2272373036176318,0.4185931810105381,0,0,2.2626262626262625,3.352670034774279,MYC;HSPB1
Reactome_2022,Cellular Senescence R-HSA-2559583,3/165,0.228781647349473,0.4185931810105381,0,0,1.8460236886632824,2.72286137688983,CEBPB;ID1;IGFBP7
Reactome_2022,GAG Synthesis Requires Tetrasaccharide Linker Sequence R-HSA-1971475,1/26,0.2300828957266827,0.4185931810105381,0,0,3.974874371859297,5.840344997302112,DCN
Reactome_2022,Attenuation Phase R-HSA-3371568,1/26,0.2300828957266827,0.4185931810105381,0,0,3.974874371859297,5.840344997302112,SERPINH1
Reactome_2022,Pyroptosis R-HSA-5620971,1/26,0.2300828957266827,0.4185931810105381,0,0,3.974874371859297,5.840344997302112,IRF1
Reactome_2022,RNA Polymerase III Transcription Initiation From Type 2 Promoter R-HSA-76066,1/26,0.2300828957266827,0.4185931810105381,0,0,3.974874371859297,5.840344997302112,POLR1D
Reactome_2022,Calnexin/calreticulin Cycle R-HSA-901042,1/26,0.2300828957266827,0.4185931810105381,0,0,3.974874371859297,5.840344997302112,CALR
Reactome_2022,Signaling By ALK R-HSA-201556,1/26,0.2300828957266827,0.4185931810105381,0,0,3.974874371859297,5.840344997302112,MYC
Reactome_2022,FGFR2 Alternative Splicing R-HSA-6803529,1/26,0.2300828957266827,0.4185931810105381,0,0,3.974874371859297,5.840344997302112,HNRNPA1
Reactome_2022,Formation Of Tubulin Folding Intermediates By CCT/TriC R-HSA-389960,1/26,0.2300828957266827,0.4185931810105381,0,0,3.974874371859297,5.840344997302112,TUBB2A
Reactome_2022,TNFR1-induced NFkappaB Signaling Pathway R-HSA-5357956,1/26,0.2300828957266827,0.4185931810105381,0,0,3.974874371859297,5.840344997302112,RACK1
Reactome_2022,WNT Ligand Biogenesis And Trafficking R-HSA-3238698,1/26,0.2300828957266827,0.4185931810105381,0,0,3.974874371859297,5.840344997302112,SNX3
Reactome_2022,Interleukin-20 Family Signaling R-HSA-8854691,1/26,0.2300828957266827,0.4185931810105381,0,0,3.974874371859297,5.840344997302112,SOCS3
Reactome_2022,Signaling By TGF-beta Receptor Complex R-HSA-170834,2/91,0.2309239500321694,0.4188185926049285,0,0,2.237090001134945,3.2788286401533377,FKBP1A;MYC
Reactome_2022,RNA Polymerase III Transcription Initiation From Type 1 Promoter R-HSA-76061,1/27,0.2377920775242915,0.4243053268965115,0,0,3.821801314263626,5.489477227235043,POLR1D
Reactome_2022,RNA Polymerase III Transcription Initiation From Type 3 Promoter R-HSA-76071,1/27,0.2377920775242915,0.4243053268965115,0,0,3.821801314263626,5.489477227235043,POLR1D
Reactome_2022,G0 And Early G1 R-HSA-1538133,1/27,0.2377920775242915,0.4243053268965115,0,0,3.821801314263626,5.489477227235043,MYC
Reactome_2022,Role Of Nef In HIV-1 Replication And Disease Pathogenesis R-HSA-164952,1/27,0.2377920775242915,0.4243053268965115,0,0,3.821801314263626,5.489477227235043,HLA-A
Reactome_2022,VEGFR2 Mediated Vascular Permeability R-HSA-5218920,1/27,0.2377920775242915,0.4243053268965115,0,0,3.821801314263626,5.489477227235043,CAV1
Reactome_2022,VEGFA-VEGFR2 Pathway R-HSA-4420097,2/93,0.2383084712706434,0.4243053268965115,0,0,2.187701187701188,3.1375777372613727,CAV1;HSPB1
Reactome_2022,Paracetamol ADME R-HSA-9753281,1/28,0.2454244493195781,0.4296160091050098,0,0,3.680067001675042,5.169633447658624,GSTP1
Reactome_2022,"Adrenaline,noradrenaline Inhibits Insulin Secretion R-HSA-400042",1/28,0.2454244493195781,0.4296160091050098,0,0,3.680067001675042,5.169633447658624,GNB2
Reactome_2022,Prefoldin Mediated Transfer Of Substrate To CCT/TriC R-HSA-389957,1/28,0.2454244493195781,0.4296160091050098,0,0,3.680067001675042,5.169633447658624,TUBB2A
Reactome_2022,Recycling Pathway Of L1 R-HSA-437239,1/28,0.2454244493195781,0.4296160091050098,0,0,3.680067001675042,5.169633447658624,CLTA
Reactome_2022,Drug ADME R-HSA-9748784,2/95,0.2457050463032076,0.4296160091050098,0,0,2.140436624307592,3.004367063071291,GSTP1;IMPDH2
Reactome_2022,Metabolism Of Nucleotides R-HSA-15869,2/95,0.2457050463032076,0.4296160091050098,0,0,2.140436624307592,3.004367063071291,IMPDH2;APRT
Reactome_2022,Protein Folding R-HSA-391251,2/96,0.2494067909928498,0.4345316799775748,0,0,2.117558564367075,2.9405900871231445,TUBB2A;GNB2
Reactome_2022,Activation Of G Protein Gated Potassium Channels R-HSA-1296041,1/29,0.252980772589684,0.4345316799775748,0,0,3.548456568557071,4.877147000705543,GNB2
Reactome_2022,Activation Of Kainate Receptors Upon Glutamate Binding R-HSA-451326,1/29,0.252980772589684,0.4345316799775748,0,0,3.548456568557071,4.877147000705543,GNB2
Reactome_2022,Budding And Maturation Of HIV Virion R-HSA-162588,1/29,0.252980772589684,0.4345316799775748,0,0,3.548456568557071,4.877147000705543,PPIA
Reactome_2022,Disassembly Of Destruction Complex And Recruitment Of AXIN To Membrane R-HSA-4641262,1/29,0.252980772589684,0.4345316799775748,0,0,3.548456568557071,4.877147000705543,CAV1
Reactome_2022,Uptake And Actions Of Bacterial Toxins R-HSA-5339562,1/29,0.252980772589684,0.4345316799775748,0,0,3.548456568557071,4.877147000705543,EEF2
Reactome_2022,Activation Of BH3-only Proteins R-HSA-114452,1/30,0.2604618012849767,0.4434684896513889,0,0,3.425922717033443,4.608890626901229,REXO2
Reactome_2022,Signaling By CSF3 (G-CSF) R-HSA-9674555,1/30,0.2604618012849767,0.4434684896513889,0,0,3.425922717033443,4.608890626901229,SOCS3
Reactome_2022,Transcriptional Regulation Of Pluripotent Stem Cells R-HSA-452723,1/30,0.2604618012849767,0.4434684896513889,0,0,3.425922717033443,4.608890626901229,KLF4
Reactome_2022,KEAP1-NFE2L2 Pathway R-HSA-9755511,2/100,0.2642273190435063,0.4485719602366502,0,0,2.0307153164296023,2.702771390555414,MYC;ATF4
Reactome_2022,Sealing Of Nuclear Envelope (NE) By ESCRT-III R-HSA-9668328,1/31,0.2678682819607093,0.4534350048262441,0,0,3.3115577889447234,4.362182296847866,TUBB2A
Reactome_2022,Signaling By VEGF R-HSA-194138,2/102,0.2716402584331571,0.4549000735426191,0,0,1.9898989898989896,2.593388923930461,CAV1;HSPB1
Reactome_2022,Cargo Concentration In ER R-HSA-5694530,1/32,0.2752009537742224,0.4549000735426191,0,0,3.204571243313341,4.1347099266061775,CD59
Reactome_2022,G-protein Beta:Gamma Signaling R-HSA-397795,1/32,0.2752009537742224,0.4549000735426191,0,0,3.204571243313341,4.1347099266061775,GNB2
Reactome_2022,Glucagon Signaling In Metabolic Regulation R-HSA-163359,1/32,0.2752009537742224,0.4549000735426191,0,0,3.204571243313341,4.1347099266061775,GNB2
Reactome_2022,Gluconeogenesis R-HSA-70263,1/32,0.2752009537742224,0.4549000735426191,0,0,3.204571243313341,4.1347099266061775,MDH2
Reactome_2022,Thrombin Signaling Thru Proteinase Activated Receptors (PARs) R-HSA-456926,1/32,0.2752009537742224,0.4549000735426191,0,0,3.204571243313341,4.1347099266061775,GNB2
Reactome_2022,Transport Of Small Molecules R-HSA-382551,9/706,0.2758525735866726,0.4549000735426191,0,0,1.2914510204541527,1.6632451883054615,SMDT1;FXYD3;GNB2;CLTA;APOE;P4HB;AQP3;SLC38A2;SLC25A6
Reactome_2022,Cargo Recognition For Clathrin-Mediated Endocytosis R-HSA-8856825,2/104,0.2790510068326582,0.4549000735426191,0,0,1.95068330362448,2.4897754945672688,CLTB;CLTA
Reactome_2022,RHO GTPase Cycle R-HSA-9012999,6/441,0.2801235896081406,0.4549000735426191,0,0,1.376821898329186,1.75203943493716,CAVIN1;DST;CAV1;HNRNPC;RND3;ACTG1
Reactome_2022,Transcriptional Regulation By TP53 R-HSA-3700989,5/354,0.2808767047611167,0.4549000735426191,0,0,1.4290647270589965,1.8146828085081488,PRDX2;PRDX5;GADD45A;PERP;REXO2
Reactome_2022,Gene Expression (Transcription) R-HSA-74160,17/1449,0.2817613194125832,0.4549000735426191,0,0,1.191562108862228,1.509345707684775,CEBPB;CAVIN1;GADD45A;CAV1;REXO2;KLF4;PRDX2;SOCS3;PRDX5;MYC;PERP;SRSF2;POLR1D;APOE;SRSF5;MYL9;SRSF11
Reactome_2022,Oncogene Induced Senescence R-HSA-2559585,1/33,0.2824605485993796,0.4549000735426191,0,0,3.1042713567839195,3.9244707255325473,ID1
Reactome_2022,Amino Acid Transport Across Plasma Membrane R-HSA-352230,1/33,0.2824605485993796,0.4549000735426191,0,0,3.1042713567839195,3.9244707255325473,SLC38A2
Reactome_2022,Cooperation Of Prefoldin And TriC/CCT In Actin And Tubulin Folding R-HSA-389958,1/33,0.2824605485993796,0.4549000735426191,0,0,3.1042713567839195,3.9244707255325473,TUBB2A
Reactome_2022,Signal Amplification R-HSA-392518,1/33,0.2824605485993796,0.4549000735426191,0,0,3.1042713567839195,3.9244707255325473,GNB2
Reactome_2022,Striated Muscle Contraction R-HSA-390522,1/33,0.2824605485993796,0.4549000735426191,0,0,3.1042713567839195,3.9244707255325473,TPM1
Reactome_2022,Glucagon-type Ligand Receptors R-HSA-420092,1/33,0.2824605485993796,0.4549000735426191,0,0,3.1042713567839195,3.9244707255325473,GNB2
Reactome_2022,Integration Of Energy Metabolism R-HSA-163685,2/105,0.2827546689999499,0.4549000735426191,0,0,1.931646562714524,2.440008904942008,MARCKS;GNB2
Reactome_2022,EPHB-mediated Forward Signaling R-HSA-3928662,1/34,0.2896477910754225,0.4642509606217905,0,0,3.010050251256281,3.7297219848476746,ACTG1
Reactome_2022,Phase II - Conjugation Of Compounds R-HSA-156580,2/107,0.290156850388619,0.4642509606217905,0,0,1.8946608946608947,2.344327659095108,MGST3;GSTP1
Reactome_2022,RNA Polymerase III Transcription Initiation R-HSA-76046,1/35,0.2967633987534311,0.4683805349318619,0,0,2.9213715637008573,3.54894088012851,POLR1D
Reactome_2022,Regulation Of TNFR1 Signaling R-HSA-5357905,1/35,0.2967633987534311,0.4683805349318619,0,0,2.9213715637008573,3.54894088012851,RACK1
Reactome_2022,Inwardly Rectifying K+ Channels R-HSA-1296065,1/35,0.2967633987534311,0.4683805349318619,0,0,2.9213715637008573,3.54894088012851,GNB2
Reactome_2022,Metabolism Of Steroid Hormones R-HSA-196071,1/35,0.2967633987534311,0.4683805349318619,0,0,2.9213715637008573,3.54894088012851,TSPO
Reactome_2022,Negative Regulators Of DDX58/IFIH1 Signaling R-HSA-936440,1/35,0.2967633987534311,0.4683805349318619,0,0,2.9213715637008573,3.54894088012851,PCBP2
Reactome_2022,Signaling By B Cell Receptor (BCR) R-HSA-983705,2/109,0.2975499631159602,0.4683805349318619,0,0,1.8590578684036627,2.2534999856206213,FKBP1A;PPIA
Reactome_2022,RHO GTPases Activate WASPs And WAVEs R-HSA-5663213,1/36,0.3038080819844295,0.4731304530104182,0,0,2.8377602297200286,3.380791434126185,ACTG1
Reactome_2022,RHOH GTPase Cycle R-HSA-9013407,1/36,0.3038080819844295,0.4731304530104182,0,0,2.8377602297200286,3.380791434126185,CAV1
Reactome_2022,SMAD2/SMAD3:SMAD4 Heterotrimer Regulates Transcription R-HSA-2173796,1/36,0.3038080819844295,0.4731304530104182,0,0,2.8377602297200286,3.380791434126185,MYC
Reactome_2022,NR1H3 And NR1H2 Regulate Gene Expression Linked To Cholesterol Transport And Efflux R-HSA-9029569,1/36,0.3038080819844295,0.4731304530104182,0,0,2.8377602297200286,3.380791434126185,APOE
Reactome_2022,RHOV GTPase Cycle R-HSA-9013424,1/37,0.3107825442509396,0.4763700940749311,0,0,2.758793969849246,3.2240971983470845,DST
Reactome_2022,Cooperation Of PDCL (PhLP1) And TRiC/CCT In G-protein Beta Folding R-HSA-6814122,1/37,0.3107825442509396,0.4763700940749311,0,0,2.758793969849246,3.2240971983470845,GNB2
Reactome_2022,Fatty acyl-CoA Biosynthesis R-HSA-75105,1/37,0.3107825442509396,0.4763700940749311,0,0,2.758793969849246,3.2240971983470845,TECR
Reactome_2022,Formation Of Fibrin Clot (Clotting Cascade) R-HSA-140877,1/37,0.3107825442509396,0.4763700940749311,0,0,2.758793969849246,3.2240971983470845,SERPING1
Reactome_2022,Triglyceride Metabolism R-HSA-8979227,1/37,0.3107825442509396,0.4763700940749311,0,0,2.758793969849246,3.2240971983470845,CAV1
Reactome_2022,NCAM1 Interactions R-HSA-419037,1/37,0.3107825442509396,0.4763700940749311,0,0,2.758793969849246,3.2240971983470845,COL6A2
Reactome_2022,Adaptive Immune System R-HSA-1280218,9/733,0.3126149723357428,0.4779244603248006,0,0,1.241531919817188,1.443632168101422,FKBP1A;SOCS3;WSB1;HLA-B;HLA-C;CLTA;HLA-A;CALR;PPIA
Reactome_2022,Signaling By Rho GTPases R-HSA-194315,8/644,0.3166880655551615,0.4818947778147257,0,0,1.255503144654088,1.4436252372740377,CAVIN1;DST;CAV1;HNRNPC;REXO2;MYL9;RND3;ACTG1
Reactome_2022,Apoptotic Cleavage Of Cellular Proteins R-HSA-111465,1/38,0.3176874819497763,0.4818947778147257,0,0,2.684096156457965,3.07781854672427,GSN
Reactome_2022,Interactions Of Vpr With Host Cellular Proteins R-HSA-176033,1/38,0.3176874819497763,0.4818947778147257,0,0,2.684096156457965,3.07781854672427,SLC25A6
Reactome_2022,RHOU GTPase Cycle R-HSA-9013420,1/39,0.3245235847719431,0.4897203449788495,0,0,2.6133298069293835,2.941033694945818,DST
Reactome_2022,Transcriptional Regulation By VENTX R-HSA-8853884,1/39,0.3245235847719431,0.4897203449788495,0,0,2.6133298069293835,2.941033694945818,CEBPB
Reactome_2022,RNA Polymerase III Abortive And Retractive Initiation R-HSA-749476,1/40,0.3312915354401823,0.4973631277559549,0,0,2.54619250096637,2.8129227654318845,POLR1D
Reactome_2022,Diseases Associated With Glycosaminoglycan Metabolism R-HSA-3560782,1/40,0.3312915354401823,0.4973631277559549,0,0,2.54619250096637,2.8129227654318845,DCN
Reactome_2022,RNA Polymerase II Transcription R-HSA-73857,15/1312,0.3334985938954872,0.4993028158423597,0,0,1.1567025776740505,1.2701943363235737,CEBPB;GADD45A;CAV1;REXO2;KLF4;PRDX2;SOCS3;PRDX5;MYC;PERP;SRSF2;APOE;SRSF5;MYL9;SRSF11
Reactome_2022,Signaling By TGFB Family Members R-HSA-9006936,2/119,0.3342934948533607,0.4993028158423597,0,0,1.6993006993006994,1.8619848571697335,FKBP1A;MYC
Reactome_2022,Carboxyterminal Post-Translational Modifications Of Tubulin R-HSA-8955332,1/41,0.3379920100397979,0.5035391169980664,0,0,2.4824120603015074,2.6927543377926204,TUBB2A
Reactome_2022,"Signaling By Rho GTPases, Miro GTPases And RHOBTB3 R-HSA-9716542",8/660,0.3405781742161465,0.5052098465784699,0,0,1.2236707566462168,1.3180287345796142,CAVIN1;DST;CAV1;HNRNPC;REXO2;MYL9;RND3;ACTG1
Reactome_2022,Activation Of GABAB Receptors R-HSA-991365,1/42,0.344625677945044,0.5052098465784699,0,0,2.4217428606446867,2.579874053958348,GNB2
Reactome_2022,RHOF GTPase Cycle R-HSA-9035034,1/42,0.344625677945044,0.5052098465784699,0,0,2.4217428606446867,2.579874053958348,CAV1
Reactome_2022,Glucagon-like Peptide-1 (GLP1) Regulates Insulin Secretion R-HSA-381676,1/42,0.344625677945044,0.5052098465784699,0,0,2.4217428606446867,2.579874053958348,GNB2
Reactome_2022,tRNA Aminoacylation R-HSA-379724,1/42,0.344625677945044,0.5052098465784699,0,0,2.4217428606446867,2.579874053958348,PPA1
Reactome_2022,Programmed Cell Death R-HSA-5357801,3/208,0.3451690561383724,0.5052098465784699,0,0,1.4556147084313482,1.5483678811241348,GSN;IRF1;REXO2
Reactome_2022,Keratinization R-HSA-6805567,3/208,0.3451690561383724,0.5052098465784699,0,0,1.4556147084313482,1.5483678811241348,PERP;KRT14;KRT10
Reactome_2022,Retinoid Metabolism And Transport R-HSA-975634,1/43,0.3511932019412653,0.510191119238057,0,0,2.363962670495334,2.473694919601735,APOE
Reactome_2022,GPER1 Signaling R-HSA-9634597,1/43,0.3511932019412653,0.510191119238057,0,0,2.363962670495334,2.473694919601735,GNB2
Reactome_2022,"Transport Of Vitamins, Nucleosides, And Related Molecules R-HSA-425397",1/43,0.3511932019412653,0.510191119238057,0,0,2.363962670495334,2.473694919601735,SLC25A6
Reactome_2022,G Alpha (Q) Signaling Events R-HSA-416476,3/212,0.3560832045873771,0.5119951449958438,0,0,1.4274646005877638,1.4739868919570516,APP;GPNMB;GNB2
Reactome_2022,Collagen Chain Trimerization R-HSA-8948216,1/44,0.3576952382847675,0.5119951449958438,0,0,2.308869931050602,2.373689018141451,COL6A2
Reactome_2022,Sphingolipid De Novo Biosynthesis R-HSA-1660661,1/44,0.3576952382847675,0.5119951449958438,0,0,2.308869931050602,2.373689018141451,DEGS1
Reactome_2022,TGF-beta Receptor Signaling Activates SMADs R-HSA-2173789,1/44,0.3576952382847675,0.5119951449958438,0,0,2.308869931050602,2.373689018141451,FKBP1A
Reactome_2022,TNF Signaling R-HSA-75893,1/44,0.3576952382847675,0.5119951449958438,0,0,2.308869931050602,2.373689018141451,RACK1
Reactome_2022,TP53 Regulates Transcription Of Cell Death Genes R-HSA-5633008,1/44,0.3576952382847675,0.5119951449958438,0,0,2.308869931050602,2.373689018141451,PERP
Reactome_2022,TAK1-dependent IKK And NF-kappa-B Activation R-HSA-445989,1/45,0.3641324366778817,0.5199348240094938,0,0,2.256281407035176,2.279380404926681,APP
Reactome_2022,RNA Polymerase I Transcription Initiation R-HSA-73762,1/46,0.3705054405101429,0.5264602852990838,0,0,2.2060301507537687,2.1903389894516705,POLR1D
Reactome_2022,NR1H2 And NR1H3-mediated Signaling R-HSA-9024446,1/46,0.3705054405101429,0.5264602852990838,0,0,2.2060301507537687,2.1903389894516705,APOE
Reactome_2022,SUMOylation Of RNA Binding Proteins R-HSA-4570464,1/47,0.376814886705751,0.5315456372854072,0,0,2.1579637317019884,2.1061752538856453,HNRNPC
Reactome_2022,G Alpha (Z) Signaling Events R-HSA-418597,1/47,0.376814886705751,0.5315456372854072,0,0,2.1579637317019884,2.1061752538856453,GNB2
Reactome_2022,Metabolism Of Fat-Soluble Vitamins R-HSA-6806667,1/47,0.376814886705751,0.5315456372854072,0,0,2.1579637317019884,2.1061752538856453,APOE
Reactome_2022,NOTCH1 Intracellular Domain Regulates Transcription R-HSA-2122947,1/48,0.3830614060395898,0.5390550870533023,0,0,2.111942692184326,2.026535673888961,MYC
Reactome_2022,RMTs Methylate Histone Arginines R-HSA-3214858,1/49,0.3892456229672477,0.5451305607023325,0,0,2.0678391959799,1.9510987409424116,RPS2
Reactome_2022,mRNA Splicing - Minor Pathway R-HSA-72165,1/49,0.3892456229672477,0.5451305607023325,0,0,2.0678391959799,1.9510987409424116,SRSF2
Reactome_2022,Chondroitin Sulfate/Dermatan Sulfate Metabolism R-HSA-1793185,1/50,0.3953681557510544,0.5497500070443233,0,0,2.025535842477695,1.8795714928238212,DCN
Reactome_2022,Ion Homeostasis R-HSA-5578775,1/50,0.3953681557510544,0.5497500070443233,0,0,2.025535842477695,1.8795714928238212,FXYD3
Reactome_2022,Neurotransmitter Release Cycle R-HSA-112310,1/50,0.3953681557510544,0.5497500070443233,0,0,2.025535842477695,1.8795714928238212,SLC38A2
Reactome_2022,Transcriptional Activity Of SMAD2/SMAD3:SMAD4 Heterotrimer R-HSA-2173793,1/51,0.4014296166851454,0.5564905287419437,0,0,1.984924623115578,1.8116864795932897,MYC
Reactome_2022,HIV Infection R-HSA-162906,3/229,0.4021215807005141,0.5564905287419437,0,0,1.3189434436907597,1.2015585277871892,HLA-A;PPIA;SLC25A6
Reactome_2022,Death Receptor Signaling R-HSA-73887,2/139,0.4058480895063414,0.5572353098153849,0,0,1.44975300449753,1.3073529773997317,RACK1;RTN4
Reactome_2022,Apoptotic Execution Phase R-HSA-75153,1/52,0.4074306117999475,0.5572353098153849,0,0,1.9459060005911912,1.7471991060741807,GSN
Reactome_2022,RHOD GTPase Cycle R-HSA-9013405,1/52,0.4074306117999475,0.5572353098153849,0,0,1.9459060005911912,1.7471991060741807,CAV1
Reactome_2022,SARS-CoV-1 Infection R-HSA-9678108,1/52,0.4074306117999475,0.5572353098153849,0,0,1.9459060005911912,1.7471991060741807,CAV1
Reactome_2022,Signaling By PDGF R-HSA-186797,1/52,0.4074306117999475,0.5572353098153849,0,0,1.9459060005911912,1.7471991060741807,COL6A2
Reactome_2022,"Nucleotide-binding Domain, Leucine Rich Repeat Containing NLR Signaling Pathways R-HSA-168643",1/53,0.4133717413870322,0.5601139140835889,0,0,1.9083880943177425,1.6858852917962188,APP
Reactome_2022,Sensory Processing Of Sound By Outer Hair Cells Of Cochlea R-HSA-9662361,1/53,0.4133717413870322,0.5601139140835889,0,0,1.9083880943177425,1.6858852917962188,GSN
Reactome_2022,Heparan Sulfate/Heparin (HS-GAG) Metabolism R-HSA-1638091,1/53,0.4133717413870322,0.5601139140835889,0,0,1.9083880943177425,1.6858852917962188,DCN
Reactome_2022,Ion Transport By P-type ATPases R-HSA-936837,1/53,0.4133717413870322,0.5601139140835889,0,0,1.9083880943177425,1.6858852917962188,FXYD3
Reactome_2022,Clathrin-mediated Endocytosis R-HSA-8856828,2/142,0.4162790368686154,0.562747586877943,0,0,1.4184704184704184,1.2431467398061158,CLTB;CLTA
Reactome_2022,AUF1 (hnRNP D0) Binds And Destabilizes mRNA R-HSA-450408,1/54,0.4192535996279672,0.5628600050177768,0,0,1.8722859580923483,1.627539412897697,HSPB1
Reactome_2022,Pyruvate Metabolism And Citric Acid (TCA) Cycle R-HSA-71406,1/54,0.4192535996279672,0.5628600050177768,0,0,1.8722859580923483,1.627539412897697,MDH2
Reactome_2022,RHOJ GTPase Cycle R-HSA-9013409,1/54,0.4192535996279672,0.5628600050177768,0,0,1.8722859580923483,1.627539412897697,CAV1
Reactome_2022,Golgi Associated Vesicle Biogenesis R-HSA-432722,1/55,0.4250767749174149,0.5680659875326552,0,0,1.8375209380234503,1.5719724807707876,CLTA
Reactome_2022,Intrinsic Pathway For Apoptosis R-HSA-109606,1/55,0.4250767749174149,0.5680659875326552,0,0,1.8375209380234503,1.5719724807707876,REXO2
Reactome_2022,RHOA GTPase Cycle R-HSA-8980692,2/147,0.433457636286527,0.5779435150487027,0,0,1.369209334726576,1.1446058954410874,CAVIN1;CAV1
Reactome_2022,Regulated Necrosis R-HSA-5218859,1/57,0.4365494010474847,0.5794201141175707,0,0,1.7717157214644652,1.4684931926330618,IRF1
Reactome_2022,NCAM Signaling For Neurite Out-Growth R-HSA-375165,1/57,0.4365494010474847,0.5794201141175707,0,0,1.7717157214644652,1.4684931926330618,COL6A2
Reactome_2022,Constitutive Signaling By NOTCH1 HD+PEST Domain Mutants R-HSA-2894862,1/58,0.4421999998339941,0.585589115426423,0,0,1.740544829410209,1.4202724160163902,MYC
Reactome_2022,Arachidonic Acid Metabolism R-HSA-2142753,1/59,0.4477942115947188,0.5863493712361341,0,0,1.7104487957026513,1.3742113392020114,CBR1
Reactome_2022,B-WICH Complex Positively Regulates rRNA Expression R-HSA-5250924,1/59,0.4477942115947188,0.5863493712361341,0,0,1.7104487957026513,1.3742113392020114,POLR1D
Reactome_2022,RHOQ GTPase Cycle R-HSA-9013406,1/59,0.4477942115947188,0.5863493712361341,0,0,1.7104487957026513,1.3742113392020114,CAV1
Reactome_2022,RNA Polymerase I Promoter Escape R-HSA-73772,1/59,0.4477942115947188,0.5863493712361341,0,0,1.7104487957026513,1.3742113392020114,POLR1D
Reactome_2022,GABA Receptor Activation R-HSA-977443,1/59,0.4477942115947188,0.5863493712361341,0,0,1.7104487957026513,1.3742113392020114,GNB2
Reactome_2022,Recruitment And ATM-mediated Phosphorylation Of Repair And Signal Proteins At DNA Double Strand Breaks R-HSA-5693565,1/60,0.4533325962584122,0.589635269966398,0,0,1.681372966527553,1.330183274831934,UBXN1
Reactome_2022,FCGR3A-mediated Phagocytosis R-HSA-9664422,1/60,0.4533325962584122,0.589635269966398,0,0,1.681372966527553,1.330183274831934,ACTG1
Reactome_2022,Formation Of beta-catenin:TCF Transactivating Complex R-HSA-201722,1/60,0.4533325962584122,0.589635269966398,0,0,1.681372966527553,1.330183274831934,MYC
Reactome_2022,DNA Double Strand Break Response R-HSA-5693606,1/61,0.4588157080798082,0.5954408300413511,0,0,1.6532663316582914,1.288070804786777,UBXN1
Reactome_2022,RAB Geranylgeranylation R-HSA-8873719,1/62,0.4642440960951576,0.5998198055742745,0,0,1.6260812258011368,1.2477649663473405,RAB13
Reactome_2022,Regulation Of Actin Dynamics For Phagocytic Cup Formation R-HSA-2029482,1/62,0.4642440960951576,0.5998198055742745,0,0,1.6260812258011368,1.2477649663473405,ACTG1
Reactome_2022,Cytosolic Sensors Of Pathogen-Associated DNA R-HSA-1834949,1/63,0.4696183035751055,0.6054240381630499,0,0,1.5997730588426,1.2091645247691418,POLR1D
Reactome_2022,Semaphorin Interactions R-HSA-373755,1/64,0.4749388686968527,0.6095918666350814,0,0,1.574300071787509,1.1721753146425786,MYL9
Reactome_2022,Hedgehog Ligand Biogenesis R-HSA-5358346,1/64,0.4749388686968527,0.6095918666350814,0,0,1.574300071787509,1.1721753146425786,P4HB
Reactome_2022,COPII-mediated Vesicle Transport R-HSA-204005,1/66,0.4854211976341649,0.6203194297994581,0,0,1.525705450328566,1.1026857881843173,CD59
Reactome_2022,RUNX1 Regulates Genes Involved In Megakaryocyte Differentiation And Platelet Function R-HSA-8936459,1/66,0.4854211976341649,0.6203194297994581,0,0,1.525705450328566,1.1026857881843173,MYL9
Reactome_2022,RHO GTPase Effectors R-HSA-195258,3/269,0.5059101526715422,0.6450906750222285,0,0,1.1183160948055415,0.7620163254906543,REXO2;MYL9;ACTG1
Reactome_2022,Signaling By FGFR2 R-HSA-5654738,1/72,0.5156351033007534,0.6560586063783006,0,0,1.396347936867436,0.9248793332622998,HNRNPA1
Reactome_2022,Fatty Acid Metabolism R-HSA-8978868,2/173,0.518102407998783,0.6577647962419333,0,0,1.1594896331738438,0.7624599263901536,CBR1;TECR
Reactome_2022,Organelle Biogenesis And Maintenance R-HSA-1852241,3/275,0.5206985624411984,0.6583269481671096,0,0,1.0933114362496268,0.7134775280501673,ATP5F1A;ATP5MC3;ATP5F1D
Reactome_2022,Positive Epigenetic Regulation Of rRNA Expression R-HSA-5250913,1/74,0.5253088319278648,0.6583269481671096,0,0,1.3579541543333105,0.8742087038575203,POLR1D
Reactome_2022,RHOG GTPase Cycle R-HSA-9013408,1/74,0.5253088319278648,0.6583269481671096,0,0,1.3579541543333105,0.8742087038575203,CAV1
Reactome_2022,Signaling By NOTCH1 R-HSA-1980143,1/74,0.5253088319278648,0.6583269481671096,0,0,1.3579541543333105,0.8742087038575203,MYC
Reactome_2022,Formation Of Cornified Envelope R-HSA-6809371,1/74,0.5253088319278648,0.6583269481671096,0,0,1.3579541543333105,0.8742087038575203,PERP
Reactome_2022,NoRC Negatively Regulates rRNA Expression R-HSA-427413,1/74,0.5253088319278648,0.6583269481671096,0,0,1.3579541543333105,0.8742087038575203,POLR1D
Reactome_2022,Sensory Processing Of Sound R-HSA-9659379,1/75,0.5300733603880184,0.6607215506852441,0,0,1.3395355154149124,0.8502565938086776,GSN
Reactome_2022,Nuclear Envelope (NE) Reassembly R-HSA-2995410,1/75,0.5300733603880184,0.6607215506852441,0,0,1.3395355154149124,0.8502565938086776,TUBB2A
Reactome_2022,Generic Transcription Pathway R-HSA-212436,12/1190,0.5306137110811292,0.6607215506852441,0,0,1.0090308131344146,0.6394440128039767,PRDX2;SOCS3;PRDX5;CEBPB;GADD45A;MYC;PERP;CAV1;APOE;REXO2;KLF4;MYL9
Reactome_2022,Apoptosis R-HSA-109581,2/178,0.5334005682638644,0.6627785784385039,0,0,1.1262626262626263,0.7078364657460958,GSN;REXO2
Reactome_2022,Asparagine N-linked Glycosylation R-HSA-446203,3/282,0.5376465182581796,0.6660564861071804,0,0,1.0654986081545768,0.6611993849465772,UBXN1;CD59;CALR
Reactome_2022,G2/M DNA Damage Checkpoint R-HSA-69473,1/77,0.5394601334395485,0.6660564861071804,0,0,1.3041523406506217,0.8049050782659102,REXO2
Reactome_2022,Negative Epigenetic Regulation Of rRNA Expression R-HSA-5250941,1/77,0.5394601334395485,0.6660564861071804,0,0,1.3041523406506217,0.8049050782659102,POLR1D
Reactome_2022,RNA Polymerase I Promoter Clearance R-HSA-73854,1/78,0.544083319204552,0.6689361229799123,0,0,1.2871500358937544,0.7834275809102157,POLR1D
Reactome_2022,G Alpha (12/13) Signaling Events R-HSA-416482,1/78,0.544083319204552,0.6689361229799123,0,0,1.2871500358937544,0.7834275809102157,GNB2
Reactome_2022,COPI-mediated Anterograde Transport R-HSA-6807878,1/80,0.5531916072648388,0.6770971555003034,0,0,1.254436740665352,0.7426903392796255,CD59
Reactome_2022,Recruitment Of NuMA To Mitotic Centrosomes R-HSA-380320,1/80,0.5531916072648388,0.6770971555003034,0,0,1.254436740665352,0.7426903392796255,MZT2B
Reactome_2022,Membrane Trafficking R-HSA-199991,6/599,0.555925560866811,0.6770971555003034,0,0,1.0017384955059891,0.5881415840339872,APP;RAB13;CLTB;CLTA;CD59;REXO2
Reactome_2022,Metabolism Of Vitamins And Cofactors R-HSA-196854,2/186,0.5571827441654297,0.6770971555003034,0,0,1.0768555116381204,0.6298118751293473,CYB5A;APOE
Reactome_2022,Centrosome Maturation R-HSA-380287,1/81,0.5576776229377498,0.6770971555003034,0,0,1.2386934673366834,0.7233650516865618,MZT2B
Reactome_2022,Regulation Of HSF1-mediated Heat Shock Response R-HSA-3371453,1/81,0.5576776229377498,0.6770971555003034,0,0,1.2386934673366834,0.7233650516865618,SERPINH1
Reactome_2022,Cyclin E Associated Events During G1/S Transition R-HSA-69202,1/82,0.5621188211968801,0.6810734265124023,0,0,1.2233389168062534,0.7046946278996441,MYC
Reactome_2022,Platelet Homeostasis R-HSA-418346,1/83,0.5665156476761636,0.6849795822833944,0,0,1.208358867508273,0.6866506239569532,GNB2
Reactome_2022,Cyclin A:Cdk2-associated Events At S Phase Entry R-HSA-69656,1/84,0.5708685433147935,0.6873963490635864,0,0,1.1937397832536174,0.6692061267801053,MYC
Reactome_2022,Degradation Of Beta-Catenin By Destruction Complex R-HSA-195253,1/84,0.5708685433147935,0.6873963490635864,0,0,1.1937397832536174,0.6692061267801053,MYC
Reactome_2022,Cell Junction Organization R-HSA-446728,1/86,0.5794442849420854,0.6948572123330141,0,0,1.1655335501034585,0.636015065932131,DST
Reactome_2022,Signaling By FGFR R-HSA-190236,1/86,0.5794442849420854,0.6948572123330141,0,0,1.1655335501034585,0.636015065932131,HNRNPA1
Reactome_2022,RAC2 GTPase Cycle R-HSA-9013404,1/87,0.5836679914950987,0.69701953689867,0,0,1.1519224027112305,0.6202214761277236,CAV1
Reactome_2022,Fcgamma Receptor (FCGR) Dependent Phagocytosis R-HSA-2029480,1/87,0.5836679914950987,0.69701953689867,0,0,1.1519224027112305,0.6202214761277236,ACTG1
Reactome_2022,Peptide Ligand-Binding Receptors R-HSA-375276,2/196,0.5856880874581174,0.69701953689867,0,0,1.0208268249505363,0.5461095879886158,APP;GPNMB
Reactome_2022,Opioid Signaling R-HSA-111885,1/88,0.5878494885157634,0.69701953689867,0,0,1.138624155259054,0.6049331780092367,GNB2
Reactome_2022,Regulation Of mRNA Stability By Proteins That Bind AU-rich Elements R-HSA-450531,1/88,0.5878494885157634,0.69701953689867,0,0,1.138624155259054,0.6049331780092367,HSPB1
Reactome_2022,TCF Dependent Signaling In Response To WNT R-HSA-201681,2/198,0.5912247998288709,0.69701953689867,0,0,1.010307153164296,0.5309759786558154,MYC;CAV1
Reactome_2022,RAB GEFs Exchange GTP For GDP On RABs R-HSA-8876198,1/89,0.591989195722158,0.69701953689867,0,0,1.1256281407035176,0.5901295699518402,RAB13
Reactome_2022,Sphingolipid Metabolism R-HSA-428157,1/89,0.591989195722158,0.69701953689867,0,0,1.1256281407035176,0.5901295699518402,DEGS1
Reactome_2022,Glucose Metabolism R-HSA-70326,1/89,0.591989195722158,0.69701953689867,0,0,1.1256281407035176,0.5901295699518402,MDH2
Reactome_2022,Ub-specific Processing Proteases R-HSA-5689880,2/201,0.599426855548892,0.7037843793340365,0,0,0.9949241155271306,0.5091835781900128,SNX3;MYC
Reactome_2022,HCMV Late Events R-HSA-9610379,1/91,0.6001448988156681,0.7037843793340365,0,0,1.100502512562814,0.5618991453376235,CEBPD
Reactome_2022,Class B/2 (Secretin Family Receptors) R-HSA-373080,1/92,0.6041617136020576,0.7070750315503039,0,0,1.0883538571980782,0.5484360698708618,GNB2
Reactome_2022,Transcriptional Regulation By RUNX1 R-HSA-8878171,2/204,0.607505270072967,0.708887847864137,0,0,0.97999799979998,0.4884255433235287,SOCS3;MYL9
Reactome_2022,RAC3 GTPase Cycle R-HSA-9013423,1/93,0.6081383763355012,0.708887847864137,0,0,1.0764693030369237,0.5353850545471538,CAV1
Reactome_2022,Diseases Of Signal Transduction By Growth Factor Receptors And Second Messengers R-HSA-5663202,4/424,0.6155257848131773,0.7137463056366095,0,0,0.9416909620991254,0.4569823227149601,FKBP1A;CEBPB;MYC;RPS6
Reactome_2022,Transcriptional Regulation By RUNX3 R-HSA-8878159,1/95,0.6159728391110465,0.7137463056366095,0,0,1.0534587832780926,0.5104559909803796,MYC
Reactome_2022,P75 NTR Receptor-Mediated Signaling R-HSA-193704,1/95,0.6159728391110465,0.7137463056366095,0,0,1.0534587832780926,0.5104559909803796,RTN4
Reactome_2022,MyD88 Cascade Initiated On Plasma Membrane R-HSA-975871,1/96,0.6198314260741546,0.7167951541134778,0,0,1.0423168473948692,0.4985482066164667,APP
Reactome_2022,Visual Phototransduction R-HSA-2187338,1/98,0.6274332493027582,0.7241522086814443,0,0,1.0207221675387246,0.4757769643136218,APOE
Reactome_2022,L1CAM Interactions R-HSA-373760,1/99,0.6311772493570809,0.7270365160247244,0,0,1.0102553584247769,0.464887747030177,CLTA
Reactome_2022,TRAF6 Mediated Induction Of NFkB And MAP Kinases Upon TLR7/8 Or 9 Activation R-HSA-975138,1/101,0.6385533074411538,0.7340849046173894,0,0,0.9899497487437184,0.4440420770500481,APP
Reactome_2022,Potassium Channels R-HSA-1296071,1/102,0.642186106799596,0.7351598898651249,0,0,0.9800985123637992,0.4340632175669919,GNB2
Reactome_2022,MyD88 Dependent Cascade Initiated On Endosome R-HSA-975155,1/102,0.642186106799596,0.7351598898651249,0,0,0.9800985123637992,0.4340632175669919,APP
Reactome_2022,Biological Oxidations R-HSA-211859,2/218,0.6435745701424557,0.7351598898651249,0,0,0.915824915824916,0.4036199542746232,MGST3;GSTP1
Reactome_2022,Toll Like Receptor 3 (TLR3) Cascade R-HSA-168164,1/103,0.6457825744876868,0.7351598898651249,0,0,0.9704404374815252,0.4243662317025385,APP
Reactome_2022,Toll Like Receptor 7/8 (TLR7/8) Cascade R-HSA-168181,1/103,0.6457825744876868,0.7351598898651249,0,0,0.9704404374815252,0.4243662317025385,APP
Reactome_2022,Transport Of Inorganic Cations/Anions And Amino Acids/Oligopeptides R-HSA-425393,1/104,0.6493430720264805,0.7363424350746886,0,0,0.9609698980338586,0.4149411183845573,SLC38A2
Reactome_2022,MHC Class II Antigen Presentation R-HSA-2132295,1/104,0.6493430720264805,0.7363424350746886,0,0,0.9609698980338586,0.4149411183845573,CLTA
Reactome_2022,Toll Like Receptor 9 (TLR9) Cascade R-HSA-168138,1/106,0.6563575850020138,0.7428543210100311,0,0,0.9425699928212492,0.3968686613882323,APP
Reactome_2022,MyD88-independent TLR4 Cascade R-HSA-166166,1/107,0.6598123057378238,0.7453198966168066,0,0,0.933630416232104,0.388203405372955,APP
Reactome_2022,Degradation Of Extracellular Matrix R-HSA-1474228,1/109,0.6666184129739804,0.751554349762171,0,0,0.916247906197655,0.3715728772578474,DCN
Reactome_2022,MyD88:MAL(TIRAP) Cascade Initiated On Plasma Membrane R-HSA-166058,1/112,0.6765743473112501,0.7613090921575532,0,0,0.8913486350672281,0.3482614435144341,APP
Reactome_2022,Interleukin-1 Signaling R-HSA-9020702,1/114,0.683046714602197,0.7671140025532367,0,0,0.8754836127540356,0.3337273716848506,APP
Reactome_2022,Neddylation R-HSA-8951664,2/237,0.68829521640713,0.7712717850468215,0,0,0.840962819686224,0.3141310983534803,SOCS3;WSB1
Reactome_2022,Epigenetic Regulation Of Gene Expression R-HSA-212165,1/116,0.6893901914288371,0.7712717850468215,0,0,0.8601704173039109,0.3199385396662478,POLR1D
Reactome_2022,RHO GTPases Activate Formins R-HSA-5663220,1/119,0.6986693101557254,0.7778619326396975,0,0,0.8381739204497062,0.3005505089455322,ACTG1
Reactome_2022,Estrogen-dependent Gene Expression R-HSA-9018519,1/119,0.6986693101557254,0.7778619326396975,0,0,0.8381739204497062,0.3005505089455322,MYC
Reactome_2022,Cell-Cell Communication R-HSA-1500931,1/120,0.701700639474265,0.7778619326396975,0,0,0.8310882141801444,0.294411674622422,DST
Reactome_2022,Glycosaminoglycan Metabolism R-HSA-1630316,1/120,0.701700639474265,0.7778619326396975,0,0,0.8310882141801444,0.294411674622422,DCN
Reactome_2022,HCMV Infection R-HSA-9609646,1/121,0.7047016248848418,0.7778619326396975,0,0,0.8241206030150754,0.2884263820632575,CEBPD
Reactome_2022,Rab Regulation Of Trafficking R-HSA-9007101,1/122,0.7076725687660174,0.7778619326396975,0,0,0.8172681589767017,0.2825898889623316,RAB13
Reactome_2022,Metabolism Of Water-Soluble Vitamins And Cofactors R-HSA-196849,1/122,0.7076725687660174,0.7778619326396975,0,0,0.8172681589767017,0.2825898889623316,CYB5A
Reactome_2022,Transmission Across Chemical Synapses R-HSA-112315,2/246,0.7078260186562699,0.7778619326396975,0,0,0.8095711210465308,0.2797529288928009,GNB2;SLC38A2
Reactome_2022,SLC-mediated Transmembrane Transport R-HSA-425407,2/247,0.7099322090701349,0.7778619326396975,0,0,0.8062255205112348,0.2762014098360295,SLC38A2;SLC25A6
Reactome_2022,Diseases Of Metabolism R-HSA-5668914,2/247,0.7099322090701349,0.7778619326396975,0,0,0.8062255205112348,0.2762014098360295,DCN;APRT
Reactome_2022,Leishmania Infection R-HSA-9658195,2/247,0.7099322090701349,0.7778619326396975,0,0,0.8062255205112348,0.2762014098360295,GNB2;ACTG1
Reactome_2022,Cardiac Conduction R-HSA-5576891,1/126,0.7192618685309876,0.7866084854346381,0,0,0.7909547738693468,0.2606431490060761,FXYD3
Reactome_2022,Autophagy R-HSA-9612973,1/128,0.7248839094130396,0.791275145976103,0,0,0.7784196573418273,0.2504516688872366,EEF1A1
Reactome_2022,G1/S Transition R-HSA-69206,1/129,0.7276527766729426,0.7928157118973852,0,0,0.7722989949748744,0.2455380232172469,MYC
Reactome_2022,ADORA2B Mediated Anti-Inflammatory Cytokine Production R-HSA-9660821,1/131,0.7331076000158043,0.7972715799054557,0,0,0.7603401623502126,0.2360573310794884,GNB2
Reactome_2022,ER To Golgi Anterograde Transport R-HSA-199977,1/133,0.7384537036728938,0.8015928679274534,0,0,0.7487437185929648,0.2270167509014778,CD59
Reactome_2022,Signaling By Hedgehog R-HSA-5358351,1/135,0.743693243928707,0.8055893705286623,0,0,0.7374934373359334,0.2183914504625392,P4HB
Reactome_2022,Factors Involved In Megakaryocyte Development And Platelet Production R-HSA-983231,1/136,0.7462737148219287,0.8055893705286623,0,0,0.7319932998324958,0.2142272351530403,IRF1
Reactome_2022,Late Phase Of HIV Life Cycle R-HSA-162599,1/136,0.7462737148219287,0.8055893705286623,0,0,0.7319932998324958,0.2142272351530403,PPIA
Reactome_2022,Toll Like Receptor 4 (TLR4) Cascade R-HSA-166016,1/140,0.7563396476796467,0.8149489930717965,0,0,0.7107841365098876,0.1984969430102926,APP
Reactome_2022,Diseases Of Glycosylation R-HSA-3781865,1/143,0.76362742236206,0.8212862148424366,0,0,0.6956614056196475,0.1876026814442347,DCN
Reactome_2022,Deubiquitination R-HSA-5688426,2/279,0.770895799027124,0.8271297748627897,0,0,0.7119206505488094,0.1852432233684573,SNX3;MYC
Reactome_2022,Mitotic G1 Phase And G1/S Transition R-HSA-453279,1/147,0.7730081424044016,0.8271297748627897,0,0,0.6764645143525848,0.1741664076420715,MYC
Reactome_2022,G2/M Checkpoints R-HSA-69481,1/148,0.7752948529641656,0.8271297748627897,0,0,0.6718285304071377,0.1709883332727604,REXO2
Reactome_2022,CDC42 GTPase Cycle R-HSA-9013148,1/149,0.777558641095328,0.8271297748627897,0,0,0.6672551948933858,0.1678788815691765,CAV1
Reactome_2022,DNA Double-Strand Break Repair R-HSA-5693532,1/149,0.777558641095328,0.8271297748627897,0,0,0.6672551948933858,0.1678788815691765,UBXN1
Reactome_2022,HIV Life Cycle R-HSA-162587,1/149,0.777558641095328,0.8271297748627897,0,0,0.6672551948933858,0.1678788815691765,PPIA
Reactome_2022,Metabolism Of Carbohydrates R-HSA-71387,2/285,0.7810058444750079,0.8292862057698265,0,0,0.6966127708177178,0.1721836216943668,MDH2;DCN
Reactome_2022,Interleukin-1 Family Signaling R-HSA-446652,1/152,0.7842147458452606,0.8304724032954605,0,0,0.6538986322340178,0.1589447004917271,APP
Reactome_2022,G Alpha (S) Signaling Events R-HSA-418555,1/153,0.7863891079150508,0.8304724032954605,0,0,0.6495636075112404,0.1560924478581284,GNB2
Reactome_2022,Metabolism Of Steroids R-HSA-8957322,1/153,0.7863891079150508,0.8304724032954605,0,0,0.6495636075112404,0.1560924478581284,TSPO
Reactome_2022,S Phase R-HSA-69242,1/161,0.803017144047044,0.8465018269376783,0,0,0.6168341708542714,0.1353205963518587,MYC
Reactome_2022,Toll-like Receptor Cascades R-HSA-168898,1/162,0.8050029422478624,0.8470661590500029,0,0,0.6129716907518962,0.1329592889277211,APP
Reactome_2022,Transport To Golgi And Subsequent Modification R-HSA-948021,1/164,0.8089149773235216,0.8496517028002456,0,0,0.6053889077288281,0.128379657736663,CD59
Reactome_2022,Anti-inflammatory Response Favoring Leishmania Infection R-HSA-9662851,1/165,0.8108416098036432,0.850146319794125,0,0,0.6016668709400662,0.1261590415104338,GNB2
Reactome_2022,Antigen Processing: Ubiquitination And Proteasome Degradation R-HSA-983168,2/307,0.8148115063766237,0.8527776339138858,0,0,0.6456366948170227,0.1322254092178905,SOCS3;WSB1
Reactome_2022,SUMO E3 Ligases SUMOylate Target Proteins R-HSA-3108232,1/168,0.8165063001156674,0.8530226820528618,0,0,0.5907682123190804,0.1197609163547349,HNRNPC
Reactome_2022,G Alpha (I) Signaling Events R-HSA-418594,2/312,0.8218168636483638,0.8570375863761509,0,0,0.6350602802215706,0.1246227702528558,APP;GNB2
Reactome_2022,SUMOylation R-HSA-2990846,1/174,0.8273342321436886,0.8608661917333643,0,0,0.5701048595579051,0.1080613895941531,HNRNPC
Reactome_2022,Ion Channel Transport R-HSA-983712,1/175,0.8290760267785648,0.8608661917333643,0,0,0.5667995148154565,0.1062428389619336,FXYD3
Reactome_2022,MAPK Family Signaling Cascades R-HSA-5683057,2/318,0.8299103868936373,0.8608661917333643,0,0,0.6228103823040532,0.1161152427993131,MYC;HSPB1
Reactome_2022,RAC1 GTPase Cycle R-HSA-9013149,1/178,0.8341972043024418,0.8637786654479185,0,0,0.5571075717570906,0.1009954960513889,CAV1
Reactome_2022,GPCR Ligand Binding R-HSA-500792,3/458,0.8398015942151279,0.8651356431844506,0,0,0.6474591398449266,0.1130396402747082,APP;GPNMB;GNB2
Reactome_2022,G2/M Transition R-HSA-69275,1/182,0.840788699468915,0.8651356431844506,0,0,0.544684749715428,0.0944564512523902,MZT2B
Reactome_2022,Neurotransmitter Receptors And Postsynaptic Signal Transmission R-HSA-112314,1/182,0.840788699468915,0.8651356431844506,0,0,0.544684749715428,0.0944564512523902,GNB2
Reactome_2022,Class A/1 (Rhodopsin-like Receptors) R-HSA-373076,2/327,0.8414332967958356,0.8651356431844506,0,0,0.6052836052836053,0.1045013280272035,APP;GPNMB
Reactome_2022,Mitotic G2-G2/M Phases R-HSA-453274,1/184,0.8439859992638473,0.8662351908085884,0,0,0.5386769915149519,0.0913700535900012,MZT2B
Reactome_2022,Mitotic Prometaphase R-HSA-68877,1/186,0.8471194043176771,0.8679258458272341,0,0,0.5327991307890806,0.0883986330790981,MZT2B
Reactome_2022,Metabolism Of Lipids R-HSA-556833,5/732,0.8604195974924498,0.8800088352637315,0,0,0.672697774485945,0.1011300903319479,CBR1;CAV1;TECR;TSPO;DEGS1
Reactome_2022,Signaling By NOTCH R-HSA-157118,1/203,0.8713466499544589,0.8896266496038532,0,0,0.4875366933678292,0.0671413061317208,MYC
Reactome_2022,Cell Cycle R-HSA-1640170,4/654,0.8959705792593109,0.9116774327956196,0,0,0.6012558869701727,0.0660465776145286,MZT2B;TUBB2A;MYC;REXO2
Reactome_2022,M Phase R-HSA-68886,2/380,0.8960665178504891,0.9116774327956196,0,0,0.518999518999519,0.0569553342315903,MZT2B;TUBB2A
Reactome_2022,"Cell Cycle, Mitotic R-HSA-69278",3/523,0.897703760413224,0.9117547757936048,0,0,0.5646231940648184,0.0609313985364929,MZT2B;TUBB2A;MYC
Reactome_2022,Neuronal System R-HSA-112316,2/386,0.9010106066544562,0.9135246428579904,0,0,0.5107323232323232,0.0532378432609992,GNB2;SLC38A2
Reactome_2022,Mitotic Anaphase R-HSA-68882,1/232,0.9041817280923152,0.9145471694316488,0,0,0.425699928212491,0.0428785878681947,TUBB2A
Reactome_2022,Mitotic Metaphase And Anaphase R-HSA-2555396,1/233,0.9051511368689948,0.9145471694316488,0,0,0.4238433547045572,0.0422374089679661,TUBB2A
Reactome_2022,Chromatin Modifying Enzymes R-HSA-3247509,1/238,0.9098537308828673,0.917710844275638,0,0,0.4147954964696902,0.0391863227484248,RPS2
Reactome_2022,Cell Cycle Checkpoints R-HSA-69620,1/271,0.9355755511631364,0.9420277963435716,0,0,0.3634840871021775,0.0242056326035099,REXO2
Reactome_2022,GPCR Downstream Signaling R-HSA-388396,3/619,0.9493336806505196,0.9542355757313312,0,0,0.4742567077592458,0.024658943973237,APP;GPNMB;GNB2
Reactome_2022,DNA Repair R-HSA-73894,1/310,0.9567174492841332,0.9600051381132884,0,0,0.3169732155925257,0.0140251701108881,UBXN1
Reactome_2022,Signaling By GPCR R-HSA-372790,3/689,0.9703936174707236,0.9720581005195584,0,0,0.4243092450903494,0.0127519772985216,APP;GPNMB;GNB2
Reactome_2022,Sensory Perception R-HSA-9709957,2/616,0.9862139658124416,0.9862139658124416,0,0,0.3156318889217912,0.0043815842239424,GSN;APOE
