Gene_set,Term,Overlap,P-value,Adjusted P-value,Old P-value,Old Adjusted P-value,Odds Ratio,Combined Score,Genes
Reactome_2022,Eukaryotic Translation Elongation R-HSA-156842,25/90,1.4180037197424814e-29,1.1258949534755302e-26,0,0,43.37362637362637,2881.124258755448,RPL30;RPL34;RPS14;RPS16;RPS15A;RPS19;RPL36AL;RPS3;RPLP2;RPS2;RPS27A;RPL19;RPL41;RPL21;RPSA;RPL23A;RPS28;RPS27;EEF1D;RPS29;RPL27A;FAU;RPL28;UBA52;RPS21
Reactome_2022,Peptide Chain Elongation R-HSA-156902,24/86,1.76038290982806e-28,6.988720152017398e-26,0,0,43.41202346041056,2774.325726008358,RPL30;RPL41;RPL21;RPL34;RPSA;RPL23A;RPS14;RPS28;RPS16;RPS15A;RPS27;RPS19;RPL36AL;RPS29;RPL27A;RPS3;RPLP2;RPS2;FAU;RPS27A;RPL28;UBA52;RPS21;RPL19
Reactome_2022,Eukaryotic Translation Termination R-HSA-72764,24/90,6.032647749853923e-28,9.579844626768029e-26,0,0,40.77272727272727,2555.4386974634795,RPL30;RPL41;RPL21;RPL34;RPSA;RPL23A;RPS14;RPS28;RPS16;RPS15A;RPS27;RPS19;RPL36AL;RPS29;RPL27A;RPS3;RPLP2;RPS2;FAU;RPS27A;RPL28;UBA52;RPS21;RPL19
Reactome_2022,Selenocysteine Synthesis R-HSA-2408557,24/90,6.032647749853923e-28,9.579844626768029e-26,0,0,40.77272727272727,2555.4386974634795,RPL30;RPL41;RPL21;RPL34;RPSA;RPL23A;RPS14;RPS28;RPS16;RPS15A;RPS27;RPS19;RPL36AL;RPS29;RPL27A;RPS3;RPLP2;RPS2;FAU;RPS27A;RPL28;UBA52;RPS21;RPL19
Reactome_2022,Viral mRNA Translation R-HSA-192823,24/90,6.032647749853923e-28,9.579844626768029e-26,0,0,40.77272727272727,2555.4386974634795,RPL30;RPL41;RPL21;RPL34;RPSA;RPL23A;RPS14;RPS28;RPS16;RPS15A;RPS27;RPS19;RPL36AL;RPS29;RPL27A;RPS3;RPLP2;RPS2;FAU;RPS27A;RPL28;UBA52;RPS21;RPL19
Reactome_2022,Nonsense Mediated Decay (NMD) Independent Of Exon Junction Complex (EJC) R-HSA-975956,24/92,1.0898681368217896e-27,1.4422588343941683e-25,0,0,39.56951871657754,2456.623743474273,RPL30;RPL41;RPL21;RPL34;RPSA;RPL23A;RPS14;RPS28;RPS16;RPS15A;RPS27;RPS19;RPL36AL;RPS29;RPL27A;RPS3;RPLP2;RPS2;FAU;RPS27A;RPL28;UBA52;RPS21;RPL19
Reactome_2022,Formation Of A Pool Of Free 40S Subunits R-HSA-72689,24/98,5.8849154099698856e-27,5.840778544395112e-25,0,0,36.35012285012285,2195.4530968154845,RPL30;RPL41;RPL21;RPL34;RPSA;RPL23A;RPS14;RPS28;RPS16;RPS27;RPS15A;RPS19;RPL36AL;RPS29;RPL27A;RPS3;RPLP2;RPS2;FAU;RPS27A;RPL28;UBA52;RPS21;RPL19
Reactome_2022,Response Of EIF2AK4 (GCN2) To Amino Acid Deficiency R-HSA-9633012,24/98,5.8849154099698856e-27,5.840778544395112e-25,0,0,36.35012285012285,2195.4530968154845,RPL30;RPL41;RPL21;RPL34;RPSA;RPL23A;RPS14;RPS28;RPS16;RPS27;RPS15A;RPS19;RPL36AL;RPS29;RPL27A;RPS3;RPLP2;RPS2;FAU;RPS27A;RPL28;UBA52;RPS21;RPL19
Reactome_2022,L13a-mediated Translational Silencing Of Ceruloplasmin Expression R-HSA-156827,24/108,7.580716952625172e-26,6.0190892603843875e-24,0,0,32.006493506493506,1851.306943247622,RPL30;RPL41;RPL21;RPL34;RPSA;RPL23A;RPS14;RPS28;RPS16;RPS27;RPS15A;RPS19;RPL36AL;RPS29;RPL27A;RPS3;RPLP2;RPS2;FAU;RPS27A;RPL28;UBA52;RPS21;RPL19
Reactome_2022,SRP-dependent Cotranslational Protein Targeting To Membrane R-HSA-1799339,24/108,7.580716952625172e-26,6.0190892603843875e-24,0,0,32.006493506493506,1851.306943247622,RPL30;RPL41;RPL21;RPL34;RPSA;RPL23A;RPS14;RPS28;RPS16;RPS27;RPS15A;RPS19;RPL36AL;RPS29;RPL27A;RPS3;RPLP2;RPS2;FAU;RPS27A;RPL28;UBA52;RPS21;RPL19
Reactome_2022,GTP Hydrolysis And Joining Of 60S Ribosomal Subunit R-HSA-72706,24/109,9.638823027435038e-26,6.957477712530383e-24,0,0,31.628342245989305,1821.8372171609944,RPL30;RPL41;RPL21;RPL34;RPSA;RPL23A;RPS14;RPS28;RPS16;RPS27;RPS15A;RPS19;RPL36AL;RPS29;RPL27A;RPS3;RPLP2;RPS2;FAU;RPS27A;RPL28;UBA52;RPS21;RPL19
Reactome_2022,Nonsense Mediated Decay (NMD) Enhanced By Exon Junction Complex (EJC) R-HSA-975957,24/112,1.9515268260711295e-25,1.2912602499170642e-23,0,0,30.545454545454547,1737.914648275426,RPL30;RPL41;RPL21;RPL34;RPSA;RPL23A;RPS14;RPS28;RPS16;RPS27;RPS15A;RPS19;RPL36AL;RPS29;RPL27A;RPS3;RPLP2;RPS2;FAU;RPS27A;RPL28;UBA52;RPS21;RPL19
Reactome_2022,Selenoamino Acid Metabolism R-HSA-2408522,24/114,3.0855724905623644e-25,1.8845727365434748e-23,0,0,29.863636363636363,1685.4406274477233,RPL30;RPL41;RPL21;RPL34;RPSA;RPL23A;RPS14;RPS28;RPS16;RPS27;RPS15A;RPS19;RPL36AL;RPS29;RPL27A;RPS3;RPLP2;RPS2;FAU;RPS27A;RPL28;UBA52;RPS21;RPL19
Reactome_2022,Cap-dependent Translation Initiation R-HSA-72737,24/116,4.833614519789382e-25,2.7413499490805503e-23,0,0,29.211462450592887,1635.521528968972,RPL30;RPL41;RPL21;RPL34;RPSA;RPL23A;RPS14;RPS28;RPS16;RPS27;RPS15A;RPS19;RPL36AL;RPS29;RPL27A;RPS3;RPLP2;RPS2;FAU;RPS27A;RPL28;UBA52;RPS21;RPL19
Reactome_2022,Influenza Infection R-HSA-168255,26/157,2.1083371989796003e-24,1.116013157326535e-22,0,0,22.435465473370183,1223.0950362193605,RPL30;RPL34;RPS14;RPS16;RPS15A;RPS19;RPL36AL;RPS3;RPLP2;RPS2;KPNA2;RPS27A;RPL19;RPL41;RPL21;RPSA;ISG15;RPL23A;RPS28;RPS27;RPS29;RPL27A;FAU;RPL28;UBA52;RPS21
Reactome_2022,Signaling By ROBO Receptors R-HSA-376176,28/209,1.397408454109397e-23,6.934639453517882e-22,0,0,17.64525247333933,928.5785479707322,RPL30;RPL34;CXCR4;RPS14;RPS16;RPS15A;RPS19;RPL36AL;UBC;RPS3;RPLP2;RPS2;RPS27A;RPL19;RPL41;RPL21;RPSA;RPL23A;RPS28;RPS27;RPS29;RPL27A;EVL;FAU;PFN1;RPL28;RPS21;UBA52
Reactome_2022,Influenza Viral RNA Transcription And Replication R-HSA-168273,24/137,3.329248122871337e-23,1.5549547115057892e-21,0,0,23.75744167337088,1229.6070344560972,RPL30;RPL41;RPL21;RPL34;RPSA;RPL23A;RPS14;RPS28;RPS16;RPS27;RPS15A;RPS19;RPL36AL;RPS29;RPL27A;RPS3;RPLP2;RPS2;FAU;RPS27A;RPL28;UBA52;RPS21;RPL19
Reactome_2022,Regulation Of Expression Of SLITs And ROBOs R-HSA-9010553,25/167,2.2859191470735055e-22,1.0083443348757575e-20,0,0,19.77665995975855,985.47301959806,RPL30;RPL34;RPS14;RPS16;RPS15A;RPS19;RPL36AL;UBC;RPS3;RPLP2;RPS2;RPS27A;RPL19;RPL41;RPL21;RPSA;RPL23A;RPS28;RPS27;RPS29;RPL27A;FAU;RPL28;UBA52;RPS21
Reactome_2022,Cellular Response To Starvation R-HSA-9711097,24/153,5.214853181828953e-22,2.179259698090626e-20,0,0,20.7938689217759,1019.0110554036316,RPL30;RPL41;RPL21;RPL34;RPSA;RPL23A;RPS14;RPS28;RPS16;RPS27;RPS15A;RPS19;RPL36AL;RPS29;RPL27A;RPS3;RPLP2;RPS2;FAU;RPS27A;RPL28;UBA52;RPS21;RPL19
Reactome_2022,Major Pathway Of rRNA Processing In Nucleolus And Cytosol R-HSA-6791226,24/179,2.413946328444761e-20,9.583366923925705e-19,0,0,17.28299120234604,780.6802993402704,RPL30;RPL41;RPL21;RPL34;RPSA;RPL23A;RPS14;RPS28;RPS16;RPS27;RPS15A;RPS19;RPL36AL;RPS29;RPL27A;RPS3;RPLP2;RPS2;FAU;RPS27A;RPL28;UBA52;RPS21;RPL19
Reactome_2022,rRNA Processing In Nucleus And Cytosol R-HSA-8868773,24/189,8.933979569357758e-20,3.3778951324143147e-18,0,0,16.227272727272727,711.7580387634027,RPL30;RPL41;RPL21;RPL34;RPSA;RPL23A;RPS14;RPS28;RPS16;RPS27;RPS15A;RPS19;RPL36AL;RPS29;RPL27A;RPS3;RPLP2;RPS2;FAU;RPS27A;RPL28;UBA52;RPS21;RPL19
Reactome_2022,Axon Guidance R-HSA-422475,35/519,2.7113154830576414e-19,9.78538406158076e-18,0,0,8.465564738292011,361.91713868243,RPL30;RPL34;CXCR4;MYL12A;RPS14;RPS16;RPS15A;RPS19;RPL36AL;UBC;RPS3;RPLP2;FYN;RPS2;RPS27A;RPL19;HSPA8;RPL41;RPL21;RPSA;RPL23A;RPS28;DOK2;RPS27;PTPRC;ARPC2;RPS29;RPL27A;EVL;FAU;PFN1;EZR;RPL28;RPS21;UBA52
Reactome_2022,rRNA Processing R-HSA-72312,24/199,3.062389340211913e-19,1.0571900591861993e-17,0,0,15.292207792207792,651.9056150746678,RPL30;RPL41;RPL21;RPL34;RPSA;RPL23A;RPS14;RPS28;RPS16;RPS27;RPS15A;RPS19;RPL36AL;RPS29;RPL27A;RPS3;RPLP2;RPS2;FAU;RPS27A;RPL28;UBA52;RPS21;RPL19
Reactome_2022,Nervous System Development R-HSA-9675108,35/545,1.2824464122518956e-18,4.242760213866689e-17,0,0,8.023172905525847,330.5367691345996,RPL30;RPL34;CXCR4;MYL12A;RPS14;RPS16;RPS15A;RPS19;RPL36AL;UBC;RPS3;RPLP2;FYN;RPS2;RPS27A;RPL19;HSPA8;RPL41;RPL21;RPSA;RPL23A;RPS28;DOK2;RPS27;PTPRC;ARPC2;RPS29;RPL27A;EVL;FAU;PFN1;EZR;RPL28;RPS21;UBA52
Reactome_2022,Infectious Disease R-HSA-5663205,44/961,1.1464621711363076e-17,3.6411638555289126e-16,0,0,5.808041830942594,226.5558312053452,PTGER4;RPL30;WIPF1;RPL34;CXCR4;CORO1A;RPS14;GNG2;RPS16;RPS15A;RPS19;RPL36AL;UBC;RPS3;RPLP2;FYN;RPS2;RPS27A;KPNA2;B2M;RPL19;RPL41;RPL21;HLA-B;HLA-C;RPSA;CYBA;ISG15;RPL23A;HLA-A;VPS37B;HLA-E;RPS28;RPS27;ARPC2;RPS29;LCK;RPL27A;FAU;CD247;CALM1;RPL28;RPS21;UBA52
Reactome_2022,Translation R-HSA-72766,25/281,8.529537893755876e-17,2.604789649093141e-15,0,0,10.90625,403.53573677780895,RPL30;RPL34;RPS14;RPS16;RPS15A;RPS19;RPL36AL;RPS3;RPLP2;RPS2;RPS27A;RPL19;RPL41;RPL21;RPSA;RPL23A;RPS28;RPS27;RPS29;EEF1D;RPL27A;FAU;RPL28;RPS21;UBA52
Reactome_2022,Immune System R-HSA-168256,61/1943,1.5042033807575255e-16,4.423472164153612e-15,0,0,4.178158854425493,152.22327119066776,WIPF1;GMFG;ITGB2;ICAM3;SLC2A3;CD3E;CD3D;GLIPR1;FTH1;RAC2;COTL1;KPNA2;B2M;DUSP4;CD53;CD96;TNFRSF18;HLA-B;HLA-C;CYBA;HLA-A;PPP2R5C;TNFRSF1B;HLA-E;BIN2;LCK;EVL;LTB;HCST;UBA52;CD44;BIRC3;KLRB1;IL2RG;SOCS1;CCL5;UBC;FYN;RPS27A;ICOS;MCL1;IL32;CD74;HSPA8;FYB1;TRAT1;IL10RA;SH2D1A;ISG15;BATF;ISG20;PTPRC;ARPC2;REL;CD27;PTPN7;CD247;CALM1;YPEL5;IL7R;CLEC2D
Reactome_2022,SARS-CoV-2 Modulates Host Translation Machinery R-HSA-9754678,13/47,7.043655554443437e-16,1.9973794679386036e-14,0,0,40.414910349166405,1410.045272247415,RPSA;RPS14;RPS28;RPS15A;RPS16;RPS27;RPS19;RPS29;RPS3;RPS2;FAU;RPS27A;RPS21
Reactome_2022,"Formation Of Ternary Complex, And Subsequently, 43S Complex R-HSA-72695",13/50,1.7309198464664664e-15,4.7391391658426695e-14,0,0,37.13238907356554,1262.1344876587275,RPSA;RPS14;RPS28;RPS16;RPS15A;RPS27;RPS19;RPS29;RPS3;RPS2;FAU;RPS27A;RPS21
Reactome_2022,Disease R-HSA-1643685,55/1736,5.192722258733034e-15,1.3743404911446765e-13,0,0,4.088473609715071,134.47610461539352,RPL30;WIPF1;RPL34;RPS14;RPS16;CCND2;RPS19;RPL36AL;RAC2;RPLP2;KPNA2;B2M;H3-3B;RPL21;TPM3;HLA-B;HLA-C;RPSA;CYBA;HLA-A;VPS37B;PPP2R5C;HLA-E;EML4;BIN2;LCK;RPL28;UBA52;PTGER4;CXCR4;CORO1A;GNG2;RPS15A;UBC;RPS3;FYN;RPS2;RPS27A;ICOS;RPL19;H2AZ1;H2AZ2;RPL41;TRAT1;ISG15;RPL23A;RPS28;RPS27;ARPC2;RPS29;RPL27A;FAU;CD247;CALM1;RPS21
Reactome_2022,SARS-CoV-2-host Interactions R-HSA-9705683,20/196,8.71561707312505e-15,2.2323225664713842e-13,0,0,12.38888888888889,401.07367558361744,HLA-B;HLA-C;RPSA;ISG15;HLA-A;HLA-E;RPS14;RPS28;RPS16;RPS27;RPS15A;RPS19;RPS29;RPS3;RPS2;FAU;RPS27A;KPNA2;B2M;RPS21
Reactome_2022,Ribosomal Scanning And Start Codon Recognition R-HSA-72702,13/57,1.1235208416721356e-14,2.7032592372353813e-13,0,0,31.21390374331551,1002.5819712869596,RPSA;RPS14;RPS28;RPS16;RPS15A;RPS27;RPS19;RPS29;RPS3;RPS2;FAU;RPS27A;RPS21
Reactome_2022,Translation Initiation Complex Formation R-HSA-72649,13/57,1.1235208416721356e-14,2.7032592372353813e-13,0,0,31.21390374331551,1002.5819712869596,RPSA;RPS14;RPS28;RPS16;RPS15A;RPS27;RPS19;RPS29;RPS3;RPS2;FAU;RPS27A;RPS21
Reactome_2022,"mRNA Activation Upon Binding Of Cap-Binding Complex And eIFs, Subsequent Binding To 43S R-HSA-72662",13/58,1.4355231543223732e-14,3.352368778035189e-13,0,0,30.518716577540108,972.7737741079668,RPSA;RPS14;RPS28;RPS16;RPS15A;RPS27;RPS19;RPS29;RPS3;RPS2;FAU;RPS27A;RPS21
Reactome_2022,Metabolism Of Amino Acids And Derivatives R-HSA-71291,25/364,3.5019780783580094e-14,7.944487412046456e-13,0,0,8.201011378002528,254.0908146745643,RPL30;RPL34;OAZ1;RPS14;RPS16;RPS15A;RPS19;RPL36AL;RPS3;RPLP2;RPS2;RPS27A;RPL19;RPL41;RPL21;RPSA;RPL23A;RPS28;RPS27;RPS29;RPL27A;FAU;RPL28;RPS21;UBA52
Reactome_2022,SARS-CoV-2 Infection R-HSA-9694516,22/283,1.0836023118212537e-13,2.3899450988502096e-12,0,0,9.252615265401008,276.22124035161306,HLA-B;HLA-C;RPSA;ISG15;HLA-A;HLA-E;RPS14;RPS28;RPS27;RPS16;RPS15A;RPS19;RPS29;UBC;RPS3;FAU;RPS2;RPS27A;KPNA2;B2M;RPS21;UBA52
Reactome_2022,Immunoregulatory Interactions Between A Lymphoid And A non-Lymphoid Cell R-HSA-198933,15/123,1.6038771749771926e-12,3.441833721437543e-11,0,0,14.783783783783784,401.5068286335162,CD96;KLRB1;SH2D1A;ITGB2;HLA-B;ICAM3;HLA-C;HLA-A;CD3E;CD3D;HLA-E;CD247;B2M;HCST;CLEC2D
Reactome_2022,Cytokine Signaling In Immune System R-HSA-1280215,31/702,3.489760331240312e-12,7.291762376328441e-11,0,0,5.22931419148317,137.95552108456047,ITGB2;IL2RG;SOCS1;CCL5;UBC;FYN;RPS27A;KPNA2;B2M;MCL1;DUSP4;IL32;HSPA8;IL10RA;TNFRSF18;HLA-B;HLA-C;ISG15;HLA-A;TNFRSF1B;HLA-E;BATF;ISG20;LCK;CD27;PTPN7;LTB;IL7R;UBA52;CD44;BIRC3
Reactome_2022,Metabolism Of RNA R-HSA-8953854,30/666,4.939188617179494e-12,1.0055681441129534e-10,0,0,5.317425083240844,138.43288772386708,RPL30;RPL34;RPS14;RPS16;RPS15A;RPS19;RPL36AL;UBC;RPS3;RPLP2;RPS2;RPS27A;RPL19;HSPA8;RPL41;CNOT6L;RPL21;RPSA;RPL23A;RPS28;RPS27;RPS29;RPL27A;SRSF2;FAU;RPL28;RPS21;SRSF7;UBA52;CD44
Reactome_2022,Cellular Responses To Stress R-HSA-2262752,31/722,7.174152532014192e-12,1.4240692776048172e-10,0,0,5.072650048381987,130.16692159275496,RPL30;RPL34;HERPUD1;RPS14;RPS16;RPS15A;RPS19;RPL36AL;UBC;RPS3;RPLP2;RPS2;RPS27A;RPL19;H3-3B;H2AZ1;H2AZ2;HSPA8;RPL41;RPL21;RPSA;CYBA;RPL23A;RPS28;RPS27;RPS29;RPL27A;FAU;RPL28;RPS21;UBA52
Reactome_2022,Developmental Biology R-HSA-1266738,38/1073,7.759799729953454e-12,1.5027514598983028e-10,0,0,4.252818035426731,108.79586567206783,RPL30;RPL34;CXCR4;MYL12A;RPS14;RPS16;RPS15A;RPS19;RPL36AL;UBC;RPS3;RPLP2;FYN;RPS2;RPS27A;RPL19;H3-3B;H2AZ1;H2AZ2;HSPA8;RPL41;RPL21;RPSA;RPL23A;RPS28;DOK2;RPS27;PTPRC;ARPC2;RPS29;RPL27A;EVL;FAU;PFN1;EZR;RPL28;RPS21;UBA52
Reactome_2022,Adaptive Immune System R-HSA-1280218,31/733,1.0549901423814127e-11,1.9944337453591471e-10,0,0,4.990289789106357,126.12909834484172,KLRB1;ITGB2;ICAM3;CD3E;CD3D;SOCS1;UBC;FYN;RPS27A;ICOS;B2M;CD74;CD96;FYB1;TRAT1;SH2D1A;HLA-B;HLA-C;CYBA;HLA-A;PPP2R5C;HLA-E;PTPRC;LCK;REL;EVL;CD247;CALM1;HCST;UBA52;CLEC2D
Reactome_2022,Cellular Responses To Stimuli R-HSA-8953897,31/736,1.1704920407483043e-11,2.1613271636143109e-10,0,0,4.96827395190734,125.0564823430306,RPL30;RPL34;HERPUD1;RPS14;RPS16;RPS15A;RPS19;RPL36AL;UBC;RPS3;RPLP2;RPS2;RPS27A;RPL19;H3-3B;H2AZ1;H2AZ2;HSPA8;RPL41;RPL21;RPSA;CYBA;RPL23A;RPS28;RPS27;RPS29;RPL27A;FAU;RPL28;RPS21;UBA52
Reactome_2022,SARS-CoV Infections R-HSA-9679506,22/369,2.15848465520666e-11,3.8950836732592904e-10,0,0,6.928828157886215,170.16529579480823,HLA-B;HLA-C;RPSA;ISG15;HLA-A;HLA-E;RPS14;RPS28;RPS27;RPS16;RPS15A;RPS19;RPS29;UBC;RPS3;FAU;RPS2;RPS27A;KPNA2;B2M;RPS21;UBA52
Reactome_2022,Innate Immune System R-HSA-168249,34/1035,8.321046735674328e-10,1.4682024684723149e-08,0,0,3.846551039322124,80.42008442502078,WIPF1;GMFG;ITGB2;ICAM3;SLC2A3;GLIPR1;SOCS1;FTH1;UBC;RAC2;COTL1;FYN;RPS27A;B2M;DUSP4;CD53;HSPA8;HLA-B;HLA-C;CYBA;ISG15;HLA-A;TNFRSF1B;HLA-E;PTPRC;BIN2;ARPC2;LCK;CD247;CALM1;YPEL5;UBA52;CD44;BIRC3
Reactome_2022,TCR Signaling R-HSA-202403,11/116,2.39012508672424e-08,4.1255637366501e-07,0,0,10.916855631141344,191.5835570742642,FYB1;PTPRC;LCK;TRAT1;UBC;EVL;CD247;CD3E;RPS27A;UBA52;CD3D
Reactome_2022,Endosomal/Vacuolar Pathway R-HSA-1236977,5/11,4.1847168846753544e-08,7.069500439217513e-07,0,0,84.58974358974359,1437.1155985372875,HLA-B;HLA-C;HLA-A;B2M;HLA-E
Reactome_2022,Interferon Signaling R-HSA-913531,13/200,1.1646241483657273e-07,1.926482445421641e-06,0,0,7.291286568103177,116.41047380303488,HLA-B;HLA-C;ISG15;HLA-A;HLA-E;ISG20;SOCS1;UBC;RPS27A;KPNA2;B2M;UBA52;CD44
Reactome_2022,Negative Regulation Of MAPK Pathway R-HSA-5675221,7/41,1.517309196504978e-07,2.4586602082141887e-06,0,0,21.085339835416036,331.06423432395894,DUSP4;DUSP2;UBC;PPP2R5C;PTPN7;RPS27A;UBA52
Reactome_2022,Modulation By Mtb Of Host Immune System R-HSA-9637628,4/7,3.317359540687939e-07,5.267966950612448e-06,0,0,134.6734693877551,2009.18359177183,UBC;RPS27A;B2M;UBA52
Reactome_2022,Signaling By Rho GTPases R-HSA-194315,22/644,5.478677630253132e-07,8.529549094943111e-06,0,0,3.810795187687416,54.94111789652865,H2AZ1;IL32;H2AZ2;PRPF38B;FNBP1;TPM3;WIPF1;RHOH;CYBA;PPP2R5C;FMNL1;RPS27;ARPC2;LCK;ARHGDIB;TAGAP;RAC2;EVL;PFN1;CALM1;CDC42SE2;H3-3B
Reactome_2022,Signal Transduction R-HSA-162582,50/2465,6.157141107393813e-07,9.401480844751323e-06,0,0,2.399585921325052,34.31523788391846,WIPF1;GPR65;IKZF1;RGS1;ARHGDIB;TAGAP;RAC2;PDE4B;KPNA2;GPSM3;H3-3B;DUSP4;DUSP2;CNOT6L;FNBP1;TPM3;RHOH;CYBA;PPP2R5C;RUNX3;ARL4C;LCK;EVL;PFN1;UBA52;ARF6;BIRC3;PTGER4;CXCR4;IL2RG;STK4;GNG2;SOCS1;CCL5;UBC;FYN;RPS27A;ICOS;H2AZ1;IL32;H2AZ2;PRPF38B;TRAT1;FMNL1;RPS27;ARPC2;GPR183;PTPN7;CALM1;CDC42SE2
Reactome_2022,Generation Of Second Messenger Molecules R-HSA-202433,6/32,6.768359921174452e-07,1.0139769391344368e-05,0,0,23.5218080888184,334.1469681320765,FYB1;LCK;EVL;CD247;CD3E;CD3D
Reactome_2022,Signaling By Interleukins R-HSA-449147,18/453,7.438009960495921e-07,1.093662946043289e-05,0,0,4.402804092459265,62.13013612100126,DUSP4;IL32;HSPA8;IL10RA;ITGB2;IL2RG;TNFRSF1B;BATF;SOCS1;LCK;CCL5;UBC;FYN;PTPN7;RPS27A;IL7R;UBA52;MCL1
Reactome_2022,"Signaling By Rho GTPases, Miro GTPases And RHOBTB3 R-HSA-9716542",22/660,8.251391442044351e-07,1.1912008736333116e-05,0,0,3.7121270825261528,51.998413780526576,H2AZ1;IL32;H2AZ2;PRPF38B;FNBP1;TPM3;WIPF1;RHOH;CYBA;PPP2R5C;FMNL1;RPS27;ARPC2;LCK;ARHGDIB;TAGAP;RAC2;EVL;PFN1;CALM1;CDC42SE2;H3-3B
Reactome_2022,Antigen processing-Cross Presentation R-HSA-1236975,9/104,1.0112141473736505e-06,1.4337572018119256e-05,0,0,9.773766877927804,134.9205850350101,UBC;HLA-B;HLA-C;CYBA;HLA-A;RPS27A;B2M;UBA52;HLA-E
Reactome_2022,Prevention Of Phagosomal-Lysosomal Fusion R-HSA-9636383,4/9,1.1756320457022156e-06,1.6234487865024503e-05,0,0,80.79591836734694,1103.1636058086635,UBC;RPS27A;CORO1A;UBA52
Reactome_2022,Neutrophil Degranulation R-HSA-6798695,18/468,1.185894579560984e-06,1.6234487865024503e-05,0,0,4.252747252747253,58.02879218193954,CD53;HSPA8;GMFG;ITGB2;HLA-B;HLA-C;CYBA;SLC2A3;HLA-A;TNFRSF1B;GLIPR1;PTPRC;BIN2;FTH1;COTL1;YPEL5;B2M;CD44
Reactome_2022,Phosphorylation Of CD3 And TCR Zeta Chains R-HSA-202427,5/20,1.3051359438883009e-06,1.756403287198832e-05,0,0,33.82051282051282,458.2410056420293,PTPRC;LCK;CD247;CD3E;CD3D
Reactome_2022,ER-Phagosome Pathway R-HSA-1236974,8/89,3.0702849409232287e-06,4.063010405155072e-05,0,0,10.14351851851852,128.75918864635142,UBC;HLA-B;HLA-C;HLA-A;RPS27A;B2M;UBA52;HLA-E
Reactome_2022,RHO GTPase Effectors R-HSA-195258,13/269,3.338046662806427e-06,4.3449328692923e-05,0,0,5.307319518716578,66.92596123797438,H2AZ1;H2AZ2;WIPF1;CYBA;PPP2R5C;FMNL1;RPS27;ARPC2;RAC2;EVL;PFN1;CALM1;H3-3B
Reactome_2022,DAP12 Interactions R-HSA-2172127,6/43,4.155483667201026e-06,5.321700051221959e-05,0,0,16.5196433546949,204.6962509645269,LCK;HLA-B;HLA-C;FYN;B2M;HLA-E
Reactome_2022,Downstream TCR Signaling R-HSA-202424,8/94,4.63731269198069e-06,5.844486154655028e-05,0,0,9.551356589147288,117.30379700358112,LCK;TRAT1;UBC;CD247;CD3E;RPS27A;CD3D;UBA52
Reactome_2022,Costimulation By CD28 Family R-HSA-388841,7/68,5.209173903879142e-06,6.442129772602962e-05,0,0,11.736430816274526,142.7747286438201,LCK;FYN;PPP2R5C;CD247;CD3E;ICOS;CD3D
Reactome_2022,Infection With Mycobacterium Tuberculosis R-HSA-9635486,5/26,5.273783818881518e-06,6.442129772602962e-05,0,0,24.15018315018315,293.4914392101124,UBC;RPS27A;CORO1A;B2M;UBA52
Reactome_2022,Role Of Nef In HIV-1 Replication And Disease Pathogenesis R-HSA-164952,5/27,6.420000268513295e-06,7.66145836375895e-05,0,0,23.05128205128205,275.60325810758144,LCK;FYN;HLA-A;CD247;B2M
Reactome_2022,Suppression Of Phagosomal Maturation R-HSA-9637687,4/13,6.464958568914984e-06,7.66145836375895e-05,0,0,44.87755102040816,536.2469711319385,UBC;RPS27A;CORO1A;UBA52
Reactome_2022,TNFR2 Non-Canonical NF-kB Pathway R-HSA-5668541,8/100,7.36601339161234e-06,8.600903871970879e-05,0,0,8.92572463768116,105.48987198054958,TNFRSF18;UBC;CD27;LTB;TNFRSF1B;RPS27A;UBA52;BIRC3
Reactome_2022,Interferon Alpha/Beta Signaling R-HSA-909733,7/72,7.65311132295012e-06,8.793464249523199e-05,0,0,11.011956954962136,129.72523881491503,ISG20;SOCS1;HLA-B;HLA-C;ISG15;HLA-A;HLA-E
Reactome_2022,"Antigen Presentation: Folding, Assembly, Peptide Loading Of Class I MHC R-HSA-983170",5/28,7.75242440134287e-06,8.793464249523199e-05,0,0,22.0479375696767,259.44921421372527,HLA-B;HLA-C;HLA-A;B2M;HLA-E
Reactome_2022,Membrane Binding And Targetting Of GAG Proteins R-HSA-174490,4/15,1.2150001455530944e-05,0.00013587466416466998,0,0,36.71428571428572,415.5389408534144,UBC;VPS37B;RPS27A;UBA52
Reactome_2022,Late Endosomal Microautophagy R-HSA-9615710,5/31,1.3080212433165224e-05,0.00014424567599907205,0,0,19.500986193293887,219.27708359619595,HSPA8;UBC;VPS37B;RPS27A;UBA52
Reactome_2022,Clathrin-mediated Endocytosis R-HSA-8856828,9/142,1.3264126160881093e-05,0.0001442700845443779,0,0,6.967799078848955,78.25150138386695,HSPA8;ARPC2;FNBP1;UBC;IL7R;RPS27A;UBA52;CD3D;ARF6
Reactome_2022,Hemostasis R-HSA-109582,18/576,2.063552889736316e-05,0.00022078386150402695,0,0,3.410492733073378,36.79408810918473,SRGN;CD74;ITGB2;CTSW;PPP2R5C;TUBA4A;CD2;DOK2;GNG2;LCK;TMSB4X;RAC2;CD48;FYN;PFN1;CALM1;CD44;H3-3B
Reactome_2022,Translocation Of ZAP-70 To Immunological Synapse R-HSA-202430,4/17,2.085489875667761e-05,0.00022078386150402695,0,0,31.06279434850864,334.7923648041761,LCK;CD247;CD3E;CD3D
Reactome_2022,Metabolism Of Proteins R-HSA-392499,38/1890,2.313702880256819e-05,0.00024172106406893608,0,0,2.273231474815348,24.264646085551707,RPL30;RPL34;RPS14;GNG2;RPS16;RPS15A;RPS19;RPL36AL;UBC;RPS3;RPLP2;RPS2;RPS27A;B2M;RPL19;H3-3B;H2AZ1;CD52;HSPA8;RPL41;RPL21;HLA-B;RPSA;RPL23A;HLA-A;TUBA4A;NR4A2;RPS28;RPS27;RPS29;EEF1D;RPL27A;FAU;CALM1;RPL28;RPS21;UBA52;BIRC3
Reactome_2022,Assembly Of HIV Virion R-HSA-175474,4/18,2.660404294293577e-05,0.0002743325986583247,0,0,28.84256559766764,303.8404891137544,UBC;VPS37B;RPS27A;UBA52
Reactome_2022,Interferon Gamma Signaling R-HSA-877300,7/89,3.102233446486186e-05,0.00031579145596282457,0,0,8.721470997093391,90.53587356683563,SOCS1;HLA-B;HLA-C;HLA-A;B2M;CD44;HLA-E
Reactome_2022,FLT3 Signaling R-HSA-9607240,5/37,3.19622618683464e-05,0.0003212409610565449,0,0,15.83974358974359,163.95646784574072,LCK;UBC;FYN;RPS27A;UBA52
Reactome_2022,"TICAM1, RIP1-mediated IKK Complex Recruitment R-HSA-168927",4/19,3.343535939158139e-05,0.0003281183806784353,0,0,26.918367346938776,277.4179092680899,UBC;RPS27A;UBA52;BIRC3
Reactome_2022,FLT3 Signaling By CBL Mutants R-HSA-9706377,3/7,3.3473033797170354e-05,0.0003281183806784353,0,0,75.36548223350253,776.6239908457204,UBC;RPS27A;UBA52
Reactome_2022,Chaperone Mediated Autophagy R-HSA-9613829,4/20,4.146798801190002e-05,0.0004015314936762026,0,0,25.23469387755102,254.6329194525256,HSPA8;UBC;RPS27A;UBA52
Reactome_2022,Signaling By WNT R-HSA-195721,12/294,4.268146599972169e-05,0.0004083022169130002,0,0,4.417836124943413,44.451144002281936,H2AZ1;H2AZ2;GNG2;UBC;RAC2;PPP2R5C;PFN1;CALM1;RPS27A;RUNX3;UBA52;H3-3B
Reactome_2022,Host Interactions Of HIV Factors R-HSA-162909,8/130,4.98102004066244e-05,0.0004708249895578544,0,0,6.720628415300546,66.58321985047465,LCK;UBC;FYN;HLA-A;CD247;RPS27A;B2M;UBA52
Reactome_2022,PD-1 Signaling R-HSA-389948,4/21,5.082545165940558e-05,0.0004747695131478592,0,0,23.74909963985594,234.8100391955592,LCK;CD247;CD3E;CD3D
Reactome_2022,InlA-mediated Entry Of Listeria Monocytogenes Into Host Cells R-HSA-8876493,3/8,5.316209909646768e-05,0.0004796671213931288,0,0,60.28934010152284,593.3776232841345,UBC;RPS27A;UBA52
Reactome_2022,Myoclonic Epilepsy Of Lafora R-HSA-3785653,3/8,5.316209909646768e-05,0.0004796671213931288,0,0,60.28934010152284,593.3776232841345,UBC;RPS27A;UBA52
Reactome_2022,Nef And Signal Transduction R-HSA-164944,3/8,5.316209909646768e-05,0.0004796671213931288,0,0,60.28934010152284,593.3776232841345,LCK;FYN;CD247
Reactome_2022,Response Of Mtb To Phagocytosis R-HSA-9637690,4/22,6.16354107697523e-05,0.000544921966722916,0,0,22.428571428571427,217.428716911634,UBC;RPS27A;CORO1A;UBA52
Reactome_2022,Cell Surface Interactions At Vascular Wall R-HSA-202733,8/134,6.176697355801314e-05,0.000544921966722916,0,0,6.505952380952381,63.05661266107119,CD2;CD74;DOK2;LCK;ITGB2;CD48;FYN;CD44
Reactome_2022,Intracellular Signaling By Second Messengers R-HSA-9006925,12/306,6.272311581217302e-05,0.0005472764170864326,0,0,4.234910985670864,40.98030406666992,CNOT6L;LCK;TRAT1;UBC;RAC2;FYN;PPP2R5C;CALM1;RPS27A;ICOS;KPNA2;UBA52
Reactome_2022,IKK Complex Recruitment Mediated By RIP1 R-HSA-937041,4/23,7.4029424621569e-05,0.0006389061211904977,0,0,21.24704618689581,202.0816743097091,UBC;RPS27A;UBA52;BIRC3
Reactome_2022,Downregulation Of ERBB4 Signaling R-HSA-1253288,3/9,7.91555905106562e-05,0.0006615740933206424,0,0,50.23857868020305,474.45791686900793,UBC;RPS27A;UBA52
Reactome_2022,PTK6 Regulates RTKs And Their Effectors AKT1 And DOK1 R-HSA-8849469,3/9,7.91555905106562e-05,0.0006615740933206424,0,0,50.23857868020305,474.45791686900793,UBC;RPS27A;UBA52
Reactome_2022,Regulation Of PTEN Localization R-HSA-8948747,3/9,7.91555905106562e-05,0.0006615740933206424,0,0,50.23857868020305,474.45791686900793,UBC;RPS27A;UBA52
Reactome_2022,Glycogen Metabolism R-HSA-8982491,4/24,8.814271911404375e-05,0.0007290137393390703,0,0,20.18367346938776,188.4459421090328,UBC;CALM1;RPS27A;UBA52
Reactome_2022,Interleukin-4 And Interleukin-13 Signaling R-HSA-6785807,7/107,0.00010092163999813964,0.0008261008469950812,0,0,7.1450777202072535,65.74304750012564,HSPA8;SOCS1;ITGB2;TNFRSF1B;IL2RG;MCL1;BATF
Reactome_2022,Inactivation Of CSF3 (G-CSF) Signaling R-HSA-9705462,4/25,0.00010411396073230693,0.0008435355594025683,0,0,19.221574344023324,176.26230732641343,SOCS1;UBC;RPS27A;UBA52
Reactome_2022,HIV Infection R-HSA-162906,10/229,0.00010751390696483657,0.0008622832538391943,0,0,4.705839942321557,43.00144940534465,LCK;UBC;CXCR4;FYN;HLA-A;VPS37B;CD247;RPS27A;B2M;UBA52
Reactome_2022,IRAK2 Mediated Activation Of TAK1 Complex R-HSA-937042,3/10,0.00011224655254723088,0.0008912376272250134,0,0,43.059463379260336,391.61775629527256,UBC;RPS27A;UBA52
Reactome_2022,Amyloid Fiber Formation R-HSA-977225,6/79,0.00014059568000422912,0.0011052769299342,0,0,8.357717836463776,74.12980053694949,H2AZ1;UBC;RPS27A;B2M;UBA52;H3-3B
Reactome_2022,Alpha-protein Kinase 1 Signaling Pathway R-HSA-9645460,3/11,0.00015320271943439296,0.0011585043736276,0,0,37.6751269035533,330.92884130781977,UBC;RPS27A;UBA52
Reactome_2022,Pexophagy R-HSA-9664873,3/11,0.00015320271943439296,0.0011585043736276,0,0,37.6751269035533,330.92884130781977,UBC;RPS27A;UBA52
Reactome_2022,Regulation Of BACH1 Activity R-HSA-9708530,3/11,0.00015320271943439296,0.0011585043736276,0,0,37.6751269035533,330.92884130781977,UBC;RPS27A;UBA52
Reactome_2022,"TICAM1,TRAF6-dependent Induction Of TAK1 Complex R-HSA-9014325",3/11,0.00015320271943439296,0.0011585043736276,0,0,37.6751269035533,330.92884130781977,UBC;RPS27A;UBA52
Reactome_2022,Senescence-Associated Secretory Phenotype (SASP) R-HSA-2559582,6/81,0.00016146440379841284,0.0012094597793956,0,0,8.1340206185567,71.01997108520867,H2AZ1;H2AZ2;UBC;RPS27A;UBA52;H3-3B
Reactome_2022,DAP12 Signaling R-HSA-2424491,4/28,0.00016460907121433117,0.0012214916125624,0,0,16.816326530612244,146.50278000651662,LCK;FYN;B2M;HLA-E
Reactome_2022,Budding And Maturation Of HIV Virion R-HSA-162588,4/29,0.00018946001545207968,0.0013801032318252,0,0,16.142857142857142,138.36579697475634,UBC;VPS37B;RPS27A;UBA52
Reactome_2022,Regulation Of Necroptotic Cell Death R-HSA-5675482,4/29,0.00018946001545207968,0.0013801032318252,0,0,16.142857142857142,138.36579697475634,UBC;RPS27A;UBA52;BIRC3
Reactome_2022,Josephin Domain DUBs R-HSA-5689877,3/12,0.00020276702349047895,0.0014504235734363,0,0,33.48730964467005,284.75776049641166,UBC;RPS27A;UBA52
Reactome_2022,TICAM1-dependent Activation Of IRF3/IRF7 R-HSA-9013973,3/12,0.00020276702349047895,0.0014504235734363,0,0,33.48730964467005,284.75776049641166,UBC;RPS27A;UBA52
Reactome_2022,Endosomal Sorting Complex Required For Transport (ESCRT) R-HSA-917729,4/30,0.00021690636844734663,0.0015134381123553,0,0,15.521193092621663,130.93747995826848,UBC;VPS37B;RPS27A;UBA52
Reactome_2022,Signaling By CSF3 (G-CSF) R-HSA-9674555,4/30,0.00021690636844734663,0.0015134381123553,0,0,15.521193092621663,130.93747995826848,SOCS1;UBC;RPS27A;UBA52
Reactome_2022,SARS-CoV-2 Activates/Modulates Innate And Adaptive Immune Responses R-HSA-9705671,7/121,0.00021729464081676931,0.0015134381123553,0,0,6.2631578947368425,52.82507914206596,HLA-B;HLA-C;ISG15;HLA-A;KPNA2;B2M;HLA-E
Reactome_2022,E3 Ubiquitin Ligases Ubiquitinate Target Proteins R-HSA-8866654,5/56,0.00024017285785957223,0.0016582369490478,0,0,9.929110105580694,82.75070939715789,UBC;HLA-B;HLA-A;RPS27A;UBA52
Reactome_2022,RIPK1-mediated Regulated Necrosis R-HSA-5213460,4/31,0.00024710303456243254,0.0016913776676083,0,0,14.945578231292515,124.13356629968176,UBC;RPS27A;UBA52;BIRC3
Reactome_2022,"Platelet Activation, Signaling And Aggregation R-HSA-76002",10/254,0.00024930655181640927,0.0016918752319848,0,0,4.218291630716134,34.998437105945946,SRGN;GNG2;LCK;TMSB4X;RAC2;CTSW;FYN;PFN1;CALM1;TUBA4A
Reactome_2022,Downregulation Of ERBB2:ERBB3 Signaling R-HSA-1358803,3/13,0.00026165809515097364,0.0017169960954534,0,0,30.13705583756345,248.5846578261998,UBC;RPS27A;UBA52
Reactome_2022,Glycogen Synthesis R-HSA-3322077,3/13,0.00026165809515097364,0.0017169960954534,0,0,30.13705583756345,248.5846578261998,UBC;RPS27A;UBA52
Reactome_2022,NF-kB Is Activated And Signals Survival R-HSA-209560,3/13,0.00026165809515097364,0.0017169960954534,0,0,30.13705583756345,248.5846578261998,UBC;RPS27A;UBA52
Reactome_2022,p75NTR Recruits Signaling Complexes R-HSA-209543,3/13,0.00026165809515097364,0.0017169960954534,0,0,30.13705583756345,248.5846578261998,UBC;RPS27A;UBA52
Reactome_2022,Termination Of Translesion DNA Synthesis R-HSA-5656169,4/32,0.0002802069439193893,0.0018236419137048,0,0,14.411078717201166,117.88236655881762,UBC;ISG15;RPS27A;UBA52
Reactome_2022,Oxidative Stress Induced Senescence R-HSA-2559580,6/93,0.0003434688414948694,0.0022171891068855,0,0,7.007820831852115,55.89728130909484,H2AZ1;H2AZ2;UBC;RPS27A;UBA52;H3-3B
Reactome_2022,Diseases Of Signal Transduction By Growth Factor Receptors And Second Messengers R-HSA-5663202,13/424,0.0003582032187579648,0.002293656094305,0,0,3.2795581404426404,26.0213591755224,TPM3;TRAT1;PPP2R5C;EML4;BIN2;LCK;UBC;RAC2;FYN;CALM1;RPS27A;ICOS;UBA52
Reactome_2022,PIP3 Activates AKT Signaling R-HSA-1257604,10/268,0.000381638168212173,0.0024241656444837,0,0,3.9865361077111374,31.378175605013187,CNOT6L;LCK;TRAT1;UBC;RAC2;FYN;PPP2R5C;RPS27A;ICOS;UBA52
Reactome_2022,Negative Regulators Of DDX58/IFIH1 Signaling R-HSA-936440,4/35,0.000398558082417591,0.0024487228463654,0,0,13.014483212639895,101.8729147560068,UBC;ISG15;RPS27A;UBA52
Reactome_2022,Regulation Of TNFR1 Signaling R-HSA-5357905,4/35,0.000398558082417591,0.0024487228463654,0,0,13.014483212639895,101.8729147560068,UBC;RPS27A;UBA52;BIRC3
Reactome_2022,Constitutive Signaling By NOTCH1 HD Domain Mutants R-HSA-2691232,3/15,0.00041017649693527065,0.0024487228463654,0,0,25.111675126903556,195.84402098106767,UBC;RPS27A;UBA52
Reactome_2022,Glycogen Storage Diseases R-HSA-3229121,3/15,0.00041017649693527065,0.0024487228463654,0,0,25.111675126903556,195.84402098106767,UBC;RPS27A;UBA52
Reactome_2022,IRAK2 Mediated Activation Of TAK1 Complex Upon TLR7/8 Or 9 Stimulation R-HSA-975163,3/15,0.00041017649693527065,0.0024487228463654,0,0,25.111675126903556,195.84402098106767,UBC;RPS27A;UBA52
Reactome_2022,InlB-mediated Entry Of Listeria Monocytogenes Into Host Cell R-HSA-8875360,3/15,0.00041017649693527065,0.0024487228463654,0,0,25.111675126903556,195.84402098106767,UBC;RPS27A;UBA52
Reactome_2022,Negative Regulation Of FLT3 R-HSA-9706369,3/15,0.00041017649693527065,0.0024487228463654,0,0,25.111675126903556,195.84402098106767,UBC;RPS27A;UBA52
Reactome_2022,Regulation Of Innate Immune Responses To Cytosolic DNA R-HSA-3134975,3/15,0.00041017649693527065,0.0024487228463654,0,0,25.111675126903556,195.84402098106767,UBC;RPS27A;UBA52
Reactome_2022,RAF/MAP Kinase Cascade R-HSA-5673001,10/271,0.00041652475985696005,0.002468064621839,0,0,3.94010889292196,30.668092298811267,DUSP4;DUSP2;UBC;FYN;PTPN7;PPP2R5C;CALM1;IL2RG;RPS27A;UBA52
Reactome_2022,Regulation Of TP53 Degradation R-HSA-6804757,4/36,0.0004448946011773135,0.0026166393580354,0,0,12.607142857142858,97.2978079915696,UBC;PPP2R5C;RPS27A;UBA52
Reactome_2022,RUNX1 Regulates Transcription Of Genes Involved In Differentiation Of HSCs R-HSA-8939236,6/98,0.0004551605159281598,0.0026573341885805,0,0,6.625280143433438,50.98060594027172,H2AZ1;H2AZ2;UBC;RPS27A;UBA52;H3-3B
Reactome_2022,MAPK1/MAPK3 Signaling R-HSA-5684996,10/277,0.0004942941561116188,0.0027067512132384,0,0,3.8503843879361326,29.310588184004335,DUSP4;DUSP2;UBC;FYN;PTPN7;PPP2R5C;CALM1;IL2RG;RPS27A;UBA52
Reactome_2022,Regulation Of TP53 Expression And Degradation R-HSA-6806003,4/37,0.0004949472916124923,0.0027067512132384,0,0,12.224489795918368,93.04131653695896,UBC;PPP2R5C;RPS27A;UBA52
Reactome_2022,MAP3K8 (TPL2)-dependent MAPK1/3 Activation R-HSA-5684264,3/16,0.0005011239651713426,0.0027067512132384,0,0,23.178836392034363,176.1280286078286,UBC;RPS27A;UBA52
Reactome_2022,NRIF Signals Cell Death From Nucleus R-HSA-205043,3/16,0.0005011239651713426,0.0027067512132384,0,0,23.178836392034363,176.1280286078286,UBC;RPS27A;UBA52
Reactome_2022,Regulation Of KIT Signaling R-HSA-1433559,3/16,0.0005011239651713426,0.0027067512132384,0,0,23.178836392034363,176.1280286078286,SOCS1;LCK;FYN
Reactome_2022,Spry Regulation Of FGF Signaling R-HSA-1295596,3/16,0.0005011239651713426,0.0027067512132384,0,0,23.178836392034363,176.1280286078286,UBC;RPS27A;UBA52
Reactome_2022,TGF-beta Receptor Signaling In EMT (Epithelial To Mesenchymal Transition) R-HSA-2173791,3/16,0.0005011239651713426,0.0027067512132384,0,0,23.178836392034363,176.1280286078286,UBC;RPS27A;UBA52
Reactome_2022,TRAF6-mediated Induction Of TAK1 Complex Within TLR4 Complex R-HSA-937072,3/16,0.0005011239651713426,0.0027067512132384,0,0,23.178836392034363,176.1280286078286,UBC;RPS27A;UBA52
Reactome_2022,Translesion Synthesis By REV1 R-HSA-110312,3/16,0.0005011239651713426,0.0027067512132384,0,0,23.178836392034363,176.1280286078286,UBC;RPS27A;UBA52
Reactome_2022,VLDLR Internalisation And Degradation R-HSA-8866427,3/16,0.0005011239651713426,0.0027067512132384,0,0,23.178836392034363,176.1280286078286,UBC;RPS27A;UBA52
Reactome_2022,p75NTR Signals Via NF-kB R-HSA-193639,3/16,0.0005011239651713426,0.0027067512132384,0,0,23.178836392034363,176.1280286078286,UBC;RPS27A;UBA52
Reactome_2022,RHO GTPase Cycle R-HSA-9012999,13/441,0.000518950435545372,0.0027840989582636,0,0,3.1465340596731477,23.799446524301377,IL32;PRPF38B;FNBP1;TPM3;WIPF1;RHOH;CYBA;FMNL1;LCK;ARHGDIB;TAGAP;RAC2;CDC42SE2
Reactome_2022,Toll Like Receptor 4 (TLR4) Cascade R-HSA-166016,7/140,0.000527172825577714,0.0028092296879778,0,0,5.36323970548132,40.481637407135786,DUSP4;SOCS1;UBC;ITGB2;RPS27A;UBA52;BIRC3
Reactome_2022,Beta-catenin Independent WNT Signaling R-HSA-3858494,7/142,0.0005737992125583318,0.0030373104984754,0,0,5.283246977547496,39.43009276479297,GNG2;UBC;RAC2;PFN1;CALM1;RPS27A;UBA52
Reactome_2022,Activation Of IRF3/IRF7 Mediated By TBK1/IKK Epsilon R-HSA-936964,3/17,0.0006040394207294829,0.0031087098948272,0,0,21.5221174764322,159.51916044937724,UBC;RPS27A;UBA52
Reactome_2022,Protein Methylation R-HSA-8876725,3/17,0.0006040394207294829,0.0031087098948272,0,0,21.5221174764322,159.51916044937724,HSPA8;RPS2;CALM1
Reactome_2022,Translesion Synthesis By POLI R-HSA-5656121,3/17,0.0006040394207294829,0.0031087098948272,0,0,21.5221174764322,159.51916044937724,UBC;RPS27A;UBA52
Reactome_2022,Translesion Synthesis By POLK R-HSA-5655862,3/17,0.0006040394207294829,0.0031087098948272,0,0,21.5221174764322,159.51916044937724,UBC;RPS27A;UBA52
Reactome_2022,Translesion Synthesis By Y Family DNA Polymerases Bypasses Lesions On DNA Template R-HSA-110313,4/39,0.0006068640222899578,0.0031087098948272,0,0,11.524781341107872,85.36642728574833,UBC;ISG15;RPS27A;UBA52
Reactome_2022,"PI5P, PP2A And IER3 Regulate PI3K/AKT Signaling R-HSA-6811558",6/106,0.0006906224202832534,0.0035150910365698,0,0,6.092783505154639,44.34277452972727,LCK;TRAT1;RAC2;FYN;PPP2R5C;ICOS
Reactome_2022,Constitutive Signaling By Ligand-Responsive EGFR Cancer Variants R-HSA-1236382,3/18,0.0007195272026923491,0.0036158518920109,0,0,20.086294416243653,145.36282995258424,UBC;RPS27A;UBA52
Reactome_2022,Regulation Of NF-kappa B Signaling R-HSA-9758274,3/18,0.0007195272026923491,0.0036158518920109,0,0,20.086294416243653,145.36282995258424,UBC;RPS27A;UBA52
Reactome_2022,Signaling By B Cell Receptor (BCR) R-HSA-983705,6/109,0.0007998302327363043,0.0039941207848592,0,0,5.914422980682614,42.17640714227474,UBC;REL;FYN;CALM1;RPS27A;UBA52
Reactome_2022,Assembly Of Pre-Replicative Complex R-HSA-68867,6/110,0.0008390457705788057,0.0041315774418211,0,0,5.857256145915939,41.48838206209657,H2AZ1;H2AZ2;UBC;RPS27A;UBA52;H3-3B
Reactome_2022,Listeria Monocytogenes Entry Into Host Cells R-HSA-8876384,3/19,0.0008481701801219675,0.0041315774418211,0,0,18.82994923857868,133.17348392535672,UBC;RPS27A;UBA52
Reactome_2022,Regulation Of TP53 Activity Thru Methylation R-HSA-6804760,3/19,0.0008481701801219675,0.0041315774418211,0,0,18.82994923857868,133.17348392535672,UBC;RPS27A;UBA52
Reactome_2022,Translesion Synthesis By POLH R-HSA-110320,3/19,0.0008481701801219675,0.0041315774418211,0,0,18.82994923857868,133.17348392535672,UBC;RPS27A;UBA52
Reactome_2022,TCF Dependent Signaling In Response To WNT R-HSA-201681,8/198,0.0008752980307155823,0.0042377233926108,0,0,4.300438596491228,30.27915646345605,H2AZ1;H2AZ2;UBC;PPP2R5C;RPS27A;RUNX3;UBA52;H3-3B
Reactome_2022,ISG15 Antiviral Mechanism R-HSA-1169408,5/75,0.0009311205889878056,0.004480665137311,0,0,7.227106227106227,50.43885435146444,UBC;ISG15;KPNA2;RPS27A;UBA52
Reactome_2022,TNF Signaling R-HSA-75893,4/44,0.0009633623018811156,0.0045911265962612,0,0,10.081632653061224,70.017755335544,UBC;RPS27A;UBA52;BIRC3
Reactome_2022,Negative Regulation Of PI3K/AKT Network R-HSA-199418,6/113,0.000965639976795505,0.0045911265962612,0,0,5.692166875421524,39.51911789521261,LCK;TRAT1;RAC2;FYN;PPP2R5C;ICOS
Reactome_2022,Protein Ubiquitination R-HSA-8852135,5/76,0.0009887099209859827,0.0046263586847595,0,0,7.124954857349223,49.29834337305474,UBC;HLA-B;HLA-A;RPS27A;UBA52
Reactome_2022,Nef-mediated Downmodulation Of Cell Surface Receptors By Recruitment To Clathrin Adapters R-HSA-164938,3/20,0.0009905301969888136,0.0046263586847595,0,0,17.721409375933113,122.5837770787782,LCK;HLA-A;B2M
Reactome_2022,Regulation Of FZD By Ubiquitination R-HSA-4641263,3/20,0.0009905301969888136,0.0046263586847595,0,0,17.721409375933113,122.5837770787782,UBC;RPS27A;UBA52
Reactome_2022,Transcriptional Regulation By RUNX1 R-HSA-8878171,8/204,0.0010610547189345,0.0049267686949358,0,0,4.167517006802721,28.54120624622918,H2AZ1;H2AZ2;CCND2;TNFRSF18;UBC;RPS27A;UBA52;H3-3B
Reactome_2022,Constitutive Signaling By Aberrant PI3K In Cancer R-HSA-2219530,5/78,0.001111774407674,0.0051322609284489,0,0,6.929048120828943,47.12998547368564,LCK;TRAT1;RAC2;FYN;ICOS
Reactome_2022,Metabolism R-HSA-1430728,35/2049,0.0011298308436751,0.0051459656347138,0,0,1.8732809725858384,12.71149900490224,RPL30;RPL34;INSIG1;SLC2A3;OAZ1;RPS14;LDHB;GLIPR1;GNG2;RPS16;RPS15A;RPS19;RPL36AL;UBC;RPS3;RPLP2;RPS2;RPS27A;RPL19;RPL41;RPL21;RPSA;RPL23A;ATP5F1E;RPS28;RPS27;RPS29;RPL27A;ALOX5AP;FAU;CALM1;RPL28;RPS21;UBA52;CD44
Reactome_2022,CTLA4 Inhibitory Signaling R-HSA-389513,3/21,0.0011471485105092,0.0051459656347138,0,0,16.736040609137056,113.3109608085056,LCK;FYN;PPP2R5C
Reactome_2022,ER Quality Control Compartment (ERQC) R-HSA-901032,3/21,0.0011471485105092,0.0051459656347138,0,0,16.736040609137056,113.3109608085056,UBC;RPS27A;UBA52
Reactome_2022,NOTCH2 Activation And Transmission Of Signal To Nucleus R-HSA-2979096,3/21,0.0011471485105092,0.0051459656347138,0,0,16.736040609137056,113.3109608085056,UBC;RPS27A;UBA52
Reactome_2022,Negative Regulation Of MET Activity R-HSA-6807004,3/21,0.0011471485105092,0.0051459656347138,0,0,16.736040609137056,113.3109608085056,UBC;RPS27A;UBA52
Reactome_2022,Downstream Signaling Events Of B Cell Receptor (BCR) R-HSA-1168372,5/79,0.0011773948684188,0.0052519748624973,0,0,6.835065835065835,46.09876674157659,UBC;REL;RPS27A;CALM1;UBA52
Reactome_2022,Cyclin D Associated Events In G1 R-HSA-69231,4/47,0.0012365931398092,0.0054852232011651,0,0,9.376839107736116,62.78164306999791,CCND2;UBC;RPS27A;UBA52
Reactome_2022,Toll-like Receptor Cascades R-HSA-168898,7/162,0.0012444958376236,0.0054896094170733,0,0,4.596857763663714,30.74849549486566,DUSP4;SOCS1;UBC;ITGB2;RPS27A;UBA52;BIRC3
Reactome_2022,PINK1-PRKN Mediated Mitophagy R-HSA-5205685,3/22,0.0013185462203513,0.0057841198837513,0,0,15.854394870424793,105.13406751270358,UBC;RPS27A;UBA52
Reactome_2022,DNA Damage Bypass R-HSA-73893,4/48,0.0013385699216315,0.0058396951526124,0,0,9.16326530612245,60.625569437732594,UBC;ISG15;RPS27A;UBA52
Reactome_2022,MAPK Family Signaling Cascades R-HSA-5683057,10/318,0.0014131716353448,0.0061314660025345,0,0,3.330827067669173,21.856616468121977,DUSP4;DUSP2;UBC;FYN;PTPN7;PPP2R5C;CALM1;IL2RG;RPS27A;UBA52
Reactome_2022,Signaling By ERBB2 R-HSA-1227986,4/49,0.0014462766378052,0.0062050279694443,0,0,8.959183673469388,58.58197746978076,UBC;FYN;RPS27A;UBA52
Reactome_2022,Signaling By NOTCH3 R-HSA-9012852,4/49,0.0014462766378052,0.0062050279694443,0,0,8.959183673469388,58.58197746978076,UBC;IKZF1;RPS27A;UBA52
Reactome_2022,FLT3 Signaling Thru SRC Family Kinases R-HSA-9706374,2/6,0.0014535707837741,0.0062050279694443,0,0,49.98989898989899,326.6206097208578,LCK;FYN
Reactome_2022,Antiviral Mechanism By IFN-stimulated Genes R-HSA-1169410,5/83,0.0014688493611099,0.0062367186776539,0,0,6.483234714003944,42.29192897294149,UBC;ISG15;KPNA2;RPS27A;UBA52
Reactome_2022,Platelet Degranulation R-HSA-114608,6/125,0.0016245281501544,0.0068610391022479,0,0,5.115048081088105,32.85159003068434,SRGN;TMSB4X;CTSW;PFN1;CALM1;TUBA4A
Reactome_2022,APC/C:Cdc20 Mediated Degradation Of Cyclin B R-HSA-174048,3/24,0.0017076659731305,0.0070988836788778,0,0,14.343002175489485,91.40261395182884,UBC;RPS27A;UBA52
Reactome_2022,Aggrephagy R-HSA-9646399,3/24,0.0017076659731305,0.0070988836788778,0,0,14.343002175489485,91.40261395182884,UBC;RPS27A;UBA52
Reactome_2022,Signaling By EGFR In Cancer R-HSA-1643713,3/24,0.0017076659731305,0.0070988836788778,0,0,14.343002175489485,91.40261395182884,UBC;RPS27A;UBA52
Reactome_2022,DNA Replication Pre-Initiation R-HSA-69002,6/127,0.0017612136723423,0.0072833523741659,0,0,5.029990627928772,31.89895373342557,H2AZ1;H2AZ2;UBC;RPS27A;UBA52;H3-3B
Reactome_2022,PCP/CE Pathway R-HSA-4086400,5/88,0.0019039709857819,0.0078036151144578,0,0,6.091133765832561,38.15372640786974,UBC;RAC2;PFN1;RPS27A;UBA52
Reactome_2022,Gap-filling DNA Repair Synthesis And Ligation In GG-NER R-HSA-5696397,3/25,0.0019263332020576,0.0078036151144578,0,0,13.690355329949238,85.59397680666795,UBC;RPS27A;UBA52
Reactome_2022,Interleukin-7 Signaling R-HSA-1266695,3/25,0.0019263332020576,0.0078036151144578,0,0,13.690355329949238,85.59397680666795,SOCS1;IL2RG;IL7R
Reactome_2022,NOTCH3 Activation And Transmission Of Signal To Nucleus R-HSA-9013507,3/25,0.0019263332020576,0.0078036151144578,0,0,13.690355329949238,85.59397680666795,UBC;RPS27A;UBA52
Reactome_2022,Response To Elevated Platelet Cytosolic Ca2+ R-HSA-76005,6/130,0.001982388977067,0.0079899332375189,0,0,4.907549052211507,30.5418989454338,SRGN;TMSB4X;CTSW;PFN1;CALM1;TUBA4A
Reactome_2022,AUF1 (hnRNP D0) Binds And Destabilizes mRNA R-HSA-450408,4/54,0.0020765932331265,0.0082855026487562,0,0,8.061224489795919,49.79439807569174,HSPA8;UBC;RPS27A;UBA52
Reactome_2022,Regulation Of RUNX3 Expression And Activity R-HSA-8941858,4/54,0.0020765932331265,0.0082855026487562,0,0,8.061224489795919,49.79439807569174,UBC;RPS27A;RUNX3;UBA52
Reactome_2022,APC-Cdc20 Mediated Degradation Of Nek2A R-HSA-179409,3/26,0.0021616710096346,0.0084968652556928,0,0,13.094460384021188,80.35905008065508,UBC;RPS27A;UBA52
Reactome_2022,Calnexin/calreticulin Cycle R-HSA-901042,3/26,0.0021616710096346,0.0084968652556928,0,0,13.094460384021188,80.35905008065508,UBC;RPS27A;UBA52
Reactome_2022,Downregulation Of TGF-beta Receptor Signaling R-HSA-2173788,3/26,0.0021616710096346,0.0084968652556928,0,0,13.094460384021188,80.35905008065508,UBC;RPS27A;UBA52
Reactome_2022,FLT3 Signaling In Disease R-HSA-9682385,3/27,0.0024141059150854,0.0094423650077724,0,0,12.548223350253808,75.62094298941223,UBC;RPS27A;UBA52
Reactome_2022,Regulated Necrosis R-HSA-5218859,4/57,0.0025341401417975,0.0098632709440549,0,0,7.60377358490566,45.45460491125239,UBC;RPS27A;UBA52;BIRC3
Reactome_2022,CREB1 Phosphorylation Thru Activation Of CaMKII/CaMKK/CaMKIV Cascasde R-HSA-442729,2/8,0.0026777674677022,0.0103453062673293,0,0,33.323232323232325,197.36590289038227,CALM1;KPNA2
Reactome_2022,Mitophagy R-HSA-5205647,3/28,0.0026840467141937,0.0103453062673293,0,0,12.045685279187817,71.31563234569973,UBC;RPS27A;UBA52
Reactome_2022,Iron Uptake And Transport R-HSA-917937,4/59,0.0028749370578511,0.0110275363475065,0,0,7.326530612244898,42.87283866824234,FTH1;UBC;RPS27A;UBA52
Reactome_2022,Downregulation Of ERBB2 Signaling R-HSA-8863795,3/29,0.002971884860348,0.0112018651333835,0,0,11.581803982819212,67.38940857682955,UBC;RPS27A;UBA52
Reactome_2022,Negative Regulation Of FGFR3 Signaling R-HSA-5654732,3/29,0.002971884860348,0.0112018651333835,0,0,11.581803982819212,67.38940857682955,UBC;RPS27A;UBA52
Reactome_2022,TNFs Bind Their Physiological Receptors R-HSA-5669034,3/29,0.002971884860348,0.0112018651333835,0,0,11.581803982819212,67.38940857682955,TNFRSF18;CD27;TNFRSF1B
Reactome_2022,C-type Lectin Receptors (CLRs) R-HSA-5621481,6/141,0.002976818064413,0.0112018651333835,0,0,4.505154639175258,26.20603542870603,UBC;ICAM3;FYN;CALM1;RPS27A;UBA52
Reactome_2022,FCGR3A-mediated Phagocytosis R-HSA-9664422,4/60,0.0030565414874588,0.0113938682678042,0,0,7.19533527696793,41.66438194796197,ARPC2;WIPF1;FYN;CD247
Reactome_2022,Formation Of beta-catenin:TCF Transactivating Complex R-HSA-201722,4/60,0.0030565414874588,0.0113938682678042,0,0,7.19533527696793,41.66438194796197,H2AZ1;H2AZ2;RUNX3;H3-3B
Reactome_2022,DNA Double Strand Break Response R-HSA-5693606,4/61,0.0032458250655199,0.0119391188281748,0,0,7.0687432867884,40.50662547348915,UBC;KPNA2;RPS27A;UBA52
Reactome_2022,Selective Autophagy R-HSA-9663891,4/61,0.0032458250655199,0.0119391188281748,0,0,7.0687432867884,40.50662547348915,HSPA8;UBC;RPS27A;UBA52
Reactome_2022,Recognition Of DNA Damage By PCNA-containing Replication Complex R-HSA-110314,3/30,0.0032779948419926,0.0119391188281748,0,0,11.152284263959393,63.79690278522437,UBC;RPS27A;UBA52
Reactome_2022,Synthesis Of Active Ubiquitin: Roles Of E1 And E2 Enzymes R-HSA-8866652,3/30,0.0032779948419926,0.0119391188281748,0,0,11.152284263959393,63.79690278522437,UBC;RPS27A;UBA52
Reactome_2022,Translation Of Structural Proteins R-HSA-9683701,3/30,0.0032779948419926,0.0119391188281748,0,0,11.152284263959393,63.79690278522437,UBC;RPS27A;UBA52
Reactome_2022,Stimuli-sensing Channels R-HSA-2672351,5/100,0.0033238214487381,0.0120507499100369,0,0,5.318488529014845,30.350700013257832,TSC22D3;UBC;CALM1;RPS27A;UBA52
Reactome_2022,MAP Kinase Activation R-HSA-450294,4/62,0.0034429423303528,0.0124258918650006,0,0,6.946516537649543,39.39667426105362,DUSP4;UBC;RPS27A;UBA52
Reactome_2022,Leishmania Infection R-HSA-9658195,8/247,0.0034970415036785,0.0125640314657049,0,0,3.410216178521618,19.28763008906865,PTGER4;GNG2;ARPC2;WIPF1;CYBA;FYN;CD247;CALM1
Reactome_2022,Activated NOTCH1 Transmits Signal To Nucleus R-HSA-2122948,3/31,0.00360273455,0.0126573948349558,0,0,10.753444525018129,60.49954695168429,UBC;RPS27A;UBA52
Reactome_2022,Downregulation Of SMAD2/3:SMAD4 Transcriptional Activity R-HSA-2173795,3/31,0.00360273455,0.0126573948349558,0,0,10.753444525018129,60.49954695168429,UBC;RPS27A;UBA52
Reactome_2022,EGFR Downregulation R-HSA-182971,3/31,0.00360273455,0.0126573948349558,0,0,10.753444525018129,60.49954695168429,UBC;RPS27A;UBA52
Reactome_2022,Metalloprotease DUBs R-HSA-5689901,3/31,0.00360273455,0.0126573948349558,0,0,10.753444525018129,60.49954695168429,UBC;RPS27A;UBA52
Reactome_2022,Negative Regulation Of FGFR4 Signaling R-HSA-5654733,3/31,0.00360273455,0.0126573948349558,0,0,10.753444525018129,60.49954695168429,UBC;RPS27A;UBA52
Reactome_2022,Signaling By MET R-HSA-6806834,4/63,0.0036480462723588,0.0127601266090438,0,0,6.828433068142512,38.33184278744158,UBC;RPS27A;UBA52;ARF6
Reactome_2022,Toll Like Receptor 3 (TLR3) Cascade R-HSA-168164,5/103,0.0037732360778055,0.0131401291481473,0,0,5.154892726321298,28.763385231935587,DUSP4;UBC;RPS27A;UBA52;BIRC3
Reactome_2022,CDC42 GTPase Cycle R-HSA-9013148,6/149,0.0039057622226571,0.0134484027406653,0,0,4.251387787470262,23.575230575007577,FMNL1;WIPF1;FNBP1;ARHGDIB;TAGAP;CDC42SE2
Reactome_2022,Cargo Recognition For Clathrin-Mediated Endocytosis R-HSA-8856825,5/104,0.0039322638791335,0.0134484027406653,0,0,5.102564102564102,28.260755222784237,UBC;IL7R;RPS27A;UBA52;CD3D
Reactome_2022,GPVI-mediated Activation Cascade R-HSA-114604,3/32,0.0039464456405227,0.0134484027406653,0,0,10.382110974969368,57.46436072810552,LCK;RAC2;FYN
Reactome_2022,RNA Polymerase I Promoter Opening R-HSA-73728,3/32,0.0039464456405227,0.0134484027406653,0,0,10.382110974969368,57.46436072810552,H2AZ1;H2AZ2;H3-3B
Reactome_2022,Signaling By NOTCH2 R-HSA-1980145,3/32,0.0039464456405227,0.0134484027406653,0,0,10.382110974969368,57.46436072810552,UBC;RPS27A;UBA52
Reactome_2022,PI3K/AKT Signaling In Cancer R-HSA-2219528,5/105,0.0040960318506073,0.013898501236676,0,0,5.051282051282051,27.770618287278307,LCK;TRAT1;RAC2;FYN;ICOS
Reactome_2022,CaMK IV-mediated Phosphorylation Of CREB R-HSA-111932,2/10,0.0042472321345398,0.0142089219481038,0,0,24.98989898989899,136.4820277236255,CALM1;KPNA2
Reactome_2022,Nef Mediated Downregulation Of MHC Class I Complex Cell Surface Expression R-HSA-164940,2/10,0.0042472321345398,0.0142089219481038,0,0,24.98989898989899,136.4820277236255,HLA-A;B2M
Reactome_2022,G Alpha (I) Signaling Events R-HSA-418594,9/312,0.0042848807853085,0.0142089219481038,0,0,3.032035664299414,16.532667313101648,GNG2;RGS1;GPR183;CCL5;PDE4B;CXCR4;CALM1;KPNA2;GPSM3
Reactome_2022,Diseases Of Carbohydrate Metabolism R-HSA-5663084,3/33,0.0043094538934011,0.0142089219481038,0,0,10.03553299492386,54.6629871343117,UBC;RPS27A;UBA52
Reactome_2022,Negative Regulation Of FGFR1 Signaling R-HSA-5654726,3/33,0.0043094538934011,0.0142089219481038,0,0,10.03553299492386,54.6629871343117,UBC;RPS27A;UBA52
Reactome_2022,Oncogene Induced Senescence R-HSA-2559585,3/33,0.0043094538934011,0.0142089219481038,0,0,10.03553299492386,54.6629871343117,UBC;RPS27A;UBA52
Reactome_2022,Activation Of NF-kappaB In B Cells R-HSA-1169091,4/66,0.004312783613971,0.0142089219481038,0,0,6.497037524687294,35.3839821166775,UBC;REL;RPS27A;UBA52
Reactome_2022,Signaling By Receptor Tyrosine Kinases R-HSA-9006934,12/496,0.0043429669798405,0.0142492387685677,0,0,2.5473887814313345,13.855750764177682,DUSP4;SOCS1;LCK;UBC;CYBA;FYN;CALM1;IL2RG;RPS27A;STK4;UBA52;ARF6
Reactome_2022,Signaling By NOTCH R-HSA-157118,7/203,0.0044102616489716,0.0144104845649525,0,0,3.627683197631384,19.675905253493305,H2AZ1;H2AZ2;UBC;IKZF1;RPS27A;UBA52;H3-3B
Reactome_2022,MyD88-independent TLR4 Cascade R-HSA-166166,5/107,0.0044380960467656,0.0144420010702129,0,0,4.951734539969834,26.82616949537231,DUSP4;UBC;RPS27A;UBA52;BIRC3
Reactome_2022,DNA Methylation R-HSA-5334118,3/34,0.0046920695585813,0.0151443220711933,0,0,9.711314884558703,52.07091984713094,H2AZ1;H2AZ2;H3-3B
Reactome_2022,Negative Regulation Of FGFR2 Signaling R-HSA-5654727,3/34,0.0046920695585813,0.0151443220711933,0,0,9.711314884558703,52.07091984713094,UBC;RPS27A;UBA52
Reactome_2022,DNA Replication R-HSA-69306,6/155,0.0047319948902293,0.0152113519953121,0,0,4.0789455476371685,21.83626140966508,H2AZ1;H2AZ2;UBC;RPS27A;UBA52;H3-3B
Reactome_2022,Class I MHC Mediated Antigen Processing And Presentation R-HSA-983169,10/378,0.0048787446307582,0.0156198517613793,0,0,2.779176201372998,14.793186234411388,SOCS1;UBC;HLA-B;HLA-C;CYBA;HLA-A;RPS27A;B2M;UBA52;HLA-E
Reactome_2022,Circadian Clock R-HSA-400253,4/69,0.0050547479900121,0.0159885479810048,0,0,6.196232339089482,32.76212791134876,UBC;CREM;RPS27A;UBA52
Reactome_2022,Interleukin-17 Signaling R-HSA-448424,4/69,0.0050547479900121,0.0159885479810048,0,0,6.196232339089482,32.76212791134876,DUSP4;UBC;RPS27A;UBA52
Reactome_2022,M Phase R-HSA-68886,10/380,0.005059465190648,0.0159885479810048,0,0,2.7638691322901847,14.611178952245409,H2AZ1;EML4;H2AZ2;RPS27;UBC;PPP2R5C;RPS27A;UBA52;TUBA4A;H3-3B
Reactome_2022,N-glycan Trimming In ER And Calnexin/Calreticulin Cycle R-HSA-532668,3/35,0.0050945877067937,0.0159885479810048,0,0,9.407360406091373,49.666879272481374,UBC;RPS27A;UBA52
Reactome_2022,Plasma Lipoprotein Clearance R-HSA-8964043,3/35,0.0050945877067937,0.0159885479810048,0,0,9.407360406091373,49.666879272481374,UBC;RPS27A;UBA52
Reactome_2022,MyD88:MAL(TIRAP) Cascade Initiated On Plasma Membrane R-HSA-166058,5/112,0.0053815720762053,0.0168227095610513,0,0,4.71914689671699,24.65647950040891,DUSP4;SOCS1;UBC;RPS27A;UBA52
Reactome_2022,Activated PKN1 Stimulates Transcription Of Androgen Receptor Regulated KLK2 And KLK3 R-HSA-5625886,3/36,0.0055172885597211,0.0170456308031853,0,0,9.121827411167512,47.43230522818489,H2AZ1;H2AZ2;H3-3B
Reactome_2022,RHOH GTPase Cycle R-HSA-9013407,3/36,0.0055172885597211,0.0170456308031853,0,0,9.121827411167512,47.43230522818489,LCK;ARHGDIB;RHOH
Reactome_2022,SMAD2/SMAD3:SMAD4 Heterotrimer Regulates Transcription R-HSA-2173796,3/36,0.0055172885597211,0.0170456308031853,0,0,9.121827411167512,47.43230522818489,UBC;RPS27A;UBA52
Reactome_2022,DNA Damage Recognition In GG-NER R-HSA-5696394,3/37,0.0059604378312344,0.0182725391428578,0,0,8.853090474768587,45.35094165112317,UBC;RPS27A;UBA52
Reactome_2022,SIRT1 Negatively Regulates rRNA Expression R-HSA-427359,3/37,0.0059604378312344,0.0182725391428578,0,0,8.853090474768587,45.35094165112317,H2AZ1;H2AZ2;H3-3B
Reactome_2022,CD28 Dependent Vav1 Pathway R-HSA-389359,2/12,0.0061478754316609,0.0186313476822091,0,0,19.98989898989899,101.78154350719132,LCK;FYN
Reactome_2022,Interleukin-2 Signaling R-HSA-9020558,2/12,0.0061478754316609,0.0186313476822091,0,0,19.98989898989899,101.78154350719132,LCK;IL2RG
Reactome_2022,PECAM1 Interactions R-HSA-210990,2/12,0.0061478754316609,0.0186313476822091,0,0,19.98989898989899,101.78154350719132,LCK;FYN
Reactome_2022,Cellular Senescence R-HSA-2559583,6/165,0.0063851430622705,0.0191762553249462,0,0,3.820462944952344,19.307784508525263,H2AZ1;H2AZ2;UBC;RPS27A;UBA52;H3-3B
Reactome_2022,Assembly Of ORC Complex At Origin Of Replication R-HSA-68616,3/38,0.0064242870484076,0.0191762553249462,0,0,8.599709934735316,43.40849457481817,H2AZ1;H2AZ2;H3-3B
Reactome_2022,FCGR3A-mediated IL10 Synthesis R-HSA-9664323,3/38,0.0064242870484076,0.0191762553249462,0,0,8.599709934735316,43.40849457481817,FYN;CD247;CALM1
Reactome_2022,Fanconi Anemia Pathway R-HSA-6783310,3/38,0.0064242870484076,0.0191762553249462,0,0,8.599709934735316,43.40849457481817,UBC;RPS27A;UBA52
Reactome_2022,"Cell Death Signaling Via NRAGE, NRIF And NADE R-HSA-204998",4/74,0.0064733478403908,0.0192503302819114,0,0,5.752186588921282,28.99137625994184,PRPF38B;UBC;RPS27A;UBA52
Reactome_2022,Ovarian Tumor Domain Proteases R-HSA-5689896,3/39,0.006909073873999,0.0203768874104174,0,0,8.360406091370558,41.59234877252794,UBC;RPS27A;UBA52
Reactome_2022,Signaling By FGFR3 R-HSA-5654741,3/39,0.006909073873999,0.0203768874104174,0,0,8.360406091370558,41.59234877252794,UBC;RPS27A;UBA52
Reactome_2022,RHO GTPases Activate Formins R-HSA-5663220,5/119,0.0069291682629882,0.0203768874104174,0,0,4.427800269905533,22.01509154079102,FMNL1;RPS27;EVL;PPP2R5C;PFN1
Reactome_2022,FCGR Activation R-HSA-2029481,2/13,0.0072181010363148,0.0211482369846273,0,0,18.171717171717173,89.6077061786221,FYN;CD247
Reactome_2022,Signaling By FGFR4 R-HSA-5654743,3/40,0.0074150224240263,0.0216453228113122,0,0,8.134037590890383,39.89133172446582,UBC;RPS27A;UBA52
Reactome_2022,Dual Incision In GG-NER R-HSA-5696400,3/41,0.0079423435743089,0.0230997098827886,0,0,7.919583222014427,38.29551599382337,UBC;RPS27A;UBA52
Reactome_2022,Deactivation Of Beta-Catenin Transactivating Complex R-HSA-3769402,3/42,0.0084912352718872,0.0242519453448866,0,0,7.716126513080828,36.79605293636041,UBC;RPS27A;UBA52
Reactome_2022,Defective Pyroptosis R-HSA-9710421,3/42,0.0084912352718872,0.0242519453448866,0,0,7.716126513080828,36.79605293636041,H2AZ1;H2AZ2;H3-3B
Reactome_2022,Formation Of Incision Complex In GG-NER R-HSA-5696395,3/42,0.0084912352718872,0.0242519453448866,0,0,7.716126513080828,36.79605293636041,UBC;RPS27A;UBA52
Reactome_2022,PRC2 Methylates Histones And DNA R-HSA-212300,3/42,0.0084912352718872,0.0242519453448866,0,0,7.716126513080828,36.79605293636041,H2AZ1;H2AZ2;H3-3B
Reactome_2022,Signaling By SCF-KIT R-HSA-1433557,3/42,0.0084912352718872,0.0242519453448866,0,0,7.716126513080828,36.79605293636041,SOCS1;LCK;FYN
Reactome_2022,DDX58/IFIH1-mediated Induction Of Interferon-Alpha/Beta R-HSA-168928,4/81,0.0088693778840417,0.0252411686018964,0,0,5.227405247813411,24.700277159233604,UBC;ISG15;RPS27A;UBA52
Reactome_2022,Condensation Of Prophase Chromosomes R-HSA-2299718,3/43,0.0090618828226133,0.0256054624952135,0,0,7.522842639593908,35.3850321555175,H2AZ1;H2AZ2;H3-3B
Reactome_2022,Smooth Muscle Contraction R-HSA-445355,3/43,0.0090618828226133,0.0256054624952135,0,0,7.522842639593908,35.3850321555175,TPM3;CALM1;MYL12A
Reactome_2022,Autophagy R-HSA-9612973,5/128,0.0093444922395605,0.0263103788589044,0,0,4.101938711694809,19.168229053648297,HSPA8;UBC;VPS37B;RPS27A;UBA52
Reactome_2022,TGF-beta Receptor Signaling Activates SMADs R-HSA-2173789,3/44,0.0096544592002155,0.0270870692755163,0,0,7.338987247740498,34.05536215760635,UBC;RPS27A;UBA52
Reactome_2022,Fc Epsilon Receptor (FCERI) Signaling R-HSA-2454202,5/130,0.0099508954614366,0.0278204612548616,0,0,4.035897435897436,18.60586145140937,UBC;FYN;CALM1;RPS27A;UBA52
Reactome_2022,Degradation Of Beta-Catenin By Destruction Complex R-HSA-195253,4/84,0.010051872319132,0.0280041635838274,0,0,5.030612244897959,23.14079802223381,UBC;PPP2R5C;RPS27A;UBA52
Reactome_2022,ERCC6 (CSB) And EHMT2 (G9a) Positively Regulate rRNA Expression R-HSA-427389,3/45,0.0102691253206439,0.0283114080020531,0,0,7.163886874546773,32.800668633723014,H2AZ1;H2AZ2;H3-3B
Reactome_2022,Interleukin-10 Signaling R-HSA-6783783,3/45,0.0102691253206439,0.0283114080020531,0,0,7.163886874546773,32.800668633723014,CCL5;IL10RA;TNFRSF1B
Reactome_2022,TAK1-dependent IKK And NF-kappa-B Activation R-HSA-445989,3/45,0.0102691253206439,0.0283114080020531,0,0,7.163886874546773,32.800668633723014,UBC;RPS27A;UBA52
Reactome_2022,Fcgamma Receptor (FCGR) Dependent Phagocytosis R-HSA-2029480,4/87,0.0113321247206512,0.0310265759593002,0,0,4.848045242193263,21.71979386421627,ARPC2;WIPF1;FYN;CD247
Reactome_2022,Regulation Of PLK1 Activity At G2/M Transition R-HSA-2565942,4/87,0.0113321247206512,0.0310265759593002,0,0,4.848045242193263,21.71979386421627,UBC;RPS27A;UBA52;TUBA4A
Reactome_2022,ESR-mediated Signaling R-HSA-8939211,6/188,0.0117219636962816,0.0319255353444951,0,0,3.333748725501303,14.822816814410707,H2AZ1;H2AZ2;GNG2;KPNA2;CALM1;H3-3B
Reactome_2022,Opioid Signaling R-HSA-111885,4/88,0.0117810854608779,0.0319255353444951,0,0,4.790087463556851,21.274023659747563,GNG2;PDE4B;KPNA2;CALM1
Reactome_2022,Regulation Of mRNA Stability By Proteins That Bind AU-rich Elements R-HSA-450531,4/88,0.0117810854608779,0.0319255353444951,0,0,4.790087463556851,21.274023659747563,HSPA8;UBC;RPS27A;UBA52
Reactome_2022,Inhibition Of DNA Recombination At Telomere R-HSA-9670095,3/48,0.0122470965035044,0.032885765590009,0,0,6.685279187817259,29.431716933517144,H2AZ1;H2AZ2;H3-3B
Reactome_2022,NOTCH1 Intracellular Domain Regulates Transcription R-HSA-2122947,3/48,0.0122470965035044,0.032885765590009,0,0,6.685279187817259,29.431716933517144,UBC;RPS27A;UBA52
Reactome_2022,TNF Receptor Superfamily (TNFSF) Members Mediating Non-Canonical NF-kB Pathway R-HSA-5676594,2/17,0.0122596808748648,0.032885765590009,0,0,13.323232323232324,58.64139939765107,LTB;BIRC3
Reactome_2022,RMTs Methylate Histone Arginines R-HSA-3214858,3/49,0.0129514996055504,0.0342783022893568,0,0,6.539615978812624,28.42472661929245,H2AZ1;H2AZ2;RPS2
Reactome_2022,Regulation Of Activated PAK-2p34 By Proteasome Mediated Degradation R-HSA-211733,3/49,0.0129514996055504,0.0342783022893568,0,0,6.539615978812624,28.42472661929245,UBC;RPS27A;UBA52
Reactome_2022,Signaling By EGFR R-HSA-177929,3/49,0.0129514996055504,0.0342783022893568,0,0,6.539615978812624,28.42472661929245,UBC;RPS27A;UBA52
Reactome_2022,Signaling By FGFR1 R-HSA-5654736,3/49,0.0129514996055504,0.0342783022893568,0,0,6.539615978812624,28.42472661929245,UBC;RPS27A;UBA52
Reactome_2022,Death Receptor Signaling R-HSA-73887,5/139,0.013015147785499,0.034332316749788,0,0,3.7631075392269424,16.33806343072104,PRPF38B;UBC;RPS27A;UBA52;BIRC3
Reactome_2022,Ephrin Signaling R-HSA-3928664,2/18,0.0137022045657748,0.0360250014080305,0,0,12.48989898989899,53.58414643474309,FYN;MYL12A
Reactome_2022,Autodegradation Of E3 Ubiquitin Ligase COP1 R-HSA-349425,3/51,0.0144285702203611,0.0371957297239181,0,0,6.266497461928934,26.5608314530226,UBC;RPS27A;UBA52
Reactome_2022,GSK3B And BTRC:CUL1-mediated-degradation Of NFE2L2 R-HSA-9762114,3/51,0.0144285702203611,0.0371957297239181,0,0,6.266497461928934,26.5608314530226,UBC;RPS27A;UBA52
Reactome_2022,Transcriptional Activity Of SMAD2/SMAD3:SMAD4 Heterotrimer R-HSA-2173793,3/51,0.0144285702203611,0.0371957297239181,0,0,6.266497461928934,26.5608314530226,UBC;RPS27A;UBA52
Reactome_2022,Ubiquitin Mediated Degradation Of Phosphorylated Cdc25A R-HSA-69601,3/51,0.0144285702203611,0.0371957297239181,0,0,6.266497461928934,26.5608314530226,UBC;RPS27A;UBA52
Reactome_2022,Ubiquitin-dependent Degradation Of Cyclin D R-HSA-75815,3/51,0.0144285702203611,0.0371957297239181,0,0,6.266497461928934,26.5608314530226,UBC;RPS27A;UBA52
Reactome_2022,Vpu Mediated Degradation Of CD4 R-HSA-180534,3/51,0.0144285702203611,0.0371957297239181,0,0,6.266497461928934,26.5608314530226,UBC;RPS27A;UBA52
Reactome_2022,Formation Of TC-NER Pre-Incision Complex R-HSA-6781823,3/52,0.0152014163710364,0.0384259979691573,0,0,6.1382989744121,25.69717025640832,UBC;RPS27A;UBA52
Reactome_2022,Regulation Of Apoptosis R-HSA-169911,3/52,0.0152014163710364,0.0384259979691573,0,0,6.1382989744121,25.69717025640832,UBC;RPS27A;UBA52
Reactome_2022,SARS-CoV-1 Infection R-HSA-9678108,3/52,0.0152014163710364,0.0384259979691573,0,0,6.1382989744121,25.69717025640832,UBC;RPS27A;UBA52
Reactome_2022,Signaling By Non-Receptor Tyrosine Kinases R-HSA-9006927,3/52,0.0152014163710364,0.0384259979691573,0,0,6.1382989744121,25.69717025640832,UBC;RPS27A;UBA52
Reactome_2022,Signaling By KIT In Disease R-HSA-9669938,2/19,0.0152144484017713,0.0384259979691573,0,0,11.754604872251932,49.19901329869125,LCK;FYN
Reactome_2022,Transcriptional Regulation By RUNX3 R-HSA-8878159,4/95,0.0152445709827261,0.0384259979691573,0,0,4.4200493384166855,18.491417143603503,UBC;RPS27A;RUNX3;UBA52
Reactome_2022,P75 NTR Receptor-Mediated Signaling R-HSA-193704,4/95,0.0152445709827261,0.0384259979691573,0,0,4.4200493384166855,18.491417143603503,PRPF38B;UBC;RPS27A;UBA52
Reactome_2022,MyD88 Cascade Initiated On Plasma Membrane R-HSA-975871,4/96,0.0157862373617276,0.0396654191937079,0,0,4.371783496007098,18.13685433330235,DUSP4;UBC;RPS27A;UBA52
Reactome_2022,Signaling By Nuclear Receptors R-HSA-9006931,7/260,0.015941032759206,0.0398175787406212,0,0,2.8022077044379365,11.597942065431392,H2AZ1;ARL4C;H2AZ2;GNG2;CALM1;KPNA2;H3-3B
Reactome_2022,Negative Regulation Of NOTCH4 Signaling R-HSA-9604323,3/53,0.0159972388139271,0.0398175787406212,0,0,6.01522842639594,24.875009582390742,UBC;RPS27A;UBA52
Reactome_2022,Vif-mediated Degradation Of APOBEC3G R-HSA-180585,3/53,0.0159972388139271,0.0398175787406212,0,0,6.01522842639594,24.875009582390742,UBC;RPS27A;UBA52
Reactome_2022,"Cell Cycle, Mitotic R-HSA-69278",11/523,0.0164562298980817,0.0408320204346153,0,0,2.1925429894179893,9.004886219833212,H2AZ1;EML4;H2AZ2;RPS27;CCND2;UBC;PPP2R5C;RPS27A;UBA52;TUBA4A;H3-3B
Reactome_2022,CD209 (DC-SIGN) Signaling R-HSA-5621575,2/20,0.0167948882548689,0.0412098306913506,0,0,11.1010101010101,45.36628383483138,ICAM3;FYN
Reactome_2022,Degradation Of AXIN R-HSA-4641257,3/54,0.0168161021964705,0.0412098306913506,0,0,5.896984174380412,24.09164757699128,UBC;RPS27A;UBA52
Reactome_2022,FBXL7 Down-Regulates AURKA During Mitotic Entry And In Early Mitosis R-HSA-8854050,3/54,0.0168161021964705,0.0412098306913506,0,0,5.896984174380412,24.09164757699128,UBC;RPS27A;UBA52
Reactome_2022,SCF-beta-TrCP Mediated Degradation Of Emi1 R-HSA-174113,3/54,0.0168161021964705,0.0412098306913506,0,0,5.896984174380412,24.09164757699128,UBC;RPS27A;UBA52
Reactome_2022,HIV Life Cycle R-HSA-162587,5/149,0.0171044362969275,0.041787453599263,0,0,3.5,14.239460957930143,UBC;CXCR4;VPS37B;RPS27A;UBA52
Reactome_2022,CLEC7A (Dectin-1) Signaling R-HSA-5607764,4/99,0.0174833410127952,0.0425821250434337,0,0,4.233082706766917,17.129197930647717,UBC;CALM1;RPS27A;UBA52
Reactome_2022,Degradation Of DVL R-HSA-4641258,3/55,0.0176580617409628,0.0426517466174212,0,0,5.783287778211636,23.34460456181631,UBC;RPS27A;UBA52
Reactome_2022,Hh Mutants Are Degraded By ERAD R-HSA-5362768,3/55,0.0176580617409628,0.0426517466174212,0,0,5.783287778211636,23.34460456181631,UBC;RPS27A;UBA52
Reactome_2022,Membrane Trafficking R-HSA-199991,12/599,0.017673078888075,0.0426517466174212,0,0,2.0892022182754,8.431420058916935,HSPA8;ARPC2;FNBP1;FTH1;UBC;VPS37B;CALM1;RPS27A;IL7R;CD3D;UBA52;ARF6
Reactome_2022,TP53 Regulates Transcription Of Additional Cell Cycle Genes With Uncertain Roles In P53 Pathway R-HSA-6804115,2/21,0.0184420232483939,0.0442993728724396,0,0,10.516214779372676,41.9925427496273,CNOT6L;RGCC
Reactome_2022,Meiotic Recombination R-HSA-912446,3/56,0.018523163468073,0.0442993728724396,0,0,5.6738818120869645,22.631601044641528,H2AZ1;H2AZ2;H3-3B
Reactome_2022,Stabilization Of P53 R-HSA-69541,3/56,0.018523163468073,0.0442993728724396,0,0,5.6738818120869645,22.631601044641528,UBC;RPS27A;UBA52
Reactome_2022,TRAF6 Mediated Induction Of NFkB And MAP Kinases Upon TLR7/8 Or 9 Activation R-HSA-975138,4/101,0.018675559558893,0.044529712581865,0,0,4.145381864085841,16.500856606672546,DUSP4;UBC;RPS27A;UBA52
Reactome_2022,MyD88 Dependent Cascade Initiated On Endosome R-HSA-975155,4/102,0.0192901194103944,0.0458573497360873,0,0,4.102873802582257,16.19881151232085,DUSP4;UBC;RPS27A;UBA52
Reactome_2022,Signaling By ERBB4 R-HSA-1236394,3/57,0.0194114444537247,0.0460080205858432,0,0,5.568527918781726,21.95053825283205,UBC;RPS27A;UBA52
Reactome_2022,Toll Like Receptor 7/8 (TLR7/8) Cascade R-HSA-168181,4/103,0.0199170653478517,0.0470659222803402,0,0,4.061224489795919,15.904479460309156,DUSP4;UBC;RPS27A;UBA52
Reactome_2022,Constitutive Signaling By NOTCH1 HD+PEST Domain Mutants R-HSA-2894862,3/58,0.0203229330271079,0.0474600259515402,0,0,5.467005076142132,21.29948088737429,UBC;RPS27A;UBA52
Reactome_2022,Hh Mutants Abrogate Ligand Secretion R-HSA-5387390,3/58,0.0203229330271079,0.0474600259515402,0,0,5.467005076142132,21.29948088737429,UBC;RPS27A;UBA52
Reactome_2022,Late SARS-CoV-2 Infection Events R-HSA-9772573,3/58,0.0203229330271079,0.0474600259515402,0,0,5.467005076142132,21.29948088737429,UBC;RPS27A;UBA52
Reactome_2022,NIK To Noncanonical NF-kB Signaling R-HSA-5676590,3/58,0.0203229330271079,0.0474600259515402,0,0,5.467005076142132,21.29948088737429,UBC;RPS27A;UBA52
Reactome_2022,B-WICH Complex Positively Regulates rRNA Expression R-HSA-5250924,3/59,0.0212576490223405,0.0485016474820068,0,0,5.369108049311095,20.676641778420727,H2AZ1;H2AZ2;H3-3B
Reactome_2022,Degradation Of GLI1 By Proteasome R-HSA-5610780,3/59,0.0212576490223405,0.0485016474820068,0,0,5.369108049311095,20.676641778420727,UBC;RPS27A;UBA52
Reactome_2022,Degradation Of GLI2 By Proteasome R-HSA-5610783,3/59,0.0212576490223405,0.0485016474820068,0,0,5.369108049311095,20.676641778420727,UBC;RPS27A;UBA52
Reactome_2022,GLI3 Is Processed To GLI3R By Proteasome R-HSA-5610785,3/59,0.0212576490223405,0.0485016474820068,0,0,5.369108049311095,20.676641778420727,UBC;RPS27A;UBA52
Reactome_2022,RNA Polymerase I Promoter Escape R-HSA-73772,3/59,0.0212576490223405,0.0485016474820068,0,0,5.369108049311095,20.676641778420727,H2AZ1;H2AZ2;H3-3B
Reactome_2022,SCF(Skp2)-mediated Degradation Of P27/P21 R-HSA-187577,3/59,0.0212576490223405,0.0485016474820068,0,0,5.369108049311095,20.676641778420727,UBC;RPS27A;UBA52
Reactome_2022,Role Of GTSE1 In G2/M Progression After G2 Checkpoint R-HSA-8852276,3/59,0.0212576490223405,0.0485016474820068,0,0,5.369108049311095,20.676641778420727,UBC;RPS27A;UBA52
Reactome_2022,Transcriptional Regulation Of Granulopoiesis R-HSA-9616222,3/59,0.0212576490223405,0.0485016474820068,0,0,5.369108049311095,20.676641778420727,H2AZ1;H2AZ2;H3-3B
Reactome_2022,Toll Like Receptor 9 (TLR9) Cascade R-HSA-168138,4/106,0.0218728194145835,0.0496091414840566,0,0,3.941176470588236,15.06518858152958,DUSP4;UBC;RPS27A;UBA52
Reactome_2022,CD28 Dependent PI3K/Akt Signaling R-HSA-389357,2/23,0.02193048949736,0.0496091414840566,0,0,9.513708513708512,36.34120010270031,LCK;FYN
Reactome_2022,RAF-independent MAPK1/3 Activation R-HSA-112409,2/23,0.02193048949736,0.0496091414840566,0,0,9.513708513708512,36.34120010270031,DUSP4;DUSP2
Reactome_2022,GPCR Downstream Signaling R-HSA-388396,12/619,0.0221718507625354,0.0498282191018719,0,0,2.018262119247082,7.687422723030064,PTGER4;PRPF38B;GNG2;RGS1;GPR183;GPR65;CCL5;PDE4B;CXCR4;CALM1;KPNA2;GPSM3
Reactome_2022,Defective CFTR Causes Cystic Fibrosis R-HSA-5678895,3/60,0.0222156039824466,0.0498282191018719,0,0,5.274646005877639,20.080368230600836,UBC;RPS27A;UBA52
Reactome_2022,Recruitment And ATM-mediated Phosphorylation Of Repair And Signal Proteins At DNA Double Strand Breaks R-HSA-5693565,3/60,0.0222156039824466,0.0498282191018719,0,0,5.274646005877639,20.080368230600836,UBC;RPS27A;UBA52
Reactome_2022,Dectin-1 Mediated Noncanonical NF-kB Signaling R-HSA-5607761,3/61,0.0231968013804758,0.0518824233692896,0,0,5.183441274286714,19.50912983009035,UBC;RPS27A;UBA52
Reactome_2022,DARPP-32 Events R-HSA-180024,2/24,0.0237689324469591,0.0528642363106038,0,0,9.08080808080808,33.956554984338226,PDE4B;CALM1
Reactome_2022,RHO GTPases Activate NADPH Oxidases R-HSA-5668599,2/24,0.0237689324469591,0.0528642363106038,0,0,9.08080808080808,33.956554984338226,RAC2;CYBA
Reactome_2022,Asymmetric Localization Of PCP Proteins R-HSA-4608870,3/62,0.0242012368323431,0.0532293131437131,0,0,5.095328228512432,18.96150754157799,UBC;RPS27A;UBA52
Reactome_2022,Pre-NOTCH Transcription And Translation R-HSA-1912408,3/62,0.0242012368323431,0.0532293131437131,0,0,5.095328228512432,18.96150754157799,H2AZ1;H2AZ2;H3-3B
Reactome_2022,RHO GTPases Activate PKNs R-HSA-5625740,3/62,0.0242012368323431,0.0532293131437131,0,0,5.095328228512432,18.96150754157799,H2AZ1;H2AZ2;H3-3B
Reactome_2022,Regulation Of Actin Dynamics For Phagocytic Cup Formation R-HSA-2029482,3/62,0.0242012368323431,0.0532293131437131,0,0,5.095328228512432,18.96150754157799,ARPC2;WIPF1;CD247
Reactome_2022,Autodegradation Of Cdh1 By Cdh1:APC/C R-HSA-174084,3/63,0.0252288983054118,0.0549865469693182,0,0,5.01015228426396,18.43618393885774,UBC;RPS27A;UBA52
Reactome_2022,Cytosolic Sensors Of Pathogen-Associated DNA R-HSA-1834949,3/63,0.0252288983054118,0.0549865469693182,0,0,5.01015228426396,18.43618393885774,UBC;RPS27A;UBA52
Reactome_2022,Peroxisomal Protein Import R-HSA-9033241,3/63,0.0252288983054118,0.0549865469693182,0,0,5.01015228426396,18.43618393885774,UBC;RPS27A;UBA52
Reactome_2022,Anti-inflammatory Response Favoring Leishmania Infection R-HSA-9662851,5/165,0.0252771909871551,0.0549865469693182,0,0,3.1474358974358974,11.575806028582386,PTGER4;GNG2;FYN;CD247;CALM1
Reactome_2022,Gap-filling DNA Repair Synthesis And Ligation In TC-NER R-HSA-6782210,3/64,0.0262797663190797,0.0567014523297535,0,0,4.927768993925272,17.931934435559224,UBC;RPS27A;UBA52
Reactome_2022,Hedgehog Ligand Biogenesis R-HSA-5358346,3/64,0.0262797663190797,0.0567014523297535,0,0,4.927768993925272,17.931934435559224,UBC;RPS27A;UBA52
Reactome_2022,Oxygen-dependent Proline Hydroxylation Of Hypoxia-inducible Factor Alpha R-HSA-1234176,3/64,0.0262797663190797,0.0567014523297535,0,0,4.927768993925272,17.931934435559224,UBC;RPS27A;UBA52
Reactome_2022,Vesicle-mediated Transport R-HSA-5653656,12/637,0.0269021901412515,0.0578870974855114,0,0,1.9582978723404256,7.080319128947813,HSPA8;ARPC2;FNBP1;FTH1;UBC;VPS37B;CALM1;RPS27A;IL7R;CD3D;UBA52;ARF6
Reactome_2022,Dual Incision In TC-NER R-HSA-6782135,3/65,0.0273538141573354,0.0583842162390438,0,0,4.848043229081382,17.447619395780233,UBC;RPS27A;UBA52
Reactome_2022,Regulation Of RAS By GAPs R-HSA-5658442,3/65,0.0273538141573354,0.0583842162390438,0,0,4.848043229081382,17.447619395780233,UBC;RPS27A;UBA52
Reactome_2022,p53-Dependent G1 DNA Damage Response R-HSA-69563,3/65,0.0273538141573354,0.0583842162390438,0,0,4.848043229081382,17.447619395780233,UBC;RPS27A;UBA52
Reactome_2022,Macroautophagy R-HSA-1632852,4/114,0.0276467139110662,0.0588511818911168,0,0,3.653061224489796,13.108091108377458,HSPA8;UBC;RPS27A;UBA52
Reactome_2022,Separation Of Sister Chromatids R-HSA-2467813,5/170,0.0282671691748701,0.0600110489969169,0,0,3.051282051282051,10.881037319592508,RPS27;UBC;PPP2R5C;RPS27A;UBA52
Reactome_2022,Integrin Cell Surface Interactions R-HSA-216083,3/66,0.0284510080327513,0.0600800541968206,0,0,4.7708484408992025,16.982177034654356,ITGB2;ICAM3;CD44
Reactome_2022,RUNX1 Regulates Genes Involved In Megakaryocyte Differentiation And Platelet Function R-HSA-8936459,3/66,0.0284510080327513,0.0600800541968206,0,0,4.7708484408992025,16.982177034654356,H2AZ1;H2AZ2;H3-3B
Reactome_2022,Mitotic Anaphase R-HSA-68882,6/232,0.0294780387031516,0.0616262940356856,0,0,2.678678952650305,9.43995859705951,RPS27;UBC;PPP2R5C;RPS27A;UBA52;TUBA4A
Reactome_2022,APC/C:Cdc20 Mediated Degradation Of Securin R-HSA-174154,3/67,0.0295713073395418,0.0616262940356856,0,0,4.696065989847716,16.534616995789808,UBC;RPS27A;UBA52
Reactome_2022,G1/S DNA Damage Checkpoints R-HSA-69615,3/67,0.0295713073395418,0.0616262940356856,0,0,4.696065989847716,16.534616995789808,UBC;RPS27A;UBA52
Reactome_2022,HDR Thru Homologous Recombination (HRR) R-HSA-5685942,3/67,0.0295713073395418,0.0616262940356856,0,0,4.696065989847716,16.534616995789808,UBC;RPS27A;UBA52
Reactome_2022,Regulation Of PTEN Stability And Activity R-HSA-8948751,3/67,0.0295713073395418,0.0616262940356856,0,0,4.696065989847716,16.534616995789808,UBC;RPS27A;UBA52
Reactome_2022,Mitotic Metaphase And Anaphase R-HSA-2555396,6/233,0.0300152354536355,0.0623876883512739,0,0,2.6667423588718835,9.349732521407814,RPS27;UBC;PPP2R5C;RPS27A;UBA52;TUBA4A
Reactome_2022,Ion Channel Transport R-HSA-983712,5/175,0.0314727888191887,0.0652464603718951,0,0,2.9607843137254903,10.24026323484672,TSC22D3;UBC;CALM1;RPS27A;UBA52
Reactome_2022,Estrogen-dependent Gene Expression R-HSA-9018519,4/119,0.0316752226302636,0.0654951217927847,0,0,3.4933451641526174,12.059797873871938,H2AZ1;H2AZ2;KPNA2;H3-3B
Reactome_2022,Orc1 Removal From Chromatin R-HSA-68949,3/69,0.0318810265797797,0.0657494418294678,0,0,4.553299492385787,15.689505426965288,UBC;RPS27A;UBA52
Reactome_2022,RAC1 GTPase Cycle R-HSA-9013149,5/178,0.0335012350705195,0.0689118669585298,0,0,2.908996591077516,9.879455601323718,FMNL1;WIPF1;ARHGDIB;TAGAP;CYBA
Reactome_2022,Activation Of Kainate Receptors Upon Glutamate Binding R-HSA-451326,2/29,0.0338474516440146,0.0694441255952134,0,0,7.397306397306397,25.046477343523872,GNG2;CALM1
Reactome_2022,Diseases Of Programmed Cell Death R-HSA-9645723,3/71,0.0342825169101805,0.069975111636718,0,0,4.418931024186325,14.905583581524706,H2AZ1;H2AZ2;H3-3B
Reactome_2022,"Plasma Lipoprotein Assembly, Remodeling, And Clearance R-HSA-174824",3/71,0.0342825169101805,0.069975111636718,0,0,4.418931024186325,14.905583581524706,UBC;RPS27A;UBA52
Reactome_2022,CDK-mediated Phosphorylation And Removal Of Cdc6 R-HSA-69017,3/72,0.0355175071354049,0.071758016960589,0,0,4.354667843743103,14.534703522115317,UBC;RPS27A;UBA52
Reactome_2022,Cdc20:Phospho-APC/C Mediated Degradation Of Cyclin A R-HSA-174184,3/72,0.0355175071354049,0.071758016960589,0,0,4.354667843743103,14.534703522115317,UBC;RPS27A;UBA52
Reactome_2022,Regulation Of RUNX2 Expression And Activity R-HSA-8939902,3/72,0.0355175071354049,0.071758016960589,0,0,4.354667843743103,14.534703522115317,UBC;RPS27A;UBA52
Reactome_2022,Signaling By FGFR2 R-HSA-5654738,3/72,0.0355175071354049,0.071758016960589,0,0,4.354667843743103,14.534703522115317,UBC;RPS27A;UBA52
Reactome_2022,DNA Repair R-HSA-73894,7/310,0.0367564124218797,0.0735504509493277,0,0,2.333812137690453,7.709614391407912,H2AZ1;H2AZ2;UBC;ISG15;RPS27A;KPNA2;UBA52
Reactome_2022,APC/C:Cdh1 Mediated Degradation Of Cdc20 And APC/C:Cdh1 Targets In Late Mitosis/Early G1 R-HSA-174178,3/73,0.0367752254746638,0.0735504509493277,0,0,4.292240754169688,14.17697453700434,UBC;RPS27A;UBA52
Reactome_2022,APC:Cdc20 Mediated Degradation Of Cell Cycle Proteins Before Cycle Checkpoint Satisfied R-HSA-179419,3/73,0.0367752254746638,0.0735504509493277,0,0,4.292240754169688,14.17697453700434,UBC;RPS27A;UBA52
Reactome_2022,Cellular Response To Hypoxia R-HSA-1234174,3/73,0.0367752254746638,0.0735504509493277,0,0,4.292240754169688,14.17697453700434,UBC;RPS27A;UBA52
Reactome_2022,NoRC Negatively Regulates rRNA Expression R-HSA-427413,3/74,0.0380555884306284,0.0755403430347975,0,0,4.231572174161721,13.83177100318916,H2AZ1;H2AZ2;H3-3B
Reactome_2022,Positive Epigenetic Regulation Of rRNA Expression R-HSA-5250913,3/74,0.0380555884306284,0.0755403430347975,0,0,4.231572174161721,13.83177100318916,H2AZ1;H2AZ2;H3-3B
Reactome_2022,Signaling By NOTCH1 R-HSA-1980143,3/74,0.0380555884306284,0.0755403430347975,0,0,4.231572174161721,13.83177100318916,UBC;RPS27A;UBA52
Reactome_2022,Antigen Activates B Cell Receptor Leading To Second Messenger Generation R-HSA-983695,2/31,0.0382674239788824,0.0757714080778868,0,0,6.886450714036921,22.47156498788087,FYN;CALM1
Reactome_2022,APC/C:Cdc20 Mediated Degradation Of Mitotic Proteins R-HSA-176409,3/75,0.0393585070908985,0.0777379468412274,0,0,4.1725888324873095,13.498504866555718,UBC;RPS27A;UBA52
Reactome_2022,RNA Polymerase II Transcription R-HSA-73857,20/1312,0.0396384487493318,0.0780965962952096,0,0,1.5916752665978673,5.137857255338754,H2AZ1;ZNF331;H2AZ2;CNOT6L;BTG1;TNFRSF18;SLC2A3;PPP2R5C;RUNX3;NR4A2;CCND2;RGCC;UBC;DDIT4;SRSF2;CALM1;RPS27A;SRSF7;UBA52;H3-3B
Reactome_2022,RAF Activation R-HSA-5673000,2/32,0.0405554933220173,0.07956405536985,0,0,6.656565656565657,21.334852328849312,PPP2R5C;CALM1
Reactome_2022,Activation Of APC/C And APC/C:Cdc20 Mediated Degradation Of Mitotic Proteins R-HSA-176814,3/76,0.0406838872546084,0.07956405536985,0,0,4.115221472776581,13.17662292356699,UBC;RPS27A;UBA52
Reactome_2022,Transcriptional Regulation By Small RNAs R-HSA-5578749,3/76,0.0406838872546084,0.07956405536985,0,0,4.115221472776581,13.17662292356699,H2AZ1;H2AZ2;H3-3B
Reactome_2022,ABC Transporter Disorders R-HSA-5619084,3/77,0.0420316296186853,0.0815968555433647,0,0,4.059404582247222,12.865604326296657,UBC;RPS27A;UBA52
Reactome_2022,Negative Epigenetic Regulation Of rRNA Expression R-HSA-5250941,3/77,0.0420316296186853,0.0815968555433647,0,0,4.059404582247222,12.865604326296657,H2AZ1;H2AZ2;H3-3B
Reactome_2022,Transcription-Coupled Nucleotide Excision Repair (TC-NER) R-HSA-6781827,3/77,0.0420316296186853,0.0815968555433647,0,0,4.059404582247222,12.865604326296657,UBC;RPS27A;UBA52
Reactome_2022,CaM Pathway R-HSA-111997,2/33,0.0428939515536669,0.0828656874297118,0,0,6.4415118931247966,20.28447846195992,KPNA2;CALM1
Reactome_2022,Packaging Of Telomere Ends R-HSA-171306,2/33,0.0428939515536669,0.0828656874297118,0,0,6.4415118931247966,20.28447846195992,H2AZ1;H2AZ2
Reactome_2022,FCERI Mediated NF-kB Activation R-HSA-2871837,3/78,0.0434016299293596,0.0830382991901483,0,0,4.00507614213198,12.564958299367063,UBC;RPS27A;UBA52
Reactome_2022,Nuclear Events Mediated By NFE2L2 R-HSA-9759194,3/78,0.0434016299293596,0.0830382991901483,0,0,4.00507614213198,12.564958299367063,UBC;RPS27A;UBA52
Reactome_2022,Pre-NOTCH Expression And Processing R-HSA-1912422,3/78,0.0434016299293596,0.0830382991901483,0,0,4.00507614213198,12.564958299367063,H2AZ1;H2AZ2;H3-3B
Reactome_2022,RNA Polymerase I Promoter Clearance R-HSA-73854,3/78,0.0434016299293596,0.0830382991901483,0,0,4.00507614213198,12.564958299367063,H2AZ1;H2AZ2;H3-3B
Reactome_2022,Signaling By GPCR R-HSA-372790,12/689,0.0446636820979132,0.0852475086195747,0,0,1.802979351959521,5.604731856922439,PTGER4;PRPF38B;GNG2;RGS1;GPR183;GPR65;CCL5;PDE4B;CXCR4;CALM1;KPNA2;GPSM3
Reactome_2022,RNA Polymerase I Transcription R-HSA-73864,3/79,0.044793779119631,0.0852907928560839,0,0,3.952177397809244,12.274222046062532,H2AZ1;H2AZ2;H3-3B
Reactome_2022,CD28 Co-Stimulation R-HSA-389356,2/34,0.0452815731960364,0.0858080408535868,0,0,6.23989898989899,19.311583224616665,LCK;FYN
Reactome_2022,EPHB-mediated Forward Signaling R-HSA-3928662,2/34,0.0452815731960364,0.0858080408535868,0,0,6.23989898989899,19.311583224616665,ARPC2;FYN
Reactome_2022,Processing Of DNA Double-Strand Break Ends R-HSA-5693607,3/80,0.0462079634844281,0.0871475605858335,0,0,3.90065264684554,11.99295882125826,UBC;RPS27A;UBA52
Reactome_2022,Regulation Of APC/C Activators Between G1/S And Early Anaphase R-HSA-176408,3/80,0.0462079634844281,0.0871475605858335,0,0,3.90065264684554,11.99295882125826,UBC;RPS27A;UBA52
Reactome_2022,Signaling By NOTCH4 R-HSA-9013694,3/81,0.047644064808467,0.089568365760357,0,0,3.850449043342445,11.720756163276285,UBC;RPS27A;UBA52
Reactome_2022,Ca-dependent Events R-HSA-111996,2/35,0.0477171520360592,0.089568365760357,0,0,6.05050505050505,18.408446001894514,KPNA2;CALM1
Reactome_2022,Late Phase Of HIV Life Cycle R-HSA-162599,4/136,0.0478304724158974,0.0895693280618457,0,0,3.0408163265306123,9.24436243489024,UBC;VPS37B;RPS27A;UBA52
Reactome_2022,Drug-mediated Inhibition Of CDK4/CDK6 Activity R-HSA-9754119,1/5,0.049014519870416,0.0904569759969079,0,0,24.86934673366834,74.99696447567176,CCND2
Reactome_2022,RUNX3 Regulates BCL2L11 (BIM) Transcription R-HSA-8952158,1/5,0.049014519870416,0.0904569759969079,0,0,24.86934673366834,74.99696447567176,RUNX3
Reactome_2022,Reelin Signaling Pathway R-HSA-8866376,1/5,0.049014519870416,0.0904569759969079,0,0,24.86934673366834,74.99696447567176,FYN
Reactome_2022,Signaling By MST1 R-HSA-8852405,1/5,0.049014519870416,0.0904569759969079,0,0,24.86934673366834,74.99696447567176,STK4
Reactome_2022,Signaling By Membrane-Tethered Fusions Of PDGFRA Or PDGFRB R-HSA-9673768,1/5,0.049014519870416,0.0904569759969079,0,0,24.86934673366834,74.99696447567176,BIN2
Reactome_2022,Cyclin E Associated Events During G1/S Transition R-HSA-69202,3/82,0.049101960522251,0.0904569759969079,0,0,3.801516417143224,11.457224263457675,UBC;RPS27A;UBA52
Reactome_2022,Global Genome Nucleotide Excision Repair (GG-NER) R-HSA-5696399,3/82,0.049101960522251,0.0904569759969079,0,0,3.801516417143224,11.457224263457675,UBC;RPS27A;UBA52
Reactome_2022,RHO GTPases Activate WASPs And WAVEs R-HSA-5663213,2/36,0.0501995008461569,0.0920517405816365,0,0,5.872251931075461,17.568310863627904,ARPC2;WIPF1
Reactome_2022,ROS And RNS Production In Phagocytes R-HSA-1222556,2/36,0.0501995008461569,0.0920517405816365,0,0,5.872251931075461,17.568310863627904,RAC2;CYBA
Reactome_2022,Platelet Homeostasis R-HSA-418346,3/83,0.0505815238385671,0.0925385482207886,0,0,3.753807106598985,11.201994465025969,GNG2;PPP2R5C;CALM1
Reactome_2022,PTEN Regulation R-HSA-6807070,4/139,0.0510769764470063,0.0932301593078691,0,0,2.9727891156462585,8.842327688335232,CNOT6L;UBC;RPS27A;UBA52
Reactome_2022,Cyclin A:Cdk2-associated Events At S Phase Entry R-HSA-69656,3/84,0.0520826238943719,0.0948477141562645,0,0,3.707275803722504,10.954717877625804,UBC;RPS27A;UBA52
Reactome_2022,Generic Transcription Pathway R-HSA-212436,18/1190,0.0526446598009979,0.0955835529895234,0,0,1.5719536436259989,4.628130942862075,H2AZ1;ZNF331;H2AZ2;CNOT6L;BTG1;TNFRSF18;SLC2A3;PPP2R5C;RUNX3;NR4A2;CCND2;RGCC;UBC;DDIT4;CALM1;RPS27A;UBA52;H3-3B
Reactome_2022,Cleavage Of Damaged Purine R-HSA-110331,2/37,0.0527274511453542,0.0955835529895234,0,0,5.704184704184704,16.785242657704043,H2AZ1;H2AZ2
Reactome_2022,Hedgehog On State R-HSA-5632684,3/85,0.0536051258792773,0.0969532345060277,0,0,3.661879410672279,10.71506409870918,UBC;RPS27A;UBA52
Reactome_2022,Signaling By FGFR R-HSA-190236,3/86,0.055148891178145,0.0995186808987435,0,0,3.617576906611216,10.482720030479646,UBC;RPS27A;UBA52
Reactome_2022,APC/C-mediated Degradation Of Cell Cycle Proteins R-HSA-174143,3/87,0.0567137775073644,0.1021105200472729,0,0,3.574329224075417,10.257388785645556,UBC;RPS27A;UBA52
Reactome_2022,DAG And IP3 Signaling R-HSA-1489509,2/39,0.0579155744332589,0.1037281790719339,0,0,5.395304395304395,15.369975594462096,KPNA2;CALM1
Reactome_2022,Meiosis R-HSA-1500620,3/88,0.0582996390300356,0.1037281790719339,0,0,3.532099134069872,10.038788675236006,H2AZ1;H2AZ2;H3-3B
Reactome_2022,Activated NTRK2 Signals Thru FYN R-HSA-9032500,1/6,0.0585267307609904,0.1037281790719339,0,0,19.894472361809044,56.46591775214154,FYN
Reactome_2022,Binding And Entry Of HIV Virion R-HSA-173107,1/6,0.0585267307609904,0.1037281790719339,0,0,19.894472361809044,56.46591775214154,CXCR4
Reactome_2022,RUNX3 Regulates Immune Response And Cell Migration R-HSA-8949275,1/6,0.0585267307609904,0.1037281790719339,0,0,19.894472361809044,56.46591775214154,RUNX3
Reactome_2022,Sensing Of DNA Double Strand Breaks R-HSA-5693548,1/6,0.0585267307609904,0.1037281790719339,0,0,19.894472361809044,56.46591775214154,KPNA2
Reactome_2022,Synthesis Of Lipoxins (LX) R-HSA-2142700,1/6,0.0585267307609904,0.1037281790719339,0,0,19.894472361809044,56.46591775214154,ALOX5AP
Reactome_2022,Mitotic G1 Phase And G1/S Transition R-HSA-453279,4/147,0.0603095808388597,0.1066499046460013,0,0,2.805337519623234,7.878129210447092,CCND2;UBC;RPS27A;UBA52
Reactome_2022,MAPK6/MAPK4 Signaling R-HSA-5687128,3/90,0.0615336873024211,0.1080923622082353,0,0,3.450551374059163,9.62072552614985,UBC;RPS27A;UBA52
Reactome_2022,Regulation Of TP53 Activity Thru Phosphorylation R-HSA-6804756,3/90,0.0615336873024211,0.1080923622082353,0,0,3.450551374059163,9.62072552614985,UBC;RPS27A;UBA52
Reactome_2022,Switching Of Origins To A Post-Replicative State R-HSA-69052,3/90,0.0615336873024211,0.1080923622082353,0,0,3.450551374059163,9.62072552614985,UBC;RPS27A;UBA52
Reactome_2022,DNA Double-Strand Break Repair R-HSA-5693532,4/149,0.0627473419326677,0.1099809922616737,0,0,2.7663617171006334,7.659057108220177,UBC;KPNA2;RPS27A;UBA52
Reactome_2022,Activation Of HOX Genes During Differentiation R-HSA-5619507,3/91,0.063181565752201,0.1100135158053675,0,0,3.411167512690356,9.420766981809484,H2AZ1;H2AZ2;H3-3B
Reactome_2022,EPH-Ephrin Signaling R-HSA-2682334,3/91,0.063181565752201,0.1100135158053675,0,0,3.411167512690356,9.420766981809484,ARPC2;FYN;MYL12A
Reactome_2022,Signaling By TGF-beta Receptor Complex R-HSA-170834,3/91,0.063181565752201,0.1100135158053675,0,0,3.411167512690356,9.420766981809484,UBC;RPS27A;UBA52
Reactome_2022,Telomere Maintenance R-HSA-157579,3/92,0.0648498030509546,0.1124272593463506,0,0,3.3726686819141047,9.226546999073705,H2AZ1;H2AZ2;H3-3B
Reactome_2022,Cell Cycle R-HSA-1640170,11/654,0.0648509883887009,0.1124272593463506,0,0,1.7339932689854929,4.743621448748731,H2AZ1;EML4;H2AZ2;RPS27;CCND2;UBC;PPP2R5C;RPS27A;UBA52;TUBA4A;H3-3B
Reactome_2022,Transcriptional Regulation By TP53 R-HSA-3700989,7/354,0.0656994394738363,0.113650010767377,0,0,2.0332830628182346,5.535948396662,CNOT6L;RGCC;UBC;DDIT4;PPP2R5C;RPS27A;UBA52
Reactome_2022,Cleavage Of Damaged Pyrimidine R-HSA-110329,2/42,0.0660116079502312,0.1136946132591834,0,0,4.98989898989899,13.5621695873434,H2AZ1;H2AZ2
Reactome_2022,NS1 Mediated Effects On Host Pathways R-HSA-168276,2/42,0.0660116079502312,0.1136946132591834,0,0,4.98989898989899,13.5621695873434,ISG15;KPNA2
Reactome_2022,Interleukin-1 Family Signaling R-HSA-446652,4/152,0.0665001173925767,0.1138606907727636,0,0,2.709873138444567,7.345250879126401,UBC;PTPN7;RPS27A;UBA52
Reactome_2022,RAC3 GTPase Cycle R-HSA-9013423,3/93,0.0665382374289198,0.1138606907727636,0,0,3.33502538071066,9.037847070802028,IL32;ARHGDIB;CYBA
Reactome_2022,VEGFA-VEGFR2 Pathway R-HSA-4420097,3/93,0.0665382374289198,0.1138606907727636,0,0,3.33502538071066,9.037847070802028,CYBA;FYN;CALM1
Reactome_2022,Activation Of RAC1 Downstream Of NMDARs R-HSA-9619229,1/7,0.0679442688885301,0.1152729690117369,0,0,16.57788944723618,44.57906348265406,CALM1
Reactome_2022,Insulin-like Growth Factor-2 mRNA Binding Proteins (IGF2BPs/IMPs/VICKZs) Bind RNA R-HSA-428359,1/7,0.0679442688885301,0.1152729690117369,0,0,16.57788944723618,44.57906348265406,CD44
Reactome_2022,RUNX3 Regulates CDKN1A Transcription R-HSA-8941855,1/7,0.0679442688885301,0.1152729690117369,0,0,16.57788944723618,44.57906348265406,RUNX3
Reactome_2022,Vitamin C (Ascorbate) Metabolism R-HSA-196836,1/7,0.0679442688885301,0.1152729690117369,0,0,16.57788944723618,44.57906348265406,SLC2A3
Reactome_2022,UCH Proteinases R-HSA-5689603,3/95,0.0699750364747784,0.1184652003432284,0,0,3.2621937762083424,8.676185118672581,UBC;RPS27A;UBA52
Reactome_2022,"Base-Excision Repair, AP Site Formation R-HSA-73929",2/44,0.0716056114889121,0.1204552023775344,0,0,4.751803751803752,12.52851945708889,H2AZ1;H2AZ2
Reactome_2022,Interleukin-2 Family Signaling R-HSA-451927,2/44,0.0716056114889121,0.1204552023775344,0,0,4.751803751803752,12.52851945708889,LCK;IL2RG
Reactome_2022,"Interleukin-3, Interleukin-5 And GM-CSF Signaling R-HSA-512988",2/44,0.0716056114889121,0.1204552023775344,0,0,4.751803751803752,12.52851945708889,FYN;IL2RG
Reactome_2022,Regulation Of TP53 Activity R-HSA-5633007,4/157,0.0730084066980713,0.1225553380935912,0,0,2.6206482593037217,6.858710004375623,UBC;PPP2R5C;RPS27A;UBA52
Reactome_2022,EML4 And NUDC In Mitotic Spindle Formation R-HSA-9648025,3/97,0.0734906143235922,0.1231045311665237,0,0,3.1924613889188898,8.33423196719981,EML4;RPS27;PPP2R5C
Reactome_2022,Hedgehog Off State R-HSA-5610787,3/98,0.0752775128137596,0.1258323056297371,0,0,3.158696232968208,8.170200992229566,UBC;RPS27A;UBA52
Reactome_2022,Binding Of TCF/LEF:CTNNB1 To Target Gene Promoters R-HSA-4411364,1/8,0.0772680713380291,0.1278142680049898,0,0,14.208901651112706,36.38152974515558,RUNX3
Reactome_2022,Cross-presentation Of Particulate Exogenous Antigens (Phagosomes) R-HSA-1236973,1/8,0.0772680713380291,0.1278142680049898,0,0,14.208901651112706,36.38152974515558,CYBA
Reactome_2022,Nef Mediated CD4 Down-regulation R-HSA-167590,1/8,0.0772680713380291,0.1278142680049898,0,0,14.208901651112706,36.38152974515558,LCK
Reactome_2022,RUNX3 Regulates WNT Signaling R-HSA-8951430,1/8,0.0772680713380291,0.1278142680049898,0,0,14.208901651112706,36.38152974515558,RUNX3
Reactome_2022,RUNX3 Regulates YAP1-mediated Transcription R-HSA-8951671,1/8,0.0772680713380291,0.1278142680049898,0,0,14.208901651112706,36.38152974515558,RUNX3
Reactome_2022,KEAP1-NFE2L2 Pathway R-HSA-9755511,3/100,0.0789086435328542,0.130256679761094,0,0,3.0932544874143075,7.855209980826792,UBC;RPS27A;UBA52
Reactome_2022,PLC Beta Mediated Events R-HSA-112043,2/47,0.0802708691611082,0.1322304359209957,0,0,4.434343434343434,11.184959505346583,KPNA2;CALM1
Reactome_2022,ABC-family Proteins Mediated Transport R-HSA-382556,3/102,0.0826150134639867,0.1355295882033171,0,0,3.030456852791878,7.5566376689451715,UBC;RPS27A;UBA52
Reactome_2022,Signaling By VEGF R-HSA-194138,3/102,0.0826150134639867,0.1355295882033171,0,0,3.030456852791878,7.5566376689451715,CYBA;FYN;CALM1
Reactome_2022,Netrin-1 Signaling R-HSA-373752,2/49,0.0862189382580095,0.1387479968676357,0,0,4.24521813883516,10.404458354124063,FYN;EZR
Reactome_2022,TP53 Regulates Transcription Of Cell Cycle Genes R-HSA-6791312,2/49,0.0862189382580095,0.1387479968676357,0,0,4.24521813883516,10.404458354124063,CNOT6L;RGCC
Reactome_2022,mRNA Splicing - Minor Pathway R-HSA-72165,2/49,0.0862189382580095,0.1387479968676357,0,0,4.24521813883516,10.404458354124063,SRSF2;SRSF7
Reactome_2022,Activation Of Ca-permeable Kainate Receptor R-HSA-451308,1/9,0.0864990660572792,0.1387479968676357,0,0,12.4321608040201,30.429226090981548,CALM1
Reactome_2022,CHL1 Interactions R-HSA-447041,1/9,0.0864990660572792,0.1387479968676357,0,0,12.4321608040201,30.429226090981548,HSPA8
Reactome_2022,Calcineurin Activates NFAT R-HSA-2025928,1/9,0.0864990660572792,0.1387479968676357,0,0,12.4321608040201,30.429226090981548,CALM1
Reactome_2022,Interleukin-9 Signaling R-HSA-8985947,1/9,0.0864990660572792,0.1387479968676357,0,0,12.4321608040201,30.429226090981548,IL2RG
Reactome_2022,Lipophagy R-HSA-9613354,1/9,0.0864990660572792,0.1387479968676357,0,0,12.4321608040201,30.429226090981548,HSPA8
Reactome_2022,MET Receptor Recycling R-HSA-8875656,1/9,0.0864990660572792,0.1387479968676357,0,0,12.4321608040201,30.429226090981548,ARF6
Reactome_2022,Prostanoid Ligand Receptors R-HSA-391908,1/9,0.0864990660572792,0.1387479968676357,0,0,12.4321608040201,30.429226090981548,PTGER4
Reactome_2022,Synthesis Of 5-Eicosatetraenoic Acids R-HSA-2142688,1/9,0.0864990660572792,0.1387479968676357,0,0,12.4321608040201,30.429226090981548,ALOX5AP
Reactome_2022,Gene Expression (Transcription) R-HSA-74160,20/1449,0.0890820023927631,0.1426030441529313,0,0,1.4284270274473214,3.4542193212907883,H2AZ1;ZNF331;H2AZ2;CNOT6L;BTG1;TNFRSF18;SLC2A3;PPP2R5C;RUNX3;NR4A2;CCND2;RGCC;UBC;DDIT4;SRSF2;CALM1;RPS27A;SRSF7;UBA52;H3-3B
Reactome_2022,Gene Silencing By RNA R-HSA-211000,3/108,0.0941706690966622,0.1497765455874706,0,0,2.856417693981146,6.748705308028375,H2AZ1;H2AZ2;H3-3B
Reactome_2022,Nucleotide Excision Repair R-HSA-5696398,3/108,0.0941706690966622,0.1497765455874706,0,0,2.856417693981146,6.748705308028375,UBC;RPS27A;UBA52
Reactome_2022,G-protein Mediated Events R-HSA-112040,2/52,0.0953787922697506,0.1497765455874706,0,0,3.98989898989899,9.375859760148904,KPNA2;CALM1
Reactome_2022,Activation Of AMPK Downstream Of NMDARs R-HSA-9619483,1/10,0.0956381720564831,0.1497765455874706,0,0,11.050251256281408,25.93696464958489,CALM1
Reactome_2022,Competing Endogenous RNAs (ceRNAs) Regulate PTEN Translation R-HSA-8948700,1/10,0.0956381720564831,0.1497765455874706,0,0,11.050251256281408,25.93696464958489,CNOT6L
Reactome_2022,Interleukin-21 Signaling R-HSA-9020958,1/10,0.0956381720564831,0.1497765455874706,0,0,11.050251256281408,25.93696464958489,IL2RG
Reactome_2022,RUNX1 And FOXP3 Control Development Of Regulatory T Lymphocytes (Tregs) R-HSA-8877330,1/10,0.0956381720564831,0.1497765455874706,0,0,11.050251256281408,25.93696464958489,TNFRSF18
Reactome_2022,RUNX3 Regulates p14-ARF R-HSA-8951936,1/10,0.0956381720564831,0.1497765455874706,0,0,11.050251256281408,25.93696464958489,RUNX3
Reactome_2022,STAT3 Nuclear Events Downstream Of ALK Signaling R-HSA-9701898,1/10,0.0956381720564831,0.1497765455874706,0,0,11.050251256281408,25.93696464958489,IL2RG
Reactome_2022,Sodium/Calcium Exchangers R-HSA-425561,1/10,0.0956381720564831,0.1497765455874706,0,0,11.050251256281408,25.93696464958489,CALM1
Reactome_2022,"Tetrahydrobiopterin (BH4) Synthesis, Recycling, Salvage And Regulation R-HSA-1474151",1/10,0.0956381720564831,0.1497765455874706,0,0,11.050251256281408,25.93696464958489,CALM1
Reactome_2022,Deposition Of New CENPA-containing Nucleosomes At Centromere R-HSA-606279,2/53,0.0984917971521169,0.1539419034227969,0,0,3.9114676173499694,9.065929283683165,H2AZ1;H2AZ2
Reactome_2022,Mitotic Prophase R-HSA-68875,3/112,0.1022228778109617,0.1594596561530523,0,0,2.751036184976482,6.27401249877334,H2AZ1;H2AZ2;H3-3B
Reactome_2022,Reproduction R-HSA-1474165,3/113,0.1042776844975899,0.1603329976007053,0,0,2.7258883248730963,6.162409997576357,H2AZ1;H2AZ2;H3-3B
Reactome_2022,CLEC7A (Dectin-1) Induces NFAT Activation R-HSA-5607763,1/11,0.1046862992439068,0.1603329976007053,0,0,9.944723618090451,22.4431232477853,CALM1
Reactome_2022,Killing Mechanisms R-HSA-9664420,1/11,0.1046862992439068,0.1603329976007053,0,0,9.944723618090451,22.4431232477853,CYBA
Reactome_2022,RHO GTPases Activate IQGAPs R-HSA-5626467,1/11,0.1046862992439068,0.1603329976007053,0,0,9.944723618090451,22.4431232477853,CALM1
Reactome_2022,Reduction Of Cytosolic Ca++ Levels R-HSA-418359,1/11,0.1046862992439068,0.1603329976007053,0,0,9.944723618090451,22.4431232477853,CALM1
Reactome_2022,Regulation Of PTEN mRNA Translation R-HSA-8943723,1/11,0.1046862992439068,0.1603329976007053,0,0,9.944723618090451,22.4431232477853,CNOT6L
Reactome_2022,Uptake And Function Of Anthrax Toxins R-HSA-5210891,1/11,0.1046862992439068,0.1603329976007053,0,0,9.944723618090451,22.4431232477853,CALM1
Reactome_2022,eNOS Activation R-HSA-203615,1/11,0.1046862992439068,0.1603329976007053,0,0,9.944723618090451,22.4431232477853,CALM1
Reactome_2022,Golgi Associated Vesicle Biogenesis R-HSA-432722,2/55,0.1048020475500832,0.1603329976007053,0,0,3.763483895559368,8.489222766072233,HSPA8;FTH1
Reactome_2022,Signaling By ALK Fusions And Activated Point Mutants R-HSA-9725370,2/55,0.1048020475500832,0.1603329976007053,0,0,3.763483895559368,8.489222766072233,EML4;TPM3
Reactome_2022,HDR Thru Homologous Recombination (HRR) Or Single Strand Annealing (SSA) R-HSA-5693567,3/114,0.1063487931507688,0.1620747442643194,0,0,2.7011935793661683,6.0534587787747896,UBC;RPS27A;UBA52
Reactome_2022,Interleukin-1 Signaling R-HSA-9020702,3/114,0.1063487931507688,0.1620747442643194,0,0,2.7011935793661683,6.0534587787747896,UBC;RPS27A;UBA52
Reactome_2022,Chemokine Receptors Bind Chemokines R-HSA-380108,2/56,0.1079975643594305,0.1642721572823522,0,0,3.6936026936026938,8.220654292796869,CCL5;CXCR4
Reactome_2022,Cellular Response To Chemical Stress R-HSA-9711123,4/182,0.1100876128420356,0.1668121461766723,0,0,2.249713368493465,4.9639447407887465,UBC;CYBA;RPS27A;UBA52
Reactome_2022,G2/M Transition R-HSA-69275,4/182,0.1100876128420356,0.1668121461766723,0,0,2.249713368493465,4.9639447407887465,UBC;RPS27A;UBA52;TUBA4A
Reactome_2022,Epigenetic Regulation Of Gene Expression R-HSA-212165,3/116,0.1105391091889974,0.167177243230598,0,0,2.6531153137774584,5.843183735135943,H2AZ1;H2AZ2;H3-3B
Reactome_2022,Mitotic G2-G2/M Phases R-HSA-453274,4/184,0.11336223733964,0.1699314743356735,0,0,2.224489795918368,4.843085658071071,UBC;RPS27A;UBA52;TUBA4A
Reactome_2022,ALK Mutants Bind TKIs R-HSA-9700645,1/12,0.1136443487055952,0.1699314743356735,0,0,9.040201005025123,19.659557478207127,EML4
Reactome_2022,CREB1 Phosphorylation Thru Activation Of Adenylate Cyclase R-HSA-442720,1/12,0.1136443487055952,0.1699314743356735,0,0,9.040201005025123,19.659557478207127,CALM1
Reactome_2022,Disorders Of Developmental Biology R-HSA-9675151,1/12,0.1136443487055952,0.1699314743356735,0,0,9.040201005025123,19.659557478207127,CALM1
Reactome_2022,Hyaluronan Uptake And Degradation R-HSA-2160916,1/12,0.1136443487055952,0.1699314743356735,0,0,9.040201005025123,19.659557478207127,CD44
Reactome_2022,Platelet Adhesion To Exposed Collagen R-HSA-75892,1/12,0.1136443487055952,0.1699314743356735,0,0,9.040201005025123,19.659557478207127,FYN
Reactome_2022,mRNA 3-End Processing R-HSA-72187,2/58,0.1144651666427582,0.1708371096134399,0,0,3.561327561327561,7.719123085387519,SRSF2;SRSF7
Reactome_2022,Chromosome Maintenance R-HSA-73886,3/118,0.1147922031202581,0.1710037697513789,0,0,2.606709335687486,5.642565698444747,H2AZ1;H2AZ2;H3-3B
Reactome_2022,Mitotic Prometaphase R-HSA-68877,4/186,0.1166797006411275,0.1725869414151598,0,0,2.1998205875756898,4.725924503393204,EML4;RPS27;PPP2R5C;TUBA4A
Reactome_2022,Homology Directed Repair R-HSA-5693538,3/119,0.1169417814626649,0.1725869414151598,0,0,2.584106423945388,5.545696691343623,UBC;RPS27A;UBA52
Reactome_2022,Signaling By TGFB Family Members R-HSA-9006936,3/119,0.1169417814626649,0.1725869414151598,0,0,2.584106423945388,5.545696691343623,UBC;RPS27A;UBA52
Reactome_2022,Synthesis Of DNA R-HSA-69239,3/119,0.1169417814626649,0.1725869414151598,0,0,2.584106423945388,5.545696691343623,UBC;RPS27A;UBA52
Reactome_2022,Transcriptional Regulation By RUNX2 R-HSA-8878166,3/119,0.1169417814626649,0.1725869414151598,0,0,2.584106423945388,5.545696691343623,UBC;RPS27A;UBA52
Reactome_2022,Meiotic Synapsis R-HSA-1221632,2/60,0.1210294038464434,0.1776291065694567,0,0,3.438174851967956,7.260468635528234,H2AZ1;H2AZ2
Reactome_2022,Transcriptional Regulation By MECP2 R-HSA-8986944,2/60,0.1210294038464434,0.1776291065694567,0,0,3.438174851967956,7.260468635528234,SLC2A3;CALM1
Reactome_2022,rRNA Modification In Nucleus And Cytosol R-HSA-6790901,2/60,0.1210294038464434,0.1776291065694567,0,0,3.438174851967956,7.260468635528234,RPS14;RPS2
Reactome_2022,ERKs Are Inactivated R-HSA-202670,1/13,0.1225132126107664,0.1791445503000893,0,0,8.28643216080402,17.397665920944878,DUSP4
Reactome_2022,Signal Regulatory Protein Family Interactions R-HSA-391160,1/13,0.1225132126107664,0.1791445503000893,0,0,8.28643216080402,17.397665920944878,FYB1
Reactome_2022,Ca2+ Pathway R-HSA-4086398,2/61,0.1243457655234195,0.1808251608527383,0,0,3.379729498373566,7.045685456427677,GNG2;CALM1
Reactome_2022,DNA Damage/Telomere Stress Induced Senescence R-HSA-2559586,2/61,0.1243457655234195,0.1808251608527383,0,0,3.379729498373566,7.045685456427677,H2AZ1;H2AZ2
Reactome_2022,Post NMDA Receptor Activation Events R-HSA-438064,2/61,0.1243457655234195,0.1808251608527383,0,0,3.379729498373566,7.045685456427677,KPNA2;CALM1
Reactome_2022,APC Truncation Mutants Have Impaired AXIN Binding R-HSA-5467337,1/14,0.1312937743788508,0.1881719437848511,0,0,7.648627754155393,15.529145947074284,PPP2R5C
Reactome_2022,DCC Mediated Attractive Signaling R-HSA-418885,1/14,0.1312937743788508,0.1881719437848511,0,0,7.648627754155393,15.529145947074284,FYN
Reactome_2022,Glycogen Breakdown (Glycogenolysis) R-HSA-70221,1/14,0.1312937743788508,0.1881719437848511,0,0,7.648627754155393,15.529145947074284,CALM1
Reactome_2022,Interleukin-15 Signaling R-HSA-8983432,1/14,0.1312937743788508,0.1881719437848511,0,0,7.648627754155393,15.529145947074284,IL2RG
Reactome_2022,RUNX3 Regulates NOTCH Signaling R-HSA-8941856,1/14,0.1312937743788508,0.1881719437848511,0,0,7.648627754155393,15.529145947074284,RUNX3
Reactome_2022,Regulation Of IFNG Signaling R-HSA-877312,1/14,0.1312937743788508,0.1881719437848511,0,0,7.648627754155393,15.529145947074284,SOCS1
Reactome_2022,Role Of LAT2/NTAL/LAB On Calcium Mobilization R-HSA-2730905,1/14,0.1312937743788508,0.1881719437848511,0,0,7.648627754155393,15.529145947074284,FYN
Reactome_2022,SEMA3A-Plexin Repulsion Signaling By Inhibiting Integrin Adhesion R-HSA-399955,1/14,0.1312937743788508,0.1881719437848511,0,0,7.648627754155393,15.529145947074284,FYN
Reactome_2022,Semaphorin Interactions R-HSA-373755,2/64,0.1344225663522014,0.1923090408714377,0,0,3.215705441511893,6.45317143498723,PTPRC;FYN
Reactome_2022,Cell Cycle Checkpoints R-HSA-69620,5/271,0.1362796750244027,0.1946152193693808,0,0,1.8829766724503567,3.752859258452489,RPS27;UBC;PPP2R5C;RPS27A;UBA52
Reactome_2022,G1/S Transition R-HSA-69206,3/129,0.1392329274452611,0.1981276390960882,0,0,2.3778100072516315,4.688106881874375,UBC;RPS27A;UBA52
Reactome_2022,CTNNB1 S33 Mutants Not Phosphorylated R-HSA-5358747,1/15,0.139986908731619,0.1981276390960882,0,0,7.101938262742283,13.963876250165317,PPP2R5C
Reactome_2022,EPHA-mediated Growth Cone Collapse R-HSA-3928663,1/15,0.139986908731619,0.1981276390960882,0,0,7.101938262742283,13.963876250165317,FYN
Reactome_2022,Eicosanoid Ligand-Binding Receptors R-HSA-391903,1/15,0.139986908731619,0.1981276390960882,0,0,7.101938262742283,13.963876250165317,PTGER4
Reactome_2022,Metabolism Of Nitric Oxide: NOS3 Activation And Regulation R-HSA-202131,1/15,0.139986908731619,0.1981276390960882,0,0,7.101938262742283,13.963876250165317,CALM1
Reactome_2022,Ub-specific Processing Proteases R-HSA-5689880,4/201,0.142859205659664,0.2018331126223722,0,0,2.03076763700404,3.951662031922736,UBC;RPS27A;UBA52;BIRC3
Reactome_2022,RNA Polymerase II Transcription Termination R-HSA-73856,2/67,0.1446753520694938,0.2040359316930338,0,0,3.0668220668220667,5.928973623253177,SRSF2;SRSF7
Reactome_2022,CRMPs In Sema3A Signaling R-HSA-399956,1/16,0.1485934818111902,0.2077169446445159,0,0,6.628140703517588,12.636822082241835,FYN
Reactome_2022,Early Phase Of HIV Life Cycle R-HSA-162594,1/16,0.1485934818111902,0.2077169446445159,0,0,6.628140703517588,12.636822082241835,CXCR4
Reactome_2022,Formation Of ATP By Chemiosmotic Coupling R-HSA-163210,1/16,0.1485934818111902,0.2077169446445159,0,0,6.628140703517588,12.636822082241835,ATP5F1E
Reactome_2022,Hyaluronan Metabolism R-HSA-2142845,1/16,0.1485934818111902,0.2077169446445159,0,0,6.628140703517588,12.636822082241835,CD44
Reactome_2022,Sema3A PAK Dependent Axon Repulsion R-HSA-399954,1/16,0.1485934818111902,0.2077169446445159,0,0,6.628140703517588,12.636822082241835,FYN
Reactome_2022,Signaling By Hedgehog R-HSA-5358351,3/135,0.1532453275007154,0.2138432162312268,0,0,2.269035532994924,4.256064425015225,UBC;RPS27A;UBA52
Reactome_2022,Programmed Cell Death R-HSA-5357801,4/208,0.1558067839928103,0.2162024174118354,0,0,1.9603841536614648,3.644625857831792,UBC;RPS27A;UBA52;BIRC3
Reactome_2022,Aberrant Regulation Of Mitotic G1/S Transition In Cancer Due To RB1 Defects R-HSA-9659787,1/17,0.157114351192228,0.2162024174118354,0,0,6.21356783919598,11.499955704952034,CCND2
Reactome_2022,Beta-catenin Phosphorylation Cascade R-HSA-196299,1/17,0.157114351192228,0.2162024174118354,0,0,6.21356783919598,11.499955704952034,PPP2R5C
Reactome_2022,FOXO-mediated Transcription Of Cell Cycle Genes R-HSA-9617828,1/17,0.157114351192228,0.2162024174118354,0,0,6.21356783919598,11.499955704952034,BTG1
Reactome_2022,PKA Activation R-HSA-163615,1/17,0.157114351192228,0.2162024174118354,0,0,6.21356783919598,11.499955704952034,CALM1
Reactome_2022,Platelet Sensitization By LDL R-HSA-432142,1/17,0.157114351192228,0.2162024174118354,0,0,6.21356783919598,11.499955704952034,PPP2R5C
Reactome_2022,Regulation Of RUNX1 Expression And Activity R-HSA-8934593,1/17,0.157114351192228,0.2162024174118354,0,0,6.21356783919598,11.499955704952034,CCND2
Reactome_2022,Tie2 Signaling R-HSA-210993,1/17,0.157114351192228,0.2162024174118354,0,0,6.21356783919598,11.499955704952034,DOK2
Reactome_2022,Metabolism Of Carbohydrates R-HSA-71387,5/285,0.1579388098653606,0.2169609256627964,0,0,1.7875457875457876,3.299000838632109,UBC;CALM1;RPS27A;UBA52;CD44
Reactome_2022,trans-Golgi Network Vesicle Budding R-HSA-199992,2/71,0.1585864433775845,0.2174743282241832,0,0,2.888449714536671,5.318951469597782,HSPA8;FTH1
Reactome_2022,Base Excision Repair R-HSA-73884,2/72,0.1621027002960182,0.2219130069569629,0,0,2.8470418470418477,5.180264363849609,H2AZ1;H2AZ2
Reactome_2022,G Beta:Gamma Signaling Thru BTK R-HSA-8964315,1/18,0.1655503660358053,0.2248079389563603,0,0,5.847768253029855,10.51709310132786,GNG2
Reactome_2022,MECP2 Regulates Neuronal Receptors And Channels R-HSA-9022699,1/18,0.1655503660358053,0.2248079389563603,0,0,5.847768253029855,10.51709310132786,SLC2A3
Reactome_2022,Regulation Of Signaling By CBL R-HSA-912631,1/18,0.1655503660358053,0.2248079389563603,0,0,5.847768253029855,10.51709310132786,FYN
Reactome_2022,VEGFR2 Mediated Cell Proliferation R-HSA-5218921,1/18,0.1655503660358053,0.2248079389563603,0,0,5.847768253029855,10.51709310132786,CALM1
Reactome_2022,Extra-nuclear Estrogen Signaling R-HSA-9009391,2/73,0.1656330532612982,0.2248079389563603,0,0,2.806800398349694,5.046572271238703,GNG2;CALM1
Reactome_2022,Activation Of NMDA Receptors And Postsynaptic Events R-HSA-442755,2/74,0.1691768732048807,0.2288354979977433,0,0,2.767676767676768,4.917637208774679,KPNA2;CALM1
Reactome_2022,Transport Of Mature mRNA Derived From An Intron-Containing Transcript R-HSA-159236,2/74,0.1691768732048807,0.2288354979977433,0,0,2.767676767676768,4.917637208774679,SRSF2;SRSF7
Reactome_2022,Biosynthesis Of Specialized Proresolving Mediators (SPMs) R-HSA-9018678,1/19,0.1739023671527052,0.2309004674234916,0,0,5.522613065326633,9.66049300943,ALOX5AP
Reactome_2022,"GABA Synthesis, Release, Reuptake And Degradation R-HSA-888590",1/19,0.1739023671527052,0.2309004674234916,0,0,5.522613065326633,9.66049300943,HSPA8
Reactome_2022,Metabolism Of Cofactors R-HSA-8978934,1/19,0.1739023671527052,0.2309004674234916,0,0,5.522613065326633,9.66049300943,CALM1
Reactome_2022,Nuclear Events Stimulated By ALK Signaling In Cancer R-HSA-9725371,1/19,0.1739023671527052,0.2309004674234916,0,0,5.522613065326633,9.66049300943,EML4
Reactome_2022,Other Semaphorin Interactions R-HSA-416700,1/19,0.1739023671527052,0.2309004674234916,0,0,5.522613065326633,9.66049300943,PTPRC
Reactome_2022,PKA-mediated Phosphorylation Of CREB R-HSA-111931,1/19,0.1739023671527052,0.2309004674234916,0,0,5.522613065326633,9.66049300943,CALM1
Reactome_2022,Prostacyclin Signaling Thru Prostacyclin Receptor R-HSA-392851,1/19,0.1739023671527052,0.2309004674234916,0,0,5.522613065326633,9.66049300943,GNG2
Reactome_2022,RAS Processing R-HSA-9648002,1/19,0.1739023671527052,0.2309004674234916,0,0,5.522613065326633,9.66049300943,CALM1
Reactome_2022,Ras Activation Upon Ca2+ Influx Thru NMDA Receptor R-HSA-442982,1/19,0.1739023671527052,0.2309004674234916,0,0,5.522613065326633,9.66049300943,CALM1
Reactome_2022,Scavenging By Class A Receptors R-HSA-3000480,1/19,0.1739023671527052,0.2309004674234916,0,0,5.522613065326633,9.66049300943,FTH1
Reactome_2022,Signaling By PDGFR In Disease R-HSA-9671555,1/19,0.1739023671527052,0.2309004674234916,0,0,5.522613065326633,9.66049300943,BIN2
Reactome_2022,G Beta:Gamma Signaling Thru CDC42 R-HSA-8964616,1/20,0.182171186958547,0.2406720839352517,0,0,5.231684739486909,8.908556962758436,GNG2
Reactome_2022,G Beta:Gamma Signaling Thru PLC Beta R-HSA-418217,1/20,0.182171186958547,0.2406720839352517,0,0,5.231684739486909,8.908556962758436,GNG2
Reactome_2022,Signaling By Hippo R-HSA-2028269,1/20,0.182171186958547,0.2406720839352517,0,0,5.231684739486909,8.908556962758436,STK4
Reactome_2022,RHOA GTPase Cycle R-HSA-8980692,3/147,0.1824961276969842,0.2407008727431985,0,0,2.078680203045685,3.5358897451475038,PRPF38B;ARHGDIB;TAGAP
Reactome_2022,G Alpha (12/13) Signaling Events R-HSA-416482,2/78,0.1834746263330842,0.2415901381566648,0,0,2.621477937267411,4.445184817601474,PRPF38B;GNG2
Reactome_2022,G2/M Checkpoints R-HSA-69481,3/148,0.1849990407589495,0.2431941032493476,0,0,2.0642394538771223,3.483207230487368,UBC;RPS27A;UBA52
Reactome_2022,Cellular Hexose Transport R-HSA-189200,1/21,0.1903576498347592,0.2473714794906691,0,0,4.969849246231155,8.244237447277422,SLC2A3
Reactome_2022,Interleukin-37 Signaling R-HSA-9008059,1/21,0.1903576498347592,0.2473714794906691,0,0,4.969849246231155,8.244237447277422,PTPN7
Reactome_2022,Negative Regulation Of NMDA Receptor-Mediated Neuronal Transmission R-HSA-9617324,1/21,0.1903576498347592,0.2473714794906691,0,0,4.969849246231155,8.244237447277422,CALM1
Reactome_2022,Presynaptic Function Of Kainate Receptors R-HSA-500657,1/21,0.1903576498347592,0.2473714794906691,0,0,4.969849246231155,8.244237447277422,GNG2
Reactome_2022,RHO GTPases Activate PAKs R-HSA-5627123,1/21,0.1903576498347592,0.2473714794906691,0,0,4.969849246231155,8.244237447277422,CALM1
Reactome_2022,Synthesis Of Leukotrienes (LT) And Eoxins (EX) R-HSA-2142691,1/21,0.1903576498347592,0.2473714794906691,0,0,4.969849246231155,8.244237447277422,ALOX5AP
Reactome_2022,"Unblocking Of NMDA Receptors, Glutamate Binding And Activation R-HSA-438066",1/21,0.1903576498347592,0.2473714794906691,0,0,4.969849246231155,8.244237447277422,CALM1
Reactome_2022,ADP Signaling Thru P2Y Purinoceptor 12 R-HSA-392170,1/22,0.1984625719282345,0.256643781939769,0,0,4.732950466618808,7.653913334056085,GNG2
Reactome_2022,ERK/MAPK Targets R-HSA-198753,1/22,0.1984625719282345,0.256643781939769,0,0,4.732950466618808,7.653913334056085,DUSP4
Reactome_2022,Nephrin Family Interactions R-HSA-373753,1/22,0.1984625719282345,0.256643781939769,0,0,4.732950466618808,7.653913334056085,FYN
Reactome_2022,Transport Of Mature Transcript To Cytoplasm R-HSA-72202,2/83,0.2015788294152306,0.2602497407409644,0,0,2.4590347923681257,3.938328060173813,SRSF2;SRSF7
Reactome_2022,Long-term Potentiation R-HSA-9620244,1/23,0.2064867613185778,0.2652920525678816,0,0,4.517587939698492,7.126580711797677,CALM1
Reactome_2022,Post-chaperonin Tubulin Folding Pathway R-HSA-389977,1/23,0.2064867613185778,0.2652920525678816,0,0,4.517587939698492,7.126580711797677,TUBA4A
Reactome_2022,Signaling By NTRK2 (TRKB) R-HSA-9006115,1/23,0.2064867613185778,0.2652920525678816,0,0,4.517587939698492,7.126580711797677,FYN
Reactome_2022,G-protein Activation R-HSA-202040,1/24,0.2144310182188985,0.2737270554112627,0,0,4.320952589032117,6.653261007649563,GNG2
Reactome_2022,Growth Hormone Receptor Signaling R-HSA-982772,1/24,0.2144310182188985,0.2737270554112627,0,0,4.320952589032117,6.653261007649563,SOCS1
Reactome_2022,Other Interleukin Signaling R-HSA-449836,1/24,0.2144310182188985,0.2737270554112627,0,0,4.320952589032117,6.653261007649563,IL32
Reactome_2022,Thromboxane Signaling Thru TP Receptor R-HSA-428930,1/24,0.2144310182188985,0.2737270554112627,0,0,4.320952589032117,6.653261007649563,GNG2
Reactome_2022,RAC2 GTPase Cycle R-HSA-9013404,2/87,0.2162052764803214,0.2755489398481144,0,0,2.342840166369578,3.588122897733772,RAC2;CYBA
Reactome_2022,S Phase R-HSA-69242,3/161,0.2182938646346285,0.2777649495511139,0,0,1.8931439953736424,2.8812006865434734,UBC;RPS27A;UBA52
Reactome_2022,ADP Signaling Thru P2Y Purinoceptor 1 R-HSA-418592,1/25,0.2222961348450487,0.2806091113942269,0,0,4.14070351758794,6.226561570384656,GNG2
Reactome_2022,Deadenylation Of mRNA R-HSA-429947,1/25,0.2222961348450487,0.2806091113942269,0,0,4.14070351758794,6.226561570384656,CNOT6L
Reactome_2022,G Beta:Gamma Signaling Thru PI3Kgamma R-HSA-392451,1/25,0.2222961348450487,0.2806091113942269,0,0,4.14070351758794,6.226561570384656,GNG2
Reactome_2022,NOTCH3 Intracellular Domain Regulates Transcription R-HSA-9013508,1/25,0.2222961348450487,0.2806091113942269,0,0,4.14070351758794,6.226561570384656,IKZF1
Reactome_2022,Regulation Of IFNA/IFNB Signaling R-HSA-912694,1/25,0.2222961348450487,0.2806091113942269,0,0,4.14070351758794,6.226561570384656,SOCS1
Reactome_2022,Mitochondrial Biogenesis R-HSA-1592230,2/89,0.2235550003741977,0.2817502703128777,0,0,2.2887495646116336,3.428770706989903,CALM1;ATP5F1E
Reactome_2022,Protein Localization R-HSA-9609507,3/164,0.2261504916436758,0.2845697153170818,0,0,1.857584260806508,2.7614004446731983,UBC;RPS27A;UBA52
Reactome_2022,Chaperonin-mediated Protein Folding R-HSA-390466,2/90,0.2272373036176318,0.2854848403044299,0,0,2.2626262626262625,3.352670034774279,GNG2;TUBA4A
Reactome_2022,Attenuation Phase R-HSA-3371568,1/26,0.2300828957266827,0.2855600905490308,0,0,3.974874371859297,5.840344997302112,HSPA8
Reactome_2022,Formation Of Tubulin Folding Intermediates By CCT/TriC R-HSA-389960,1/26,0.2300828957266827,0.2855600905490308,0,0,3.974874371859297,5.840344997302112,TUBA4A
Reactome_2022,Platelet Calcium Homeostasis R-HSA-418360,1/26,0.2300828957266827,0.2855600905490308,0,0,3.974874371859297,5.840344997302112,CALM1
Reactome_2022,Role Of Phospholipids In Phagocytosis R-HSA-2029485,1/26,0.2300828957266827,0.2855600905490308,0,0,3.974874371859297,5.840344997302112,CD247
Reactome_2022,Signaling By ALK R-HSA-201556,1/26,0.2300828957266827,0.2855600905490308,0,0,3.974874371859297,5.840344997302112,IL2RG
Reactome_2022,Synthesis Of IP3 And IP4 In Cytosol R-HSA-1855204,1/26,0.2300828957266827,0.2855600905490308,0,0,3.974874371859297,5.840344997302112,CALM1
Reactome_2022,TNFR1-induced NFkappaB Signaling Pathway R-HSA-5357956,1/26,0.2300828957266827,0.2855600905490308,0,0,3.974874371859297,5.840344997302112,BIRC3
Reactome_2022,Class A/1 (Rhodopsin-like Receptors) R-HSA-373076,5/327,0.2301743802914102,0.2855600905490308,0,0,1.551043159738812,2.2783553435330965,PTGER4;GPR183;GPR65;CCL5;CXCR4
Reactome_2022,Transmission Across Chemical Synapses R-HSA-112315,4/246,0.2325997456481324,0.2881188737045509,0,0,1.6493506493506491,2.405472582034088,HSPA8;GNG2;CALM1;KPNA2
Reactome_2022,ATF4 Activates Genes In Response To Endoplasmic Reticulum Stress R-HSA-380994,1/27,0.2377920775242915,0.2927238907818411,0,0,3.821801314263626,5.489477227235043,HERPUD1
Reactome_2022,CREB1 Phosphorylation Thru NMDA Receptor-Mediated Activation Of RAS Signaling R-HSA-442742,1/27,0.2377920775242915,0.2927238907818411,0,0,3.821801314263626,5.489477227235043,CALM1
Reactome_2022,Interleukin Receptor SHC Signaling R-HSA-912526,1/27,0.2377920775242915,0.2927238907818411,0,0,3.821801314263626,5.489477227235043,IL2RG
Reactome_2022,VEGFR2 Mediated Vascular Permeability R-HSA-5218920,1/27,0.2377920775242915,0.2927238907818411,0,0,3.821801314263626,5.489477227235043,CALM1
Reactome_2022,Unattached Kinetochores Signal Amplification Via A MAD2 Inhibitory Signal R-HSA-141444,2/93,0.2383084712706434,0.2929054584967351,0,0,2.187701187701188,3.1375777372613727,RPS27;PPP2R5C
Reactome_2022,"Adrenaline,noradrenaline Inhibits Insulin Secretion R-HSA-400042",1/28,0.2454244493195781,0.3002573386128582,0,0,3.680067001675042,5.169633447658624,GNG2
Reactome_2022,Prefoldin Mediated Transfer Of Substrate To CCT/TriC R-HSA-389957,1/28,0.2454244493195781,0.3002573386128582,0,0,3.680067001675042,5.169633447658624,TUBA4A
Reactome_2022,Recycling Pathway Of L1 R-HSA-437239,1/28,0.2454244493195781,0.3002573386128582,0,0,3.680067001675042,5.169633447658624,EZR
Reactome_2022,Protein Folding R-HSA-391251,2/96,0.2494067909928498,0.3046599877666504,0,0,2.117558564367075,2.9405900871231445,GNG2;TUBA4A
Reactome_2022,Activation Of G Protein Gated Potassium Channels R-HSA-1296041,1/29,0.252980772589684,0.3057332320185831,0,0,3.548456568557071,4.877147000705543,GNG2
Reactome_2022,Cristae Formation R-HSA-8949613,1/29,0.252980772589684,0.3057332320185831,0,0,3.548456568557071,4.877147000705543,ATP5F1E
Reactome_2022,Dectin-2 Family R-HSA-5621480,1/29,0.252980772589684,0.3057332320185831,0,0,3.548456568557071,4.877147000705543,FYN
Reactome_2022,Disassembly Of Destruction Complex And Recruitment Of AXIN To Membrane R-HSA-4641262,1/29,0.252980772589684,0.3057332320185831,0,0,3.548456568557071,4.877147000705543,PPP2R5C
Reactome_2022,FCERI Mediated Ca+2 Mobilization R-HSA-2871809,1/29,0.252980772589684,0.3057332320185831,0,0,3.548456568557071,4.877147000705543,CALM1
Reactome_2022,SUMOylation Of Intracellular Receptors R-HSA-4090294,1/29,0.252980772589684,0.3057332320185831,0,0,3.548456568557071,4.877147000705543,NR4A2
Reactome_2022,Uptake And Actions Of Bacterial Toxins R-HSA-5339562,1/29,0.252980772589684,0.3057332320185831,0,0,3.548456568557071,4.877147000705543,CALM1
Reactome_2022,Disorders Of Transmembrane Transporters R-HSA-5619115,3/176,0.2580693506463658,0.3114089124820888,0,0,1.7276781784572048,2.340186617756609,UBC;RPS27A;UBA52
Reactome_2022,MAPK Targets/ Nuclear Events Mediated By MAP Kinases R-HSA-450282,1/30,0.2604618012849767,0.3134145917253141,0,0,3.425922717033443,4.608890626901229,DUSP4
Reactome_2022,L1CAM Interactions R-HSA-373760,2/99,0.2605209452628556,0.3134145917253141,0,0,2.0517546600020826,2.7597577787968723,HSPA8;EZR
Reactome_2022,Apoptosis R-HSA-109581,3/178,0.2634515635145014,0.3164607283366326,0,0,1.707759245830312,2.277955718305796,UBC;RPS27A;UBA52
Reactome_2022,Pyruvate Metabolism R-HSA-70268,1/31,0.2678682819607093,0.3203123733084385,0,0,3.3115577889447234,4.362182296847866,LDHB
Reactome_2022,Regulation Of MECP2 Expression And Activity R-HSA-9022692,1/31,0.2678682819607093,0.3203123733084385,0,0,3.3115577889447234,4.362182296847866,CALM1
Reactome_2022,Sealing Of Nuclear Envelope (NE) By ESCRT-III R-HSA-9668328,1/31,0.2678682819607093,0.3203123733084385,0,0,3.3115577889447234,4.362182296847866,TUBA4A
Reactome_2022,mRNA Splicing - Major Pathway R-HSA-72163,3/181,0.2715509695098408,0.3242277741215242,0,0,1.6787201277590829,2.188388664304988,HSPA8;SRSF2;SRSF7
Reactome_2022,Neurotransmitter Receptors And Postsynaptic Signal Transmission R-HSA-112314,3/182,0.2742570592901567,0.3251630316915663,0,0,1.6692567280152,2.1594998013669,GNG2;KPNA2;CALM1
Reactome_2022,G-protein Beta:Gamma Signaling R-HSA-397795,1/32,0.2752009537742224,0.3251630316915663,0,0,3.204571243313341,4.1347099266061775,GNG2
Reactome_2022,Glucagon Signaling In Metabolic Regulation R-HSA-163359,1/32,0.2752009537742224,0.3251630316915663,0,0,3.204571243313341,4.1347099266061775,GNG2
Reactome_2022,"Inactivation, Recovery And Regulation Of Phototransduction Cascade R-HSA-2514859",1/32,0.2752009537742224,0.3251630316915663,0,0,3.204571243313341,4.1347099266061775,CALM1
Reactome_2022,PERK Regulates Gene Expression R-HSA-381042,1/32,0.2752009537742224,0.3251630316915663,0,0,3.204571243313341,4.1347099266061775,HERPUD1
Reactome_2022,Phase 0 - Rapid Depolarisation R-HSA-5576892,1/32,0.2752009537742224,0.3251630316915663,0,0,3.204571243313341,4.1347099266061775,CALM1
Reactome_2022,Thrombin Signaling Thru Proteinase Activated Receptors (PARs) R-HSA-456926,1/32,0.2752009537742224,0.3251630316915663,0,0,3.204571243313341,4.1347099266061775,GNG2
Reactome_2022,Cooperation Of Prefoldin And TriC/CCT In Actin And Tubulin Folding R-HSA-389958,1/33,0.2824605485993796,0.3302999640469917,0,0,3.1042713567839195,3.9244707255325473,TUBA4A
Reactome_2022,Glucagon-type Ligand Receptors R-HSA-420092,1/33,0.2824605485993796,0.3302999640469917,0,0,3.1042713567839195,3.9244707255325473,GNG2
Reactome_2022,NOD1/2 Signaling Pathway R-HSA-168638,1/33,0.2824605485993796,0.3302999640469917,0,0,3.1042713567839195,3.9244707255325473,BIRC3
Reactome_2022,Signal Amplification R-HSA-392518,1/33,0.2824605485993796,0.3302999640469917,0,0,3.1042713567839195,3.9244707255325473,GNG2
Reactome_2022,Signaling By WNT In Cancer R-HSA-4791275,1/33,0.2824605485993796,0.3302999640469917,0,0,3.1042713567839195,3.9244707255325473,PPP2R5C
Reactome_2022,Striated Muscle Contraction R-HSA-390522,1/33,0.2824605485993796,0.3302999640469917,0,0,3.1042713567839195,3.9244707255325473,TPM3
Reactome_2022,Phototransduction Cascade R-HSA-2514856,1/33,0.2824605485993796,0.3302999640469917,0,0,3.1042713567839195,3.9244707255325473,CALM1
Reactome_2022,Resolution Of Sister Chromatid Cohesion R-HSA-2500257,2/106,0.2864567291305087,0.3344803572494469,0,0,1.912975912975913,2.3915408635892965,RPS27;PPP2R5C
Reactome_2022,Detoxification Of Reactive Oxygen Species R-HSA-3299685,1/34,0.2896477910754225,0.3372145837447001,0,0,3.010050251256281,3.7297219848476746,CYBA
Reactome_2022,Lysosome Vesicle Biogenesis R-HSA-432720,1/34,0.2896477910754225,0.3372145837447001,0,0,3.010050251256281,3.7297219848476746,HSPA8
Reactome_2022,mRNA Splicing R-HSA-72172,3/189,0.2932709854088831,0.3409328878691847,0,0,1.6058621254298346,1.969843996438265,HSPA8;SRSF2;SRSF7
Reactome_2022,Inwardly Rectifying K+ Channels R-HSA-1296065,1/35,0.2967633987534311,0.344488506740094,0,0,2.9213715637008573,3.54894088012851,GNG2
Reactome_2022,Mitotic Spindle Checkpoint R-HSA-69618,2/110,0.3012423146906411,0.3491772231596629,0,0,1.8417508417508417,2.209806893363538,RPS27;PPP2R5C
Reactome_2022,Aberrant Regulation Of Mitotic Cell Cycle Due To RB1 Defects R-HSA-9687139,1/36,0.3038080819844295,0.3506157225227282,0,0,2.8377602297200286,3.380791434126185,CCND2
Reactome_2022,HSF1-dependent Transactivation R-HSA-3371571,1/36,0.3038080819844295,0.3506157225227282,0,0,2.8377602297200286,3.380791434126185,HSPA8
Reactome_2022,NR1H3 And NR1H2 Regulate Gene Expression Linked To Cholesterol Transport And Efflux R-HSA-9029569,1/36,0.3038080819844295,0.3506157225227282,0,0,2.8377602297200286,3.380791434126185,ARL4C
Reactome_2022,Deubiquitination R-HSA-5688426,4/279,0.305250160492343,0.3517686900303634,0,0,1.4489795918367347,1.7193934378669269,UBC;RPS27A;UBA52;BIRC3
Reactome_2022,GPCR Ligand Binding R-HSA-500792,6/458,0.3095512295269704,0.3562082264411805,0,0,1.3238755587993796,1.552418416711116,PTGER4;GNG2;GPR183;GPR65;CCL5;CXCR4
Reactome_2022,Cooperation Of PDCL (PhLP1) And TRiC/CCT In G-protein Beta Folding R-HSA-6814122,1/37,0.3107825442509396,0.3565915319873498,0,0,2.758793969849246,3.2240971983470845,GNG2
Reactome_2022,RHOV GTPase Cycle R-HSA-9013424,1/37,0.3107825442509396,0.3565915319873498,0,0,2.758793969849246,3.2240971983470845,TPM3
Reactome_2022,Muscle Contraction R-HSA-397014,3/196,0.3123712102933349,0.3578971731210792,0,0,1.547066095052734,1.8001089005066375,TPM3;CALM1;MYL12A
Reactome_2022,Diseases Of Mitotic Cell Cycle R-HSA-9675126,1/38,0.3176874819497763,0.3624193400404057,0,0,2.684096156457965,3.07781854672427,CCND2
Reactome_2022,HSP90 Chaperone Cycle For Steroid Hormone Receptors (SHR) In Presence Of Ligand R-HSA-3371497,1/38,0.3176874819497763,0.3624193400404057,0,0,2.684096156457965,3.07781854672427,HSPA8
Reactome_2022,Signaling By RAF1 Mutants R-HSA-9656223,1/38,0.3176874819497763,0.3624193400404057,0,0,2.684096156457965,3.07781854672427,CALM1
Reactome_2022,RET Signaling R-HSA-8853659,1/40,0.3312915354401823,0.3773966702144974,0,0,2.54619250096637,2.8129227654318845,DOK2
Reactome_2022,Cell-Cell Communication R-HSA-1500931,2/120,0.337940732613065,0.3833795085308565,0,0,1.684814244136278,1.827829273598234,FYB1;FYN
Reactome_2022,Binding And Uptake Of Ligands By Scavenger Receptors R-HSA-2173782,1/41,0.3379920100397979,0.3833795085308565,0,0,2.4824120603015074,2.6927543377926204,FTH1
Reactome_2022,Paradoxical Activation Of RAF Signaling By Kinase Inactive BRAF R-HSA-6802955,1/41,0.3379920100397979,0.3833795085308565,0,0,2.4824120603015074,2.6927543377926204,CALM1
Reactome_2022,Activation Of GABAB Receptors R-HSA-991365,1/42,0.344625677945044,0.3892358297131791,0,0,2.4217428606446867,2.579874053958348,GNG2
Reactome_2022,Glucagon-like Peptide-1 (GLP1) Regulates Insulin Secretion R-HSA-381676,1/42,0.344625677945044,0.3892358297131791,0,0,2.4217428606446867,2.579874053958348,GNG2
Reactome_2022,Vasopressin Regulates Renal Water Homeostasis Via Aquaporins R-HSA-432040,1/42,0.344625677945044,0.3892358297131791,0,0,2.4217428606446867,2.579874053958348,GNG2
Reactome_2022,GPER1 Signaling R-HSA-9634597,1/43,0.3511932019412653,0.3955282302714392,0,0,2.363962670495334,2.473694919601735,GNG2
Reactome_2022,RND2 GTPase Cycle R-HSA-9696270,1/43,0.3511932019412653,0.3955282302714392,0,0,2.363962670495334,2.473694919601735,FNBP1
Reactome_2022,G Alpha (Q) Signaling Events R-HSA-416476,3/212,0.3560832045873771,0.4004675133744722,0,0,1.4274646005877638,1.4739868919570516,GNG2;RGS1;GPR65
Reactome_2022,TBC/RABGAPs R-HSA-8854214,1/45,0.3641324366778817,0.4089408129027413,0,0,2.256281407035176,2.279380404926681,ARF6
Reactome_2022,Antigen Processing: Ubiquitination And Proteasome Degradation R-HSA-983168,4/307,0.368623395030058,0.4133996831269294,0,0,1.313194584764599,1.310541624143939,SOCS1;UBC;RPS27A;UBA52
Reactome_2022,NR1H2 And NR1H3-mediated Signaling R-HSA-9024446,1/46,0.3705054405101429,0.4149242873978187,0,0,2.2060301507537687,2.1903389894516705,ARL4C
Reactome_2022,G Alpha (Z) Signaling Events R-HSA-418597,1/47,0.376814886705751,0.4213958028793891,0,0,2.1579637317019884,2.1061752538856453,GNG2
Reactome_2022,ADORA2B Mediated Anti-Inflammatory Cytokine Production R-HSA-9660821,2/131,0.3776143893798206,0.4216959566351302,0,0,1.5402865867982147,1.500056978121565,PTGER4;GNG2
Reactome_2022,Signaling By NTRKs R-HSA-166520,2/132,0.3811748654446817,0.4250742179256703,0,0,1.5283605283605284,1.4740992128790684,DUSP4;FYN
Reactome_2022,Inositol Phosphate Metabolism R-HSA-1483249,1/48,0.3830614060395898,0.4265789009753637,0,0,2.111942692184326,2.026535673888961,CALM1
Reactome_2022,EPH-ephrin Mediated Repulsion Of Cells R-HSA-3928665,1/49,0.3892456229672477,0.4328585779215612,0,0,2.0678391959799,1.9510987409424116,FYN
Reactome_2022,Aquaporin-mediated Transport R-HSA-445717,1/50,0.3953681557510544,0.4372177098416953,0,0,2.025535842477695,1.8795714928238212,GNG2
Reactome_2022,Ion Homeostasis R-HSA-5578775,1/50,0.3953681557510544,0.4372177098416953,0,0,2.025535842477695,1.8795714928238212,CALM1
Reactome_2022,Neurotransmitter Release Cycle R-HSA-112310,1/50,0.3953681557510544,0.4372177098416953,0,0,2.025535842477695,1.8795714928238212,HSPA8
Reactome_2022,Regulation Of Ornithine Decarboxylase (ODC) R-HSA-350562,1/50,0.3953681557510544,0.4372177098416953,0,0,2.025535842477695,1.8795714928238212,OAZ1
Reactome_2022,Translocation Of SLC2A4 (GLUT4) To Plasma Membrane R-HSA-1445148,1/51,0.4014296166851454,0.4433033597329699,0,0,1.984924623115578,1.8116864795932897,CALM1
Reactome_2022,Transcriptional Activation Of Mitochondrial Biogenesis R-HSA-2151201,1/52,0.4074306117999475,0.4493054246793866,0,0,1.9459060005911912,1.7471991060741807,CALM1
Reactome_2022,Transport Of Small Molecules R-HSA-382551,8/706,0.410387997840295,0.4519390711306439,0,0,1.1402817574021011,1.0155944907218504,GNG2;FTH1;TSC22D3;UBC;SLC2A3;CALM1;RPS27A;UBA52
Reactome_2022,Ion Transport By P-type ATPases R-HSA-936837,1/53,0.4133717413870322,0.4527133278086945,0,0,1.9083880943177425,1.6858852917962188,CALM1
Reactome_2022,Nuclear Receptor Transcription Pathway R-HSA-383280,1/53,0.4133717413870322,0.4527133278086945,0,0,1.9083880943177425,1.6858852917962188,NR4A2
Reactome_2022,"Nucleotide-binding Domain, Leucine Rich Repeat Containing NLR Signaling Pathways R-HSA-168643",1/53,0.4133717413870322,0.4527133278086945,0,0,1.9083880943177425,1.6858852917962188,BIRC3
Reactome_2022,Sensory Processing Of Sound By Outer Hair Cells Of Cochlea R-HSA-9662361,1/53,0.4133717413870322,0.4527133278086945,0,0,1.9083880943177425,1.6858852917962188,EZR
Reactome_2022,Pyruvate Metabolism And Citric Acid (TCA) Cycle R-HSA-71406,1/54,0.4192535996279672,0.457891826828894,0,0,1.8722859580923483,1.627539412897697,LDHB
Reactome_2022,RHOJ GTPase Cycle R-HSA-9013409,1/54,0.4192535996279672,0.457891826828894,0,0,1.8722859580923483,1.627539412897697,FNBP1
Reactome_2022,Neddylation R-HSA-8951664,3/237,0.4234857210027232,0.4618786572474755,0,0,1.2733307301835222,1.0940909438207178,UBC;RPS27A;UBA52
Reactome_2022,Regulation Of Cholesterol Biosynthesis By SREBP (SREBF) R-HSA-1655829,1/55,0.4250767749174149,0.4629779962749348,0,0,1.8375209380234503,1.5719724807707876,INSIG1
Reactome_2022,Chromatin Modifying Enzymes R-HSA-3247509,3/238,0.426138772012098,0.4634988835309669,0,0,1.2678474997299924,1.0814615302256056,H2AZ1;H2AZ2;RPS2
Reactome_2022,Deadenylation-dependent mRNA Decay R-HSA-429914,1/56,0.4308418497249187,0.4679732266505956,0,0,1.8040201005025125,1.5190105312629705,CNOT6L
Reactome_2022,NCAM Signaling For Neurite Out-Growth R-HSA-375165,1/57,0.4365494010474847,0.4724064373591571,0,0,1.7717157214644652,1.4684931926330618,FYN
Reactome_2022,NRAGE Signals Death Thru JNK R-HSA-193648,1/57,0.4365494010474847,0.4724064373591571,0,0,1.7717157214644652,1.4684931926330618,PRPF38B
Reactome_2022,Processing Of Capped Intron-Containing Pre-mRNA R-HSA-72203,3/242,0.4367082179113618,0.4724064373591571,0,0,1.246373425652571,1.0326079199920388,HSPA8;SRSF2;SRSF7
Reactome_2022,Metabolism Of Polyamines R-HSA-351202,1/58,0.4421999998339941,0.4776963263512807,0,0,1.740544829410209,1.4202724160163902,OAZ1
Reactome_2022,Arachidonic Acid Metabolism R-HSA-2142753,1/59,0.4477942115947188,0.4817731761601717,0,0,1.7104487957026513,1.3742113392020114,ALOX5AP
Reactome_2022,GABA Receptor Activation R-HSA-977443,1/59,0.4477942115947188,0.4817731761601717,0,0,1.7104487957026513,1.3742113392020114,GNG2
Reactome_2022,RHOQ GTPase Cycle R-HSA-9013406,1/59,0.4477942115947188,0.4817731761601717,0,0,1.7104487957026513,1.3742113392020114,FNBP1
Reactome_2022,Diseases Of Metabolism R-HSA-5668914,3/247,0.4498174108345097,0.4832950259845747,0,0,1.220520928684364,0.9750906863314656,UBC;RPS27A;UBA52
Reactome_2022,G Alpha (S) Signaling Events R-HSA-418555,2/153,0.4537111701020423,0.4868198230554346,0,0,1.314402301157268,1.0387648733741028,PTGER4;GNG2
Reactome_2022,Nuclear Events (Kinase And Transcription Factor Activation) R-HSA-198725,1/61,0.4588157080798082,0.4916324861206042,0,0,1.6532663316582914,1.288070804786777,DUSP4
Reactome_2022,Signaling By BRAF And RAF1 Fusions R-HSA-6802952,1/62,0.4642440960951576,0.4967787227756808,0,0,1.6260812258011368,1.2477649663473405,CALM1
Reactome_2022,FOXO-mediated Transcription R-HSA-9614085,1/65,0.4802063242660991,0.5131679965912284,0,0,1.5496231155778897,1.1367096495006708,BTG1
Reactome_2022,Citric Acid (TCA) Cycle And Respiratory Electron Transport R-HSA-1428517,2/163,0.4865301078782612,0.5192270237302948,0,0,1.2321350147437105,0.8876996710994104,LDHB;ATP5F1E
Reactome_2022,Sensory Processing Of Sound By Inner Hair Cells Of Cochlea R-HSA-9662360,1/67,0.4905840112592053,0.5228506106574617,0,0,1.5025125628140703,1.0700274503610792,EZR
Reactome_2022,Loss Of Nlp From Mitotic Centrosomes R-HSA-380259,1/69,0.500755522308534,0.532262228531427,0,0,1.4581732190363583,1.0085269537658983,TUBA4A
Reactome_2022,RHOB GTPase Cycle R-HSA-9013026,1/69,0.500755522308534,0.532262228531427,0,0,1.4581732190363583,1.0085269537658983,PRPF38B
Reactome_2022,AURKA Activation By TPX2 R-HSA-8854518,1/72,0.5156351033007534,0.5473452834502649,0,0,1.396347936867436,0.9248793332622998,TUBA4A
Reactome_2022,Organelle Biogenesis And Maintenance R-HSA-1852241,3/275,0.5206985624411984,0.5519821876879993,0,0,1.0933114362496268,0.7134775280501673,CALM1;ATP5F1E;TUBA4A
Reactome_2022,RHOG GTPase Cycle R-HSA-9013408,1/74,0.5253088319278648,0.5561269500676329,0,0,1.3579541543333105,0.8742087038575203,ARHGDIB
Reactome_2022,Nuclear Envelope (NE) Reassembly R-HSA-2995410,1/75,0.5300733603880184,0.5596785214735195,0,0,1.3395355154149124,0.8502565938086776,TUBA4A
Reactome_2022,Sensory Processing Of Sound R-HSA-9659379,1/75,0.5300733603880184,0.5596785214735195,0,0,1.3395355154149124,0.8502565938086776,EZR
Reactome_2022,Asparagine N-linked Glycosylation R-HSA-446203,3/282,0.5376465182581796,0.5669207642722371,0,0,1.0654986081545768,0.6611993849465772,UBC;RPS27A;UBA52
Reactome_2022,Regulation Of Insulin Secretion R-HSA-422356,1/77,0.5394601334395485,0.5680787081578269,0,0,1.3041523406506217,0.8049050782659102,GNG2
Reactome_2022,Neuronal System R-HSA-112316,4/386,0.5412659032898104,0.5692253340557741,0,0,1.037397157816006,0.6368006616134827,HSPA8;GNG2;CALM1;KPNA2
Reactome_2022,Oncogenic MAPK Signaling R-HSA-6802957,1/78,0.544083319204552,0.5714314225508126,0,0,1.2871500358937544,0.7834275809102157,CALM1
Reactome_2022,Recruitment Of NuMA To Mitotic Centrosomes R-HSA-380320,1/80,0.5531916072648388,0.5802300345684043,0,0,1.254436740665352,0.7426903392796255,TUBA4A
Reactome_2022,Metabolism Of Vitamins And Cofactors R-HSA-196854,2/186,0.5571827441654297,0.581860752447534,0,0,1.0768555116381204,0.6298118751293473,SLC2A3;CALM1
Reactome_2022,Centrosome Maturation R-HSA-380287,1/81,0.5576776229377498,0.581860752447534,0,0,1.2386934673366834,0.7233650516865618,TUBA4A
Reactome_2022,Regulation Of HSF1-mediated Heat Shock Response R-HSA-3371453,1/81,0.5576776229377498,0.581860752447534,0,0,1.2386934673366834,0.7233650516865618,HSPA8
Reactome_2022,TP53 Regulates Metabolic Genes R-HSA-5628897,1/81,0.5576776229377498,0.581860752447534,0,0,1.2386934673366834,0.7233650516865618,DDIT4
Reactome_2022,Extracellular Matrix Organization R-HSA-1474244,3/291,0.5589305523233701,0.5824027015023042,0,0,1.031725888324873,0.6001859516754368,ITGB2;ICAM3;CD44
Reactome_2022,Peptide Ligand-Binding Receptors R-HSA-375276,2/196,0.5856880874581174,0.6094840647991419,0,0,1.0208268249505363,0.5461095879886158,CCL5;CXCR4
Reactome_2022,Unfolded Protein Response (UPR) R-HSA-381119,1/89,0.591989195722158,0.6152348447688396,0,0,1.1256281407035176,0.5901295699518402,HERPUD1
Reactome_2022,HCMV Late Events R-HSA-9610379,1/91,0.6001448988156681,0.622895489751164,0,0,1.100502512562814,0.5618991453376235,VPS37B
Reactome_2022,Class B/2 (Secretin Family Receptors) R-HSA-373080,1/92,0.6041617136020576,0.625429466232117,0,0,1.0883538571980782,0.5484360698708618,GNG2
Reactome_2022,Post-translational Modification: Synthesis Of GPI-anchored Proteins R-HSA-163125,1/92,0.6041617136020576,0.625429466232117,0,0,1.0883538571980782,0.5484360698708618,CD52
Reactome_2022,Anchoring Of Basal Body To Plasma Membrane R-HSA-5620912,1/97,0.6236514348962008,0.6447646345150826,0,0,1.0314070351758795,0.4869929254325685,TUBA4A
Reactome_2022,Visual Phototransduction R-HSA-2187338,1/98,0.6274332493027582,0.6478309492150716,0,0,1.0207221675387246,0.4757769643136218,CALM1
Reactome_2022,Cellular Response To Heat Stress R-HSA-3371556,1/99,0.6311772493570809,0.6508503064798989,0,0,1.0102553584247769,0.464887747030177,HSPA8
Reactome_2022,Potassium Channels R-HSA-1296071,1/102,0.642186106799596,0.661343409596471,0,0,0.9800985123637992,0.4340632175669919,GNG2
Reactome_2022,MHC Class II Antigen Presentation R-HSA-2132295,1/104,0.6493430720264805,0.6669836988215077,0,0,0.9609698980338586,0.4149411183845573,CD74
Reactome_2022,Transport Of Inorganic Cations/Anions And Amino Acids/Oligopeptides R-HSA-425393,1/104,0.6493430720264805,0.6669836988215077,0,0,0.9609698980338586,0.4149411183845573,CALM1
Reactome_2022,Integration Of Energy Metabolism R-HSA-163685,1/105,0.6528679573920863,0.6697379304513132,0,0,0.9516814843448008,0.4057783123183748,GNG2
Reactome_2022,Degradation Of Extracellular Matrix R-HSA-1474228,1/109,0.6666184129739804,0.6829613160017295,0,0,0.916247906197655,0.3715728772578474,CD44
Reactome_2022,"Respiratory Electron Transport, ATP Synthesis By Chemiosmotic Coupling, Heat Production By Uncoupling Proteins R-HSA-163200",1/112,0.6765743473112501,0.6922680821715625,0,0,0.8913486350672281,0.3482614435144341,ATP5F1E
Reactome_2022,Signaling By NTRK1 (TRKA) R-HSA-187037,1/114,0.683046714602197,0.6979911086153725,0,0,0.8754836127540356,0.3337273716848506,DUSP4
Reactome_2022,PPARA Activates Gene Expression R-HSA-1989781,1/116,0.6893901914288371,0.7035678817409983,0,0,0.8601704173039109,0.3199385396662478,GLIPR1
Reactome_2022,Regulation Of Lipid Metabolism By PPARalpha R-HSA-400206,1/118,0.6956073317848006,0.7090015679552396,0,0,0.845380749903363,0.3068478138715934,GLIPR1
Reactome_2022,Glycosaminoglycan Metabolism R-HSA-1630316,1/120,0.701700639474265,0.7142952663366235,0,0,0.8310882141801444,0.294411674622422,CD44
Reactome_2022,HCMV Infection R-HSA-9609646,1/121,0.7047016248848418,0.7164316135192886,0,0,0.8241206030150754,0.2884263820632575,VPS37B
Reactome_2022,Metabolism Of Water-Soluble Vitamins And Cofactors R-HSA-196849,1/122,0.7076725687660174,0.7176143289913381,0,0,0.8172681589767017,0.2825898889623316,SLC2A3
Reactome_2022,Rab Regulation Of Trafficking R-HSA-9007101,1/122,0.7076725687660174,0.7176143289913381,0,0,0.8172681589767017,0.2825898889623316,ARF6
Reactome_2022,SLC-mediated Transmembrane Transport R-HSA-425407,2/247,0.7099322090701349,0.7189874668388866,0,0,0.8062255205112348,0.2762014098360295,SLC2A3;CALM1
Reactome_2022,Cardiac Conduction R-HSA-5576891,1/126,0.7192618685309876,0.7275081829472665,0,0,0.7909547738693468,0.2606431490060761,CALM1
Reactome_2022,Factors Involved In Megakaryocyte Development And Platelet Production R-HSA-983231,1/136,0.7462737148219287,0.7538693760414904,0,0,0.7319932998324958,0.2142272351530403,H3-3B
Reactome_2022,Metabolism Of Steroids R-HSA-8957322,1/153,0.7863891079150508,0.7933836743132787,0,0,0.6495636075112404,0.1560924478581284,INSIG1
Reactome_2022,SUMO E3 Ligases SUMOylate Target Proteins R-HSA-3108232,1/168,0.8165063001156674,0.8227233531622333,0,0,0.5907682123190804,0.1197609163547349,NR4A2
Reactome_2022,Post-translational Protein Modification R-HSA-597592,11/1383,0.8235851984940412,0.8288043695871593,0,0,0.7817267496567788,0.1517239969147645,NR4A2;CD52;HSPA8;UBC;HLA-B;HLA-A;RPS2;CALM1;RPS27A;UBA52;BIRC3
Reactome_2022,Fatty Acid Metabolism R-HSA-8978868,1/173,0.8255747771016111,0.8297549025552902,0,0,0.5734486385415449,0.1099160176513599,ALOX5AP
Reactome_2022,SUMOylation R-HSA-2990846,1/174,0.8273342321436886,0.830472035805422,0,0,0.5701048595579051,0.1080613895941531,NR4A2
Reactome_2022,Cilium Assembly R-HSA-5617833,1/186,0.8471194043176771,0.8492585947326208,0,0,0.5327991307890806,0.0883986330790981,TUBA4A
Reactome_2022,Metabolism Of Lipids R-HSA-556833,3/732,0.9789051392136716,0.9801395719239032,0,0,0.3983831547283324,0.0084937426870247,GLIPR1;INSIG1;ALOX5AP
Reactome_2022,Sensory Perception R-HSA-9709957,2/616,0.9862139658124416,0.9862139658124416,0,0,0.3156318889217912,0.0043815842239424,CALM1;EZR
