Gene_set,Term,Overlap,P-value,Adjusted P-value,Old P-value,Old Adjusted P-value,Odds Ratio,Combined Score,Genes
GO_Biological_Process_2023,Response To Unfolded Protein (GO:0006986),8/44,1.1313992600968642e-08,1.8294726035766296e-05,0,0,22.875,418.5490354626806,DNAJA1;DNAJB1;HSPA8;HSP90AA1;HSPH1;HSPB1;HSPE1;HSPD1
GO_Biological_Process_2023,Intrinsic Apoptotic Signaling Pathway (GO:0097193),10/105,1.0097301416677636e-07,8.163668195383868e-05,0,0,10.916897506925208,175.85388872326698,DDX5;CDKN1A;HINT1;PMAIP1;CYCS;SFN;ATF4;EPHA2;MCL1;BBC3
GO_Biological_Process_2023,Intermediate Filament Organization (GO:0045109),8/68,3.84399036008612e-07,0.0002071910804086419,0,0,13.708333333333334,202.4938064855017,DSP;DNAJB6;KRT15;KRT1;KRT14;PKP1;KRT5;KRT10
GO_Biological_Process_2023,Protein Stabilization (GO:0050821),12/208,1.287460189643558e-06,0.0005204557816634083,0,0,6.384281372123318,86.58898118236549,EFNA1;HSP90AA1;RPS7;FBXW7;BAG3;BAG1;DSG1;ATP1B3;PFDN2;PFN1;GAPDH;HSPD1
GO_Biological_Process_2023,Negative Regulation Of Apoptotic Process (GO:0043066),18/482,1.801308558586016e-06,0.0005825431878467175,0,0,4.1214475179992425,54.51437469887581,ARL6IP1;PLK2;FHL2;HSPB1;TENT5B;YWHAZ;HSPD1;DNAJA1;DNAJB6;BAG3;MYC;ZC3H12A;CFL1;BAG1;SFN;PIM3;PTMA;MCL1
GO_Biological_Process_2023,Regulation Of Apoptotic Process (GO:0042981),22/705,2.434480075934031e-06,0.0006385597732306801,0,0,3.459407439090595,44.71553030472483,HSP90AA1;ARL6IP1;TNFRSF12A;PLK2;FHL2;HSPB1;ACTN4;TENT5B;YWHAZ;HSPD1;DNAJA1;BAG3;MYC;CFL1;BAG1;PMAIP1;PIM3;SGK1;PTMA;PPIA;ATF4;MCL1
GO_Biological_Process_2023,Negative Regulation Of Oxidative Stress-Induced Cell Death (GO:1903202),5/23,2.7643280226436368e-06,0.0006385597732306801,0,0,28.17948717948718,360.6611683989916,HSPB1;TXN;PPIA;ATF4;NFE2L2
GO_Biological_Process_2023,Negative Regulation Of Programmed Cell Death (GO:0043069),15/381,7.198509415250048e-06,0.0014549987155574,0,0,4.305272485600354,50.98147214819701,ARL6IP1;PLK2;FHL2;HSPB1;TENT5B;YWHAZ;HSPD1;DNAJA1;BAG3;MYC;CFL1;BAG1;PIM3;PTMA;MCL1
GO_Biological_Process_2023,"Mitochondrial Electron Transport, Cytochrome C To Oxygen (GO:0006123)",4/16,1.6073421914510297e-05,0.0028326198911199,0,0,33.6530612244898,371.4740483715657,COX7B;CYCS;COX6A1;COX5A
GO_Biological_Process_2023,Cardiac Muscle Cell-Cardiac Muscle Cell Adhesion (GO:0086042),3/6,1.9269523068842994e-05,0.0028326198911199,0,0,100.49238578680205,1091.0444080855816,DSP;CXADR;JUP
GO_Biological_Process_2023,Desmosome Organization (GO:0002934),3/6,1.9269523068842994e-05,0.0028326198911199,0,0,100.49238578680205,1091.0444080855816,DSP;JUP;PKP3
GO_Biological_Process_2023,Regulation Of Epidermal Cell Differentiation (GO:0045604),4/18,2.660404294293577e-05,0.0034644368067523,0,0,28.84256559766764,303.8404891137544,ERRFI1;MAFF;SFN;AQP3
GO_Biological_Process_2023,Negative Regulation Of Cell Population Proliferation (GO:0008285),14/379,2.9608233659743228e-05,0.0034644368067523,0,0,4.0078067462071,41.79123680328343,BTG3;BTG2;CDKN1A;BTG1;CTNNBIP1;HMGA1;TNFAIP3;TENT5B;DYNLL1;TOB1;MYC;IRF6;TRIB1;S100A11
GO_Biological_Process_2023,Negative Regulation Of Cellular Process (GO:0048523),17/537,2.9995123867985317e-05,0.0034644368067523,0,0,3.444304329550232,35.87062383735136,BTG3;BTG2;CDKN1A;BTG1;TACSTD2;HMGA1;SPINT2;TENT5B;DYNLL1;TOB1;HOPX;VAMP8;PPP2CA;MYC;CHMP1B;IRF6;S100A11
GO_Biological_Process_2023,Establishment Of Skin Barrier (GO:0061436),4/19,3.343535939158139e-05,0.0036043317424124,0,0,26.918367346938776,277.4179092680899,CLDN4;STMN1;SFN;CLDN1
GO_Biological_Process_2023,Protein-Containing Complex Disassembly (GO:0032984),6/62,3.579115113132364e-05,0.0036171432112093,0,0,10.904270986745214,111.6358531355786,VAMP8;HSPA8;MAP1LC3B;CHMP1B;MYC;ETF1
GO_Biological_Process_2023,Skin Epidermis Development (GO:0098773),4/21,5.082545165940558e-05,0.0045658197407366,0,0,23.74909963985594,234.8100391955592,CLDN4;STMN1;SFN;CLDN1
GO_Biological_Process_2023,Positive Regulation Of Signal Transduction By P53 Class Mediator (GO:1901798),4/21,5.082545165940558e-05,0.0045658197407366,0,0,23.74909963985594,234.8100391955592,DDX5;RPS7;MYC;PMAIP1
GO_Biological_Process_2023,Cell-Cell Junction Organization (GO:0045216),6/68,6.063573890742817e-05,0.00516042051649,0,0,9.84602593947456,95.61107634878178,DSP;CXADR;DSG1;PKP1;PKP3;CLDN1
GO_Biological_Process_2023,Negative Regulation Of Muscle Cell Apoptotic Process (GO:0010656),3/9,7.91555905106562e-05,0.0063997294927865,0,0,50.23857868020305,474.45791686900793,BAG3;ZC3H12A;LYPD3
GO_Biological_Process_2023,Regulation Of mRNA Catabolic Process (GO:0061013),5/46,9.34439910541812e-05,0.0067915389768427,0,0,12.357098186366478,114.6509898683154,RBM8A;EIF4A3;ZC3H12A;PKP1;PKP3
GO_Biological_Process_2023,Apoptotic Process (GO:0006915),10/228,0.0001037073614381671,0.0067915389768427,0,0,4.727667793336552,43.37132865551142,PPP2CA;NFKBIA;MYC;PMAIP1;DYNLL1;PHLDA2;PPIA;GAPDH;BBC3;HSPD1
GO_Biological_Process_2023,Regulation Of Wound Healing (GO:0061041),5/47,0.00010372551199439694,0.0067915389768427,0,0,12.062271062271062,110.656409401326,CLDN4;TNFRSF12A;TNFAIP3;CLDN1;HBEGF
GO_Biological_Process_2023,Negative Regulation Of Stress Fiber Assembly (GO:0051497),4/25,0.00010411396073230693,0.0067915389768427,0,0,19.221574344023324,176.26230732641343,STMN1;TACSTD2;DYNLL1;PFN1
GO_Biological_Process_2023,"Regulation Of Nuclear-Transcribed mRNA Catabolic Process, Nonsense-Mediated Decay (GO:2000622)",3/10,0.00011224655254723088,0.0067915389768427,0,0,43.059463379260336,391.61775629527256,RBM8A;EIF4A3;HNRNPAB
GO_Biological_Process_2023,Positive Regulation Of Epidermal Growth Factor-Activated Receptor Activity (GO:0045741),3/10,0.00011224655254723088,0.0067915389768427,0,0,43.059463379260336,391.61775629527256,FBXW7;AREG;HBEGF
GO_Biological_Process_2023,Positive Regulation Of Cysteine-Type Endopeptidase Activity Involved In Apoptotic Process (GO:0043280),7/109,0.00011340232057807951,0.0067915389768427,0,0,7.004266991770802,63.6307447024975,MYC;PMAIP1;CYCS;DYNLL1;HSPE1;BBC3;HSPD1
GO_Biological_Process_2023,Regulation Of Epidermal Growth Factor-Activated Receptor Activity (GO:0007176),4/26,0.00012208503690954434,0.0070504108815261,0,0,18.346938775510203,165.32046257631316,ERRFI1;FBXW7;AREG;HBEGF
GO_Biological_Process_2023,Positive Regulation Of Catabolic Process (GO:0009896),6/79,0.00014059568000422912,0.007664625401958,0,0,8.357717836463776,74.12980053694949,HSP90AA1;FBXW7;TIPARP;PLK2;TNFAIP3;EZR
GO_Biological_Process_2023,Peptide Cross-Linking (GO:0018149),4/27,0.00014220084233688404,0.007664625401958,0,0,17.54835847382431,155.44809947118517,DSP;CSTA;KRT1;KRT10
GO_Biological_Process_2023,Positive Regulation Of Protein Metabolic Process (GO:0051247),9/196,0.0001633154181309202,0.0080658444895022,0,0,4.942100400369572,43.09426123165502,NFKBIA;HSP90AA1;TIPARP;PLK2;PERP;EIF4A3;TNFAIP3;EZR;TENT5B
GO_Biological_Process_2023,Negative Regulation Of Actin Filament Bundle Assembly (GO:0032232),4/28,0.00016460907121433117,0.0080658444895022,0,0,16.816326530612244,146.50278000651662,STMN1;TACSTD2;DYNLL1;PFN1
GO_Biological_Process_2023,"Nuclear-Transcribed mRNA Catabolic Process, Nonsense-Mediated Decay (GO:0000184)",4/28,0.00016460907121433117,0.0080658444895022,0,0,16.816326530612244,146.50278000651662,RBM8A;EIF4A3;ZC3H12A;PNRC1
GO_Biological_Process_2023,Regulation Of Cysteine-Type Endopeptidase Activity Involved In Apoptotic Process (GO:0043281),6/84,0.0001972820169705008,0.0091932290371537,0,0,7.819984139571768,66.71131732122619,ARL6IP1;DNAJB6;MYC;PMAIP1;CYCS;SFN
GO_Biological_Process_2023,Regulation Of Transcription From RNA Polymerase II Promoter In Response To Stress (GO:0043618),3/12,0.00020276702349047895,0.0091932290371537,0,0,33.48730964467005,284.75776049641166,BAG3;ATF4;NFE2L2
GO_Biological_Process_2023,Regulation Of Translation (GO:0006417),9/202,0.00020467300268245907,0.0091932290371537,0,0,4.7869950899275695,40.66120044678885,BTG2;EIF4A3;HSPB1;ETF1;PKP3;TENT5B;TOB1;GAPDH;EIF4G2
GO_Biological_Process_2023,Epidermis Development (GO:0008544),6/85,0.0002105199505203156,0.009200290810577,0,0,7.7206055069816,65.36210680281118,DSP;KRTDAP;FABP5;KRT15;KRT14;KRT5
GO_Biological_Process_2023,Cellular Response To Starvation (GO:0009267),7/126,0.00027864505084932974,0.0118570801900885,0,0,5.998476074367571,49.1009566289826,HSPA8;CDKN1A;MAP1LC3B;DAPL1;ZC3H12A;PMAIP1;ATF4
GO_Biological_Process_2023,Positive Regulation Of Protein Catabolic Process (GO:0045732),6/92,0.0003239702699296485,0.0134323058070831,0,0,7.0896667465835534,56.96447128938902,HSP90AA1;FBXW7;TIPARP;PLK2;TNFAIP3;EZR
GO_Biological_Process_2023,Apoptotic Mitochondrial Changes (GO:0008637),4/34,0.0003557732688924604,0.0143821343949777,0,0,13.448979591836734,106.80126422611052,SFN;BBC3;HSPD1;MCL1
GO_Biological_Process_2023,Epithelial Cell Differentiation (GO:0030855),7/132,0.0003698806629953666,0.0145877324893538,0,0,5.70880829015544,45.11288779648466,KDM6B;RAB10;EHF;KRT15;KRT14;IRF6;KRT10
GO_Biological_Process_2023,Positive Regulation Of Signaling Receptor Activity (GO:2000273),4/36,0.0004448946011773135,0.0171284421453265,0,0,12.607142857142858,97.2978079915696,FBXW7;ADRB2;AREG;HBEGF
GO_Biological_Process_2023,Negative Regulation Of Cellular Biosynthetic Process (GO:0031327),7/137,0.00046293959489226153,0.0172192523289027,0,0,5.487843762455161,42.13519232726351,BTG2;CDKN1A;FBXW7;EIF4A3;ZC3H12A;GAPDH;TOB1
GO_Biological_Process_2023,"RNA Splicing, Via Transesterification Reactions With Bulged Adenosine As Nucleophile (GO:0000377)",8/180,0.0004685510837796663,0.0172192523289027,0,0,4.75484496124031,36.45000159125714,HSPA8;DDX5;RBM8A;HNRNPH1;TRA2B;EIF4A3;SRSF2;SNRPB
GO_Biological_Process_2023,Positive Regulation Of Protein Tyrosine Kinase Activity (GO:0061098),4/38,0.0005488816438829229,0.0195330707917133,0,0,11.864345738295318,89.07309099917518,EFNA1;FBXW7;AREG;HBEGF
GO_Biological_Process_2023,Activation Of Cysteine-Type Endopeptidase Activity Involved In Apoptotic Process (GO:0006919),5/67,0.0005556717726770651,0.0195330707917133,0,0,8.16294458229942,61.18398606775132,CYCS;DYNLL1;HSPE1;BBC3;HSPD1
GO_Biological_Process_2023,Skin Development (GO:0043588),5/68,0.0005949605404203094,0.0200265127355686,0,0,8.032967032967033,59.66097044986614,DSP;ERRFI1;CSTA;KRT10;EPHA2
GO_Biological_Process_2023,Negative Regulation Of Oxidative Stress-Induced Intrinsic Apoptotic Signaling Pathway (GO:1902176),3/17,0.0006040394207294829,0.0200265127355686,0,0,21.5221174764322,159.51916044937724,HSPB1;PPIA;NFE2L2
GO_Biological_Process_2023,Positive Regulation Of Intrinsic Apoptotic Signaling Pathway (GO:2001244),4/39,0.0006068640222899578,0.0200265127355686,0,0,11.524781341107872,85.36642728574833,RPS7;MYC;PMAIP1;BBC3
GO_Biological_Process_2023,Regulation Of Cell Population Proliferation (GO:0042127),18/766,0.0007092717584181298,0.0228132448383044,0,0,2.5190691661279896,18.26645522342112,BTG3;BTG2;CDKN1A;BTG1;JUP;HMGA1;TENT5B;DYNLL1;TOB1;AREG;SERTAD1;MYC;NAMPT;IRF6;SGK1;SLC25A5;S100A11;HBEGF
GO_Biological_Process_2023,Regulation Of Oxidative Stress-Induced Intrinsic Apoptotic Signaling Pathway (GO:1902175),3/18,0.0007195272026923491,0.0228132448383044,0,0,20.086294416243653,145.36282995258424,HSPB1;PPIA;NFE2L2
GO_Biological_Process_2023,Negative Regulation Of mRNA Catabolic Process (GO:1902373),4/41,0.0007356418168161046,0.0228756311113777,0,0,10.900717043574186,78.64613599642355,PKP1;PKP3;TENT5B;HNRNPAB
GO_Biological_Process_2023,Negative Regulation Of Protein Phosphorylation (GO:0001933),7/149,0.0007634023439664459,0.0232909733998819,0,0,5.021017295482741,36.03948311065473,ERRFI1;CDKN1A;ZC3H12A;HSPB1;SFN;TRIB1;PPIA
GO_Biological_Process_2023,Keratinocyte Differentiation (GO:0030216),4/42,0.0008067730463282587,0.0239332161615671,0,0,10.613319011815252,75.59302673955138,DSP;CSTA;KRT10;EPHA2
GO_Biological_Process_2023,Release Of Cytochrome C From Mitochondria (GO:0001836),3/19,0.0008481701801219675,0.0239332161615671,0,0,18.82994923857868,133.17348392535672,SFN;BBC3;MCL1
GO_Biological_Process_2023,Positive Regulation Of Alpha-Beta T Cell Activation (GO:0046635),3/19,0.0008481701801219675,0.0239332161615671,0,0,18.82994923857868,133.17348392535672,HSPH1;PNP;HLA-E
GO_Biological_Process_2023,Protein Heterooligomerization (GO:0051291),3/19,0.0008481701801219675,0.0239332161615671,0,0,18.82994923857868,133.17348392535672,MAT2A;KRT1;KRT10
GO_Biological_Process_2023,Cellular Response To Organic Cyclic Compound (GO:0071407),7/152,0.00085845796992634,0.0239332161615671,0,0,4.916383777023405,34.71150247258905,H2AZ1;HSPA8;JUP;TIPARP;ZC3H12A;ATP1A1;EZR
GO_Biological_Process_2023,Energy Derivation By Oxidation Of Organic Compounds (GO:0015980),4/43,0.0008826236600453894,0.0241898721744643,0,0,10.34065934065934,72.72184139201934,COX7B;CYCS;COX6A1;COX5A
GO_Biological_Process_2023,Regulation Of Gene Expression (GO:0010468),23/1127,0.0009247874502596014,0.0249230217844962,0,0,2.2005649717514126,15.373029449293394,KDM6B;BTG1;RPS7;FBXW7;TIPARP;HMGA1;BAZ1A;TOB1;HNRNPAB;PPP2CA;HINT1;HNRNPH1;MYC;TRA2B;ZC3H12A;NFKBIZ;REL;PKP1;PKP3;EZR;SLC38A2;ATF4;NFE2L2
GO_Biological_Process_2023,Bundle Of His cell-Purkinje Myocyte Adhesion Involved In Cell Communication (GO:0086073),2/5,0.0009754681839454336,0.0254408395716091,0,0,66.65656565656566,462.1028413784856,DSP;JUP
GO_Biological_Process_2023,Positive Regulation Of Intrinsic Apoptotic Signaling Pathway By P53 Class Mediator (GO:1902255),2/5,0.0009754681839454336,0.0254408395716091,0,0,66.65656565656566,462.1028413784856,RPS7;MYC
GO_Biological_Process_2023,Regulation Of Lipid Storage (GO:0010883),3/21,0.0011471485105092,0.0289834240858354,0,0,16.736040609137056,113.3109608085056,NFKBIA;FBXW7;ZC3H12A
GO_Biological_Process_2023,Chaperone-Mediated Protein Complex Assembly (GO:0051131),3/21,0.0011471485105092,0.0289834240858354,0,0,16.736040609137056,113.3109608085056,HSP90AA1;HOPX;HSPD1
GO_Biological_Process_2023,Positive Regulation Of Cytoskeleton Organization (GO:0051495),5/79,0.0011773948684188,0.0292722907393841,0,0,6.835065835065835,46.09876674157659,VASP;PFDN2;PFN1;CCL27;ARF6
GO_Biological_Process_2023,Positive Regulation Of Transcription By RNA Polymerase II (GO:0045944),20/938,0.0011947873771177,0.0292722907393841,0,0,2.2854030501089326,15.38027581986398,H2AZ1;KDM6B;EHF;JUP;HMGA1;DDX21;ETS2;NFKBIA;KLF6;KLF5;MYC;ZC3H12A;NAMPT;MAFF;REL;IRF6;PTMA;ATF3;ATF4;NFE2L2
GO_Biological_Process_2023,Regulation Of Protein Kinase Activity (GO:0045859),6/119,0.0012624753129743,0.0304689937474547,0,0,5.388285740352158,35.96508819013522,MAP2K3;CDKN1A;HSPB1;SFN;TRIB1;PPIA
GO_Biological_Process_2023,"mRNA Splicing, Via Spliceosome (GO:0000398)",8/211,0.0013162678827728,0.0313000759771141,0,0,4.022372742200329,26.68021702401784,HSPA8;DDX5;RBM8A;HNRNPH1;TRA2B;EIF4A3;SRSF2;SNRPB
GO_Biological_Process_2023,mRNA Processing (GO:0006397),8/214,0.0014395945393349,0.0326447771855939,0,0,3.963187702265372,25.93269773995666,HSPA8;DDX5;RBM8A;HNRNPH1;TRA2B;EIF4A3;SRSF2;SNRPB
GO_Biological_Process_2023,Negative Regulation Of Response To Reactive Oxygen Species (GO:1901032),2/6,0.0014535707837741,0.0326447771855939,0,0,49.98989898989899,326.6206097208578,TXN;NFE2L2
GO_Biological_Process_2023,Negative Regulation Of Stress-Activated Protein Kinase Signaling Cascade (GO:0070303),2/6,0.0014535707837741,0.0326447771855939,0,0,49.98989898989899,326.6206097208578,MYC;PPIA
GO_Biological_Process_2023,Polyamine Biosynthetic Process (GO:0006596),2/6,0.0014535707837741,0.0326447771855939,0,0,49.98989898989899,326.6206097208578,SAT1;SLC38A2
GO_Biological_Process_2023,Regulation Of Mitotic Cell Cycle (GO:0007346),6/125,0.0016245281501544,0.0347895267524418,0,0,5.115048081088105,32.85159003068434,BTG3;BTG2;BTG1;CAV2;CKS2;PIM3
GO_Biological_Process_2023,Negative Regulation Of Cell Cycle (GO:0045786),5/85,0.0016330044910439,0.0347895267524418,0,0,6.32051282051282,40.560840018013536,BTG3;BTG2;CDKN1A;BTG1;TENT5B
GO_Biological_Process_2023,Nuclear-Transcribed mRNA Catabolic Process (GO:0000956),5/85,0.0016330044910439,0.0347895267524418,0,0,6.32051282051282,40.560840018013536,DDX5;RBM8A;EIF4A3;ZC3H12A;PNRC1
GO_Biological_Process_2023,Positive Regulation Of Apoptotic Process (GO:0043065),9/270,0.0016351292722236,0.0347895267524418,0,0,3.527532045495577,22.632763466429097,DNAJA1;BTG1;TNFRSF12A;ZC3H12A;PMAIP1;DYNLL1;ATF4;MCL1;HSPD1
GO_Biological_Process_2023,Negative Regulation Of Protein Kinase Activity (GO:0006469),5/88,0.0019039709857819,0.0393849255294636,0,0,6.091133765832561,38.15372640786974,CDKN1A;HSPB1;SFN;TRIB1;PPIA
GO_Biological_Process_2023,Regulation Of Hydrogen Peroxide-Induced Cell Death (GO:1903205),2/7,0.0020216133697869,0.0393849255294636,0,0,39.98989898989899,248.09171029141777,TXN;NFE2L2
GO_Biological_Process_2023,Spermidine Metabolic Process (GO:0008216),2/7,0.0020216133697869,0.0393849255294636,0,0,39.98989898989899,248.09171029141777,SAT1;SLC38A2
GO_Biological_Process_2023,Intermediate Filament Bundle Assembly (GO:0045110),2/7,0.0020216133697869,0.0393849255294636,0,0,39.98989898989899,248.09171029141777,KRT14;PKP1
GO_Biological_Process_2023,Lens Fiber Cell Development (GO:0070307),2/7,0.0020216133697869,0.0393849255294636,0,0,39.98989898989899,248.09171029141777,ATF4;EPHA2
GO_Biological_Process_2023,Negative Regulation Of RNA Catabolic Process (GO:1902369),2/7,0.0020216133697869,0.0393849255294636,0,0,39.98989898989899,248.09171029141777,PKP1;PKP3
GO_Biological_Process_2023,Positive Regulation Of Execution Phase Of Apoptosis (GO:1900119),2/7,0.0020216133697869,0.0393849255294636,0,0,39.98989898989899,248.09171029141777,ZC3H12A;DYNLL1
GO_Biological_Process_2023,Epidermal Cell Differentiation (GO:0009913),4/54,0.0020765932331265,0.0395041324466545,0,0,8.061224489795919,49.79439807569174,DSP;CSTA;KRT10;EPHA2
GO_Biological_Process_2023,Regulation Of Blood Vessel Endothelial Cell Migration (GO:0043535),4/54,0.0020765932331265,0.0395041324466545,0,0,8.061224489795919,49.79439807569174,MAP2K3;JUP;HSPB1;EPHA2
GO_Biological_Process_2023,Regulation Of I-kappaB kinase/NF-kappaB Signaling (GO:0043122),8/232,0.0023852070536615,0.0440884933787847,0,0,3.641369047619048,21.988295362262978,PLK2;ZC3H12A;REL;PELI1;TNFAIP3;HSPB1;DDX21;GAPDH
GO_Biological_Process_2023,Chaperone Cofactor-Dependent Protein Refolding (GO:0051085),3/27,0.0024141059150854,0.0440884933787847,0,0,12.548223350253808,75.62094298941223,DNAJB1;HSPA8;HSPE1
GO_Biological_Process_2023,Positive Regulation Of Response To Wounding (GO:1903036),3/27,0.0024141059150854,0.0440884933787847,0,0,12.548223350253808,75.62094298941223,CLDN4;CLDN1;HBEGF
GO_Biological_Process_2023,Cytoplasmic Translation (GO:0002181),5/93,0.0024266394005639,0.0440884933787847,0,0,5.743589743589744,34.583577920617785,RPS19;RPS7;RPLP1;ETF1;RPS21
GO_Biological_Process_2023,Positive Regulation Of Intracellular Signal Transduction (GO:1902533),13/525,0.0024880251749182,0.0447015189760307,0,0,2.618900401069519,15.70362339466008,HSP90AA1;CAV2;PLK2;DDX21;TXN;ADRB2;BBC3;REL;PELI1;PMAIP1;PPIA;GAPDH;HBEGF
GO_Biological_Process_2023,Protein Localization To Plasma Membrane (GO:0072659),6/137,0.0025798129561998,0.045209411842201,0,0,4.643660974266153,27.67639763160527,RAB10;JUP;ATP1B3;PKP3;EZR;EPHA2
GO_Biological_Process_2023,Regulation Of Epidermis Development (GO:0045682),2/8,0.0026777674677022,0.045209411842201,0,0,33.323232323232325,197.36590289038227,MAFF;KRT10
GO_Biological_Process_2023,Regulation Of Intrinsic Apoptotic Signaling Pathway By P53 Class Mediator (GO:1902253),2/8,0.0026777674677022,0.045209411842201,0,0,33.323232323232325,197.36590289038227,RPS7;MYC
GO_Biological_Process_2023,Bundle Of His Cell To Purkinje Myocyte Communication (GO:0086069),2/8,0.0026777674677022,0.045209411842201,0,0,33.323232323232325,197.36590289038227,DSP;JUP
GO_Biological_Process_2023,Proline Transport (GO:0015824),2/8,0.0026777674677022,0.045209411842201,0,0,33.323232323232325,197.36590289038227,SLC3A2;SLC38A2
GO_Biological_Process_2023,Regulation Of Cardiac Muscle Cell Action Potential (GO:0098901),3/28,0.0026840467141937,0.045209411842201,0,0,12.045685279187817,71.31563234569973,DSP;CXADR;JUP
GO_Biological_Process_2023,Heterotypic Cell-Cell Adhesion (GO:0034113),3/29,0.002971884860348,0.0488719847970311,0,0,11.581803982819212,67.38940857682955,DSP;CXADR;JUP
GO_Biological_Process_2023,Regulation Of Autophagy (GO:0010506),8/241,0.0030123001884428,0.0488719847970311,0,0,3.4991058655221745,20.312489087963723,FBXW7;DAPL1;PLK2;ZC3H12A;HSPB1;GAPDH;EIF4G2;MCL1
GO_Biological_Process_2023,RNA Splicing (GO:0008380),5/98,0.003046494595945,0.0488719847970311,0,0,5.433416046319272,31.47992845042133,PPP2CA;RBM8A;TRA2B;SRSF2;SNRPB
GO_Biological_Process_2023,Negative Regulation Of Macromolecule Biosynthetic Process (GO:0010558),5/98,0.003046494595945,0.0488719847970311,0,0,5.433416046319272,31.47992845042133,BTG2;CDKN1A;EIF4A3;GAPDH;TOB1
GO_Biological_Process_2023,Negative Regulation Of Peptidase Activity (GO:0010466),4/60,0.0030565414874588,0.0488719847970311,0,0,7.19533527696793,41.66438194796197,CSTA;SERPINB2;GAPDH;SERPINB5
GO_Biological_Process_2023,Protein Localization To Cell Periphery (GO:1990778),6/142,0.0030828339204064,0.0488719847970311,0,0,4.471801091570649,25.855533566652312,RAB10;JUP;ATP1B3;PKP3;EZR;EPHA2
GO_Biological_Process_2023,Negative Regulation Of Intrinsic Apoptotic Signaling Pathway (GO:2001243),4/61,0.0032458250655199,0.0506179501432393,0,0,7.0687432867884,40.50662547348915,DNAJA1;HSPB1;PPIA;NFE2L2
GO_Biological_Process_2023,Positive Regulation Of DNA-templated Transcription (GO:0045893),23/1243,0.0032555762615317,0.0506179501432393,0,0,1.978975641381865,11.33435734344569,H2AZ1;MAP2K3;KDM6B;EHF;JUP;HMGA1;DDX21;HNRNPAB;ETS2;NFKBIA;KLF6;KLF5;MYC;ZC3H12A;NAMPT;MAFF;REL;IRF6;PTMA;ATF3;ATF4;NFE2L2;YWHAH
GO_Biological_Process_2023,Positive Regulation Of Gene Expression (GO:0010628),12/480,0.0033480029190477,0.0510755756713809,0,0,2.6366612111292964,15.027363847729626,RPS7;MYC;ZC3H12A;EIF4A3;PKP1;PKP3;TENT5B;EZR;SLC38A2;GAPDH;ATF4;NFE2L2
GO_Biological_Process_2023,Positive Regulation Of Protein Kinase Activity (GO:0045860),6/145,0.0034178365148688,0.0510755756713809,0,0,4.3746198917154935,24.842361887592247,MAP2K3;EFNA1;PPP2CA;CDKN1A;HSP90AA1;ADRB2
GO_Biological_Process_2023,Positive Regulation Of Epidermis Development (GO:0045684),2/9,0.0034202318391573,0.0510755756713809,0,0,28.561327561327563,162.17255858986445,SFN;KRT10
GO_Biological_Process_2023,"Regulation Of CD8-positive, Alpha-Beta T Cell Activation (GO:2001185)",2/9,0.0034202318391573,0.0510755756713809,0,0,28.561327561327563,162.17255858986445,DAPL1;HLA-E
GO_Biological_Process_2023,Negative Regulation Of Kinase Activity (GO:0033673),4/62,0.0034429423303528,0.0510755756713809,0,0,6.946516537649543,39.39667426105362,HSPB1;SFN;TRIB1;PPIA
GO_Biological_Process_2023,Negative Regulation Of Protein Metabolic Process (GO:0051248),6/147,0.0036557539531385,0.0537395831111373,0,0,4.312129853037947,24.19731368597156,BTG2;CSTA;EIF4A3;PFDN2;GAPDH;TOB1
GO_Biological_Process_2023,Positive Regulation Of Macromolecule Metabolic Process (GO:0010604),10/364,0.0037514652886639,0.0546497240699959,0,0,2.891168599464764,16.148936689566114,NFKBIA;RPS7;MYC;ZC3H12A;PKP1;PKP3;EZR;SLC38A2;ATF4;NFE2L2
GO_Biological_Process_2023,Positive Regulation Of Cysteine-Type Endopeptidase Activity (GO:2001056),4/64,0.0038612882755342,0.0557473494780261,0,0,6.714285714285714,37.30963669275872,MYC;PERP;PMAIP1;CYCS
GO_Biological_Process_2023,Positive Regulation Of Inflammatory Response (GO:0050729),5/104,0.0039322638791335,0.0559772157958353,0,0,5.102564102564102,28.260755222784237,NFKBIA;VAMP8;RPS19;NFKBIZ;MGST2
GO_Biological_Process_2023,'De Novo' Post-Translational Protein Folding (GO:0051084),3/32,0.0039464456405227,0.0559772157958353,0,0,10.382110974969368,57.46436072810552,DNAJB1;HSPA8;HSPE1
GO_Biological_Process_2023,Regulation Of Inclusion Body Assembly (GO:0090083),2/10,0.0042472321345398,0.05806989121358,0,0,24.98989898989899,136.4820277236255,DNAJB1;DNAJB6
GO_Biological_Process_2023,Negative Regulation Of Hydrogen Peroxide-Induced Cell Death (GO:1903206),2/10,0.0042472321345398,0.05806989121358,0,0,24.98989898989899,136.4820277236255,TXN;NFE2L2
GO_Biological_Process_2023,Negative Regulation Of Inclusion Body Assembly (GO:0090084),2/10,0.0042472321345398,0.05806989121358,0,0,24.98989898989899,136.4820277236255,DNAJB1;DNAJB6
GO_Biological_Process_2023,Signal Transduction By P53 Class Mediator (GO:0072331),3/33,0.0043094538934011,0.05806989121358,0,0,10.03553299492386,54.6629871343117,DDX5;HINT1;PMAIP1
GO_Biological_Process_2023,Positive Regulation Of Epidermal Growth Factor Receptor Signaling Pathway (GO:0045742),3/33,0.0043094538934011,0.05806989121358,0,0,10.03553299492386,54.6629871343117,FBXW7;AREG;HBEGF
GO_Biological_Process_2023,Regulation Of NLRP3 Inflammasome Complex Assembly (GO:1900225),3/33,0.0043094538934011,0.05806989121358,0,0,10.03553299492386,54.6629871343117,PPP2CA;HSPA8;CSNK1A1
GO_Biological_Process_2023,Regulation Of Angiogenesis (GO:0045765),7/205,0.0046506878361042,0.0621501010824839,0,0,3.5906735751295336,19.2845747303912,BTG1;JUP;KRT1;ZC3H12A;TNFAIP3;HSPB1;EPHA2
GO_Biological_Process_2023,Negative Regulation Of Mitotic Cell Cycle (GO:0045930),3/34,0.0046920695585813,0.0621891514444751,0,0,9.711314884558703,52.07091984713094,BTG3;BTG2;BTG1
GO_Biological_Process_2023,Aerobic Electron Transport Chain (GO:0019646),4/68,0.0047986051189846,0.0630841014422612,0,0,6.293367346938775,33.6029944353692,COX7B;CYCS;COX6A1;COX5A
GO_Biological_Process_2023,Response To Molecule Of Bacterial Origin (GO:0002237),4/69,0.0050547479900121,0.0636557420787344,0,0,6.196232339089482,32.76212791134876,PELI1;TNFAIP3;S100A14;TRIB1
GO_Biological_Process_2023,Intrinsic Apoptotic Signaling Pathway By P53 Class Mediator (GO:0072332),3/35,0.0050945877067937,0.0636557420787344,0,0,9.407360406091373,49.666879272481374,DDX5;HINT1;PMAIP1
GO_Biological_Process_2023,Regulation Of Mesenchymal Cell Proliferation (GO:0010464),2/11,0.0051570205394645,0.0636557420787344,0,0,22.21212121212121,117.00004466783103,MYC;CTNNBIP1
GO_Biological_Process_2023,Biogenic Amine Biosynthetic Process (GO:0042401),2/11,0.0051570205394645,0.0636557420787344,0,0,22.21212121212121,117.00004466783103,SAT1;SLC38A2
GO_Biological_Process_2023,Regulation Of Ventricular Cardiac Muscle Cell Action Potential (GO:0098911),2/11,0.0051570205394645,0.0636557420787344,0,0,22.21212121212121,117.00004466783103,DSP;JUP
GO_Biological_Process_2023,Epithelial Cell-Cell Adhesion (GO:0090136),2/11,0.0051570205394645,0.0636557420787344,0,0,22.21212121212121,117.00004466783103,DSP;JUP
GO_Biological_Process_2023,Polyamine Metabolic Process (GO:0006595),2/11,0.0051570205394645,0.0636557420787344,0,0,22.21212121212121,117.00004466783103,SAT1;SLC38A2
GO_Biological_Process_2023,Regulation Of T-helper 17 Cell Differentiation (GO:2000319),2/11,0.0051570205394645,0.0636557420787344,0,0,22.21212121212121,117.00004466783103,NFKBIZ;ZC3H12A
GO_Biological_Process_2023,Mitochondrial ATP Synthesis Coupled Electron Transport (GO:0042775),4/70,0.0053199003877868,0.0646787889251979,0,0,6.1020408163265305,31.95212059737399,COX7B;CYCS;COX6A1;COX5A
GO_Biological_Process_2023,Positive Regulation Of Protein Polymerization (GO:0032273),4/70,0.0053199003877868,0.0646787889251979,0,0,6.1020408163265305,31.95212059737399,VASP;HSP90AA1;PFN1;ARF6
GO_Biological_Process_2023,Regulation Of Protein Serine/Threonine Kinase Activity (GO:0071900),5/112,0.0053815720762053,0.064940313785254,0,0,4.71914689671699,24.65647950040891,PPP2CA;CDKN1A;SERTAD1;ADRB2;TRIB1
GO_Biological_Process_2023,Cell-Cell Junction Assembly (GO:0007043),4/71,0.0055942009572442,0.0665134040284114,0,0,6.0106609808102345,31.17143667727425,JUP;DSG1;PKP1;PKP3
GO_Biological_Process_2023,Negative Regulation Of Supramolecular Fiber Organization (GO:1902904),4/71,0.0055942009572442,0.0665134040284114,0,0,6.0106609808102345,31.17143667727425,HSPA8;STMN1;PFDN2;PFN1
GO_Biological_Process_2023,Regulation Of Macromolecule Metabolic Process (GO:0060255),6/162,0.0058508682994154,0.0676266297482704,0,0,3.894528152260111,20.02241261266993,KDM6B;MYC;ZC3H12A;NFKBIZ;TOB1;HNRNPAB
GO_Biological_Process_2023,Regulation Of Cellular Localization (GO:0060341),4/72,0.005877786338127,0.0676266297482704,0,0,5.921968787515006,30.41863718634327,HSP90AA1;DNAJB6;FBXW7;KRT5
GO_Biological_Process_2023,Regulation Of Defense Response To Virus By Host (GO:0050691),3/37,0.0059604378312344,0.0676266297482704,0,0,8.853090474768587,45.35094165112317,HSP90AA1;ZC3H12A;TNFAIP3
GO_Biological_Process_2023,Negative Regulation Of Smooth Muscle Cell Proliferation (GO:0048662),3/37,0.0059604378312344,0.0676266297482704,0,0,8.853090474768587,45.35094165112317,CDKN1A;TNFAIP3;TRIB1
GO_Biological_Process_2023,Negative Regulation Of Stress-Activated MAPK Cascade (GO:0032873),3/37,0.0059604378312344,0.0676266297482704,0,0,8.853090474768587,45.35094165112317,MYC;EZR;PPIA
GO_Biological_Process_2023,Regulation Of Cellular Component Biogenesis (GO:0044087),3/37,0.0059604378312344,0.0676266297482704,0,0,8.853090474768587,45.35094165112317,HSPA8;HSP90AA1;EZR
GO_Biological_Process_2023,Sodium Ion Export Across Plasma Membrane (GO:0036376),2/12,0.0061478754316609,0.0676266297482704,0,0,19.98989898989899,101.78154350719132,ATP1B3;ATP1A1
GO_Biological_Process_2023,Fibrinolysis (GO:0042730),2/12,0.0061478754316609,0.0676266297482704,0,0,19.98989898989899,101.78154350719132,SERPINB2;KRT1
GO_Biological_Process_2023,Negative Regulation Of Locomotion (GO:0040013),2/12,0.0061478754316609,0.0676266297482704,0,0,19.98989898989899,101.78154350719132,TACSTD2;SPINT2
GO_Biological_Process_2023,Positive Regulation Of Nuclear-Transcribed mRNA poly(A) Tail Shortening (GO:0060213),2/12,0.0061478754316609,0.0676266297482704,0,0,19.98989898989899,101.78154350719132,BTG2;TOB1
GO_Biological_Process_2023,Protein Heterotetramerization (GO:0051290),2/12,0.0061478754316609,0.0676266297482704,0,0,19.98989898989899,101.78154350719132,KRT1;KRT10
GO_Biological_Process_2023,Positive Regulation Of Cell Migration (GO:0030335),8/272,0.0061980498194542,0.0677178821490373,0,0,3.083333333333333,15.67418846011876,CLDN4;ACTN4;PFN1;CLDN1;S100A11;SYNE2;EPHA2;HBEGF
GO_Biological_Process_2023,Regulation Of Transcription By RNA Polymerase II (GO:0006357),32/2028,0.0062964774185834,0.0683315703748285,0,0,1.699017081782613,8.610219202694584,EHF;DDX5;FHL2;DDX21;ETS2;DNAJB1;MYC;ZC3H12A;NAMPT;LRRFIP1;H2AZ1;TGIF1;KDM6B;BRD2;JUP;HMGA1;IRF2BP2;BAZ1A;YWHAZ;HOPX;EFNA1;NFKBIA;KLF6;KLF5;MAFF;REL;IRF6;EZR;PTMA;ATF3;ATF4;NFE2L2
GO_Biological_Process_2023,Regulation Of Protein Import Into Nucleus (GO:0042306),3/38,0.0064242870484076,0.0692538143818347,0,0,8.599709934735316,43.40849457481817,JUP;BAG3;ZC3H12A
GO_Biological_Process_2023,Regulation Of Stress Fiber Assembly (GO:0051492),4/75,0.0067855868807455,0.0721861446458262,0,0,5.670882437482035,28.314457943471623,STMN1;TACSTD2;DYNLL1;PFN1
GO_Biological_Process_2023,Negative Regulation Of Phosphorylation (GO:0042326),4/75,0.0067855868807455,0.0721861446458262,0,0,5.670882437482035,28.314457943471623,CDKN1A;ZC3H12A;DYNLL1;PPIA
GO_Biological_Process_2023,Retina Homeostasis (GO:0001895),3/39,0.006909073873999,0.0725452756769902,0,0,8.360406091370558,41.59234877252794,PRDX1;KRT1;HSPB1
GO_Biological_Process_2023,Positive Regulation Of ATP-dependent Activity (GO:0032781),3/39,0.006909073873999,0.0725452756769902,0,0,8.360406091370558,41.59234877252794,DNAJB1;ATP1B3;PFN1
GO_Biological_Process_2023,Intracellular Potassium Ion Homeostasis (GO:0030007),2/13,0.0072181010363148,0.0748183934341098,0,0,18.171717171717173,89.6077061786221,ATP1B3;ATP1A1
GO_Biological_Process_2023,Negative Regulation Of NLRP3 Inflammasome Complex Assembly (GO:1900226),2/13,0.0072181010363148,0.0748183934341098,0,0,18.171717171717173,89.6077061786221,HSPA8;CSNK1A1
GO_Biological_Process_2023,Cellular Response To Heat (GO:0034605),3/40,0.0074150224240263,0.0758866535420924,0,0,8.134037590890383,39.89133172446582,DNAJB1;HSP90AA1;BAG3
GO_Biological_Process_2023,Positive Regulation Of Wound Healing (GO:0090303),3/40,0.0074150224240263,0.0758866535420924,0,0,8.134037590890383,39.89133172446582,CLDN4;CLDN1;HBEGF
GO_Biological_Process_2023,Regulation Of Protein Catabolic Process (GO:0042176),5/122,0.0076789367656166,0.0780933380503275,0,0,4.313609467455621,21.004147217080448,HSP90AA1;TIPARP;PLK2;TNFAIP3;EZR
GO_Biological_Process_2023,Cell-Cell Adhesion Via Plasma-Membrane Adhesion Molecules (GO:0098742),6/172,0.0077686325749119,0.0781550289441785,0,0,3.658054900012421,17.769591054842717,CLDN4;CXADR;DSG1;CLDN1;LGALS7;MPZL2
GO_Biological_Process_2023,Regulation Of Innate Immune Response (GO:0045088),4/78,0.0077816695485545,0.0781550289441785,0,0,5.44015444015444,26.41730492570561,TNFAIP3;YWHAZ;HLA-E;NFE2L2
GO_Biological_Process_2023,Positive Regulation Of Actin Filament Polymerization (GO:0030838),3/41,0.0079423435743089,0.0792763553065282,0,0,7.919583222014427,38.29551599382337,VASP;PFN1;ARF6
GO_Biological_Process_2023,Regulation Of Nuclear-Transcribed mRNA poly(A) Tail Shortening (GO:0060211),2/14,0.0083660270881822,0.0819870654641859,0,0,16.656565656565657,79.67795051677446,BTG2;TOB1
GO_Biological_Process_2023,Mammary Gland Epithelium Development (GO:0061180),2/14,0.0083660270881822,0.0819870654641859,0,0,16.656565656565657,79.67795051677446,IRF6;EPHA2
GO_Biological_Process_2023,Polarized Epithelial Cell Differentiation (GO:0030859),2/14,0.0083660270881822,0.0819870654641859,0,0,16.656565656565657,79.67795051677446,RAB10;EZR
GO_Biological_Process_2023,Cellular Response To Amino Acid Starvation (GO:0034198),3/42,0.0084912352718872,0.0822175295487527,0,0,7.716126513080828,36.79605293636041,CDKN1A;DAPL1;ATF4
GO_Biological_Process_2023,Cellular Response To Glucose Starvation (GO:0042149),3/42,0.0084912352718872,0.0822175295487527,0,0,7.716126513080828,36.79605293636041,ZC3H12A;PMAIP1;ATF4
GO_Biological_Process_2023,Positive Regulation Of Intracellular Protein Transport (GO:0090316),5/126,0.0087640613033768,0.0843540900450025,0,0,4.17016317016317,19.754462698766943,JUP;FBXW7;BAG3;ZC3H12A;BBC3
GO_Biological_Process_2023,Regulation Of Anatomical Structure Morphogenesis (GO:0022603),5/127,0.0090510639155303,0.0866010079965242,0,0,4.135771332492644,19.45827874594664,CLDN4;CFL1;KRT1;TNFAIP3;EPHA2
GO_Biological_Process_2023,Regulation Of Phosphorylation (GO:0042325),4/82,0.0092528602217495,0.0877037108244297,0,0,5.160125588697017,24.16395252997982,PPP2CA;CDKN1A;HSPB1;DYNLL1
GO_Biological_Process_2023,Regulation Of Cellular Response To Heat (GO:1900034),2/15,0.0095900084936835,0.0877037108244297,0,0,15.374514374514376,71.44588341233826,DNAJB1;DNAJB6
GO_Biological_Process_2023,T Cell Homeostasis (GO:0043029),2/15,0.0095900084936835,0.0877037108244297,0,0,15.374514374514376,71.44588341233826,PPP2CA;PMAIP1
GO_Biological_Process_2023,Regulation Of Monocyte Differentiation (GO:0045655),2/15,0.0095900084936835,0.0877037108244297,0,0,15.374514374514376,71.44588341233826,MYC;CTNNBIP1
GO_Biological_Process_2023,miRNA Metabolic Process (GO:0010586),2/15,0.0095900084936835,0.0877037108244297,0,0,15.374514374514376,71.44588341233826,DDX5;ZC3H12A
GO_Biological_Process_2023,"Positive Regulation Of DNA Damage Response, Signal Transduction By P53 Class Mediator (GO:0043517)",2/15,0.0095900084936835,0.0877037108244297,0,0,15.374514374514376,71.44588341233826,DDX5;PMAIP1
GO_Biological_Process_2023,Positive Regulation Of Transmembrane Transport (GO:0034764),2/15,0.0095900084936835,0.0877037108244297,0,0,15.374514374514376,71.44588341233826,ARL6IP1;CA2
GO_Biological_Process_2023,Autophagosome Maturation (GO:0097352),3/44,0.0096544592002155,0.0877037108244297,0,0,7.338987247740498,34.05536215760635,VAMP8;MAP1LC3B;CHMP1B
GO_Biological_Process_2023,Positive Regulation Of Nucleocytoplasmic Transport (GO:0046824),3/44,0.0096544592002155,0.0877037108244297,0,0,7.338987247740498,34.05536215760635,JUP;BAG3;ZC3H12A
GO_Biological_Process_2023,Negative Regulation Of Transcription By RNA Polymerase II (GO:0000122),15/763,0.0099465232542349,0.0898521123022232,0,0,2.065182829888712,9.521591957894357,TGIF1;DDX5;FHL2;IRF2BP2;YWHAZ;ETS2;EFNA1;DNAJB1;BAG3;MYC;MAFF;LRRFIP1;EZR;ATF3;ATF4
GO_Biological_Process_2023,Purine Ribonucleotide Metabolic Process (GO:0009150),4/84,0.010051872319132,0.089872260224431,0,0,5.030612244897959,23.14079802223381,EFNA1;HSPA8;HINT1;EPHA2
GO_Biological_Process_2023,Gene Expression (GO:0010467),8/296,0.0100599128637118,0.089872260224431,0,0,2.8229166666666665,12.983149232269536,RPS19;RBM8A;RPS7;HNRNPH1;RPLP1;EIF4A3;RPS21;HSPD1
GO_Biological_Process_2023,Negative Regulation Of Response To Biotic Stimulus (GO:0002832),3/45,0.0102691253206439,0.0907386647184768,0,0,7.163886874546773,32.800668633723014,TNFAIP3;TRIB1;YWHAZ
GO_Biological_Process_2023,Positive Regulation Of mRNA Catabolic Process (GO:0061014),3/45,0.0102691253206439,0.0907386647184768,0,0,7.163886874546773,32.800668633723014,BTG2;ZC3H12A;TOB1
GO_Biological_Process_2023,Cellular Respiration (GO:0045333),4/85,0.0104676198849292,0.0919898986626658,0,0,4.968253968253968,22.65259800022629,COX7B;CYCS;COX6A1;COX5A
GO_Biological_Process_2023,Circulatory System Development (GO:0072359),5/132,0.0105838035562714,0.0925081640567081,0,0,3.971936200282657,18.066075411006175,KDM6B;PDLIM1;CDKN1A;CXADR;FBXW7
GO_Biological_Process_2023,Activation Of Cysteine-Type Endopeptidase Activity (GO:0097202),2/16,0.0108884250018907,0.0938034630715124,0,0,14.275613275613276,64.52655688502057,PERP;CYCS
GO_Biological_Process_2023,Vasculature Development (GO:0001944),2/16,0.0108884250018907,0.0938034630715124,0,0,14.275613275613276,64.52655688502057,ERRFI1;FBXW7
GO_Biological_Process_2023,Homotypic Cell-Cell Adhesion (GO:0034109),3/46,0.0109060303385555,0.0938034630715124,0,0,6.996930704757408,31.61520738006147,CXADR;HSPB1;PPIA
GO_Biological_Process_2023,Regulation Of Interleukin-2 Production (GO:0032663),3/47,0.0115653119162109,0.0989476686164711,0,0,6.83756345177665,30.49378950483647,PNP;TNFAIP3;EZR
GO_Biological_Process_2023,Regulation Of Protein Kinase B Signaling (GO:0051896),5/136,0.0119312122461777,0.1006289541860732,0,0,3.849872773536896,17.04953668909856,PPP2CA;HSP90AA1;TXN;EPHA2;HBEGF
GO_Biological_Process_2023,Cellular Response To Chemical Stress (GO:0062197),4/89,0.0122413166965711,0.1006289541860732,0,0,4.733493397358943,20.841280008372543,ZC3H12A;PPIA;ATF4;NFE2L2
GO_Biological_Process_2023,"DNA Damage Response, Signal Transduction By P53 Class Mediator Resulting In Cell Cycle Arrest (GO:0006977)",2/17,0.0122596808748648,0.1006289541860732,0,0,13.323232323232324,58.64139939765107,CDKN1A;PLK2
GO_Biological_Process_2023,Cellular Response To Unfolded Protein (GO:0034620),2/17,0.0122596808748648,0.1006289541860732,0,0,13.323232323232324,58.64139939765107,BAG3;HSPD1
GO_Biological_Process_2023,Negative Regulation Of Rho Protein Signal Transduction (GO:0035024),2/17,0.0122596808748648,0.1006289541860732,0,0,13.323232323232324,58.64139939765107,STMN1;DYNLL1
GO_Biological_Process_2023,Negative Regulation Of Insulin Secretion (GO:0046676),2/17,0.0122596808748648,0.1006289541860732,0,0,13.323232323232324,58.64139939765107,MIDN;PIM3
GO_Biological_Process_2023,Positive Regulation By Host Of Viral Process (GO:0044794),2/17,0.0122596808748648,0.1006289541860732,0,0,13.323232323232324,58.64139939765107,CAV2;CFL1
GO_Biological_Process_2023,Positive Regulation Of Transcription From RNA Polymerase II Promoter In Response To Stress (GO:0036003),2/17,0.0122596808748648,0.1006289541860732,0,0,13.323232323232324,58.64139939765107,ATF4;NFE2L2
GO_Biological_Process_2023,Protein Localization To Membrane (GO:0072657),6/192,0.0128979948631561,0.1041919147371893,0,0,3.261390089790489,14.189275778913128,RAB10;JUP;ATP1B3;PKP3;EZR;EPHA2
GO_Biological_Process_2023,Intrinsic Apoptotic Signaling Pathway In Response To DNA Damage (GO:0008630),3/49,0.0129514996055504,0.1041919147371893,0,0,6.539615978812624,28.42472661929245,SFN;EPHA2;MCL1
GO_Biological_Process_2023,Negative Regulation Of Cysteine-Type Endopeptidase Activity Involved In Apoptotic Process (GO:0043154),3/49,0.0129514996055504,0.1041919147371893,0,0,6.539615978812624,28.42472661929245,ARL6IP1;DNAJB6;SFN
GO_Biological_Process_2023,Positive Regulation Of miRNA Metabolic Process (GO:2000630),3/49,0.0129514996055504,0.1041919147371893,0,0,6.539615978812624,28.42472661929245,KLF5;MYC;ZC3H12A
GO_Biological_Process_2023,Regulation Of Mitochondrial Membrane Permeability (GO:0046902),2/18,0.0137022045657748,0.1080803160139411,0,0,12.48989898989899,53.58414643474309,PMAIP1;SLC25A5
GO_Biological_Process_2023,Renal Absorption (GO:0070293),2/18,0.0137022045657748,0.1080803160139411,0,0,12.48989898989899,53.58414643474309,CLDN4;SGK1
GO_Biological_Process_2023,Intracellular Sodium Ion Homeostasis (GO:0006883),2/18,0.0137022045657748,0.1080803160139411,0,0,12.48989898989899,53.58414643474309,ATP1B3;ATP1A1
GO_Biological_Process_2023,Negative Regulation Of Lipid Storage (GO:0010888),2/18,0.0137022045657748,0.1080803160139411,0,0,12.48989898989899,53.58414643474309,NFKBIA;ABHD5
GO_Biological_Process_2023,Negative Regulation Of Amide Metabolic Process (GO:0034249),4/93,0.0141968234235646,0.1114381722131264,0,0,4.519834900252236,19.23070897367363,BTG2;EIF4A3;GAPDH;TOB1
GO_Biological_Process_2023,Supramolecular Fiber Organization (GO:0097435),8/316,0.0144542225033197,0.112910520714338,0,0,2.636904761904762,11.171955539940145,DSP;DNAJB6;KRT15;KRT1;STMN1;KRT14;KRT5;KRT10
GO_Biological_Process_2023,Cell Cycle G1/S Phase Transition (GO:0044843),3/52,0.0152014163710364,0.1165960334865604,0,0,6.1382989744121,25.69717025640832,CDKN1A;MYC;PLK2
GO_Biological_Process_2023,Negative Regulation Of Innate Immune Response (GO:0045824),3/52,0.0152014163710364,0.1165960334865604,0,0,6.1382989744121,25.69717025640832,RPS19;TNFAIP3;YWHAZ
GO_Biological_Process_2023,Arp2/3 Complex-Mediated Actin Nucleation (GO:0034314),2/19,0.0152144484017713,0.1165960334865604,0,0,11.754604872251932,49.19901329869125,ARPC2;ARPC5L
GO_Biological_Process_2023,Regulation Of Smooth Muscle Cell Migration (GO:0014910),2/19,0.0152144484017713,0.1165960334865604,0,0,11.754604872251932,49.19901329869125,TRIB1;S100A11
GO_Biological_Process_2023,Mitochondrial Transport (GO:0006839),3/53,0.0159972388139271,0.120876332533272,0,0,6.01522842639594,24.875009582390742,HSP90AA1;PMAIP1;SLC25A5
GO_Biological_Process_2023,Negative Regulation Of Cysteine-Type Endopeptidase Activity (GO:2000117),3/53,0.0159972388139271,0.120876332533272,0,0,6.01522842639594,24.875009582390742,ARL6IP1;DNAJB6;SFN
GO_Biological_Process_2023,"Regulation Of Alternative mRNA Splicing, Via Spliceosome (GO:0000381)",3/53,0.0159972388139271,0.120876332533272,0,0,6.01522842639594,24.875009582390742,DDX5;RBM8A;TRA2B
GO_Biological_Process_2023,Regulation Of Protein Localization (GO:0032880),4/97,0.0163398709129806,0.1228910291455337,0,0,4.324555628703094,17.79185795383184,HSP90AA1;DNAJB6;FBXW7;KRT5
GO_Biological_Process_2023,Negative Regulation Of Phosphate Metabolic Process (GO:0045936),2/20,0.0167948882548689,0.1245749280189133,0,0,11.1010101010101,45.36628383483138,CDKN1A;DYNLL1
GO_Biological_Process_2023,Positive Regulation Of Epithelial Cell Differentiation (GO:0030858),2/20,0.0167948882548689,0.1245749280189133,0,0,11.1010101010101,45.36628383483138,BTG1;SFN
GO_Biological_Process_2023,protein-DNA Complex Disassembly (GO:0032986),2/20,0.0167948882548689,0.1245749280189133,0,0,11.1010101010101,45.36628383483138,MYC;HMGA1
GO_Biological_Process_2023,Regulation Of MAPK Cascade (GO:0043408),6/204,0.0169190115144951,0.1249225644700392,0,0,3.061855670103093,12.490280951020742,DUSP2;CAV2;ADRB2;PPIA;YWHAZ;EPHA2
GO_Biological_Process_2023,Negative Regulation Of DNA-binding Transcription Factor Activity (GO:0043433),5/149,0.0171044362969275,0.1257176067824175,0,0,3.5,14.239460957930143,NFKBIA;ZC3H12A;CTNNBIP1;TNFAIP3;TRIB1
GO_Biological_Process_2023,Regulation Of Protein Phosphorylation (GO:0001932),7/265,0.0175090513330999,0.1281092126951252,0,0,2.7471984576454997,11.112520266650476,PPP2CA;EFNA1;CDKN1A;HSP90AA1;ZC3H12A;HSPB1;PPIA
GO_Biological_Process_2023,Negative Regulation Of Interleukin-2 Production (GO:0032703),2/21,0.0184420232483939,0.1343277098768155,0,0,10.516214779372676,41.9925427496273,TNFAIP3;EZR
GO_Biological_Process_2023,Epithelium Development (GO:0060429),5/154,0.0194362005213842,0.1409342432425036,0,0,3.381689898468422,13.325947899962705,ERRFI1;EHF;KRT15;KRT14;KRT10
GO_Biological_Process_2023,Negative Regulation Of Gene Expression (GO:0010629),8/336,0.020106113990913,0.1435666303066739,0,0,2.4735772357723578,9.663601687920725,BTG2;FBXW7;TIPARP;ZC3H12A;EIF4A3;REL;TOB1;GAPDH
GO_Biological_Process_2023,Cytoskeleton-Dependent Intracellular Transport (GO:0030705),2/22,0.0201543754357544,0.1435666303066739,0,0,9.98989898989899,39.00390099361183,TUBA1C;TUBB2A
GO_Biological_Process_2023,Modulation By Host Of Viral Process (GO:0044788),2/22,0.0201543754357544,0.1435666303066739,0,0,9.98989898989899,39.00390099361183,CAV2;CFL1
GO_Biological_Process_2023,Natural Killer Cell Mediated Immunity (GO:0002228),2/22,0.0201543754357544,0.1435666303066739,0,0,9.98989898989899,39.00390099361183,TUBB2A;TUBB4B
GO_Biological_Process_2023,Response To Organic Cyclic Compound (GO:0014070),3/58,0.0203229330271079,0.1441323802843574,0,0,5.467005076142132,21.29948088737429,TIPARP;PMAIP1;AQP3
GO_Biological_Process_2023,Positive Regulation Of Vasculature Development (GO:1904018),4/104,0.0205564585653846,0.145151936682214,0,0,4.020408163265306,15.617597552926842,BTG1;JUP;ZC3H12A;HSPB1
GO_Biological_Process_2023,Negative Regulation Of MAPK Cascade (GO:0043409),4/105,0.0212083578189702,0.1488035431563836,0,0,3.980400080824409,15.337914209660529,DUSP2;MYC;EZR;PPIA
GO_Biological_Process_2023,Regulation Of miRNA Transcription (GO:1902893),3/59,0.0212576490223405,0.1488035431563836,0,0,5.369108049311095,20.676641778420727,DDX5;KLF5;MYC
GO_Biological_Process_2023,Actin Nucleation (GO:0045010),2/23,0.02193048949736,0.1505163815804114,0,0,9.513708513708512,36.34120010270031,ARPC2;ARPC5L
GO_Biological_Process_2023,Positive Regulation Of Neuron Apoptotic Process (GO:0043525),2/23,0.02193048949736,0.1505163815804114,0,0,9.513708513708512,36.34120010270031,FBXW7;MCL1
GO_Biological_Process_2023,Potassium Ion Homeostasis (GO:0055075),2/23,0.02193048949736,0.1505163815804114,0,0,9.513708513708512,36.34120010270031,ATP1B3;ATP1A1
GO_Biological_Process_2023,Protein Alkylation (GO:0008213),2/23,0.02193048949736,0.1505163815804114,0,0,9.513708513708512,36.34120010270031,ETF1;SNRPB
GO_Biological_Process_2023,Response To Lipopolysaccharide (GO:0032496),5/159,0.0219677588453785,0.1505163815804114,0,0,3.271062271062271,12.48950260420925,ZC3H12A;PELI1;TNFAIP3;S100A14;TRIB1
GO_Biological_Process_2023,Regulation Of Cellular Response To Stress (GO:0080135),4/107,0.0225498972268369,0.1532066546882159,0,0,3.902714483851793,14.799189995392384,DNAJB1;DNAJB6;SLC38A2;NFE2L2
GO_Biological_Process_2023,Negative Regulation Of Translation (GO:0017148),4/107,0.0225498972268369,0.1532066546882159,0,0,3.902714483851793,14.799189995392384,BTG2;EIF4A3;GAPDH;TOB1
GO_Biological_Process_2023,Vesicle-Mediated Transport (GO:0016192),9/411,0.0228743854976139,0.1547610098311371,0,0,2.2737360318824726,8.589577944761173,VAMP8;RAB10;ARL4A;CAV2;CHMP1B;RHOV;ADRB2;OCIAD2;ARF6
GO_Biological_Process_2023,Negative Regulation Of Autophagy (GO:0010507),3/61,0.0231968013804758,0.156288449300956,0,0,5.183441274286714,19.50912983009035,DAPL1;EIF4G2;MCL1
GO_Biological_Process_2023,Regulation Of Execution Phase Of Apoptosis (GO:1900117),2/24,0.0237689324469591,0.1568749541499303,0,0,9.08080808080808,33.956554984338226,ZC3H12A;DYNLL1
GO_Biological_Process_2023,Cell Morphogenesis Involved In Differentiation (GO:0000904),2/24,0.0237689324469591,0.1568749541499303,0,0,9.08080808080808,33.956554984338226,ATF4;EPHA2
GO_Biological_Process_2023,Regulation Of Ruffle Assembly (GO:1900027),2/24,0.0237689324469591,0.1568749541499303,0,0,9.08080808080808,33.956554984338226,TACSTD2;PFN1
GO_Biological_Process_2023,Regulation Of Viral Life Cycle (GO:1903900),2/24,0.0237689324469591,0.1568749541499303,0,0,9.08080808080808,33.956554984338226,KPNA2;PPIA
GO_Biological_Process_2023,Natural Killer Cell Mediated Cytotoxicity (GO:0042267),2/24,0.0237689324469591,0.1568749541499303,0,0,9.08080808080808,33.956554984338226,TUBB2A;TUBB4B
GO_Biological_Process_2023,Positive Regulation Of Cell Motility (GO:2000147),6/221,0.023983389427991,0.1576469134352092,0,0,2.8173099976024933,10.509675734825342,CLDN4;ACTN4;CLDN1;SYNE2;EPHA2;HBEGF
GO_Biological_Process_2023,Positive Regulation Of Apoptotic Signaling Pathway (GO:2001235),3/62,0.0242012368323431,0.1584348176433153,0,0,5.095328228512432,18.96150754157799,TNFRSF12A;PMAIP1;BBC3
GO_Biological_Process_2023,Response To Lipid (GO:0033993),4/110,0.0246573303185438,0.1607697706656666,0,0,3.791682710820177,14.03939170843531,PELI1;S100A14;TRIB1;AQP3
GO_Biological_Process_2023,G1/S Transition Of Mitotic Cell Cycle (GO:0000082),3/63,0.0252288983054118,0.1615005069988676,0,0,5.01015228426396,18.43618393885774,CDKN1A;MYC;PLK2
GO_Biological_Process_2023,Activation Of Protein Kinase B Activity (GO:0032148),2/25,0.0256682933201663,0.1615005069988676,0,0,8.685551163812033,31.810820468950148,TXN;PPIA
GO_Biological_Process_2023,Cellular Response To Steroid Hormone Stimulus (GO:0071383),2/25,0.0256682933201663,0.1615005069988676,0,0,8.685551163812033,31.810820468950148,HSPA8;ATP1A1
GO_Biological_Process_2023,Response To dsRNA (GO:0043331),2/25,0.0256682933201663,0.1615005069988676,0,0,8.685551163812033,31.810820468950148,PMAIP1;SLC3A2
GO_Biological_Process_2023,Sodium Ion Homeostasis (GO:0055078),2/25,0.0256682933201663,0.1615005069988676,0,0,8.685551163812033,31.810820468950148,ATP1B3;ATP1A1
GO_Biological_Process_2023,Negative Regulation Of Proteolysis Involved In Protein Catabolic Process (GO:1903051),2/25,0.0256682933201663,0.1615005069988676,0,0,8.685551163812033,31.810820468950148,EFNA1;RPS7
GO_Biological_Process_2023,Positive Regulation Of Release Of Cytochrome C From Mitochondria (GO:0090200),2/25,0.0256682933201663,0.1615005069988676,0,0,8.685551163812033,31.810820468950148,PMAIP1;BBC3
GO_Biological_Process_2023,Purine Ribonucleotide Catabolic Process (GO:0009154),2/25,0.0256682933201663,0.1615005069988676,0,0,8.685551163812033,31.810820468950148,HINT1;PNP
GO_Biological_Process_2023,Regulation Of Cell Cycle Phase Transition (GO:1901987),2/25,0.0256682933201663,0.1615005069988676,0,0,8.685551163812033,31.810820468950148,CDKN1A;FBXW7
GO_Biological_Process_2023,Positive Regulation Of Protein Modification Process (GO:0031401),6/225,0.0258945228288954,0.1622924163345886,0,0,2.7652873887868945,10.103596364026355,EFNA1;CDKN1A;HSP90AA1;TXN;DYNLL1;PPIA
GO_Biological_Process_2023,Positive Regulation Of Type I Interferon Production (GO:0032481),3/64,0.0262797663190797,0.1640709735056058,0,0,4.927768993925272,17.931934435559224,HSP90AA1;GAPDH;HSPD1
GO_Biological_Process_2023,Regulation Of Protein Ubiquitination (GO:0031396),4/113,0.0268800168319432,0.1666908759342936,0,0,3.686762778505898,13.332706188429968,DNAJA1;HSP90AA1;FBXW7;TNFAIP3
GO_Biological_Process_2023,L-amino Acid Transport (GO:0015807),2/26,0.0276271829006745,0.1666908759342936,0,0,8.323232323232324,29.871707121892776,SLC3A2;SLC38A2
GO_Biological_Process_2023,Regulation Of Keratinocyte Differentiation (GO:0045616),2/26,0.0276271829006745,0.1666908759342936,0,0,8.323232323232324,29.871707121892776,ERRFI1;AQP3
GO_Biological_Process_2023,Mitotic G1 DNA Damage Checkpoint Signaling (GO:0031571),2/26,0.0276271829006745,0.1666908759342936,0,0,8.323232323232324,29.871707121892776,CDKN1A;PLK2
GO_Biological_Process_2023,Negative Regulation Of Endothelial Cell Apoptotic Process (GO:2000352),2/26,0.0276271829006745,0.1666908759342936,0,0,8.323232323232324,29.871707121892776,TNFAIP3;NFE2L2
GO_Biological_Process_2023,Negative Regulation Of Interleukin-1 Beta Production (GO:0032691),2/26,0.0276271829006745,0.1666908759342936,0,0,8.323232323232324,29.871707121892776,ZC3H12A;TNFAIP3
GO_Biological_Process_2023,Negative Regulation Of Protein Polymerization (GO:0032272),2/26,0.0276271829006745,0.1666908759342936,0,0,8.323232323232324,29.871707121892776,STMN1;PFN1
GO_Biological_Process_2023,Organelle Membrane Fusion (GO:0090174),2/26,0.0276271829006745,0.1666908759342936,0,0,8.323232323232324,29.871707121892776,VAMP8;CAV2
GO_Biological_Process_2023,Regulation Of Cardiac Muscle Cell Contraction (GO:0086004),2/26,0.0276271829006745,0.1666908759342936,0,0,8.323232323232324,29.871707121892776,DSP;JUP
GO_Biological_Process_2023,Negative Regulation Of Endopeptidase Activity (GO:0010951),3/66,0.0284510080327513,0.170389925885033,0,0,4.7708484408992025,16.982177034654356,SERPINB2;GAPDH;SERPINB5
GO_Biological_Process_2023,Negative Regulation Of Immune Response (GO:0050777),3/66,0.0284510080327513,0.170389925885033,0,0,4.7708484408992025,16.982177034654356,PLK2;TNFAIP3;YWHAZ
GO_Biological_Process_2023,Heart Development (GO:0007507),5/171,0.0288909145265973,0.1720869066927603,0,0,3.032746370095768,10.748744933976464,KDM6B;PDLIM1;CDKN1A;CXADR;DYNLL1
GO_Biological_Process_2023,Negative Regulation Of Intracellular Signal Transduction (GO:1902532),6/231,0.0289472100311878,0.1720869066927603,0,0,2.6907216494845363,9.531293390352392,PPP2CA;MAP2K3;DUSP2;ZC3H12A;TNFAIP3;EPHA2
GO_Biological_Process_2023,Negative Regulation Of Cellular Catabolic Process (GO:0031330),3/67,0.0295713073395418,0.173676541382397,0,0,4.696065989847716,16.534616995789808,DAPL1;EIF4G2;MCL1
GO_Biological_Process_2023,Amino Acid Import Across Plasma Membrane (GO:0089718),2/27,0.0296442334084981,0.173676541382397,0,0,7.98989898989899,28.11236101024157,SLC3A2;SLC38A2
GO_Biological_Process_2023,Regulation Of Microtubule Polymerization Or Depolymerization (GO:0031110),2/27,0.0296442334084981,0.173676541382397,0,0,7.98989898989899,28.11236101024157,STMN1;FKBP4
GO_Biological_Process_2023,Cardiac Muscle Cell Differentiation (GO:0055007),2/27,0.0296442334084981,0.173676541382397,0,0,7.98989898989899,28.11236101024157,KDM6B;CXADR
GO_Biological_Process_2023,Cellular Response To Oxidative Stress (GO:0034599),4/117,0.0300246964217091,0.1752705202668001,0,0,3.555535488531696,12.46476528381739,ZC3H12A;PPIA;ATF4;NFE2L2
GO_Biological_Process_2023,B Cell Differentiation (GO:0030183),3/68,0.0307146647785553,0.1768557408517171,0,0,4.623584537290121,16.10401456697529,KLF6;IRF2BP2;SLC25A5
GO_Biological_Process_2023,Regulation Of Cell Migration (GO:0030334),9/434,0.0309524984711857,0.1768557408517171,0,0,2.148136741607638,7.465422962890469,CLDN4;ACTN4;KRT5;SGK1;DYNLL1;CLDN1;SYNE2;EPHA2;HBEGF
GO_Biological_Process_2023,Positive Regulation Of I-kappaB kinase/NF-kappaB Signaling (GO:0043123),5/175,0.0314727888191887,0.1768557408517171,0,0,2.9607843137254903,10.24026323484672,PLK2;REL;PELI1;DDX21;GAPDH
GO_Biological_Process_2023,Cellular Response To Tumor Necrosis Factor (GO:0071356),4/119,0.0316752226302636,0.1768557408517171,0,0,3.4933451641526174,12.059797873871938,NFKBIA;ZC3H12A;ACTN4;NFE2L2
GO_Biological_Process_2023,Positive Regulation Of Angiogenesis (GO:0045766),4/119,0.0316752226302636,0.1768557408517171,0,0,3.4933451641526174,12.059797873871938,BTG1;JUP;ZC3H12A;HSPB1
GO_Biological_Process_2023,Regulation Of Protein Transport (GO:0051223),2/28,0.0317180982356202,0.1768557408517171,0,0,7.682206682206682,26.51027997028578,DNAJA1;HSPA8
GO_Biological_Process_2023,Regulation Of Sodium Ion Transmembrane Transport (GO:1902305),2/28,0.0317180982356202,0.1768557408517171,0,0,7.682206682206682,26.51027997028578,FXYD3;YWHAH
GO_Biological_Process_2023,Negative Regulation Of Cytoskeleton Organization (GO:0051494),2/28,0.0317180982356202,0.1768557408517171,0,0,7.682206682206682,26.51027997028578,FKBP4;PFN1
GO_Biological_Process_2023,Positive Regulation Of Defense Response To Virus By Host (GO:0002230),2/28,0.0317180982356202,0.1768557408517171,0,0,7.682206682206682,26.51027997028578,HSP90AA1;ZC3H12A
GO_Biological_Process_2023,Positive Regulation Of Fibroblast Proliferation (GO:0048146),2/28,0.0317180982356202,0.1768557408517171,0,0,7.682206682206682,26.51027997028578,CDKN1A;MYC
GO_Biological_Process_2023,Positive Regulation Of Protein Import Into Nucleus (GO:0042307),2/28,0.0317180982356202,0.1768557408517171,0,0,7.682206682206682,26.51027997028578,JUP;ZC3H12A
GO_Biological_Process_2023,Primary Neural Tube Formation (GO:0014020),2/28,0.0317180982356202,0.1768557408517171,0,0,7.682206682206682,26.51027997028578,VASP;DYNLL1
GO_Biological_Process_2023,"Regulation Of DNA Damage Response, Signal Transduction By P53 Class Mediator (GO:0043516)",2/28,0.0317180982356202,0.1768557408517171,0,0,7.682206682206682,26.51027997028578,DDX5;PMAIP1
GO_Biological_Process_2023,Regulation Of Endopeptidase Activity (GO:0052548),3/69,0.0318810265797797,0.1771533332628999,0,0,4.553299492385787,15.689505426965288,SERPINB2;GAPDH;SERPINB5
GO_Biological_Process_2023,Neutrophil Chemotaxis (GO:0030593),3/70,0.0330703326834923,0.1818868297592076,0,0,4.485112508523373,15.290280888801105,CXADR;KLF5;PPIA
GO_Biological_Process_2023,Positive Regulation Of Protein Transport (GO:0051222),3/70,0.0330703326834923,0.1818868297592076,0,0,4.485112508523373,15.290280888801105,EZR;PPIA;ARF6
GO_Biological_Process_2023,Regulation Of Actin Filament Polymerization (GO:0030833),3/70,0.0330703326834923,0.1818868297592076,0,0,4.485112508523373,15.290280888801105,VASP;PFN1;ARF6
GO_Biological_Process_2023,Response To Steroid Hormone (GO:0048545),2/29,0.0338474516440146,0.1842805700618573,0,0,7.397306397306397,25.046477343523872,HSPA8;ATP1A1
GO_Biological_Process_2023,Tube Closure (GO:0060606),2/29,0.0338474516440146,0.1842805700618573,0,0,7.397306397306397,25.046477343523872,VASP;DYNLL1
GO_Biological_Process_2023,Positive Regulation Of Dephosphorylation (GO:0035306),2/29,0.0338474516440146,0.1842805700618573,0,0,7.397306397306397,25.046477343523872,DYNLL1;PPIA
GO_Biological_Process_2023,Positive Regulation Of Macromolecule Biosynthetic Process (GO:0010557),4/122,0.0342493059193995,0.1854007687082338,0,0,3.4040124524386024,11.485440902215585,HSPH1;EIF4A3;NAMPT;TENT5B
GO_Biological_Process_2023,Negative Regulation Of Protein Binding (GO:0032091),3/71,0.0342825169101805,0.1854007687082338,0,0,4.418931024186325,14.905583581524706,CDKN1A;CTNNBIP1;ADRB2
GO_Biological_Process_2023,Regulation Of Cell Motility (GO:2000145),4/123,0.0351336225048488,0.1873385963408513,0,0,3.375235808609158,11.30230349342956,TACSTD2;SPINT2;KRT5;SGK1
GO_Biological_Process_2023,Cellular Response To Hypoxia (GO:0071456),3/72,0.0355175071354049,0.1873385963408513,0,0,4.354667843743103,14.534703522115317,MYC;PMAIP1;AQP3
GO_Biological_Process_2023,Plasma Membrane Organization (GO:0007009),3/72,0.0355175071354049,0.1873385963408513,0,0,4.354667843743103,14.534703522115317,CHMP1B;DEGS1;DMKN
GO_Biological_Process_2023,Positive Regulation Of Protein Localization To Nucleus (GO:1900182),3/72,0.0355175071354049,0.1873385963408513,0,0,4.354667843743103,14.534703522115317,JUP;BAG3;ZC3H12A
GO_Biological_Process_2023,Regulation Of Dendritic Spine Morphogenesis (GO:0061001),2/30,0.0360309884965366,0.1873385963408513,0,0,7.132756132756133,23.70482996930019,EFNA1;CFL1
GO_Biological_Process_2023,Regulation Of Vasculature Development (GO:1901342),2/30,0.0360309884965366,0.1873385963408513,0,0,7.132756132756133,23.70482996930019,KRT1;EPHA2
GO_Biological_Process_2023,Intrinsic Apoptotic Signaling Pathway In Response To Endoplasmic Reticulum Stress (GO:0070059),2/30,0.0360309884965366,0.1873385963408513,0,0,7.132756132756133,23.70482996930019,BBC3;ATF4
GO_Biological_Process_2023,"Maturation Of SSU-rRNA From Tricistronic rRNA Transcript (SSU-rRNA, 5.8S rRNA, LSU-rRNA) (GO:0000462)",2/30,0.0360309884965366,0.1873385963408513,0,0,7.132756132756133,23.70482996930019,RPS19;RPS21
GO_Biological_Process_2023,Negative Regulation Of Blood Coagulation (GO:0030195),2/30,0.0360309884965366,0.1873385963408513,0,0,7.132756132756133,23.70482996930019,SERPINB2;KRT1
GO_Biological_Process_2023,Negative Regulation Of Epithelial To Mesenchymal Transition (GO:0010719),2/30,0.0360309884965366,0.1873385963408513,0,0,7.132756132756133,23.70482996930019,PPP2CA;EFNA1
GO_Biological_Process_2023,Negative Regulation Of Interleukin-1 Production (GO:0032692),2/30,0.0360309884965366,0.1873385963408513,0,0,7.132756132756133,23.70482996930019,ZC3H12A;TNFAIP3
GO_Biological_Process_2023,Regulation Of DNA Metabolic Process (GO:0051052),4/124,0.0360311091292546,0.1873385963408513,0,0,3.346938775510204,11.123124524025986,PPP2CA;MYC;BAZ1A;KPNA2
GO_Biological_Process_2023,Cellular Response To Decreased Oxygen Levels (GO:0036294),3/73,0.0367752254746638,0.1890376863452733,0,0,4.292240754169688,14.17697453700434,MYC;PMAIP1;AQP3
GO_Biological_Process_2023,Granulocyte Chemotaxis (GO:0071621),3/73,0.0367752254746638,0.1890376863452733,0,0,4.292240754169688,14.17697453700434,CXADR;KLF5;PPIA
GO_Biological_Process_2023,Positive Regulation Of Secretion By Cell (GO:1903532),3/73,0.0367752254746638,0.1890376863452733,0,0,4.292240754169688,14.17697453700434,EZR;PPIA;ARF6
GO_Biological_Process_2023,Positive Regulation Of Programmed Cell Death (GO:0043068),6/245,0.0369668251237728,0.1890376863452733,0,0,2.531294483026356,8.347536859835975,DNAJA1;TNFRSF12A;PMAIP1;ATF4;MCL1;HSPD1
GO_Biological_Process_2023,RNA Processing (GO:0006396),5/183,0.0370593361604524,0.1890376863452733,0,0,2.826562950158456,9.3141890806636,PPP2CA;RBM8A;HNRNPH1;SRSF2;SNRPB
GO_Biological_Process_2023,Macromolecule Biosynthetic Process (GO:0009059),5/183,0.0370593361604524,0.1890376863452733,0,0,2.826562950158456,9.3141890806636,RPS19;RPS7;RPLP1;RPS21;EIF4G2
GO_Biological_Process_2023,Regulation Of Cell Cycle G1/S Phase Transition (GO:1902806),3/74,0.0380555884306284,0.1909827918946075,0,0,4.231572174161721,13.83177100318916,PPP2CA;CDKN1A;FBXW7
GO_Biological_Process_2023,Regulation Of Centrosome Duplication (GO:0010824),2/31,0.0382674239788824,0.1909827918946075,0,0,6.886450714036921,22.47156498788087,CHMP1B;PLK2
GO_Biological_Process_2023,Regulation Of Extrinsic Apoptotic Signaling Pathway Via Death Domain Receptors (GO:1902041),2/31,0.0382674239788824,0.1909827918946075,0,0,6.886450714036921,22.47156498788087,TNFAIP3;PMAIP1
GO_Biological_Process_2023,Regulation Of Macrophage Activation (GO:0043030),2/31,0.0382674239788824,0.1909827918946075,0,0,6.886450714036921,22.47156498788087,ZC3H12A;HSPD1
GO_Biological_Process_2023,Negative Regulation Of Microtubule Polymerization Or Depolymerization (GO:0031111),2/31,0.0382674239788824,0.1909827918946075,0,0,6.886450714036921,22.47156498788087,STMN1;FKBP4
GO_Biological_Process_2023,Positive Regulation Of Extrinsic Apoptotic Signaling Pathway (GO:2001238),2/31,0.0382674239788824,0.1909827918946075,0,0,6.886450714036921,22.47156498788087,TNFRSF12A;PMAIP1
GO_Biological_Process_2023,Regulation Of Cell Morphogenesis (GO:0022604),2/31,0.0382674239788824,0.1909827918946075,0,0,6.886450714036921,22.47156498788087,CLDN4;CFL1
GO_Biological_Process_2023,Regulation Of Tumor Necrosis Factor Production (GO:0032680),4/127,0.0388026991948337,0.193058352609373,0,0,3.264808362369338,10.608229071142864,ZC3H12A;HSPB1;TNFAIP3;HLA-E
GO_Biological_Process_2023,Nucleosome Organization (GO:0034728),3/75,0.0393585070908985,0.1946260121283882,0,0,4.1725888324873095,13.498504866555718,BRD2;HMGA1;BAZ1A
GO_Biological_Process_2023,Regulation Of DNA Replication (GO:0006275),3/75,0.0393585070908985,0.1946260121283882,0,0,4.1725888324873095,13.498504866555718,PPP2CA;BAZ1A;S100A11
GO_Biological_Process_2023,NIK/NF-kappaB Signaling (GO:0038061),2/32,0.0405554933220173,0.1969316297348408,0,0,6.656565656565657,21.334852328849312,NFKBIA;REL
GO_Biological_Process_2023,Regulation Of Transcription By RNA Polymerase I (GO:0006356),2/32,0.0405554933220173,0.1969316297348408,0,0,6.656565656565657,21.334852328849312,DDX21;ATF4
GO_Biological_Process_2023,Mitochondrial Membrane Organization (GO:0007006),2/32,0.0405554933220173,0.1969316297348408,0,0,6.656565656565657,21.334852328849312,PMAIP1;SLC25A5
GO_Biological_Process_2023,Muscle Cell Development (GO:0055001),2/32,0.0405554933220173,0.1969316297348408,0,0,6.656565656565657,21.334852328849312,CXADR;ACTN4
GO_Biological_Process_2023,Neural Tube Closure (GO:0001843),2/32,0.0405554933220173,0.1969316297348408,0,0,6.656565656565657,21.334852328849312,VASP;DYNLL1
GO_Biological_Process_2023,Purine Ribonucleoside Triphosphate Metabolic Process (GO:0009205),2/32,0.0405554933220173,0.1969316297348408,0,0,6.656565656565657,21.334852328849312,EFNA1;HSPA8
GO_Biological_Process_2023,Positive Regulation Of Protein Secretion (GO:0050714),3/76,0.0406838872546084,0.1969636098524008,0,0,4.115221472776581,13.17662292356699,EZR;PPIA;ARF6
GO_Biological_Process_2023,Neutrophil Migration (GO:1990266),3/77,0.0420316296186853,0.2028056130476008,0,0,4.059404582247222,12.865604326296657,CXADR;KLF5;PPIA
GO_Biological_Process_2023,Regulation Of Lamellipodium Assembly (GO:0010591),2/33,0.0428939515536669,0.2028056130476008,0,0,6.4415118931247966,20.28447846195992,ARPC2;EPHA2
GO_Biological_Process_2023,Regulation Of Protein Polymerization (GO:0032271),2/33,0.0428939515536669,0.2028056130476008,0,0,6.4415118931247966,20.28447846195992,HSP90AA1;PFN1
GO_Biological_Process_2023,Positive Regulation Of Establishment Of Protein Localization To Mitochondrion (GO:1903749),2/33,0.0428939515536669,0.2028056130476008,0,0,6.4415118931247966,20.28447846195992,FBXW7;BBC3
GO_Biological_Process_2023,Positive Regulation Of Ion Transmembrane Transporter Activity (GO:0032414),2/33,0.0428939515536669,0.2028056130476008,0,0,6.4415118931247966,20.28447846195992,ATP1B3;ADRB2
GO_Biological_Process_2023,Positive Regulation Of Protein Dephosphorylation (GO:0035307),2/33,0.0428939515536669,0.2028056130476008,0,0,6.4415118931247966,20.28447846195992,DYNLL1;PPIA
GO_Biological_Process_2023,Positive Regulation Of Telomerase Activity (GO:0051973),2/33,0.0428939515536669,0.2028056130476008,0,0,6.4415118931247966,20.28447846195992,HSP90AA1;MYC
GO_Biological_Process_2023,Regulation Of Cell Adhesion Mediated By Integrin (GO:0033628),2/33,0.0428939515536669,0.2028056130476008,0,0,6.4415118931247966,20.28447846195992,EFNA1;EPHA2
GO_Biological_Process_2023,Negative Regulation Of Protein Modification Process (GO:0031400),3/78,0.0434016299293596,0.2037441610037604,0,0,4.00507614213198,12.564958299367063,CDKN1A;ZC3H12A;PPIA
GO_Biological_Process_2023,Cellular Response To UV (GO:0034644),3/79,0.044793779119631,0.2037441610037604,0,0,3.952177397809244,12.274222046062532,CDKN1A;MYC;ATF4
GO_Biological_Process_2023,Vesicle Fusion (GO:0006906),3/79,0.044793779119631,0.2037441610037604,0,0,3.952177397809244,12.274222046062532,VAMP8;CAV2;CHMP1B
GO_Biological_Process_2023,Negative Regulation Of Cellular Component Organization (GO:0051129),3/79,0.044793779119631,0.2037441610037604,0,0,3.952177397809244,12.274222046062532,DNAJB1;HSPA8;DNAJB6
GO_Biological_Process_2023,Positive Regulation Of Protein Localization To Membrane (GO:1905477),3/79,0.044793779119631,0.2037441610037604,0,0,3.952177397809244,12.274222046062532,BBC3;ARF6;EPHA2
GO_Biological_Process_2023,Regulation Of Cell Differentiation (GO:0045595),5/193,0.0448497130279265,0.2037441610037604,0,0,2.674849972722313,8.30390613763502,PPP2CA;DDX5;HOPX;ATF4;YWHAH
GO_Biological_Process_2023,Regulation Of Metal Ion Transport (GO:0010959),2/34,0.0452815731960364,0.2037441610037604,0,0,6.23989898989899,19.311583224616665,ATP1A1;YWHAH
GO_Biological_Process_2023,Cellular Response To Hydrogen Peroxide (GO:0070301),2/34,0.0452815731960364,0.2037441610037604,0,0,6.23989898989899,19.311583224616665,TNFAIP3;NFE2L2
GO_Biological_Process_2023,Cellular Response To Vascular Endothelial Growth Factor Stimulus (GO:0035924),2/34,0.0452815731960364,0.2037441610037604,0,0,6.23989898989899,19.311583224616665,MAP2K3;HSPB1
GO_Biological_Process_2023,Negative Regulation Of Ras Protein Signal Transduction (GO:0046580),2/34,0.0452815731960364,0.2037441610037604,0,0,6.23989898989899,19.311583224616665,STMN1;DYNLL1
GO_Biological_Process_2023,Negative Regulation Of Interleukin-6 Production (GO:0032715),2/34,0.0452815731960364,0.2037441610037604,0,0,6.23989898989899,19.311583224616665,ZC3H12A;TNFAIP3
GO_Biological_Process_2023,Positive Regulation Of Transcription By RNA Polymerase I (GO:0045943),2/34,0.0452815731960364,0.2037441610037604,0,0,6.23989898989899,19.311583224616665,DDX21;ATF4
GO_Biological_Process_2023,Regulation Of Protein Localization To Plasma Membrane (GO:1903076),3/80,0.0462079634844281,0.2037441610037604,0,0,3.90065264684554,11.99295882125826,VAMP8;ARF6;EPHA2
GO_Biological_Process_2023,Wound Healing (GO:0042060),3/80,0.0462079634844281,0.2037441610037604,0,0,3.90065264684554,11.99295882125826,DSP;CHMP1B;CLDN1
GO_Biological_Process_2023,Protein-Containing Complex Assembly (GO:0065003),7/328,0.0473148902624245,0.2037441610037604,0,0,2.200910367536681,6.714823970145891,VAMP8;HSP90AA1;ZC3H12A;ADRB2;CLDN1;HOPX;HSPD1
GO_Biological_Process_2023,Activation Of Protein Kinase Activity (GO:0032147),3/81,0.047644064808467,0.2037441610037604,0,0,3.850449043342445,11.720756163276285,ADRB2;TXN;PPIA
GO_Biological_Process_2023,Negative Regulation Of NF-kappaB Transcription Factor Activity (GO:0032088),3/81,0.047644064808467,0.2037441610037604,0,0,3.850449043342445,11.720756163276285,NFKBIA;ZC3H12A;TNFAIP3
GO_Biological_Process_2023,Regulation Of Sodium Ion Transport (GO:0002028),2/35,0.0477171520360592,0.2037441610037604,0,0,6.05050505050505,18.408446001894514,ATP1A1;YWHAH
GO_Biological_Process_2023,Neutral Amino Acid Transport (GO:0015804),2/35,0.0477171520360592,0.2037441610037604,0,0,6.05050505050505,18.408446001894514,SLC3A2;SLC38A2
GO_Biological_Process_2023,Platelet Aggregation (GO:0070527),2/35,0.0477171520360592,0.2037441610037604,0,0,6.05050505050505,18.408446001894514,HSPB1;PPIA
GO_Biological_Process_2023,Protein Methylation (GO:0006479),2/35,0.0477171520360592,0.2037441610037604,0,0,6.05050505050505,18.408446001894514,ETF1;SNRPB
GO_Biological_Process_2023,His-Purkinje System Development (GO:0003164),1/5,0.049014519870416,0.2037441610037604,0,0,24.86934673366834,74.99696447567176,HOPX
GO_Biological_Process_2023,PERK-mediated Unfolded Protein Response (GO:0036499),1/5,0.049014519870416,0.2037441610037604,0,0,24.86934673366834,74.99696447567176,NFE2L2
GO_Biological_Process_2023,Regulation Of Hepatocyte Proliferation (GO:2000345),1/5,0.049014519870416,0.2037441610037604,0,0,24.86934673366834,74.99696447567176,FBXW7
GO_Biological_Process_2023,Activation Of Cysteine-Type Endopeptidase Activity Involved In Apoptotic Process By Cytochrome C (GO:0008635),1/5,0.049014519870416,0.2037441610037604,0,0,24.86934673366834,74.99696447567176,CYCS
GO_Biological_Process_2023,Regulation Of Monoatomic Anion Transport (GO:0044070),1/5,0.049014519870416,0.2037441610037604,0,0,24.86934673366834,74.99696447567176,CA2
GO_Biological_Process_2023,Axo-Dendritic Transport (GO:0008088),1/5,0.049014519870416,0.2037441610037604,0,0,24.86934673366834,74.99696447567176,HSPA8
GO_Biological_Process_2023,Regulation Of Peptidyl-Cysteine S-nitrosylation (GO:2000169),1/5,0.049014519870416,0.2037441610037604,0,0,24.86934673366834,74.99696447567176,TXN
GO_Biological_Process_2023,Regulation Of Protein Deubiquitination (GO:0090085),1/5,0.049014519870416,0.2037441610037604,0,0,24.86934673366834,74.99696447567176,ZC3H12A
GO_Biological_Process_2023,Cellular Response To Cold (GO:0070417),1/5,0.049014519870416,0.2037441610037604,0,0,24.86934673366834,74.99696447567176,NFKBIA
GO_Biological_Process_2023,Ruffle Assembly (GO:0097178),1/5,0.049014519870416,0.2037441610037604,0,0,24.86934673366834,74.99696447567176,ARF6
GO_Biological_Process_2023,Ventricular Compact Myocardium Morphogenesis (GO:0003223),1/5,0.049014519870416,0.2037441610037604,0,0,24.86934673366834,74.99696447567176,DSP
GO_Biological_Process_2023,Negative Regulation Of Morphogenesis Of An Epithelium (GO:1905331),1/5,0.049014519870416,0.2037441610037604,0,0,24.86934673366834,74.99696447567176,TACSTD2
GO_Biological_Process_2023,"Negative Regulation Of Nuclear-Transcribed mRNA Catabolic Process, Nonsense-Mediated Decay (GO:2000623)",1/5,0.049014519870416,0.2037441610037604,0,0,24.86934673366834,74.99696447567176,HNRNPAB
GO_Biological_Process_2023,Negative Regulation Of Protein Polyubiquitination (GO:1902915),1/5,0.049014519870416,0.2037441610037604,0,0,24.86934673366834,74.99696447567176,PPIA
GO_Biological_Process_2023,Negative Regulation Of Toll-Like Receptor 2 Signaling Pathway (GO:0034136),1/5,0.049014519870416,0.2037441610037604,0,0,24.86934673366834,74.99696447567176,TNFAIP3
GO_Biological_Process_2023,Neutrophil Degranulation (GO:0043312),1/5,0.049014519870416,0.2037441610037604,0,0,24.86934673366834,74.99696447567176,VAMP8
GO_Biological_Process_2023,"Nucleotide-Binding Domain, Leucine Rich Repeat Containing Receptor Signaling Pathway (GO:0035872)",1/5,0.049014519870416,0.2037441610037604,0,0,24.86934673366834,74.99696447567176,TNFAIP3
GO_Biological_Process_2023,Plasma Membrane Raft Assembly (GO:0044854),1/5,0.049014519870416,0.2037441610037604,0,0,24.86934673366834,74.99696447567176,CAV2
GO_Biological_Process_2023,Positive Regulation Of T Cell Mediated Immune Response To Tumor Cell (GO:0002842),1/5,0.049014519870416,0.2037441610037604,0,0,24.86934673366834,74.99696447567176,HSPD1
GO_Biological_Process_2023,Positive Regulation Of Extrinsic Apoptotic Signaling Pathway Via Death Domain Receptors (GO:1902043),1/5,0.049014519870416,0.2037441610037604,0,0,24.86934673366834,74.99696447567176,PMAIP1
GO_Biological_Process_2023,Positive Regulation Of Tau-Protein Kinase Activity (GO:1902949),1/5,0.049014519870416,0.2037441610037604,0,0,24.86934673366834,74.99696447567176,HSP90AA1
GO_Biological_Process_2023,Protection From Natural Killer Cell Mediated Cytotoxicity (GO:0042270),1/5,0.049014519870416,0.2037441610037604,0,0,24.86934673366834,74.99696447567176,HLA-E
GO_Biological_Process_2023,Protein Targeting To Vacuole Involved In Autophagy (GO:0071211),1/5,0.049014519870416,0.2037441610037604,0,0,24.86934673366834,74.99696447567176,HSPA8
GO_Biological_Process_2023,Purine Deoxyribonucleotide Catabolic Process (GO:0009155),1/5,0.049014519870416,0.2037441610037604,0,0,24.86934673366834,74.99696447567176,PNP
GO_Biological_Process_2023,Purine Ribonucleoside Catabolic Process (GO:0046130),1/5,0.049014519870416,0.2037441610037604,0,0,24.86934673366834,74.99696447567176,PNP
GO_Biological_Process_2023,Regulation Of NK T Cell Activation (GO:0051133),1/5,0.049014519870416,0.2037441610037604,0,0,24.86934673366834,74.99696447567176,HSPH1
GO_Biological_Process_2023,"DNA Damage Response, Signal Transduction By P53 Class Mediator (GO:0030330)",2/36,0.0501995008461569,0.2065412223408157,0,0,5.872251931075461,17.568310863627904,CDKN1A;PLK2
GO_Biological_Process_2023,Negative Regulation Of Protein Kinase B Signaling (GO:0051898),2/36,0.0501995008461569,0.2065412223408157,0,0,5.872251931075461,17.568310863627904,PPP2CA;EPHA2
GO_Biological_Process_2023,Positive Regulation Of RNA Splicing (GO:0033120),2/36,0.0501995008461569,0.2065412223408157,0,0,5.872251931075461,17.568310863627904,TRA2B;SLC38A2
GO_Biological_Process_2023,Positive Regulation Of Proteasomal Ubiquitin-Dependent Protein Catabolic Process (GO:0032436),3/83,0.0505815238385671,0.2065412223408157,0,0,3.753807106598985,11.201994465025969,CSNK1A1;TRIB1;NFE2L2
GO_Biological_Process_2023,Positive Regulation Of Ubiquitin-Dependent Protein Catabolic Process (GO:2000060),3/83,0.0505815238385671,0.2065412223408157,0,0,3.753807106598985,11.201994465025969,FBXW7;CSNK1A1;TRIB1
GO_Biological_Process_2023,Regulation Of NIK/NF-kappaB Signaling (GO:1901222),3/83,0.0505815238385671,0.2065412223408157,0,0,3.753807106598985,11.201994465025969,NFKBIA;ZC3H12A;EZR
GO_Biological_Process_2023,Regulation Of Cell Division (GO:0051302),3/83,0.0505815238385671,0.2065412223408157,0,0,3.753807106598985,11.201994465025969,MYC;KLHL21;SFN
GO_Biological_Process_2023,Regulation Of Interleukin-1 Beta Production (GO:0032651),3/84,0.0520826238943719,0.2121350197410565,0,0,3.707275803722504,10.954717877625804,ZC3H12A;HSPB1;TNFAIP3
GO_Biological_Process_2023,Negative Regulation Of DNA-templated Transcription (GO:0045892),16/1025,0.0522348896901481,0.2121922054720213,0,0,1.6194251734390486,4.780550597776014,TGIF1;HSPA8;DDX5;HMGA1;FHL2;IRF2BP2;YWHAZ;ETS2;EFNA1;DNAJB1;MYC;MAFF;LRRFIP1;EZR;ATF3;ATF4
GO_Biological_Process_2023,Regulation Of p38MAPK Cascade (GO:1900744),2/37,0.0527274511453542,0.2121922054720213,0,0,5.704184704184704,16.785242657704043,ZC3H12A;EZR
GO_Biological_Process_2023,Regulation Of Sodium Ion Transmembrane Transporter Activity (GO:2000649),2/37,0.0527274511453542,0.2121922054720213,0,0,5.704184704184704,16.785242657704043,FXYD3;YWHAH
GO_Biological_Process_2023,Regulation Of Osteoblast Differentiation (GO:0045667),3/85,0.0536051258792773,0.2121922054720213,0,0,3.661879410672279,10.71506409870918,DDX5;CTNNBIP1;ATF4
GO_Biological_Process_2023,mRNA Metabolic Process (GO:0016071),3/85,0.0536051258792773,0.2121922054720213,0,0,3.661879410672279,10.71506409870918,DDX5;SRSF2;HNRNPAB
GO_Biological_Process_2023,Positive Regulation Of Amide Metabolic Process (GO:0034250),3/85,0.0536051258792773,0.2121922054720213,0,0,3.661879410672279,10.71506409870918,EFNA1;EIF4A3;TENT5B
GO_Biological_Process_2023,Positive Regulation Of Endothelial Cell Migration (GO:0010595),3/85,0.0536051258792773,0.2121922054720213,0,0,3.661879410672279,10.71506409870918,MAP2K3;ZC3H12A;HSPB1
GO_Biological_Process_2023,Protein Modification Process (GO:0036211),12/711,0.0541987488157901,0.2121922054720213,0,0,1.744224271756004,5.084583736212333,PPP2CA;DSP;BRD2;CSTA;CSNK1A1;PLK2;KRT1;PIM3;KRT10;SGK1;TRIB1;YWHAZ
GO_Biological_Process_2023,Negative Regulation Of Binding (GO:0051100),3/86,0.055148891178145,0.2121922054720213,0,0,3.617576906611216,10.482720030479646,NFKBIA;CDKN1A;CTNNBIP1
GO_Biological_Process_2023,Membrane Assembly (GO:0071709),2/38,0.0552998529270401,0.2121922054720213,0,0,5.545454545454546,16.054007893661755,CHMP1B;DMKN
GO_Biological_Process_2023,Negative Regulation Of Epithelial Cell Apoptotic Process (GO:1904036),2/38,0.0552998529270401,0.2121922054720213,0,0,5.545454545454546,16.054007893661755,TNFAIP3;NFE2L2
GO_Biological_Process_2023,Positive Regulation Of Transferase Activity (GO:0051347),4/143,0.0555891233370948,0.2121922054720213,0,0,2.8866539421524005,8.341759381696933,HSP90AA1;FBXW7;MYC;EPHA2
GO_Biological_Process_2023,Regulation Of Nitric Oxide Biosynthetic Process (GO:0045428),2/39,0.0579155744332589,0.2121922054720213,0,0,5.395304395304395,15.369975594462096,HSP90AA1;ZC3H12A
GO_Biological_Process_2023,Negative Regulation Of Cell-Substrate Adhesion (GO:0010812),2/39,0.0579155744332589,0.2121922054720213,0,0,5.395304395304395,15.369975594462096,TACSTD2;ACTN4
GO_Biological_Process_2023,AV Node Cell To Bundle Of His Cell Communication (GO:0086067),1/6,0.0585267307609904,0.2121922054720213,0,0,19.894472361809044,56.46591775214154,CXADR
GO_Biological_Process_2023,Regulation Of Digestive System Process (GO:0044058),1/6,0.0585267307609904,0.2121922054720213,0,0,19.894472361809044,56.46591775214154,SGK1
GO_Biological_Process_2023,Regulation Of Histamine Secretion By Mast Cell (GO:1903593),1/6,0.0585267307609904,0.2121922054720213,0,0,19.894472361809044,56.46591775214154,VAMP8
GO_Biological_Process_2023,Regulation Of Metallopeptidase Activity (GO:1905048),1/6,0.0585267307609904,0.2121922054720213,0,0,19.894472361809044,56.46591775214154,CLDN4
GO_Biological_Process_2023,Regulation Of Microtubule Binding (GO:1904526),1/6,0.0585267307609904,0.2121922054720213,0,0,19.894472361809044,56.46591775214154,PPP2CA
GO_Biological_Process_2023,Angiotensin-Activated Signaling Pathway (GO:0038166),1/6,0.0585267307609904,0.2121922054720213,0,0,19.894472361809044,56.46591775214154,CA2
GO_Biological_Process_2023,Regulation Of Natural Killer Cell Cytokine Production (GO:0002727),1/6,0.0585267307609904,0.2121922054720213,0,0,19.894472361809044,56.46591775214154,HLA-E
GO_Biological_Process_2023,Autophagosome Membrane Docking (GO:0016240),1/6,0.0585267307609904,0.2121922054720213,0,0,19.894472361809044,56.46591775214154,VAMP8
GO_Biological_Process_2023,Regulation Of Osteoclast Development (GO:2001204),1/6,0.0585267307609904,0.2121922054720213,0,0,19.894472361809044,56.46591775214154,FBXW7
GO_Biological_Process_2023,Regulation Of Oxidative Stress-Induced Neuron Intrinsic Apoptotic Signaling Pathway (GO:1903376),1/6,0.0585267307609904,0.2121922054720213,0,0,19.894472361809044,56.46591775214154,MCL1
GO_Biological_Process_2023,Cellular Response To Laminar Fluid Shear Stress (GO:0071499),1/6,0.0585267307609904,0.2121922054720213,0,0,19.894472361809044,56.46591775214154,NFE2L2
GO_Biological_Process_2023,Clathrin Coat Disassembly (GO:0072318),1/6,0.0585267307609904,0.2121922054720213,0,0,19.894472361809044,56.46591775214154,HSPA8
GO_Biological_Process_2023,Response To Lead Ion (GO:0010288),1/6,0.0585267307609904,0.2121922054720213,0,0,19.894472361809044,56.46591775214154,PPP2CA
GO_Biological_Process_2023,Serine Transport (GO:0032329),1/6,0.0585267307609904,0.2121922054720213,0,0,19.894472361809044,56.46591775214154,SLC38A2
GO_Biological_Process_2023,Glutathione Biosynthetic Process (GO:0006750),1/6,0.0585267307609904,0.2121922054720213,0,0,19.894472361809044,56.46591775214154,MGST2
GO_Biological_Process_2023,Hepatocyte Growth Factor Receptor Signaling Pathway (GO:0048012),1/6,0.0585267307609904,0.2121922054720213,0,0,19.894472361809044,56.46591775214154,STMN1
GO_Biological_Process_2023,Long-Term Synaptic Depression (GO:0060292),1/6,0.0585267307609904,0.2121922054720213,0,0,19.894472361809044,56.46591775214154,PLK2
GO_Biological_Process_2023,Negative Regulation Of T-helper 17 Type Immune Response (GO:2000317),1/6,0.0585267307609904,0.2121922054720213,0,0,19.894472361809044,56.46591775214154,ZC3H12A
GO_Biological_Process_2023,Negative Regulation Of Establishment Of Protein Localization To Mitochondrion (GO:1903748),1/6,0.0585267307609904,0.2121922054720213,0,0,19.894472361809044,56.46591775214154,DNAJA1
GO_Biological_Process_2023,Negative Regulation Of p38MAPK Cascade (GO:1903753),1/6,0.0585267307609904,0.2121922054720213,0,0,19.894472361809044,56.46591775214154,EZR
GO_Biological_Process_2023,Negative Regulation Of Ruffle Assembly (GO:1900028),1/6,0.0585267307609904,0.2121922054720213,0,0,19.894472361809044,56.46591775214154,TACSTD2
GO_Biological_Process_2023,Negative Regulation Of Smooth Muscle Cell Apoptotic Process (GO:0034392),1/6,0.0585267307609904,0.2121922054720213,0,0,19.894472361809044,56.46591775214154,LYPD3
GO_Biological_Process_2023,Positive Regulation Of ER-associated Ubiquitin-Dependent Protein Catabolic Process (GO:1903071),1/6,0.0585267307609904,0.2121922054720213,0,0,19.894472361809044,56.46591775214154,NFE2L2
GO_Biological_Process_2023,Positive Regulation Of T-helper 17 Cell Differentiation (GO:2000321),1/6,0.0585267307609904,0.2121922054720213,0,0,19.894472361809044,56.46591775214154,NFKBIZ
GO_Biological_Process_2023,Positive Regulation Of Aspartic-Type Endopeptidase Activity Involved In Amyloid Precursor Protein Catabolic Process (GO:1902961),1/6,0.0585267307609904,0.2121922054720213,0,0,19.894472361809044,56.46591775214154,EFNA1
GO_Biological_Process_2023,Positive Regulation Of Endoplasmic Reticulum Stress-Induced Intrinsic Apoptotic Signaling Pathway (GO:1902237),1/6,0.0585267307609904,0.2121922054720213,0,0,19.894472361809044,56.46591775214154,PMAIP1
GO_Biological_Process_2023,Positive Regulation Of Fibroblast Apoptotic Process (GO:2000271),1/6,0.0585267307609904,0.2121922054720213,0,0,19.894472361809044,56.46591775214154,BTG1
GO_Biological_Process_2023,Positive Regulation Of Immune Response To Tumor Cell (GO:0002839),1/6,0.0585267307609904,0.2121922054720213,0,0,19.894472361809044,56.46591775214154,HSPD1
GO_Biological_Process_2023,Positive Regulation Of Kidney Development (GO:0090184),1/6,0.0585267307609904,0.2121922054720213,0,0,19.894472361809044,56.46591775214154,MYC
GO_Biological_Process_2023,Positive Regulation Of Mitophagy (GO:1901526),1/6,0.0585267307609904,0.2121922054720213,0,0,19.894472361809044,56.46591775214154,SLC25A5
GO_Biological_Process_2023,Positive Regulation Of Natural Killer Cell Cytokine Production (GO:0002729),1/6,0.0585267307609904,0.2121922054720213,0,0,19.894472361809044,56.46591775214154,HLA-E
GO_Biological_Process_2023,Positive Regulation Of Triglyceride Catabolic Process (GO:0010898),1/6,0.0585267307609904,0.2121922054720213,0,0,19.894472361809044,56.46591775214154,ABHD5
GO_Biological_Process_2023,Protein Localization To Basolateral Plasma Membrane (GO:1903361),1/6,0.0585267307609904,0.2121922054720213,0,0,19.894472361809044,56.46591775214154,RAB10
GO_Biological_Process_2023,Regulation Of MHC Class I Biosynthetic Process (GO:0045343),1/6,0.0585267307609904,0.2121922054720213,0,0,19.894472361809044,56.46591775214154,HSPH1
GO_Biological_Process_2023,Regulation Of T Cell Mediated Immune Response To Tumor Cell (GO:0002840),1/6,0.0585267307609904,0.2121922054720213,0,0,19.894472361809044,56.46591775214154,HSPD1
GO_Biological_Process_2023,Regulation Of Cold-Induced Thermogenesis (GO:0120161),4/146,0.0591100350299638,0.2138275763835604,0,0,2.8252371371083647,7.990772372376219,KDM6B;FABP5;ADRB2;ATF4
GO_Biological_Process_2023,Organelle Organization (GO:0006996),8/418,0.0596189392012977,0.2151871086796841,0,0,1.9705284552845528,5.556460636295332,CXADR;CSNK1A1;CAV2;MYC;CHMP1B;CFL1;TNFAIP3;PPIA
GO_Biological_Process_2023,L-alpha-amino Acid Transmembrane Transport (GO:1902475),2/40,0.0605735018773766,0.2175562035500063,0,0,5.253056884635832,14.729034349424168,SLC3A2;SLC38A2
GO_Biological_Process_2023,Regulation Of Protein Dephosphorylation (GO:0035304),2/40,0.0605735018773766,0.2175562035500063,0,0,5.253056884635832,14.729034349424168,DYNLL1;PPIA
GO_Biological_Process_2023,Positive Regulation Of Proteasomal Protein Catabolic Process (GO:1901800),3/90,0.0615336873024211,0.2175562035500063,0,0,3.450551374059163,9.62072552614985,FBXW7;CSNK1A1;TRIB1
GO_Biological_Process_2023,Lymphocyte Differentiation (GO:0030098),3/91,0.063181565752201,0.2175562035500063,0,0,3.411167512690356,9.420766981809484,KLF6;LY6D;SLC25A5
GO_Biological_Process_2023,Regulation Of Heart Rate By Cardiac Conduction (GO:0086091),2/41,0.0632725392250683,0.2175562035500063,0,0,5.118104118104118,14.127522570834804,DSP;JUP
GO_Biological_Process_2023,Regulation Of Release Of Cytochrome C From Mitochondria (GO:0090199),2/41,0.0632725392250683,0.2175562035500063,0,0,5.118104118104118,14.127522570834804,PMAIP1;BBC3
GO_Biological_Process_2023,Response To Amino Acid Starvation (GO:1990928),2/41,0.0632725392250683,0.2175562035500063,0,0,5.118104118104118,14.127522570834804,CDKN1A;DAPL1
GO_Biological_Process_2023,Negative Regulation Of Proteolysis (GO:0045861),2/41,0.0632725392250683,0.2175562035500063,0,0,5.118104118104118,14.127522570834804,EFNA1;CSTA
GO_Biological_Process_2023,Positive Regulation Of Viral Process (GO:0048524),2/41,0.0632725392250683,0.2175562035500063,0,0,5.118104118104118,14.127522570834804,KPNA2;PPIA
GO_Biological_Process_2023,B Cell Activation (GO:0042113),3/92,0.0648498030509546,0.2175562035500063,0,0,3.3726686819141047,9.226546999073705,KLF6;SLC25A5;HSPD1
GO_Biological_Process_2023,Branching Morphogenesis Of An Epithelial Tube (GO:0048754),2/42,0.0660116079502312,0.2175562035500063,0,0,4.98989898989899,13.5621695873434,MYC;EPHA2
GO_Biological_Process_2023,Regulation Of Ubiquitin-Dependent Protein Catabolic Process (GO:2000058),2/42,0.0660116079502312,0.2175562035500063,0,0,4.98989898989899,13.5621695873434,RPS7;FBXW7
GO_Biological_Process_2023,Skeletal Muscle Tissue Development (GO:0007519),2/42,0.0660116079502312,0.2175562035500063,0,0,4.98989898989899,13.5621695873434,MYL6;CAV2
GO_Biological_Process_2023,Stress-Activated MAPK Cascade (GO:0051403),2/42,0.0660116079502312,0.2175562035500063,0,0,4.98989898989899,13.5621695873434,MAP2K3;TRIB1
GO_Biological_Process_2023,Substantia Nigra Development (GO:0021762),2/42,0.0660116079502312,0.2175562035500063,0,0,4.98989898989899,13.5621695873434,DYNLL1;YWHAH
GO_Biological_Process_2023,Negative Regulation Of I-kappaB kinase/NF-kappaB Signaling (GO:0043124),2/42,0.0660116079502312,0.2175562035500063,0,0,4.98989898989899,13.5621695873434,ZC3H12A;TNFAIP3
GO_Biological_Process_2023,Potassium Ion Import Across Plasma Membrane (GO:1990573),2/42,0.0660116079502312,0.2175562035500063,0,0,4.98989898989899,13.5621695873434,ATP1B3;ATP1A1
GO_Biological_Process_2023,Transmembrane Receptor Protein Tyrosine Kinase Signaling Pathway (GO:0007169),6/284,0.0662901282778549,0.2175562035500063,0,0,2.1718460283319736,5.893769597615998,EFNA1;CAV2;STMN1;NAMPT;ADRB2;EPHA2
GO_Biological_Process_2023,Positive Regulation Of Protein Kinase B Signaling (GO:0051897),3/93,0.0665382374289198,0.2175562035500063,0,0,3.33502538071066,9.037847070802028,HSP90AA1;TXN;HBEGF
GO_Biological_Process_2023,ADP Transport (GO:0015866),1/7,0.0679442688885301,0.2175562035500063,0,0,16.57788944723618,44.57906348265406,SLC25A5
GO_Biological_Process_2023,Regulation Of Establishment Of Protein Localization To Mitochondrion (GO:1903747),1/7,0.0679442688885301,0.2175562035500063,0,0,16.57788944723618,44.57906348265406,DNAJA1
GO_Biological_Process_2023,Anterograde Axonal Protein Transport (GO:0099641),1/7,0.0679442688885301,0.2175562035500063,0,0,16.57788944723618,44.57906348265406,HSPB1
GO_Biological_Process_2023,Regulation Of Mitophagy (GO:1901524),1/7,0.0679442688885301,0.2175562035500063,0,0,16.57788944723618,44.57906348265406,SLC25A5
GO_Biological_Process_2023,Aromatic Amino Acid Transport (GO:0015801),1/7,0.0679442688885301,0.2175562035500063,0,0,16.57788944723618,44.57906348265406,SLC3A2
GO_Biological_Process_2023,Axo-Dendritic Protein Transport (GO:0099640),1/7,0.0679442688885301,0.2175562035500063,0,0,16.57788944723618,44.57906348265406,HSPB1
GO_Biological_Process_2023,Regulation Of Response To Wounding (GO:1903034),1/7,0.0679442688885301,0.2175562035500063,0,0,16.57788944723618,44.57906348265406,TNFRSF12A
GO_Biological_Process_2023,Cellular Response To Angiotensin (GO:1904385),1/7,0.0679442688885301,0.2175562035500063,0,0,16.57788944723618,44.57906348265406,CA2
GO_Biological_Process_2023,Regulation Of Transcription From RNA Polymerase II Promoter In Response To Hypoxia (GO:0061418),1/7,0.0679442688885301,0.2175562035500063,0,0,16.57788944723618,44.57906348265406,NFE2L2
GO_Biological_Process_2023,Regulation Of Vascular Wound Healing (GO:0061043),1/7,0.0679442688885301,0.2175562035500063,0,0,16.57788944723618,44.57906348265406,TNFAIP3
GO_Biological_Process_2023,Cytoplasmic Sequestering Of NF-kappaB (GO:0007253),1/7,0.0679442688885301,0.2175562035500063,0,0,16.57788944723618,44.57906348265406,NFKBIA
GO_Biological_Process_2023,"Endonucleolytic Cleavage In ITS1 To Separate SSU-rRNA From 5.8S rRNA And LSU-rRNA From Tricistronic rRNA Transcript (SSU-rRNA, 5.8S rRNA, LSU-rRNA) (GO:0000447)",1/7,0.0679442688885301,0.2175562035500063,0,0,16.57788944723618,44.57906348265406,RPS21
GO_Biological_Process_2023,Establishment Of Golgi Localization (GO:0051683),1/7,0.0679442688885301,0.2175562035500063,0,0,16.57788944723618,44.57906348265406,YWHAZ
GO_Biological_Process_2023,Establishment Of Centrosome Localization (GO:0051660),1/7,0.0679442688885301,0.2175562035500063,0,0,16.57788944723618,44.57906348265406,EZR
GO_Biological_Process_2023,Stress-Induced Premature Senescence (GO:0090400),1/7,0.0679442688885301,0.2175562035500063,0,0,16.57788944723618,44.57906348265406,CDKN1A
GO_Biological_Process_2023,Sulfur Amino Acid Transport (GO:0000101),1/7,0.0679442688885301,0.2175562035500063,0,0,16.57788944723618,44.57906348265406,SLC3A2
GO_Biological_Process_2023,Thyroid Hormone Transport (GO:0070327),1/7,0.0679442688885301,0.2175562035500063,0,0,16.57788944723618,44.57906348265406,SLC3A2
GO_Biological_Process_2023,Glucocorticoid Metabolic Process (GO:0008211),1/7,0.0679442688885301,0.2175562035500063,0,0,16.57788944723618,44.57906348265406,YWHAH
GO_Biological_Process_2023,Histone Lysine Demethylation (GO:0070076),1/7,0.0679442688885301,0.2175562035500063,0,0,16.57788944723618,44.57906348265406,KDM6B
GO_Biological_Process_2023,Mammary Gland Epithelial Cell Differentiation (GO:0060644),1/7,0.0679442688885301,0.2175562035500063,0,0,16.57788944723618,44.57906348265406,IRF6
GO_Biological_Process_2023,Mitral Valve Development (GO:0003174),1/7,0.0679442688885301,0.2175562035500063,0,0,16.57788944723618,44.57906348265406,EFNA1
GO_Biological_Process_2023,"Negative Regulation Of CD8-positive, Alpha-Beta T Cell Activation (GO:2001186)",1/7,0.0679442688885301,0.2175562035500063,0,0,16.57788944723618,44.57906348265406,DAPL1
GO_Biological_Process_2023,Negative Regulation Of T-helper 17 Cell Differentiation (GO:2000320),1/7,0.0679442688885301,0.2175562035500063,0,0,16.57788944723618,44.57906348265406,ZC3H12A
GO_Biological_Process_2023,Negative Regulation Of Leukocyte Proliferation (GO:0070664),1/7,0.0679442688885301,0.2175562035500063,0,0,16.57788944723618,44.57906348265406,TNFAIP3
GO_Biological_Process_2023,Negative Regulation Of Mitochondrial Membrane Potential (GO:0010917),1/7,0.0679442688885301,0.2175562035500063,0,0,16.57788944723618,44.57906348265406,PMAIP1
GO_Biological_Process_2023,Negative Regulation Of Nitric Oxide Biosynthetic Process (GO:0045019),1/7,0.0679442688885301,0.2175562035500063,0,0,16.57788944723618,44.57906348265406,ZC3H12A
GO_Biological_Process_2023,Negative Regulation Of Nitric Oxide Metabolic Process (GO:1904406),1/7,0.0679442688885301,0.2175562035500063,0,0,16.57788944723618,44.57906348265406,ZC3H12A
GO_Biological_Process_2023,Neuroepithelial Cell Differentiation (GO:0060563),1/7,0.0679442688885301,0.2175562035500063,0,0,16.57788944723618,44.57906348265406,TUBB2A
GO_Biological_Process_2023,Nonribosomal Peptide Biosynthetic Process (GO:0019184),1/7,0.0679442688885301,0.2175562035500063,0,0,16.57788944723618,44.57906348265406,MGST2
GO_Biological_Process_2023,Positive Regulation Of DNA Demethylation (GO:1901537),1/7,0.0679442688885301,0.2175562035500063,0,0,16.57788944723618,44.57906348265406,HNRNPAB
GO_Biological_Process_2023,Positive Regulation Of Aspartic-Type Peptidase Activity (GO:1905247),1/7,0.0679442688885301,0.2175562035500063,0,0,16.57788944723618,44.57906348265406,EFNA1
GO_Biological_Process_2023,Positive Regulation Of Cell Migration By Vascular Endothelial Growth Factor Signaling Pathway (GO:0038089),1/7,0.0679442688885301,0.2175562035500063,0,0,16.57788944723618,44.57906348265406,HSPB1
GO_Biological_Process_2023,Positive Regulation Of Natural Killer Cell Proliferation (GO:0032819),1/7,0.0679442688885301,0.2175562035500063,0,0,16.57788944723618,44.57906348265406,HLA-E
GO_Biological_Process_2023,Protein Deubiquitination Involved In Ubiquitin-Dependent Protein Catabolic Process (GO:0071947),1/7,0.0679442688885301,0.2175562035500063,0,0,16.57788944723618,44.57906348265406,TNFAIP3
GO_Biological_Process_2023,Protein Localization To Presynapse (GO:1905383),1/7,0.0679442688885301,0.2175562035500063,0,0,16.57788944723618,44.57906348265406,HSPB1
GO_Biological_Process_2023,Purine Nucleotide Catabolic Process (GO:0006195),1/7,0.0679442688885301,0.2175562035500063,0,0,16.57788944723618,44.57906348265406,HINT1
GO_Biological_Process_2023,Purine Ribonucleoside Monophosphate Catabolic Process (GO:0009169),1/7,0.0679442688885301,0.2175562035500063,0,0,16.57788944723618,44.57906348265406,PNP
GO_Biological_Process_2023,Regulation Of Alpha-Beta T Cell Differentiation (GO:0046637),1/7,0.0679442688885301,0.2175562035500063,0,0,16.57788944723618,44.57906348265406,PNP
GO_Biological_Process_2023,"Regulation Of mRNA Splicing, Via Spliceosome (GO:0048024)",3/94,0.0682467043328599,0.2176768274771357,0,0,3.298209404808389,8.854459164365215,DDX5;RBM8A;TRA2B
GO_Biological_Process_2023,Regulation Of Endothelial Cell Apoptotic Process (GO:2000351),2/43,0.0687896467784887,0.2176768274771357,0,0,4.867947770386794,13.030045670347697,TNFAIP3;NFE2L2
GO_Biological_Process_2023,Ephrin Receptor Signaling Pathway (GO:0048013),2/43,0.0687896467784887,0.2176768274771357,0,0,4.867947770386794,13.030045670347697,EFNA1;EPHA2
GO_Biological_Process_2023,mRNA Transcription (GO:0009299),2/43,0.0687896467784887,0.2176768274771357,0,0,4.867947770386794,13.030045670347697,DDX5;ATF4
GO_Biological_Process_2023,Positive Regulation Of T Cell Mediated Immunity (GO:0002711),2/43,0.0687896467784887,0.2176768274771357,0,0,4.867947770386794,13.030045670347697,HSPD1;HLA-E
GO_Biological_Process_2023,Positive Regulation Of miRNA Transcription (GO:1902895),2/43,0.0687896467784887,0.2176768274771357,0,0,4.867947770386794,13.030045670347697,KLF5;MYC
GO_Biological_Process_2023,Cell Junction Assembly (GO:0034329),3/95,0.0699750364747784,0.219807492835385,0,0,3.2621937762083424,8.676185118672581,DSG1;PKP1;PKP3
GO_Biological_Process_2023,Positive Regulation Of Epithelial Cell Migration (GO:0010634),3/95,0.0699750364747784,0.219807492835385,0,0,3.2621937762083424,8.676185118672581,ZC3H12A;PFN1;ARF6
GO_Biological_Process_2023,Proteasomal Protein Catabolic Process (GO:0010498),5/220,0.0704397355347345,0.219807492835385,0,0,2.3357185450208706,6.1966560441925465,CSNK1A1;FBXW7;PELI1;PMAIP1;NFE2L2
GO_Biological_Process_2023,Nucleus Organization (GO:0006997),2/44,0.0716056114889121,0.219807492835385,0,0,4.751803751803752,12.52851945708889,RPS19;CHMP1B
GO_Biological_Process_2023,Positive Regulation Of Supramolecular Fiber Organization (GO:1902905),3/96,0.0717230639353225,0.219807492835385,0,0,3.2269526772556083,8.502836079014903,VASP;PFN1;ARF6
GO_Biological_Process_2023,Peptide Biosynthetic Process (GO:0043043),4/158,0.0743477121867585,0.219807492835385,0,0,2.6034985422740524,6.766498900945197,RPS19;RPS7;RPLP1;RPS21
GO_Biological_Process_2023,I-kappaB kinase/NF-kappaB Signaling (GO:0007249),2/45,0.0744584746361064,0.219807492835385,0,0,4.641061780596664,12.055221541075596,NFKBIA;REL
GO_Biological_Process_2023,Regulation Of Protein Modification Process (GO:0031399),2/45,0.0744584746361064,0.219807492835385,0,0,4.641061780596664,12.055221541075596,PPP2CA;HSPB1
GO_Biological_Process_2023,Regulation Of Telomerase Activity (GO:0051972),2/45,0.0744584746361064,0.219807492835385,0,0,4.641061780596664,12.055221541075596,HSP90AA1;MYC
GO_Biological_Process_2023,Epidermal Growth Factor Receptor Signaling Pathway (GO:0007173),2/45,0.0744584746361064,0.219807492835385,0,0,4.641061780596664,12.055221541075596,AREG;HBEGF
GO_Biological_Process_2023,Zymogen Activation (GO:0031638),2/45,0.0744584746361064,0.219807492835385,0,0,4.641061780596664,12.055221541075596,PERP;CYCS
GO_Biological_Process_2023,Positive Regulation Of Innate Immune Response (GO:0045089),2/45,0.0744584746361064,0.219807492835385,0,0,4.641061780596664,12.055221541075596,RPS19;HLA-E
GO_Biological_Process_2023,Positive Regulation Of Cold-Induced Thermogenesis (GO:0120162),3/98,0.0752775128137596,0.219807492835385,0,0,3.158696232968208,8.170200992229566,KDM6B;FABP5;ADRB2
GO_Biological_Process_2023,Cellular Response To Insulin Stimulus (GO:0032869),3/99,0.0770835823208496,0.219807492835385,0,0,3.125634517766497,8.010579186959143,RAB10;CAV2;NAMPT
GO_Biological_Process_2023,Cdc42 Protein Signal Transduction (GO:0032488),1/8,0.0772680713380291,0.219807492835385,0,0,14.208901651112706,36.38152974515558,RHOV
GO_Biological_Process_2023,Regulation Of Endothelial Cell Differentiation (GO:0045601),1/8,0.0772680713380291,0.219807492835385,0,0,14.208901651112706,36.38152974515558,BTG1
GO_Biological_Process_2023,Regulation Of Fibroblast Apoptotic Process (GO:2000269),1/8,0.0772680713380291,0.219807492835385,0,0,14.208901651112706,36.38152974515558,BTG1
GO_Biological_Process_2023,Regulation Of miRNA Metabolic Process (GO:2000628),1/8,0.0772680713380291,0.219807492835385,0,0,14.208901651112706,36.38152974515558,DDX5
GO_Biological_Process_2023,Astral Microtubule Organization (GO:0030953),1/8,0.0772680713380291,0.219807492835385,0,0,14.208901651112706,36.38152974515558,EZR
GO_Biological_Process_2023,Regulation Of Protein Localization To Early Endosome (GO:1902965),1/8,0.0772680713380291,0.219807492835385,0,0,14.208901651112706,36.38152974515558,EZR
GO_Biological_Process_2023,Regulation Of Skeletal Muscle Cell Differentiation (GO:2001014),1/8,0.0772680713380291,0.219807492835385,0,0,14.208901651112706,36.38152974515558,DDX5
GO_Biological_Process_2023,Regulation Of Toll-Like Receptor 3 Signaling Pathway (GO:0034139),1/8,0.0772680713380291,0.219807492835385,0,0,14.208901651112706,36.38152974515558,TNFAIP3
GO_Biological_Process_2023,"Complement Activation, Lectin Pathway (GO:0001867)",1/8,0.0772680713380291,0.219807492835385,0,0,14.208901651112706,36.38152974515558,KRT1
GO_Biological_Process_2023,Response To Vitamin (GO:0033273),1/8,0.0772680713380291,0.219807492835385,0,0,14.208901651112706,36.38152974515558,AQP3
GO_Biological_Process_2023,Response To Vitamin D (GO:0033280),1/8,0.0772680713380291,0.219807492835385,0,0,14.208901651112706,36.38152974515558,AQP3
GO_Biological_Process_2023,Skin Morphogenesis (GO:0043589),1/8,0.0772680713380291,0.219807492835385,0,0,14.208901651112706,36.38152974515558,ERRFI1
GO_Biological_Process_2023,Sphingosine-1-Phosphate Receptor Signaling Pathway (GO:0003376),1/8,0.0772680713380291,0.219807492835385,0,0,14.208901651112706,36.38152974515558,EZR
GO_Biological_Process_2023,Translational Termination (GO:0006415),1/8,0.0772680713380291,0.219807492835385,0,0,14.208901651112706,36.38152974515558,ETF1
GO_Biological_Process_2023,Glutamine Transport (GO:0006868),1/8,0.0772680713380291,0.219807492835385,0,0,14.208901651112706,36.38152974515558,SLC38A2
GO_Biological_Process_2023,Glycerol Transmembrane Transport (GO:0015793),1/8,0.0772680713380291,0.219807492835385,0,0,14.208901651112706,36.38152974515558,AQP3
GO_Biological_Process_2023,Unsaturated Fatty Acid Biosynthetic Process (GO:0006636),1/8,0.0772680713380291,0.219807492835385,0,0,14.208901651112706,36.38152974515558,DEGS1
GO_Biological_Process_2023,Membrane Lipid Catabolic Process (GO:0046466),1/8,0.0772680713380291,0.219807492835385,0,0,14.208901651112706,36.38152974515558,MGST2
GO_Biological_Process_2023,Mesodermal Cell Differentiation (GO:0048333),1/8,0.0772680713380291,0.219807492835385,0,0,14.208901651112706,36.38152974515558,KDM6B
GO_Biological_Process_2023,Negative Regulation By Host Of Viral Genome Replication (GO:0044828),1/8,0.0772680713380291,0.219807492835385,0,0,14.208901651112706,36.38152974515558,ZC3H12A
GO_Biological_Process_2023,Negative Regulation Of Membrane Potential (GO:0045837),1/8,0.0772680713380291,0.219807492835385,0,0,14.208901651112706,36.38152974515558,PMAIP1
GO_Biological_Process_2023,Negative Regulation Of Systemic Arterial Blood Pressure (GO:0003085),1/8,0.0772680713380291,0.219807492835385,0,0,14.208901651112706,36.38152974515558,ADRB2
GO_Biological_Process_2023,Negative Regulation Of Triglyceride Metabolic Process (GO:0090209),1/8,0.0772680713380291,0.219807492835385,0,0,14.208901651112706,36.38152974515558,FBXW7
GO_Biological_Process_2023,Negative Regulation Of Ubiquitin Protein Ligase Activity (GO:1904667),1/8,0.0772680713380291,0.219807492835385,0,0,14.208901651112706,36.38152974515558,RPS7
GO_Biological_Process_2023,Nicotinamide Nucleotide Biosynthetic Process (GO:0019359),1/8,0.0772680713380291,0.219807492835385,0,0,14.208901651112706,36.38152974515558,NAMPT
GO_Biological_Process_2023,p38MAPK Cascade (GO:0038066),1/8,0.0772680713380291,0.219807492835385,0,0,14.208901651112706,36.38152974515558,MAP2K3
GO_Biological_Process_2023,"Positive Regulation Of CD8-positive, Alpha-Beta T Cell Activation (GO:2001187)",1/8,0.0772680713380291,0.219807492835385,0,0,14.208901651112706,36.38152974515558,HLA-E
GO_Biological_Process_2023,Positive Regulation Of Actin Cytoskeleton Reorganization (GO:2000251),1/8,0.0772680713380291,0.219807492835385,0,0,14.208901651112706,36.38152974515558,CCL27
GO_Biological_Process_2023,Positive Regulation Of Early Endosome To Late Endosome Transport (GO:2000643),1/8,0.0772680713380291,0.219807492835385,0,0,14.208901651112706,36.38152974515558,EZR
GO_Biological_Process_2023,Positive Regulation Of Mast Cell Degranulation (GO:0043306),1/8,0.0772680713380291,0.219807492835385,0,0,14.208901651112706,36.38152974515558,VAMP8
GO_Biological_Process_2023,Positive Regulation Of Protein Localization To Early Endosome (GO:1902966),1/8,0.0772680713380291,0.219807492835385,0,0,14.208901651112706,36.38152974515558,EZR
GO_Biological_Process_2023,Positive Regulation Of Protein Localization To Endosome (GO:1905668),1/8,0.0772680713380291,0.219807492835385,0,0,14.208901651112706,36.38152974515558,EZR
GO_Biological_Process_2023,Positive Regulation Of Respiratory Burst (GO:0060267),1/8,0.0772680713380291,0.219807492835385,0,0,14.208901651112706,36.38152974515558,RPS19
GO_Biological_Process_2023,Protein Hexamerization (GO:0034214),1/8,0.0772680713380291,0.219807492835385,0,0,14.208901651112706,36.38152974515558,MAT2A
GO_Biological_Process_2023,"Regulation Of CD8-positive, Alpha-Beta T Cell Proliferation (GO:2000564)",1/8,0.0772680713380291,0.219807492835385,0,0,14.208901651112706,36.38152974515558,HLA-E
GO_Biological_Process_2023,Regulation Of DNA Demethylation (GO:1901535),1/8,0.0772680713380291,0.219807492835385,0,0,14.208901651112706,36.38152974515558,HNRNPAB
GO_Biological_Process_2023,Regulation Of DNA Methylation (GO:0044030),1/8,0.0772680713380291,0.219807492835385,0,0,14.208901651112706,36.38152974515558,MYC
GO_Biological_Process_2023,Regulation Of ER-associated Ubiquitin-Dependent Protein Catabolic Process (GO:1903069),1/8,0.0772680713380291,0.219807492835385,0,0,14.208901651112706,36.38152974515558,NFE2L2
GO_Biological_Process_2023,Regulation Of Aspartic-Type Endopeptidase Activity Involved In Amyloid Precursor Protein Catabolic Process (GO:1902959),1/8,0.0772680713380291,0.219807492835385,0,0,14.208901651112706,36.38152974515558,EFNA1
GO_Biological_Process_2023,Regulation Of Fibroblast Proliferation (GO:0048145),2/46,0.0773472253700272,0.219807492835385,0,0,4.535353535353536,11.608013208044897,CDKN1A;MYC
GO_Biological_Process_2023,Amino Acid Transport (GO:0006865),2/46,0.0773472253700272,0.219807492835385,0,0,4.535353535353536,11.608013208044897,SLC3A2;SLC38A2
GO_Biological_Process_2023,Cardiac Conduction (GO:0061337),2/46,0.0773472253700272,0.219807492835385,0,0,4.535353535353536,11.608013208044897,DSP;JUP
GO_Biological_Process_2023,Response To Hydrogen Peroxide (GO:0042542),2/46,0.0773472253700272,0.219807492835385,0,0,4.535353535353536,11.608013208044897,TNFAIP3;NFE2L2
GO_Biological_Process_2023,Positive Regulation Of Blood Vessel Endothelial Cell Migration (GO:0043536),2/46,0.0773472253700272,0.219807492835385,0,0,4.535353535353536,11.608013208044897,MAP2K3;HSPB1
GO_Biological_Process_2023,Regulation Of Cell Growth (GO:0001558),5/227,0.078156344000714,0.2217172074546571,0,0,2.2612612612612613,5.764054559391052,PPP2CA;CDKN1A;BTG1;SGK1;EIF4G2
GO_Biological_Process_2023,Antimicrobial Humoral Response (GO:0019730),3/100,0.0789086435328542,0.2230686653717224,0,0,3.0932544874143075,7.855209980826792,RPS19;GAPDH;HLA-E
GO_Biological_Process_2023,Protein Complex Oligomerization (GO:0051259),3/100,0.0789086435328542,0.2230686653717224,0,0,3.0932544874143075,7.855209980826792,MAT2A;ZC3H12A;CLDN1
GO_Biological_Process_2023,Cellular Response To Lipid (GO:0071396),5/228,0.07929454356035,0.223076538779299,0,0,2.251006094055421,5.70536844247615,H2AZ1;HSPA8;ZC3H12A;TNFAIP3;ATP1A1
GO_Biological_Process_2023,Regulation Of Cell Cycle (GO:0051726),6/298,0.0793941562444897,0.223076538779299,0,0,2.066233582827284,5.234452581067133,CDKN1A;MYC;CKS2;PIM3;TENT5B;EIF4G2
GO_Biological_Process_2023,Mitochondrion Organization (GO:0007005),4/162,0.0798287777328656,0.223076538779299,0,0,2.5370705244122966,6.413387552426678,CXADR;CAV2;MCL1;HSPD1
GO_Biological_Process_2023,Bicellular Tight Junction Assembly (GO:0070830),2/47,0.0802708691611082,0.223076538779299,0,0,4.434343434343434,11.184959505346583,CLDN4;CLDN1
GO_Biological_Process_2023,Epithelial To Mesenchymal Transition (GO:0001837),2/47,0.0802708691611082,0.223076538779299,0,0,4.434343434343434,11.184959505346583,DDX5;HNRNPAB
GO_Biological_Process_2023,Insulin Receptor Signaling Pathway (GO:0008286),2/47,0.0802708691611082,0.223076538779299,0,0,4.434343434343434,11.184959505346583,CAV2;NAMPT
GO_Biological_Process_2023,Negative Regulation Of Tumor Necrosis Factor Production (GO:0032720),2/47,0.0802708691611082,0.223076538779299,0,0,4.434343434343434,11.184959505346583,ZC3H12A;TNFAIP3
GO_Biological_Process_2023,Regulation Of Protein Secretion (GO:0050708),3/102,0.0826150134639867,0.223076538779299,0,0,3.030456852791878,7.5566376689451715,EZR;PPIA;ARF6
GO_Biological_Process_2023,Protein Catabolic Process (GO:0030163),3/102,0.0826150134639867,0.223076538779299,0,0,3.030456852791878,7.5566376689451715,HSPA8;HSP90AA1;PMAIP1
GO_Biological_Process_2023,Regulation Of RNA Splicing (GO:0043484),3/102,0.0826150134639867,0.223076538779299,0,0,3.030456852791878,7.5566376689451715,HNRNPH1;TRA2B;SLC38A2
GO_Biological_Process_2023,Negative Regulation Of Multicellular Organismal Process (GO:0051241),5/231,0.0827624518343387,0.223076538779299,0,0,2.2207851145904245,5.533709711029654,PPP2CA;EFNA1;RPS19;TACSTD2;ATF4
GO_Biological_Process_2023,Positive Regulation Of Phosphorylation (GO:0042327),5/231,0.0827624518343387,0.223076538779299,0,0,2.2207851145904245,5.533709711029654,EFNA1;CDKN1A;HSP90AA1;PPIA;EPHA2
GO_Biological_Process_2023,Regulation Of Intrinsic Apoptotic Signaling Pathway (GO:2001242),2/48,0.0832284276217124,0.223076538779299,0,0,4.337725076855512,10.784305954054672,PMAIP1;BBC3
GO_Biological_Process_2023,Positive Regulation Of Reactive Oxygen Species Metabolic Process (GO:2000379),2/48,0.0832284276217124,0.223076538779299,0,0,4.337725076855512,10.784305954054672,CDKN1A;ZC3H12A
GO_Biological_Process_2023,Regulation Of DNA Binding (GO:0051101),2/48,0.0832284276217124,0.223076538779299,0,0,4.337725076855512,10.784305954054672,NFKBIA;TXN
GO_Biological_Process_2023,Erythrocyte Differentiation (GO:0030218),2/49,0.0862189382580095,0.223076538779299,0,0,4.24521813883516,10.404458354124063,RPS19;SLC25A5
GO_Biological_Process_2023,Heterophilic Cell-Cell Adhesion Via Plasma Membrane Cell Adhesion Molecules (GO:0007157),2/49,0.0862189382580095,0.223076538779299,0,0,4.24521813883516,10.404458354124063,CXADR;LGALS7
GO_Biological_Process_2023,Negative Regulation Of DNA Metabolic Process (GO:0051053),2/49,0.0862189382580095,0.223076538779299,0,0,4.24521813883516,10.404458354124063,CDKN1A;S100A11
GO_Biological_Process_2023,Negative Regulation Of Tumor Necrosis Factor Superfamily Cytokine Production (GO:1903556),2/49,0.0862189382580095,0.223076538779299,0,0,4.24521813883516,10.404458354124063,ZC3H12A;TNFAIP3
GO_Biological_Process_2023,Translation (GO:0006412),5/234,0.0863098564250473,0.223076538779299,0,0,2.191355951181279,5.368408957712933,RPS19;RPS7;RPLP1;ETF1;RPS21
GO_Biological_Process_2023,Macroautophagy (GO:0016236),3/104,0.0863951479385647,0.223076538779299,0,0,2.9701462532040006,7.273364724037877,VAMP8;MAP1LC3B;CHMP1B
GO_Biological_Process_2023,Positive Regulation Of Kinase Activity (GO:0033674),3/104,0.0863951479385647,0.223076538779299,0,0,2.9701462532040006,7.273364724037877,MAP2K3;CDKN1A;EPHA2
GO_Biological_Process_2023,Regulation Of Cellular Response To Oxidative Stress (GO:1900407),1/9,0.0864990660572792,0.223076538779299,0,0,12.4321608040201,30.429226090981548,NFE2L2
GO_Biological_Process_2023,B Cell Homeostasis (GO:0001782),1/9,0.0864990660572792,0.223076538779299,0,0,12.4321608040201,30.429226090981548,TNFAIP3
GO_Biological_Process_2023,ESCRT III Complex Disassembly (GO:1904903),1/9,0.0864990660572792,0.223076538779299,0,0,12.4321608040201,30.429226090981548,CHMP1B
GO_Biological_Process_2023,ESCRT Complex Disassembly (GO:1904896),1/9,0.0864990660572792,0.223076538779299,0,0,12.4321608040201,30.429226090981548,CHMP1B
GO_Biological_Process_2023,Golgi Inheritance (GO:0048313),1/9,0.0864990660572792,0.223076538779299,0,0,12.4321608040201,30.429226090981548,YWHAZ
GO_Biological_Process_2023,IMP Metabolic Process (GO:0046040),1/9,0.0864990660572792,0.223076538779299,0,0,12.4321608040201,30.429226090981548,PNP
GO_Biological_Process_2023,SNARE Complex Assembly (GO:0035493),1/9,0.0864990660572792,0.223076538779299,0,0,12.4321608040201,30.429226090981548,VAMP8
GO_Biological_Process_2023,Regulation Of Natural Killer Cell Proliferation (GO:0032817),1/9,0.0864990660572792,0.223076538779299,0,0,12.4321608040201,30.429226090981548,HLA-E
GO_Biological_Process_2023,Regulation Of Tau-Protein Kinase Activity (GO:1902947),1/9,0.0864990660572792,0.223076538779299,0,0,12.4321608040201,30.429226090981548,HSP90AA1
GO_Biological_Process_2023,Response To Laminar Fluid Shear Stress (GO:0034616),1/9,0.0864990660572792,0.223076538779299,0,0,12.4321608040201,30.429226090981548,NFE2L2
GO_Biological_Process_2023,Vesicle Fusion With Vacuole (GO:0051469),1/9,0.0864990660572792,0.223076538779299,0,0,12.4321608040201,30.429226090981548,CHMP1B
GO_Biological_Process_2023,Hormone Transport (GO:0009914),1/9,0.0864990660572792,0.223076538779299,0,0,12.4321608040201,30.429226090981548,SLC3A2
GO_Biological_Process_2023,Leucine Transport (GO:0015820),1/9,0.0864990660572792,0.223076538779299,0,0,12.4321608040201,30.429226090981548,SLC3A2
GO_Biological_Process_2023,Lung Epithelium Development (GO:0060428),1/9,0.0864990660572792,0.223076538779299,0,0,12.4321608040201,30.429226090981548,ERRFI1
GO_Biological_Process_2023,Mitral Valve Morphogenesis (GO:0003183),1/9,0.0864990660572792,0.223076538779299,0,0,12.4321608040201,30.429226090981548,EFNA1
GO_Biological_Process_2023,Multivesicular Body-Lysosome Fusion (GO:0061763),1/9,0.0864990660572792,0.223076538779299,0,0,12.4321608040201,30.429226090981548,CHMP1B
GO_Biological_Process_2023,Myelin Maintenance (GO:0043217),1/9,0.0864990660572792,0.223076538779299,0,0,12.4321608040201,30.429226090981548,DEGS1
GO_Biological_Process_2023,Negative Regulation Of Bone Resorption (GO:0045779),1/9,0.0864990660572792,0.223076538779299,0,0,12.4321608040201,30.429226090981548,TNFAIP3
GO_Biological_Process_2023,Negative Regulation Of Establishment Of Protein Localization (GO:1904950),1/9,0.0864990660572792,0.223076538779299,0,0,12.4321608040201,30.429226090981548,DNAJA1
GO_Biological_Process_2023,Negative Regulation Of Lipid Localization (GO:1905953),1/9,0.0864990660572792,0.223076538779299,0,0,12.4321608040201,30.429226090981548,NFKBIA
GO_Biological_Process_2023,Negative Regulation Of Necroptotic Process (GO:0060546),1/9,0.0864990660572792,0.223076538779299,0,0,12.4321608040201,30.429226090981548,PELI1
GO_Biological_Process_2023,Negative Regulation Of Protein Autophosphorylation (GO:0031953),1/9,0.0864990660572792,0.223076538779299,0,0,12.4321608040201,30.429226090981548,ERRFI1
GO_Biological_Process_2023,Negative Regulation Of Toll-Like Receptor 4 Signaling Pathway (GO:0034144),1/9,0.0864990660572792,0.223076538779299,0,0,12.4321608040201,30.429226090981548,TNFAIP3
GO_Biological_Process_2023,Negative Regulation Of Tyrosine Phosphorylation Of STAT Protein (GO:0042532),1/9,0.0864990660572792,0.223076538779299,0,0,12.4321608040201,30.429226090981548,PPP2CA
GO_Biological_Process_2023,Nucleobase-Containing Compound Biosynthetic Process (GO:0034654),1/9,0.0864990660572792,0.223076538779299,0,0,12.4321608040201,30.429226090981548,PNP
GO_Biological_Process_2023,Peptidyl-Serine Dephosphorylation (GO:0070262),1/9,0.0864990660572792,0.223076538779299,0,0,12.4321608040201,30.429226090981548,PPP2CA
GO_Biological_Process_2023,Positive Regulation Of Keratinocyte Migration (GO:0051549),1/9,0.0864990660572792,0.223076538779299,0,0,12.4321608040201,30.429226090981548,ARF6
GO_Biological_Process_2023,Positive Regulation Of Mesenchymal Cell Proliferation (GO:0002053),1/9,0.0864990660572792,0.223076538779299,0,0,12.4321608040201,30.429226090981548,MYC
GO_Biological_Process_2023,Positive Regulation Of Monocyte Differentiation (GO:0045657),1/9,0.0864990660572792,0.223076538779299,0,0,12.4321608040201,30.429226090981548,CTNNBIP1
GO_Biological_Process_2023,Positive Regulation Of Protein Kinase A Signaling (GO:0010739),1/9,0.0864990660572792,0.223076538779299,0,0,12.4321608040201,30.429226090981548,ADRB2
GO_Biological_Process_2023,Positive Regulation Of Sodium Ion Transmembrane Transport (GO:1902307),1/9,0.0864990660572792,0.223076538779299,0,0,12.4321608040201,30.429226090981548,ATP1B3
GO_Biological_Process_2023,Protein K11-linked Deubiquitination (GO:0035871),1/9,0.0864990660572792,0.223076538779299,0,0,12.4321608040201,30.429226090981548,TNFAIP3
GO_Biological_Process_2023,rRNA 3'-End Processing (GO:0031125),1/9,0.0864990660572792,0.223076538779299,0,0,12.4321608040201,30.429226090981548,RPS21
GO_Biological_Process_2023,Regulation Of Epithelial Cell Migration (GO:0010632),2/50,0.0892414542606553,0.2283282144612019,0,0,4.156565656565657,10.043965211617904,TACSTD2;PFN1
GO_Biological_Process_2023,Regulation Of Interferon-Beta Production (GO:0032648),2/50,0.0892414542606553,0.2283282144612019,0,0,4.156565656565657,10.043965211617904,HSP90AA1;REL
GO_Biological_Process_2023,Cell Chemotaxis (GO:0060326),2/50,0.0892414542606553,0.2283282144612019,0,0,4.156565656565657,10.043965211617904,EPHA2;HBEGF
GO_Biological_Process_2023,Ribosome Assembly (GO:0042255),2/50,0.0892414542606553,0.2283282144612019,0,0,4.156565656565657,10.043965211617904,EFNA1;RPS19
GO_Biological_Process_2023,Negative Regulation Of Cell Projection Organization (GO:0031345),2/50,0.0892414542606553,0.2283282144612019,0,0,4.156565656565657,10.043965211617904,FKBP4;YWHAH
GO_Biological_Process_2023,DNA Damage Response (GO:0006974),7/384,0.0916278769497704,0.2315073715798402,0,0,1.86859718805404,4.465984128352616,BTG2;CDKN1A;MYC;ZC3H12A;SFN;EPHA2;MCL1
GO_Biological_Process_2023,Regulation Of Stress-Activated MAPK Cascade (GO:0032872),2/51,0.0922950442929787,0.2315073715798402,0,0,4.071531642960214,9.7015024039535,MYC;PPIA
GO_Biological_Process_2023,Regulation Of Substrate Adhesion-Dependent Cell Spreading (GO:1900024),2/51,0.0922950442929787,0.2315073715798402,0,0,4.071531642960214,9.7015024039535,TACSTD2;ACTN4
GO_Biological_Process_2023,Positive Regulation Of Protein Localization To Cell Periphery (GO:1904377),2/51,0.0922950442929787,0.2315073715798402,0,0,4.071531642960214,9.7015024039535,ARF6;EPHA2
GO_Biological_Process_2023,Positive Regulation Of Protein Localization To Plasma Membrane (GO:1903078),2/51,0.0922950442929787,0.2315073715798402,0,0,4.071531642960214,9.7015024039535,ARF6;EPHA2
GO_Biological_Process_2023,Regulated Exocytosis (GO:0045055),2/51,0.0922950442929787,0.2315073715798402,0,0,4.071531642960214,9.7015024039535,RAB10;SYNGR2
GO_Biological_Process_2023,Response To Tumor Necrosis Factor (GO:0034612),3/108,0.0941706690966622,0.2315073715798402,0,0,2.856417693981146,6.748705308028375,NFKBIA;ZC3H12A;NFE2L2
GO_Biological_Process_2023,Positive Regulation Of DNA Metabolic Process (GO:0051054),3/108,0.0941706690966622,0.2315073715798402,0,0,2.856417693981146,6.748705308028375,MYC;BAZ1A;HNRNPAB
GO_Biological_Process_2023,Positive Regulation Of Metabolic Process (GO:0009893),3/108,0.0941706690966622,0.2315073715798402,0,0,2.856417693981146,6.748705308028375,KDM6B;FABP5;ADRB2
GO_Biological_Process_2023,Rho Protein Signal Transduction (GO:0007266),2/52,0.0953787922697506,0.2315073715798402,0,0,3.98989898989899,9.375859760148904,CFL1;RHOV
GO_Biological_Process_2023,Regulation Of Proteolysis (GO:0030162),2/52,0.0953787922697506,0.2315073715798402,0,0,3.98989898989899,9.375859760148904,CSTA;PERP
GO_Biological_Process_2023,Branched-Chain Amino Acid Transport (GO:0015803),1/10,0.0956381720564831,0.2315073715798402,0,0,11.050251256281408,25.93696464958489,SLC3A2
GO_Biological_Process_2023,Regulation Of Programmed Necrotic Cell Death (GO:0062098),1/10,0.0956381720564831,0.2315073715798402,0,0,11.050251256281408,25.93696464958489,PELI1
GO_Biological_Process_2023,Regulation Of Smooth Muscle Cell Apoptotic Process (GO:0034391),1/10,0.0956381720564831,0.2315073715798402,0,0,11.050251256281408,25.93696464958489,LYPD3
GO_Biological_Process_2023,Regulation Of Synapse Maturation (GO:0090128),1/10,0.0956381720564831,0.2315073715798402,0,0,11.050251256281408,25.93696464958489,YWHAZ
GO_Biological_Process_2023,Regulation Of Toll-Like Receptor 2 Signaling Pathway (GO:0034135),1/10,0.0956381720564831,0.2315073715798402,0,0,11.050251256281408,25.93696464958489,TNFAIP3
GO_Biological_Process_2023,Regulation Of Triglyceride Catabolic Process (GO:0010896),1/10,0.0956381720564831,0.2315073715798402,0,0,11.050251256281408,25.93696464958489,ABHD5
GO_Biological_Process_2023,Removal Of Superoxide Radicals (GO:0019430),1/10,0.0956381720564831,0.2315073715798402,0,0,11.050251256281408,25.93696464958489,PRDX1
GO_Biological_Process_2023,Establishment Of Epithelial Cell Apical/Basal Polarity (GO:0045198),1/10,0.0956381720564831,0.2315073715798402,0,0,11.050251256281408,25.93696464958489,EZR
GO_Biological_Process_2023,Vacuole Fusion (GO:0097576),1/10,0.0956381720564831,0.2315073715798402,0,0,11.050251256281408,25.93696464958489,CHMP1B
GO_Biological_Process_2023,miRNA Catabolic Process (GO:0010587),1/10,0.0956381720564831,0.2315073715798402,0,0,11.050251256281408,25.93696464958489,ZC3H12A
GO_Biological_Process_2023,Muscle Filament Sliding (GO:0030049),1/10,0.0956381720564831,0.2315073715798402,0,0,11.050251256281408,25.93696464958489,MYL6
GO_Biological_Process_2023,Negative Regulation Of T-helper Cell Differentiation (GO:0045623),1/10,0.0956381720564831,0.2315073715798402,0,0,11.050251256281408,25.93696464958489,ZC3H12A
GO_Biological_Process_2023,Negative Regulation Of Alpha-Beta T Cell Activation (GO:0046636),1/10,0.0956381720564831,0.2315073715798402,0,0,11.050251256281408,25.93696464958489,DAPL1
GO_Biological_Process_2023,Negative Regulation Of Interferon-Beta Production (GO:0032688),1/10,0.0956381720564831,0.2315073715798402,0,0,11.050251256281408,25.93696464958489,REL
GO_Biological_Process_2023,Negative Regulation Of Lipopolysaccharide-Mediated Signaling Pathway (GO:0031665),1/10,0.0956381720564831,0.2315073715798402,0,0,11.050251256281408,25.93696464958489,TRIB1
GO_Biological_Process_2023,Negative Regulation Of Mitochondrial Outer Membrane Permeabilization Involved In Apoptotic Signaling Pathway (GO:1901029),1/10,0.0956381720564831,0.2315073715798402,0,0,11.050251256281408,25.93696464958489,SLC25A5
GO_Biological_Process_2023,Negative Regulation Of Natural Killer Cell Mediated Immunity (GO:0002716),1/10,0.0956381720564831,0.2315073715798402,0,0,11.050251256281408,25.93696464958489,HLA-E
GO_Biological_Process_2023,Negative Regulation Of Programmed Necrotic Cell Death (GO:0062099),1/10,0.0956381720564831,0.2315073715798402,0,0,11.050251256281408,25.93696464958489,PELI1
GO_Biological_Process_2023,Positive Regulation Of Autophagy Of Mitochondrion (GO:1903599),1/10,0.0956381720564831,0.2315073715798402,0,0,11.050251256281408,25.93696464958489,SLC25A5
GO_Biological_Process_2023,Positive Regulation Of Interleukin-13 Production (GO:0032736),1/10,0.0956381720564831,0.2315073715798402,0,0,11.050251256281408,25.93696464958489,HLA-E
GO_Biological_Process_2023,Positive Regulation Of Lipid Localization (GO:1905954),1/10,0.0956381720564831,0.2315073715798402,0,0,11.050251256281408,25.93696464958489,ZC3H12A
GO_Biological_Process_2023,Positive Regulation Of Mitochondrial Outer Membrane Permeabilization Involved In Apoptotic Signaling Pathway (GO:1901030),1/10,0.0956381720564831,0.2315073715798402,0,0,11.050251256281408,25.93696464958489,BBC3
GO_Biological_Process_2023,Positive Regulation Of Nitric-Oxide Synthase Biosynthetic Process (GO:0051770),1/10,0.0956381720564831,0.2315073715798402,0,0,11.050251256281408,25.93696464958489,NAMPT
GO_Biological_Process_2023,Positive Regulation Of Transcription From RNA Polymerase II Promoter In Response To Endoplasmic Reticulum Stress (GO:1990440),1/10,0.0956381720564831,0.2315073715798402,0,0,11.050251256281408,25.93696464958489,ATF4
GO_Biological_Process_2023,Receptor-Mediated Endocytosis Of Virus By Host Cell (GO:0019065),1/10,0.0956381720564831,0.2315073715798402,0,0,11.050251256281408,25.93696464958489,CAV2
GO_Biological_Process_2023,Regulation Of Wnt Signaling Pathway (GO:0030111),3/109,0.0961582714173515,0.2324184228428363,0,0,2.829326692845513,6.625603466421482,PPP2CA;CTNNBIP1;TNFAIP3
GO_Biological_Process_2023,Regulation Of Cyclin-Dependent Protein Kinase Activity (GO:1904029),2/53,0.0984917971521169,0.2366437384769288,0,0,3.9114676173499694,9.065929283683165,CDKN1A;SERTAD1
GO_Biological_Process_2023,Actin Cytoskeleton Reorganization (GO:0031532),2/53,0.0984917971521169,0.2366437384769288,0,0,3.9114676173499694,9.065929283683165,CXADR;EZR
GO_Biological_Process_2023,Carboxylic Acid Transport (GO:0046942),2/53,0.0984917971521169,0.2366437384769288,0,0,3.9114676173499694,9.065929283683165,SLC3A2;SLC38A2
GO_Biological_Process_2023,Tight Junction Assembly (GO:0120192),2/53,0.0984917971521169,0.2366437384769288,0,0,3.9114676173499694,9.065929283683165,CLDN4;CLDN1
GO_Biological_Process_2023,Mitotic Cell Cycle Phase Transition (GO:0044772),3/111,0.1001845738063604,0.2380125152928154,0,0,2.7766497461928936,6.3883520697862,CDKN1A;MYC;PLK2
GO_Biological_Process_2023,Negative Regulation Of Inflammatory Response (GO:0050728),3/111,0.1001845738063604,0.2380125152928154,0,0,2.7766497461928936,6.3883520697862,RPS19;PLK2;TNFAIP3
GO_Biological_Process_2023,ERBB Signaling Pathway (GO:0038127),2/54,0.1016331727713355,0.2380125152928154,0,0,3.836052836052836,8.77069478933889,AREG;HBEGF
GO_Biological_Process_2023,Apical Junction Assembly (GO:0043297),2/54,0.1016331727713355,0.2380125152928154,0,0,3.836052836052836,8.77069478933889,CLDN4;CLDN1
GO_Biological_Process_2023,Regulation Of Smooth Muscle Cell Proliferation (GO:0048660),2/54,0.1016331727713355,0.2380125152928154,0,0,3.836052836052836,8.77069478933889,TNFAIP3;TRIB1
GO_Biological_Process_2023,Endoplasmic Reticulum Organization (GO:0007029),2/54,0.1016331727713355,0.2380125152928154,0,0,3.836052836052836,8.77069478933889,RAB10;CAV2
GO_Biological_Process_2023,Mesenchymal Cell Differentiation (GO:0048762),2/54,0.1016331727713355,0.2380125152928154,0,0,3.836052836052836,8.77069478933889,DDX5;HNRNPAB
GO_Biological_Process_2023,Negative Regulation Of Neuron Projection Development (GO:0010977),2/54,0.1016331727713355,0.2380125152928154,0,0,3.836052836052836,8.77069478933889,EFNA1;FKBP4
GO_Biological_Process_2023,Negative Regulation Of Protein Modification By Small Protein Conjugation Or Removal (GO:1903321),2/54,0.1016331727713355,0.2380125152928154,0,0,3.836052836052836,8.77069478933889,DNAJA1;TNFAIP3
GO_Biological_Process_2023,Negative Regulation Of Protein Ubiquitination (GO:0031397),2/54,0.1016331727713355,0.2380125152928154,0,0,3.836052836052836,8.77069478933889,DNAJA1;TNFAIP3
GO_Biological_Process_2023,Nucleosome Assembly (GO:0006334),2/54,0.1016331727713355,0.2380125152928154,0,0,3.836052836052836,8.77069478933889,BRD2;BAZ1A
GO_Biological_Process_2023,Regulation Of DNA-templated Transcription (GO:0006355),25/1922,0.1043365518416218,0.2380125152928154,0,0,1.3482189923940056,3.047154949499732,EHF;DDX5;BTG1;ETS2;PPP2CA;HINT1;MYC;LRRFIP1;YWHAH;MAP2K3;BRD2;HSPA8;HMGA1;IRF2BP2;BAZ1A;HNRNPAB;HOPX;KLF6;KLF5;MAFF;REL;IRF6;ATF3;ATF4;NFE2L2
GO_Biological_Process_2023,Regulation Of Keratinocyte Migration (GO:0051547),1/11,0.1046862992439068,0.2380125152928154,0,0,9.944723618090451,22.4431232477853,ARF6
GO_Biological_Process_2023,Carbon Dioxide Transport (GO:0015670),1/11,0.1046862992439068,0.2380125152928154,0,0,9.944723618090451,22.4431232477853,CA2
GO_Biological_Process_2023,Regulation Of Response To Oxidative Stress (GO:1902882),1/11,0.1046862992439068,0.2380125152928154,0,0,9.944723618090451,22.4431232477853,NFE2L2
GO_Biological_Process_2023,Cellular Response To Fluid Shear Stress (GO:0071498),1/11,0.1046862992439068,0.2380125152928154,0,0,9.944723618090451,22.4431232477853,NFE2L2
GO_Biological_Process_2023,Cellular Response To Nitrogen Levels (GO:0043562),1/11,0.1046862992439068,0.2380125152928154,0,0,9.944723618090451,22.4431232477853,MAP1LC3B
GO_Biological_Process_2023,Cellular Response To Nitrogen Starvation (GO:0006995),1/11,0.1046862992439068,0.2380125152928154,0,0,9.944723618090451,22.4431232477853,MAP1LC3B
GO_Biological_Process_2023,Cellular Response To Superoxide (GO:0071451),1/11,0.1046862992439068,0.2380125152928154,0,0,9.944723618090451,22.4431232477853,PRDX1
GO_Biological_Process_2023,Central Nervous System Neuron Axonogenesis (GO:0021955),1/11,0.1046862992439068,0.2380125152928154,0,0,9.944723618090451,22.4431232477853,HSP90AA1
GO_Biological_Process_2023,Response To Nitric Oxide (GO:0071731),1/11,0.1046862992439068,0.2380125152928154,0,0,9.944723618090451,22.4431232477853,TXN
GO_Biological_Process_2023,Desensitization Of G Protein-Coupled Receptor Signaling Pathway (GO:0002029),1/11,0.1046862992439068,0.2380125152928154,0,0,9.944723618090451,22.4431232477853,ADRB2
GO_Biological_Process_2023,Skeletal Muscle Fiber Development (GO:0048741),1/11,0.1046862992439068,0.2380125152928154,0,0,9.944723618090451,22.4431232477853,CAV2
GO_Biological_Process_2023,Isotype Switching (GO:0045190),1/11,0.1046862992439068,0.2380125152928154,0,0,9.944723618090451,22.4431232477853,HSPD1
GO_Biological_Process_2023,Lysosomal Membrane Organization (GO:0097212),1/11,0.1046862992439068,0.2380125152928154,0,0,9.944723618090451,22.4431232477853,CHMP1B
GO_Biological_Process_2023,Macrophage Chemotaxis (GO:0048246),1/11,0.1046862992439068,0.2380125152928154,0,0,9.944723618090451,22.4431232477853,KLF5
GO_Biological_Process_2023,Negative Regulation Of Amyloid Fibril Formation (GO:1905907),1/11,0.1046862992439068,0.2380125152928154,0,0,9.944723618090451,22.4431232477853,PFDN2
GO_Biological_Process_2023,Negative Regulation Of Bone Remodeling (GO:0046851),1/11,0.1046862992439068,0.2380125152928154,0,0,9.944723618090451,22.4431232477853,TNFAIP3
GO_Biological_Process_2023,Negative Regulation Of calcineurin-NFAT Signaling Cascade (GO:0070885),1/11,0.1046862992439068,0.2380125152928154,0,0,9.944723618090451,22.4431232477853,FHL2
GO_Biological_Process_2023,Negative Regulation Of Calcineurin-Mediated Signaling (GO:0106057),1/11,0.1046862992439068,0.2380125152928154,0,0,9.944723618090451,22.4431232477853,FHL2
GO_Biological_Process_2023,Negative Regulation Of Cell Division (GO:0051782),1/11,0.1046862992439068,0.2380125152928154,0,0,9.944723618090451,22.4431232477853,MYC
GO_Biological_Process_2023,Negative Regulation Of Heart Contraction (GO:0045822),1/11,0.1046862992439068,0.2380125152928154,0,0,9.944723618090451,22.4431232477853,ZC3H12A
GO_Biological_Process_2023,Negative Regulation Of Microtubule Polymerization (GO:0031115),1/11,0.1046862992439068,0.2380125152928154,0,0,9.944723618090451,22.4431232477853,STMN1
GO_Biological_Process_2023,"Negative Regulation Of Nuclear-Transcribed mRNA Catabolic Process, Deadenylation-Dependent Decay (GO:1900152)",1/11,0.1046862992439068,0.2380125152928154,0,0,9.944723618090451,22.4431232477853,TOB1
GO_Biological_Process_2023,Neutrophil Activation Involved In Immune Response (GO:0002283),1/11,0.1046862992439068,0.2380125152928154,0,0,9.944723618090451,22.4431232477853,VAMP8
GO_Biological_Process_2023,Nucleoside Phosphate Biosynthetic Process (GO:1901293),1/11,0.1046862992439068,0.2380125152928154,0,0,9.944723618090451,22.4431232477853,PNP
GO_Biological_Process_2023,Nucleotide-Binding Oligomerization Domain Containing Signaling Pathway (GO:0070423),1/11,0.1046862992439068,0.2380125152928154,0,0,9.944723618090451,22.4431232477853,TNFAIP3
GO_Biological_Process_2023,Positive Regulation Of Cytoplasmic Transport (GO:1903651),1/11,0.1046862992439068,0.2380125152928154,0,0,9.944723618090451,22.4431232477853,EZR
GO_Biological_Process_2023,Ceramide Metabolic Process (GO:0006672),2/55,0.1048020475500832,0.2380125152928154,0,0,3.763483895559368,8.489222766072233,PPP2CA;DEGS1
GO_Biological_Process_2023,Regulation Of Cytoskeleton Organization (GO:0051493),3/114,0.1063487931507688,0.2401759755932865,0,0,2.7011935793661683,6.0534587787747896,PFDN2;EZR;DYNLL1
GO_Biological_Process_2023,Regulation Of Interleukin-6 Production (GO:0032675),3/114,0.1063487931507688,0.2401759755932865,0,0,2.7011935793661683,6.0534587787747896,ZC3H12A;TNFAIP3;HSPD1
GO_Biological_Process_2023,Response To Endoplasmic Reticulum Stress (GO:0034976),3/114,0.1063487931507688,0.2401759755932865,0,0,2.7011935793661683,6.0534587787747896,ATF3;ATF4;BBC3
GO_Biological_Process_2023,Protein Modification By Small Protein Removal (GO:0070646),3/114,0.1063487931507688,0.2401759755932865,0,0,2.7011935793661683,6.0534587787747896,HINT1;ZC3H12A;TNFAIP3
GO_Biological_Process_2023,Regulation Of Reactive Oxygen Species Metabolic Process (GO:2000377),2/56,0.1079975643594305,0.2432201414612802,0,0,3.6936026936026938,8.220654292796869,CDKN1A;ZC3H12A
GO_Biological_Process_2023,Positive Regulation Of Cellular Metabolic Process (GO:0031325),2/56,0.1079975643594305,0.2432201414612802,0,0,3.6936026936026938,8.220654292796869,CDKN1A;ZC3H12A
GO_Biological_Process_2023,Myeloid Cell Differentiation (GO:0030099),2/57,0.111218880351375,0.2466616266536208,0,0,3.6262626262626254,7.964197874788815,RPS19;SLC25A5
GO_Biological_Process_2023,MyD88-dependent Toll-Like Receptor Signaling Pathway (GO:0002755),1/12,0.1136443487055952,0.2466616266536208,0,0,9.040201005025123,19.659557478207127,HSPD1
GO_Biological_Process_2023,Actin-Myosin Filament Sliding (GO:0033275),1/12,0.1136443487055952,0.2466616266536208,0,0,9.040201005025123,19.659557478207127,MYL6
GO_Biological_Process_2023,Adipose Tissue Development (GO:0060612),1/12,0.1136443487055952,0.2466616266536208,0,0,9.040201005025123,19.659557478207127,NAMPT
GO_Biological_Process_2023,Alanine Transport (GO:0032328),1/12,0.1136443487055952,0.2466616266536208,0,0,9.040201005025123,19.659557478207127,SLC38A2
GO_Biological_Process_2023,cAMP Metabolic Process (GO:0046058),1/12,0.1136443487055952,0.2466616266536208,0,0,9.040201005025123,19.659557478207127,EPHA2
GO_Biological_Process_2023,Cellular Response To Leucine Starvation (GO:1990253),1/12,0.1136443487055952,0.2466616266536208,0,0,9.040201005025123,19.659557478207127,ATF4
GO_Biological_Process_2023,Endothelium Development (GO:0003158),1/12,0.1136443487055952,0.2466616266536208,0,0,9.040201005025123,19.659557478207127,KDM6B
GO_Biological_Process_2023,Steroid Catabolic Process (GO:0006706),1/12,0.1136443487055952,0.2466616266536208,0,0,9.040201005025123,19.659557478207127,YWHAH
GO_Biological_Process_2023,Gamma-Delta T Cell Activation (GO:0046629),1/12,0.1136443487055952,0.2466616266536208,0,0,9.040201005025123,19.659557478207127,CXADR
GO_Biological_Process_2023,Macrophage Migration (GO:1905517),1/12,0.1136443487055952,0.2466616266536208,0,0,9.040201005025123,19.659557478207127,KLF5
GO_Biological_Process_2023,"Mitochondrial Electron Transport, Ubiquinol To Cytochrome C (GO:0006122)",1/12,0.1136443487055952,0.2466616266536208,0,0,9.040201005025123,19.659557478207127,CYCS
GO_Biological_Process_2023,Morphogenesis Of A Polarized Epithelium (GO:0001738),1/12,0.1136443487055952,0.2466616266536208,0,0,9.040201005025123,19.659557478207127,RAB10
GO_Biological_Process_2023,Negative Regulation By Host Of Viral Process (GO:0044793),1/12,0.1136443487055952,0.2466616266536208,0,0,9.040201005025123,19.659557478207127,ZC3H12A
GO_Biological_Process_2023,Negative Regulation Of JUN Kinase Activity (GO:0043508),1/12,0.1136443487055952,0.2466616266536208,0,0,9.040201005025123,19.659557478207127,DNAJA1
GO_Biological_Process_2023,Negative Regulation Of Epidermal Growth Factor-Activated Receptor Activity (GO:0007175),1/12,0.1136443487055952,0.2466616266536208,0,0,9.040201005025123,19.659557478207127,ERRFI1
GO_Biological_Process_2023,Negative Regulation Of Hippo Signaling (GO:0035331),1/12,0.1136443487055952,0.2466616266536208,0,0,9.040201005025123,19.659557478207127,MAP2K3
GO_Biological_Process_2023,Negative Regulation Of Macrophage Derived Foam Cell Differentiation (GO:0010745),1/12,0.1136443487055952,0.2466616266536208,0,0,9.040201005025123,19.659557478207127,NFKBIA
GO_Biological_Process_2023,Negative Regulation Of Mitochondrial Membrane Permeability (GO:0035795),1/12,0.1136443487055952,0.2466616266536208,0,0,9.040201005025123,19.659557478207127,SLC25A5
GO_Biological_Process_2023,Negative Regulation Of Substrate Adhesion-Dependent Cell Spreading (GO:1900025),1/12,0.1136443487055952,0.2466616266536208,0,0,9.040201005025123,19.659557478207127,TACSTD2
GO_Biological_Process_2023,Neutrophil Mediated Immunity (GO:0002446),1/12,0.1136443487055952,0.2466616266536208,0,0,9.040201005025123,19.659557478207127,VAMP8
GO_Biological_Process_2023,Nucleotide Metabolic Process (GO:0009117),1/12,0.1136443487055952,0.2466616266536208,0,0,9.040201005025123,19.659557478207127,PNP
GO_Biological_Process_2023,Positive Regulation Of ERAD Pathway (GO:1904294),1/12,0.1136443487055952,0.2466616266536208,0,0,9.040201005025123,19.659557478207127,NFE2L2
GO_Biological_Process_2023,Positive Regulation Of T-helper Cell Differentiation (GO:0045624),1/12,0.1136443487055952,0.2466616266536208,0,0,9.040201005025123,19.659557478207127,NFKBIZ
GO_Biological_Process_2023,Positive Regulation Of mRNA Metabolic Process (GO:1903313),1/12,0.1136443487055952,0.2466616266536208,0,0,9.040201005025123,19.659557478207127,ZC3H12A
GO_Biological_Process_2023,Positive Regulation Of Protein Export From Nucleus (GO:0046827),1/12,0.1136443487055952,0.2466616266536208,0,0,9.040201005025123,19.659557478207127,BAG3
GO_Biological_Process_2023,Positive Regulation Of Ruffle Assembly (GO:1900029),1/12,0.1136443487055952,0.2466616266536208,0,0,9.040201005025123,19.659557478207127,PFN1
GO_Biological_Process_2023,mRNA Transport (GO:0051028),2/58,0.1144651666427582,0.2474467573012567,0,0,3.561327561327561,7.719123085387519,RBM8A;EIF4A3
GO_Biological_Process_2023,Memory (GO:0007613),2/58,0.1144651666427582,0.2474467573012567,0,0,3.561327561327561,7.719123085387519,PLK2;SGK1
GO_Biological_Process_2023,Positive Regulation Of Mitochondrion Organization (GO:0010822),2/58,0.1144651666427582,0.2474467573012567,0,0,3.561327561327561,7.719123085387519,PMAIP1;BBC3
GO_Biological_Process_2023,Regulation Of Protein Binding (GO:0043393),3/118,0.1147922031202581,0.2478224198203703,0,0,2.606709335687486,5.642565698444747,PPP2CA;CDKN1A;CTNNBIP1
GO_Biological_Process_2023,Negative Regulation Of Macromolecule Metabolic Process (GO:0010605),4/186,0.1166797006411275,0.2515614345822711,0,0,2.1998205875756898,4.725924503393204,FBXW7;TIPARP;ZC3H12A;REL
GO_Biological_Process_2023,Microtubule Cytoskeleton Organization Involved In Mitosis (GO:1902850),2/59,0.1177356082636544,0.2518233843417054,0,0,3.4986709197235517,7.484754897547597,PLK2;STMN1
GO_Biological_Process_2023,Mitotic Cytokinesis (GO:0000281),2/59,0.1177356082636544,0.2518233843417054,0,0,3.4986709197235517,7.484754897547597,CFL1;STMN1
GO_Biological_Process_2023,Negative Regulation Of Protein-Containing Complex Assembly (GO:0031333),2/59,0.1177356082636544,0.2518233843417054,0,0,3.4986709197235517,7.484754897547597,HSPA8;CSNK1A1
GO_Biological_Process_2023,Positive Regulation Of Proteolysis (GO:0045862),2/59,0.1177356082636544,0.2518233843417054,0,0,3.4986709197235517,7.484754897547597,PERP;ZC3H12A
GO_Biological_Process_2023,Protein Targeting To Mitochondrion (GO:0006626),2/59,0.1177356082636544,0.2518233843417054,0,0,3.4986709197235517,7.484754897547597,HSP90AA1;HSPD1
GO_Biological_Process_2023,protein-DNA Complex Assembly (GO:0065004),2/59,0.1177356082636544,0.2518233843417054,0,0,3.4986709197235517,7.484754897547597,BRD2;BAZ1A
GO_Biological_Process_2023,Axonogenesis (GO:0007409),4/188,0.1200393587238524,0.2530062130161038,0,0,2.175687666370896,4.612317739750818,VASP;EFNA1;RAB10;HSP90AA1
GO_Biological_Process_2023,Cellular Component Assembly (GO:0022607),5/260,0.1202706977517955,0.2530062130161038,0,0,1.9653092006033184,4.162545055139519,ARL6IP1;KRT14;PKP1;EZR;YWHAZ
GO_Biological_Process_2023,ATP Transport (GO:0015867),1/13,0.1225132126107664,0.2530062130161038,0,0,8.28643216080402,17.397665920944878,SLC25A5
GO_Biological_Process_2023,GTP Metabolic Process (GO:0046039),1/13,0.1225132126107664,0.2530062130161038,0,0,8.28643216080402,17.397665920944878,EFNA1
GO_Biological_Process_2023,Regulation Of Lamellipodium Organization (GO:1902743),1/13,0.1225132126107664,0.2530062130161038,0,0,8.28643216080402,17.397665920944878,EPHA2
GO_Biological_Process_2023,Antigen Processing And Presentation Of Endogenous Peptide Antigen Via MHC Class I Via ER Pathway (GO:0002484),1/13,0.1225132126107664,0.2530062130161038,0,0,8.28643216080402,17.397665920944878,HLA-E
GO_Biological_Process_2023,"Antigen Processing And Presentation Of Endogenous Peptide Antigen Via MHC Class I Via ER Pathway, TAP-independent (GO:0002486)",1/13,0.1225132126107664,0.2530062130161038,0,0,8.28643216080402,17.397665920944878,HLA-E
GO_Biological_Process_2023,Antigen Processing And Presentation Of Endogenous Peptide Antigen Via MHC Class Ib (GO:0002476),1/13,0.1225132126107664,0.2530062130161038,0,0,8.28643216080402,17.397665920944878,HLA-E
GO_Biological_Process_2023,Antigen Processing And Presentation Of Peptide Antigen Via MHC Class Ib (GO:0002428),1/13,0.1225132126107664,0.2530062130161038,0,0,8.28643216080402,17.397665920944878,HLA-E
GO_Biological_Process_2023,Regulation Of Nitric-Oxide Synthase Biosynthetic Process (GO:0051769),1/13,0.1225132126107664,0.2530062130161038,0,0,8.28643216080402,17.397665920944878,NAMPT
GO_Biological_Process_2023,Cardiocyte Differentiation (GO:0035051),1/13,0.1225132126107664,0.2530062130161038,0,0,8.28643216080402,17.397665920944878,KDM6B
GO_Biological_Process_2023,Regulation Of Response To Stress (GO:0080134),1/13,0.1225132126107664,0.2530062130161038,0,0,8.28643216080402,17.397665920944878,SLC38A2
GO_Biological_Process_2023,Cellular Response To Arsenic-Containing Substance (GO:0071243),1/13,0.1225132126107664,0.2530062130161038,0,0,8.28643216080402,17.397665920944878,ZC3H12A
GO_Biological_Process_2023,Response To Chemokine (GO:1990868),1/13,0.1225132126107664,0.2530062130161038,0,0,8.28643216080402,17.397665920944878,ZC3H12A
GO_Biological_Process_2023,Cytoplasmic Sequestering Of Protein (GO:0051220),1/13,0.1225132126107664,0.2530062130161038,0,0,8.28643216080402,17.397665920944878,NFKBIA
GO_Biological_Process_2023,Cytoplasmic Sequestering Of Transcription Factor (GO:0042994),1/13,0.1225132126107664,0.2530062130161038,0,0,8.28643216080402,17.397665920944878,NFKBIA
GO_Biological_Process_2023,"Endonucleolytic Cleavage Of Tricistronic rRNA Transcript (SSU-rRNA, 5.8S rRNA, LSU-rRNA) (GO:0000479)",1/13,0.1225132126107664,0.2530062130161038,0,0,8.28643216080402,17.397665920944878,RPS21
GO_Biological_Process_2023,Endothelial Cell Differentiation (GO:0045446),1/13,0.1225132126107664,0.2530062130161038,0,0,8.28643216080402,17.397665920944878,KDM6B
GO_Biological_Process_2023,Intraciliary Retrograde Transport (GO:0035721),1/13,0.1225132126107664,0.2530062130161038,0,0,8.28643216080402,17.397665920944878,DYNLL1
GO_Biological_Process_2023,Killing By Host Of Symbiont Cells (GO:0051873),1/13,0.1225132126107664,0.2530062130161038,0,0,8.28643216080402,17.397665920944878,GAPDH
GO_Biological_Process_2023,Membrane Depolarization (GO:0051899),1/13,0.1225132126107664,0.2530062130161038,0,0,8.28643216080402,17.397665920944878,YWHAH
GO_Biological_Process_2023,Membrane Depolarization During Action Potential (GO:0086010),1/13,0.1225132126107664,0.2530062130161038,0,0,8.28643216080402,17.397665920944878,YWHAH
GO_Biological_Process_2023,Negative Regulation Of Secretion (GO:0051048),1/13,0.1225132126107664,0.2530062130161038,0,0,8.28643216080402,17.397665920944878,VAMP8
GO_Biological_Process_2023,Positive Regulation Of T-helper 17 Type Immune Response (GO:2000318),1/13,0.1225132126107664,0.2530062130161038,0,0,8.28643216080402,17.397665920944878,NFKBIZ
GO_Biological_Process_2023,Positive Regulation Of Alpha-Beta T Cell Differentiation (GO:0046638),1/13,0.1225132126107664,0.2530062130161038,0,0,8.28643216080402,17.397665920944878,PNP
GO_Biological_Process_2023,Positive Regulation Of Potassium Ion Transmembrane Transporter Activity (GO:1901018),1/13,0.1225132126107664,0.2530062130161038,0,0,8.28643216080402,17.397665920944878,ATP1B3
GO_Biological_Process_2023,Regulation Of cAMP-dependent Protein Kinase Activity (GO:2000479),1/13,0.1225132126107664,0.2530062130161038,0,0,8.28643216080402,17.397665920944878,ADRB2
GO_Biological_Process_2023,Receptor-Mediated Endocytosis (GO:0006898),3/122,0.123480177679577,0.2546778664641276,0,0,2.5185769739367827,5.26804358631712,CAV2;CLTB;ADRB2
GO_Biological_Process_2023,Positive Regulation Of Epithelial Cell Proliferation (GO:0050679),3/123,0.1256888427302304,0.2589030047067295,0,0,2.49746192893401,5.179600998900278,MYC;CLDN1;AREG
GO_Biological_Process_2023,Cell Junction Organization (GO:0034330),2/62,0.1276839186856092,0.2621012755192614,0,0,3.323232323232323,6.839868307696459,CXADR;CLDN1
GO_Biological_Process_2023,mRNA Export From Nucleus (GO:0006406),2/62,0.1276839186856092,0.2621012755192614,0,0,3.323232323232323,6.839868307696459,RBM8A;EIF4A3
GO_Biological_Process_2023,Negative Regulation Of Growth (GO:0045926),3/124,0.1279117628948558,0.2621012755192614,0,0,2.476695892939548,5.093113606778357,PPP2CA;CDKN1A;BTG1
GO_Biological_Process_2023,Positive Regulation Of Defense Response (GO:0031349),3/124,0.1279117628948558,0.2621012755192614,0,0,2.476695892939548,5.093113606778357,NFKBIA;NFKBIZ;MGST2
GO_Biological_Process_2023,Negative Regulation Of Cell Growth (GO:0030308),3/125,0.1301487308762109,0.2621012755192614,0,0,2.456270283764667,5.008525221038258,PPP2CA;CDKN1A;BTG1
GO_Biological_Process_2023,Regulation Of Endothelial Cell Chemotaxis (GO:2001026),1/14,0.1312937743788508,0.2621012755192614,0,0,7.648627754155393,15.529145947074284,HSPB1
GO_Biological_Process_2023,Regulation Of Establishment Of Protein Localization (GO:0070201),1/14,0.1312937743788508,0.2621012755192614,0,0,7.648627754155393,15.529145947074284,DNAJA1
GO_Biological_Process_2023,"RNA Phosphodiester Bond Hydrolysis, Endonucleolytic (GO:0090502)",1/14,0.1312937743788508,0.2621012755192614,0,0,7.648627754155393,15.529145947074284,ZC3H12A
GO_Biological_Process_2023,Cardiac Cell Development (GO:0055006),1/14,0.1312937743788508,0.2621012755192614,0,0,7.648627754155393,15.529145947074284,CXADR
GO_Biological_Process_2023,Renal Water Homeostasis (GO:0003091),1/14,0.1312937743788508,0.2621012755192614,0,0,7.648627754155393,15.529145947074284,AQP3
GO_Biological_Process_2023,Contractile Actin Filament Bundle Assembly (GO:0030038),1/14,0.1312937743788508,0.2621012755192614,0,0,7.648627754155393,15.529145947074284,PDLIM1
GO_Biological_Process_2023,Endoderm Development (GO:0007492),1/14,0.1312937743788508,0.2621012755192614,0,0,7.648627754155393,15.529145947074284,DUSP2
GO_Biological_Process_2023,Establishment Of Apical/Basal Cell Polarity (GO:0035089),1/14,0.1312937743788508,0.2621012755192614,0,0,7.648627754155393,15.529145947074284,EZR
GO_Biological_Process_2023,Stress Fiber Assembly (GO:0043149),1/14,0.1312937743788508,0.2621012755192614,0,0,7.648627754155393,15.529145947074284,PDLIM1
GO_Biological_Process_2023,Synaptic Vesicle Membrane Organization (GO:0048499),1/14,0.1312937743788508,0.2621012755192614,0,0,7.648627754155393,15.529145947074284,SYNGR2
GO_Biological_Process_2023,Microvillus Assembly (GO:0030033),1/14,0.1312937743788508,0.2621012755192614,0,0,7.648627754155393,15.529145947074284,EZR
GO_Biological_Process_2023,Myotube Cell Development (GO:0014904),1/14,0.1312937743788508,0.2621012755192614,0,0,7.648627754155393,15.529145947074284,CAV2
GO_Biological_Process_2023,Negative Regulation Of Leukocyte Mediated Cytotoxicity (GO:0001911),1/14,0.1312937743788508,0.2621012755192614,0,0,7.648627754155393,15.529145947074284,HLA-E
GO_Biological_Process_2023,Negative Regulation Of Smooth Muscle Cell Migration (GO:0014912),1/14,0.1312937743788508,0.2621012755192614,0,0,7.648627754155393,15.529145947074284,TRIB1
GO_Biological_Process_2023,Positive Regulation Of Endothelial Cell Chemotaxis (GO:2001028),1/14,0.1312937743788508,0.2621012755192614,0,0,7.648627754155393,15.529145947074284,HSPB1
GO_Biological_Process_2023,Positive Regulation Of Histone Acetylation (GO:0035066),1/14,0.1312937743788508,0.2621012755192614,0,0,7.648627754155393,15.529145947074284,DDX21
GO_Biological_Process_2023,"Positive Regulation Of Nuclear-Transcribed mRNA Catabolic Process, Deadenylation-Dependent Decay (GO:1900153)",1/14,0.1312937743788508,0.2621012755192614,0,0,7.648627754155393,15.529145947074284,TOB1
GO_Biological_Process_2023,Positive Regulation Of Transcription From RNA Polymerase II Promoter Involved In Cellular Response To Chemical Stimulus (GO:1901522),1/14,0.1312937743788508,0.2621012755192614,0,0,7.648627754155393,15.529145947074284,NFE2L2
GO_Biological_Process_2023,Positive Regulation Of Transporter Activity (GO:0032411),1/14,0.1312937743788508,0.2621012755192614,0,0,7.648627754155393,15.529145947074284,SGK1
GO_Biological_Process_2023,Regulation Of Branching Involved In Ureteric Bud Morphogenesis (GO:0090189),1/14,0.1312937743788508,0.2621012755192614,0,0,7.648627754155393,15.529145947074284,TACSTD2
GO_Biological_Process_2023,Chromatin Organization (GO:0006325),5/268,0.1318223464178523,0.2628319779995895,0,0,1.904747976991323,3.8595910607285817,KDM6B;BRD2;MYC;DDX21;BAZ1A
GO_Biological_Process_2023,Cellular Response To Virus (GO:0098586),2/64,0.1344225663522014,0.2670286115374812,0,0,3.215705441511893,6.45317143498723,HSP90AA1;ZC3H12A
GO_Biological_Process_2023,Response To Metal Ion (GO:0010038),2/64,0.1344225663522014,0.2670286115374812,0,0,3.215705441511893,6.45317143498723,PPP2CA;AQP3
GO_Biological_Process_2023,Positive Regulation Of Macroautophagy (GO:0016239),2/64,0.1344225663522014,0.2670286115374812,0,0,3.215705441511893,6.45317143498723,BAG3;SLC25A5
GO_Biological_Process_2023,RNA Export From Nucleus (GO:0006405),2/65,0.137821576382599,0.2688347166496769,0,0,3.1645021645021645,6.271395690931595,RBM8A;EIF4A3
GO_Biological_Process_2023,Antimicrobial Humoral Immune Response Mediated By Antimicrobial Peptide (GO:0061844),2/65,0.137821576382599,0.2688347166496769,0,0,3.1645021645021645,6.271395690931595,RPS19;GAPDH
GO_Biological_Process_2023,Cellular Response To Light Stimulus (GO:0071482),2/65,0.137821576382599,0.2688347166496769,0,0,3.1645021645021645,6.271395690931595,MYC;ATF4
GO_Biological_Process_2023,Regulation Of Translational Initiation (GO:0006446),2/65,0.137821576382599,0.2688347166496769,0,0,3.1645021645021645,6.271395690931595,HSPB1;EIF4G2
GO_Biological_Process_2023,Positive Regulation Of DNA Biosynthetic Process (GO:2000573),2/65,0.137821576382599,0.2688347166496769,0,0,3.1645021645021645,6.271395690931595,HSP90AA1;MYC
GO_Biological_Process_2023,DNA-templated Transcription (GO:0006351),4/199,0.1392417886462713,0.2688347166496769,0,0,2.0518053375196232,4.045223210419924,DDX5;DDX21;PTMA;ATF4
GO_Biological_Process_2023,Phosphorylation (GO:0016310),7/429,0.1397750413519761,0.2688347166496769,0,0,1.665471600815264,3.277183437536903,BRD2;CSNK1A1;PLK2;PIM3;SGK1;TRIB1;YWHAZ
GO_Biological_Process_2023,3'-UTR-mediated mRNA Destabilization (GO:0061158),1/15,0.139986908731619,0.2688347166496769,0,0,7.101938262742283,13.963876250165317,ZC3H12A
GO_Biological_Process_2023,Regulation Of Interleukin-13 Production (GO:0032656),1/15,0.139986908731619,0.2688347166496769,0,0,7.101938262742283,13.963876250165317,HLA-E
GO_Biological_Process_2023,Adenylate Cyclase-Activating Adrenergic Receptor Signaling Pathway (GO:0071880),1/15,0.139986908731619,0.2688347166496769,0,0,7.101938262742283,13.963876250165317,ADRB2
GO_Biological_Process_2023,Regulation Of mRNA Metabolic Process (GO:1903311),1/15,0.139986908731619,0.2688347166496769,0,0,7.101938262742283,13.963876250165317,RBM8A
GO_Biological_Process_2023,Alpha-Beta T Cell Activation (GO:0046631),1/15,0.139986908731619,0.2688347166496769,0,0,7.101938262742283,13.963876250165317,HLA-E
GO_Biological_Process_2023,Endosome To Lysosome Transport Via Multivesicular Body Sorting Pathway (GO:0032510),1/15,0.139986908731619,0.2688347166496769,0,0,7.101938262742283,13.963876250165317,CHMP1B
GO_Biological_Process_2023,Gas Transport (GO:0015669),1/15,0.139986908731619,0.2688347166496769,0,0,7.101938262742283,13.963876250165317,CA2
GO_Biological_Process_2023,Vasodilation (GO:0042311),1/15,0.139986908731619,0.2688347166496769,0,0,7.101938262742283,13.963876250165317,ADRB2
GO_Biological_Process_2023,Midbody Abscission (GO:0061952),1/15,0.139986908731619,0.2688347166496769,0,0,7.101938262742283,13.963876250165317,CHMP1B
GO_Biological_Process_2023,Negative Regulation Of DNA Replication (GO:0008156),1/15,0.139986908731619,0.2688347166496769,0,0,7.101938262742283,13.963876250165317,S100A11
GO_Biological_Process_2023,Negative Regulation Of Cell-Substrate Junction Organization (GO:0150118),1/15,0.139986908731619,0.2688347166496769,0,0,7.101938262742283,13.963876250165317,DYNLL1
GO_Biological_Process_2023,Negative Regulation Of Focal Adhesion Assembly (GO:0051895),1/15,0.139986908731619,0.2688347166496769,0,0,7.101938262742283,13.963876250165317,DYNLL1
GO_Biological_Process_2023,Negative Regulation Of Immune Effector Process (GO:0002698),1/15,0.139986908731619,0.2688347166496769,0,0,7.101938262742283,13.963876250165317,RPS19
GO_Biological_Process_2023,Negative Regulation Of Macrophage Activation (GO:0043031),1/15,0.139986908731619,0.2688347166496769,0,0,7.101938262742283,13.963876250165317,ZC3H12A
GO_Biological_Process_2023,Negative Regulation Of Synaptic Transmission (GO:0050805),1/15,0.139986908731619,0.2688347166496769,0,0,7.101938262742283,13.963876250165317,PLK2
GO_Biological_Process_2023,Positive Regulation Of Glucose Metabolic Process (GO:0010907),1/15,0.139986908731619,0.2688347166496769,0,0,7.101938262742283,13.963876250165317,PMAIP1
GO_Biological_Process_2023,Positive Regulation Of Transcription By RNA Polymerase III (GO:0045945),1/15,0.139986908731619,0.2688347166496769,0,0,7.101938262742283,13.963876250165317,DDX21
GO_Biological_Process_2023,Protein Localization To Cell-Cell Junction (GO:0150105),1/15,0.139986908731619,0.2688347166496769,0,0,7.101938262742283,13.963876250165317,DSP
GO_Biological_Process_2023,Regulation Of Rac Protein Signal Transduction (GO:0035020),1/15,0.139986908731619,0.2688347166496769,0,0,7.101938262742283,13.963876250165317,ARF6
GO_Biological_Process_2023,Regulation Of Amyloid Fibril Formation (GO:1905906),1/15,0.139986908731619,0.2688347166496769,0,0,7.101938262742283,13.963876250165317,PFDN2
GO_Biological_Process_2023,Regulation Of Bicellular Tight Junction Assembly (GO:2000810),1/15,0.139986908731619,0.2688347166496769,0,0,7.101938262742283,13.963876250165317,EPHA2
GO_Biological_Process_2023,Regulation Of Cell Cycle Process (GO:0010564),3/130,0.1415370182821212,0.2714891560642824,0,0,2.3589671849394462,4.612238445645575,CAV2;MYC;KLHL21
GO_Biological_Process_2023,Extrinsic Apoptotic Signaling Pathway (GO:0097191),2/67,0.1446753520694938,0.2771801472705823,0,0,3.0668220668220667,5.928973623253177,BAG3;MCL1
GO_Biological_Process_2023,Negative Regulation Of Cell Motility (GO:2000146),3/133,0.1485252637790944,0.2774545728506866,0,0,2.304178055447091,4.394068032736382,TACSTD2;SPINT2;DYNLL1
GO_Biological_Process_2023,"Alternative mRNA Splicing, Via Spliceosome (GO:0000380)",1/16,0.1485934818111902,0.2774545728506866,0,0,6.628140703517588,12.636822082241835,DDX5
GO_Biological_Process_2023,Regulation Of Protein Kinase A Signaling (GO:0010738),1/16,0.1485934818111902,0.2774545728506866,0,0,6.628140703517588,12.636822082241835,ADRB2
GO_Biological_Process_2023,Cell Surface Toll-Like Receptor Signaling Pathway (GO:0140895),1/16,0.1485934818111902,0.2774545728506866,0,0,6.628140703517588,12.636822082241835,S100A14
GO_Biological_Process_2023,Regulation Of Secretion (GO:0051046),1/16,0.1485934818111902,0.2774545728506866,0,0,6.628140703517588,12.636822082241835,SGK1
GO_Biological_Process_2023,Cellular Response To Fatty Acid (GO:0071398),1/16,0.1485934818111902,0.2774545728506866,0,0,6.628140703517588,12.636822082241835,ZC3H12A
GO_Biological_Process_2023,Regulation Of Triglyceride Biosynthetic Process (GO:0010866),1/16,0.1485934818111902,0.2774545728506866,0,0,6.628140703517588,12.636822082241835,FBXW7
GO_Biological_Process_2023,Ruffle Organization (GO:0031529),1/16,0.1485934818111902,0.2774545728506866,0,0,6.628140703517588,12.636822082241835,ARF6
GO_Biological_Process_2023,Endoplasmic Reticulum Tubular Network Organization (GO:0071786),1/16,0.1485934818111902,0.2774545728506866,0,0,6.628140703517588,12.636822082241835,RAB10
GO_Biological_Process_2023,Establishment Of Protein Localization To Endoplasmic Reticulum (GO:0072599),1/16,0.1485934818111902,0.2774545728506866,0,0,6.628140703517588,12.636822082241835,RAB10
GO_Biological_Process_2023,Extrinsic Apoptotic Signaling Pathway In Absence Of Ligand (GO:0097192),1/16,0.1485934818111902,0.2774545728506866,0,0,6.628140703517588,12.636822082241835,MCL1
GO_Biological_Process_2023,Late Endosome To Lysosome Transport (GO:1902774),1/16,0.1485934818111902,0.2774545728506866,0,0,6.628140703517588,12.636822082241835,CHMP1B
GO_Biological_Process_2023,Mitophagy (GO:0000423),1/16,0.1485934818111902,0.2774545728506866,0,0,6.628140703517588,12.636822082241835,MAP1LC3B
GO_Biological_Process_2023,Negative Regulation Of Anoikis (GO:2000811),1/16,0.1485934818111902,0.2774545728506866,0,0,6.628140703517588,12.636822082241835,MCL1
GO_Biological_Process_2023,Negative Regulation Of Inflammatory Response To Antigenic Stimulus (GO:0002862),1/16,0.1485934818111902,0.2774545728506866,0,0,6.628140703517588,12.636822082241835,PLK2
GO_Biological_Process_2023,Negative Regulation Of Natural Killer Cell Mediated Cytotoxicity (GO:0045953),1/16,0.1485934818111902,0.2774545728506866,0,0,6.628140703517588,12.636822082241835,HLA-E
GO_Biological_Process_2023,Negative Regulation Of Receptor Signaling Pathway Via JAK-STAT (GO:0046426),1/16,0.1485934818111902,0.2774545728506866,0,0,6.628140703517588,12.636822082241835,PPP2CA
GO_Biological_Process_2023,Negative Regulation Of Viral-Induced Cytoplasmic Pattern Recognition Receptor Signaling Pathway (GO:0039532),1/16,0.1485934818111902,0.2774545728506866,0,0,6.628140703517588,12.636822082241835,TNFAIP3
GO_Biological_Process_2023,Nuclear Migration (GO:0007097),1/16,0.1485934818111902,0.2774545728506866,0,0,6.628140703517588,12.636822082241835,SYNE2
GO_Biological_Process_2023,Positive Regulation Of Smooth Muscle Cell Migration (GO:0014911),1/16,0.1485934818111902,0.2774545728506866,0,0,6.628140703517588,12.636822082241835,S100A11
GO_Biological_Process_2023,Protein Kinase A Signaling (GO:0010737),1/16,0.1485934818111902,0.2774545728506866,0,0,6.628140703517588,12.636822082241835,EZR
GO_Biological_Process_2023,Protein Localization To Mitochondrion (GO:0070585),1/16,0.1485934818111902,0.2774545728506866,0,0,6.628140703517588,12.636822082241835,DNAJA1
GO_Biological_Process_2023,Regulation Of Monoatomic Ion Transmembrane Transporter Activity (GO:0032412),2/69,0.1515987898971927,0.282739611607567,0,0,2.974973616764661,5.612340646899519,FXYD3;YWHAH
GO_Biological_Process_2023,Negative Regulation Of Cell Differentiation (GO:0045596),4/207,0.1539305700130572,0.282910808327208,0,0,1.9701417512817936,3.686634888531132,PPP2CA;EFNA1;NFKBIA;HOPX
GO_Biological_Process_2023,Negative Regulation Of Epithelial Cell Proliferation (GO:0050680),2/70,0.1550849226995339,0.282910808327208,0,0,2.931075460487225,5.462886925837976,FBXW7;CAV2
GO_Biological_Process_2023,Negative Regulation Of Extrinsic Apoptotic Signaling Pathway (GO:2001237),2/70,0.1550849226995339,0.282910808327208,0,0,2.931075460487225,5.462886925837976,TNFAIP3;MCL1
GO_Biological_Process_2023,Protein K48-linked Ubiquitination (GO:0070936),2/70,0.1550849226995339,0.282910808327208,0,0,2.931075460487225,5.462886925837976,PELI1;TNFAIP3
GO_Biological_Process_2023,Regulation Of Actin Filament-Based Process (GO:0032970),2/70,0.1550849226995339,0.282910808327208,0,0,2.931075460487225,5.462886925837976,DYNLL1;EZR
GO_Biological_Process_2023,NAD Biosynthetic Process (GO:0009435),1/17,0.157114351192228,0.282910808327208,0,0,6.21356783919598,11.499955704952034,NAMPT
GO_Biological_Process_2023,NLS-bearing Protein Import Into Nucleus (GO:0006607),1/17,0.157114351192228,0.282910808327208,0,0,6.21356783919598,11.499955704952034,KPNA2
GO_Biological_Process_2023,Regulation Of Inflammatory Response To Antigenic Stimulus (GO:0002861),1/17,0.157114351192228,0.282910808327208,0,0,6.21356783919598,11.499955704952034,PLK2
GO_Biological_Process_2023,Androgen Receptor Signaling Pathway (GO:0030521),1/17,0.157114351192228,0.282910808327208,0,0,6.21356783919598,11.499955704952034,DDX5
GO_Biological_Process_2023,Regulation Of Ubiquitin Protein Ligase Activity (GO:1904666),1/17,0.157114351192228,0.282910808327208,0,0,6.21356783919598,11.499955704952034,RPS7
GO_Biological_Process_2023,Central Nervous System Neuron Development (GO:0021954),1/17,0.157114351192228,0.282910808327208,0,0,6.21356783919598,11.499955704952034,HSP90AA1
GO_Biological_Process_2023,Ribosomal Small Subunit Assembly (GO:0000028),1/17,0.157114351192228,0.282910808327208,0,0,6.21356783919598,11.499955704952034,RPS19
GO_Biological_Process_2023,Filopodium Assembly (GO:0046847),1/17,0.157114351192228,0.282910808327208,0,0,6.21356783919598,11.499955704952034,EZR
GO_Biological_Process_2023,Toll-Like Receptor 4 Signaling Pathway (GO:0034142),1/17,0.157114351192228,0.282910808327208,0,0,6.21356783919598,11.499955704952034,S100A14
GO_Biological_Process_2023,Transepithelial Transport (GO:0070633),1/17,0.157114351192228,0.282910808327208,0,0,6.21356783919598,11.499955704952034,CXADR
GO_Biological_Process_2023,Intracellular Estrogen Receptor Signaling Pathway (GO:0030520),1/17,0.157114351192228,0.282910808327208,0,0,6.21356783919598,11.499955704952034,DDX5
GO_Biological_Process_2023,Membrane Lipid Metabolic Process (GO:0006643),1/17,0.157114351192228,0.282910808327208,0,0,6.21356783919598,11.499955704952034,MGST2
GO_Biological_Process_2023,Microtubule Depolymerization (GO:0007019),1/17,0.157114351192228,0.282910808327208,0,0,6.21356783919598,11.499955704952034,STMN1
GO_Biological_Process_2023,Motile Cilium Assembly (GO:0044458),1/17,0.157114351192228,0.282910808327208,0,0,6.21356783919598,11.499955704952034,DYNLL1
GO_Biological_Process_2023,Negative Regulation Of Fibroblast Proliferation (GO:0048147),1/17,0.157114351192228,0.282910808327208,0,0,6.21356783919598,11.499955704952034,MYC
GO_Biological_Process_2023,Negative Regulation Of Leukocyte Activation (GO:0002695),1/17,0.157114351192228,0.282910808327208,0,0,6.21356783919598,11.499955704952034,ZC3H12A
GO_Biological_Process_2023,Negative Regulation Of Ubiquitin-Protein Transferase Activity (GO:0051444),1/17,0.157114351192228,0.282910808327208,0,0,6.21356783919598,11.499955704952034,RPS7
GO_Biological_Process_2023,Negative Regulation Of Vascular Associated Smooth Muscle Cell Proliferation (GO:1904706),1/17,0.157114351192228,0.282910808327208,0,0,6.21356783919598,11.499955704952034,CDKN1A
GO_Biological_Process_2023,Peptidyl-Threonine Dephosphorylation (GO:0035970),1/17,0.157114351192228,0.282910808327208,0,0,6.21356783919598,11.499955704952034,PPP2CA
GO_Biological_Process_2023,Positive Regulation Of Alpha-Beta T Cell Proliferation (GO:0046641),1/17,0.157114351192228,0.282910808327208,0,0,6.21356783919598,11.499955704952034,HLA-E
GO_Biological_Process_2023,Positive Regulation Of Amyloid-Beta Formation (GO:1902004),1/17,0.157114351192228,0.282910808327208,0,0,6.21356783919598,11.499955704952034,EFNA1
GO_Biological_Process_2023,Positive Regulation Of Macrophage Activation (GO:0043032),1/17,0.157114351192228,0.282910808327208,0,0,6.21356783919598,11.499955704952034,HSPD1
GO_Biological_Process_2023,Positive Regulation Of Peptidyl-Lysine Acetylation (GO:2000758),1/17,0.157114351192228,0.282910808327208,0,0,6.21356783919598,11.499955704952034,DDX21
GO_Biological_Process_2023,Positive Regulation Of Potassium Ion Transmembrane Transport (GO:1901381),1/17,0.157114351192228,0.282910808327208,0,0,6.21356783919598,11.499955704952034,ATP1B3
GO_Biological_Process_2023,Positive Regulation Of Stem Cell Differentiation (GO:2000738),1/17,0.157114351192228,0.282910808327208,0,0,6.21356783919598,11.499955704952034,TACSTD2
GO_Biological_Process_2023,Purine-Containing Compound Biosynthetic Process (GO:0072522),1/17,0.157114351192228,0.282910808327208,0,0,6.21356783919598,11.499955704952034,PNP
GO_Biological_Process_2023,Response To Ionizing Radiation (GO:0010212),2/72,0.1621027002960182,0.2886084559520682,0,0,2.8470418470418477,5.180264363849609,CDKN1A;MYC
GO_Biological_Process_2023,Ubiquitin-Dependent Protein Catabolic Process (GO:0006511),6/367,0.1629340909056975,0.2886084559520682,0,0,1.6653910957534912,3.021701442368815,CSNK1A1;FBXW7;CHMP1B;PELI1;TNFAIP3;NFE2L2
GO_Biological_Process_2023,Regulation Of Defense Response To Virus (GO:0050688),1/18,0.1655503660358053,0.2886084559520682,0,0,5.847768253029855,10.51709310132786,TNFAIP3
GO_Biological_Process_2023,Regulation Of Epithelial Cell Differentiation (GO:0030856),1/18,0.1655503660358053,0.2886084559520682,0,0,5.847768253029855,10.51709310132786,MAFF
GO_Biological_Process_2023,Adrenergic Receptor Signaling Pathway (GO:0071875),1/18,0.1655503660358053,0.2886084559520682,0,0,5.847768253029855,10.51709310132786,ADRB2
GO_Biological_Process_2023,Regulation Of Mitochondrial Outer Membrane Permeabilization Involved In Apoptotic Signaling Pathway (GO:1901028),1/18,0.1655503660358053,0.2886084559520682,0,0,5.847768253029855,10.51709310132786,SLC25A5
GO_Biological_Process_2023,Branching Involved In Ureteric Bud Morphogenesis (GO:0001658),1/18,0.1655503660358053,0.2886084559520682,0,0,5.847768253029855,10.51709310132786,MYC
GO_Biological_Process_2023,Cell Junction Maintenance (GO:0034331),1/18,0.1655503660358053,0.2886084559520682,0,0,5.847768253029855,10.51709310132786,CLDN1
GO_Biological_Process_2023,Detection Of Mechanical Stimulus (GO:0050982),1/18,0.1655503660358053,0.2886084559520682,0,0,5.847768253029855,10.51709310132786,JUP
GO_Biological_Process_2023,Ureteric Bud Morphogenesis (GO:0060675),1/18,0.1655503660358053,0.2886084559520682,0,0,5.847768253029855,10.51709310132786,MYC
GO_Biological_Process_2023,Icosanoid Biosynthetic Process (GO:0046456),1/18,0.1655503660358053,0.2886084559520682,0,0,5.847768253029855,10.51709310132786,MGST2
GO_Biological_Process_2023,Membrane Repolarization (GO:0086009),1/18,0.1655503660358053,0.2886084559520682,0,0,5.847768253029855,10.51709310132786,ATP1B3
GO_Biological_Process_2023,Mitochondrial Fusion (GO:0008053),1/18,0.1655503660358053,0.2886084559520682,0,0,5.847768253029855,10.51709310132786,MCL1
GO_Biological_Process_2023,Mitotic Cytokinetic Process (GO:1902410),1/18,0.1655503660358053,0.2886084559520682,0,0,5.847768253029855,10.51709310132786,CHMP1B
GO_Biological_Process_2023,Negative Regulation Of ERBB Signaling Pathway (GO:1901185),1/18,0.1655503660358053,0.2886084559520682,0,0,5.847768253029855,10.51709310132786,ERRFI1
GO_Biological_Process_2023,Negative Regulation Of T Cell Receptor Signaling Pathway (GO:0050860),1/18,0.1655503660358053,0.2886084559520682,0,0,5.847768253029855,10.51709310132786,EZR
GO_Biological_Process_2023,Negative Regulation Of Peptide Hormone Secretion (GO:0090278),1/18,0.1655503660358053,0.2886084559520682,0,0,5.847768253029855,10.51709310132786,MIDN
GO_Biological_Process_2023,Nucleosome Disassembly (GO:0006337),1/18,0.1655503660358053,0.2886084559520682,0,0,5.847768253029855,10.51709310132786,HMGA1
GO_Biological_Process_2023,Positive Regulation Of DNA Replication (GO:0045740),1/18,0.1655503660358053,0.2886084559520682,0,0,5.847768253029855,10.51709310132786,BAZ1A
GO_Biological_Process_2023,Positive Regulation Of NLRP3 Inflammasome Complex Assembly (GO:1900227),1/18,0.1655503660358053,0.2886084559520682,0,0,5.847768253029855,10.51709310132786,PPP2CA
GO_Biological_Process_2023,Positive Regulation Of Epidermal Cell Differentiation (GO:0045606),1/18,0.1655503660358053,0.2886084559520682,0,0,5.847768253029855,10.51709310132786,SFN
GO_Biological_Process_2023,Positive Regulation Of Interleukin-4 Production (GO:0032753),1/18,0.1655503660358053,0.2886084559520682,0,0,5.847768253029855,10.51709310132786,HLA-E
GO_Biological_Process_2023,Positive Regulation Of Monocyte Chemotaxis (GO:0090026),1/18,0.1655503660358053,0.2886084559520682,0,0,5.847768253029855,10.51709310132786,S100A14
GO_Biological_Process_2023,Positive Regulation Of Natural Killer Cell Activation (GO:0032816),1/18,0.1655503660358053,0.2886084559520682,0,0,5.847768253029855,10.51709310132786,HLA-E
GO_Biological_Process_2023,Positive Regulation Of Response To Endoplasmic Reticulum Stress (GO:1905898),1/18,0.1655503660358053,0.2886084559520682,0,0,5.847768253029855,10.51709310132786,PMAIP1
GO_Biological_Process_2023,Positive Regulation Of Triglyceride Metabolic Process (GO:0090208),1/18,0.1655503660358053,0.2886084559520682,0,0,5.847768253029855,10.51709310132786,ABHD5
GO_Biological_Process_2023,Regulation Of Cell Cycle G2/M Phase Transition (GO:1902749),1/18,0.1655503660358053,0.2886084559520682,0,0,5.847768253029855,10.51709310132786,CDKN1A
GO_Biological_Process_2023,Cellular Response To Reactive Oxygen Species (GO:0034614),2/73,0.1656330532612982,0.2886084559520682,0,0,2.806800398349694,5.046572271238703,TNFAIP3;NFE2L2
GO_Biological_Process_2023,Protein Tetramerization (GO:0051262),2/73,0.1656330532612982,0.2886084559520682,0,0,2.806800398349694,5.046572271238703,KRT1;KRT10
GO_Biological_Process_2023,Regulation Of Rho Protein Signal Transduction (GO:0035023),2/73,0.1656330532612982,0.2886084559520682,0,0,2.806800398349694,5.046572271238703,STMN1;DYNLL1
GO_Biological_Process_2023,Regulation Of Nucleic Acid-Templated Transcription (GO:1903506),7/452,0.1683440746847619,0.2930165433425833,0,0,1.5775164464108984,2.810732562025247,PPP2CA;HINT1;BTG1;HMGA1;ACTN4;BAZ1A;ATF4
GO_Biological_Process_2023,Positive Regulation Of Lymphocyte Proliferation (GO:0050671),2/74,0.1691768732048807,0.2941494666368733,0,0,2.767676767676768,4.917637208774679,PNP;HLA-E
GO_Biological_Process_2023,Regulation Of Plasma Membrane Bounded Cell Projection Assembly (GO:0120032),2/75,0.1727335422229741,0.2956888829504989,0,0,2.72962501729625,4.793235424721277,ARF6;EPHA2
GO_Biological_Process_2023,Regulation Of Centriole Replication (GO:0046599),1/19,0.1739023671527052,0.2956888829504989,0,0,5.522613065326633,9.66049300943,PLK2
GO_Biological_Process_2023,Regulation Of Early Endosome To Late Endosome Transport (GO:2000641),1/19,0.1739023671527052,0.2956888829504989,0,0,5.522613065326633,9.66049300943,EZR
GO_Biological_Process_2023,Regulation Of Granulocyte Chemotaxis (GO:0071622),1/19,0.1739023671527052,0.2956888829504989,0,0,5.522613065326633,9.66049300943,S100A14
GO_Biological_Process_2023,RNA-templated DNA Biosynthetic Process (GO:0006278),1/19,0.1739023671527052,0.2956888829504989,0,0,5.522613065326633,9.66049300943,HSP90AA1
GO_Biological_Process_2023,Atrioventricular Valve Morphogenesis (GO:0003181),1/19,0.1739023671527052,0.2956888829504989,0,0,5.522613065326633,9.66049300943,EFNA1
GO_Biological_Process_2023,Regulation Of Nuclear Division (GO:0051783),1/19,0.1739023671527052,0.2956888829504989,0,0,5.522613065326633,9.66049300943,CAV2
GO_Biological_Process_2023,Calcium-Independent Cell-Cell Adhesion Via Plasma Membrane Cell-Adhesion Molecules (GO:0016338),1/19,0.1739023671527052,0.2956888829504989,0,0,5.522613065326633,9.66049300943,CLDN4
GO_Biological_Process_2023,Regulation Of Protein-Containing Complex Disassembly (GO:0043244),1/19,0.1739023671527052,0.2956888829504989,0,0,5.522613065326633,9.66049300943,ETF1
GO_Biological_Process_2023,Epithelial Structure Maintenance (GO:0010669),1/19,0.1739023671527052,0.2956888829504989,0,0,5.522613065326633,9.66049300943,CXADR
GO_Biological_Process_2023,Establishment Of Epithelial Cell Polarity (GO:0090162),1/19,0.1739023671527052,0.2956888829504989,0,0,5.522613065326633,9.66049300943,EZR
GO_Biological_Process_2023,Fluid Transport (GO:0042044),1/19,0.1739023671527052,0.2956888829504989,0,0,5.522613065326633,9.66049300943,AQP3
GO_Biological_Process_2023,Telomere Maintenance Via Telomerase (GO:0007004),1/19,0.1739023671527052,0.2956888829504989,0,0,5.522613065326633,9.66049300943,HSP90AA1
GO_Biological_Process_2023,Water Transport (GO:0006833),1/19,0.1739023671527052,0.2956888829504989,0,0,5.522613065326633,9.66049300943,AQP3
GO_Biological_Process_2023,Leukotriene Biosynthetic Process (GO:0019370),1/19,0.1739023671527052,0.2956888829504989,0,0,5.522613065326633,9.66049300943,MGST2
GO_Biological_Process_2023,Multicellular Organismal-Level Water Homeostasis (GO:0050891),1/19,0.1739023671527052,0.2956888829504989,0,0,5.522613065326633,9.66049300943,AQP3
GO_Biological_Process_2023,Negative Regulation Of Cyclin-Dependent Protein Serine/Threonine Kinase Activity (GO:0045736),1/19,0.1739023671527052,0.2956888829504989,0,0,5.522613065326633,9.66049300943,CDKN1A
GO_Biological_Process_2023,Neuron Apoptotic Process (GO:0051402),1/19,0.1739023671527052,0.2956888829504989,0,0,5.522613065326633,9.66049300943,GAPDH
GO_Biological_Process_2023,Nucleotide Biosynthetic Process (GO:0009165),1/19,0.1739023671527052,0.2956888829504989,0,0,5.522613065326633,9.66049300943,PNP
GO_Biological_Process_2023,Positive Regulation Of Hormone Secretion (GO:0046887),1/19,0.1739023671527052,0.2956888829504989,0,0,5.522613065326633,9.66049300943,VAMP8
GO_Biological_Process_2023,Regulation Of Autophagy Of Mitochondrion (GO:1903146),1/19,0.1739023671527052,0.2956888829504989,0,0,5.522613065326633,9.66049300943,FBXW7
GO_Biological_Process_2023,Ras Protein Signal Transduction (GO:0007265),3/144,0.1750440509507228,0.2970054883392643,0,0,2.1232314504806133,3.700192853755635,CDKN1A;PLK2;CFL1
GO_Biological_Process_2023,Regulation Of Cell Adhesion (GO:0030155),3/144,0.1750440509507228,0.2970054883392643,0,0,2.1232314504806133,3.700192853755635,EFNA1;PPP2CA;EPHA2
GO_Biological_Process_2023,Wnt Signaling Pathway (GO:0016055),2/76,0.1763024531867548,0.2985142060764215,0,0,2.6926016926016927,4.673156378016087,JUP;CSNK1A1
GO_Biological_Process_2023,Regulation Of Ras Protein Signal Transduction (GO:0046578),2/76,0.1763024531867548,0.2985142060764215,0,0,2.6926016926016927,4.673156378016087,DYNLL1;ARF6
GO_Biological_Process_2023,Positive Regulation Of Protein Phosphorylation (GO:0001934),6/377,0.1773853760827929,0.2987533563001729,0,0,1.6196682135215494,2.8011038467802964,MAP2K3;EFNA1;CDKN1A;HSP90AA1;TXN;PPIA
GO_Biological_Process_2023,Regulation Of Intracellular Signal Transduction (GO:1902531),5/297,0.1775525042680905,0.2987533563001729,0,0,1.7130312609764664,2.9609555458398797,NFKBIA;HSPB1;EZR;SGK1;DYNLL1
GO_Biological_Process_2023,Negative Regulation Of Response To External Stimulus (GO:0032102),3/146,0.1800025240475294,0.2987533563001729,0,0,2.093322920734088,3.589597500577494,TNFAIP3;TRIB1;YWHAZ
GO_Biological_Process_2023,Positive Regulation Of Cellular Catabolic Process (GO:0031331),3/146,0.1800025240475294,0.2987533563001729,0,0,2.093322920734088,3.589597500577494,PLK2;ZC3H12A;ABHD5
GO_Biological_Process_2023,DNA Unwinding Involved In DNA Replication (GO:0006268),1/20,0.182171186958547,0.2987533563001729,0,0,5.231684739486909,8.908556962758436,HMGA1
GO_Biological_Process_2023,Actin Filament-Based Transport (GO:0099515),1/20,0.182171186958547,0.2987533563001729,0,0,5.231684739486909,8.908556962758436,SYNE2
GO_Biological_Process_2023,Activation Of Adenylate Cyclase Activity (GO:0007190),1/20,0.182171186958547,0.2987533563001729,0,0,5.231684739486909,8.908556962758436,ADRB2
GO_Biological_Process_2023,Adenine Nucleotide Transport (GO:0051503),1/20,0.182171186958547,0.2987533563001729,0,0,5.231684739486909,8.908556962758436,SLC25A5
GO_Biological_Process_2023,Ameboidal-Type Cell Migration (GO:0001667),1/20,0.182171186958547,0.2987533563001729,0,0,5.231684739486909,8.908556962758436,PDLIM1
GO_Biological_Process_2023,Regulation Of Mitotic Spindle Assembly (GO:1901673),1/20,0.182171186958547,0.2987533563001729,0,0,5.231684739486909,8.908556962758436,CHMP1B
GO_Biological_Process_2023,Regulation Of Necroptotic Process (GO:0060544),1/20,0.182171186958547,0.2987533563001729,0,0,5.231684739486909,8.908556962758436,PELI1
GO_Biological_Process_2023,Regulation Of Protein Localization To Cell Periphery (GO:1904375),1/20,0.182171186958547,0.2987533563001729,0,0,5.231684739486909,8.908556962758436,VAMP8
GO_Biological_Process_2023,Cellular Response To Estradiol Stimulus (GO:0071392),1/20,0.182171186958547,0.2987533563001729,0,0,5.231684739486909,8.908556962758436,H2AZ1
GO_Biological_Process_2023,Stress-Activated Protein Kinase Signaling Cascade (GO:0031098),1/20,0.182171186958547,0.2987533563001729,0,0,5.231684739486909,8.908556962758436,MAP2K3
GO_Biological_Process_2023,Striated Muscle Cell Differentiation (GO:0051146),1/20,0.182171186958547,0.2987533563001729,0,0,5.231684739486909,8.908556962758436,KDM6B
GO_Biological_Process_2023,Transport Along Microtubule (GO:0010970),1/20,0.182171186958547,0.2987533563001729,0,0,5.231684739486909,8.908556962758436,BAG3
GO_Biological_Process_2023,Hydrogen Peroxide Catabolic Process (GO:0042744),1/20,0.182171186958547,0.2987533563001729,0,0,5.231684739486909,8.908556962758436,PRDX1
GO_Biological_Process_2023,Late Endosome To Vacuole Transport (GO:0045324),1/20,0.182171186958547,0.2987533563001729,0,0,5.231684739486909,8.908556962758436,CHMP1B
GO_Biological_Process_2023,Leukotriene Metabolic Process (GO:0006691),1/20,0.182171186958547,0.2987533563001729,0,0,5.231684739486909,8.908556962758436,MGST2
GO_Biological_Process_2023,Long-Term Memory (GO:0007616),1/20,0.182171186958547,0.2987533563001729,0,0,5.231684739486909,8.908556962758436,SGK1
GO_Biological_Process_2023,Long-Term Synaptic Potentiation (GO:0060291),1/20,0.182171186958547,0.2987533563001729,0,0,5.231684739486909,8.908556962758436,PLK2
GO_Biological_Process_2023,Mesoderm Formation (GO:0001707),1/20,0.182171186958547,0.2987533563001729,0,0,5.231684739486909,8.908556962758436,KDM6B
GO_Biological_Process_2023,Myoblast Differentiation (GO:0045445),1/20,0.182171186958547,0.2987533563001729,0,0,5.231684739486909,8.908556962758436,DDX5
GO_Biological_Process_2023,Negative Regulation Of B Cell Activation (GO:0050869),1/20,0.182171186958547,0.2987533563001729,0,0,5.231684739486909,8.908556962758436,TNFAIP3
GO_Biological_Process_2023,Negative Regulation Of Cyclin-Dependent Protein Kinase Activity (GO:1904030),1/20,0.182171186958547,0.2987533563001729,0,0,5.231684739486909,8.908556962758436,CDKN1A
GO_Biological_Process_2023,Negative Regulation Of Cytokine Production Involved In Inflammatory Response (GO:1900016),1/20,0.182171186958547,0.2987533563001729,0,0,5.231684739486909,8.908556962758436,ZC3H12A
GO_Biological_Process_2023,Negative Regulation Of Viral Life Cycle (GO:1903901),1/20,0.182171186958547,0.2987533563001729,0,0,5.231684739486909,8.908556962758436,PPIA
GO_Biological_Process_2023,Positive Regulation Of Embryonic Development (GO:0040019),1/20,0.182171186958547,0.2987533563001729,0,0,5.231684739486909,8.908556962758436,CFL1
GO_Biological_Process_2023,Positive Regulation Of Leukocyte Activation (GO:0002696),1/20,0.182171186958547,0.2987533563001729,0,0,5.231684739486909,8.908556962758436,HSPD1
GO_Biological_Process_2023,Positive Regulation Of Lipid Catabolic Process (GO:0050996),1/20,0.182171186958547,0.2987533563001729,0,0,5.231684739486909,8.908556962758436,ABHD5
GO_Biological_Process_2023,Positive Regulation Of Lipid Storage (GO:0010884),1/20,0.182171186958547,0.2987533563001729,0,0,5.231684739486909,8.908556962758436,ZC3H12A
GO_Biological_Process_2023,Cellular Response To Nutrient Levels (GO:0031669),2/78,0.1834746263330842,0.2999782313251742,0,0,2.621477937267411,4.445184817601474,HSPA8;MAP1LC3B
GO_Biological_Process_2023,Positive Regulation Of Tumor Necrosis Factor Production (GO:0032760),2/78,0.1834746263330842,0.2999782313251742,0,0,2.621477937267411,4.445184817601474,HSPB1;HLA-E
GO_Biological_Process_2023,Proteolysis Involved In Protein Catabolic Process (GO:0051603),2/78,0.1834746263330842,0.2999782313251742,0,0,2.621477937267411,4.445184817601474,TNFAIP3;PMAIP1
GO_Biological_Process_2023,Regulation Of Cyclin-Dependent Protein Serine/Threonine Kinase Activity (GO:0000079),2/79,0.1870767274857147,0.3052503212355203,0,0,2.5873015873015874,4.336929198982091,CDKN1A;SERTAD1
GO_Biological_Process_2023,Positive Regulation Of Protein Modification By Small Protein Conjugation Or Removal (GO:1903322),2/79,0.1870767274857147,0.3052503212355203,0,0,2.5873015873015874,4.336929198982091,FBXW7;ZC3H12A
GO_Biological_Process_2023,protein-RNA Complex Assembly (GO:0022618),3/150,0.1900319933080969,0.3059724848735644,0,0,2.035947373873407,3.380818543405686,HSP90AA1;RPS19;SNRPB
GO_Biological_Process_2023,Regulation Of Dendritic Spine Development (GO:0060998),1/21,0.1903576498347592,0.3059724848735644,0,0,4.969849246231155,8.244237447277422,ARF6
GO_Biological_Process_2023,Regulation Of Lipopolysaccharide-Mediated Signaling Pathway (GO:0031664),1/21,0.1903576498347592,0.3059724848735644,0,0,4.969849246231155,8.244237447277422,TRIB1
GO_Biological_Process_2023,Antigen Processing And Presentation Of Endogenous Peptide Antigen (GO:0002483),1/21,0.1903576498347592,0.3059724848735644,0,0,4.969849246231155,8.244237447277422,HLA-E
GO_Biological_Process_2023,Focal Adhesion Assembly (GO:0048041),1/21,0.1903576498347592,0.3059724848735644,0,0,4.969849246231155,8.244237447277422,DYNLL1
GO_Biological_Process_2023,"Maturation Of 5.8S rRNA From Tricistronic rRNA Transcript (SSU-rRNA, 5.8S rRNA, LSU-rRNA) (GO:0000466)",1/21,0.1903576498347592,0.3059724848735644,0,0,4.969849246231155,8.244237447277422,RPS21
GO_Biological_Process_2023,Modulation By Host Of Viral Genome Replication (GO:0044827),1/21,0.1903576498347592,0.3059724848735644,0,0,4.969849246231155,8.244237447277422,ZC3H12A
GO_Biological_Process_2023,Negative Regulation Of Osteoclast Differentiation (GO:0045671),1/21,0.1903576498347592,0.3059724848735644,0,0,4.969849246231155,8.244237447277422,FBXW7
GO_Biological_Process_2023,Plasma Membrane Repair (GO:0001778),1/21,0.1903576498347592,0.3059724848735644,0,0,4.969849246231155,8.244237447277422,CHMP1B
GO_Biological_Process_2023,Positive Regulation Of Amyloid Precursor Protein Catabolic Process (GO:1902993),1/21,0.1903576498347592,0.3059724848735644,0,0,4.969849246231155,8.244237447277422,EFNA1
GO_Biological_Process_2023,Positive Regulation Of Granulocyte Chemotaxis (GO:0071624),1/21,0.1903576498347592,0.3059724848735644,0,0,4.969849246231155,8.244237447277422,S100A14
GO_Biological_Process_2023,Positive Regulation Of Interferon-Alpha Production (GO:0032727),1/21,0.1903576498347592,0.3059724848735644,0,0,4.969849246231155,8.244237447277422,HSPD1
GO_Biological_Process_2023,Positive Regulation Of Natural Killer Cell Mediated Cytotoxicity (GO:0045954),1/21,0.1903576498347592,0.3059724848735644,0,0,4.969849246231155,8.244237447277422,HLA-E
GO_Biological_Process_2023,Purine Nucleotide Biosynthetic Process (GO:0006164),1/21,0.1903576498347592,0.3059724848735644,0,0,4.969849246231155,8.244237447277422,NAMPT
GO_Biological_Process_2023,Regulation Of Anoikis (GO:2000209),1/21,0.1903576498347592,0.3059724848735644,0,0,4.969849246231155,8.244237447277422,MCL1
GO_Biological_Process_2023,Regulation Of Organelle Assembly (GO:1902115),2/80,0.1906887482391839,0.306200303776326,0,0,2.554001554001554,4.232268591096898,PLK2;EZR
GO_Biological_Process_2023,Positive Regulation Of Multicellular Organismal Process (GO:0051240),6/387,0.1923388966485104,0.3085436467069855,0,0,1.5763454825878724,2.598599815651101,KDM6B;RPS19;FABP5;CFL1;ADRB2;GAPDH
GO_Biological_Process_2023,Cytoskeleton-Dependent Cytokinesis (GO:0061640),2/81,0.1943101337404015,0.3113969140319418,0,0,2.521544559519243,4.131045868969444,CFL1;STMN1
GO_Biological_Process_2023,Chromatin Remodeling (GO:0006338),4/228,0.1950111991581914,0.3115669697164613,0,0,1.783527696793003,2.9155296769838297,KDM6B;MYC;DDX21;BAZ1A
GO_Biological_Process_2023,Positive Regulation Of Nucleic Acid-Templated Transcription (GO:1903508),8/557,0.1957446115057608,0.3115669697164613,0,0,1.4610655737704918,2.3829168206524005,MAP2K3;KLF6;MYC;HMGA1;IRF6;HNRNPAB;ATF4;YWHAH
GO_Biological_Process_2023,Cellular Response To Cytokine Stimulus (GO:0071345),5/308,0.1962979899855861,0.3115669697164613,0,0,1.6499111449606498,2.686255671678184,NFKBIA;ZC3H12A;PLP2;GAPDH;NFE2L2
GO_Biological_Process_2023,Regulation Of Cellular Component Organization (GO:0051128),3/153,0.1976462515148267,0.3115669697164613,0,0,1.9949238578680204,3.2343230796548723,HSPA8;HSP90AA1;SGK1
GO_Biological_Process_2023,Sodium Ion Transmembrane Transport (GO:0035725),2/82,0.1979403391192459,0.3115669697164613,0,0,2.48989898989899,4.033112516956104,ATP1B3;ATP1A1
GO_Biological_Process_2023,Positive Regulation Of Tumor Necrosis Factor Superfamily Cytokine Production (GO:1903557),2/82,0.1979403391192459,0.3115669697164613,0,0,2.48989898989899,4.033112516956104,HSPB1;HLA-E
GO_Biological_Process_2023,NAD Metabolic Process (GO:0019674),1/22,0.1984625719282345,0.3115669697164613,0,0,4.732950466618808,7.653913334056085,NAMPT
GO_Biological_Process_2023,Regulation Of Histone Acetylation (GO:0035065),1/22,0.1984625719282345,0.3115669697164613,0,0,4.732950466618808,7.653913334056085,DDX21
GO_Biological_Process_2023,Regulation Of Intracellular Steroid Hormone Receptor Signaling Pathway (GO:0033143),1/22,0.1984625719282345,0.3115669697164613,0,0,4.732950466618808,7.653913334056085,DDX5
GO_Biological_Process_2023,Regulation Of Protein Export From Nucleus (GO:0046825),1/22,0.1984625719282345,0.3115669697164613,0,0,4.732950466618808,7.653913334056085,BAG3
GO_Biological_Process_2023,Cellular Response To Topologically Incorrect Protein (GO:0035967),1/22,0.1984625719282345,0.3115669697164613,0,0,4.732950466618808,7.653913334056085,BAG3
GO_Biological_Process_2023,Response To Gamma Radiation (GO:0010332),1/22,0.1984625719282345,0.3115669697164613,0,0,4.732950466618808,7.653913334056085,MYC
GO_Biological_Process_2023,Homologous Chromosome Segregation (GO:0045143),1/22,0.1984625719282345,0.3115669697164613,0,0,4.732950466618808,7.653913334056085,PTTG1
GO_Biological_Process_2023,Negative Regulation Of G Protein-Coupled Receptor Signaling Pathway (GO:0045744),1/22,0.1984625719282345,0.3115669697164613,0,0,4.732950466618808,7.653913334056085,STMN1
GO_Biological_Process_2023,Negative Regulation Of Extrinsic Apoptotic Signaling Pathway In Absence Of Ligand (GO:2001240),1/22,0.1984625719282345,0.3115669697164613,0,0,4.732950466618808,7.653913334056085,MCL1
GO_Biological_Process_2023,Negative Regulation Of Protein Localization To Nucleus (GO:1900181),1/22,0.1984625719282345,0.3115669697164613,0,0,4.732950466618808,7.653913334056085,YWHAZ
GO_Biological_Process_2023,Negative Regulation Of Signal Transduction In Absence Of Ligand (GO:1901099),1/22,0.1984625719282345,0.3115669697164613,0,0,4.732950466618808,7.653913334056085,MCL1
GO_Biological_Process_2023,Placenta Development (GO:0001890),1/22,0.1984625719282345,0.3115669697164613,0,0,4.732950466618808,7.653913334056085,PHLDA2
GO_Biological_Process_2023,Positive Regulation Of Cholesterol Efflux (GO:0010875),1/22,0.1984625719282345,0.3115669697164613,0,0,4.732950466618808,7.653913334056085,NFKBIA
GO_Biological_Process_2023,Positive Regulation Of Viral Life Cycle (GO:1903902),1/22,0.1984625719282345,0.3115669697164613,0,0,4.732950466618808,7.653913334056085,KPNA2
GO_Biological_Process_2023,Protein Peptidyl-Prolyl Isomerization (GO:0000413),1/22,0.1984625719282345,0.3115669697164613,0,0,4.732950466618808,7.653913334056085,PPIA
GO_Biological_Process_2023,Regulation Of Epithelial To Mesenchymal Transition (GO:0010717),2/83,0.2015788294152306,0.3158458984151434,0,0,2.4590347923681257,3.938328060173813,PPP2CA;EFNA1
GO_Biological_Process_2023,Vesicle-Mediated Transport To The Plasma Membrane (GO:0098876),2/83,0.2015788294152306,0.3158458984151434,0,0,2.4590347923681257,3.938328060173813,RAB10;ARF6
GO_Biological_Process_2023,Positive Regulation Of Response To External Stimulus (GO:0032103),3/155,0.2027633389651177,0.3164825526560573,0,0,1.9684744857066525,3.141125834684901,NFKBIA;NFKBIZ;MGST2
GO_Biological_Process_2023,Protein Transport (GO:0015031),5/313,0.2050398128709369,0.3164825526560573,0,0,1.6227106227106227,2.5712679177325923,RAB10;ARL4A;CHMP1B;ARF6;YWHAH
GO_Biological_Process_2023,Ribosomal Small Subunit Biogenesis (GO:0042274),2/84,0.2052250792916977,0.3164825526560573,0,0,2.4289233801428924,3.84655954231675,RPS19;RPS7
GO_Biological_Process_2023,Regulation Of Centrosome Cycle (GO:0046605),1/23,0.2064867613185778,0.3164825526560573,0,0,4.517587939698492,7.126580711797677,CHMP1B
GO_Biological_Process_2023,U2-type Prespliceosome Assembly (GO:1903241),1/23,0.2064867613185778,0.3164825526560573,0,0,4.517587939698492,7.126580711797677,SNRPB
GO_Biological_Process_2023,Regulation Of Interleukin-4 Production (GO:0032673),1/23,0.2064867613185778,0.3164825526560573,0,0,4.517587939698492,7.126580711797677,HLA-E
GO_Biological_Process_2023,Axon Extension (GO:0048675),1/23,0.2064867613185778,0.3164825526560573,0,0,4.517587939698492,7.126580711797677,HSP90AA1
GO_Biological_Process_2023,"Regulation Of Nuclear-Transcribed mRNA Catabolic Process, Deadenylation-Dependent Decay (GO:1900151)",1/23,0.2064867613185778,0.3164825526560573,0,0,4.517587939698492,7.126580711797677,TOB1
GO_Biological_Process_2023,Cell-Cell Signaling By Wnt (GO:0198738),1/23,0.2064867613185778,0.3164825526560573,0,0,4.517587939698492,7.126580711797677,CSNK1A1
GO_Biological_Process_2023,Cellular Lipid Catabolic Process (GO:0044242),1/23,0.2064867613185778,0.3164825526560573,0,0,4.517587939698492,7.126580711797677,MGST2
GO_Biological_Process_2023,Regulation Of Toll-Like Receptor 4 Signaling Pathway (GO:0034143),1/23,0.2064867613185778,0.3164825526560573,0,0,4.517587939698492,7.126580711797677,TNFAIP3
GO_Biological_Process_2023,Cytosolic Pattern Recognition Receptor Signaling Pathway (GO:0002753),1/23,0.2064867613185778,0.3164825526560573,0,0,4.517587939698492,7.126580711797677,TNFAIP3
GO_Biological_Process_2023,Long-Chain Fatty Acid Transport (GO:0015909),1/23,0.2064867613185778,0.3164825526560573,0,0,4.517587939698492,7.126580711797677,FABP5
GO_Biological_Process_2023,Negative Regulation Of Actin Filament Polymerization (GO:0030837),1/23,0.2064867613185778,0.3164825526560573,0,0,4.517587939698492,7.126580711797677,PFN1
GO_Biological_Process_2023,Negative Regulation Of Epidermal Growth Factor Receptor Signaling Pathway (GO:0042059),1/23,0.2064867613185778,0.3164825526560573,0,0,4.517587939698492,7.126580711797677,ERRFI1
GO_Biological_Process_2023,Negative Regulation Of Extrinsic Apoptotic Signaling Pathway Via Death Domain Receptors (GO:1902042),1/23,0.2064867613185778,0.3164825526560573,0,0,4.517587939698492,7.126580711797677,TNFAIP3
GO_Biological_Process_2023,Negative Regulation Of Lymphocyte Activation (GO:0051250),1/23,0.2064867613185778,0.3164825526560573,0,0,4.517587939698492,7.126580711797677,TNFAIP3
GO_Biological_Process_2023,Negative Regulation Of Protein Tyrosine Kinase Activity (GO:0061099),1/23,0.2064867613185778,0.3164825526560573,0,0,4.517587939698492,7.126580711797677,ERRFI1
GO_Biological_Process_2023,Nuclear Membrane Reassembly (GO:0031468),1/23,0.2064867613185778,0.3164825526560573,0,0,4.517587939698492,7.126580711797677,CHMP1B
GO_Biological_Process_2023,Positive Regulation Of Cell-Substrate Junction Organization (GO:0150117),1/23,0.2064867613185778,0.3164825526560573,0,0,4.517587939698492,7.126580711797677,ARF6
GO_Biological_Process_2023,Positive Regulation Of Lamellipodium Assembly (GO:0010592),1/23,0.2064867613185778,0.3164825526560573,0,0,4.517587939698492,7.126580711797677,ARPC2
GO_Biological_Process_2023,"Positive Regulation Of mRNA Splicing, Via Spliceosome (GO:0048026)",1/23,0.2064867613185778,0.3164825526560573,0,0,4.517587939698492,7.126580711797677,TRA2B
GO_Biological_Process_2023,Protein Localization To Cell Junction (GO:1902414),1/23,0.2064867613185778,0.3164825526560573,0,0,4.517587939698492,7.126580711797677,DSP
GO_Biological_Process_2023,Transport Across Blood-Brain Barrier (GO:0150104),2/85,0.2088785730572049,0.3195427177232738,0,0,2.3995375441158573,3.7576810395091074,FABP5;SLC38A2
GO_Biological_Process_2023,Mitotic Spindle Organization (GO:0007052),2/85,0.2088785730572049,0.3195427177232738,0,0,2.3995375441158573,3.7576810395091074,PLK2;STMN1
GO_Biological_Process_2023,Peptidyl-Serine Phosphorylation (GO:0018105),3/158,0.2104964360637212,0.3214431294445961,0,0,1.930080235794989,3.007618085016947,CSNK1A1;PLK2;SGK1
GO_Biological_Process_2023,Positive Regulation Of Cell Population Proliferation (GO:0008284),7/483,0.2105184131613032,0.3214431294445961,0,0,1.4724169460530323,2.294293811877733,CDKN1A;SERTAD1;MYC;NAMPT;SLC25A5;AREG;HBEGF
GO_Biological_Process_2023,Regulation Of Mitotic Cell Cycle Phase Transition (GO:1901990),2/86,0.2125388044387241,0.3222443833270993,0,0,2.370851370851371,3.671573213687656,PPP2CA;CDKN1A
GO_Biological_Process_2023,Exocytosis (GO:0006887),2/86,0.2125388044387241,0.3222443833270993,0,0,2.370851370851371,3.671573213687656,RAB10;SYNGR2
GO_Biological_Process_2023,ERK1 And ERK2 Cascade (GO:0070371),1/24,0.2144310182188985,0.3222443833270993,0,0,4.320952589032117,6.653261007649563,MYC
GO_Biological_Process_2023,Regulation Of Endoplasmic Reticulum Stress-Induced Intrinsic Apoptotic Signaling Pathway (GO:1902235),1/24,0.2144310182188985,0.3222443833270993,0,0,4.320952589032117,6.653261007649563,PMAIP1
GO_Biological_Process_2023,"RNA Splicing, Via Transesterification Reactions (GO:0000375)",1/24,0.2144310182188985,0.3222443833270993,0,0,4.320952589032117,6.653261007649563,TRA2B
GO_Biological_Process_2023,Regulation Of Proteolysis Involved In Protein Catabolic Process (GO:1903050),1/24,0.2144310182188985,0.3222443833270993,0,0,4.320952589032117,6.653261007649563,EFNA1
GO_Biological_Process_2023,Regulation Of Supramolecular Fiber Organization (GO:1902903),1/24,0.2144310182188985,0.3222443833270993,0,0,4.320952589032117,6.653261007649563,HSPA8
GO_Biological_Process_2023,Endosome Transport Via Multivesicular Body Sorting Pathway (GO:0032509),1/24,0.2144310182188985,0.3222443833270993,0,0,4.320952589032117,6.653261007649563,CHMP1B
GO_Biological_Process_2023,Mononuclear Cell Differentiation (GO:1903131),1/24,0.2144310182188985,0.3222443833270993,0,0,4.320952589032117,6.653261007649563,LY6D
GO_Biological_Process_2023,Multivesicular Body Sorting Pathway (GO:0071985),1/24,0.2144310182188985,0.3222443833270993,0,0,4.320952589032117,6.653261007649563,CHMP1B
GO_Biological_Process_2023,Negative Regulation Of Antigen Receptor-Mediated Signaling Pathway (GO:0050858),1/24,0.2144310182188985,0.3222443833270993,0,0,4.320952589032117,6.653261007649563,EZR
GO_Biological_Process_2023,Negative Regulation Of Cell Junction Assembly (GO:1901889),1/24,0.2144310182188985,0.3222443833270993,0,0,4.320952589032117,6.653261007649563,DYNLL1
GO_Biological_Process_2023,Positive Regulation Of Natural Killer Cell Mediated Immunity (GO:0002717),1/24,0.2144310182188985,0.3222443833270993,0,0,4.320952589032117,6.653261007649563,HLA-E
GO_Biological_Process_2023,Positive Regulation Of p38MAPK Cascade (GO:1900745),1/24,0.2144310182188985,0.3222443833270993,0,0,4.320952589032117,6.653261007649563,ZC3H12A
GO_Biological_Process_2023,Positive Regulation Of Vascular Endothelial Growth Factor Production (GO:0010575),1/24,0.2144310182188985,0.3222443833270993,0,0,4.320952589032117,6.653261007649563,ATF4
GO_Biological_Process_2023,Protein K48-linked Deubiquitination (GO:0071108),1/24,0.2144310182188985,0.3222443833270993,0,0,4.320952589032117,6.653261007649563,TNFAIP3
GO_Biological_Process_2023,Protein Kinase B Signaling (GO:0043491),1/24,0.2144310182188985,0.3222443833270993,0,0,4.320952589032117,6.653261007649563,EPHA2
GO_Biological_Process_2023,Regulation Of Type II Interferon Production (GO:0032649),2/87,0.2162052764803214,0.3246090362754687,0,0,2.342840166369578,3.588122897733772,ZC3H12A;HSPD1
GO_Biological_Process_2023,Positive Regulation Of Cytokine Production (GO:0001819),5/320,0.2174917957284112,0.3262376935926169,0,0,1.586080586080586,2.4197152634797714,PNP;GAPDH;HLA-E;ATF4;HSPD1
GO_Biological_Process_2023,Regulation Of Inflammatory Response (GO:0050727),4/240,0.219865221332588,0.3282674429629624,0,0,1.6918021445866482,2.562641312117251,NFKBIA;NFKBIZ;MGST2;TNFAIP3
GO_Biological_Process_2023,Regulation Of Endothelial Cell Migration (GO:0010594),2/88,0.2198775013707891,0.3282674429629624,0,0,2.315480385247827,3.5072227118932733,ZC3H12A;EPHA2
GO_Biological_Process_2023,Positive Regulation Of Plasma Membrane Bounded Cell Projection Assembly (GO:0120034),2/88,0.2198775013707891,0.3282674429629624,0,0,2.315480385247827,3.5072227118932733,ARPC2;PFN1
GO_Biological_Process_2023,Regulation Of Hippo Signaling (GO:0035330),1/25,0.2222961348450487,0.3282674429629624,0,0,4.14070351758794,6.226561570384656,MAP2K3
GO_Biological_Process_2023,Regulation Of Monocyte Chemotaxis (GO:0090025),1/25,0.2222961348450487,0.3282674429629624,0,0,4.14070351758794,6.226561570384656,S100A14
GO_Biological_Process_2023,Regulation Of Postsynapse Organization (GO:0099175),1/25,0.2222961348450487,0.3282674429629624,0,0,4.14070351758794,6.226561570384656,CFL1
GO_Biological_Process_2023,Regulation Of Synapse Organization (GO:0050807),1/25,0.2222961348450487,0.3282674429629624,0,0,4.14070351758794,6.226561570384656,YWHAZ
GO_Biological_Process_2023,Cellular Response To Hexose Stimulus (GO:0071331),1/25,0.2222961348450487,0.3282674429629624,0,0,4.14070351758794,6.226561570384656,TRA2B
GO_Biological_Process_2023,Ventricular Cardiac Muscle Tissue Development (GO:0003229),1/25,0.2222961348450487,0.3282674429629624,0,0,4.14070351758794,6.226561570384656,HOPX
GO_Biological_Process_2023,Negative Regulation Of Lipid Biosynthetic Process (GO:0051055),1/25,0.2222961348450487,0.3282674429629624,0,0,4.14070351758794,6.226561570384656,FBXW7
GO_Biological_Process_2023,Negative Regulation Of Signaling Receptor Activity (GO:2000272),1/25,0.2222961348450487,0.3282674429629624,0,0,4.14070351758794,6.226561570384656,ERRFI1
GO_Biological_Process_2023,Osteoclast Differentiation (GO:0030316),1/25,0.2222961348450487,0.3282674429629624,0,0,4.14070351758794,6.226561570384656,EPHA2
GO_Biological_Process_2023,Positive Regulation Of Interleukin-2 Production (GO:0032743),1/25,0.2222961348450487,0.3282674429629624,0,0,4.14070351758794,6.226561570384656,PNP
GO_Biological_Process_2023,Positive Regulation Of Peptidase Activity (GO:0010952),1/25,0.2222961348450487,0.3282674429629624,0,0,4.14070351758794,6.226561570384656,CLDN4
GO_Biological_Process_2023,Regulation Of B Cell Activation (GO:0050864),1/25,0.2222961348450487,0.3282674429629624,0,0,4.14070351758794,6.226561570384656,TNFAIP3
GO_Biological_Process_2023,Regulation Of Actin Cytoskeleton Reorganization (GO:2000249),1/25,0.2222961348450487,0.3282674429629624,0,0,4.14070351758794,6.226561570384656,CCL27
GO_Biological_Process_2023,Regulation Of Cell Size (GO:0008361),1/25,0.2222961348450487,0.3282674429629624,0,0,4.14070351758794,6.226561570384656,EZR
GO_Biological_Process_2023,Negative Regulation Of Cell Migration (GO:0030336),3/163,0.2235253518195274,0.3289248731620361,0,0,1.869289340101523,2.8006261912580666,TACSTD2;TRIB1;DYNLL1
GO_Biological_Process_2023,Nitrogen Compound Transport (GO:0071705),3/163,0.2235253518195274,0.3289248731620361,0,0,1.869289340101523,2.8006261912580666,CHMP1B;SLC3A2;SLC38A2
GO_Biological_Process_2023,Sodium Ion Transport (GO:0006814),2/89,0.2235550003741977,0.3289248731620361,0,0,2.2887495646116336,3.428770706989903,ATP1B3;SGK1
GO_Biological_Process_2023,Positive Regulation Of Peptidyl-Serine Phosphorylation (GO:0033138),2/89,0.2235550003741977,0.3289248731620361,0,0,2.2887495646116336,3.428770706989903,HSP90AA1;TXN
GO_Biological_Process_2023,Intracellular Protein Transport (GO:0006886),5/325,0.2265284479498459,0.3327764243202558,0,0,1.560897435897436,2.317752789408636,ARL4A;BAG3;KPNA2;ARF6;YWHAH
GO_Biological_Process_2023,Regulation Of ERK1 And ERK2 Cascade (GO:0070372),4/244,0.228334211985267,0.3327764243202558,0,0,1.663265306122449,2.4565511800960915,FBXW7;EZR;YWHAZ;EPHA2
GO_Biological_Process_2023,Regulation Of Interferon-Alpha Production (GO:0032647),1/26,0.2300828957266827,0.3327764243202558,0,0,3.974874371859297,5.840344997302112,HSPD1
GO_Biological_Process_2023,Acute Inflammatory Response (GO:0002526),1/26,0.2300828957266827,0.3327764243202558,0,0,3.974874371859297,5.840344997302112,CTNNBIP1
GO_Biological_Process_2023,Regulation Of Potassium Ion Transmembrane Transporter Activity (GO:1901016),1/26,0.2300828957266827,0.3327764243202558,0,0,3.974874371859297,5.840344997302112,ATP1B3
GO_Biological_Process_2023,Cardiac Muscle Cell Development (GO:0055013),1/26,0.2300828957266827,0.3327764243202558,0,0,3.974874371859297,5.840344997302112,CXADR
GO_Biological_Process_2023,Regulation Of Transcription By RNA Polymerase III (GO:0006359),1/26,0.2300828957266827,0.3327764243202558,0,0,3.974874371859297,5.840344997302112,DDX21
GO_Biological_Process_2023,Regulation Of Vascular Endothelial Growth Factor Production (GO:0010574),1/26,0.2300828957266827,0.3327764243202558,0,0,3.974874371859297,5.840344997302112,ATF4
GO_Biological_Process_2023,Cellular Response To Xenobiotic Stimulus (GO:0071466),1/26,0.2300828957266827,0.3327764243202558,0,0,3.974874371859297,5.840344997302112,MYC
GO_Biological_Process_2023,Telomere Maintenance Via Telomere Lengthening (GO:0010833),1/26,0.2300828957266827,0.3327764243202558,0,0,3.974874371859297,5.840344997302112,HSP90AA1
GO_Biological_Process_2023,Meiosis I (GO:0007127),1/26,0.2300828957266827,0.3327764243202558,0,0,3.974874371859297,5.840344997302112,PTTG1
GO_Biological_Process_2023,Negative Regulation Of Receptor-Mediated Endocytosis (GO:0048261),1/26,0.2300828957266827,0.3327764243202558,0,0,3.974874371859297,5.840344997302112,ARF6
GO_Biological_Process_2023,Nuclear Membrane Organization (GO:0071763),1/26,0.2300828957266827,0.3327764243202558,0,0,3.974874371859297,5.840344997302112,CHMP1B
GO_Biological_Process_2023,Nucleic Acid Phosphodiester Bond Hydrolysis (GO:0090305),1/26,0.2300828957266827,0.3327764243202558,0,0,3.974874371859297,5.840344997302112,ZC3H12A
GO_Biological_Process_2023,Organelle Fusion (GO:0048284),1/26,0.2300828957266827,0.3327764243202558,0,0,3.974874371859297,5.840344997302112,MCL1
GO_Biological_Process_2023,Positive Regulation Of Adenylate Cyclase Activity (GO:0045762),1/26,0.2300828957266827,0.3327764243202558,0,0,3.974874371859297,5.840344997302112,ADRB2
GO_Biological_Process_2023,Protein Localization To Cell Surface (GO:0034394),1/26,0.2300828957266827,0.3327764243202558,0,0,3.974874371859297,5.840344997302112,ARF6
GO_Biological_Process_2023,Protein Targeting To Lysosome (GO:0006622),1/26,0.2300828957266827,0.3327764243202558,0,0,3.974874371859297,5.840344997302112,HSPA8
GO_Biological_Process_2023,Regulation Of Actin Filament Bundle Assembly (GO:0032231),1/26,0.2300828957266827,0.3327764243202558,0,0,3.974874371859297,5.840344997302112,PFN1
GO_Biological_Process_2023,Positive Regulation Of Binding (GO:0051099),2/91,0.2309239500321694,0.3328021632816559,0,0,2.237090001134945,3.2788286401533377,STMN1;TXN
GO_Biological_Process_2023,rRNA Metabolic Process (GO:0016072),2/91,0.2309239500321694,0.3328021632816559,0,0,2.237090001134945,3.2788286401533377,RPS19;RPS7
GO_Biological_Process_2023,Regulation Of RNA Metabolic Process (GO:0051252),2/91,0.2309239500321694,0.3328021632816559,0,0,2.237090001134945,3.2788286401533377,HNRNPH1;TRA2B
GO_Biological_Process_2023,Regulation Of Actin Cytoskeleton Organization (GO:0032956),2/91,0.2309239500321694,0.3328021632816559,0,0,2.237090001134945,3.2788286401533377,DYNLL1;EZR
GO_Biological_Process_2023,Peptidyl-Serine Modification (GO:0018209),3/166,0.2314186340718818,0.3332181044472243,0,0,1.8346049640310171,2.6849937889859627,CSNK1A1;PLK2;SGK1
GO_Biological_Process_2023,Membrane Organization (GO:0061024),3/167,0.2340612680505318,0.3364040151852839,0,0,1.82332549213817,2.6477828986834435,HSPA8;SYNGR2;CHMP1B
GO_Biological_Process_2023,Protein Phosphorylation (GO:0006468),7/500,0.235183112828346,0.3364040151852839,0,0,1.4203932779114865,2.055864254779462,BRD2;CSNK1A1;PLK2;PIM3;SGK1;TRIB1;YWHAZ
GO_Biological_Process_2023,Regulation Of Extrinsic Apoptotic Signaling Pathway In Absence Of Ligand (GO:2001239),1/27,0.2377920775242915,0.3364040151852839,0,0,3.821801314263626,5.489477227235043,MCL1
GO_Biological_Process_2023,Regulation Of Immunoglobulin Production (GO:0002637),1/27,0.2377920775242915,0.3364040151852839,0,0,3.821801314263626,5.489477227235043,HLA-E
GO_Biological_Process_2023,Regulation Of Insulin Secretion Involved In Cellular Response To Glucose Stimulus (GO:0061178),1/27,0.2377920775242915,0.3364040151852839,0,0,3.821801314263626,5.489477227235043,PIM3
GO_Biological_Process_2023,Regulation Of Peptidase Activity (GO:0052547),1/27,0.2377920775242915,0.3364040151852839,0,0,3.821801314263626,5.489477227235043,CSTA
GO_Biological_Process_2023,Cell Surface Receptor Signaling Pathway Involved In Cell-Cell Signaling (GO:1905114),1/27,0.2377920775242915,0.3364040151852839,0,0,3.821801314263626,5.489477227235043,CSNK1A1
GO_Biological_Process_2023,Clathrin-Dependent Endocytosis (GO:0072583),1/27,0.2377920775242915,0.3364040151852839,0,0,3.821801314263626,5.489477227235043,CLTB
GO_Biological_Process_2023,Cortical Cytoskeleton Organization (GO:0030865),1/27,0.2377920775242915,0.3364040151852839,0,0,3.821801314263626,5.489477227235043,EZR
GO_Biological_Process_2023,mRNA Modification (GO:0016556),1/27,0.2377920775242915,0.3364040151852839,0,0,3.821801314263626,5.489477227235043,HNRNPAB
GO_Biological_Process_2023,Microtubule Polymerization Or Depolymerization (GO:0031109),1/27,0.2377920775242915,0.3364040151852839,0,0,3.821801314263626,5.489477227235043,STMN1
GO_Biological_Process_2023,Negative Regulation Of NIK/NF-kappaB Signaling (GO:1901223),1/27,0.2377920775242915,0.3364040151852839,0,0,3.821801314263626,5.489477227235043,ZC3H12A
GO_Biological_Process_2023,Negative Regulation Of Notch Signaling Pathway (GO:0045746),1/27,0.2377920775242915,0.3364040151852839,0,0,3.821801314263626,5.489477227235043,FBXW7
GO_Biological_Process_2023,Negative Regulation Of Neurogenesis (GO:0050768),1/27,0.2377920775242915,0.3364040151852839,0,0,3.821801314263626,5.489477227235043,YWHAH
GO_Biological_Process_2023,Peptidyl-Proline Modification (GO:0018208),1/27,0.2377920775242915,0.3364040151852839,0,0,3.821801314263626,5.489477227235043,PPIA
GO_Biological_Process_2023,Positive Regulation Of Immune System Process (GO:0002684),1/27,0.2377920775242915,0.3364040151852839,0,0,3.821801314263626,5.489477227235043,AQP3
GO_Biological_Process_2023,Positive Regulation Of Nitric Oxide Biosynthetic Process (GO:0045429),1/27,0.2377920775242915,0.3364040151852839,0,0,3.821801314263626,5.489477227235043,HSP90AA1
GO_Biological_Process_2023,Positive Regulation Of Ubiquitin-Protein Transferase Activity (GO:0051443),1/27,0.2377920775242915,0.3364040151852839,0,0,3.821801314263626,5.489477227235043,FBXW7
GO_Biological_Process_2023,Regulation Of Actin Polymerization Or Depolymerization (GO:0008064),1/27,0.2377920775242915,0.3364040151852839,0,0,3.821801314263626,5.489477227235043,PFN1
GO_Biological_Process_2023,Regulation Of Androgen Receptor Signaling Pathway (GO:0060765),1/27,0.2377920775242915,0.3364040151852839,0,0,3.821801314263626,5.489477227235043,DDX5
GO_Biological_Process_2023,Regulation Of Peptidyl-Serine Phosphorylation (GO:0033135),2/93,0.2383084712706434,0.336839858430621,0,0,2.187701187701188,3.1375777372613727,HSP90AA1;TXN
GO_Biological_Process_2023,Cellular Response To Hormone Stimulus (GO:0032870),2/94,0.2420054666899618,0.3411707407477491,0,0,2.163812033377251,3.070005614813883,HSPA8;ATP1A1
GO_Biological_Process_2023,Sphingolipid Metabolic Process (GO:0006665),2/94,0.2420054666899618,0.3411707407477491,0,0,2.163812033377251,3.070005614813883,PPP2CA;DEGS1
GO_Biological_Process_2023,Vesicle Organization (GO:0016050),2/94,0.2420054666899618,0.3411707407477491,0,0,2.163812033377251,3.070005614813883,VAMP8;CAV2
GO_Biological_Process_2023,Golgi To Plasma Membrane Protein Transport (GO:0043001),1/28,0.2454244493195781,0.3421132194394464,0,0,3.680067001675042,5.169633447658624,RAB10
GO_Biological_Process_2023,Regulation Of Glucose Metabolic Process (GO:0010906),1/28,0.2454244493195781,0.3421132194394464,0,0,3.680067001675042,5.169633447658624,PMAIP1
GO_Biological_Process_2023,RNA Phosphodiester Bond Hydrolysis (GO:0090501),1/28,0.2454244493195781,0.3421132194394464,0,0,3.680067001675042,5.169633447658624,ZC3H12A
GO_Biological_Process_2023,Regulation Of Protein Localization To Membrane (GO:1905475),1/28,0.2454244493195781,0.3421132194394464,0,0,3.680067001675042,5.169633447658624,VAMP8
GO_Biological_Process_2023,Cell-Substrate Junction Assembly (GO:0007044),1/28,0.2454244493195781,0.3421132194394464,0,0,3.680067001675042,5.169633447658624,DYNLL1
GO_Biological_Process_2023,Establishment Of Endothelial Barrier (GO:0061028),1/28,0.2454244493195781,0.3421132194394464,0,0,3.680067001675042,5.169633447658624,EZR
GO_Biological_Process_2023,Vascular Endothelial Growth Factor Receptor Signaling Pathway (GO:0048010),1/28,0.2454244493195781,0.3421132194394464,0,0,3.680067001675042,5.169633447658624,HSPB1
GO_Biological_Process_2023,Negative Regulation Of Type II Interferon Production (GO:0032689),1/28,0.2454244493195781,0.3421132194394464,0,0,3.680067001675042,5.169633447658624,ZC3H12A
GO_Biological_Process_2023,Positive Regulation Of mRNA Processing (GO:0050685),1/28,0.2454244493195781,0.3421132194394464,0,0,3.680067001675042,5.169633447658624,TRA2B
GO_Biological_Process_2023,Positive Regulation Of Nitric Oxide Metabolic Process (GO:1904407),1/28,0.2454244493195781,0.3421132194394464,0,0,3.680067001675042,5.169633447658624,HSP90AA1
GO_Biological_Process_2023,Protein Depolymerization (GO:0051261),1/28,0.2454244493195781,0.3421132194394464,0,0,3.680067001675042,5.169633447658624,STMN1
GO_Biological_Process_2023,Protein Insertion Into Mitochondrial Membrane (GO:0051204),1/28,0.2454244493195781,0.3421132194394464,0,0,3.680067001675042,5.169633447658624,HSP90AA1
GO_Biological_Process_2023,Regulation Of Bone Resorption (GO:0045124),1/28,0.2454244493195781,0.3421132194394464,0,0,3.680067001675042,5.169633447658624,TNFAIP3
GO_Biological_Process_2023,T Cell Receptor Signaling Pathway (GO:0050852),2/95,0.2457050463032076,0.3422093538951651,0,0,2.140436624307592,3.004367063071291,NFKBIZ;ZC3H12A
GO_Biological_Process_2023,Regulation Of Protein Metabolic Process (GO:0051246),2/96,0.2494067909928498,0.3470660766225801,0,0,2.117558564367075,2.9405900871231445,NFKBIA;PKP3
GO_Biological_Process_2023,Positive Regulation Of Cellular Biosynthetic Process (GO:0031328),3/174,0.2527026345793082,0.3472579875021384,0,0,1.7480630510285866,2.4045338637649905,HSP90AA1;EIF4A3;TENT5B
GO_Biological_Process_2023,JNK Cascade (GO:0007254),1/29,0.252980772589684,0.3472579875021384,0,0,3.548456568557071,4.877147000705543,TRIB1
GO_Biological_Process_2023,Cardiac Muscle Cell Action Potential (GO:0086001),1/29,0.252980772589684,0.3472579875021384,0,0,3.548456568557071,4.877147000705543,ATP1A1
GO_Biological_Process_2023,Regulation Of Protein Modification By Small Protein Conjugation Or Removal (GO:1903320),1/29,0.252980772589684,0.3472579875021384,0,0,3.548456568557071,4.877147000705543,HSP90AA1
GO_Biological_Process_2023,Regulation Of Spindle Assembly (GO:0090169),1/29,0.252980772589684,0.3472579875021384,0,0,3.548456568557071,4.877147000705543,CHMP1B
GO_Biological_Process_2023,Defense Response To Fungus (GO:0050832),1/29,0.252980772589684,0.3472579875021384,0,0,3.548456568557071,4.877147000705543,GAPDH
GO_Biological_Process_2023,Glycolytic Process (GO:0006096),1/29,0.252980772589684,0.3472579875021384,0,0,3.548456568557071,4.877147000705543,GAPDH
GO_Biological_Process_2023,Integrated Stress Response Signaling (GO:0140467),1/29,0.252980772589684,0.3472579875021384,0,0,3.548456568557071,4.877147000705543,NFE2L2
GO_Biological_Process_2023,Lipid Droplet Organization (GO:0034389),1/29,0.252980772589684,0.3472579875021384,0,0,3.548456568557071,4.877147000705543,PPIA
GO_Biological_Process_2023,Maintenance Of Blood-Brain Barrier (GO:0035633),1/29,0.252980772589684,0.3472579875021384,0,0,3.548456568557071,4.877147000705543,CLDN1
GO_Biological_Process_2023,Multivesicular Body Assembly (GO:0036258),1/29,0.252980772589684,0.3472579875021384,0,0,3.548456568557071,4.877147000705543,CHMP1B
GO_Biological_Process_2023,Negative Regulation Of DNA Binding (GO:0043392),1/29,0.252980772589684,0.3472579875021384,0,0,3.548456568557071,4.877147000705543,NFKBIA
GO_Biological_Process_2023,Negative Regulation Of Plasma Membrane Bounded Cell Projection Assembly (GO:0120033),1/29,0.252980772589684,0.3472579875021384,0,0,3.548456568557071,4.877147000705543,TACSTD2
GO_Biological_Process_2023,Phosphatidic Acid Biosynthetic Process (GO:0006654),1/29,0.252980772589684,0.3472579875021384,0,0,3.548456568557071,4.877147000705543,ABHD5
GO_Biological_Process_2023,Positive Regulation Of Endopeptidase Activity (GO:0010950),1/29,0.252980772589684,0.3472579875021384,0,0,3.548456568557071,4.877147000705543,EFNA1
GO_Biological_Process_2023,Positive Regulation Of Viral Genome Replication (GO:0045070),1/29,0.252980772589684,0.3472579875021384,0,0,3.548456568557071,4.877147000705543,PPIA
GO_Biological_Process_2023,MAPK Cascade (GO:0000165),2/98,0.2568151396703299,0.3519237973279012,0,0,2.073232323232323,2.818349436543183,MAP2K3;MYC
GO_Biological_Process_2023,Positive Regulation Of Protein-Containing Complex Assembly (GO:0031334),2/98,0.2568151396703299,0.3519237973279012,0,0,2.073232323232323,2.818349436543183,PPP2CA;HSP90AA1
GO_Biological_Process_2023,Regulation Of Macrophage Derived Foam Cell Differentiation (GO:0010743),1/30,0.2604618012849767,0.3539216240989977,0,0,3.425922717033443,4.608890626901229,NFKBIA
GO_Biological_Process_2023,Cardiac Muscle Cell Action Potential Involved In Contraction (GO:0086002),1/30,0.2604618012849767,0.3539216240989977,0,0,3.425922717033443,4.608890626901229,ATP1A1
GO_Biological_Process_2023,Embryonic Skeletal System Morphogenesis (GO:0048704),1/30,0.2604618012849767,0.3539216240989977,0,0,3.425922717033443,4.608890626901229,EIF4A3
GO_Biological_Process_2023,Mitotic G2 DNA Damage Checkpoint Signaling (GO:0007095),1/30,0.2604618012849767,0.3539216240989977,0,0,3.425922717033443,4.608890626901229,CDKN1A
GO_Biological_Process_2023,Multivesicular Body Organization (GO:0036257),1/30,0.2604618012849767,0.3539216240989977,0,0,3.425922717033443,4.608890626901229,CHMP1B
GO_Biological_Process_2023,Negative Regulation Of Myeloid Leukocyte Differentiation (GO:0002762),1/30,0.2604618012849767,0.3539216240989977,0,0,3.425922717033443,4.608890626901229,MYC
GO_Biological_Process_2023,Negative Regulation Of Peptidyl-Tyrosine Phosphorylation (GO:0050732),1/30,0.2604618012849767,0.3539216240989977,0,0,3.425922717033443,4.608890626901229,PPP2CA
GO_Biological_Process_2023,Nucleic Acid Metabolic Process (GO:0090304),1/30,0.2604618012849767,0.3539216240989977,0,0,3.425922717033443,4.608890626901229,KPNA2
GO_Biological_Process_2023,Positive Regulation Of Interleukin-10 Production (GO:0032733),1/30,0.2604618012849767,0.3539216240989977,0,0,3.425922717033443,4.608890626901229,HSPD1
GO_Biological_Process_2023,Positive Regulation Of Protein Targeting To Mitochondrion (GO:1903955),1/30,0.2604618012849767,0.3539216240989977,0,0,3.425922717033443,4.608890626901229,FBXW7
GO_Biological_Process_2023,Negative Regulation Of Cytokine Production (GO:0001818),3/178,0.2634515635145014,0.3576836089025599,0,0,1.707759245830312,2.277955718305796,ZC3H12A;TNFAIP3;EZR
GO_Biological_Process_2023,Regulation Of Organelle Organization (GO:0033043),2/100,0.2642273190435063,0.3577614248066365,0,0,2.0307153164296023,2.702771390555414,ARL6IP1;EZR
GO_Biological_Process_2023,Response To UV (GO:0009411),2/100,0.2642273190435063,0.3577614248066365,0,0,2.0307153164296023,2.702771390555414,MYC;ATF4
GO_Biological_Process_2023,ncRNA Processing (GO:0034470),2/100,0.2642273190435063,0.3577614248066365,0,0,2.0307153164296023,2.702771390555414,RPS19;RPS7
GO_Biological_Process_2023,B Cell Proliferation (GO:0042100),1/31,0.2678682819607093,0.3577614248066365,0,0,3.3115577889447234,4.362182296847866,HSPD1
GO_Biological_Process_2023,Regulation Of Dendrite Morphogenesis (GO:0048814),1/31,0.2678682819607093,0.3577614248066365,0,0,3.3115577889447234,4.362182296847866,YWHAH
GO_Biological_Process_2023,Antigen Processing And Presentation Of Exogenous Peptide Antigen (GO:0002478),1/31,0.2678682819607093,0.3577614248066365,0,0,3.3115577889447234,4.362182296847866,HLA-E
GO_Biological_Process_2023,Regulation Of Protein Autophosphorylation (GO:0031952),1/31,0.2678682819607093,0.3577614248066365,0,0,3.3115577889447234,4.362182296847866,ERRFI1
GO_Biological_Process_2023,Regulation Of Response To Biotic Stimulus (GO:0002831),1/31,0.2678682819607093,0.3577614248066365,0,0,3.3115577889447234,4.362182296847866,NFE2L2
GO_Biological_Process_2023,Cellular Response To cAMP (GO:0071320),1/31,0.2678682819607093,0.3577614248066365,0,0,3.3115577889447234,4.362182296847866,EZR
GO_Biological_Process_2023,Response To Estradiol (GO:0032355),1/31,0.2678682819607093,0.3577614248066365,0,0,3.3115577889447234,4.362182296847866,H2AZ1
GO_Biological_Process_2023,Toll-Like Receptor Signaling Pathway (GO:0002224),1/31,0.2678682819607093,0.3577614248066365,0,0,3.3115577889447234,4.362182296847866,HSPD1
GO_Biological_Process_2023,Leukocyte Cell-Cell Adhesion (GO:0007159),1/31,0.2678682819607093,0.3577614248066365,0,0,3.3115577889447234,4.362182296847866,EZR
GO_Biological_Process_2023,Negative Regulation Of DNA Biosynthetic Process (GO:2000279),1/31,0.2678682819607093,0.3577614248066365,0,0,3.3115577889447234,4.362182296847866,CDKN1A
GO_Biological_Process_2023,Negative Regulation Of Cell-Matrix Adhesion (GO:0001953),1/31,0.2678682819607093,0.3577614248066365,0,0,3.3115577889447234,4.362182296847866,DYNLL1
GO_Biological_Process_2023,Negative Regulation Of Developmental Growth (GO:0048640),1/31,0.2678682819607093,0.3577614248066365,0,0,3.3115577889447234,4.362182296847866,CDKN1A
GO_Biological_Process_2023,Positive Regulation Of Cholesterol Transport (GO:0032376),1/31,0.2678682819607093,0.3577614248066365,0,0,3.3115577889447234,4.362182296847866,NFKBIA
GO_Biological_Process_2023,Positive Regulation Of Lamellipodium Organization (GO:1902745),1/31,0.2678682819607093,0.3577614248066365,0,0,3.3115577889447234,4.362182296847866,ARPC2
GO_Biological_Process_2023,Positive Regulation Of Mononuclear Cell Migration (GO:0071677),1/31,0.2678682819607093,0.3577614248066365,0,0,3.3115577889447234,4.362182296847866,S100A14
GO_Biological_Process_2023,Positive Regulation Of Proteolysis Involved In Protein Catabolic Process (GO:1903052),1/31,0.2678682819607093,0.3577614248066365,0,0,3.3115577889447234,4.362182296847866,FBXW7
GO_Biological_Process_2023,rRNA Processing (GO:0006364),2/101,0.2679338809157927,0.3577614248066365,0,0,2.01010101010101,2.647333266062948,RPS19;RPS7
GO_Biological_Process_2023,Endosomal Transport (GO:0016197),3/180,0.2688479130500232,0.3586857057771349,0,0,1.688290458573518,2.2177542809123287,RAB10;CHMP1B;ARF6
GO_Biological_Process_2023,Regulation Of Cholesterol Efflux (GO:0010874),1/32,0.2752009537742224,0.3652457930023515,0,0,3.204571243313341,4.1347099266061775,NFKBIA
GO_Biological_Process_2023,Regulation Of Natural Killer Cell Mediated Cytotoxicity (GO:0042269),1/32,0.2752009537742224,0.3652457930023515,0,0,3.204571243313341,4.1347099266061775,HLA-E
GO_Biological_Process_2023,Regulation Of Ubiquitin-Protein Transferase Activity (GO:0051438),1/32,0.2752009537742224,0.3652457930023515,0,0,3.204571243313341,4.1347099266061775,FBXW7
GO_Biological_Process_2023,miRNA Processing (GO:0035196),1/32,0.2752009537742224,0.3652457930023515,0,0,3.204571243313341,4.1347099266061775,DDX5
GO_Biological_Process_2023,Negative Regulation Of G1/S Transition Of Mitotic Cell Cycle (GO:2000134),1/32,0.2752009537742224,0.3652457930023515,0,0,3.204571243313341,4.1347099266061775,CDKN1A
GO_Biological_Process_2023,Protein Transmembrane Import Into Intracellular Organelle (GO:0044743),1/32,0.2752009537742224,0.3652457930023515,0,0,3.204571243313341,4.1347099266061775,HSPD1
GO_Biological_Process_2023,Inorganic Cation Import Across Plasma Membrane (GO:0098659),2/103,0.2753460863759224,0.3652457930023515,0,0,1.97009700970097,2.5408862749711147,ATP1B3;ATP1A1
GO_Biological_Process_2023,Negative Regulation Of Signal Transduction (GO:0009968),4/267,0.2784276011201202,0.3683376670041909,0,0,1.5160239000543183,1.9383839341810445,FBXW7;CTNNBIP1;TNFAIP3;TRIB1
GO_Biological_Process_2023,Actin Filament Bundle Assembly (GO:0051017),1/33,0.2824605485993796,0.3683376670041909,0,0,3.1042713567839195,3.9244707255325473,EZR
GO_Biological_Process_2023,Actin Filament Bundle Organization (GO:0061572),1/33,0.2824605485993796,0.3683376670041909,0,0,3.1042713567839195,3.9244707255325473,EZR
GO_Biological_Process_2023,Ubiquitin-Dependent Protein Catabolic Process Via The Multivesicular Body Sorting Pathway (GO:0043162),1/33,0.2824605485993796,0.3683376670041909,0,0,3.1042713567839195,3.9244707255325473,CHMP1B
GO_Biological_Process_2023,Ventricular Cardiac Muscle Tissue Morphogenesis (GO:0055010),1/33,0.2824605485993796,0.3683376670041909,0,0,3.1042713567839195,3.9244707255325473,DSP
GO_Biological_Process_2023,Inositol Lipid-Mediated Signaling (GO:0048017),1/33,0.2824605485993796,0.3683376670041909,0,0,3.1042713567839195,3.9244707255325473,EZR
GO_Biological_Process_2023,Lung Development (GO:0030324),1/33,0.2824605485993796,0.3683376670041909,0,0,3.1042713567839195,3.9244707255325473,ERRFI1
GO_Biological_Process_2023,ncRNA Catabolic Process (GO:0034661),1/33,0.2824605485993796,0.3683376670041909,0,0,3.1042713567839195,3.9244707255325473,ZC3H12A
GO_Biological_Process_2023,Negative Regulation Of Blood Vessel Endothelial Cell Migration (GO:0043537),1/33,0.2824605485993796,0.3683376670041909,0,0,3.1042713567839195,3.9244707255325473,JUP
GO_Biological_Process_2023,Negative Regulation Of Endocytosis (GO:0045806),1/33,0.2824605485993796,0.3683376670041909,0,0,3.1042713567839195,3.9244707255325473,ARF6
GO_Biological_Process_2023,Negative Regulation Of Epithelial Cell Migration (GO:0010633),1/33,0.2824605485993796,0.3683376670041909,0,0,3.1042713567839195,3.9244707255325473,TACSTD2
GO_Biological_Process_2023,Phosphatidic Acid Metabolic Process (GO:0046473),1/33,0.2824605485993796,0.3683376670041909,0,0,3.1042713567839195,3.9244707255325473,ABHD5
GO_Biological_Process_2023,Positive Regulation Of DNA Binding (GO:0043388),1/33,0.2824605485993796,0.3683376670041909,0,0,3.1042713567839195,3.9244707255325473,TXN
GO_Biological_Process_2023,Positive Regulation Of RNA Metabolic Process (GO:0051254),1/33,0.2824605485993796,0.3683376670041909,0,0,3.1042713567839195,3.9244707255325473,SLC38A2
GO_Biological_Process_2023,Positive Regulation Of T Cell Mediated Cytotoxicity (GO:0001916),1/33,0.2824605485993796,0.3683376670041909,0,0,3.1042713567839195,3.9244707255325473,HLA-E
GO_Biological_Process_2023,Positive Regulation Of Cytokine Production Involved In Immune Response (GO:0002720),1/33,0.2824605485993796,0.3683376670041909,0,0,3.1042713567839195,3.9244707255325473,HLA-E
GO_Biological_Process_2023,Positive Regulation Of Interleukin-12 Production (GO:0032735),1/33,0.2824605485993796,0.3683376670041909,0,0,3.1042713567839195,3.9244707255325473,HSPD1
GO_Biological_Process_2023,Positive Regulation Of Nitrogen Compound Metabolic Process (GO:0051173),1/33,0.2824605485993796,0.3683376670041909,0,0,3.1042713567839195,3.9244707255325473,NFKBIA
GO_Biological_Process_2023,Positive Regulation Of Small Molecule Metabolic Process (GO:0062013),1/33,0.2824605485993796,0.3683376670041909,0,0,3.1042713567839195,3.9244707255325473,PMAIP1
GO_Biological_Process_2023,Protein K63-linked Deubiquitination (GO:0070536),1/33,0.2824605485993796,0.3683376670041909,0,0,3.1042713567839195,3.9244707255325473,TNFAIP3
GO_Biological_Process_2023,Regulation Of Amyloid-Beta Formation (GO:1902003),1/33,0.2824605485993796,0.3683376670041909,0,0,3.1042713567839195,3.9244707255325473,EFNA1
GO_Biological_Process_2023,Cellular Response To Organonitrogen Compound (GO:0071417),2/105,0.2827546689999499,0.3684240932900233,0,0,1.931646562714524,2.440008904942008,JUP;EZR
GO_Biological_Process_2023,Regulation Of G1/S Transition Of Mitotic Cell Cycle (GO:2000045),2/106,0.2864567291305087,0.3729472874428603,0,0,1.912975912975913,2.3915408635892965,PPP2CA;CDKN1A
GO_Biological_Process_2023,ATP Metabolic Process (GO:0046034),1/34,0.2896477910754225,0.3737912834548748,0,0,3.010050251256281,3.7297219848476746,HSPA8
GO_Biological_Process_2023,Cellular Response To Amyloid-Beta (GO:1904646),1/34,0.2896477910754225,0.3737912834548748,0,0,3.010050251256281,3.7297219848476746,ADRB2
GO_Biological_Process_2023,Cellular Response To Glucose Stimulus (GO:0071333),1/34,0.2896477910754225,0.3737912834548748,0,0,3.010050251256281,3.7297219848476746,TRA2B
GO_Biological_Process_2023,Superoxide Metabolic Process (GO:0006801),1/34,0.2896477910754225,0.3737912834548748,0,0,3.010050251256281,3.7297219848476746,PRDX1
GO_Biological_Process_2023,Negative Regulation Of JNK Cascade (GO:0046329),1/34,0.2896477910754225,0.3737912834548748,0,0,3.010050251256281,3.7297219848476746,DNAJA1
GO_Biological_Process_2023,Positive Regulation Of Carbohydrate Metabolic Process (GO:0045913),1/34,0.2896477910754225,0.3737912834548748,0,0,3.010050251256281,3.7297219848476746,PMAIP1
GO_Biological_Process_2023,Positive Regulation Of Immunoglobulin Production (GO:0002639),1/34,0.2896477910754225,0.3737912834548748,0,0,3.010050251256281,3.7297219848476746,HLA-E
GO_Biological_Process_2023,Positive Regulation Of Organelle Organization (GO:0010638),1/34,0.2896477910754225,0.3737912834548748,0,0,3.010050251256281,3.7297219848476746,PFDN2
GO_Biological_Process_2023,Regulation Of DNA Biosynthetic Process (GO:2000278),1/34,0.2896477910754225,0.3737912834548748,0,0,3.010050251256281,3.7297219848476746,CDKN1A
GO_Biological_Process_2023,Regulation Of T Cell Receptor Signaling Pathway (GO:0050856),1/34,0.2896477910754225,0.3737912834548748,0,0,3.010050251256281,3.7297219848476746,EZR
GO_Biological_Process_2023,Regulation Of calcineurin-NFAT Signaling Cascade (GO:0070884),1/34,0.2896477910754225,0.3737912834548748,0,0,3.010050251256281,3.7297219848476746,FHL2
GO_Biological_Process_2023,Positive Regulation Of T Cell Activation (GO:0050870),2/107,0.290156850388619,0.3738514956799976,0,0,1.8946608946608947,2.344327659095108,PNP;HSPD1
GO_Biological_Process_2023,Positive Regulation Of Autophagy (GO:0010508),2/107,0.290156850388619,0.3738514956799976,0,0,1.8946608946608947,2.344327659095108,PLK2;ZC3H12A
GO_Biological_Process_2023,Endocytosis (GO:0006897),3/189,0.2932709854088831,0.3775630441131878,0,0,1.6058621254298346,1.969843996438265,ADRB2;RHOV;OCIAD2
GO_Biological_Process_2023,Positive Regulation Of Translation (GO:0045727),2/108,0.2938547028204486,0.3780135675900282,0,0,1.8766914427291783,2.298327412458919,EIF4A3;TENT5B
GO_Biological_Process_2023,Intracellular Monoatomic Cation Homeostasis (GO:0030003),3/190,0.295995537622568,0.3784435455712131,0,0,1.5971931919976112,1.9444404019364787,MYC;ATP1B3;ATP1A1
GO_Biological_Process_2023,Action Potential (GO:0001508),1/35,0.2967633987534311,0.3784435455712131,0,0,2.9213715637008573,3.54894088012851,YWHAH
GO_Biological_Process_2023,Regulation Of mRNA Processing (GO:0050684),1/35,0.2967633987534311,0.3784435455712131,0,0,2.9213715637008573,3.54894088012851,RBM8A
GO_Biological_Process_2023,Response To Exogenous dsRNA (GO:0043330),1/35,0.2967633987534311,0.3784435455712131,0,0,2.9213715637008573,3.54894088012851,SLC3A2
GO_Biological_Process_2023,Endoderm Formation (GO:0001706),1/35,0.2967633987534311,0.3784435455712131,0,0,2.9213715637008573,3.54894088012851,DUSP2
GO_Biological_Process_2023,Skeletal Muscle Organ Development (GO:0060538),1/35,0.2967633987534311,0.3784435455712131,0,0,2.9213715637008573,3.54894088012851,MYL6
GO_Biological_Process_2023,Hexose Biosynthetic Process (GO:0019319),1/35,0.2967633987534311,0.3784435455712131,0,0,2.9213715637008573,3.54894088012851,ATF4
GO_Biological_Process_2023,Negative Regulation Of Cell Cycle G1/S Phase Transition (GO:1902807),1/35,0.2967633987534311,0.3784435455712131,0,0,2.9213715637008573,3.54894088012851,CDKN1A
GO_Biological_Process_2023,One-Carbon Compound Transport (GO:0019755),1/35,0.2967633987534311,0.3784435455712131,0,0,2.9213715637008573,3.54894088012851,CA2
GO_Biological_Process_2023,Regulation Of G2/M Transition Of Mitotic Cell Cycle (GO:0010389),1/35,0.2967633987534311,0.3784435455712131,0,0,2.9213715637008573,3.54894088012851,CDKN1A
GO_Biological_Process_2023,Regulation Of Cardiac Muscle Contraction (GO:0055117),1/35,0.2967633987534311,0.3784435455712131,0,0,2.9213715637008573,3.54894088012851,ZC3H12A
GO_Biological_Process_2023,Regulation Of Proteasomal Ubiquitin-Dependent Protein Catabolic Process (GO:0032434),2/109,0.2975499631159602,0.378849047526384,0,0,1.8590578684036627,2.2534999856206213,CSNK1A1;TRIB1
GO_Biological_Process_2023,Positive Regulation Of Wnt Signaling Pathway (GO:0030177),2/109,0.2975499631159602,0.378849047526384,0,0,1.8590578684036627,2.2534999856206213,JUP;TNFAIP3
GO_Biological_Process_2023,Neuron Projection Development (GO:0031175),3/192,0.3014492960908019,0.3835118109982901,0,0,1.580130529369108,1.8948189743642063,BTG2;STMN1;SGK1
GO_Biological_Process_2023,Regulation Of Trans-Synaptic Signaling (GO:0099177),1/36,0.3038080819844295,0.3853001322108412,0,0,2.8377602297200286,3.380791434126185,FABP5
GO_Biological_Process_2023,Substrate Adhesion-Dependent Cell Spreading (GO:0034446),1/36,0.3038080819844295,0.3853001322108412,0,0,2.8377602297200286,3.380791434126185,EFNA1
GO_Biological_Process_2023,Positive Regulation Of Interferon-Beta Production (GO:0032728),1/36,0.3038080819844295,0.3853001322108412,0,0,2.8377602297200286,3.380791434126185,HSP90AA1
GO_Biological_Process_2023,Regulation Of T Cell Mediated Cytotoxicity (GO:0001914),1/36,0.3038080819844295,0.3853001322108412,0,0,2.8377602297200286,3.380791434126185,HLA-E
GO_Biological_Process_2023,RNA Metabolic Process (GO:0016070),2/111,0.3049314473928455,0.3858170191191167,0,0,1.8247613752200909,2.167211222684004,HNRNPH1;ZC3H12A
GO_Biological_Process_2023,T Cell Activation (GO:0042110),2/111,0.3049314473928455,0.3858170191191167,0,0,1.8247613752200909,2.167211222684004,CXADR;HSPD1
GO_Biological_Process_2023,Cytoskeleton Organization (GO:0007010),2/111,0.3049314473928455,0.3858170191191167,0,0,1.8247613752200909,2.167211222684004,CFL1;TNFAIP3
GO_Biological_Process_2023,Small GTPase Mediated Signal Transduction (GO:0007264),2/112,0.3086170575351828,0.3883580943228512,0,0,1.808080808080808,2.1256775548508937,CDKN1A;PLK2
GO_Biological_Process_2023,Negative Regulation Of Defense Response (GO:0031348),2/112,0.3086170575351828,0.3883580943228512,0,0,1.808080808080808,2.1256775548508937,TNFAIP3;YWHAZ
GO_Biological_Process_2023,Protein Deubiquitination (GO:0016579),2/112,0.3086170575351828,0.3883580943228512,0,0,1.808080808080808,2.1256775548508937,ZC3H12A;TNFAIP3
GO_Biological_Process_2023,Regulation Of Programmed Cell Death (GO:0043067),3/195,0.309639303702757,0.3883580943228512,0,0,1.5552030456852792,1.823237928855138,HSP90AA1;ACTN4;SGK1
GO_Biological_Process_2023,RNA Stabilization (GO:0043489),1/37,0.3107825442509396,0.3883580943228512,0,0,2.758793969849246,3.2240971983470845,TENT5B
GO_Biological_Process_2023,Aortic Valve Morphogenesis (GO:0003180),1/37,0.3107825442509396,0.3883580943228512,0,0,2.758793969849246,3.2240971983470845,EFNA1
GO_Biological_Process_2023,Regulation Of Vascular Associated Smooth Muscle Cell Proliferation (GO:1904705),1/37,0.3107825442509396,0.3883580943228512,0,0,2.758793969849246,3.2240971983470845,CDKN1A
GO_Biological_Process_2023,Spliceosomal snRNP Assembly (GO:0000387),1/37,0.3107825442509396,0.3883580943228512,0,0,2.758793969849246,3.2240971983470845,SNRPB
GO_Biological_Process_2023,Mitochondrion Disassembly (GO:0061726),1/37,0.3107825442509396,0.3883580943228512,0,0,2.758793969849246,3.2240971983470845,MAP1LC3B
GO_Biological_Process_2023,Muscle Cell Differentiation (GO:0042692),1/37,0.3107825442509396,0.3883580943228512,0,0,2.758793969849246,3.2240971983470845,ACTN4
GO_Biological_Process_2023,Muscle Tissue Development (GO:0060537),1/37,0.3107825442509396,0.3883580943228512,0,0,2.758793969849246,3.2240971983470845,MYL6
GO_Biological_Process_2023,Negative Regulation Of Endothelial Cell Migration (GO:0010596),1/37,0.3107825442509396,0.3883580943228512,0,0,2.758793969849246,3.2240971983470845,JUP
GO_Biological_Process_2023,Negative Regulation Of Endothelial Cell Proliferation (GO:0001937),1/37,0.3107825442509396,0.3883580943228512,0,0,2.758793969849246,3.2240971983470845,CAV2
GO_Biological_Process_2023,Positive Regulation Of Immune Effector Process (GO:0002699),1/37,0.3107825442509396,0.3883580943228512,0,0,2.758793969849246,3.2240971983470845,RPS19
GO_Biological_Process_2023,Positive Regulation Of Receptor Signaling Pathway Via JAK-STAT (GO:0046427),1/37,0.3107825442509396,0.3883580943228512,0,0,2.758793969849246,3.2240971983470845,OCIAD2
GO_Biological_Process_2023,Positive Regulation Of Receptor Signaling Pathway Via STAT (GO:1904894),1/37,0.3107825442509396,0.3883580943228512,0,0,2.758793969849246,3.2240971983470845,OCIAD2
GO_Biological_Process_2023,Endomembrane System Organization (GO:0010256),3/196,0.3123712102933349,0.3900418896095154,0,0,1.547066095052734,1.8001089005066375,SYNGR2;CSNK1A1;CAV2
GO_Biological_Process_2023,Positive Regulation Of Cell Differentiation (GO:0045597),4/283,0.3142577573411092,0.3918387935261543,0,0,1.4279131007241606,1.6528690245514766,BTG1;ZC3H12A;CTNNBIP1;TACSTD2
GO_Biological_Process_2023,Regulation Of Neurotransmitter Secretion (GO:0046928),1/38,0.3176874819497763,0.3918387935261543,0,0,2.684096156457965,3.07781854672427,SLC38A2
GO_Biological_Process_2023,Calcium-Dependent Cell-Cell Adhesion Via Plasma Membrane Cell Adhesion Molecules (GO:0016339),1/38,0.3176874819497763,0.3918387935261543,0,0,2.684096156457965,3.07781854672427,DSG1
GO_Biological_Process_2023,Regulation Of Telomere Maintenance (GO:0032204),1/38,0.3176874819497763,0.3918387935261543,0,0,2.684096156457965,3.07781854672427,MYC
GO_Biological_Process_2023,Response To cAMP (GO:0051591),1/38,0.3176874819497763,0.3918387935261543,0,0,2.684096156457965,3.07781854672427,EZR
GO_Biological_Process_2023,Connective Tissue Development (GO:0061448),1/38,0.3176874819497763,0.3918387935261543,0,0,2.684096156457965,3.07781854672427,NAMPT
GO_Biological_Process_2023,Establishment Of Protein Localization To Plasma Membrane (GO:0061951),1/38,0.3176874819497763,0.3918387935261543,0,0,2.684096156457965,3.07781854672427,RAB10
GO_Biological_Process_2023,Fatty Acid Transport (GO:0015908),1/38,0.3176874819497763,0.3918387935261543,0,0,2.684096156457965,3.07781854672427,FABP5
GO_Biological_Process_2023,Tumor Necrosis Factor-Mediated Signaling Pathway (GO:0033209),1/38,0.3176874819497763,0.3918387935261543,0,0,2.684096156457965,3.07781854672427,NFKBIA
GO_Biological_Process_2023,Lymphocyte Proliferation (GO:0046651),1/38,0.3176874819497763,0.3918387935261543,0,0,2.684096156457965,3.07781854672427,HSPD1
GO_Biological_Process_2023,mRNA Transcription By RNA Polymerase II (GO:0042789),1/38,0.3176874819497763,0.3918387935261543,0,0,2.684096156457965,3.07781854672427,ATF4
GO_Biological_Process_2023,Maturation Of SSU-rRNA (GO:0030490),1/38,0.3176874819497763,0.3918387935261543,0,0,2.684096156457965,3.07781854672427,RPS19
GO_Biological_Process_2023,Membrane Fission (GO:0090148),1/38,0.3176874819497763,0.3918387935261543,0,0,2.684096156457965,3.07781854672427,CHMP1B
GO_Biological_Process_2023,Negative Regulation Of Type I Interferon Production (GO:0032480),1/38,0.3176874819497763,0.3918387935261543,0,0,2.684096156457965,3.07781854672427,REL
GO_Biological_Process_2023,Positive Regulation Of Myoblast Differentiation (GO:0045663),1/38,0.3176874819497763,0.3918387935261543,0,0,2.684096156457965,3.07781854672427,BTG1
GO_Biological_Process_2023,Positive Regulation Of Production Of Molecular Mediator Of Immune Response (GO:0002702),1/38,0.3176874819497763,0.3918387935261543,0,0,2.684096156457965,3.07781854672427,HLA-E
GO_Biological_Process_2023,Regulation Of Mitochondrial Membrane Potential (GO:0051881),1/39,0.3245235847719431,0.396639936943486,0,0,2.6133298069293835,2.941033694945818,PMAIP1
GO_Biological_Process_2023,Anterograde Axonal Transport (GO:0008089),1/39,0.3245235847719431,0.396639936943486,0,0,2.6133298069293835,2.941033694945818,HSPB1
GO_Biological_Process_2023,Regulation Of Mitotic Spindle Organization (GO:0060236),1/39,0.3245235847719431,0.396639936943486,0,0,2.6133298069293835,2.941033694945818,CHMP1B
GO_Biological_Process_2023,Carboxylic Acid Transmembrane Transport (GO:1905039),1/39,0.3245235847719431,0.396639936943486,0,0,2.6133298069293835,2.941033694945818,SLC38A2
GO_Biological_Process_2023,Regulation Of Protein Targeting To Mitochondrion (GO:1903214),1/39,0.3245235847719431,0.396639936943486,0,0,2.6133298069293835,2.941033694945818,FBXW7
GO_Biological_Process_2023,Regulation Of Protein Tyrosine Kinase Activity (GO:0061097),1/39,0.3245235847719431,0.396639936943486,0,0,2.6133298069293835,2.941033694945818,EFNA1
GO_Biological_Process_2023,Regulation Of Receptor-Mediated Endocytosis (GO:0048259),1/39,0.3245235847719431,0.396639936943486,0,0,2.6133298069293835,2.941033694945818,ARF6
GO_Biological_Process_2023,Negative Regulation Of Mitochondrion Organization (GO:0010823),1/39,0.3245235847719431,0.396639936943486,0,0,2.6133298069293835,2.941033694945818,SLC25A5
GO_Biological_Process_2023,Negative Regulation Of Protein Secretion (GO:0050709),1/39,0.3245235847719431,0.396639936943486,0,0,2.6133298069293835,2.941033694945818,MIDN
GO_Biological_Process_2023,Negative Regulation Of Ubiquitin-Dependent Protein Catabolic Process (GO:2000059),1/39,0.3245235847719431,0.396639936943486,0,0,2.6133298069293835,2.941033694945818,RPS7
GO_Biological_Process_2023,Neuron Projection Extension (GO:1990138),1/39,0.3245235847719431,0.396639936943486,0,0,2.6133298069293835,2.941033694945818,HSP90AA1
GO_Biological_Process_2023,Odontogenesis (GO:0042476),1/39,0.3245235847719431,0.396639936943486,0,0,2.6133298069293835,2.941033694945818,AQP3
GO_Biological_Process_2023,Organic Substance Transport (GO:0071702),3/201,0.326038502491712,0.3981905275899534,0,0,1.5076142131979695,1.68964324994727,CHMP1B;SLC3A2;AQP3
GO_Biological_Process_2023,Cellular Response To Molecule Of Bacterial Origin (GO:0071219),2/117,0.3269820795650746,0.3987405902388579,0,0,1.7290294246815987,1.932795390467605,ZC3H12A;TNFAIP3
GO_Biological_Process_2023,Positive Regulation Of Protein Serine/Threonine Kinase Activity (GO:0071902),2/117,0.3269820795650746,0.3987405902388579,0,0,1.7290294246815987,1.932795390467605,PPP2CA;ADRB2
GO_Biological_Process_2023,Ribonucleoprotein Complex Biogenesis (GO:0022613),2/118,0.3306405252999629,0.3997749349304289,0,0,1.7140369209334727,1.8969649746192256,RPS19;RPS7
GO_Biological_Process_2023,Regulation Of Cytokine-Mediated Signaling Pathway (GO:0001959),1/40,0.3312915354401823,0.3997749349304289,0,0,2.54619250096637,2.8129227654318845,TNFAIP3
GO_Biological_Process_2023,Regulation Of Cytosolic Calcium Ion Concentration (GO:0051480),1/40,0.3312915354401823,0.3997749349304289,0,0,2.54619250096637,2.8129227654318845,CAV2
GO_Biological_Process_2023,Regulation Of Microtubule Cytoskeleton Organization (GO:0070507),1/40,0.3312915354401823,0.3997749349304289,0,0,2.54619250096637,2.8129227654318845,STMN1
GO_Biological_Process_2023,Regulation Of Microtubule Polymerization (GO:0031113),1/40,0.3312915354401823,0.3997749349304289,0,0,2.54619250096637,2.8129227654318845,STMN1
GO_Biological_Process_2023,Aortic Valve Development (GO:0003176),1/40,0.3312915354401823,0.3997749349304289,0,0,2.54619250096637,2.8129227654318845,EFNA1
GO_Biological_Process_2023,Endothelial Cell Migration (GO:0043542),1/40,0.3312915354401823,0.3997749349304289,0,0,2.54619250096637,2.8129227654318845,S100A2
GO_Biological_Process_2023,Establishment Or Maintenance Of Epithelial Cell Apical/Basal Polarity (GO:0045197),1/40,0.3312915354401823,0.3997749349304289,0,0,2.54619250096637,2.8129227654318845,EZR
GO_Biological_Process_2023,Negative Regulation Of Cell-Cell Adhesion (GO:0022408),1/40,0.3312915354401823,0.3997749349304289,0,0,2.54619250096637,2.8129227654318845,SPINT2
GO_Biological_Process_2023,Negative Regulation Of Mitotic Cell Cycle Phase Transition (GO:1901991),1/40,0.3312915354401823,0.3997749349304289,0,0,2.54619250096637,2.8129227654318845,CDKN1A
GO_Biological_Process_2023,Negative Regulation Of Protein Localization (GO:1903828),1/40,0.3312915354401823,0.3997749349304289,0,0,2.54619250096637,2.8129227654318845,YWHAZ
GO_Biological_Process_2023,Negative Regulation Of Secretion By Cell (GO:1903531),1/40,0.3312915354401823,0.3997749349304289,0,0,2.54619250096637,2.8129227654318845,VAMP8
GO_Biological_Process_2023,Nucleic Acid-Templated Transcription (GO:0097659),1/40,0.3312915354401823,0.3997749349304289,0,0,2.54619250096637,2.8129227654318845,PTMA
GO_Biological_Process_2023,Positive Regulation Of Myeloid Leukocyte Differentiation (GO:0002763),1/40,0.3312915354401823,0.3997749349304289,0,0,2.54619250096637,2.8129227654318845,CTNNBIP1
GO_Biological_Process_2023,Defense Response To Bacterium (GO:0042742),3/204,0.3342400155319526,0.4027962601921641,0,0,1.484885218577165,1.6272796745414015,RPS19;S100A14;HLA-E
GO_Biological_Process_2023,Regulation Of Protein-Containing Complex Assembly (GO:0043254),2/119,0.3342934948533607,0.4027962601921641,0,0,1.6993006993006994,1.8619848571697335,HSPA8;HSP90AA1
GO_Biological_Process_2023,DNA Duplex Unwinding (GO:0032508),1/41,0.3379920100397979,0.4060424073063546,0,0,2.4824120603015074,2.6927543377926204,HMGA1
GO_Biological_Process_2023,Carbohydrate Catabolic Process (GO:0016052),1/41,0.3379920100397979,0.4060424073063546,0,0,2.4824120603015074,2.6927543377926204,GAPDH
GO_Biological_Process_2023,Lymphocyte Migration (GO:0072676),1/41,0.3379920100397979,0.4060424073063546,0,0,2.4824120603015074,2.6927543377926204,KLF5
GO_Biological_Process_2023,Regulation Of Amide Metabolic Process (GO:0034248),1/41,0.3379920100397979,0.4060424073063546,0,0,2.4824120603015074,2.6927543377926204,PKP3
GO_Biological_Process_2023,Amino Acid Transmembrane Transport (GO:0003333),1/42,0.344625677945044,0.4130909720067726,0,0,2.4217428606446867,2.579874053958348,SLC38A2
GO_Biological_Process_2023,Ceramide Biosynthetic Process (GO:0046513),1/42,0.344625677945044,0.4130909720067726,0,0,2.4217428606446867,2.579874053958348,DEGS1
GO_Biological_Process_2023,Monocyte Chemotaxis (GO:0002548),1/42,0.344625677945044,0.4130909720067726,0,0,2.4217428606446867,2.579874053958348,RPS19
GO_Biological_Process_2023,Regulation Of Chromosome Organization (GO:0033044),1/43,0.3511932019412653,0.4172515852601219,0,0,2.363962670495334,2.473694919601735,MYC
GO_Biological_Process_2023,Regulation Of Filopodium Assembly (GO:0051489),1/43,0.3511932019412653,0.4172515852601219,0,0,2.363962670495334,2.473694919601735,ARF6
GO_Biological_Process_2023,SCF-dependent Proteasomal Ubiquitin-Dependent Protein Catabolic Process (GO:0031146),1/43,0.3511932019412653,0.4172515852601219,0,0,2.363962670495334,2.473694919601735,FBXW7
GO_Biological_Process_2023,Response To Amyloid-Beta (GO:1904645),1/43,0.3511932019412653,0.4172515852601219,0,0,2.363962670495334,2.473694919601735,ADRB2
GO_Biological_Process_2023,Intracellular Glucose Homeostasis (GO:0001678),1/43,0.3511932019412653,0.4172515852601219,0,0,2.363962670495334,2.473694919601735,TRA2B
GO_Biological_Process_2023,Intracellular Steroid Hormone Receptor Signaling Pathway (GO:0030518),1/43,0.3511932019412653,0.4172515852601219,0,0,2.363962670495334,2.473694919601735,DDX5
GO_Biological_Process_2023,mRNA Catabolic Process (GO:0006402),1/43,0.3511932019412653,0.4172515852601219,0,0,2.363962670495334,2.473694919601735,DDX5
GO_Biological_Process_2023,mRNA Destabilization (GO:0061157),1/43,0.3511932019412653,0.4172515852601219,0,0,2.363962670495334,2.473694919601735,ZC3H12A
GO_Biological_Process_2023,Positive Regulation Of Cell-Matrix Adhesion (GO:0001954),1/43,0.3511932019412653,0.4172515852601219,0,0,2.363962670495334,2.473694919601735,JUP
GO_Biological_Process_2023,Regulation Of JUN Kinase Activity (GO:0043506),1/43,0.3511932019412653,0.4172515852601219,0,0,2.363962670495334,2.473694919601735,DNAJA1
GO_Biological_Process_2023,Regulation Of Cell-Cell Adhesion (GO:0022407),1/43,0.3511932019412653,0.4172515852601219,0,0,2.363962670495334,2.473694919601735,SPINT2
GO_Biological_Process_2023,Regulation Of Cellular Component Size (GO:0032535),1/43,0.3511932019412653,0.4172515852601219,0,0,2.363962670495334,2.473694919601735,EZR
GO_Biological_Process_2023,Cellular Response To Lipopolysaccharide (GO:0071222),2/124,0.3524674479014492,0.4181510368720788,0,0,1.6292432521940718,1.698969987670421,ZC3H12A;TNFAIP3
GO_Biological_Process_2023,Neuron Projection Guidance (GO:0097485),2/124,0.3524674479014492,0.4181510368720788,0,0,1.6292432521940718,1.698969987670421,VASP;EFNA1
GO_Biological_Process_2023,Response To Cytokine (GO:0034097),2/125,0.3560823858036039,0.421569387978476,0,0,1.6159152500615914,1.668583024830908,REL;MCL1
GO_Biological_Process_2023,Regulation Of Transport (GO:0051049),1/44,0.3576952382847675,0.421569387978476,0,0,2.308869931050602,2.373689018141451,DNAJA1
GO_Biological_Process_2023,Establishment Of Protein Localization To Mitochondrion (GO:0072655),1/44,0.3576952382847675,0.421569387978476,0,0,2.308869931050602,2.373689018141451,HSPD1
GO_Biological_Process_2023,Lymphocyte Chemotaxis (GO:0048247),1/44,0.3576952382847675,0.421569387978476,0,0,2.308869931050602,2.373689018141451,KLF5
GO_Biological_Process_2023,Negative Regulation Of Immune System Process (GO:0002683),1/44,0.3576952382847675,0.421569387978476,0,0,2.308869931050602,2.373689018141451,TNFAIP3
GO_Biological_Process_2023,Positive Regulation Of Chemotaxis (GO:0050921),1/44,0.3576952382847675,0.421569387978476,0,0,2.308869931050602,2.373689018141451,HSPB1
GO_Biological_Process_2023,Positive Regulation Of Leukocyte Cell-Cell Adhesion (GO:1903039),1/44,0.3576952382847675,0.421569387978476,0,0,2.308869931050602,2.373689018141451,HSPD1
GO_Biological_Process_2023,Positive Regulation Of Osteoblast Differentiation (GO:0045669),1/44,0.3576952382847675,0.421569387978476,0,0,2.308869931050602,2.373689018141451,CTNNBIP1
GO_Biological_Process_2023,Regulation Of DNA Recombination (GO:0000018),1/44,0.3576952382847675,0.421569387978476,0,0,2.308869931050602,2.373689018141451,KPNA2
GO_Biological_Process_2023,Regulation Of Stem Cell Differentiation (GO:2000736),1/45,0.3641324366778817,0.4279085393227723,0,0,2.256281407035176,2.279380404926681,TACSTD2
GO_Biological_Process_2023,Chromosome Organization (GO:0051276),1/45,0.3641324366778817,0.4279085393227723,0,0,2.256281407035176,2.279380404926681,MYC
GO_Biological_Process_2023,Natural Killer Cell Activation (GO:0030101),1/45,0.3641324366778817,0.4279085393227723,0,0,2.256281407035176,2.279380404926681,PRDX1
GO_Biological_Process_2023,Regulation Of Apoptotic Signaling Pathway (GO:2001233),1/45,0.3641324366778817,0.4279085393227723,0,0,2.256281407035176,2.279380404926681,PPIA
GO_Biological_Process_2023,Regulation Of Cytokine Production Involved In Inflammatory Response (GO:1900015),1/46,0.3705054405101429,0.4325684457075097,0,0,2.2060301507537687,2.1903389894516705,ZC3H12A
GO_Biological_Process_2023,Regulation Of Epidermal Growth Factor Receptor Signaling Pathway (GO:0042058),1/46,0.3705054405101429,0.4325684457075097,0,0,2.2060301507537687,2.1903389894516705,ERRFI1
GO_Biological_Process_2023,Regulation Of Interleukin-10 Production (GO:0032653),1/46,0.3705054405101429,0.4325684457075097,0,0,2.2060301507537687,2.1903389894516705,HSPD1
GO_Biological_Process_2023,Response To Glucose (GO:0009749),1/46,0.3705054405101429,0.4325684457075097,0,0,2.2060301507537687,2.1903389894516705,TRA2B
GO_Biological_Process_2023,Epithelial Cell Migration (GO:0010631),1/46,0.3705054405101429,0.4325684457075097,0,0,2.2060301507537687,2.1903389894516705,S100A2
GO_Biological_Process_2023,Vacuolar Transport (GO:0007034),1/46,0.3705054405101429,0.4325684457075097,0,0,2.2060301507537687,2.1903389894516705,CHMP1B
GO_Biological_Process_2023,Intracellular Protein Transmembrane Transport (GO:0065002),1/46,0.3705054405101429,0.4325684457075097,0,0,2.2060301507537687,2.1903389894516705,HSPD1
GO_Biological_Process_2023,Mitotic G2/M Transition Checkpoint (GO:0044818),1/46,0.3705054405101429,0.4325684457075097,0,0,2.2060301507537687,2.1903389894516705,CDKN1A
GO_Biological_Process_2023,Negative Regulation Of Cold-Induced Thermogenesis (GO:0120163),1/46,0.3705054405101429,0.4325684457075097,0,0,2.2060301507537687,2.1903389894516705,ATF4
GO_Biological_Process_2023,Golgi Organization (GO:0007030),2/130,0.3740455278662269,0.4363864491772648,0,0,1.5523989898989898,1.5265946362115397,CSNK1A1;YWHAZ
GO_Biological_Process_2023,Positive Regulation Of MAPK Cascade (GO:0043410),4/310,0.3754241757308193,0.4376790859096863,0,0,1.3001200480192077,1.2737259949705566,FBXW7;CAV2;ADRB2;PPIA
GO_Biological_Process_2023,Golgi To Plasma Membrane Transport (GO:0006893),1/47,0.376814886705751,0.4380371472345071,0,0,2.1579637317019884,2.1061752538856453,RAB10
GO_Biological_Process_2023,Regulation Of Signal Transduction By P53 Class Mediator (GO:1901796),1/47,0.376814886705751,0.4380371472345071,0,0,2.1579637317019884,2.1061752538856453,SGK1
GO_Biological_Process_2023,Negative Regulation Of Hydrolase Activity (GO:0051346),1/47,0.376814886705751,0.4380371472345071,0,0,2.1579637317019884,2.1061752538856453,CSTA
GO_Biological_Process_2023,Positive Regulation Of Lymphocyte Activation (GO:0051251),1/47,0.376814886705751,0.4380371472345071,0,0,2.1579637317019884,2.1061752538856453,HSPD1
GO_Biological_Process_2023,Plasma Membrane Bounded Cell Projection Organization (GO:0120036),2/132,0.3811748654446817,0.4427871820575074,0,0,1.5283605283605284,1.4740992128790684,BTG2;STMN1
GO_Biological_Process_2023,Cellular Response To Radiation (GO:0071478),1/48,0.3830614060395898,0.4433860369119661,0,0,2.111942692184326,2.026535673888961,CDKN1A
GO_Biological_Process_2023,Regulation Of Tumor Necrosis Factor-Mediated Signaling Pathway (GO:0010803),1/48,0.3830614060395898,0.4433860369119661,0,0,2.111942692184326,2.026535673888961,TNFAIP3
GO_Biological_Process_2023,Cytoplasmic Microtubule Organization (GO:0031122),1/48,0.3830614060395898,0.4433860369119661,0,0,2.111942692184326,2.026535673888961,EZR
GO_Biological_Process_2023,Myelination (GO:0042552),1/48,0.3830614060395898,0.4433860369119661,0,0,2.111942692184326,2.026535673888961,DEGS1
GO_Biological_Process_2023,Negative Regulation Of ERK1 And ERK2 Cascade (GO:0070373),1/48,0.3830614060395898,0.4433860369119661,0,0,2.111942692184326,2.026535673888961,EZR
GO_Biological_Process_2023,Positive Regulation Of Cellular Process (GO:0048522),7/594,0.383825902094182,0.4439531356840431,0,0,1.1871287216107194,1.1367543497439645,SERTAD1;MYC;NAMPT;SLC25A5;AREG;EIF4G2;HBEGF
GO_Biological_Process_2023,Antigen Receptor-Mediated Signaling Pathway (GO:0050851),2/134,0.3882699094247467,0.4482978435456121,0,0,1.505050505050505,1.423859860762401,ZC3H12A;NFKBIZ
GO_Biological_Process_2023,Antibacterial Humoral Response (GO:0019731),1/49,0.3892456229672477,0.4482978435456121,0,0,2.0678391959799,1.9510987409424116,HLA-E
GO_Biological_Process_2023,Autophagy Of Mitochondrion (GO:0000422),1/49,0.3892456229672477,0.4482978435456121,0,0,2.0678391959799,1.9510987409424116,MAP1LC3B
GO_Biological_Process_2023,Unsaturated Fatty Acid Metabolic Process (GO:0033559),1/49,0.3892456229672477,0.4482978435456121,0,0,2.0678391959799,1.9510987409424116,DEGS1
GO_Biological_Process_2023,Proton Transmembrane Transport (GO:1902600),1/49,0.3892456229672477,0.4482978435456121,0,0,2.0678391959799,1.9510987409424116,ATP1A1
GO_Biological_Process_2023,Regulation Of Cell Communication (GO:0010646),1/49,0.3892456229672477,0.4482978435456121,0,0,2.0678391959799,1.9510987409424116,CXADR
GO_Biological_Process_2023,Regulation Of Interleukin-12 Production (GO:0032655),1/50,0.3953681557510544,0.4527693398367245,0,0,2.025535842477695,1.8795714928238212,HSPD1
GO_Biological_Process_2023,Regulation Of Mitochondrion Organization (GO:0010821),1/50,0.3953681557510544,0.4527693398367245,0,0,2.025535842477695,1.8795714928238212,FBXW7
GO_Biological_Process_2023,Intracellular Iron Ion Homeostasis (GO:0006879),1/50,0.3953681557510544,0.4527693398367245,0,0,2.025535842477695,1.8795714928238212,MYC
GO_Biological_Process_2023,Mitotic Metaphase Plate Congression (GO:0007080),1/50,0.3953681557510544,0.4527693398367245,0,0,2.025535842477695,1.8795714928238212,CHMP1B
GO_Biological_Process_2023,Plasma Membrane Bounded Cell Projection Morphogenesis (GO:0120039),1/50,0.3953681557510544,0.4527693398367245,0,0,2.025535842477695,1.8795714928238212,SGK1
GO_Biological_Process_2023,Positive Regulation Of Fat Cell Differentiation (GO:0045600),1/50,0.3953681557510544,0.4527693398367245,0,0,2.025535842477695,1.8795714928238212,ZC3H12A
GO_Biological_Process_2023,Positive Regulation Of Transport (GO:0051050),1/50,0.3953681557510544,0.4527693398367245,0,0,2.025535842477695,1.8795714928238212,SGK1
GO_Biological_Process_2023,Pyruvate Metabolic Process (GO:0006090),1/50,0.3953681557510544,0.4527693398367245,0,0,2.025535842477695,1.8795714928238212,GAPDH
GO_Biological_Process_2023,Proteasome-Mediated Ubiquitin-Dependent Protein Catabolic Process (GO:0043161),4/319,0.3957846283193225,0.4529255088410082,0,0,1.2623906705539358,1.1700910821591446,CSNK1A1;FBXW7;PELI1;NFE2L2
GO_Biological_Process_2023,Potassium Ion Transmembrane Transport (GO:0071805),2/137,0.3988450044858849,0.4557825952322797,0,0,1.4713804713804717,1.3524670293145111,ATP1B3;ATP1A1
GO_Biological_Process_2023,Protein Localization To Organelle (GO:0033365),2/137,0.3988450044858849,0.4557825952322797,0,0,1.4713804713804717,1.3524670293145111,DNAJA1;ARF6
GO_Biological_Process_2023,RNA Modification (GO:0009451),1/51,0.4014296166851454,0.4567992189865447,0,0,1.984924623115578,1.8116864795932897,HNRNPAB
GO_Biological_Process_2023,Amide Biosynthetic Process (GO:0043604),1/51,0.4014296166851454,0.4567992189865447,0,0,1.984924623115578,1.8116864795932897,DEGS1
GO_Biological_Process_2023,Metaphase Plate Congression (GO:0051310),1/51,0.4014296166851454,0.4567992189865447,0,0,1.984924623115578,1.8116864795932897,CHMP1B
GO_Biological_Process_2023,Negative Regulation Of MAP Kinase Activity (GO:0043407),1/51,0.4014296166851454,0.4567992189865447,0,0,1.984924623115578,1.8116864795932897,DNAJA1
GO_Biological_Process_2023,Positive Regulation Of Actin Filament Bundle Assembly (GO:0032233),1/51,0.4014296166851454,0.4567992189865447,0,0,1.984924623115578,1.8116864795932897,PFN1
GO_Biological_Process_2023,Positive Regulation Of Leukocyte Mediated Cytotoxicity (GO:0001912),1/51,0.4014296166851454,0.4567992189865447,0,0,1.984924623115578,1.8116864795932897,HLA-E
GO_Biological_Process_2023,Regulation Of Protein Localization To Nucleus (GO:1900180),1/52,0.4074306117999475,0.4616785559078593,0,0,1.9459060005911912,1.7471991060741807,YWHAZ
GO_Biological_Process_2023,Cardiac Muscle Tissue Development (GO:0048738),1/52,0.4074306117999475,0.4616785559078593,0,0,1.9459060005911912,1.7471991060741807,KDM6B
GO_Biological_Process_2023,Cellular Response To Ionizing Radiation (GO:0071479),1/52,0.4074306117999475,0.4616785559078593,0,0,1.9459060005911912,1.7471991060741807,CDKN1A
GO_Biological_Process_2023,Negative Regulation Of Response To Stimulus (GO:0048585),1/52,0.4074306117999475,0.4616785559078593,0,0,1.9459060005911912,1.7471991060741807,PIM3
GO_Biological_Process_2023,Neurotransmitter Transport (GO:0006836),1/52,0.4074306117999475,0.4616785559078593,0,0,1.9459060005911912,1.7471991060741807,SLC38A2
GO_Biological_Process_2023,Regulation Of Cell Development (GO:0060284),1/52,0.4074306117999475,0.4616785559078593,0,0,1.9459060005911912,1.7471991060741807,RPS19
GO_Biological_Process_2023,Negative Regulation Of Wnt Signaling Pathway (GO:0030178),2/140,0.4093350504017323,0.4635117482490204,0,0,1.4391743522178304,1.28550113423387,CSNK1A1;CTNNBIP1
GO_Biological_Process_2023,Actin Polymerization Or Depolymerization (GO:0008154),1/53,0.4133717413870322,0.4657993768800216,0,0,1.9083880943177425,1.6858852917962188,CFL1
GO_Biological_Process_2023,Regulation Of Macromolecule Biosynthetic Process (GO:0010556),1/53,0.4133717413870322,0.4657993768800216,0,0,1.9083880943177425,1.6858852917962188,PKP3
GO_Biological_Process_2023,Regulation Of Proteasomal Protein Catabolic Process (GO:0061136),1/53,0.4133717413870322,0.4657993768800216,0,0,1.9083880943177425,1.6858852917962188,FBXW7
GO_Biological_Process_2023,Regulation Of Receptor Signaling Pathway Via JAK-STAT (GO:0046425),1/53,0.4133717413870322,0.4657993768800216,0,0,1.9083880943177425,1.6858852917962188,OCIAD2
GO_Biological_Process_2023,Cellular Response To Alcohol (GO:0097306),1/53,0.4133717413870322,0.4657993768800216,0,0,1.9083880943177425,1.6858852917962188,JUP
GO_Biological_Process_2023,mRNA Stabilization (GO:0048255),1/53,0.4133717413870322,0.4657993768800216,0,0,1.9083880943177425,1.6858852917962188,TENT5B
GO_Biological_Process_2023,Negative Regulation Of Metabolic Process (GO:0009892),1/53,0.4133717413870322,0.4657993768800216,0,0,1.9083880943177425,1.6858852917962188,ATF4
GO_Biological_Process_2023,Regulation Of Focal Adhesion Assembly (GO:0051893),1/54,0.4192535996279672,0.4711140170941091,0,0,1.8722859580923483,1.627539412897697,DYNLL1
GO_Biological_Process_2023,Regulation Of Myoblast Differentiation (GO:0045661),1/54,0.4192535996279672,0.4711140170941091,0,0,1.8722859580923483,1.627539412897697,BTG1
GO_Biological_Process_2023,Positive Regulation Of Leukocyte Chemotaxis (GO:0002690),1/54,0.4192535996279672,0.4711140170941091,0,0,1.8722859580923483,1.627539412897697,S100A14
GO_Biological_Process_2023,Protein K63-linked Ubiquitination (GO:0070534),1/54,0.4192535996279672,0.4711140170941091,0,0,1.8722859580923483,1.627539412897697,PELI1
GO_Biological_Process_2023,"Regulation Of Synaptic Transmission, Glutamatergic (GO:0051966)",1/55,0.4250767749174149,0.4773257951676805,0,0,1.8375209380234503,1.5719724807707876,SLC38A2
GO_Biological_Process_2023,Neuron Projection Morphogenesis (GO:0048812),2/146,0.4300431951119408,0.481792026974546,0,0,1.378787878787879,1.1635172055269425,RAB10;SGK1
GO_Biological_Process_2023,Regulation Of Mitotic Nuclear Division (GO:0007088),1/56,0.4308418497249187,0.481792026974546,0,0,1.8040201005025125,1.5190105312629705,CAV2
GO_Biological_Process_2023,Regulation Of Stem Cell Population Maintenance (GO:2000036),1/56,0.4308418497249187,0.481792026974546,0,0,1.8040201005025125,1.5190105312629705,MYC
GO_Biological_Process_2023,Cellular Response To Peptide (GO:1901653),1/56,0.4308418497249187,0.481792026974546,0,0,1.8040201005025125,1.5190105312629705,ADRB2
GO_Biological_Process_2023,Mitotic DNA Damage Checkpoint Signaling (GO:0044773),1/56,0.4308418497249187,0.481792026974546,0,0,1.8040201005025125,1.5190105312629705,CDKN1A
GO_Biological_Process_2023,post-Golgi Vesicle-Mediated Transport (GO:0006892),1/56,0.4308418497249187,0.481792026974546,0,0,1.8040201005025125,1.5190105312629705,RAB10
GO_Biological_Process_2023,Membrane Lipid Biosynthetic Process (GO:0046467),1/57,0.4365494010474847,0.4868278493060571,0,0,1.7717157214644652,1.4684931926330618,DEGS1
GO_Biological_Process_2023,Monoatomic Anion Transport (GO:0006820),1/57,0.4365494010474847,0.4868278493060571,0,0,1.7717157214644652,1.4684931926330618,FXYD3
GO_Biological_Process_2023,Positive Regulation Of Interleukin-1 Beta Production (GO:0032731),1/57,0.4365494010474847,0.4868278493060571,0,0,1.7717157214644652,1.4684931926330618,HSPB1
GO_Biological_Process_2023,Post-Transcriptional Regulation Of Gene Expression (GO:0010608),1/57,0.4365494010474847,0.4868278493060571,0,0,1.7717157214644652,1.4684931926330618,PKP3
GO_Biological_Process_2023,Axon Guidance (GO:0007411),2/149,0.4402536949587857,0.490282523931375,0,0,1.3504432075860646,1.107909196685694,VASP;EFNA1
GO_Biological_Process_2023,Skeletal System Development (GO:0001501),2/149,0.4402536949587857,0.490282523931375,0,0,1.3504432075860646,1.107909196685694,PRDX1;ETS2
GO_Biological_Process_2023,Selective Autophagy (GO:0061912),1/58,0.4421999998339941,0.491097115200253,0,0,1.740544829410209,1.4202724160163902,MAP1LC3B
GO_Biological_Process_2023,Inorganic Anion Transport (GO:0015698),1/58,0.4421999998339941,0.491097115200253,0,0,1.740544829410209,1.4202724160163902,FXYD3
GO_Biological_Process_2023,Muscle Organ Development (GO:0007517),1/58,0.4421999998339941,0.491097115200253,0,0,1.740544829410209,1.4202724160163902,HBEGF
GO_Biological_Process_2023,Positive Regulation Of Type II Interferon Production (GO:0032729),1/58,0.4421999998339941,0.491097115200253,0,0,1.740544829410209,1.4202724160163902,HSPD1
GO_Biological_Process_2023,Neuron Development (GO:0048666),2/150,0.4436350681034258,0.4923527145663964,0,0,1.3412503412503411,1.0901052026516995,BTG2;STMN1
GO_Biological_Process_2023,Cellular Response To Chemokine (GO:1990869),1/59,0.4477942115947188,0.4949304443941629,0,0,1.7104487957026513,1.3742113392020114,ZC3H12A
GO_Biological_Process_2023,Regulation Of Type I Interferon Production (GO:0032479),1/59,0.4477942115947188,0.4949304443941629,0,0,1.7104487957026513,1.3742113392020114,GAPDH
GO_Biological_Process_2023,Glucose Metabolic Process (GO:0006006),1/59,0.4477942115947188,0.4949304443941629,0,0,1.7104487957026513,1.3742113392020114,ATF4
GO_Biological_Process_2023,Heart Morphogenesis (GO:0003007),1/59,0.4477942115947188,0.4949304443941629,0,0,1.7104487957026513,1.3742113392020114,DYNLL1
GO_Biological_Process_2023,Positive Regulation Of Protein Binding (GO:0032092),1/59,0.4477942115947188,0.4949304443941629,0,0,1.7104487957026513,1.3742113392020114,PPP2CA
GO_Biological_Process_2023,Regulation Of Cell Death (GO:0010941),1/59,0.4477942115947188,0.4949304443941629,0,0,1.7104487957026513,1.3742113392020114,CHMP1B
GO_Biological_Process_2023,Regulation Of Extrinsic Apoptotic Signaling Pathway (GO:2001236),1/60,0.4533325962584122,0.4996856224607038,0,0,1.681372966527553,1.330183274831934,TNFRSF12A
GO_Biological_Process_2023,Response To Retinoic Acid (GO:0032526),1/60,0.4533325962584122,0.4996856224607038,0,0,1.681372966527553,1.330183274831934,AQP3
GO_Biological_Process_2023,Homophilic Cell Adhesion Via Plasma Membrane Adhesion Molecules (GO:0007156),1/60,0.4533325962584122,0.4996856224607038,0,0,1.681372966527553,1.330183274831934,MPZL2
GO_Biological_Process_2023,protein-DNA Complex Organization (GO:0071824),1/60,0.4533325962584122,0.4996856224607038,0,0,1.681372966527553,1.330183274831934,MYC
GO_Biological_Process_2023,BMP Signaling Pathway (GO:0030509),1/61,0.4588157080798082,0.5043541808056083,0,0,1.6532663316582914,1.288070804786777,DDX5
GO_Biological_Process_2023,Autophagosome Organization (GO:1905037),1/61,0.4588157080798082,0.5043541808056083,0,0,1.6532663316582914,1.288070804786777,MAP1LC3B
GO_Biological_Process_2023,Negative Regulation Of Viral Process (GO:0048525),1/61,0.4588157080798082,0.5043541808056083,0,0,1.6532663316582914,1.288070804786777,PPIA
GO_Biological_Process_2023,Positive Regulation Of Cell Junction Assembly (GO:1901890),1/61,0.4588157080798082,0.5043541808056083,0,0,1.6532663316582914,1.288070804786777,EPHA2
GO_Biological_Process_2023,Cellular Response To Growth Factor Stimulus (GO:0071363),2/155,0.4603707970895622,0.5053764961940408,0,0,1.29708853238265,1.006181451159133,MAP2K3;HSPB1
GO_Biological_Process_2023,Ribosome Biogenesis (GO:0042254),2/155,0.4603707970895622,0.5053764961940408,0,0,1.29708853238265,1.006181451159133,RPS19;RPS7
GO_Biological_Process_2023,Regulation Of Embryonic Development (GO:0045995),1/62,0.4642440960951576,0.5079044001257578,0,0,1.6260812258011368,1.2477649663473405,CFL1
GO_Biological_Process_2023,RNA Methylation (GO:0001510),1/62,0.4642440960951576,0.5079044001257578,0,0,1.6260812258011368,1.2477649663473405,SNRPB
GO_Biological_Process_2023,Spliceosomal Complex Assembly (GO:0000245),1/62,0.4642440960951576,0.5079044001257578,0,0,1.6260812258011368,1.2477649663473405,SNRPB
GO_Biological_Process_2023,Phosphatidylinositol-Mediated Signaling (GO:0048015),1/62,0.4642440960951576,0.5079044001257578,0,0,1.6260812258011368,1.2477649663473405,EZR
GO_Biological_Process_2023,Regulation Of T Cell Activation (GO:0050863),1/62,0.4642440960951576,0.5079044001257578,0,0,1.6260812258011368,1.2477649663473405,HSPD1
GO_Biological_Process_2023,Protein Polymerization (GO:0051258),1/63,0.4696183035751055,0.5130897276222606,0,0,1.5997730588426,1.2091645247691418,KRT5
GO_Biological_Process_2023,Regulation Of Cellular Catabolic Process (GO:0031329),1/63,0.4696183035751055,0.5130897276222606,0,0,1.5997730588426,1.2091645247691418,HSPB1
GO_Biological_Process_2023,Regulation Of Secretion By Cell (GO:1903530),1/64,0.4749388686968527,0.5171556570254617,0,0,1.574300071787509,1.1721753146425786,VAMP8
GO_Biological_Process_2023,Endocytic Recycling (GO:0032456),1/64,0.4749388686968527,0.5171556570254617,0,0,1.574300071787509,1.1721753146425786,ARF6
GO_Biological_Process_2023,Negative Regulation Of Cell Death (GO:0060548),1/64,0.4749388686968527,0.5171556570254617,0,0,1.574300071787509,1.1721753146425786,CHMP1B
GO_Biological_Process_2023,Positive Regulation Of T Cell Differentiation (GO:0045582),1/64,0.4749388686968527,0.5171556570254617,0,0,1.574300071787509,1.1721753146425786,PNP
GO_Biological_Process_2023,Positive Regulation Of Interleukin-1 Production (GO:0032732),1/64,0.4749388686968527,0.5171556570254617,0,0,1.574300071787509,1.1721753146425786,HSPB1
GO_Biological_Process_2023,Cytokine-Mediated Signaling Pathway (GO:0019221),3/257,0.4756560100097482,0.5175880001250086,0,0,1.1718693792717534,0.87076967585955,NFKBIA;ACTN4;PLP2
GO_Biological_Process_2023,Autophagosome Assembly (GO:0000045),1/65,0.4802063242660991,0.520438087358098,0,0,1.5496231155778897,1.1367096495006708,MAP1LC3B
GO_Biological_Process_2023,Canonical Wnt Signaling Pathway (GO:0060070),1/65,0.4802063242660991,0.520438087358098,0,0,1.5496231155778897,1.1367096495006708,JUP
GO_Biological_Process_2023,Regulation Of Tyrosine Phosphorylation Of STAT Protein (GO:0042509),1/65,0.4802063242660991,0.520438087358098,0,0,1.5496231155778897,1.1367096495006708,PPP2CA
GO_Biological_Process_2023,Fatty Acid Biosynthetic Process (GO:0006633),1/65,0.4802063242660991,0.520438087358098,0,0,1.5496231155778897,1.1367096495006708,DEGS1
GO_Biological_Process_2023,Positive Regulation Of T Cell Proliferation (GO:0042102),1/65,0.4802063242660991,0.520438087358098,0,0,1.5496231155778897,1.1367096495006708,PNP
GO_Biological_Process_2023,Regulation Of Cell-Matrix Adhesion (GO:0001952),1/65,0.4802063242660991,0.520438087358098,0,0,1.5496231155778897,1.1367096495006708,JUP
GO_Biological_Process_2023,Cellular Response To BMP Stimulus (GO:0071773),1/66,0.4854211976341649,0.5253855934233231,0,0,1.525705450328566,1.1026857881843173,DDX5
GO_Biological_Process_2023,Cellular Response To Type II Interferon (GO:0071346),1/66,0.4854211976341649,0.5253855934233231,0,0,1.525705450328566,1.1026857881843173,GAPDH
GO_Biological_Process_2023,Regulation Of Viral Genome Replication (GO:0045069),1/67,0.4905840112592053,0.530618291776679,0,0,1.5025125628140703,1.0700274503610792,PPIA
GO_Biological_Process_2023,DNA-templated DNA Replication (GO:0006261),1/69,0.500755522308534,0.5408962455396791,0,0,1.4581732190363583,1.0085269537658983,HMGA1
GO_Biological_Process_2023,Establishment Of Protein Localization To Membrane (GO:0090150),1/69,0.500755522308534,0.5408962455396791,0,0,1.4581732190363583,1.0085269537658983,RAB10
GO_Biological_Process_2023,Sulfur Compound Biosynthetic Process (GO:0044272),1/70,0.5057652387756465,0.545214927400147,0,0,1.4369674459252786,0.9795558086095748,MAT2A
GO_Biological_Process_2023,Regulation Of Notch Signaling Pathway (GO:0008593),1/70,0.5057652387756465,0.545214927400147,0,0,1.4369674459252786,0.9795558086095748,FBXW7
GO_Biological_Process_2023,Regulation Of Cellular Biosynthetic Process (GO:0031326),1/70,0.5057652387756465,0.545214927400147,0,0,1.4369674459252786,0.9795558086095748,PKP3
GO_Biological_Process_2023,Myeloid Leukocyte Differentiation (GO:0002573),1/71,0.5107249334696091,0.5498283737818628,0,0,1.416367552045944,0.9516915272016224,EPHA2
GO_Biological_Process_2023,Positive Regulation Of Cell-Substrate Adhesion (GO:0010811),1/71,0.5107249334696091,0.5498283737818628,0,0,1.416367552045944,0.9516915272016224,JUP
GO_Biological_Process_2023,Metal Ion Transport (GO:0030001),2/171,0.5118910416934445,0.550717108728077,0,0,1.1733309425617118,0.7857134223531504,SLC3A2;SGK1
GO_Biological_Process_2023,Second-Messenger-Mediated Signaling (GO:0019932),1/72,0.5156351033007534,0.5532727020818302,0,0,1.396347936867436,0.9248793332622998,PPP2CA
GO_Biological_Process_2023,Negative Regulation Of Catabolic Process (GO:0009895),1/72,0.5156351033007534,0.5532727020818302,0,0,1.396347936867436,0.9248793332622998,RPS7
GO_Biological_Process_2023,Negative Regulation Of Cell Adhesion (GO:0007162),1/72,0.5156351033007534,0.5532727020818302,0,0,1.396347936867436,0.9248793332622998,SPINT2
GO_Biological_Process_2023,Protein Targeting To Membrane (GO:0006612),1/72,0.5156351033007534,0.5532727020818302,0,0,1.396347936867436,0.9248793332622998,ARL6IP1
GO_Biological_Process_2023,DNA Replication (GO:0006260),1/73,0.5204962404113022,0.5577484564248347,0,0,1.3768844221105527,0.8990678202624621,BAZ1A
GO_Biological_Process_2023,Monocarboxylic Acid Transport (GO:0015718),1/73,0.5204962404113022,0.5577484564248347,0,0,1.3768844221105527,0.8990678202624621,FABP5
GO_Biological_Process_2023,Regulation Of Neuron Projection Development (GO:0010975),2/174,0.521188450322183,0.5581203471330927,0,0,1.1526896875734085,0.7511428504980086,CFL1;FKBP4
GO_Biological_Process_2023,Regulation Of mRNA Stability (GO:0043488),1/74,0.5253088319278648,0.5614173041819944,0,0,1.3579541543333105,0.8742087038575203,TENT5B
GO_Biological_Process_2023,Gland Development (GO:0048732),1/74,0.5253088319278648,0.5614173041819944,0,0,1.3579541543333105,0.8742087038575203,EZR
GO_Biological_Process_2023,Import Into Nucleus (GO:0051170),1/74,0.5253088319278648,0.5614173041819944,0,0,1.3579541543333105,0.8742087038575203,KPNA2
GO_Biological_Process_2023,Regulation Of Fat Cell Differentiation (GO:0045598),1/75,0.5300733603880184,0.5657614678200831,0,0,1.3395355154149124,0.8502565938086776,ZC3H12A
GO_Biological_Process_2023,Defense Response To Gram-negative Bacterium (GO:0050829),1/75,0.5300733603880184,0.5657614678200831,0,0,1.3395355154149124,0.8502565938086776,RPS19
GO_Biological_Process_2023,Positive Regulation Of Interleukin-6 Production (GO:0032755),1/76,0.5347903032317255,0.5704194725103563,0,0,1.321608040201005,0.8271687875669174,HSPD1
GO_Biological_Process_2023,Regulation Of Immune Response (GO:0050776),1/77,0.5394601334395485,0.5720046136208197,0,0,1.3041523406506217,0.8049050782659102,NFE2L2
GO_Biological_Process_2023,Actomyosin Structure Organization (GO:0031032),1/77,0.5394601334395485,0.5720046136208197,0,0,1.3041523406506217,0.8049050782659102,PDLIM1
GO_Biological_Process_2023,Cell Morphogenesis Involved In Neuron Differentiation (GO:0048667),1/77,0.5394601334395485,0.5720046136208197,0,0,1.3041523406506217,0.8049050782659102,RAB10
GO_Biological_Process_2023,Chloride Transport (GO:0006821),1/77,0.5394601334395485,0.5720046136208197,0,0,1.3041523406506217,0.8049050782659102,FXYD3
GO_Biological_Process_2023,Embryonic Organ Development (GO:0048568),1/77,0.5394601334395485,0.5720046136208197,0,0,1.3041523406506217,0.8049050782659102,ATF4
GO_Biological_Process_2023,Sphingolipid Biosynthetic Process (GO:0030148),1/77,0.5394601334395485,0.5720046136208197,0,0,1.3041523406506217,0.8049050782659102,DEGS1
GO_Biological_Process_2023,Monoatomic Cation Homeostasis (GO:0055080),1/77,0.5394601334395485,0.5720046136208197,0,0,1.3041523406506217,0.8049050782659102,S100A14
GO_Biological_Process_2023,Positive Regulation Of Synaptic Transmission (GO:0050806),1/77,0.5394601334395485,0.5720046136208197,0,0,1.3041523406506217,0.8049050782659102,PLK2
GO_Biological_Process_2023,Regulation Of T Cell Proliferation (GO:0042129),1/77,0.5394601334395485,0.5720046136208197,0,0,1.3041523406506217,0.8049050782659102,PNP
GO_Biological_Process_2023,Regulation Of Neuron Differentiation (GO:0045664),1/79,0.5486603241296241,0.5806176335848181,0,0,1.2705836876691148,0.7627005714660321,YWHAH
GO_Biological_Process_2023,Response To Insulin (GO:0032868),1/79,0.5486603241296241,0.5806176335848181,0,0,1.2705836876691148,0.7627005714660321,RAB10
GO_Biological_Process_2023,Protein Import Into Nucleus (GO:0006606),1/79,0.5486603241296241,0.5806176335848181,0,0,1.2705836876691148,0.7627005714660321,KPNA2
GO_Biological_Process_2023,Regulation Of Cytokinesis (GO:0032465),1/80,0.5531916072648388,0.5842657275945424,0,0,1.254436740665352,0.7426903392796255,KLHL21
GO_Biological_Process_2023,Response To Type II Interferon (GO:0034341),1/80,0.5531916072648388,0.5842657275945424,0,0,1.254436740665352,0.7426903392796255,GAPDH
GO_Biological_Process_2023,Negative Regulation Of Protein Serine/Threonine Kinase Activity (GO:0071901),1/80,0.5531916072648388,0.5842657275945424,0,0,1.254436740665352,0.7426903392796255,CDKN1A
GO_Biological_Process_2023,Cellular Response To Interleukin-1 (GO:0071347),1/81,0.5576776229377498,0.5882353009069415,0,0,1.2386934673366834,0.7233650516865618,ZC3H12A
GO_Biological_Process_2023,Positive Regulation Of Growth (GO:0045927),1/81,0.5576776229377498,0.5882353009069415,0,0,1.2386934673366834,0.7233650516865618,EIF4G2
GO_Biological_Process_2023,Cellular Response To Organic Substance (GO:0071310),1/82,0.5621188211968801,0.5921473184855732,0,0,1.2233389168062534,0.7046946278996441,TIPARP
GO_Biological_Process_2023,Negative Regulation Of Apoptotic Signaling Pathway (GO:2001234),1/82,0.5621188211968801,0.5921473184855732,0,0,1.2233389168062534,0.7046946278996441,SLC25A5
GO_Biological_Process_2023,Vascular Transport (GO:0010232),1/83,0.5665156476761636,0.5963904962840862,0,0,1.208358867508273,0.6866506239569532,SLC38A2
GO_Biological_Process_2023,Positive Regulation Of Protein Ubiquitination (GO:0031398),1/84,0.5708685433147935,0.6005819352895388,0,0,1.1937397832536174,0.6692061267801053,FBXW7
GO_Biological_Process_2023,Transcription By RNA Polymerase II (GO:0006366),2/192,0.5744500370339674,0.6027626292804298,0,0,1.0425305688463584,0.5779186403259151,DDX21;ATF4
GO_Biological_Process_2023,Regulation Of Kinase Activity (GO:0043549),1/85,0.5751779449472499,0.6027626292804298,0,0,1.1794687724335966,0.6523356544527062,EPHA2
GO_Biological_Process_2023,Response To Interleukin-1 (GO:0070555),1/85,0.5751779449472499,0.6027626292804298,0,0,1.1794687724335966,0.6523356544527062,ZC3H12A
GO_Biological_Process_2023,Defense Response To Gram-positive Bacterium (GO:0050830),1/85,0.5751779449472499,0.6027626292804298,0,0,1.1794687724335966,0.6523356544527062,HLA-E
GO_Biological_Process_2023,Establishment Of Protein Localization To Organelle (GO:0072594),1/85,0.5751779449472499,0.6027626292804298,0,0,1.1794687724335966,0.6523356544527062,KPNA2
GO_Biological_Process_2023,Positive Regulation Of Canonical Wnt Signaling Pathway (GO:0090263),1/85,0.5751779449472499,0.6027626292804298,0,0,1.1794687724335966,0.6523356544527062,JUP
GO_Biological_Process_2023,Regulation Of Signal Transduction (GO:0009966),2/193,0.5772801068153817,0.6045737906220674,0,0,1.0370194087471574,0.5697671642496996,PPP2CA;PPIA
GO_Biological_Process_2023,Cellular Response To Oxygen-Containing Compound (GO:1901701),4/406,0.5812706698870633,0.6083590117847129,0,0,0.9847700274139508,0.5342759111505353,H2AZ1;ZC3H12A;TNFAIP3;EZR
GO_Biological_Process_2023,Regulation Of Insulin Secretion (GO:0050796),1/87,0.5836679914950987,0.6104729251277973,0,0,1.1519224027112305,0.6202214761277236,MIDN
GO_Biological_Process_2023,Negative Regulation Of Neuron Death (GO:1901215),1/88,0.5878494885157634,0.6144490128829925,0,0,1.138624155259054,0.6049331780092367,ATF4
GO_Biological_Process_2023,Cellular Response To Peptide Hormone Stimulus (GO:0071375),1/89,0.591989195722158,0.6183763110353551,0,0,1.1256281407035176,0.5901295699518402,RAB10
GO_Biological_Process_2023,Regulation Of Peptidyl-Tyrosine Phosphorylation (GO:0050730),1/90,0.5960875287025766,0.622255347909662,0,0,1.1129241714188922,0.5757910883551692,EFNA1
GO_Biological_Process_2023,Regulation Of Epithelial Cell Proliferation (GO:0050678),1/91,0.6001448988156681,0.626086646054797,0,0,1.100502512562814,0.5618991453376235,MYC
GO_Biological_Process_2023,Regulation Of Endothelial Cell Proliferation (GO:0001936),1/93,0.6081383763355012,0.6336080892619236,0,0,1.0764693030369237,0.5353850545471538,CAV2
GO_Biological_Process_2023,Positive Regulation Of Cellular Component Biogenesis (GO:0044089),1/93,0.6081383763355012,0.6336080892619236,0,0,1.0764693030369237,0.5353850545471538,PFN1
GO_Biological_Process_2023,Muscle Contraction (GO:0006936),1/94,0.6120752863236749,0.6368891492827429,0,0,1.0648403306856864,0.5227301046685241,MYL6
GO_Biological_Process_2023,Peptidyl-Lysine Modification (GO:0018205),1/94,0.6120752863236749,0.6368891492827429,0,0,1.0648403306856864,0.5227301046685241,HINT1
GO_Biological_Process_2023,Regulation Of Canonical Wnt Signaling Pathway (GO:0060828),2/207,0.6154601156600987,0.639999361429183,0,0,0.9655087459965508,0.4686435933664049,JUP;CSNK1A1
GO_Biological_Process_2023,Regulation Of Macroautophagy (GO:0016241),1/96,0.6198314260741546,0.6441307300526401,0,0,1.0423168473948692,0.4985482066164667,GAPDH
GO_Biological_Process_2023,Regulation Of Defense Response (GO:0031347),1/97,0.6236514348962008,0.6476842454895032,0,0,1.0314070351758795,0.4869929254325685,NFE2L2
GO_Biological_Process_2023,Axon Development (GO:0061564),1/99,0.6311772493570809,0.6550793403147623,0,0,1.0102553584247769,0.464887747030177,RAB10
GO_Biological_Process_2023,Hemopoiesis (GO:0030097),1/101,0.6385533074411538,0.6623096203542949,0,0,0.9899497487437184,0.4440420770500481,ATF4
GO_Biological_Process_2023,Activation Of GTPase Activity (GO:0090630),1/102,0.642186106799596,0.6652241734112407,0,0,0.9800985123637992,0.4340632175669919,EPHA2
GO_Biological_Process_2023,Calcium Ion Homeostasis (GO:0055074),1/102,0.642186106799596,0.6652241734112407,0,0,0.9800985123637992,0.4340632175669919,S100A14
GO_Biological_Process_2023,Regulation Of Neuron Apoptotic Process (GO:0043523),1/105,0.6528679573920863,0.6749919994264727,0,0,0.9516814843448008,0.4057783123183748,ATF4
GO_Biological_Process_2023,Lysosomal Transport (GO:0007041),1/105,0.6528679573920863,0.6749919994264727,0,0,0.9516814843448008,0.4057783123183748,CHMP1B
GO_Biological_Process_2023,Positive Regulation Of Stress-Activated MAPK Cascade (GO:0032874),1/105,0.6528679573920863,0.6749919994264727,0,0,0.9516814843448008,0.4057783123183748,ZC3H12A
GO_Biological_Process_2023,Response To Calcium Ion (GO:0051592),1/106,0.6563575850020138,0.6777332151649147,0,0,0.9425699928212492,0.3968686613882323,AQP3
GO_Biological_Process_2023,Positive Regulation Of Cell Growth (GO:0030307),1/106,0.6563575850020138,0.6777332151649147,0,0,0.9425699928212492,0.3968686613882323,EIF4G2
GO_Biological_Process_2023,Monoatomic Ion Transport (GO:0006811),1/107,0.6598123057378238,0.6808656658443274,0,0,0.933630416232104,0.388203405372955,PLP2
GO_Biological_Process_2023,Protein Polyubiquitination (GO:0000209),2/226,0.6629906518949221,0.6830871969623712,0,0,0.8827561327561327,0.3628078170664868,PELI1;TNFAIP3
GO_Biological_Process_2023,Glycerophospholipid Biosynthetic Process (GO:0046474),1/108,0.6632324670568477,0.6830871969623712,0,0,0.9248579345324754,0.3797741558133871,ABHD5
GO_Biological_Process_2023,Lipid Transport (GO:0006869),1/108,0.6632324670568477,0.6830871969623712,0,0,0.9248579345324754,0.3797741558133871,FABP5
GO_Biological_Process_2023,Cell-Matrix Adhesion (GO:0007160),1/109,0.6666184129739804,0.6852650818683574,0,0,0.916247906197655,0.3715728772578474,DYNLL1
GO_Biological_Process_2023,Cellular Response To Salt (GO:1902075),1/109,0.6666184129739804,0.6852650818683574,0,0,0.916247906197655,0.3715728772578474,ZC3H12A
GO_Biological_Process_2023,Negative Regulation Of Developmental Process (GO:0051093),1/109,0.6666184129739804,0.6852650818683574,0,0,0.916247906197655,0.3715728772578474,HOPX
GO_Biological_Process_2023,Adenylate Cyclase-Activating G Protein-Coupled Receptor Signaling Pathway (GO:0007189),1/110,0.6699704840956059,0.68827336263189,0,0,0.9077958600341156,0.3635918695397154,ADRB2
GO_Biological_Process_2023,Mitotic Sister Chromatid Segregation (GO:0000070),1/111,0.6732890175997336,0.6912433914023931,0,0,0.8994974874371859,0.3558237511616551,CHMP1B
GO_Biological_Process_2023,Calcium Ion Transport (GO:0006816),1/112,0.6765743473112501,0.694175583503992,0,0,0.8913486350672281,0.3482614435144341,SLC3A2
GO_Biological_Process_2023,Positive Regulation Of Developmental Process (GO:0051094),2/233,0.6792780767789255,0.6965077045983021,0,0,0.8556998556998557,0.3309202670412199,CFL1;KRT10
GO_Biological_Process_2023,Positive Regulation Of GTPase Activity (GO:0043547),2/234,0.6815520032758883,0.6983964444214901,0,0,0.8519679554162313,0.3266297952317327,CAV2;EPHA2
GO_Biological_Process_2023,Negative Regulation Of Canonical Wnt Signaling Pathway (GO:0090090),1/114,0.683046714602197,0.6990421123492104,0,0,0.8754836127540356,0.3337273716848506,CSNK1A1
GO_Biological_Process_2023,Regulation Of MAP Kinase Activity (GO:0043405),1/114,0.683046714602197,0.6990421123492104,0,0,0.8754836127540356,0.3337273716848506,TRIB1
GO_Biological_Process_2023,Protein Localization (GO:0008104),3/351,0.6848490145842191,0.7004432995462886,0,0,0.8512165237178365,0.322233872853632,ARL4A;ARF6;YWHAH
GO_Biological_Process_2023,Protein Maturation (GO:0051604),1/117,0.692514396042861,0.7078355109995614,0,0,0.8527118350372552,0.3133087141185804,HSPD1
GO_Biological_Process_2023,Regulation Of Small GTPase Mediated Signal Transduction (GO:0051056),1/118,0.6956073317848006,0.7105477293089214,0,0,0.845380749903363,0.3068478138715934,DYNLL1
GO_Biological_Process_2023,Potassium Ion Transport (GO:0006813),1/122,0.7076725687660174,0.721661205653965,0,0,0.8172681589767017,0.2825898889623316,ATP1B3
GO_Biological_Process_2023,Protein Localization To Nucleus (GO:0034504),1/122,0.7076725687660174,0.721661205653965,0,0,0.8172681589767017,0.2825898889623316,KPNA2
GO_Biological_Process_2023,Positive Regulation Of DNA-binding Transcription Factor Activity (GO:0051091),2/246,0.7078260186562699,0.721661205653965,0,0,0.8095711210465308,0.2797529288928009,JUP;PPIA
GO_Biological_Process_2023,Protein Modification By Small Protein Conjugation (GO:0032446),3/364,0.7083154093717741,0.721705114652904,0,0,0.8200149050156784,0.2827950888731549,FBXW7;KLHL21;NFE2L2
GO_Biological_Process_2023,Organonitrogen Compound Biosynthetic Process (GO:1901566),1/123,0.7106137702230504,0.7235909738354361,0,0,0.8105280500864981,0.2768976317492876,DEGS1
GO_Biological_Process_2023,Enzyme-Linked Receptor Protein Signaling Pathway (GO:0007167),1/124,0.7135255255654438,0.7256419967542911,0,0,0.8038975364628018,0.2713452170770706,EPHA2
GO_Biological_Process_2023,Protein Dephosphorylation (GO:0006470),1/124,0.7135255255654438,0.7256419967542911,0,0,0.8038975364628018,0.2713452170770706,PPP2CA
GO_Biological_Process_2023,Regulation Of Response To External Stimulus (GO:0032101),1/127,0.7220870340624399,0.7338873250024923,0,0,0.7846374730796841,0.2554854949797123,NFE2L2
GO_Biological_Process_2023,Transmembrane Receptor Protein Serine/Threonine Kinase Signaling Pathway (GO:0007178),1/130,0.7303939147263233,0.7413979661722943,0,0,0.7662732265981068,0.2407410413206643,DDX5
GO_Biological_Process_2023,Positive Regulation Of Peptidyl-Tyrosine Phosphorylation (GO:0050731),1/130,0.7303939147263233,0.7413979661722943,0,0,0.7662732265981068,0.2407410413206643,EFNA1
GO_Biological_Process_2023,Positive Regulation Of Signal Transduction (GO:0009967),2/266,0.7475972886883558,0.7583844515740724,0,0,0.7474747474747475,0.2174335497679037,CAV2;TNFAIP3
GO_Biological_Process_2023,Intracellular Calcium Ion Homeostasis (GO:0006874),1/139,0.7538610468365632,0.7642591302412055,0,0,0.715971160148569,0.202295658016559,CAV2
GO_Biological_Process_2023,Plasma Membrane Bounded Cell Projection Assembly (GO:0120031),2/275,0.7639330621057138,0.7739848129228941,0,0,0.7224997224997225,0.1945511913110494,EZR;ARF6
GO_Biological_Process_2023,Dephosphorylation (GO:0016311),1/147,0.7730081424044016,0.7826888955966922,0,0,0.6764645143525848,0.1741664076420715,PPP2CA
GO_Biological_Process_2023,Monoatomic Cation Transmembrane Transport (GO:0098655),2/281,0.7743099579914263,0.783516396791074,0,0,0.7067448680351907,0.1807733388604437,ATP1B3;ATP1A1
GO_Biological_Process_2023,Defense Response To Symbiont (GO:0140546),1/148,0.7752948529641656,0.7840223747611356,0,0,0.6718285304071377,0.1709883332727604,PMAIP1
GO_Biological_Process_2023,Inorganic Cation Transmembrane Transport (GO:0098662),2/284,0.7793483018632932,0.7876288775705907,0,0,0.6991188480550182,0.17428838454512,ATP1B3;ATP1A1
GO_Biological_Process_2023,Positive Regulation Of NF-kappaB Transcription Factor Activity (GO:0051092),1/152,0.7842147458452606,0.7920519950229772,0,0,0.6538986322340178,0.1589447004917271,PPIA
GO_Biological_Process_2023,DNA Metabolic Process (GO:0006259),2/288,0.7859134587550115,0.7932721990055265,0,0,0.6891996891996892,0.1660341294748642,BTG2;KPNA2
GO_Biological_Process_2023,Protein Autophosphorylation (GO:0046777),1/162,0.8050029422478624,0.8120335356299399,0,0,0.6129716907518962,0.1329592889277211,PIM3
GO_Biological_Process_2023,Adenylate Cyclase-Modulating G Protein-Coupled Receptor Signaling Pathway (GO:0007188),1/163,0.8069688204409236,0.8135090914295345,0,0,0.6091568955890564,0.1306460303698868,ADRB2
GO_Biological_Process_2023,Protein Ubiquitination (GO:0016567),3/434,0.8121817416217522,0.818254128474999,0,0,0.6843605356448821,0.1423683052297709,FBXW7;KLHL21;NFE2L2
GO_Biological_Process_2023,Regulation Of Cytokine Production (GO:0001817),1/167,0.8146370791826294,0.8202167852044282,0,0,0.5943573288127384,0.1218507214181255,GAPDH
GO_Biological_Process_2023,Positive Regulation Of Hydrolase Activity (GO:0051345),1/176,0.8308003376270978,0.8359702214953437,0,0,0.5635319454414932,0.1044595389554742,CAV2
GO_Biological_Process_2023,Organelle Assembly (GO:0070925),2/322,0.8351214736887211,0.8397956610414566,0,0,0.61489898989899,0.110791323846165,MAP1LC3B;CHMP1B
GO_Biological_Process_2023,Positive Regulation Of ERK1 And ERK2 Cascade (GO:0070374),1/179,0.8358701042759268,0.8400260774482123,0,0,0.5539495228953758,0.0993132091800345,FBXW7
GO_Biological_Process_2023,Defense Response To Virus (GO:0051607),1/189,0.8517024816274591,0.8554055358954046,0,0,0.5242168288249759,0.0841462437992407,PMAIP1
GO_Biological_Process_2023,Regulation Of GTPase Activity (GO:0043087),1/214,0.8849459769149011,0.8882418650970796,0,0,0.4620992285370514,0.0564817782115859,CAV2
GO_Biological_Process_2023,Inflammatory Response (GO:0006954),1/236,0.9080011970225056,0.9108175779065704,0,0,0.4183684379343526,0.04037656309841,REL
GO_Biological_Process_2023,Cilium Assembly (GO:0060271),1/243,0.9143242732694472,0.916591661423866,0,0,0.4061215166742805,0.0363762984371287,DYNLL1
GO_Biological_Process_2023,Central Nervous System Development (GO:0007417),1/283,0.942991863401127,0.9447446363814264,0,0,0.3478028440072704,0.0204152008435275,COX7B
GO_Biological_Process_2023,Negative Regulation Of Nucleic Acid-Templated Transcription (GO:1903507),2/456,0.944597688622537,0.9457674690418836,0,0,0.4304276242602233,0.0245327253825745,HSPA8;HMGA1
GO_Biological_Process_2023,DNA Repair (GO:0006281),1/291,0.9474576247830658,0.9480439228182038,0,0,0.3380696586380177,0.0182466560691828,BTG2
GO_Biological_Process_2023,Nervous System Development (GO:0007399),1/433,0.9877170746218896,0.9877170746218896,0,0,0.2252931323283082,0.0027843942092732,COX7B
