Gene_set,Term,Overlap,P-value,Adjusted P-value,Old P-value,Old Adjusted P-value,Odds Ratio,Combined Score,Genes
GO_Biological_Process_2023,Cytoplasmic Translation (GO:0002181),14/93,4.69256448737337e-13,8.16036964354229e-10,0,0,18.789573975772424,533.3914170789263,RPLP1;RPS14;RPS25;RPS15A;RPS29;RPL37A;RPL36;RPS20;RPL37;RPL26;RPL28;UBA52;RPS21;RPS24
GO_Biological_Process_2023,Epidermis Development (GO:0008544),12/85,4.988077353735159e-11,4.3371332590727215e-08,0,0,17.248907024191197,409.1679727549326,DSP;KRTDAP;ALDH3A2;COL17A1;SPINT1;CRABP2;KRT15;KRT14;EMP1;KRT5;OVOL1;HLA-DRB1
GO_Biological_Process_2023,Macromolecule Biosynthetic Process (GO:0009059),15/183,4.967842831043264e-10,2.879692894394745e-07,0,0,9.474903474903474,202.97958013500968,RPLP1;MRPS6;EEF1B2;RPS14;RPS25;RPS15A;RPS29;RPL37A;RPL36;RPS20;RPL37;RPL26;RPL28;RPS21;RPS24
GO_Biological_Process_2023,Peptide Biosynthetic Process (GO:0043043),14/158,6.872016093683924e-10,2.987608996729087e-07,0,0,10.274193548387096,216.768977385927,RPLP1;MRPS6;RPS14;RPS25;RPS15A;RPS29;RPL37A;RPL36;RPS20;RPL37;RPL26;RPL28;RPS21;RPS24
GO_Biological_Process_2023,Translation (GO:0006412),16/234,1.8562947972359955e-09,6.456193304786792e-07,0,0,7.810929397686478,157.03626244775148,RPLP1;MRPS6;EEF1B2;RPS25;RPS14;RPS15A;RPS29;RPL37A;RPL36;RPS20;RPL26;RPL37;RPL28;RPS21;UBA52;RPS24
GO_Biological_Process_2023,Intermediate Filament Organization (GO:0045109),8/68,3.84399036008612e-07,0.00011141165393649604,0,0,13.708333333333334,202.4938064855017,DSP;DNAJB6;KRT15;KRT1;KRT14;PKP1;KRT5;KRT10
GO_Biological_Process_2023,Gene Expression (GO:0010467),14/296,1.7901319332486655e-06,0.0004431108030079547,0,0,5.209563029055136,68.93930010169593,RPLP1;MRPS6;RPS25;RPS14;RPS15A;RPS29;RPL37A;RPL36;RPS20;RPL26;RPL37;RPL28;RPS21;RPS24
GO_Biological_Process_2023,Negative Regulation Of Cellular Process (GO:0048523),19/537,2.0384625785299814e-06,0.0004431108030079547,0,0,3.907485227927217,51.201008518548434,TFAP2A;FGFBP1;TACSTD2;HMGA1;FBLN1;SPINT2;ENO1;GATA3;CLU;RTN4;VAMP8;GJA1;SFRP2;RGCC;ADAM15;GPNMB;CHMP1B;IRF6;S100A11
GO_Biological_Process_2023,Negative Regulation Of Locomotion (GO:0040013),4/12,4.51101363521904e-06,0.0008716280790717677,0,0,50.48979591836735,621.4783262572987,TACSTD2;FBLN1;GATA3;SPINT2
GO_Biological_Process_2023,Cell-Cell Junction Organization (GO:0045216),7/68,5.209173903879142e-06,0.0009058753418845828,0,0,11.736430816274526,142.7747286438201,DSP;CXADR;FSCN1;DSG1;PKP1;PKP3;CLDN1
GO_Biological_Process_2023,Peptide Cross-Linking (GO:0018149),5/27,6.420000268513295e-06,0.0009821087984719997,0,0,23.05128205128205,275.60325810758144,DSP;CSTA;ANXA1;KRT1;KRT10
GO_Biological_Process_2023,Cell-Cell Junction Assembly (GO:0007043),7/71,6.96753452538923e-06,0.0009821087984719997,0,0,11.18458549222798,132.80855446547142,GJA1;JUP;FSCN1;DSG1;PKP1;CD9;PKP3
GO_Biological_Process_2023,Epithelial Cell Differentiation (GO:0030855),9/132,7.341813904621044e-06,0.0009821087984719997,0,0,7.538117737198315,89.11505966507661,EHF;ANXA1;KRT15;KRT14;GATA3;IRF6;KRT10;OVOL1;CTSB
GO_Biological_Process_2023,Negative Regulation Of Cytokine Production (GO:0001818),10/178,1.2672217830255088e-05,0.0015740704862009,0,0,6.150375939849624,69.35224511367413,PYCARD;PRNP;RGCC;ANXA1;GPNMB;PDCD4;APOD;EZR;KLF4;HLA-DRB1
GO_Biological_Process_2023,Cardiac Muscle Cell-Cardiac Muscle Cell Adhesion (GO:0086042),3/6,1.9269523068842994e-05,0.0020943562885448,0,0,100.49238578680205,1091.0444080855816,DSP;CXADR;JUP
GO_Biological_Process_2023,Desmosome Organization (GO:0002934),3/6,1.9269523068842994e-05,0.0020943562885448,0,0,100.49238578680205,1091.0444080855816,DSP;JUP;PKP3
GO_Biological_Process_2023,Regulation Of Cysteine-Type Endopeptidase Activity Involved In Apoptotic Process (GO:0043281),7/84,2.126902670716105e-05,0.0021756963202207,0,0,9.290155440414509,99.94589548665708,PYCARD;BCAP31;DNAJB6;TNFSF10;PMAIP1;SFN;KLF4
GO_Biological_Process_2023,Positive Regulation Of Intracellular Signal Transduction (GO:1902533),17/525,2.255163143753459e-05,0.0021787381705484,0,0,3.5278602469773244,37.74705738700655,BCAP31;CD74;NDFIP2;PLK2;IL18;GATA3;ADRB2;RTN4;PYCARD;GJA1;TNFSF10;PDCD4;PMAIP1;RPS20;RPL37;TMEM9B;HLA-DRB1
GO_Biological_Process_2023,Establishment Of Skin Barrier (GO:0061436),4/19,3.343535939158139e-05,0.0027718859892037,0,0,26.918367346938776,277.4179092680899,CLDN4;IL18;SFN;CLDN1
GO_Biological_Process_2023,Positive Regulation Of Alpha-Beta T Cell Activation (GO:0046635),4/19,3.343535939158139e-05,0.0027718859892037,0,0,26.918367346938776,277.4179092680899,PNP;HLA-DRA;CD55;HLA-DRB1
GO_Biological_Process_2023,"Regulation Of CD4-positive, Alpha-Beta T Cell Activation (GO:2000514)",3/7,3.3473033797170354e-05,0.0027718859892037,0,0,75.36548223350253,776.6239908457204,HLA-DRA;CD55;HLA-DRB1
GO_Biological_Process_2023,Membrane Assembly (GO:0071709),5/38,3.65078559882961e-05,0.0028857800710748,0,0,15.35897435897436,156.9377402487027,ANXA2;CHMP1B;EMP2;DMKN;S100A10
GO_Biological_Process_2023,Calcium-Mediated Signaling Using Intracellular Calcium Source (GO:0035584),4/20,4.146798801190002e-05,0.0031353404848997,0,0,25.23469387755102,254.6329194525256,BCAP31;PRNP;DEFB1;CLU
GO_Biological_Process_2023,Skin Epidermis Development (GO:0098773),4/21,5.082545165940558e-05,0.0036827275181544,0,0,23.74909963985594,234.8100391955592,CLDN4;IL18;SFN;CLDN1
GO_Biological_Process_2023,Negative Regulation Of Proteolysis (GO:0045861),5/41,5.319699269344154e-05,0.0037003828117557,0,0,14.076923076923077,138.53816081158314,EFNA1;CSTB;PRNP;CSTA;CTSB
GO_Biological_Process_2023,Positive Regulation Of Monocyte Differentiation (GO:0045657),3/9,7.91555905106562e-05,0.0052942912268473,0,0,50.23857868020305,474.45791686900793,CD74;CTNNBIP1;HLA-DRB1
GO_Biological_Process_2023,Positive Regulation Of T Cell Activation (GO:0050870),7/107,0.00010092163999813964,0.0065001011835838,0,0,7.1450777202072535,65.74304750012564,PYCARD;PNP;ANXA1;HLA-DRA;GATA3;HLA-DRB1;HLA-DPA1
GO_Biological_Process_2023,Regulation Of Epithelial Cell Migration (GO:0010632),5/50,0.0001398365134139565,0.0086848463152453,0,0,11.256410256410255,99.9010527744165,RAB25;TACSTD2;EMP2;RTN4;RAB11A
GO_Biological_Process_2023,Epidermal Cell Differentiation (GO:0009913),5/54,0.0002020828777619212,0.01211800429062,0,0,10.33542647828362,87.92174350764732,DSP;CSTA;ANXA1;KRT10;OVOL1
GO_Biological_Process_2023,Immunoglobulin Mediated Immune Response (GO:0016064),4/30,0.00021690636844734663,0.0125733391576645,0,0,15.521193092621663,130.93747995826848,CD74;HLA-DRA;HLA-DRB1;HLA-DPA1
GO_Biological_Process_2023,Regulation Of Immune Effector Process (GO:0002697),3/13,0.00026165809515097364,0.0144517033511956,0,0,30.13705583756345,248.5846578261998,HLA-DRA;CD55;HLA-DRB1
GO_Biological_Process_2023,Vesicle-Mediated Transport (GO:0016192),13/411,0.00026593128650848795,0.0144517033511956,0,0,3.388950098084003,27.898761048610456,ANXA2;ADRB2;NSG1;RAB11A;VAMP8;GOLGA4;ARL4A;RAB25;CHMP1B;RHOV;OCIAD2;S100A10;ARF6
GO_Biological_Process_2023,Response To Organic Cyclic Compound (GO:0014070),5/58,0.00028348784410563496,0.0149389503302939,0,0,9.553459119496855,78.0359148140527,ANXA1;IL18;PMAIP1;AQP3;CLU
GO_Biological_Process_2023,Regulation Of Amyloid-Beta Formation (GO:1902003),4/33,0.000316376872754873,0.0152155320151794,0,0,13.913441238564392,112.12252948199962,EFNA1;PRNP;CLU;RTN4
GO_Biological_Process_2023,MHC Class II Protein Complex Assembly (GO:0002399),3/14,0.000330570754905644,0.0152155320151794,0,0,27.395939086294412,219.56995457412373,HLA-DRA;HLA-DRB1;HLA-DPA1
GO_Biological_Process_2023,Membrane Raft Organization (GO:0031579),3/14,0.000330570754905644,0.0152155320151794,0,0,27.395939086294412,219.56995457412373,ANXA2;EMP2;S100A10
GO_Biological_Process_2023,Peptide Antigen Assembly With MHC Class II Protein Complex (GO:0002503),3/14,0.000330570754905644,0.0152155320151794,0,0,27.395939086294412,219.56995457412373,HLA-DRA;HLA-DRB1;HLA-DPA1
GO_Biological_Process_2023,Negative Regulation Of Peptidase Activity (GO:0010466),5/60,0.0003324843108549847,0.0152155320151794,0,0,9.205128205128204,73.72311591006364,CSTB;CSTA;SERPINB2;SERPINB5;CTSB
GO_Biological_Process_2023,Negative Regulation Of Cell Motility (GO:2000146),7/133,0.000387175514194545,0.0168524222340644,0,0,5.66321243523316,44.49377854852881,CD74;SFRP2;ADAM15;TACSTD2;FBLN1;SPINT2;GATA3
GO_Biological_Process_2023,Regulation Of T Cell Activation (GO:0050863),5/62,0.0003876347839922823,0.0168524222340644,0,0,8.881241565452092,69.76612187866111,PYCARD;GPNMB;HLA-DRA;HLA-DRB1;HLA-DPA1
GO_Biological_Process_2023,Regulation Of Monocyte Differentiation (GO:0045655),3/15,0.00041017649693527065,0.0173974860529374,0,0,25.111675126903556,195.84402098106767,CD74;CTNNBIP1;HLA-DRB1
GO_Biological_Process_2023,Positive Regulation Of Cysteine-Type Endopeptidase Activity (GO:2001056),5/64,0.00044942710058951823,0.0182966353526737,0,0,8.579313342025207,66.1253741268086,PYCARD;BCAP31;PERP;TNFSF10;PMAIP1
GO_Biological_Process_2023,Negative Regulation Of Cell Population Proliferation (GO:0008285),12/379,0.0004530674138605302,0.0182966353526737,0,0,3.3798481071366457,26.02303784505646,TFAP2A;FGFBP1;SFRP2;RGCC;GPNMB;CTNNBIP1;HMGA1;APOD;FBLN1;GATA3;IRF6;S100A11
GO_Biological_Process_2023,Protein Localization To Plasma Membrane (GO:0072659),7/137,0.00046293959489226153,0.0182966353526737,0,0,5.487843762455161,42.13519232726351,JUP;ATP1B3;EMP2;PKP3;EZR;RAB11A;S100A10
GO_Biological_Process_2023,Positive Regulation Of T Cell Proliferation (GO:0042102),5/65,0.0004829703975862702,0.0186641226978338,0,0,8.435897435897436,64.41276048972978,PYCARD;PNP;ANXA1;IL18;HLA-DPA1
GO_Biological_Process_2023,Negative Regulation Of Amyloid-Beta Formation (GO:1902430),3/16,0.0005011239651713426,0.0189446646833253,0,0,23.178836392034363,176.1280286078286,PRNP;CLU;RTN4
GO_Biological_Process_2023,Negative Regulation Of Multicellular Organismal Process (GO:0051241),9/231,0.0005469138725215279,0.0198855245565083,0,0,4.155511532474884,31.212958100783837,EFNA1;GJA1;SFRP2;RGCC;ZNF706;GPNMB;ID1;TACSTD2;GATA3
GO_Biological_Process_2023,Positive Regulation Of Protein Tyrosine Kinase Activity (GO:0061098),4/38,0.0005488816438829229,0.0198855245565083,0,0,11.864345738295318,89.07309099917518,EFNA1;PRNP;FBXW7;AREG
GO_Biological_Process_2023,Regulation Of I-kappaB kinase/NF-kappaB Signaling (GO:0043122),9/232,0.0005641577261120216,0.0199567366127787,0,0,4.136665649285094,30.942989961358258,PYCARD;CD74;NDFIP2;GJA1;PLK2;TNFSF10;RORA;TMEM9B;HLA-DRB1
GO_Biological_Process_2023,Protein Localization To Cell Periphery (GO:1990778),7/142,0.0005737992125583318,0.0199567366127787,0,0,5.283246977547496,39.43009276479297,JUP;ATP1B3;EMP2;PKP3;EZR;RAB11A;S100A10
GO_Biological_Process_2023,Negative Regulation Of Mitotic Cell Cycle Phase Transition (GO:1901991),4/40,0.0006690615196291692,0.0223749612045216,0,0,11.20408163265306,81.89774214112175,RGCC;GPNMB;KLF4;ZFP36L2
GO_Biological_Process_2023,Positive Regulation Of Myeloid Leukocyte Differentiation (GO:0002763),4/40,0.0006690615196291692,0.0223749612045216,0,0,11.20408163265306,81.89774214112175,CD74;ID2;CTNNBIP1;HLA-DRB1
GO_Biological_Process_2023,Regulation Of Cell Population Proliferation (GO:0042127),18/766,0.0007092717584181298,0.0227501419178544,0,0,2.5190691661279896,18.26645522342112,TFAP2A;FGFBP1;JUP;HMGA1;EMP2;GATA3;AREG;CLU;SFRP2;RPS15A;RGCC;GPNMB;RAB25;ID2;TSPO;IRF6;SGK1;S100A11
GO_Biological_Process_2023,Negative Regulation Of Amyloid Precursor Protein Catabolic Process (GO:1902992),3/18,0.0007195272026923491,0.0227501419178544,0,0,20.086294416243653,145.36282995258424,PRNP;CLU;RTN4
GO_Biological_Process_2023,Peptide Antigen Assembly With MHC Protein Complex (GO:0002501),3/18,0.0007195272026923491,0.0227501419178544,0,0,20.086294416243653,145.36282995258424,HLA-DRA;HLA-DRB1;HLA-DPA1
GO_Biological_Process_2023,Regulation Of Release Of Cytochrome C From Mitochondria (GO:0090199),4/41,0.0007356418168161046,0.0228443057043429,0,0,10.900717043574186,78.64613599642355,PYCARD;TNFSF10;PMAIP1;CLU
GO_Biological_Process_2023,Keratinocyte Differentiation (GO:0030216),4/42,0.0008067730463282587,0.0246136548695586,0,0,10.613319011815252,75.59302673955138,DSP;CSTA;ANXA1;KRT10
GO_Biological_Process_2023,Positive Regulation Of Secretion By Cell (GO:1903532),5/73,0.0008234685243405408,0.0246898579970379,0,0,7.440422322775264,52.84176944790253,RGCC;ANXA2;EZR;ARF6;S100A10
GO_Biological_Process_2023,Immunoglobulin Production Involved In Immunoglobulin-Mediated Immune Response (GO:0002381),3/19,0.0008481701801219675,0.0249642320661383,0,0,18.82994923857868,133.17348392535672,HLA-DRA;HLA-DRB1;HLA-DPA1
GO_Biological_Process_2023,Positive Regulation Of Lymphocyte Proliferation (GO:0050671),5/74,0.0008760638830943262,0.0249642320661383,0,0,7.332218506131549,51.61934285779443,CD74;PNP;ANXA1;IL18;HLA-DPA1
GO_Biological_Process_2023,Response To Amyloid-Beta (GO:1904645),4/43,0.0008826236600453894,0.0249642320661383,0,0,10.34065934065934,72.72184139201934,PRNP;GJA1;MMP2;ADRB2
GO_Biological_Process_2023,Epithelium Development (GO:0060429),7/154,0.000926851605557617,0.0249642320661383,0,0,4.84900074019245,33.864049316967844,EHF;SPINT1;KRT15;KRT14;KRT10;MFSD2A;CTSB
GO_Biological_Process_2023,Positive Regulation Of Leukocyte Cell-Cell Adhesion (GO:1903039),4/44,0.0009633623018811156,0.0249642320661383,0,0,10.081632653061224,70.017755335544,PYCARD;HLA-DRA;HLA-DRB1;HLA-DPA1
GO_Biological_Process_2023,Bundle Of His cell-Purkinje Myocyte Adhesion Involved In Cell Communication (GO:0086073),2/5,0.0009754681839454336,0.0249642320661383,0,0,66.65656565656566,462.1028413784856,DSP;JUP
GO_Biological_Process_2023,Regulation Of Plasma Membrane Repair (GO:1905684),2/5,0.0009754681839454336,0.0249642320661383,0,0,66.65656565656566,462.1028413784856,ANXA2;S100A10
GO_Biological_Process_2023,"Positive Regulation Of CD4-positive, CD25-positive, Alpha-Beta Regulatory T Cell Differentiation (GO:0032831)",2/5,0.0009754681839454336,0.0249642320661383,0,0,66.65656565656566,462.1028413784856,HLA-DRA;HLA-DRB1
GO_Biological_Process_2023,Positive Regulation Of Vesicle Fusion (GO:0031340),2/5,0.0009754681839454336,0.0249642320661383,0,0,66.65656565656566,462.1028413784856,ANXA1;ANXA2
GO_Biological_Process_2023,Negative Regulation Of Cytokine Production Involved In Inflammatory Response (GO:1900016),3/20,0.0009905301969888136,0.0249642320661383,0,0,17.721409375933113,122.5837770787782,PYCARD;PDCD4;APOD
GO_Biological_Process_2023,Positive Regulation Of Protein Processing (GO:0010954),3/20,0.0009905301969888136,0.0249642320661383,0,0,17.721409375933113,122.5837770787782,ANXA2;ENO1;S100A10
GO_Biological_Process_2023,Regulation Of T Cell Proliferation (GO:0042129),5/77,0.0010489037290013,0.0260577654961904,0,0,7.0256410256410255,48.19596578027063,PNP;ANXA1;GPNMB;HLA-DRB1;HLA-DPA1
GO_Biological_Process_2023,Positive Regulation Of Macromolecule Metabolic Process (GO:0010604),11/364,0.0011373660153805,0.0277068230524388,0,0,3.2063342176656624,21.73586856501888,TFAP2A;CD74;GJA1;RGCC;ANXA2;ID2;PKP1;PKP3;EZR;KLF4;CLU
GO_Biological_Process_2023,Positive Regulation Of Signal Transduction By P53 Class Mediator (GO:1901798),3/21,0.0011471485105092,0.0277068230524388,0,0,16.736040609137056,113.3109608085056,PMAIP1;RPS20;RPL37
GO_Biological_Process_2023,Positive Regulation Of Lymphocyte Activation (GO:0051251),4/47,0.0012365931398092,0.029059938785518,0,0,9.376839107736116,62.78164306999791,PYCARD;HLA-DRA;HLA-DRB1;HLA-DPA1
GO_Biological_Process_2023,Positive Regulation Of Smooth Muscle Cell Proliferation (GO:0048661),4/47,0.0012365931398092,0.029059938785518,0,0,9.376839107736116,62.78164306999791,GJA1;MMP2;ID2;IL18
GO_Biological_Process_2023,Bleb Assembly (GO:0032060),2/6,0.0014535707837741,0.0328280466621195,0,0,49.98989898989899,326.6206097208578,EMP1;EMP2
GO_Biological_Process_2023,Positive Regulation Of Unsaturated Fatty Acid Biosynthetic Process (GO:2001280),2/6,0.0014535707837741,0.0328280466621195,0,0,49.98989898989899,326.6206097208578,CD74;ANXA1
GO_Biological_Process_2023,Regulation Of T-helper Cell Differentiation (GO:0045622),2/6,0.0014535707837741,0.0328280466621195,0,0,49.98989898989899,326.6206097208578,HLA-DRA;HLA-DRB1
GO_Biological_Process_2023,Regulation Of Cell Motility (GO:2000145),6/123,0.0014960628556399,0.0331339966994453,0,0,5.203013481363997,33.84517804978016,TACSTD2;FBLN1;SPINT2;KRT5;GATA3;SGK1
GO_Biological_Process_2023,Positive Regulation Of Neuron Apoptotic Process (GO:0043525),3/23,0.0015052246919242,0.0331339966994453,0,0,15.060913705583756,97.87806321199126,TFAP2A;PRNP;FBXW7
GO_Biological_Process_2023,Negative Regulation Of Growth (GO:0045926),6/124,0.0015592887441538,0.0338950390760433,0,0,5.158658046479119,33.34311780301567,GJA1;SFRP2;ADAM15;MT1X;ENO1;RTN4
GO_Biological_Process_2023,Regulation Of Type II Interferon Production (GO:0032649),5/87,0.0018102494535835,0.038632809341313,0,0,6.165728580362726,38.93220216228463,PYCARD;PRNP;IL18;HLA-DRB1;HLA-DPA1
GO_Biological_Process_2023,Negative Regulation Of Intrinsic Apoptotic Signaling Pathway In Response To DNA Damage (GO:1902230),3/25,0.0019263332020576,0.038632809341313,0,0,13.690355329949238,85.59397680666795,CD74;SFRP2;CLU
GO_Biological_Process_2023,Positive Regulation Of Release Of Cytochrome C From Mitochondria (GO:0090200),3/25,0.0019263332020576,0.038632809341313,0,0,13.690355329949238,85.59397680666795,PYCARD;TNFSF10;PMAIP1
GO_Biological_Process_2023,Regulation Of Actin Cytoskeleton Reorganization (GO:2000249),3/25,0.0019263332020576,0.038632809341313,0,0,13.690355329949238,85.59397680666795,BAIAP2;CLU;CCL27
GO_Biological_Process_2023,Positive Regulation Of I-kappaB kinase/NF-kappaB Signaling (GO:0043123),7/175,0.0019360404491337,0.038632809341313,0,0,4.238341968911917,26.477390180872085,CD74;GJA1;NDFIP2;PLK2;TNFSF10;HLA-DRB1;TMEM9B
GO_Biological_Process_2023,Regulation Of Mammary Gland Epithelial Cell Proliferation (GO:0033599),2/7,0.0020216133697869,0.038632809341313,0,0,39.98989898989899,248.09171029141777,GATA3;RTN4
GO_Biological_Process_2023,Intermediate Filament Bundle Assembly (GO:0045110),2/7,0.0020216133697869,0.038632809341313,0,0,39.98989898989899,248.09171029141777,KRT14;PKP1
GO_Biological_Process_2023,Mammary Gland Epithelial Cell Differentiation (GO:0060644),2/7,0.0020216133697869,0.038632809341313,0,0,39.98989898989899,248.09171029141777,ID2;IRF6
GO_Biological_Process_2023,Negative Regulation Of RNA Catabolic Process (GO:1902369),2/7,0.0020216133697869,0.038632809341313,0,0,39.98989898989899,248.09171029141777,PKP1;PKP3
GO_Biological_Process_2023,"Positive Regulation Of CD4-positive, Alpha-Beta T Cell Differentiation (GO:0043372)",2/7,0.0020216133697869,0.038632809341313,0,0,39.98989898989899,248.09171029141777,HLA-DRA;HLA-DRB1
GO_Biological_Process_2023,Positive Regulation Of Plasminogen Activation (GO:0010756),2/7,0.0020216133697869,0.038632809341313,0,0,39.98989898989899,248.09171029141777,ENO1;S100A10
GO_Biological_Process_2023,Antigen Processing And Presentation Of Exogenous Peptide Antigen Via MHC Class II (GO:0019886),3/26,0.0021616710096346,0.0408602813668992,0,0,13.094460384021188,80.35905008065508,HLA-DRA;HLA-DRB1;HLA-DPA1
GO_Biological_Process_2023,Regulation Of Peptidase Activity (GO:0052547),3/27,0.0024141059150854,0.04466095942908,0,0,12.548223350253808,75.62094298941223,CSTB;CSTA;CTSB
GO_Biological_Process_2023,Positive Regulation Of Response To Wounding (GO:1903036),3/27,0.0024141059150854,0.04466095942908,0,0,12.548223350253808,75.62094298941223,CLDN4;ANXA1;CLDN1
GO_Biological_Process_2023,Positive Regulation Of Epithelial Cell Migration (GO:0010634),5/95,0.0026623763793661,0.046213437980029,0,0,5.615384615384615,33.29101085304574,RAB25;GATA3;RTN4;RAB11A;ARF6
GO_Biological_Process_2023,Astral Microtubule Organization (GO:0030953),2/8,0.0026777674677022,0.046213437980029,0,0,33.323232323232325,197.36590289038227,EZR;RAB11A
GO_Biological_Process_2023,Bundle Of His Cell To Purkinje Myocyte Communication (GO:0086069),2/8,0.0026777674677022,0.046213437980029,0,0,33.323232323232325,197.36590289038227,DSP;JUP
GO_Biological_Process_2023,Regulation Of Vesicle Fusion (GO:0031338),2/8,0.0026777674677022,0.046213437980029,0,0,33.323232323232325,197.36590289038227,ANXA1;ANXA2
GO_Biological_Process_2023,Positive Regulation Of Memory T Cell Differentiation (GO:0043382),2/8,0.0026777674677022,0.046213437980029,0,0,33.323232323232325,197.36590289038227,HLA-DRA;HLA-DRB1
GO_Biological_Process_2023,Antigen Processing And Presentation Of Peptide Antigen Via MHC Class II (GO:0002495),3/28,0.0026840467141937,0.046213437980029,0,0,12.045685279187817,71.31563234569973,HLA-DRA;HLA-DRB1;HLA-DPA1
GO_Biological_Process_2023,Regulation Of Cardiac Muscle Cell Action Potential (GO:0098901),3/28,0.0026840467141937,0.046213437980029,0,0,12.045685279187817,71.31563234569973,DSP;CXADR;JUP
GO_Biological_Process_2023,Regulation Of Inflammatory Response (GO:0050727),8/240,0.0029368827357897,0.0492200740204305,0,0,3.514367816091954,20.49019314842516,PYCARD;ANXA1;IL18;PDCD4;MGST2;RORA;GATA3;KLF4
GO_Biological_Process_2023,Vacuolar Acidification (GO:0007035),3/29,0.002971884860348,0.0492200740204305,0,0,11.581803982819212,67.38940857682955,ATP6V0B;ATP6V0E1;ATP6V1F
GO_Biological_Process_2023,Heterotypic Cell-Cell Adhesion (GO:0034113),3/29,0.002971884860348,0.0492200740204305,0,0,11.581803982819212,67.38940857682955,DSP;CXADR;JUP
GO_Biological_Process_2023,Maintenance Of Blood-Brain Barrier (GO:0035633),3/29,0.002971884860348,0.0492200740204305,0,0,11.581803982819212,67.38940857682955,GJA1;CLDN1;MFSD2A
GO_Biological_Process_2023,Protein Localization To Membrane (GO:0072657),7/192,0.0032516596487244,0.0520632757607266,0,0,3.845539840358493,22.029520119760665,JUP;ATP1B3;EMP2;PKP3;EZR;RAB11A;S100A10
GO_Biological_Process_2023,Regulation Of Vasculature Development (GO:1901342),3/30,0.0032779948419926,0.0520632757607266,0,0,11.152284263959393,63.79690278522437,GPNMB;KRT1;EMP2
GO_Biological_Process_2023,Negative Regulation Of Epithelial To Mesenchymal Transition (GO:0010719),3/30,0.0032779948419926,0.0520632757607266,0,0,11.152284263959393,63.79690278522437,EFNA1;SFRP2;GATA3
GO_Biological_Process_2023,Regulation Of Cell Migration Involved In Sprouting Angiogenesis (GO:0090049),3/30,0.0032779948419926,0.0520632757607266,0,0,11.152284263959393,63.79690278522437,FGFBP1;ANXA1;KLF4
GO_Biological_Process_2023,Golgi Lumen Acidification (GO:0061795),2/9,0.0034202318391573,0.0520632757607266,0,0,28.561327561327563,162.17255858986445,ATP6V0B;ATP6V1F
GO_Biological_Process_2023,T-helper 1 Type Immune Response (GO:0042088),2/9,0.0034202318391573,0.0520632757607266,0,0,28.561327561327563,162.17255858986445,IL18;HLA-DRB1
GO_Biological_Process_2023,Regulation Of Memory T Cell Differentiation (GO:0043380),2/9,0.0034202318391573,0.0520632757607266,0,0,28.561327561327563,162.17255858986445,HLA-DRA;HLA-DRB1
GO_Biological_Process_2023,Granulocyte Migration (GO:0097530),2/9,0.0034202318391573,0.0520632757607266,0,0,28.561327561327563,162.17255858986445,ANXA1;EMP2
GO_Biological_Process_2023,Positive Regulation Of Epidermis Development (GO:0045684),2/9,0.0034202318391573,0.0520632757607266,0,0,28.561327561327563,162.17255858986445,SFN;KRT10
GO_Biological_Process_2023,Positive Regulation Of Apoptotic Signaling Pathway (GO:2001235),4/62,0.0034429423303528,0.0520632757607266,0,0,6.946516537649543,39.39667426105362,PYCARD;BCAP31;TNFSF10;PMAIP1
GO_Biological_Process_2023,Antigen Processing And Presentation Of Exogenous Peptide Antigen (GO:0002478),3/31,0.00360273455,0.053548336602137,0,0,10.753444525018129,60.49954695168429,HLA-DRA;HLA-DRB1;HLA-DPA1
GO_Biological_Process_2023,Positive Regulation Of Extrinsic Apoptotic Signaling Pathway (GO:2001238),3/31,0.00360273455,0.053548336602137,0,0,10.753444525018129,60.49954695168429,PYCARD;TNFSF10;PMAIP1
GO_Biological_Process_2023,Positive Regulation Of Protein Metabolic Process (GO:0051247),7/196,0.0036421691636645,0.0536756964034973,0,0,3.763385146804836,21.13206939337988,PLK2;PERP;IL18;RPL26;EZR;KLF4;CLU
GO_Biological_Process_2023,Positive Regulation Of T Cell Differentiation (GO:0045582),4/64,0.0038612882755342,0.0562530243349918,0,0,6.714285714285714,37.30963669275872,PNP;HLA-DRA;GATA3;HLA-DRB1
GO_Biological_Process_2023,Negative Regulation Of DNA-binding Transcription Factor Activity (GO:0043433),6/149,0.0039057622226571,0.0562530243349918,0,0,4.251387787470262,23.575230575007577,PYCARD;PRNP;ID2;CTNNBIP1;ID1;KLF4
GO_Biological_Process_2023,Positive Regulation Of Inflammatory Response (GO:0050729),5/104,0.0039322638791335,0.0562530243349918,0,0,5.102564102564102,28.260755222784237,PYCARD;VAMP8;IL18;PDCD4;MGST2
GO_Biological_Process_2023,Intracellular pH Reduction (GO:0051452),3/32,0.0039464456405227,0.0562530243349918,0,0,10.382110974969368,57.46436072810552,ATP6V0B;ATP6V0E1;ATP6V1F
GO_Biological_Process_2023,Positive Regulation Of Epidermal Growth Factor-Activated Receptor Activity (GO:0045741),2/10,0.0042472321345398,0.0580941110125933,0,0,24.98989898989899,136.4820277236255,FBXW7;AREG
GO_Biological_Process_2023,Regulation Of G1/S Transition Of Mitotic Cell Cycle (GO:2000045),5/106,0.0042646169761717,0.0580941110125933,0,0,5.001015486164001,27.29255645895313,RGCC;ANXA1;GPNMB;ID2;KLF4
GO_Biological_Process_2023,Actin Filament Bundle Assembly (GO:0051017),3/33,0.0043094538934011,0.0580941110125933,0,0,10.03553299492386,54.6629871343117,FSCN1;BAIAP2;EZR
GO_Biological_Process_2023,Actin Filament Bundle Organization (GO:0061572),3/33,0.0043094538934011,0.0580941110125933,0,0,10.03553299492386,54.6629871343117,FSCN1;BAIAP2;EZR
GO_Biological_Process_2023,Signal Transduction By P53 Class Mediator (GO:0072331),3/33,0.0043094538934011,0.0580941110125933,0,0,10.03553299492386,54.6629871343117,PYCARD;HINT1;PMAIP1
GO_Biological_Process_2023,Negative Regulation Of Blood Vessel Endothelial Cell Migration (GO:0043537),3/33,0.0043094538934011,0.0580941110125933,0,0,10.03553299492386,54.6629871343117,RGCC;JUP;KLF4
GO_Biological_Process_2023,Regulation Of Activated T Cell Proliferation (GO:0046006),3/33,0.0043094538934011,0.0580941110125933,0,0,10.03553299492386,54.6629871343117,PYCARD;PRNP;IL18
GO_Biological_Process_2023,Regulation Of Angiogenesis (GO:0045765),7/205,0.0046506878361042,0.0613496914464126,0,0,3.5906735751295336,19.2845747303912,SFRP2;RGCC;JUP;GPNMB;KRT1;EMP2;KLF4
GO_Biological_Process_2023,Supramolecular Fiber Organization (GO:0097435),9/316,0.0046523988502965,0.0613496914464126,0,0,2.99191636679912,16.067704811948587,DSP;DNAJB6;TPM3;KRT15;KRT1;KRT14;EMP2;KRT5;KRT10
GO_Biological_Process_2023,Cellular Response To Amyloid-Beta (GO:1904646),3/34,0.0046920695585813,0.0613496914464126,0,0,9.711314884558703,52.07091984713094,PRNP;GJA1;ADRB2
GO_Biological_Process_2023,Positive Regulation Of Neuron Death (GO:1901216),3/34,0.0046920695585813,0.0613496914464126,0,0,9.711314884558703,52.07091984713094,TFAP2A;PRNP;CLU
GO_Biological_Process_2023,Cellular Component Assembly (GO:0022607),8/260,0.0047539105427172,0.0616944062222786,0,0,3.232142857142857,17.28804604777118,CD74;KRT14;FSCN1;PKP1;CAPG;EZR;BAIAP2;RTN4
GO_Biological_Process_2023,Skin Development (GO:0043588),4/68,0.0047986051189846,0.0618131429771426,0,0,6.293367346938775,33.6029944353692,DSP;CSTA;ANXA1;KRT10
GO_Biological_Process_2023,Negative Regulation Of Cell Differentiation (GO:0045596),7/207,0.0049008795214919,0.0626663932931949,0,0,3.5544041450777204,18.9035318586135,EFNA1;SFRP2;ID2;PDCD4;RORA;GATA3;ZFP36L2
GO_Biological_Process_2023,Positive Regulation Of Cytokine Production (GO:0001819),9/320,0.0050440360245065,0.0630233016131848,0,0,2.9528290769515664,15.61913326098313,PYCARD;CD74;PNP;ANXA1;RGCC;IL18;RORA;GATA3;HLA-DPA1
GO_Biological_Process_2023,Intrinsic Apoptotic Signaling Pathway By P53 Class Mediator (GO:0072332),3/35,0.0050945877067937,0.0630233016131848,0,0,9.407360406091373,49.666879272481374,PYCARD;HINT1;PMAIP1
GO_Biological_Process_2023,Regulation Of Ventricular Cardiac Muscle Cell Action Potential (GO:0098911),2/11,0.0051570205394645,0.0630233016131848,0,0,22.21212121212121,117.00004466783103,DSP;JUP
GO_Biological_Process_2023,Endosomal Lumen Acidification (GO:0048388),2/11,0.0051570205394645,0.0630233016131848,0,0,22.21212121212121,117.00004466783103,ATP6V0B;ATP6V1F
GO_Biological_Process_2023,Epithelial Cell-Cell Adhesion (GO:0090136),2/11,0.0051570205394645,0.0630233016131848,0,0,22.21212121212121,117.00004466783103,DSP;JUP
GO_Biological_Process_2023,"Regulation Of CD4-positive, Alpha-Beta T Cell Differentiation (GO:0043370)",2/11,0.0051570205394645,0.0630233016131848,0,0,22.21212121212121,117.00004466783103,HLA-DRA;HLA-DRB1
GO_Biological_Process_2023,Negative Regulation Of Inflammatory Response (GO:0050728),5/111,0.0051824796611187,0.0630233016131848,0,0,4.763909046927915,25.06993624638882,PLK2;RORA;GATA3;KLF4;HLA-DRB1
GO_Biological_Process_2023,Negative Regulation Of Epithelial Cell Proliferation (GO:0050680),4/70,0.0053199003877868,0.0638021156852505,0,0,6.1020408163265305,31.95212059737399,SFRP2;RGCC;FBXW7;GATA3
GO_Biological_Process_2023,Regulation Of Actin Filament-Based Process (GO:0032970),4/70,0.0053199003877868,0.0638021156852505,0,0,6.1020408163265305,31.95212059737399,FSCN1;ABRACL;EZR;BAIAP2
GO_Biological_Process_2023,Negative Regulation Of T Cell Proliferation (GO:0042130),3/36,0.0055172885597211,0.0652691483357492,0,0,9.121827411167512,47.43230522818489,PRNP;GPNMB;HLA-DRB1
GO_Biological_Process_2023,Positive Regulation Of Signaling Receptor Activity (GO:2000273),3/36,0.0055172885597211,0.0652691483357492,0,0,9.121827411167512,47.43230522818489,FBXW7;ADRB2;AREG
GO_Biological_Process_2023,Negative Regulation Of Protein Binding (GO:0032091),4/71,0.0055942009572442,0.0652907078164278,0,0,6.0106609808102345,31.17143667727425,ADAM15;SLPI;CTNNBIP1;ADRB2
GO_Biological_Process_2023,Positive Regulation Of Cell-Substrate Adhesion (GO:0010811),4/71,0.0055942009572442,0.0652907078164278,0,0,6.0106609808102345,31.17143667727425,JUP;EMP2;FBLN2;S100A10
GO_Biological_Process_2023,Cellular Response To Hypoxia (GO:0071456),4/72,0.005877786338127,0.0670687860593053,0,0,5.921968787515006,30.41863718634327,RGCC;PMAIP1;RORA;AQP3
GO_Biological_Process_2023,Regulation Of Vascular Associated Smooth Muscle Cell Proliferation (GO:1904705),3/37,0.0059604378312344,0.0670687860593053,0,0,8.853090474768587,45.35094165112317,GJA1;MMP2;PDCD4
GO_Biological_Process_2023,Fibrinolysis (GO:0042730),2/12,0.0061478754316609,0.0670687860593053,0,0,19.98989898989899,101.78154350719132,SERPINB2;KRT1
GO_Biological_Process_2023,Negative Regulation Of Cell Cycle Phase Transition (GO:1901988),2/12,0.0061478754316609,0.0670687860593053,0,0,19.98989898989899,101.78154350719132,RGCC;ZFP36L2
GO_Biological_Process_2023,Negative Regulation Of Substrate Adhesion-Dependent Cell Spreading (GO:1900025),2/12,0.0061478754316609,0.0670687860593053,0,0,19.98989898989899,101.78154350719132,TACSTD2;FBLN1
GO_Biological_Process_2023,Positive Regulation By Symbiont Of Entry Into Host (GO:0075294),2/12,0.0061478754316609,0.0670687860593053,0,0,19.98989898989899,101.78154350719132,CD74;HLA-DRB1
GO_Biological_Process_2023,"Positive Regulation Of CD4-positive, Alpha-Beta T Cell Activation (GO:2000516)",2/12,0.0061478754316609,0.0670687860593053,0,0,19.98989898989899,101.78154350719132,HLA-DRA;HLA-DRB1
GO_Biological_Process_2023,Positive Regulation Of Viral Entry Into Host Cell (GO:0046598),2/12,0.0061478754316609,0.0670687860593053,0,0,19.98989898989899,101.78154350719132,CD74;HLA-DRB1
GO_Biological_Process_2023,Protein Heterotetramerization (GO:0051290),2/12,0.0061478754316609,0.0670687860593053,0,0,19.98989898989899,101.78154350719132,KRT1;KRT10
GO_Biological_Process_2023,Cellular Response To Decreased Oxygen Levels (GO:0036294),4/73,0.0061707911267906,0.0670687860593053,0,0,5.835847382431234,29.692372629986004,RGCC;PMAIP1;RORA;AQP3
GO_Biological_Process_2023,Protein Tetramerization (GO:0051262),4/73,0.0061707911267906,0.0670687860593053,0,0,5.835847382431234,29.692372629986004,KRT1;KRT10;CLU;HLA-DRB1
GO_Biological_Process_2023,Response To Peptide (GO:1901652),3/38,0.0064242870484076,0.0693902806036084,0,0,8.599709934735316,43.40849457481817,PRNP;ANXA1;MMP2
GO_Biological_Process_2023,Ribonucleoprotein Complex Biogenesis (GO:0022613),5/118,0.006691071343524,0.0718257596690634,0,0,4.4672112548218745,22.367243111636004,RPS14;RPS25;RPS15A;RPL26;RPS24
GO_Biological_Process_2023,Regulation Of Fat Cell Differentiation (GO:0045598),4/75,0.0067855868807455,0.0719520462537594,0,0,5.670882437482035,28.314457943471623,SFRP2;ID2;RORA;ZFP36L2
GO_Biological_Process_2023,Regulation Of Plasma Membrane Bounded Cell Projection Assembly (GO:0120032),4/75,0.0067855868807455,0.0719520462537594,0,0,5.670882437482035,28.314457943471623,SH3YL1;FSCN1;CLU;ARF6
GO_Biological_Process_2023,Negative Regulation Of Cell-Substrate Adhesion (GO:0010812),3/39,0.006909073873999,0.0725892988514256,0,0,8.360406091370558,41.59234877252794,ADAM15;TACSTD2;FBLN1
GO_Biological_Process_2023,Positive Regulation Of Angiogenesis (GO:0045766),5/119,0.0069291682629882,0.0725892988514256,0,0,4.427800269905533,22.01509154079102,SFRP2;PKM;JUP;EMP2;KLF4
GO_Biological_Process_2023,Regulation Of Intrinsic Apoptotic Signaling Pathway In Response To DNA Damage By P53 Class Mediator (GO:1902165),2/13,0.0072181010363148,0.074715938703283,0,0,18.171717171717173,89.6077061786221,CD74;RPL26
GO_Biological_Process_2023,Regulation Of Nitrogen Compound Metabolic Process (GO:0051171),2/13,0.0072181010363148,0.074715938703283,0,0,18.171717171717173,89.6077061786221,ALDH2;MFSD2A
GO_Biological_Process_2023,Endothelial Cell Migration (GO:0043542),3/40,0.0074150224240263,0.0754077426630516,0,0,8.134037590890383,39.89133172446582,S100A2;ID1;EMP2
GO_Biological_Process_2023,Negative Regulation Of Cell-Cell Adhesion (GO:0022408),3/40,0.0074150224240263,0.0754077426630516,0,0,8.134037590890383,39.89133172446582,RGCC;SPINT2;KLF4
GO_Biological_Process_2023,Positive Regulation Of Wound Healing (GO:0090303),3/40,0.0074150224240263,0.0754077426630516,0,0,8.134037590890383,39.89133172446582,CLDN4;ANXA1;CLDN1
GO_Biological_Process_2023,Cell-Cell Adhesion Via Plasma-Membrane Adhesion Molecules (GO:0098742),6/172,0.0077686325749119,0.0782215222250659,0,0,3.658054900012421,17.769591054842717,CLDN4;CXADR;DSG1;CLDN1;LGALS7;MPZL2
GO_Biological_Process_2023,Negative Regulation Of Protein Modification Process (GO:0031400),4/78,0.0077816695485545,0.0782215222250659,0,0,5.44015444015444,26.41730492570561,PRNP;ENSA;TSPO;FBLN1
GO_Biological_Process_2023,Regulation Of Chemokine Production (GO:0032642),3/41,0.0079423435743089,0.0789242027184187,0,0,7.919583222014427,38.29551599382337,PYCARD;CD74;IL18
GO_Biological_Process_2023,Positive Regulation Of Actin Filament Polymerization (GO:0030838),3/41,0.0079423435743089,0.0789242027184187,0,0,7.919583222014427,38.29551599382337,PYCARD;BAIAP2;ARF6
GO_Biological_Process_2023,Regulation Of Cell Growth (GO:0001558),7/227,0.0079940351400414,0.0789865176621137,0,0,3.227979274611399,15.588104378586,GJA1;SFRP2;ADAM15;ENO1;SGK1;RTN4;MFSD2A
GO_Biological_Process_2023,Positive Regulation Of Catabolic Process (GO:0009896),4/79,0.0081338984677975,0.0794654462668538,0,0,5.36734693877551,25.826143528716216,FBXW7;PLK2;EZR;CLU
GO_Biological_Process_2023,Positive Regulation Of Cytoskeleton Organization (GO:0051495),4/79,0.0081338984677975,0.0794654462668538,0,0,5.36734693877551,25.826143528716216,PYCARD;BAIAP2;CCL27;ARF6
GO_Biological_Process_2023,Establishment Of Apical/Basal Cell Polarity (GO:0035089),2/14,0.0083660270881822,0.0803785696483365,0,0,16.656565656565657,79.67795051677446,FSCN1;EZR
GO_Biological_Process_2023,Mammary Gland Epithelium Development (GO:0061180),2/14,0.0083660270881822,0.0803785696483365,0,0,16.656565656565657,79.67795051677446,ID2;IRF6
GO_Biological_Process_2023,Prostanoid Biosynthetic Process (GO:0046457),2/14,0.0083660270881822,0.0803785696483365,0,0,16.656565656565657,79.67795051677446,CD74;PTGDS
GO_Biological_Process_2023,Negative Regulation Of Cell Growth (GO:0030308),5/125,0.008483416281333,0.0807392887265497,0,0,4.205128205128205,20.056956299958014,GJA1;SFRP2;ADAM15;ENO1;RTN4
GO_Biological_Process_2023,Positive Regulation Of Immune Response (GO:0050778),4/80,0.0084964288884178,0.0807392887265497,0,0,5.296455424274973,25.254078548459987,PYCARD;CD74;HLA-DRA;HLA-DRB1
GO_Biological_Process_2023,Regulation Of Interleukin-8 Production (GO:0032677),4/81,0.0088693778840417,0.0833789112620351,0,0,5.227405247813411,24.700277159233604,PYCARD;CD74;ANXA1;KLF4
GO_Biological_Process_2023,Regulation Of Endothelial Cell Apoptotic Process (GO:2000351),3/43,0.0090618828226133,0.0833789112620351,0,0,7.522842639593908,35.3850321555175,RGCC;PDCD4;GATA3
GO_Biological_Process_2023,Regulation Of Filopodium Assembly (GO:0051489),3/43,0.0090618828226133,0.0833789112620351,0,0,7.522842639593908,35.3850321555175,FSCN1;CLU;ARF6
GO_Biological_Process_2023,Positive Regulation Of T Cell Mediated Immunity (GO:0002711),3/43,0.0090618828226133,0.0833789112620351,0,0,7.522842639593908,35.3850321555175,HLA-DRA;CD55;HLA-DRB1
GO_Biological_Process_2023,Positive Regulation Of Cell-Matrix Adhesion (GO:0001954),3/43,0.0090618828226133,0.0833789112620351,0,0,7.522842639593908,35.3850321555175,JUP;EMP2;S100A10
GO_Biological_Process_2023,Positive Regulation Of miRNA Transcription (GO:1902895),3/43,0.0090618828226133,0.0833789112620351,0,0,7.522842639593908,35.3850321555175,KLF5;GATA3;KLF4
GO_Biological_Process_2023,Positive Regulation Of Gene Expression (GO:0010628),11/480,0.0091532251561839,0.083776097613705,0,0,2.3989011856815696,11.259600117002718,TFAP2A;CD74;GJA1;RGCC;ID2;PKP1;RPL26;PKP3;EZR;KLF4;CLU
GO_Biological_Process_2023,Regulation Of Gene Expression (GO:0010468),20/1127,0.0093033693068047,0.0847044985577666,0,0,1.876242095754291,8.775894727254473,TFAP2A;CD74;NDFIP2;CRABP2;FBXW7;AHNAK2;HMGA1;RORA;GATA3;KLF4;CLU;GJA1;HINT1;SFRP2;RGCC;SOX15;ID2;PKP1;PKP3;EZR
GO_Biological_Process_2023,Regulation Of Intrinsic Apoptotic Signaling Pathway In Response To DNA Damage (GO:1902229),2/15,0.0095900084936835,0.0847934573190645,0,0,15.374514374514376,71.44588341233826,SFRP2;CLU
GO_Biological_Process_2023,Cellular Response To Corticosteroid Stimulus (GO:0071384),2/15,0.0095900084936835,0.0847934573190645,0,0,15.374514374514376,71.44588341233826,ANXA1;ZFP36L2
GO_Biological_Process_2023,"Positive Regulation Of DNA Damage Response, Signal Transduction By P53 Class Mediator (GO:0043517)",2/15,0.0095900084936835,0.0847934573190645,0,0,15.374514374514376,71.44588341233826,PMAIP1;RPL26
GO_Biological_Process_2023,Positive Regulation Of Endothelial Cell Apoptotic Process (GO:2000353),2/15,0.0095900084936835,0.0847934573190645,0,0,15.374514374514376,71.44588341233826,RGCC;PDCD4
GO_Biological_Process_2023,Positive Regulation Of Sprouting Angiogenesis (GO:1903672),2/15,0.0095900084936835,0.0847934573190645,0,0,15.374514374514376,71.44588341233826,PKM;KLF4
GO_Biological_Process_2023,Regulation Of Epithelial To Mesenchymal Transition (GO:0010717),4/83,0.0096469883387525,0.0847934573190645,0,0,5.094549212089899,23.6443607545466,EFNA1;SFRP2;RGCC;GATA3
GO_Biological_Process_2023,Extracellular Matrix Disassembly (GO:0022617),3/44,0.0096544592002155,0.0847934573190645,0,0,7.338987247740498,34.05536215760635,ADAM15;MMP2;CAPG
GO_Biological_Process_2023,Ribosomal Small Subunit Biogenesis (GO:0042274),4/84,0.010051872319132,0.0878402309697013,0,0,5.030612244897959,23.14079802223381,RPS14;RPS25;RPS15A;RPS24
GO_Biological_Process_2023,Calcium-Mediated Signaling (GO:0019722),4/85,0.0104676198849292,0.0907444342523833,0,0,4.968253968253968,22.65259800022629,BCAP31;PRNP;DEFB1;CLU
GO_Biological_Process_2023,Regulation Of Plasminogen Activation (GO:0010755),2/16,0.0108884250018907,0.0907444342523833,0,0,14.275613275613276,64.52655688502057,ENO1;S100A10
GO_Biological_Process_2023,Regulation Of Stem Cell Proliferation (GO:0072091),2/16,0.0108884250018907,0.0907444342523833,0,0,14.275613275613276,64.52655688502057,GJA1;FBLN1
GO_Biological_Process_2023,Regulation Of Triglyceride Biosynthetic Process (GO:0010866),2/16,0.0108884250018907,0.0907444342523833,0,0,14.275613275613276,64.52655688502057,FBXW7;MFSD2A
GO_Biological_Process_2023,Negative Regulation Of Inflammatory Response To Antigenic Stimulus (GO:0002862),2/16,0.0108884250018907,0.0907444342523833,0,0,14.275613275613276,64.52655688502057,PLK2;HLA-DRB1
GO_Biological_Process_2023,Positive Regulation Of Cell Migration Involved In Sprouting Angiogenesis (GO:0090050),2/16,0.0108884250018907,0.0907444342523833,0,0,14.275613275613276,64.52655688502057,FGFBP1;ANXA1
GO_Biological_Process_2023,Regulation Of Cytokine Production Involved In Inflammatory Response (GO:1900015),3/46,0.0109060303385555,0.0907444342523833,0,0,6.996930704757408,31.61520738006147,PYCARD;PDCD4;APOD
GO_Biological_Process_2023,T Cell Differentiation (GO:0030217),3/46,0.0109060303385555,0.0907444342523833,0,0,6.996930704757408,31.61520738006147,ANXA1;GATA3;ZFP36L2
GO_Biological_Process_2023,Regulation Of mRNA Catabolic Process (GO:0061013),3/46,0.0109060303385555,0.0907444342523833,0,0,6.996930704757408,31.61520738006147,PKP1;PKP3;ZFP36L2
GO_Biological_Process_2023,Cellular Component Disassembly (GO:0022411),3/46,0.0109060303385555,0.0907444342523833,0,0,6.996930704757408,31.61520738006147,ADAM15;MMP2;CAPG
GO_Biological_Process_2023,Negative Regulation Of Macromolecule Metabolic Process (GO:0010605),6/186,0.0111632962633868,0.0924427247715704,0,0,3.3711340206185567,15.153665448482403,NDFIP2;SFRP2;FBXW7;SUB1;ID2;KLF4
GO_Biological_Process_2023,Regulation Of Interleukin-2 Production (GO:0032663),3/47,0.0115653119162109,0.0937825885892966,0,0,6.83756345177665,30.49378950483647,PRNP;PNP;EZR
GO_Biological_Process_2023,Regulation Of Signal Transduction By P53 Class Mediator (GO:1901796),3/47,0.0115653119162109,0.0937825885892966,0,0,6.83756345177665,30.49378950483647,RPS20;RPL37;SGK1
GO_Biological_Process_2023,Regulation Of Wound Healing (GO:0061041),3/47,0.0115653119162109,0.0937825885892966,0,0,6.83756345177665,30.49378950483647,CLDN4;ANXA1;CLDN1
GO_Biological_Process_2023,Negative Regulation Of Hydrolase Activity (GO:0051346),3/47,0.0115653119162109,0.0937825885892966,0,0,6.83756345177665,30.49378950483647,CSTB;CSTA;CTSB
GO_Biological_Process_2023,Regulation Of ERK1 And ERK2 Cascade (GO:0070372),7/244,0.0115947421200107,0.0937825885892966,0,0,2.9938348527579195,13.3441313312576,PYCARD;CD74;GPNMB;FBXW7;FBLN1;EZR;HLA-DRB1
GO_Biological_Process_2023,Regulation Of Intrinsic Apoptotic Signaling Pathway (GO:2001242),3/48,0.0122470965035044,0.0956035203649772,0,0,6.685279187817259,29.431716933517144,PYCARD;BCAP31;PMAIP1
GO_Biological_Process_2023,"DNA Damage Response, Signal Transduction By P53 Class Mediator Resulting In Cell Cycle Arrest (GO:0006977)",2/17,0.0122596808748648,0.0956035203649772,0,0,13.323232323232324,58.64139939765107,PLK2;RPL26
GO_Biological_Process_2023,Regulation Of Inflammatory Response To Antigenic Stimulus (GO:0002861),2/17,0.0122596808748648,0.0956035203649772,0,0,13.323232323232324,58.64139939765107,PLK2;HLA-DRB1
GO_Biological_Process_2023,Carbohydrate Derivative Transport (GO:1901264),2/17,0.0122596808748648,0.0956035203649772,0,0,13.323232323232324,58.64139939765107,NPC2;MFSD2A
GO_Biological_Process_2023,Positive Regulation Of Alpha-Beta T Cell Proliferation (GO:0046641),2/17,0.0122596808748648,0.0956035203649772,0,0,13.323232323232324,58.64139939765107,IL18;CD55
GO_Biological_Process_2023,Positive Regulation Of Amyloid-Beta Formation (GO:1902004),2/17,0.0122596808748648,0.0956035203649772,0,0,13.323232323232324,58.64139939765107,EFNA1;CLU
GO_Biological_Process_2023,Positive Regulation Of Regulatory T Cell Differentiation (GO:0045591),2/17,0.0122596808748648,0.0956035203649772,0,0,13.323232323232324,58.64139939765107,HLA-DRA;HLA-DRB1
GO_Biological_Process_2023,Prostaglandin Biosynthetic Process (GO:0001516),2/17,0.0122596808748648,0.0956035203649772,0,0,13.323232323232324,58.64139939765107,CD74;PTGDS
GO_Biological_Process_2023,Regulation Of Peptidyl-Tyrosine Phosphorylation (GO:0050730),4/90,0.0127129141043288,0.0986953465510172,0,0,4.678215472235406,20.421051187786546,EFNA1;CD74;PRNP;SFRP2
GO_Biological_Process_2023,Negative Regulation Of Cysteine-Type Endopeptidase Activity Involved In Apoptotic Process (GO:0043154),3/49,0.0129514996055504,0.0992187568900978,0,0,6.539615978812624,28.42472661929245,DNAJB6;SFN;KLF4
GO_Biological_Process_2023,Positive Regulation Of miRNA Metabolic Process (GO:2000630),3/49,0.0129514996055504,0.0992187568900978,0,0,6.539615978812624,28.42472661929245,KLF5;GATA3;KLF4
GO_Biological_Process_2023,Proton Transmembrane Transport (GO:1902600),3/49,0.0129514996055504,0.0992187568900978,0,0,6.539615978812624,28.42472661929245,ATP6V0B;ATP6V0E1;ATP6V1F
GO_Biological_Process_2023,Regulation Of Actin Cytoskeleton Organization (GO:0032956),4/91,0.0131959709139781,0.1006482167517898,0,0,4.62420830401126,20.012850913677784,FSCN1;EZR;BAIAP2;CLU
GO_Biological_Process_2023,Positive Regulation Of Transport (GO:0051050),3/50,0.0136786260429923,0.1013963137867339,0,0,6.400151204233719,27.468942123223947,ANXA1;ANXA2;SGK1
GO_Biological_Process_2023,Regulation Of Epidermal Cell Differentiation (GO:0045604),2/18,0.0137022045657748,0.1013963137867339,0,0,12.48989898989899,53.58414643474309,SFN;AQP3
GO_Biological_Process_2023,Renal Absorption (GO:0070293),2/18,0.0137022045657748,0.1013963137867339,0,0,12.48989898989899,53.58414643474309,CLDN4;SGK1
GO_Biological_Process_2023,Icosanoid Biosynthetic Process (GO:0046456),2/18,0.0137022045657748,0.1013963137867339,0,0,12.48989898989899,53.58414643474309,PYCARD;MGST2
GO_Biological_Process_2023,Lysosomal Lumen Acidification (GO:0007042),2/18,0.0137022045657748,0.1013963137867339,0,0,12.48989898989899,53.58414643474309,ATP6V0B;ATP6V1F
GO_Biological_Process_2023,Negative Regulation Of T Cell Receptor Signaling Pathway (GO:0050860),2/18,0.0137022045657748,0.1013963137867339,0,0,12.48989898989899,53.58414643474309,PRNP;EZR
GO_Biological_Process_2023,Positive Regulation Of Extracellular Matrix Organization (GO:1903055),2/18,0.0137022045657748,0.1013963137867339,0,0,12.48989898989899,53.58414643474309,RGCC;FSCN1
GO_Biological_Process_2023,Regulation Of Substrate Adhesion-Dependent Cell Spreading (GO:1900024),3/51,0.0144285702203611,0.1063189983610513,0,0,6.266497461928934,26.5608314530226,TACSTD2;FBLN1;S100A10
GO_Biological_Process_2023,Positive Regulation Of Transferase Activity (GO:0051347),5/143,0.014561348079652,0.1068446595380378,0,0,3.653288740245262,15.451163329551344,CD74;FBXW7;TSPO;KLF4;HLA-DRB1
GO_Biological_Process_2023,Regulation Of Proteolysis (GO:0030162),3/52,0.0152014163710364,0.1082053426080031,0,0,6.1382989744121,25.69717025640832,CSTB;CSTA;PERP
GO_Biological_Process_2023,Arp2/3 Complex-Mediated Actin Nucleation (GO:0034314),2/19,0.0152144484017713,0.1082053426080031,0,0,11.754604872251932,49.19901329869125,ARPC2;ARPC5L
GO_Biological_Process_2023,Regulation Of Tissue Remodeling (GO:0034103),2/19,0.0152144484017713,0.1082053426080031,0,0,11.754604872251932,49.19901329869125,GPNMB;IL18
GO_Biological_Process_2023,Release Of Cytochrome C From Mitochondria (GO:0001836),2/19,0.0152144484017713,0.1082053426080031,0,0,11.754604872251932,49.19901329869125,SFN;CLU
GO_Biological_Process_2023,Positive Regulation Of Activated T Cell Proliferation (GO:0042104),2/19,0.0152144484017713,0.1082053426080031,0,0,11.754604872251932,49.19901329869125,PYCARD;IL18
GO_Biological_Process_2023,Protein Heterooligomerization (GO:0051291),2/19,0.0152144484017713,0.1082053426080031,0,0,11.754604872251932,49.19901329869125,KRT1;KRT10
GO_Biological_Process_2023,Regulation Of B Cell Differentiation (GO:0045577),2/19,0.0152144484017713,0.1082053426080031,0,0,11.754604872251932,49.19901329869125,ID2;ZFP36L2
GO_Biological_Process_2023,Cell Junction Assembly (GO:0034329),4/95,0.0152445709827261,0.1082053426080031,0,0,4.4200493384166855,18.491417143603503,FSCN1;DSG1;PKP1;PKP3
GO_Biological_Process_2023,Positive Regulation Of Protein Kinase Activity (GO:0045860),5/145,0.0153787610922519,0.1087140875586425,0,0,3.600732600732601,15.032222774748634,EFNA1;PRNP;EMP2;ADRB2;CLU
GO_Biological_Process_2023,Positive Regulation Of Supramolecular Fiber Organization (GO:1902905),4/96,0.0157862373617276,0.1108334593522683,0,0,4.371783496007098,18.13685433330235,PYCARD;BAIAP2;CLU;ARF6
GO_Biological_Process_2023,Actin Cytoskeleton Reorganization (GO:0031532),3/53,0.0159972388139271,0.1108334593522683,0,0,6.01522842639594,24.875009582390742,ANXA1;CXADR;EZR
GO_Biological_Process_2023,Mitochondrial Transport (GO:0006839),3/53,0.0159972388139271,0.1108334593522683,0,0,6.01522842639594,24.875009582390742,BCAP31;TSPO;PMAIP1
GO_Biological_Process_2023,Negative Regulation Of Cysteine-Type Endopeptidase Activity (GO:2000117),3/53,0.0159972388139271,0.1108334593522683,0,0,6.01522842639594,24.875009582390742,DNAJB6;SFN;KLF4
GO_Biological_Process_2023,Positive Regulation Of Chemokine Production (GO:0032722),3/53,0.0159972388139271,0.1108334593522683,0,0,6.01522842639594,24.875009582390742,PYCARD;CD74;IL18
GO_Biological_Process_2023,Negative Regulation Of Nucleic Acid-Templated Transcription (GO:1903507),10/456,0.0167658261471536,0.1133457430994661,0,0,2.28392730705688,9.33763723033479,TFAP2A;SFRP2;ZNF706;ID2;ID1;PDCD4;HMGA1;ENO1;GATA3;KLF4
GO_Biological_Process_2023,Cellular Response To Copper Ion (GO:0071280),2/20,0.0167948882548689,0.1133457430994661,0,0,11.1010101010101,45.36628383483138,PRNP;MT1X
GO_Biological_Process_2023,Long-Term Memory (GO:0007616),2/20,0.0167948882548689,0.1133457430994661,0,0,11.1010101010101,45.36628383483138,PRNP;SGK1
GO_Biological_Process_2023,Myoblast Differentiation (GO:0045445),2/20,0.0167948882548689,0.1133457430994661,0,0,11.1010101010101,45.36628383483138,SOX15;SDC1
GO_Biological_Process_2023,Positive Regulation Of Vascular Associated Smooth Muscle Cell Proliferation (GO:1904707),2/20,0.0167948882548689,0.1133457430994661,0,0,11.1010101010101,45.36628383483138,GJA1;MMP2
GO_Biological_Process_2023,Regulation Of Lipid Metabolic Process (GO:0019216),3/54,0.0168161021964705,0.1133457430994661,0,0,5.896984174380412,24.09164757699128,NPC2;ID2;RORA
GO_Biological_Process_2023,Regulation Of Smooth Muscle Cell Proliferation (GO:0048660),3/54,0.0168161021964705,0.1133457430994661,0,0,5.896984174380412,24.09164757699128,ID2;IL18;APOD
GO_Biological_Process_2023,Protein Stabilization (GO:0050821),6/208,0.0184319457812426,0.1206433755467376,0,0,3.0006124323772583,11.983455660859397,EFNA1;FBXW7;DSG1;ATP1B3;CLU;RTN4
GO_Biological_Process_2023,Antigen Processing And Presentation Of Endogenous Peptide Antigen (GO:0002483),2/21,0.0184420232483939,0.1206433755467376,0,0,10.516214779372676,41.9925427496273,HLA-DRA;HLA-DRB1
GO_Biological_Process_2023,Macrophage Differentiation (GO:0030225),2/21,0.0184420232483939,0.1206433755467376,0,0,10.516214779372676,41.9925427496273,GATA3;HLA-DRB1
GO_Biological_Process_2023,Negative Regulation Of Interleukin-2 Production (GO:0032703),2/21,0.0184420232483939,0.1206433755467376,0,0,10.516214779372676,41.9925427496273,PRNP;EZR
GO_Biological_Process_2023,Positive Regulation Of T Cell Cytokine Production (GO:0002726),2/21,0.0184420232483939,0.1206433755467376,0,0,10.516214779372676,41.9925427496273,IL18;CD55
GO_Biological_Process_2023,Positive Regulation Of Amyloid Precursor Protein Catabolic Process (GO:1902993),2/21,0.0184420232483939,0.1206433755467376,0,0,10.516214779372676,41.9925427496273,EFNA1;CLU
GO_Biological_Process_2023,Positive Regulation Of Granulocyte Chemotaxis (GO:0071624),2/21,0.0184420232483939,0.1206433755467376,0,0,10.516214779372676,41.9925427496273,CD74;S100A14
GO_Biological_Process_2023,Cellular Response To Organic Cyclic Compound (GO:0071407),5/152,0.0184798517236557,0.1206433755467376,0,0,3.4280481423338567,13.681594622050351,JUP;IL18;RORA;EZR;CLU
GO_Biological_Process_2023,Cellular Response To Peptide (GO:1901653),3/56,0.018523163468073,0.1206433755467376,0,0,5.6738818120869645,22.631601044641528,PRNP;GJA1;ADRB2
GO_Biological_Process_2023,rRNA Processing (GO:0006364),4/101,0.018675559558893,0.1211820823616229,0,0,4.145381864085841,16.500856606672546,RPS14;RPS25;RPL26;RPS24
GO_Biological_Process_2023,Positive Regulation Of Apoptotic Process (GO:0043065),7/270,0.0191829885907041,0.1240119596997562,0,0,2.69428081719498,10.652462677030918,TFAP2A;PYCARD;PRNP;SFRP2;TNFSF10;PMAIP1;CLU
GO_Biological_Process_2023,Positive Regulation Of Cell Migration (GO:0030335),7/272,0.0198829649882692,0.12712798753288,0,0,2.6736728908006646,10.475161481351218,CLDN4;GPNMB;RAB25;CLDN1;S100A11;RAB11A;RTN4
GO_Biological_Process_2023,Ribosome Biogenesis (GO:0042254),5/155,0.0199263415207939,0.12712798753288,0,0,3.358974358974359,13.152778650631731,RPS14;RPS25;RPS15A;RPL26;RPS24
GO_Biological_Process_2023,Negative Regulation Of Gene Expression (GO:0010629),8/336,0.020106113990913,0.12712798753288,0,0,2.4735772357723578,9.663601687920725,NDFIP2;SFRP2;RGCC;GPNMB;FBXW7;ID2;KLF4;ZFP36L2
GO_Biological_Process_2023,Blood Vessel Endothelial Cell Migration (GO:0043534),2/22,0.0201543754357544,0.12712798753288,0,0,9.98989898989899,39.00390099361183,ID1;EMP2
GO_Biological_Process_2023,Positive Regulation Of Viral Life Cycle (GO:1903902),2/22,0.0201543754357544,0.12712798753288,0,0,9.98989898989899,39.00390099361183,CD74;HLA-DRB1
GO_Biological_Process_2023,Regulation Of Neuron Death (GO:1901214),3/58,0.0203229330271079,0.12712798753288,0,0,5.467005076142132,21.29948088737429,PRNP;GPNMB;CLU
GO_Biological_Process_2023,Memory (GO:0007613),3/58,0.0203229330271079,0.12712798753288,0,0,5.467005076142132,21.29948088737429,PRNP;PLK2;SGK1
GO_Biological_Process_2023,Positive Regulation Of Mitochondrion Organization (GO:0010822),3/58,0.0203229330271079,0.12712798753288,0,0,5.467005076142132,21.29948088737429,PYCARD;TNFSF10;PMAIP1
GO_Biological_Process_2023,Positive Regulation Of Type II Interferon Production (GO:0032729),3/58,0.0203229330271079,0.12712798753288,0,0,5.467005076142132,21.29948088737429,PYCARD;IL18;HLA-DPA1
GO_Biological_Process_2023,Intrinsic Apoptotic Signaling Pathway (GO:0097193),4/105,0.0212083578189702,0.1320251844637506,0,0,3.980400080824409,15.337914209660529,PYCARD;HINT1;PMAIP1;SFN
GO_Biological_Process_2023,Regulation Of miRNA Transcription (GO:1902893),3/59,0.0212576490223405,0.1320251844637506,0,0,5.369108049311095,20.676641778420727,KLF5;GATA3;KLF4
GO_Biological_Process_2023,Regulation Of Interleukin-4 Production (GO:0032673),2/23,0.02193048949736,0.1328819555258157,0,0,9.513708513708512,36.34120010270031,GATA3;HLA-DRB1
GO_Biological_Process_2023,Actin Nucleation (GO:0045010),2/23,0.02193048949736,0.1328819555258157,0,0,9.513708513708512,36.34120010270031,ARPC2;ARPC5L
GO_Biological_Process_2023,Adaptive Immune Response Based On Somatic Recombination Of Immune Receptors Built From Immunoglobulin Superfamily Domains (GO:0002460),2/23,0.02193048949736,0.1328819555258157,0,0,9.513708513708512,36.34120010270031,IL18;HLA-DRB1
GO_Biological_Process_2023,Positive Regulation Of Cell-Substrate Junction Organization (GO:0150117),2/23,0.02193048949736,0.1328819555258157,0,0,9.513708513708512,36.34120010270031,ARF6;S100A10
GO_Biological_Process_2023,Positive Regulation Of Epithelial Cell Apoptotic Process (GO:1904037),2/23,0.02193048949736,0.1328819555258157,0,0,9.513708513708512,36.34120010270031,RGCC;PDCD4
GO_Biological_Process_2023,Positive Regulation Of Lamellipodium Assembly (GO:0010592),2/23,0.02193048949736,0.1328819555258157,0,0,9.513708513708512,36.34120010270031,ARPC2;FSCN1
GO_Biological_Process_2023,Regulation Of T Cell Migration (GO:2000404),2/23,0.02193048949736,0.1328819555258157,0,0,9.513708513708512,36.34120010270031,PYCARD;APOD
GO_Biological_Process_2023,Negative Regulation Of Intrinsic Apoptotic Signaling Pathway (GO:2001243),3/61,0.0231968013804758,0.1395821370264619,0,0,5.183441274286714,19.50912983009035,SFRP2;ENO1;CLU
GO_Biological_Process_2023,Positive Regulation Of Organelle Assembly (GO:1902117),3/61,0.0231968013804758,0.1395821370264619,0,0,5.183441274286714,19.50912983009035,FSCN1;SDC1;CAPG
GO_Biological_Process_2023,Acylglycerol Homeostasis (GO:0055090),2/24,0.0237689324469591,0.1401158424585151,0,0,9.08080808080808,33.956554984338226,IL18;RORA
GO_Biological_Process_2023,Regulation Of Ruffle Assembly (GO:1900027),2/24,0.0237689324469591,0.1401158424585151,0,0,9.08080808080808,33.956554984338226,SH3YL1;TACSTD2
GO_Biological_Process_2023,Response To Copper Ion (GO:0046688),2/24,0.0237689324469591,0.1401158424585151,0,0,9.08080808080808,33.956554984338226,PRNP;MT1X
GO_Biological_Process_2023,Gliogenesis (GO:0042063),2/24,0.0237689324469591,0.1401158424585151,0,0,9.08080808080808,33.956554984338226,ANXA1;CD9
GO_Biological_Process_2023,Mononuclear Cell Differentiation (GO:1903131),2/24,0.0237689324469591,0.1401158424585151,0,0,9.08080808080808,33.956554984338226,LY6D;CLU
GO_Biological_Process_2023,Negative Regulation Of Antigen Receptor-Mediated Signaling Pathway (GO:0050858),2/24,0.0237689324469591,0.1401158424585151,0,0,9.08080808080808,33.956554984338226,PRNP;EZR
GO_Biological_Process_2023,Positive Regulation Of Cell Population Proliferation (GO:0008284),10/483,0.0238565572504829,0.1401572738465875,0,0,2.1505507955936354,8.033804353949503,CD74;GJA1;SFRP2;RPS15A;RAB25;SOX15;ID2;IL18;EMP2;AREG
GO_Biological_Process_2023,Positive Regulation Of Cysteine-Type Endopeptidase Activity Involved In Apoptotic Process (GO:0043280),4/109,0.0239421048557141,0.1401862637848043,0,0,3.82798833819242,14.28649905351405,PYCARD;BCAP31;TNFSF10;PMAIP1
GO_Biological_Process_2023,Positive Regulation Of Cell Differentiation (GO:0045597),7/283,0.0240542906545131,0.1403705082154305,0,0,2.565667943230457,9.563378174482144,GJA1;SFRP2;RGCC;ID2;CTNNBIP1;IL18;TACSTD2
GO_Biological_Process_2023,Negative Regulation Of Cell Migration (GO:0030336),5/163,0.0241406347413341,0.1404032234621409,0,0,3.187601428107757,11.870177531683645,CD74;GJA1;SFRP2;ADAM15;TACSTD2
GO_Biological_Process_2023,Positive Regulation Of DNA-templated Transcription (GO:0045893),20/1243,0.0243522842421917,0.141162074323905,0,0,1.6877441628054874,6.270188338894186,TFAP2A;CD74;EHF;ANXA2;JUP;IL18;HMGA1;RORA;GATA3;KLF4;ETS2;SFRP2;RGCC;KLF5;SOX15;ID2;IRF6;HLA-DRB1;S100A10;HMGN1
GO_Biological_Process_2023,Response To Lipid (GO:0033993),4/110,0.0246573303185438,0.1424554731692613,0,0,3.791682710820177,14.03939170843531,ANXA1;SLPI;S100A14;AQP3
GO_Biological_Process_2023,Positive Regulation Of Mitotic Cell Cycle Phase Transition (GO:1901992),3/63,0.0252288983054118,0.1452750137520237,0,0,5.01015228426396,18.43618393885774,ANXA1;RGCC;RAB11A
GO_Biological_Process_2023,Regulation Of Lysosomal Lumen pH (GO:0035751),2/25,0.0256682933201663,0.1468327700123989,0,0,8.685551163812033,31.810820468950148,ATP6V0B;ATP6V1F
GO_Biological_Process_2023,Purine Ribonucleotide Catabolic Process (GO:0009154),2/25,0.0256682933201663,0.1468327700123989,0,0,8.685551163812033,31.810820468950148,HINT1;PNP
GO_Biological_Process_2023,Regulation Of Cytokine Production (GO:0001817),5/167,0.0264475675052171,0.1505763120738135,0,0,3.1082621082621085,11.291045241981209,RGCC;ANXA1;GPNMB;GATA3;HLA-DRB1
GO_Biological_Process_2023,Positive Regulation Of Transcription By RNA Polymerase II (GO:0045944),16/938,0.026495889301085,0.1505763120738135,0,0,1.7804394982552108,6.464358623331308,TFAP2A;EHF;ANXA2;JUP;IL18;HMGA1;RORA;GATA3;KLF4;ETS2;SFRP2;RGCC;KLF5;SOX15;IRF6;S100A10
GO_Biological_Process_2023,Canonical Wnt Signaling Pathway (GO:0060070),3/65,0.0273538141573354,0.1525195906802317,0,0,4.848043229081382,17.447619395780233,SFRP2;JUP;GATA3
GO_Biological_Process_2023,Regulation Of Cell-Matrix Adhesion (GO:0001952),3/65,0.0273538141573354,0.1525195906802317,0,0,4.848043229081382,17.447619395780233,ADAM15;JUP;EMP2
GO_Biological_Process_2023,Apoptotic Process (GO:0006915),6/228,0.0273926779852129,0.1525195906802317,0,0,2.7275006965728616,9.81212791884465,PYCARD;EMP1;PMAIP1;EMP2;NSG1;RTN4
GO_Biological_Process_2023,Regulation Of Epidermal Growth Factor-Activated Receptor Activity (GO:0007176),2/26,0.0276271829006745,0.1525195906802317,0,0,8.323232323232324,29.871707121892776,FBXW7;AREG
GO_Biological_Process_2023,Response To Glucocorticoid (GO:0051384),2/26,0.0276271829006745,0.1525195906802317,0,0,8.323232323232324,29.871707121892776,ANXA1;ZFP36L2
GO_Biological_Process_2023,Mitotic G1 DNA Damage Checkpoint Signaling (GO:0031571),2/26,0.0276271829006745,0.1525195906802317,0,0,8.323232323232324,29.871707121892776,PLK2;RPL26
GO_Biological_Process_2023,Negative Regulation Of Receptor-Mediated Endocytosis (GO:0048261),2/26,0.0276271829006745,0.1525195906802317,0,0,8.323232323232324,29.871707121892776,ANXA2;ARF6
GO_Biological_Process_2023,Protein Localization To Cell Surface (GO:0034394),2/26,0.0276271829006745,0.1525195906802317,0,0,8.323232323232324,29.871707121892776,EMP2;ARF6
GO_Biological_Process_2023,Regulation Of Cardiac Muscle Cell Contraction (GO:0086004),2/26,0.0276271829006745,0.1525195906802317,0,0,8.323232323232324,29.871707121892776,DSP;JUP
GO_Biological_Process_2023,Positive Regulation Of Nitric Oxide Biosynthetic Process (GO:0045429),2/27,0.0296442334084981,0.1631370946119568,0,0,7.98989898989899,28.11236101024157,KLF4;CLU
GO_Biological_Process_2023,Positive Regulation Of Cellular Biosynthetic Process (GO:0031328),5/174,0.0308142270217084,0.1690408226837569,0,0,2.97845546957973,10.36436613832377,RGCC;RPL26;KLF4;CLU;MFSD2A
GO_Biological_Process_2023,Regulation Of Cell Migration (GO:0030334),9/434,0.0309524984711857,0.1692653925829938,0,0,2.148136741607638,7.465422962890469,CD74;CLDN4;SFRP2;ANXA1;ADAM15;GPNMB;KRT5;SGK1;CLDN1
GO_Biological_Process_2023,Regulation Of Glucose Metabolic Process (GO:0010906),2/28,0.0317180982356202,0.1712974311544833,0,0,7.682206682206682,26.51027997028578,PMAIP1;RORA
GO_Biological_Process_2023,Negative Regulation Of Type II Interferon Production (GO:0032689),2/28,0.0317180982356202,0.1712974311544833,0,0,7.682206682206682,26.51027997028578,PRNP;HLA-DRB1
GO_Biological_Process_2023,Positive Regulation Of Nitric Oxide Metabolic Process (GO:1904407),2/28,0.0317180982356202,0.1712974311544833,0,0,7.682206682206682,26.51027997028578,KLF4;CLU
GO_Biological_Process_2023,"Regulation Of DNA Damage Response, Signal Transduction By P53 Class Mediator (GO:0043516)",2/28,0.0317180982356202,0.1712974311544833,0,0,7.682206682206682,26.51027997028578,CD74;PMAIP1
GO_Biological_Process_2023,Extracellular Matrix Organization (GO:0030198),5/176,0.0321401264329657,0.1730392565539549,0,0,2.9433198380566803,10.118103396736007,COL17A1;ADAM15;SPINT1;MMP2;CAPG
GO_Biological_Process_2023,Positive Regulation Of Protein Polymerization (GO:0032273),3/70,0.0330703326834923,0.1769517185741326,0,0,4.485112508523373,15.290280888801105,PYCARD;BAIAP2;ARF6
GO_Biological_Process_2023,Regulation Of Actin Filament Polymerization (GO:0030833),3/70,0.0330703326834923,0.1769517185741326,0,0,4.485112508523373,15.290280888801105,PYCARD;BAIAP2;ARF6
GO_Biological_Process_2023,Glycolytic Process (GO:0006096),2/29,0.0338474516440146,0.1794534097833579,0,0,7.397306397306397,25.046477343523872,PKM;ENO1
GO_Biological_Process_2023,Multivesicular Body Assembly (GO:0036258),2/29,0.0338474516440146,0.1794534097833579,0,0,7.397306397306397,25.046477343523872,CHMP1B;RAB11A
GO_Biological_Process_2023,Positive Regulation Of Endopeptidase Activity (GO:0010950),2/29,0.0338474516440146,0.1794534097833579,0,0,7.397306397306397,25.046477343523872,PYCARD;EFNA1
GO_Biological_Process_2023,Positive Regulation Of ERK1 And ERK2 Cascade (GO:0070374),5/179,0.0341950566627888,0.1807452995033122,0,0,2.892130857648099,9.76289148270089,PYCARD;CD74;GPNMB;FBXW7;HLA-DRB1
GO_Biological_Process_2023,Regulation Of Cellular Localization (GO:0060341),3/72,0.0355175071354049,0.1859290764859757,0,0,4.354667843743103,14.534703522115317,DNAJB6;FBXW7;KRT5
GO_Biological_Process_2023,Cholesterol Homeostasis (GO:0042632),3/72,0.0355175071354049,0.1859290764859757,0,0,4.354667843743103,14.534703522115317,NPC2;IL18;RORA
GO_Biological_Process_2023,Plasma Membrane Organization (GO:0007009),3/72,0.0355175071354049,0.1859290764859757,0,0,4.354667843743103,14.534703522115317,SERP1;CHMP1B;DMKN
GO_Biological_Process_2023,"Maturation Of SSU-rRNA From Tricistronic rRNA Transcript (SSU-rRNA, 5.8S rRNA, LSU-rRNA) (GO:0000462)",2/30,0.0360309884965366,0.1859290764859757,0,0,7.132756132756133,23.70482996930019,RPS14;RPS21
GO_Biological_Process_2023,Multivesicular Body Organization (GO:0036257),2/30,0.0360309884965366,0.1859290764859757,0,0,7.132756132756133,23.70482996930019,CHMP1B;RAB11A
GO_Biological_Process_2023,Negative Regulation Of Blood Coagulation (GO:0030195),2/30,0.0360309884965366,0.1859290764859757,0,0,7.132756132756133,23.70482996930019,SERPINB2;KRT1
GO_Biological_Process_2023,Prostaglandin Metabolic Process (GO:0006693),2/30,0.0360309884965366,0.1859290764859757,0,0,7.132756132756133,23.70482996930019,CD74;PTGDS
GO_Biological_Process_2023,Positive Regulation Of Defense Response (GO:0031349),4/124,0.0360311091292546,0.1859290764859757,0,0,3.346938775510204,11.123124524025986,PYCARD;IL18;PDCD4;MGST2
GO_Biological_Process_2023,Sterol Homeostasis (GO:0055092),3/73,0.0367752254746638,0.1886493129806503,0,0,4.292240754169688,14.17697453700434,NPC2;IL18;RORA
GO_Biological_Process_2023,Granulocyte Chemotaxis (GO:0071621),3/73,0.0367752254746638,0.1886493129806503,0,0,4.292240754169688,14.17697453700434,ANXA1;CXADR;KLF5
GO_Biological_Process_2023,Regulation Of Centrosome Duplication (GO:0010824),2/31,0.0382674239788824,0.192332515315828,0,0,6.886450714036921,22.47156498788087,CHMP1B;PLK2
GO_Biological_Process_2023,Triglyceride Homeostasis (GO:0070328),2/31,0.0382674239788824,0.192332515315828,0,0,6.886450714036921,22.47156498788087,IL18;RORA
GO_Biological_Process_2023,Negative Regulation Of Cell-Matrix Adhesion (GO:0001953),2/31,0.0382674239788824,0.192332515315828,0,0,6.886450714036921,22.47156498788087,ADAM15;APOD
GO_Biological_Process_2023,Positive Regulation Of G1/S Transition Of Mitotic Cell Cycle (GO:1900087),2/31,0.0382674239788824,0.192332515315828,0,0,6.886450714036921,22.47156498788087,ANXA1;RGCC
GO_Biological_Process_2023,Positive Regulation Of Lamellipodium Organization (GO:1902745),2/31,0.0382674239788824,0.192332515315828,0,0,6.886450714036921,22.47156498788087,ARPC2;FSCN1
GO_Biological_Process_2023,Positive Regulation Of Proteolysis Involved In Protein Catabolic Process (GO:1903052),2/31,0.0382674239788824,0.192332515315828,0,0,6.886450714036921,22.47156498788087,FBXW7;CLU
GO_Biological_Process_2023,Regulation Of Cell Morphogenesis (GO:0022604),2/31,0.0382674239788824,0.192332515315828,0,0,6.886450714036921,22.47156498788087,CLDN4;MFSD2A
GO_Biological_Process_2023,Regulation Of Anatomical Structure Morphogenesis (GO:0022603),4/127,0.0388026991948337,0.1944607893366454,0,0,3.264808362369338,10.608229071142864,CLDN4;GPNMB;KRT1;EMP2
GO_Biological_Process_2023,Regulation Of Stress Fiber Assembly (GO:0051492),3/75,0.0393585070908985,0.1966794362961855,0,0,4.1725888324873095,13.498504866555718,RGCC;TACSTD2;S100A10
GO_Biological_Process_2023,Muscle Cell Development (GO:0055001),2/32,0.0405554933220173,0.2009287831538122,0,0,6.656565656565657,21.334852328849312,CXADR;SDC1
GO_Biological_Process_2023,Negative Regulation Of G1/S Transition Of Mitotic Cell Cycle (GO:2000134),2/32,0.0405554933220173,0.2009287831538122,0,0,6.656565656565657,21.334852328849312,GPNMB;KLF4
GO_Biological_Process_2023,Negative Regulation Of Fat Cell Differentiation (GO:0045599),2/32,0.0405554933220173,0.2009287831538122,0,0,6.656565656565657,21.334852328849312,RORA;ZFP36L2
GO_Biological_Process_2023,Positive Regulation Of Peptidyl-Tyrosine Phosphorylation (GO:0050731),4/130,0.0416931251530952,0.2024614015549966,0,0,3.186588921282799,10.125128273545416,EFNA1;PRNP;CD74;IL18
GO_Biological_Process_2023,Neutrophil Migration (GO:1990266),3/77,0.0420316296186853,0.2024614015549966,0,0,4.059404582247222,12.865604326296657,CXADR;KLF5;EMP2
GO_Biological_Process_2023,Regulation Of Lamellipodium Assembly (GO:0010591),2/33,0.0428939515536669,0.2024614015549966,0,0,6.4415118931247966,20.28447846195992,ARPC2;FSCN1
GO_Biological_Process_2023,Regulation Of Sprouting Angiogenesis (GO:1903670),2/33,0.0428939515536669,0.2024614015549966,0,0,6.4415118931247966,20.28447846195992,PKM;KLF4
GO_Biological_Process_2023,Positive Regulation Of T Cell Mediated Cytotoxicity (GO:0001916),2/33,0.0428939515536669,0.2024614015549966,0,0,6.4415118931247966,20.28447846195992,HLA-DRA;HLA-DRB1
GO_Biological_Process_2023,Positive Regulation Of Epidermal Growth Factor Receptor Signaling Pathway (GO:0045742),2/33,0.0428939515536669,0.2024614015549966,0,0,6.4415118931247966,20.28447846195992,FBXW7;AREG
GO_Biological_Process_2023,Positive Regulation Of Ion Transmembrane Transporter Activity (GO:0032414),2/33,0.0428939515536669,0.2024614015549966,0,0,6.4415118931247966,20.28447846195992,ATP1B3;ADRB2
GO_Biological_Process_2023,Positive Regulation Of Nitrogen Compound Metabolic Process (GO:0051173),2/33,0.0428939515536669,0.2024614015549966,0,0,6.4415118931247966,20.28447846195992,GATA3;KLF4
GO_Biological_Process_2023,Regulation Of Cell Adhesion Mediated By Integrin (GO:0033628),2/33,0.0428939515536669,0.2024614015549966,0,0,6.4415118931247966,20.28447846195992,EFNA1;SFRP2
GO_Biological_Process_2023,Proteolysis Involved In Protein Catabolic Process (GO:0051603),3/78,0.0434016299293596,0.2024614015549966,0,0,4.00507614213198,12.564958299367063,PMAIP1;UBA52;CTSB
GO_Biological_Process_2023,Circulatory System Development (GO:0072359),4/132,0.0436861216677212,0.2024614015549966,0,0,3.1364795918367347,9.819454472009996,GJA1;CXADR;FBXW7;ID2
GO_Biological_Process_2023,Regulation Of Signal Transduction (GO:0009966),5/193,0.0448497130279265,0.2024614015549966,0,0,2.674849972722313,8.30390613763502,PRNP;RORA;GATA3;CLU;CD55
GO_Biological_Process_2023,Regulation Of Cell Differentiation (GO:0045595),5/193,0.0448497130279265,0.2024614015549966,0,0,2.674849972722313,8.30390613763502,TFAP2A;ID2;EMP2;GATA3;KLF4
GO_Biological_Process_2023,Regulation Of Interleukin-17 Production (GO:0032660),2/34,0.0452815731960364,0.2024614015549966,0,0,6.23989898989899,19.311583224616665,PRNP;IL18
GO_Biological_Process_2023,Apoptotic Mitochondrial Changes (GO:0008637),2/34,0.0452815731960364,0.2024614015549966,0,0,6.23989898989899,19.311583224616665,SFN;CLU
GO_Biological_Process_2023,Cellular Response To Hydrogen Peroxide (GO:0070301),2/34,0.0452815731960364,0.2024614015549966,0,0,6.23989898989899,19.311583224616665,ANXA1;CLU
GO_Biological_Process_2023,Negative Regulation Of Mitotic Cell Cycle (GO:0045930),2/34,0.0452815731960364,0.2024614015549966,0,0,6.23989898989899,19.311583224616665,RGCC;ZFP36L2
GO_Biological_Process_2023,Positive Regulation Of Organelle Organization (GO:0010638),2/34,0.0452815731960364,0.2024614015549966,0,0,6.23989898989899,19.311583224616665,ANXA1;ANXA2
GO_Biological_Process_2023,Regulation Of T Cell Receptor Signaling Pathway (GO:0050856),2/34,0.0452815731960364,0.2024614015549966,0,0,6.23989898989899,19.311583224616665,PRNP;EZR
GO_Biological_Process_2023,Wound Healing (GO:0042060),3/80,0.0462079634844281,0.2024614015549966,0,0,3.90065264684554,11.99295882125826,DSP;CHMP1B;CLDN1
GO_Biological_Process_2023,Cellular Response To Metal Ion (GO:0071248),4/135,0.0467746106682468,0.2024614015549966,0,0,3.064184452406917,9.383803603583353,TFAP2A;PRNP;MT1X;CLU
GO_Biological_Process_2023,Protein-Containing Complex Assembly (GO:0065003),7/328,0.0473148902624245,0.2024614015549966,0,0,2.200910367536681,6.714823970145891,VAMP8;CD74;CAPG;ADRB2;NSG1;CLDN1;CLU
GO_Biological_Process_2023,Activation Of Protein Kinase Activity (GO:0032147),3/81,0.047644064808467,0.2024614015549966,0,0,3.850449043342445,11.720756163276285,IL18;EMP2;ADRB2
GO_Biological_Process_2023,Endoderm Formation (GO:0001706),2/35,0.0477171520360592,0.2024614015549966,0,0,6.05050505050505,18.408446001894514,DUSP2;MMP2
GO_Biological_Process_2023,Negative Regulation Of Cell Cycle G1/S Phase Transition (GO:1902807),2/35,0.0477171520360592,0.2024614015549966,0,0,6.05050505050505,18.408446001894514,GPNMB;KLF4
GO_Biological_Process_2023,Regulation Of Axon Extension (GO:0030516),2/35,0.0477171520360592,0.2024614015549966,0,0,6.05050505050505,18.408446001894514,GOLGA4;RTN4
GO_Biological_Process_2023,Regulation Of Circadian Sleep/Wake Cycle (GO:0042749),1/5,0.049014519870416,0.2024614015549966,0,0,24.86934673366834,74.99696447567176,PTGDS
GO_Biological_Process_2023,"Regulation Of Circadian Sleep/Wake Cycle, Sleep (GO:0045187)",1/5,0.049014519870416,0.2024614015549966,0,0,24.86934673366834,74.99696447567176,PTGDS
GO_Biological_Process_2023,His-Purkinje System Development (GO:0003164),1/5,0.049014519870416,0.2024614015549966,0,0,24.86934673366834,74.99696447567176,ID2
GO_Biological_Process_2023,Regulation Of Extracellular Exosome Assembly (GO:1903551),1/5,0.049014519870416,0.2024614015549966,0,0,24.86934673366834,74.99696447567176,SDC1
GO_Biological_Process_2023,Regulation Of Glutamate Receptor Signaling Pathway (GO:1900449),1/5,0.049014519870416,0.2024614015549966,0,0,24.86934673366834,74.99696447567176,PRNP
GO_Biological_Process_2023,Regulation Of Hepatocyte Proliferation (GO:2000345),1/5,0.049014519870416,0.2024614015549966,0,0,24.86934673366834,74.99696447567176,FBXW7
GO_Biological_Process_2023,T-helper 2 Cell Differentiation (GO:0045064),1/5,0.049014519870416,0.2024614015549966,0,0,24.86934673366834,74.99696447567176,GATA3
GO_Biological_Process_2023,Regulation Of Monoatomic Anion Transport (GO:0044070),1/5,0.049014519870416,0.2024614015549966,0,0,24.86934673366834,74.99696447567176,CA2
GO_Biological_Process_2023,Regulation Of Morphogenesis Of A Branching Structure (GO:0060688),1/5,0.049014519870416,0.2024614015549966,0,0,24.86934673366834,74.99696447567176,RTN4
GO_Biological_Process_2023,Cellular Response To Granulocyte Macrophage Colony-Stimulating Factor Stimulus (GO:0097011),1/5,0.049014519870416,0.2024614015549966,0,0,24.86934673366834,74.99696447567176,ZFP36L2
GO_Biological_Process_2023,Cellular Response To Iron Ion (GO:0071281),1/5,0.049014519870416,0.2024614015549966,0,0,24.86934673366834,74.99696447567176,TFAP2A
GO_Biological_Process_2023,Regulation Of Tooth Mineralization (GO:0070170),1/5,0.049014519870416,0.2024614015549966,0,0,24.86934673366834,74.99696447567176,TFAP2A
GO_Biological_Process_2023,Regulation Of Type 2 Immune Response (GO:0002828),1/5,0.049014519870416,0.2024614015549966,0,0,24.86934673366834,74.99696447567176,CD74
GO_Biological_Process_2023,Renal System Process Involved In Regulation Of Blood Volume (GO:0001977),1/5,0.049014519870416,0.2024614015549966,0,0,24.86934673366834,74.99696447567176,EMP2
GO_Biological_Process_2023,Response To Granulocyte Macrophage Colony-Stimulating Factor (GO:0097012),1/5,0.049014519870416,0.2024614015549966,0,0,24.86934673366834,74.99696447567176,ZFP36L2
GO_Biological_Process_2023,Ruffle Assembly (GO:0097178),1/5,0.049014519870416,0.2024614015549966,0,0,24.86934673366834,74.99696447567176,ARF6
GO_Biological_Process_2023,Ear Development (GO:0043583),1/5,0.049014519870416,0.2024614015549966,0,0,24.86934673366834,74.99696447567176,GATA3
GO_Biological_Process_2023,Embryonic Brain Development (GO:1990403),1/5,0.049014519870416,0.2024614015549966,0,0,24.86934673366834,74.99696447567176,MFSD2A
GO_Biological_Process_2023,Epithelial Tube Formation (GO:0072175),1/5,0.049014519870416,0.2024614015549966,0,0,24.86934673366834,74.99696447567176,GATA3
GO_Biological_Process_2023,Trigeminal Nerve Development (GO:0021559),1/5,0.049014519870416,0.2024614015549966,0,0,24.86934673366834,74.99696447567176,TFAP2A
GO_Biological_Process_2023,Glycolipid Transport (GO:0046836),1/5,0.049014519870416,0.2024614015549966,0,0,24.86934673366834,74.99696447567176,NPC2
GO_Biological_Process_2023,Ventricular Compact Myocardium Morphogenesis (GO:0003223),1/5,0.049014519870416,0.2024614015549966,0,0,24.86934673366834,74.99696447567176,DSP
GO_Biological_Process_2023,Mesodermal Cell Fate Commitment (GO:0001710),1/5,0.049014519870416,0.2024614015549966,0,0,24.86934673366834,74.99696447567176,KLF4
GO_Biological_Process_2023,Negative Regulation Of Amyloid Precursor Protein Biosynthetic Process (GO:0042985),1/5,0.049014519870416,0.2024614015549966,0,0,24.86934673366834,74.99696447567176,ITM2A
GO_Biological_Process_2023,Negative Regulation Of Cellular Response To Hypoxia (GO:1900038),1/5,0.049014519870416,0.2024614015549966,0,0,24.86934673366834,74.99696447567176,ENO1
GO_Biological_Process_2023,Negative Regulation Of Endoplasmic Reticulum Calcium Ion Concentration (GO:0032471),1/5,0.049014519870416,0.2024614015549966,0,0,24.86934673366834,74.99696447567176,BCAP31
GO_Biological_Process_2023,Negative Regulation Of Morphogenesis Of An Epithelium (GO:1905331),1/5,0.049014519870416,0.2024614015549966,0,0,24.86934673366834,74.99696447567176,TACSTD2
GO_Biological_Process_2023,Negative Regulation Of Trophoblast Cell Migration (GO:1901164),1/5,0.049014519870416,0.2024614015549966,0,0,24.86934673366834,74.99696447567176,GJA1
GO_Biological_Process_2023,Neutrophil Degranulation (GO:0043312),1/5,0.049014519870416,0.2024614015549966,0,0,24.86934673366834,74.99696447567176,VAMP8
GO_Biological_Process_2023,Osmosensory Signaling Pathway (GO:0007231),1/5,0.049014519870416,0.2024614015549966,0,0,24.86934673366834,74.99696447567176,PYCARD
GO_Biological_Process_2023,Plasma Membrane Raft Assembly (GO:0044854),1/5,0.049014519870416,0.2024614015549966,0,0,24.86934673366834,74.99696447567176,EMP2
GO_Biological_Process_2023,Plasma Membrane Raft Organization (GO:0044857),1/5,0.049014519870416,0.2024614015549966,0,0,24.86934673366834,74.99696447567176,EMP2
GO_Biological_Process_2023,Positive Regulation Of NK T Cell Proliferation (GO:0051142),1/5,0.049014519870416,0.2024614015549966,0,0,24.86934673366834,74.99696447567176,IL18
GO_Biological_Process_2023,Positive Regulation Of T Cell Mediated Immune Response To Tumor Cell (GO:0002842),1/5,0.049014519870416,0.2024614015549966,0,0,24.86934673366834,74.99696447567176,HLA-DRB1
GO_Biological_Process_2023,Positive Regulation Of T-helper 2 Cell Differentiation (GO:0045630),1/5,0.049014519870416,0.2024614015549966,0,0,24.86934673366834,74.99696447567176,IL18
GO_Biological_Process_2023,Positive Regulation Of Animal Organ Morphogenesis (GO:0110110),1/5,0.049014519870416,0.2024614015549966,0,0,24.86934673366834,74.99696447567176,GATA3
GO_Biological_Process_2023,Positive Regulation Of Extrinsic Apoptotic Signaling Pathway Via Death Domain Receptors (GO:1902043),1/5,0.049014519870416,0.2024614015549966,0,0,24.86934673366834,74.99696447567176,PMAIP1
GO_Biological_Process_2023,Positive Regulation Of Hemoglobin Biosynthetic Process (GO:0046985),1/5,0.049014519870416,0.2024614015549966,0,0,24.86934673366834,74.99696447567176,KLF4
GO_Biological_Process_2023,Positive Regulation Of Intrinsic Apoptotic Signaling Pathway By P53 Class Mediator (GO:1902255),1/5,0.049014519870416,0.2024614015549966,0,0,24.86934673366834,74.99696447567176,RPL26
GO_Biological_Process_2023,Positive Regulation Of Podosome Assembly (GO:0071803),1/5,0.049014519870416,0.2024614015549966,0,0,24.86934673366834,74.99696447567176,FSCN1
GO_Biological_Process_2023,Protein Import (GO:0017038),1/5,0.049014519870416,0.2024614015549966,0,0,24.86934673366834,74.99696447567176,CLU
GO_Biological_Process_2023,Purine Deoxyribonucleotide Catabolic Process (GO:0009155),1/5,0.049014519870416,0.2024614015549966,0,0,24.86934673366834,74.99696447567176,PNP
GO_Biological_Process_2023,Purine Ribonucleoside Catabolic Process (GO:0046130),1/5,0.049014519870416,0.2024614015549966,0,0,24.86934673366834,74.99696447567176,PNP
GO_Biological_Process_2023,"Regulation Of DNA Damage Response, Signal Transduction By P53 Class Mediator Resulting In Transcription Of P21 Class Mediator (GO:1902162)",1/5,0.049014519870416,0.2024614015549966,0,0,24.86934673366834,74.99696447567176,RPL26
GO_Biological_Process_2023,"DNA Damage Response, Signal Transduction By P53 Class Mediator (GO:0030330)",2/36,0.0501995008461569,0.2063757257008673,0,0,5.872251931075461,17.568310863627904,PLK2;RPL26
GO_Biological_Process_2023,Regulation Of T Cell Mediated Cytotoxicity (GO:0001914),2/36,0.0501995008461569,0.2063757257008673,0,0,5.872251931075461,17.568310863627904,HLA-DRA;HLA-DRB1
GO_Biological_Process_2023,Regulation Of NIK/NF-kappaB Signaling (GO:1901222),3/83,0.0505815238385671,0.2069372173045781,0,0,3.753807106598985,11.201994465025969,PYCARD;PDCD4;EZR
GO_Biological_Process_2023,Regulation Of Cell Division (GO:0051302),3/83,0.0505815238385671,0.2069372173045781,0,0,3.753807106598985,11.201994465025969,SFRP2;SFN;RAB11A
GO_Biological_Process_2023,Regulation Of Protein Phosphorylation (GO:0001932),6/265,0.0506930733592583,0.2069372173045781,0,0,2.3334394777693745,6.958237180752288,EFNA1;CD74;PRNP;GPNMB;FBLN1;HLA-DRB1
GO_Biological_Process_2023,Regulation Of Apoptotic Process (GO:0042981),12/705,0.0514720124071759,0.2096248936207939,0,0,1.7598784194528876,5.221061343607402,TFAP2A;PYCARD;CD74;SFRP2;ANXA1;PLK2;TNFSF10;PMAIP1;SGK1;CLU;RTN4;CTSB
GO_Biological_Process_2023,Aortic Valve Morphogenesis (GO:0003180),2/37,0.0527274511453542,0.2109419693798886,0,0,5.704184704184704,16.785242657704043,EFNA1;GATA3
GO_Biological_Process_2023,Negative Regulation Of Endothelial Cell Migration (GO:0010596),2/37,0.0527274511453542,0.2109419693798886,0,0,5.704184704184704,16.785242657704043,RGCC;JUP
GO_Biological_Process_2023,Negative Regulation Of Smooth Muscle Cell Proliferation (GO:0048662),2/37,0.0527274511453542,0.2109419693798886,0,0,5.704184704184704,16.785242657704043,PDCD4;APOD
GO_Biological_Process_2023,Positive Regulation Of Exocytosis (GO:0045921),2/37,0.0527274511453542,0.2109419693798886,0,0,5.704184704184704,16.785242657704043,SDC1;S100A10
GO_Biological_Process_2023,Positive Regulation Of Immune Effector Process (GO:0002699),2/37,0.0527274511453542,0.2109419693798886,0,0,5.704184704184704,16.785242657704043,HLA-DRA;HLA-DRB1
GO_Biological_Process_2023,Positive Regulation Of Signaling (GO:0023056),2/37,0.0527274511453542,0.2109419693798886,0,0,5.704184704184704,16.785242657704043,ANXA2;GATA3
GO_Biological_Process_2023,Regulation Of Kinase Activity (GO:0043549),3/85,0.0536051258792773,0.2109419693798886,0,0,3.661879410672279,10.71506409870918,CD74;EMP2;HLA-DRB1
GO_Biological_Process_2023,Positive Regulation Of Amide Metabolic Process (GO:0034250),3/85,0.0536051258792773,0.2109419693798886,0,0,3.661879410672279,10.71506409870918,EFNA1;RPL26;CLU
GO_Biological_Process_2023,Defense Response To Bacterium (GO:0042742),5/204,0.0544705711947349,0.2109419693798886,0,0,2.525576600953485,7.349667083989915,PYCARD;SLPI;IL18;DEFB1;S100A14
GO_Biological_Process_2023,Regulation Of Mitotic Cell Cycle Phase Transition (GO:1901990),3/86,0.055148891178145,0.2109419693798886,0,0,3.617576906611216,10.482720030479646,RGCC;ID2;ZFP36L2
GO_Biological_Process_2023,Fatty Acid Transport (GO:0015908),2/38,0.0552998529270401,0.2109419693798886,0,0,5.545454545454546,16.054007893661755,CRABP2;MFSD2A
GO_Biological_Process_2023,Actin Filament Organization (GO:0007015),4/144,0.0567497761741646,0.2109419693798886,0,0,2.8658892128279883,8.222532962280336,TPM3;EMP2;CAPG;BAIAP2
GO_Biological_Process_2023,Regulation Of Nitric Oxide Biosynthetic Process (GO:0045428),2/39,0.0579155744332589,0.2109419693798886,0,0,5.395304395304395,15.369975594462096,KLF4;CLU
GO_Biological_Process_2023,Regulation Of Protein Tyrosine Kinase Activity (GO:0061097),2/39,0.0579155744332589,0.2109419693798886,0,0,5.395304395304395,15.369975594462096,EFNA1;PRNP
GO_Biological_Process_2023,Regulation Of Receptor-Mediated Endocytosis (GO:0048259),2/39,0.0579155744332589,0.2109419693798886,0,0,5.395304395304395,15.369975594462096,CLU;ARF6
GO_Biological_Process_2023,Negative Regulation Of Lymphocyte Proliferation (GO:0050672),2/39,0.0579155744332589,0.2109419693798886,0,0,5.395304395304395,15.369975594462096,GPNMB;HLA-DRB1
GO_Biological_Process_2023,Positive Regulation Of Intrinsic Apoptotic Signaling Pathway (GO:2001244),2/39,0.0579155744332589,0.2109419693798886,0,0,5.395304395304395,15.369975594462096,BCAP31;PMAIP1
GO_Biological_Process_2023,AV Node Cell To Bundle Of His Cell Communication (GO:0086067),1/6,0.0585267307609904,0.2109419693798886,0,0,19.894472361809044,56.46591775214154,CXADR
GO_Biological_Process_2023,Regulation Of Digestive System Process (GO:0044058),1/6,0.0585267307609904,0.2109419693798886,0,0,19.894472361809044,56.46591775214154,SGK1
GO_Biological_Process_2023,Regulation Of Extracellular Matrix Assembly (GO:1901201),1/6,0.0585267307609904,0.2109419693798886,0,0,19.894472361809044,56.46591775214154,RGCC
GO_Biological_Process_2023,Regulation Of Hemoglobin Biosynthetic Process (GO:0046984),1/6,0.0585267307609904,0.2109419693798886,0,0,19.894472361809044,56.46591775214154,KLF4
GO_Biological_Process_2023,Regulation Of Histamine Secretion By Mast Cell (GO:1903593),1/6,0.0585267307609904,0.2109419693798886,0,0,19.894472361809044,56.46591775214154,VAMP8
GO_Biological_Process_2023,Regulation Of Metallopeptidase Activity (GO:1905048),1/6,0.0585267307609904,0.2109419693798886,0,0,19.894472361809044,56.46591775214154,CLDN4
GO_Biological_Process_2023,Angiotensin-Activated Signaling Pathway (GO:0038166),1/6,0.0585267307609904,0.2109419693798886,0,0,19.894472361809044,56.46591775214154,CA2
GO_Biological_Process_2023,Autophagosome Membrane Docking (GO:0016240),1/6,0.0585267307609904,0.2109419693798886,0,0,19.894472361809044,56.46591775214154,VAMP8
GO_Biological_Process_2023,Regulation Of Osteoclast Development (GO:2001204),1/6,0.0585267307609904,0.2109419693798886,0,0,19.894472361809044,56.46591775214154,FBXW7
GO_Biological_Process_2023,Regulation Of Phospholipid Transport (GO:2001138),1/6,0.0585267307609904,0.2109419693798886,0,0,19.894472361809044,56.46591775214154,TSPO
GO_Biological_Process_2023,Regulation Of Prostaglandin Biosynthetic Process (GO:0031392),1/6,0.0585267307609904,0.2109419693798886,0,0,19.894472361809044,56.46591775214154,CD74
GO_Biological_Process_2023,Regulation Of Striated Muscle Tissue Development (GO:0016202),1/6,0.0585267307609904,0.2109419693798886,0,0,19.894472361809044,56.46591775214154,SOX15
GO_Biological_Process_2023,Cellular Response To Laminar Fluid Shear Stress (GO:0071499),1/6,0.0585267307609904,0.2109419693798886,0,0,19.894472361809044,56.46591775214154,KLF4
GO_Biological_Process_2023,Regulation Of Vascular Associated Smooth Muscle Cell Apoptotic Process (GO:1905459),1/6,0.0585267307609904,0.2109419693798886,0,0,19.894472361809044,56.46591775214154,PDCD4
GO_Biological_Process_2023,Regulation Of Vascular Associated Smooth Muscle Cell Differentiation (GO:1905063),1/6,0.0585267307609904,0.2109419693798886,0,0,19.894472361809044,56.46591775214154,PDCD4
GO_Biological_Process_2023,Definitive Hemopoiesis (GO:0060216),1/6,0.0585267307609904,0.2109419693798886,0,0,19.894472361809044,56.46591775214154,ZFP36L2
GO_Biological_Process_2023,Spontaneous Synaptic Transmission (GO:0098814),1/6,0.0585267307609904,0.2109419693798886,0,0,19.894472361809044,56.46591775214154,NSG1
GO_Biological_Process_2023,Sulfur Amino Acid Catabolic Process (GO:0000098),1/6,0.0585267307609904,0.2109419693798886,0,0,19.894472361809044,56.46591775214154,MPST
GO_Biological_Process_2023,Glutathione Biosynthetic Process (GO:0006750),1/6,0.0585267307609904,0.2109419693798886,0,0,19.894472361809044,56.46591775214154,MGST2
GO_Biological_Process_2023,Locomotor Rhythm (GO:0045475),1/6,0.0585267307609904,0.2109419693798886,0,0,19.894472361809044,56.46591775214154,ID2
GO_Biological_Process_2023,Long-Term Synaptic Depression (GO:0060292),1/6,0.0585267307609904,0.2109419693798886,0,0,19.894472361809044,56.46591775214154,PLK2
GO_Biological_Process_2023,Macropinocytosis (GO:0044351),1/6,0.0585267307609904,0.2109419693798886,0,0,19.894472361809044,56.46591775214154,PYCARD
GO_Biological_Process_2023,Negative Regulation Of p38MAPK Cascade (GO:1903753),1/6,0.0585267307609904,0.2109419693798886,0,0,19.894472361809044,56.46591775214154,EZR
GO_Biological_Process_2023,Negative Regulation Of Ruffle Assembly (GO:1900028),1/6,0.0585267307609904,0.2109419693798886,0,0,19.894472361809044,56.46591775214154,TACSTD2
GO_Biological_Process_2023,Negative Regulation Of Smooth Muscle Cell Apoptotic Process (GO:0034392),1/6,0.0585267307609904,0.2109419693798886,0,0,19.894472361809044,56.46591775214154,LYPD3
GO_Biological_Process_2023,"Neurotransmitter Receptor Transport, Endosome To Postsynaptic Membrane (GO:0098887)",1/6,0.0585267307609904,0.2109419693798886,0,0,19.894472361809044,56.46591775214154,RAB11A
GO_Biological_Process_2023,Norepinephrine Biosynthetic Process (GO:0042421),1/6,0.0585267307609904,0.2109419693798886,0,0,19.894472361809044,56.46591775214154,GATA3
GO_Biological_Process_2023,Parallel Actin Filament Bundle Assembly (GO:0030046),1/6,0.0585267307609904,0.2109419693798886,0,0,19.894472361809044,56.46591775214154,FSCN1
GO_Biological_Process_2023,Polyamine Biosynthetic Process (GO:0006596),1/6,0.0585267307609904,0.2109419693798886,0,0,19.894472361809044,56.46591775214154,SAT1
GO_Biological_Process_2023,Positive Regulation Of Aspartic-Type Endopeptidase Activity Involved In Amyloid Precursor Protein Catabolic Process (GO:1902961),1/6,0.0585267307609904,0.2109419693798886,0,0,19.894472361809044,56.46591775214154,EFNA1
GO_Biological_Process_2023,Positive Regulation Of Endoplasmic Reticulum Stress-Induced Intrinsic Apoptotic Signaling Pathway (GO:1902237),1/6,0.0585267307609904,0.2109419693798886,0,0,19.894472361809044,56.46591775214154,PMAIP1
GO_Biological_Process_2023,Positive Regulation Of Hormone Metabolic Process (GO:0032352),1/6,0.0585267307609904,0.2109419693798886,0,0,19.894472361809044,56.46591775214154,GATA3
GO_Biological_Process_2023,Positive Regulation Of Immune Response To Tumor Cell (GO:0002839),1/6,0.0585267307609904,0.2109419693798886,0,0,19.894472361809044,56.46591775214154,HLA-DRB1
GO_Biological_Process_2023,Positive Regulation Of Interleukin-5 Production (GO:0032754),1/6,0.0585267307609904,0.2109419693798886,0,0,19.894472361809044,56.46591775214154,GATA3
GO_Biological_Process_2023,Protein Localization To Endoplasmic Reticulum Exit Site (GO:0070973),1/6,0.0585267307609904,0.2109419693798886,0,0,19.894472361809044,56.46591775214154,BCAP31
GO_Biological_Process_2023,Regulation Of NK T Cell Proliferation (GO:0051140),1/6,0.0585267307609904,0.2109419693798886,0,0,19.894472361809044,56.46591775214154,IL18
GO_Biological_Process_2023,Regulation Of T Cell Mediated Immune Response To Tumor Cell (GO:0002840),1/6,0.0585267307609904,0.2109419693798886,0,0,19.894472361809044,56.46591775214154,HLA-DRB1
GO_Biological_Process_2023,Regulation Of Anion Channel Activity (GO:0010359),1/6,0.0585267307609904,0.2109419693798886,0,0,19.894472361809044,56.46591775214154,PRNP
GO_Biological_Process_2023,Plasma Membrane Bounded Cell Projection Assembly (GO:0120031),6/275,0.0585882525649719,0.2109419693798886,0,0,2.2455447821254744,6.371106970979786,DUSP23;FSCN1;EMP1;EMP2;EZR;ARF6
GO_Biological_Process_2023,Regulation Of Cold-Induced Thermogenesis (GO:0120161),4/146,0.0591100350299638,0.2123808903246014,0,0,2.8252371371083647,7.990772372376219,GJA1;ID1;IL18;ADRB2
GO_Biological_Process_2023,Negative Regulation Of Protein Metabolic Process (GO:0051248),4/147,0.0603095808388597,0.2154137418502209,0,0,2.805337519623234,7.878129210447092,PRNP;CSTB;CSTA;CLU
GO_Biological_Process_2023,Regulation Of Cytokine-Mediated Signaling Pathway (GO:0001959),2/40,0.0605735018773766,0.2154137418502209,0,0,5.253056884635832,14.729034349424168,PYCARD;CD74
GO_Biological_Process_2023,Aortic Valve Development (GO:0003176),2/40,0.0605735018773766,0.2154137418502209,0,0,5.253056884635832,14.729034349424168,EFNA1;GATA3
GO_Biological_Process_2023,Negative Regulation Of Secretion By Cell (GO:1903531),2/40,0.0605735018773766,0.2154137418502209,0,0,5.253056884635832,14.729034349424168,VAMP8;ANXA1
GO_Biological_Process_2023,Positive Regulation Of Cell Cycle G1/S Phase Transition (GO:1902808),2/40,0.0605735018773766,0.2154137418502209,0,0,5.253056884635832,14.729034349424168,ANXA1;RGCC
GO_Biological_Process_2023,Negative Regulation Of Protein Phosphorylation (GO:0001933),4/149,0.0627473419326677,0.2179983092198411,0,0,2.7663617171006334,7.659057108220177,PRNP;SFRP2;FBLN1;SFN
GO_Biological_Process_2023,Lymphocyte Differentiation (GO:0030098),3/91,0.063181565752201,0.2179983092198411,0,0,3.411167512690356,9.420766981809484,TPD52;LY6D;GATA3
GO_Biological_Process_2023,rRNA Metabolic Process (GO:0016072),3/91,0.063181565752201,0.2179983092198411,0,0,3.411167512690356,9.420766981809484,RPS25;RPL26;RPS24
GO_Biological_Process_2023,Regulation Of Heart Rate By Cardiac Conduction (GO:0086091),2/41,0.0632725392250683,0.2179983092198411,0,0,5.118104118104118,14.127522570834804,DSP;JUP
GO_Biological_Process_2023,Carbohydrate Catabolic Process (GO:0016052),2/41,0.0632725392250683,0.2179983092198411,0,0,5.118104118104118,14.127522570834804,PKM;ENO1
GO_Biological_Process_2023,Lymphocyte Migration (GO:0072676),2/41,0.0632725392250683,0.2179983092198411,0,0,5.118104118104118,14.127522570834804,KLF5;GATA3
GO_Biological_Process_2023,Negative Regulation Of mRNA Catabolic Process (GO:1902373),2/41,0.0632725392250683,0.2179983092198411,0,0,5.118104118104118,14.127522570834804,PKP1;PKP3
GO_Biological_Process_2023,Positive Regulation Of Protein Catabolic Process (GO:0045732),3/92,0.0648498030509546,0.2179983092198411,0,0,3.3726686819141047,9.226546999073705,FBXW7;PLK2;EZR
GO_Biological_Process_2023,Central Nervous System Development (GO:0007417),6/283,0.0654064171054293,0.2179983092198411,0,0,2.1797982805463545,5.944603975547643,ALDH3A2;APOD;PHGDH;CAPG;RTN4;MFSD2A
GO_Biological_Process_2023,Cardiac Ventricle Morphogenesis (GO:0003208),2/42,0.0660116079502312,0.2179983092198411,0,0,4.98989898989899,13.5621695873434,SFRP2;GATA3
GO_Biological_Process_2023,Regulation Of Ubiquitin-Dependent Protein Catabolic Process (GO:2000058),2/42,0.0660116079502312,0.2179983092198411,0,0,4.98989898989899,13.5621695873434,FBXW7;CLU
GO_Biological_Process_2023,Negative Regulation Of I-kappaB kinase/NF-kappaB Signaling (GO:0043124),2/42,0.0660116079502312,0.2179983092198411,0,0,4.98989898989899,13.5621695873434,PYCARD;RORA
GO_Biological_Process_2023,Negative Regulation Of Amide Metabolic Process (GO:0034249),3/93,0.0665382374289198,0.2179983092198411,0,0,3.33502538071066,9.037847070802028,PRNP;CLU;RTN4
GO_Biological_Process_2023,Positive Regulation Of Cellular Component Biogenesis (GO:0044089),3/93,0.0665382374289198,0.2179983092198411,0,0,3.33502538071066,9.037847070802028,RGCC;SDC1;CLU
GO_Biological_Process_2023,Positive Regulation Of Protein Kinase B Signaling (GO:0051897),3/93,0.0665382374289198,0.2179983092198411,0,0,3.33502538071066,9.037847070802028,IL18;GATA3;RTN4
GO_Biological_Process_2023,Regulation Of Extracellular Matrix Constituent Secretion (GO:0003330),1/7,0.0679442688885301,0.2179983092198411,0,0,16.57788944723618,44.57906348265406,RGCC
GO_Biological_Process_2023,Aldehyde Catabolic Process (GO:0046185),1/7,0.0679442688885301,0.2179983092198411,0,0,16.57788944723618,44.57906348265406,ALDH2
GO_Biological_Process_2023,Regulation Of Microvillus Organization (GO:0032530),1/7,0.0679442688885301,0.2179983092198411,0,0,16.57788944723618,44.57906348265406,FSCN1
GO_Biological_Process_2023,Atrial Cardiac Muscle Cell To AV Node Cell Signaling (GO:0086026),1/7,0.0679442688885301,0.2179983092198411,0,0,16.57788944723618,44.57906348265406,GJA1
GO_Biological_Process_2023,Regulation Of Phospholipase A2 Activity (GO:0032429),1/7,0.0679442688885301,0.2179983092198411,0,0,16.57788944723618,44.57906348265406,ANXA1
GO_Biological_Process_2023,Cellular Response To Angiotensin (GO:1904385),1/7,0.0679442688885301,0.2179983092198411,0,0,16.57788944723618,44.57906348265406,CA2
GO_Biological_Process_2023,Regulation Of Stem Cell Division (GO:2000035),1/7,0.0679442688885301,0.2179983092198411,0,0,16.57788944723618,44.57906348265406,SFRP2
GO_Biological_Process_2023,Cellular Response To Interferon-Alpha (GO:0035457),1/7,0.0679442688885301,0.2179983092198411,0,0,16.57788944723618,44.57906348265406,GATA3
GO_Biological_Process_2023,Dendritic Spine Maintenance (GO:0097062),1/7,0.0679442688885301,0.2179983092198411,0,0,16.57788944723618,44.57906348265406,PRNP
GO_Biological_Process_2023,"Endonucleolytic Cleavage In ITS1 To Separate SSU-rRNA From 5.8S rRNA And LSU-rRNA From Tricistronic rRNA Transcript (SSU-rRNA, 5.8S rRNA, LSU-rRNA) (GO:0000447)",1/7,0.0679442688885301,0.2179983092198411,0,0,16.57788944723618,44.57906348265406,RPS21
GO_Biological_Process_2023,Spermidine Metabolic Process (GO:0008216),1/7,0.0679442688885301,0.2179983092198411,0,0,16.57788944723618,44.57906348265406,SAT1
GO_Biological_Process_2023,Establishment Of Centrosome Localization (GO:0051660),1/7,0.0679442688885301,0.2179983092198411,0,0,16.57788944723618,44.57906348265406,EZR
GO_Biological_Process_2023,Mitral Valve Development (GO:0003174),1/7,0.0679442688885301,0.2179983092198411,0,0,16.57788944723618,44.57906348265406,EFNA1
GO_Biological_Process_2023,Myoblast Migration (GO:0051451),1/7,0.0679442688885301,0.2179983092198411,0,0,16.57788944723618,44.57906348265406,ANXA1
GO_Biological_Process_2023,"Negative Regulation Of CD8-positive, Alpha-Beta T Cell Activation (GO:2001186)",1/7,0.0679442688885301,0.2179983092198411,0,0,16.57788944723618,44.57906348265406,DAPL1
GO_Biological_Process_2023,Negative Regulation Of Fatty Acid Oxidation (GO:0046322),1/7,0.0679442688885301,0.2179983092198411,0,0,16.57788944723618,44.57906348265406,MFSD2A
GO_Biological_Process_2023,Negative Regulation Of Mitochondrial Membrane Potential (GO:0010917),1/7,0.0679442688885301,0.2179983092198411,0,0,16.57788944723618,44.57906348265406,PMAIP1
GO_Biological_Process_2023,Negative Regulation Of Muscle Cell Differentiation (GO:0051148),1/7,0.0679442688885301,0.2179983092198411,0,0,16.57788944723618,44.57906348265406,ID2
GO_Biological_Process_2023,Negative Regulation Of Phospholipase Activity (GO:0010519),1/7,0.0679442688885301,0.2179983092198411,0,0,16.57788944723618,44.57906348265406,ANXA1
GO_Biological_Process_2023,Negative Regulation Of Vascular Associated Smooth Muscle Cell Differentiation (GO:1905064),1/7,0.0679442688885301,0.2179983092198411,0,0,16.57788944723618,44.57906348265406,PDCD4
GO_Biological_Process_2023,"Neurotransmitter Receptor Transport, Endosome To Plasma Membrane (GO:0099639)",1/7,0.0679442688885301,0.2179983092198411,0,0,16.57788944723618,44.57906348265406,RAB11A
GO_Biological_Process_2023,Nonribosomal Peptide Biosynthetic Process (GO:0019184),1/7,0.0679442688885301,0.2179983092198411,0,0,16.57788944723618,44.57906348265406,MGST2
GO_Biological_Process_2023,Norepinephrine Metabolic Process (GO:0042415),1/7,0.0679442688885301,0.2179983092198411,0,0,16.57788944723618,44.57906348265406,GATA3
GO_Biological_Process_2023,Plasma Membrane To Endosome Transport (GO:0048227),1/7,0.0679442688885301,0.2179983092198411,0,0,16.57788944723618,44.57906348265406,RAB11A
GO_Biological_Process_2023,Positive Regulation Of CoA-transferase Activity (GO:1905920),1/7,0.0679442688885301,0.2179983092198411,0,0,16.57788944723618,44.57906348265406,TSPO
GO_Biological_Process_2023,Positive Regulation Of Aspartic-Type Peptidase Activity (GO:1905247),1/7,0.0679442688885301,0.2179983092198411,0,0,16.57788944723618,44.57906348265406,EFNA1
GO_Biological_Process_2023,Positive Regulation Of Astrocyte Differentiation (GO:0048711),1/7,0.0679442688885301,0.2179983092198411,0,0,16.57788944723618,44.57906348265406,ID2
GO_Biological_Process_2023,Positive Regulation Of Cardiac Epithelial To Mesenchymal Transition (GO:0062043),1/7,0.0679442688885301,0.2179983092198411,0,0,16.57788944723618,44.57906348265406,EMP2
GO_Biological_Process_2023,Positive Regulation Of Epithelial Tube Formation (GO:1905278),1/7,0.0679442688885301,0.2179983092198411,0,0,16.57788944723618,44.57906348265406,GATA3
GO_Biological_Process_2023,Positive Regulation Of Extracellular Matrix Disassembly (GO:0090091),1/7,0.0679442688885301,0.2179983092198411,0,0,16.57788944723618,44.57906348265406,FSCN1
GO_Biological_Process_2023,Positive Regulation Of Myeloid Cell Apoptotic Process (GO:0033034),1/7,0.0679442688885301,0.2179983092198411,0,0,16.57788944723618,44.57906348265406,ANXA1
GO_Biological_Process_2023,Positive Regulation Of Natural Killer Cell Proliferation (GO:0032819),1/7,0.0679442688885301,0.2179983092198411,0,0,16.57788944723618,44.57906348265406,IL18
GO_Biological_Process_2023,Positive Regulation Of Tooth Mineralization (GO:0070172),1/7,0.0679442688885301,0.2179983092198411,0,0,16.57788944723618,44.57906348265406,TFAP2A
GO_Biological_Process_2023,Purine Nucleotide Catabolic Process (GO:0006195),1/7,0.0679442688885301,0.2179983092198411,0,0,16.57788944723618,44.57906348265406,HINT1
GO_Biological_Process_2023,Purine Ribonucleoside Monophosphate Catabolic Process (GO:0009169),1/7,0.0679442688885301,0.2179983092198411,0,0,16.57788944723618,44.57906348265406,PNP
GO_Biological_Process_2023,Regulation Of CoA-transferase Activity (GO:1905918),1/7,0.0679442688885301,0.2179983092198411,0,0,16.57788944723618,44.57906348265406,TSPO
GO_Biological_Process_2023,Regulation Of T-helper 2 Cell Differentiation (GO:0045628),1/7,0.0679442688885301,0.2179983092198411,0,0,16.57788944723618,44.57906348265406,IL18
GO_Biological_Process_2023,Regulation Of Alpha-Beta T Cell Differentiation (GO:0046637),1/7,0.0679442688885301,0.2179983092198411,0,0,16.57788944723618,44.57906348265406,PNP
GO_Biological_Process_2023,Vesicle Organization (GO:0016050),3/94,0.0682467043328599,0.2185654122188646,0,0,3.298209404808389,8.854459164365215,VAMP8;ANXA2;S100A10
GO_Biological_Process_2023,Ephrin Receptor Signaling Pathway (GO:0048013),2/43,0.0687896467784887,0.219093765105846,0,0,4.867947770386794,13.030045670347697,EFNA1;MMP2
GO_Biological_Process_2023,Positive Regulation Of Receptor-Mediated Endocytosis (GO:0048260),2/43,0.0687896467784887,0.219093765105846,0,0,4.867947770386794,13.030045670347697,ANXA2;CLU
GO_Biological_Process_2023,Positive Regulation Of Stress Fiber Assembly (GO:0051496),2/43,0.0687896467784887,0.219093765105846,0,0,4.867947770386794,13.030045670347697,RGCC;S100A10
GO_Biological_Process_2023,T Cell Receptor Signaling Pathway (GO:0050852),3/95,0.0699750364747784,0.2219584569611838,0,0,3.2621937762083424,8.676185118672581,GATA3;HLA-DRB1;HLA-DPA1
GO_Biological_Process_2023,Positive Regulation Of Response To External Stimulus (GO:0032103),4/155,0.0703673025895698,0.2219584569611838,0,0,2.655629139072848,7.0481103099362015,PYCARD;IL18;PDCD4;MGST2
GO_Biological_Process_2023,Autophagosome Maturation (GO:0097352),2/44,0.0716056114889121,0.2219584569611838,0,0,4.751803751803752,12.52851945708889,VAMP8;CHMP1B
GO_Biological_Process_2023,Bone Development (GO:0060348),2/44,0.0716056114889121,0.2219584569611838,0,0,4.751803751803752,12.52851945708889,TFAP2A;GJA1
GO_Biological_Process_2023,Regulation Of Transport (GO:0051049),2/44,0.0716056114889121,0.2219584569611838,0,0,4.751803751803752,12.52851945708889,RAB25;RAB11A
GO_Biological_Process_2023,Regulation Of Viral Entry Into Host Cell (GO:0046596),2/44,0.0716056114889121,0.2219584569611838,0,0,4.751803751803752,12.52851945708889,CD74;HLA-DRB1
GO_Biological_Process_2023,Establishment Of Protein Localization To Mitochondrion (GO:0072655),2/44,0.0716056114889121,0.2219584569611838,0,0,4.751803751803752,12.52851945708889,BCAP31;TSPO
GO_Biological_Process_2023,Regulation Of Protein Localization (GO:0032880),3/97,0.0734906143235922,0.2219584569611838,0,0,3.1924613889188898,8.33423196719981,DNAJB6;FBXW7;KRT5
GO_Biological_Process_2023,Regulation Of Stem Cell Differentiation (GO:2000736),2/45,0.0744584746361064,0.2219584569611838,0,0,4.641061780596664,12.055221541075596,TACSTD2;ZFP36L2
GO_Biological_Process_2023,Positive Regulation Of Cold-Induced Thermogenesis (GO:0120162),3/98,0.0752775128137596,0.2219584569611838,0,0,3.158696232968208,8.170200992229566,GJA1;IL18;ADRB2
GO_Biological_Process_2023,Positive Regulation Of Protein-Containing Complex Assembly (GO:0031334),3/98,0.0752775128137596,0.2219584569611838,0,0,3.158696232968208,8.170200992229566,FSCN1;CAPG;CLU
GO_Biological_Process_2023,Response To Lipopolysaccharide (GO:0032496),4/159,0.075699453982716,0.2219584569611838,0,0,2.586570111915734,6.675896931115287,PYCARD;SLPI;PDCD4;S100A14
GO_Biological_Process_2023,AMP Biosynthetic Process (GO:0006167),1/8,0.0772680713380291,0.2219584569611838,0,0,14.208901651112706,36.38152974515558,APRT
GO_Biological_Process_2023,Cdc42 Protein Signal Transduction (GO:0032488),1/8,0.0772680713380291,0.2219584569611838,0,0,14.208901651112706,36.38152974515558,RHOV
GO_Biological_Process_2023,Regulation Of Dendritic Spine Maintenance (GO:1902950),1/8,0.0772680713380291,0.2219584569611838,0,0,14.208901651112706,36.38152974515558,PRNP
GO_Biological_Process_2023,Regulation Of Epidermis Development (GO:0045682),1/8,0.0772680713380291,0.2219584569611838,0,0,14.208901651112706,36.38152974515558,KRT10
GO_Biological_Process_2023,T Cell Mediated Cytotoxicity (GO:0001913),1/8,0.0772680713380291,0.2219584569611838,0,0,14.208901651112706,36.38152974515558,EMP2
GO_Biological_Process_2023,Regulation Of Morphogenesis Of An Epithelium (GO:1905330),1/8,0.0772680713380291,0.2219584569611838,0,0,14.208901651112706,36.38152974515558,GJA1
GO_Biological_Process_2023,Regulation Of Nephron Tubule Epithelial Cell Differentiation (GO:0072182),1/8,0.0772680713380291,0.2219584569611838,0,0,14.208901651112706,36.38152974515558,GATA3
GO_Biological_Process_2023,Regulation Of Podosome Assembly (GO:0071801),1/8,0.0772680713380291,0.2219584569611838,0,0,14.208901651112706,36.38152974515558,FSCN1
GO_Biological_Process_2023,Regulation Of Protein Localization To Early Endosome (GO:1902965),1/8,0.0772680713380291,0.2219584569611838,0,0,14.208901651112706,36.38152974515558,EZR
GO_Biological_Process_2023,"Complement Activation, Lectin Pathway (GO:0001867)",1/8,0.0772680713380291,0.2219584569611838,0,0,14.208901651112706,36.38152974515558,KRT1
GO_Biological_Process_2023,Cyclooxygenase Pathway (GO:0019371),1/8,0.0772680713380291,0.2219584569611838,0,0,14.208901651112706,36.38152974515558,PTGDS
GO_Biological_Process_2023,Response To Misfolded Protein (GO:0051788),1/8,0.0772680713380291,0.2219584569611838,0,0,14.208901651112706,36.38152974515558,CLU
GO_Biological_Process_2023,Response To Vitamin (GO:0033273),1/8,0.0772680713380291,0.2219584569611838,0,0,14.208901651112706,36.38152974515558,AQP3
GO_Biological_Process_2023,Response To Vitamin D (GO:0033280),1/8,0.0772680713380291,0.2219584569611838,0,0,14.208901651112706,36.38152974515558,AQP3
GO_Biological_Process_2023,Embryonic Digestive Tract Morphogenesis (GO:0048557),1/8,0.0772680713380291,0.2219584569611838,0,0,14.208901651112706,36.38152974515558,ID2
GO_Biological_Process_2023,Embryonic Forelimb Morphogenesis (GO:0035115),1/8,0.0772680713380291,0.2219584569611838,0,0,14.208901651112706,36.38152974515558,TFAP2A
GO_Biological_Process_2023,Somite Development (GO:0061053),1/8,0.0772680713380291,0.2219584569611838,0,0,14.208901651112706,36.38152974515558,SFRP2
GO_Biological_Process_2023,Sphingosine-1-Phosphate Receptor Signaling Pathway (GO:0003376),1/8,0.0772680713380291,0.2219584569611838,0,0,14.208901651112706,36.38152974515558,EZR
GO_Biological_Process_2023,Glycerol Transmembrane Transport (GO:0015793),1/8,0.0772680713380291,0.2219584569611838,0,0,14.208901651112706,36.38152974515558,AQP3
GO_Biological_Process_2023,Membrane Lipid Catabolic Process (GO:0046466),1/8,0.0772680713380291,0.2219584569611838,0,0,14.208901651112706,36.38152974515558,MGST2
GO_Biological_Process_2023,Modification-Dependent Macromolecule Catabolic Process (GO:0043632),1/8,0.0772680713380291,0.2219584569611838,0,0,14.208901651112706,36.38152974515558,UBA52
GO_Biological_Process_2023,Negative Regulation Of Chromosome Organization (GO:2001251),1/8,0.0772680713380291,0.2219584569611838,0,0,14.208901651112706,36.38152974515558,SUB1
GO_Biological_Process_2023,Negative Regulation Of Glycoprotein Biosynthetic Process (GO:0010561),1/8,0.0772680713380291,0.2219584569611838,0,0,14.208901651112706,36.38152974515558,ITM2A
GO_Biological_Process_2023,Negative Regulation Of Membrane Potential (GO:0045837),1/8,0.0772680713380291,0.2219584569611838,0,0,14.208901651112706,36.38152974515558,PMAIP1
GO_Biological_Process_2023,Negative Regulation Of Platelet Aggregation (GO:0090331),1/8,0.0772680713380291,0.2219584569611838,0,0,14.208901651112706,36.38152974515558,CD9
GO_Biological_Process_2023,Negative Regulation Of Smooth Muscle Cell Differentiation (GO:0051151),1/8,0.0772680713380291,0.2219584569611838,0,0,14.208901651112706,36.38152974515558,PDCD4
GO_Biological_Process_2023,Negative Regulation Of Systemic Arterial Blood Pressure (GO:0003085),1/8,0.0772680713380291,0.2219584569611838,0,0,14.208901651112706,36.38152974515558,ADRB2
GO_Biological_Process_2023,Negative Regulation Of Transporter Activity (GO:0032410),1/8,0.0772680713380291,0.2219584569611838,0,0,14.208901651112706,36.38152974515558,NDFIP2
GO_Biological_Process_2023,Negative Regulation Of Triglyceride Metabolic Process (GO:0090209),1/8,0.0772680713380291,0.2219584569611838,0,0,14.208901651112706,36.38152974515558,FBXW7
GO_Biological_Process_2023,Positive Regulation Of NK T Cell Activation (GO:0051135),1/8,0.0772680713380291,0.2219584569611838,0,0,14.208901651112706,36.38152974515558,IL18
GO_Biological_Process_2023,Positive Regulation Of Actin Cytoskeleton Reorganization (GO:2000251),1/8,0.0772680713380291,0.2219584569611838,0,0,14.208901651112706,36.38152974515558,CCL27
GO_Biological_Process_2023,Positive Regulation Of Adaptive Immune Response (GO:0002821),1/8,0.0772680713380291,0.2219584569611838,0,0,14.208901651112706,36.38152974515558,PYCARD
GO_Biological_Process_2023,Positive Regulation Of Blood Pressure (GO:0045777),1/8,0.0772680713380291,0.2219584569611838,0,0,14.208901651112706,36.38152974515558,ID2
GO_Biological_Process_2023,Positive Regulation Of Blood Vessel Endothelial Cell Proliferation Involved In Sprouting Angiogenesis (GO:1903589),1/8,0.0772680713380291,0.2219584569611838,0,0,14.208901651112706,36.38152974515558,FGFBP1
GO_Biological_Process_2023,Positive Regulation Of Early Endosome To Late Endosome Transport (GO:2000643),1/8,0.0772680713380291,0.2219584569611838,0,0,14.208901651112706,36.38152974515558,EZR
GO_Biological_Process_2023,Positive Regulation Of Extracellular Matrix Assembly (GO:1901203),1/8,0.0772680713380291,0.2219584569611838,0,0,14.208901651112706,36.38152974515558,RGCC
GO_Biological_Process_2023,Positive Regulation Of Mast Cell Degranulation (GO:0043306),1/8,0.0772680713380291,0.2219584569611838,0,0,14.208901651112706,36.38152974515558,VAMP8
GO_Biological_Process_2023,Positive Regulation Of Mitochondrial Calcium Ion Concentration (GO:0051561),1/8,0.0772680713380291,0.2219584569611838,0,0,14.208901651112706,36.38152974515558,BCAP31
GO_Biological_Process_2023,Positive Regulation Of Protein Localization To Early Endosome (GO:1902966),1/8,0.0772680713380291,0.2219584569611838,0,0,14.208901651112706,36.38152974515558,EZR
GO_Biological_Process_2023,Positive Regulation Of Protein Localization To Endosome (GO:1905668),1/8,0.0772680713380291,0.2219584569611838,0,0,14.208901651112706,36.38152974515558,EZR
GO_Biological_Process_2023,Positive Regulation Of Smooth Muscle Cell Apoptotic Process (GO:0034393),1/8,0.0772680713380291,0.2219584569611838,0,0,14.208901651112706,36.38152974515558,PDCD4
GO_Biological_Process_2023,Regulation Of Aspartic-Type Endopeptidase Activity Involved In Amyloid Precursor Protein Catabolic Process (GO:1902959),1/8,0.0772680713380291,0.2219584569611838,0,0,14.208901651112706,36.38152974515558,EFNA1
GO_Biological_Process_2023,Regulation Of Interleukin-10 Production (GO:0032653),2/46,0.0773472253700272,0.2219584569611838,0,0,4.535353535353536,11.608013208044897,PYCARD;HLA-DRB1
GO_Biological_Process_2023,Cardiac Conduction (GO:0061337),2/46,0.0773472253700272,0.2219584569611838,0,0,4.535353535353536,11.608013208044897,DSP;JUP
GO_Biological_Process_2023,Response To Hydrogen Peroxide (GO:0042542),2/46,0.0773472253700272,0.2219584569611838,0,0,4.535353535353536,11.608013208044897,ANXA1;CLU
GO_Biological_Process_2023,Development Of Primary Male Sexual Characteristics (GO:0046546),2/46,0.0773472253700272,0.2219584569611838,0,0,4.535353535353536,11.608013208044897,SOX15;GATA3
GO_Biological_Process_2023,Male Gonad Development (GO:0008584),2/46,0.0773472253700272,0.2219584569611838,0,0,4.535353535353536,11.608013208044897,SOX15;GATA3
GO_Biological_Process_2023,Positive Regulation Of Blood Vessel Endothelial Cell Migration (GO:0043536),2/46,0.0773472253700272,0.2219584569611838,0,0,4.535353535353536,11.608013208044897,FGFBP1;ANXA1
GO_Biological_Process_2023,Antimicrobial Humoral Response (GO:0019730),3/100,0.0789086435328542,0.2253236963934868,0,0,3.0932544874143075,7.855209980826792,SLPI;DEFB1;CXCL14
GO_Biological_Process_2023,ncRNA Processing (GO:0034470),3/100,0.0789086435328542,0.2253236963934868,0,0,3.0932544874143075,7.855209980826792,RPS25;RPL26;RPS24
GO_Biological_Process_2023,Protein Complex Oligomerization (GO:0051259),3/100,0.0789086435328542,0.2253236963934868,0,0,3.0932544874143075,7.855209980826792,PYCARD;CLDN1;HLA-DRB1
GO_Biological_Process_2023,Bicellular Tight Junction Assembly (GO:0070830),2/47,0.0802708691611082,0.2261983095843738,0,0,4.434343434343434,11.184959505346583,CLDN4;CLDN1
GO_Biological_Process_2023,Cognition (GO:0050890),2/47,0.0802708691611082,0.2261983095843738,0,0,4.434343434343434,11.184959505346583,HLA-DRA;MFSD2A
GO_Biological_Process_2023,Positive Regulation Of Epithelial To Mesenchymal Transition (GO:0010718),2/47,0.0802708691611082,0.2261983095843738,0,0,4.434343434343434,11.184959505346583,RGCC;EMP2
GO_Biological_Process_2023,Regulation Of Protein Secretion (GO:0050708),3/102,0.0826150134639867,0.2261983095843738,0,0,3.030456852791878,7.5566376689451715,ENSA;EZR;ARF6
GO_Biological_Process_2023,Cytoplasmic Microtubule Organization (GO:0031122),2/48,0.0832284276217124,0.2261983095843738,0,0,4.337725076855512,10.784305954054672,EZR;RAB11A
GO_Biological_Process_2023,Negative Regulation Of ERK1 And ERK2 Cascade (GO:0070373),2/48,0.0832284276217124,0.2261983095843738,0,0,4.337725076855512,10.784305954054672,FBLN1;EZR
GO_Biological_Process_2023,Antibacterial Humoral Response (GO:0019731),2/49,0.0862189382580095,0.2261983095843738,0,0,4.24521813883516,10.404458354124063,SLPI;DEFB1
GO_Biological_Process_2023,Erythrocyte Differentiation (GO:0030218),2/49,0.0862189382580095,0.2261983095843738,0,0,4.24521813883516,10.404458354124063,RPS14;ID2
GO_Biological_Process_2023,Heterophilic Cell-Cell Adhesion Via Plasma Membrane Cell Adhesion Molecules (GO:0007157),2/49,0.0862189382580095,0.2261983095843738,0,0,4.24521813883516,10.404458354124063,CXADR;LGALS7
GO_Biological_Process_2023,Intrinsic Apoptotic Signaling Pathway In Response To DNA Damage (GO:0008630),2/49,0.0862189382580095,0.2261983095843738,0,0,4.24521813883516,10.404458354124063,PYCARD;SFN
GO_Biological_Process_2023,Negative Regulation Of DNA Metabolic Process (GO:0051053),2/49,0.0862189382580095,0.2261983095843738,0,0,4.24521813883516,10.404458354124063,SUB1;S100A11
GO_Biological_Process_2023,Negative Regulation Of T Cell Activation (GO:0050868),2/49,0.0862189382580095,0.2261983095843738,0,0,4.24521813883516,10.404458354124063,GPNMB;HLA-DRB1
GO_Biological_Process_2023,Regulation Of Cell Communication (GO:0010646),2/49,0.0862189382580095,0.2261983095843738,0,0,4.24521813883516,10.404458354124063,ANXA1;CXADR
GO_Biological_Process_2023,Positive Regulation Of Vasculature Development (GO:1904018),3/104,0.0863951479385647,0.2261983095843738,0,0,2.9701462532040006,7.273364724037877,SFRP2;JUP;EMP2
GO_Biological_Process_2023,Regulation Of Complement Activation (GO:0030449),1/9,0.0864990660572792,0.2261983095843738,0,0,12.4321608040201,30.429226090981548,CD55
GO_Biological_Process_2023,ESCRT III Complex Disassembly (GO:1904903),1/9,0.0864990660572792,0.2261983095843738,0,0,12.4321608040201,30.429226090981548,CHMP1B
GO_Biological_Process_2023,ESCRT Complex Disassembly (GO:1904896),1/9,0.0864990660572792,0.2261983095843738,0,0,12.4321608040201,30.429226090981548,CHMP1B
GO_Biological_Process_2023,IMP Metabolic Process (GO:0046040),1/9,0.0864990660572792,0.2261983095843738,0,0,12.4321608040201,30.429226090981548,PNP
GO_Biological_Process_2023,SNARE Complex Assembly (GO:0035493),1/9,0.0864990660572792,0.2261983095843738,0,0,12.4321608040201,30.429226090981548,VAMP8
GO_Biological_Process_2023,Actin-Mediated Cell Contraction (GO:0070252),1/9,0.0864990660572792,0.2261983095843738,0,0,12.4321608040201,30.429226090981548,EMP2
GO_Biological_Process_2023,Arachidonate Transport (GO:1903963),1/9,0.0864990660572792,0.2261983095843738,0,0,12.4321608040201,30.429226090981548,ANXA1
GO_Biological_Process_2023,Arachidonic Acid Secretion (GO:0050482),1/9,0.0864990660572792,0.2261983095843738,0,0,12.4321608040201,30.429226090981548,ANXA1
GO_Biological_Process_2023,Regulation Of Natural Killer Cell Proliferation (GO:0032817),1/9,0.0864990660572792,0.2261983095843738,0,0,12.4321608040201,30.429226090981548,IL18
GO_Biological_Process_2023,Regulation Of Phospholipid Metabolic Process (GO:1903725),1/9,0.0864990660572792,0.2261983095843738,0,0,12.4321608040201,30.429226090981548,MFSD2A
GO_Biological_Process_2023,Regulation Of Protein Lipidation (GO:1903059),1/9,0.0864990660572792,0.2261983095843738,0,0,12.4321608040201,30.429226090981548,TSPO
GO_Biological_Process_2023,Regulation Of Tau-Protein Kinase Activity (GO:1902947),1/9,0.0864990660572792,0.2261983095843738,0,0,12.4321608040201,30.429226090981548,CLU
GO_Biological_Process_2023,Cellular Response To Purine-Containing Compound (GO:0071415),1/9,0.0864990660572792,0.2261983095843738,0,0,12.4321608040201,30.429226090981548,CLU
GO_Biological_Process_2023,Response To Interleukin-4 (GO:0070670),1/9,0.0864990660572792,0.2261983095843738,0,0,12.4321608040201,30.429226090981548,GATA3
GO_Biological_Process_2023,Response To Laminar Fluid Shear Stress (GO:0034616),1/9,0.0864990660572792,0.2261983095843738,0,0,12.4321608040201,30.429226090981548,KLF4
GO_Biological_Process_2023,Skeletal Muscle Tissue Regeneration (GO:0043403),1/9,0.0864990660572792,0.2261983095843738,0,0,12.4321608040201,30.429226090981548,ANXA1
GO_Biological_Process_2023,Forelimb Morphogenesis (GO:0035136),1/9,0.0864990660572792,0.2261983095843738,0,0,12.4321608040201,30.429226090981548,TFAP2A
GO_Biological_Process_2023,Vesicle Fusion With Vacuole (GO:0051469),1/9,0.0864990660572792,0.2261983095843738,0,0,12.4321608040201,30.429226090981548,CHMP1B
GO_Biological_Process_2023,Mesenchymal To Epithelial Transition (GO:0060231),1/9,0.0864990660572792,0.2261983095843738,0,0,12.4321608040201,30.429226090981548,GATA3
GO_Biological_Process_2023,Mitral Valve Morphogenesis (GO:0003183),1/9,0.0864990660572792,0.2261983095843738,0,0,12.4321608040201,30.429226090981548,EFNA1
GO_Biological_Process_2023,Multivesicular Body-Lysosome Fusion (GO:0061763),1/9,0.0864990660572792,0.2261983095843738,0,0,12.4321608040201,30.429226090981548,CHMP1B
GO_Biological_Process_2023,Myelin Assembly (GO:0032288),1/9,0.0864990660572792,0.2261983095843738,0,0,12.4321608040201,30.429226090981548,CD9
GO_Biological_Process_2023,Myelin Maintenance (GO:0043217),1/9,0.0864990660572792,0.2261983095843738,0,0,12.4321608040201,30.429226090981548,CLU
GO_Biological_Process_2023,Negative Regulation Of Cell-Cell Adhesion Mediated By Cadherin (GO:2000048),1/9,0.0864990660572792,0.2261983095843738,0,0,12.4321608040201,30.429226090981548,RGCC
GO_Biological_Process_2023,Negative Regulation Of Establishment Of Protein Localization (GO:1904950),1/9,0.0864990660572792,0.2261983095843738,0,0,12.4321608040201,30.429226090981548,NDFIP2
GO_Biological_Process_2023,Negative Regulation Of Heterotypic Cell-Cell Adhesion (GO:0034115),1/9,0.0864990660572792,0.2261983095843738,0,0,12.4321608040201,30.429226090981548,KLF4
GO_Biological_Process_2023,Negative Regulation Of Hormone Secretion (GO:0046888),1/9,0.0864990660572792,0.2261983095843738,0,0,12.4321608040201,30.429226090981548,GJA1
GO_Biological_Process_2023,Negative Regulation Of Muscle Cell Apoptotic Process (GO:0010656),1/9,0.0864990660572792,0.2261983095843738,0,0,12.4321608040201,30.429226090981548,LYPD3
GO_Biological_Process_2023,Negative Regulation Of Protein Maturation (GO:1903318),1/9,0.0864990660572792,0.2261983095843738,0,0,12.4321608040201,30.429226090981548,PRNP
GO_Biological_Process_2023,Negative Regulation Of Transcription By Competitive Promoter Binding (GO:0010944),1/9,0.0864990660572792,0.2261983095843738,0,0,12.4321608040201,30.429226090981548,TFAP2A
GO_Biological_Process_2023,Neurotransmitter Receptor Transport To Postsynaptic Membrane (GO:0098969),1/9,0.0864990660572792,0.2261983095843738,0,0,12.4321608040201,30.429226090981548,RAB11A
GO_Biological_Process_2023,Nucleobase-Containing Compound Biosynthetic Process (GO:0034654),1/9,0.0864990660572792,0.2261983095843738,0,0,12.4321608040201,30.429226090981548,PNP
GO_Biological_Process_2023,Pinocytosis (GO:0006907),1/9,0.0864990660572792,0.2261983095843738,0,0,12.4321608040201,30.429226090981548,PYCARD
GO_Biological_Process_2023,Positive Regulation Of ATP Metabolic Process (GO:1903580),1/9,0.0864990660572792,0.2261983095843738,0,0,12.4321608040201,30.429226090981548,ENO1
GO_Biological_Process_2023,Positive Regulation Of Keratinocyte Migration (GO:0051549),1/9,0.0864990660572792,0.2261983095843738,0,0,12.4321608040201,30.429226090981548,ARF6
GO_Biological_Process_2023,Positive Regulation Of Protein Kinase A Signaling (GO:0010739),1/9,0.0864990660572792,0.2261983095843738,0,0,12.4321608040201,30.429226090981548,ADRB2
GO_Biological_Process_2023,Positive Regulation Of Sodium Ion Transmembrane Transport (GO:1902307),1/9,0.0864990660572792,0.2261983095843738,0,0,12.4321608040201,30.429226090981548,ATP1B3
GO_Biological_Process_2023,Positive Regulation Of Tissue Remodeling (GO:0034105),1/9,0.0864990660572792,0.2261983095843738,0,0,12.4321608040201,30.429226090981548,IL18
GO_Biological_Process_2023,rRNA 3'-End Processing (GO:0031125),1/9,0.0864990660572792,0.2261983095843738,0,0,12.4321608040201,30.429226090981548,RPS21
GO_Biological_Process_2023,"Regulation Of CD4-positive, Alpha-Beta T Cell Proliferation (GO:2000561)",1/9,0.0864990660572792,0.2261983095843738,0,0,12.4321608040201,30.429226090981548,CD55
GO_Biological_Process_2023,"Regulation Of CD8-positive, Alpha-Beta T Cell Activation (GO:2001185)",1/9,0.0864990660572792,0.2261983095843738,0,0,12.4321608040201,30.429226090981548,DAPL1
GO_Biological_Process_2023,Regulation Of Cell-Cell Adhesion Involved In Gastrulation (GO:0070587),1/9,0.0864990660572792,0.2261983095843738,0,0,12.4321608040201,30.429226090981548,KLF4
GO_Biological_Process_2023,Membrane Organization (GO:0061024),4/167,0.0869546571623694,0.2270482714795202,0,0,2.4586202579191188,6.004856617883921,SERP1;ANXA2;CHMP1B;S100A10
GO_Biological_Process_2023,Regulation Of Neuron Apoptotic Process (GO:0043523),3/105,0.0883124080071284,0.2295594581829543,0,0,2.9408778739922363,7.137141991170913,TFAP2A;PRNP;CLU
GO_Biological_Process_2023,Cellular Response To Organonitrogen Compound (GO:0071417),3/105,0.0883124080071284,0.2295594581829543,0,0,2.9408778739922363,7.137141991170913,JUP;EZR;CLU
GO_Biological_Process_2023,Negative Regulation Of MAPK Cascade (GO:0043409),3/105,0.0883124080071284,0.2295594581829543,0,0,2.9408778739922363,7.137141991170913,DUSP2;FBLN1;EZR
GO_Biological_Process_2023,Ribosome Assembly (GO:0042255),2/50,0.0892414542606553,0.2302535444499697,0,0,4.156565656565657,10.043965211617904,EFNA1;RPS14
GO_Biological_Process_2023,Mitotic Metaphase Plate Congression (GO:0007080),2/50,0.0892414542606553,0.2302535444499697,0,0,4.156565656565657,10.043965211617904,CHMP1B;RAB11A
GO_Biological_Process_2023,Positive Regulation Of Cell Death (GO:0010942),2/50,0.0892414542606553,0.2302535444499697,0,0,4.156565656565657,10.043965211617904,PRNP;CLU
GO_Biological_Process_2023,Positive Regulation Of Fat Cell Differentiation (GO:0045600),2/50,0.0892414542606553,0.2302535444499697,0,0,4.156565656565657,10.043965211617904,SFRP2;ID2
GO_Biological_Process_2023,Pyruvate Metabolic Process (GO:0006090),2/50,0.0892414542606553,0.2302535444499697,0,0,4.156565656565657,10.043965211617904,PKM;ENO1
GO_Biological_Process_2023,Cellular Response To Cytokine Stimulus (GO:0071345),6/308,0.0895848515837385,0.230797121339439,0,0,1.9967911517716936,4.817396512989893,PYCARD;MT1X;GATA3;PLP2;ZFP36L2;HLA-DPA1
GO_Biological_Process_2023,Brain Development (GO:0007420),4/169,0.0898889193632936,0.2312379153443308,0,0,2.4285714285714284,5.850867172003845,APOD;PHGDH;RTN4;MFSD2A
GO_Biological_Process_2023,Positive Regulation Of Cell Growth (GO:0030307),3/106,0.090247543166112,0.2313140211491296,0,0,2.912177812823419,7.004366885624175,GOLGA4;SFRP2;MFSD2A
GO_Biological_Process_2023,Negative Regulation Of DNA-templated Transcription (GO:0045892),15/1025,0.0904084877683892,0.2313140211491296,0,0,1.5084292213005084,3.625384621944338,TFAP2A;HMGA1;ENO1;GATA3;KLF4;ETS2;EFNA1;RPS14;SFRP2;ZNF706;SOX15;ID2;ID1;PDCD4;EZR
GO_Biological_Process_2023,Positive Regulation Of MAPK Cascade (GO:0043410),6/310,0.0917051006651356,0.2313140211491296,0,0,1.983450895279436,4.738815810779813,PYCARD;CD74;GPNMB;FBXW7;ADRB2;HLA-DRB1
GO_Biological_Process_2023,Cholesterol Transport (GO:0030301),2/51,0.0922950442929787,0.2313140211491296,0,0,4.071531642960214,9.7015024039535,NPC2;CLU
GO_Biological_Process_2023,Metaphase Plate Congression (GO:0051310),2/51,0.0922950442929787,0.2313140211491296,0,0,4.071531642960214,9.7015024039535,CHMP1B;RAB11A
GO_Biological_Process_2023,Positive Regulation Of Actin Filament Bundle Assembly (GO:0032233),2/51,0.0922950442929787,0.2313140211491296,0,0,4.071531642960214,9.7015024039535,RGCC;S100A10
GO_Biological_Process_2023,Positive Regulation Of Leukocyte Mediated Cytotoxicity (GO:0001912),2/51,0.0922950442929787,0.2313140211491296,0,0,4.071531642960214,9.7015024039535,HLA-DRA;HLA-DRB1
GO_Biological_Process_2023,Response To Tumor Necrosis Factor (GO:0034612),3/108,0.0941706690966622,0.2313140211491296,0,0,2.856417693981146,6.748705308028375,PYCARD;GATA3;ZFP36L2
GO_Biological_Process_2023,Lipid Transport (GO:0006869),3/108,0.0941706690966622,0.2313140211491296,0,0,2.856417693981146,6.748705308028375,CRABP2;NPC2;MFSD2A
GO_Biological_Process_2023,Positive Regulation Of Metabolic Process (GO:0009893),3/108,0.0941706690966622,0.2313140211491296,0,0,2.856417693981146,6.748705308028375,GJA1;IL18;ADRB2
GO_Biological_Process_2023,Regulation Of Autophagy (GO:0010506),5/241,0.0948925115353921,0.2313140211491296,0,0,2.125597566275532,5.0058045565004585,ATP6V0B;ATP6V0E1;FBXW7;DAPL1;PLK2
GO_Biological_Process_2023,Protein Transport (GO:0015031),6/313,0.0949363215041229,0.2313140211491296,0,0,1.9637664125726184,4.623784070321058,CD74;GOLGA4;ARL4A;CHMP1B;CLU;ARF6
GO_Biological_Process_2023,Negative Regulation Of Response To Stimulus (GO:0048585),2/52,0.0953787922697506,0.2313140211491296,0,0,3.98989898989899,9.375859760148904,KLF4;CLU
GO_Biological_Process_2023,Regulation Of Cell Development (GO:0060284),2/52,0.0953787922697506,0.2313140211491296,0,0,3.98989898989899,9.375859760148904,ANXA2;S100A10
GO_Biological_Process_2023,Regulation Of Inclusion Body Assembly (GO:0090083),1/10,0.0956381720564831,0.2313140211491296,0,0,11.050251256281408,25.93696464958489,DNAJB6
GO_Biological_Process_2023,Acidic Amino Acid Transport (GO:0015800),1/10,0.0956381720564831,0.2313140211491296,0,0,11.050251256281408,25.93696464958489,GJA1
GO_Biological_Process_2023,Cellular Response To UV-A (GO:0071492),1/10,0.0956381720564831,0.2313140211491296,0,0,11.050251256281408,25.93696464958489,MMP2
GO_Biological_Process_2023,Regulation Of Smooth Muscle Cell Apoptotic Process (GO:0034391),1/10,0.0956381720564831,0.2313140211491296,0,0,11.050251256281408,25.93696464958489,LYPD3
GO_Biological_Process_2023,Regulation Of Toll-Like Receptor 9 Signaling Pathway (GO:0034163),1/10,0.0956381720564831,0.2313140211491296,0,0,11.050251256281408,25.93696464958489,RTN4
GO_Biological_Process_2023,Response To Sterol (GO:0036314),1/10,0.0956381720564831,0.2313140211491296,0,0,11.050251256281408,25.93696464958489,RORA
GO_Biological_Process_2023,Establishment Of Epithelial Cell Apical/Basal Polarity (GO:0045198),1/10,0.0956381720564831,0.2313140211491296,0,0,11.050251256281408,25.93696464958489,EZR
GO_Biological_Process_2023,Urogenital System Development (GO:0001655),1/10,0.0956381720564831,0.2313140211491296,0,0,11.050251256281408,25.93696464958489,ANXA1
GO_Biological_Process_2023,Vacuole Fusion (GO:0097576),1/10,0.0956381720564831,0.2313140211491296,0,0,11.050251256281408,25.93696464958489,CHMP1B
GO_Biological_Process_2023,Hematopoietic Stem Cell Proliferation (GO:0071425),1/10,0.0956381720564831,0.2313140211491296,0,0,11.050251256281408,25.93696464958489,SFRP2
GO_Biological_Process_2023,Very-Low-Density Lipoprotein Particle Assembly (GO:0034379),1/10,0.0956381720564831,0.2313140211491296,0,0,11.050251256281408,25.93696464958489,MFSD2A
GO_Biological_Process_2023,Mesonephros Development (GO:0001823),1/10,0.0956381720564831,0.2313140211491296,0,0,11.050251256281408,25.93696464958489,GATA3
GO_Biological_Process_2023,Negative Regulation Of Activated T Cell Proliferation (GO:0046007),1/10,0.0956381720564831,0.2313140211491296,0,0,11.050251256281408,25.93696464958489,PRNP
GO_Biological_Process_2023,Negative Regulation Of Alpha-Beta T Cell Activation (GO:0046636),1/10,0.0956381720564831,0.2313140211491296,0,0,11.050251256281408,25.93696464958489,DAPL1
GO_Biological_Process_2023,Negative Regulation Of Dephosphorylation (GO:0035305),1/10,0.0956381720564831,0.2313140211491296,0,0,11.050251256281408,25.93696464958489,ENSA
GO_Biological_Process_2023,Negative Regulation Of Homotypic Cell-Cell Adhesion (GO:0034111),1/10,0.0956381720564831,0.2313140211491296,0,0,11.050251256281408,25.93696464958489,CD9
GO_Biological_Process_2023,Negative Regulation Of Inclusion Body Assembly (GO:0090084),1/10,0.0956381720564831,0.2313140211491296,0,0,11.050251256281408,25.93696464958489,DNAJB6
GO_Biological_Process_2023,Negative Regulation Of Interferon-Beta Production (GO:0032688),1/10,0.0956381720564831,0.2313140211491296,0,0,11.050251256281408,25.93696464958489,PYCARD
GO_Biological_Process_2023,Negative Regulation Of Interleukin-17 Production (GO:0032700),1/10,0.0956381720564831,0.2313140211491296,0,0,11.050251256281408,25.93696464958489,PRNP
GO_Biological_Process_2023,Negative Regulation Of Lymphocyte Migration (GO:2000402),1/10,0.0956381720564831,0.2313140211491296,0,0,11.050251256281408,25.93696464958489,APOD
GO_Biological_Process_2023,Negative Regulation Of Response To Cytokine Stimulus (GO:0060761),1/10,0.0956381720564831,0.2313140211491296,0,0,11.050251256281408,25.93696464958489,KLF4
GO_Biological_Process_2023,Neuron Projection Fasciculation (GO:0106030),1/10,0.0956381720564831,0.2313140211491296,0,0,11.050251256281408,25.93696464958489,RTN4
GO_Biological_Process_2023,Neuron Projection Maintenance (GO:1990535),1/10,0.0956381720564831,0.2313140211491296,0,0,11.050251256281408,25.93696464958489,PRNP
GO_Biological_Process_2023,Nuclear Pore Complex Assembly (GO:0051292),1/10,0.0956381720564831,0.2313140211491296,0,0,11.050251256281408,25.93696464958489,RTN4
GO_Biological_Process_2023,Positive Regulation Of Interleukin-13 Production (GO:0032736),1/10,0.0956381720564831,0.2313140211491296,0,0,11.050251256281408,25.93696464958489,IL18
GO_Biological_Process_2023,Positive Regulation Of Macrophage Differentiation (GO:0045651),1/10,0.0956381720564831,0.2313140211491296,0,0,11.050251256281408,25.93696464958489,ID2
GO_Biological_Process_2023,Positive Regulation Of Phospholipid Transport (GO:2001140),1/10,0.0956381720564831,0.2313140211491296,0,0,11.050251256281408,25.93696464958489,TSPO
GO_Biological_Process_2023,Regulation Of Amyloid Precursor Protein Biosynthetic Process (GO:0042984),1/10,0.0956381720564831,0.2313140211491296,0,0,11.050251256281408,25.93696464958489,ITM2A
GO_Biological_Process_2023,Regulation Of Calcium Ion Import Across Plasma Membrane (GO:1905664),1/10,0.0956381720564831,0.2313140211491296,0,0,11.050251256281408,25.93696464958489,PRNP
GO_Biological_Process_2023,Cell-Matrix Adhesion (GO:0007160),3/109,0.0961582714173515,0.2319268155267328,0,0,2.829326692845513,6.625603466421482,COL17A1;ADAM15;EMP2
GO_Biological_Process_2023,Extracellular Structure Organization (GO:0043062),3/109,0.0961582714173515,0.2319268155267328,0,0,2.829326692845513,6.625603466421482,COL17A1;SPINT1;MMP2
GO_Biological_Process_2023,External Encapsulating Structure Organization (GO:0045229),3/110,0.0981629721395125,0.2359190568147814,0,0,2.8027420655628825,6.505518041671875,COL17A1;SPINT1;MMP2
GO_Biological_Process_2023,Endosome Organization (GO:0007032),2/53,0.0984917971521169,0.2359190568147814,0,0,3.9114676173499694,9.065929283683165,ATP6V0B;ATP6V1F
GO_Biological_Process_2023,Tight Junction Assembly (GO:0120192),2/53,0.0984917971521169,0.2359190568147814,0,0,3.9114676173499694,9.065929283683165,CLDN4;CLDN1
GO_Biological_Process_2023,Gonad Development (GO:0008406),2/53,0.0984917971521169,0.2359190568147814,0,0,3.9114676173499694,9.065929283683165,SOX15;GATA3
GO_Biological_Process_2023,Positive Regulation Of NIK/NF-kappaB Signaling (GO:1901224),2/53,0.0984917971521169,0.2359190568147814,0,0,3.9114676173499694,9.065929283683165,PYCARD;PDCD4
GO_Biological_Process_2023,Positive Regulation Of Programmed Cell Death (GO:0043068),5/245,0.0999859696707735,0.2379252750516902,0,0,2.08974358974359,4.812105656399324,PYCARD;SFRP2;TNFSF10;PMAIP1;CLU
GO_Biological_Process_2023,T Cell Activation (GO:0042110),3/111,0.1001845738063604,0.2379252750516902,0,0,2.7766497461928936,6.3883520697862,CD74;CXADR;GATA3
GO_Biological_Process_2023,Positive Regulation Of DNA-binding Transcription Factor Activity (GO:0051091),5/246,0.1012805157724002,0.2379252750516902,0,0,2.0809660602191724,4.765123498204115,PYCARD;RGCC;JUP;IL18;CLU
GO_Biological_Process_2023,Regulation Of Exocytosis (GO:0017157),2/54,0.1016331727713355,0.2379252750516902,0,0,3.836052836052836,8.77069478933889,ANXA2;S100A10
GO_Biological_Process_2023,Regulation Of Focal Adhesion Assembly (GO:0051893),2/54,0.1016331727713355,0.2379252750516902,0,0,3.836052836052836,8.77069478933889,APOD;S100A10
GO_Biological_Process_2023,Apical Junction Assembly (GO:0043297),2/54,0.1016331727713355,0.2379252750516902,0,0,3.836052836052836,8.77069478933889,CLDN4;CLDN1
GO_Biological_Process_2023,Regulation Of Blood Vessel Endothelial Cell Migration (GO:0043535),2/54,0.1016331727713355,0.2379252750516902,0,0,3.836052836052836,8.77069478933889,RGCC;JUP
GO_Biological_Process_2023,Negative Regulation Of Defense Response (GO:0031348),3/112,0.1022228778109617,0.2379252750516902,0,0,2.751036184976482,6.27401249877334,RORA;GATA3;KLF4
GO_Biological_Process_2023,Positive Regulation Of Cellular Component Organization (GO:0051130),3/113,0.1042776844975899,0.2379252750516902,0,0,2.7258883248730963,6.162409997576357,ANXA2;CLU;S100A10
GO_Biological_Process_2023,Regulation Of Endosome Size (GO:0051036),1/11,0.1046862992439068,0.2379252750516902,0,0,9.944723618090451,22.4431232477853,RAB11A
GO_Biological_Process_2023,Actin Crosslink Formation (GO:0051764),1/11,0.1046862992439068,0.2379252750516902,0,0,9.944723618090451,22.4431232477853,BAIAP2
GO_Biological_Process_2023,Regulation Of Keratinocyte Migration (GO:0051547),1/11,0.1046862992439068,0.2379252750516902,0,0,9.944723618090451,22.4431232477853,ARF6
GO_Biological_Process_2023,Regulation Of Mesenchymal Cell Proliferation (GO:0010464),1/11,0.1046862992439068,0.2379252750516902,0,0,9.944723618090451,22.4431232477853,CTNNBIP1
GO_Biological_Process_2023,Regulation Of Monocyte Chemotactic Protein-1 Production (GO:0071637),1/11,0.1046862992439068,0.2379252750516902,0,0,9.944723618090451,22.4431232477853,APOD
GO_Biological_Process_2023,Biogenic Amine Biosynthetic Process (GO:0042401),1/11,0.1046862992439068,0.2379252750516902,0,0,9.944723618090451,22.4431232477853,SAT1
GO_Biological_Process_2023,Carbon Dioxide Transport (GO:0015670),1/11,0.1046862992439068,0.2379252750516902,0,0,9.944723618090451,22.4431232477853,CA2
GO_Biological_Process_2023,Catecholamine Biosynthetic Process (GO:0042423),1/11,0.1046862992439068,0.2379252750516902,0,0,9.944723618090451,22.4431232477853,GATA3
GO_Biological_Process_2023,Cellular Response To Fluid Shear Stress (GO:0071498),1/11,0.1046862992439068,0.2379252750516902,0,0,9.944723618090451,22.4431232477853,KLF4
GO_Biological_Process_2023,Cellular Response To Thyroid Hormone Stimulus (GO:0097067),1/11,0.1046862992439068,0.2379252750516902,0,0,9.944723618090451,22.4431232477853,CTSB
GO_Biological_Process_2023,Central Nervous System Myelination (GO:0022010),1/11,0.1046862992439068,0.2379252750516902,0,0,9.944723618090451,22.4431232477853,CLU
GO_Biological_Process_2023,Desensitization Of G Protein-Coupled Receptor Signaling Pathway (GO:0002029),1/11,0.1046862992439068,0.2379252750516902,0,0,9.944723618090451,22.4431232477853,ADRB2
GO_Biological_Process_2023,Endoplasmic Reticulum Membrane Organization (GO:0090158),1/11,0.1046862992439068,0.2379252750516902,0,0,9.944723618090451,22.4431232477853,RTN4
GO_Biological_Process_2023,Intracellular Copper Ion Homeostasis (GO:0006878),1/11,0.1046862992439068,0.2379252750516902,0,0,9.944723618090451,22.4431232477853,PRNP
GO_Biological_Process_2023,Lysosomal Membrane Organization (GO:0097212),1/11,0.1046862992439068,0.2379252750516902,0,0,9.944723618090451,22.4431232477853,CHMP1B
GO_Biological_Process_2023,Macrophage Chemotaxis (GO:0048246),1/11,0.1046862992439068,0.2379252750516902,0,0,9.944723618090451,22.4431232477853,KLF5
GO_Biological_Process_2023,Negative Regulation Of Amyloid Fibril Formation (GO:1905907),1/11,0.1046862992439068,0.2379252750516902,0,0,9.944723618090451,22.4431232477853,CLU
GO_Biological_Process_2023,Negative Regulation Of calcineurin-NFAT Signaling Cascade (GO:0070885),1/11,0.1046862992439068,0.2379252750516902,0,0,9.944723618090451,22.4431232477853,PRNP
GO_Biological_Process_2023,Negative Regulation Of Calcineurin-Mediated Signaling (GO:0106057),1/11,0.1046862992439068,0.2379252750516902,0,0,9.944723618090451,22.4431232477853,PRNP
GO_Biological_Process_2023,Negative Regulation Of Platelet-Derived Growth Factor Receptor Signaling Pathway (GO:0010642),1/11,0.1046862992439068,0.2379252750516902,0,0,9.944723618090451,22.4431232477853,APOD
GO_Biological_Process_2023,Neutrophil Activation Involved In Immune Response (GO:0002283),1/11,0.1046862992439068,0.2379252750516902,0,0,9.944723618090451,22.4431232477853,VAMP8
GO_Biological_Process_2023,Nucleoside Phosphate Biosynthetic Process (GO:1901293),1/11,0.1046862992439068,0.2379252750516902,0,0,9.944723618090451,22.4431232477853,PNP
GO_Biological_Process_2023,Polyamine Metabolic Process (GO:0006595),1/11,0.1046862992439068,0.2379252750516902,0,0,9.944723618090451,22.4431232477853,SAT1
GO_Biological_Process_2023,Positive Regulation Of Circadian Rhythm (GO:0042753),1/11,0.1046862992439068,0.2379252750516902,0,0,9.944723618090451,22.4431232477853,RORA
GO_Biological_Process_2023,Positive Regulation Of Cytoplasmic Transport (GO:1903651),1/11,0.1046862992439068,0.2379252750516902,0,0,9.944723618090451,22.4431232477853,EZR
GO_Biological_Process_2023,Positive Regulation Of Lipid Transport (GO:0032370),1/11,0.1046862992439068,0.2379252750516902,0,0,9.944723618090451,22.4431232477853,TSPO
GO_Biological_Process_2023,Positive Regulation Of Muscle Contraction (GO:0045933),1/11,0.1046862992439068,0.2379252750516902,0,0,9.944723618090451,22.4431232477853,ENO1
GO_Biological_Process_2023,Positive Regulation Of Triglyceride Biosynthetic Process (GO:0010867),1/11,0.1046862992439068,0.2379252750516902,0,0,9.944723618090451,22.4431232477853,MFSD2A
GO_Biological_Process_2023,Regulation Of Amyloid Precursor Protein Catabolic Process (GO:1902991),1/11,0.1046862992439068,0.2379252750516902,0,0,9.944723618090451,22.4431232477853,PRNP
GO_Biological_Process_2023,Regulation Of Astrocyte Differentiation (GO:0048710),1/11,0.1046862992439068,0.2379252750516902,0,0,9.944723618090451,22.4431232477853,ID2
GO_Biological_Process_2023,Phosphatidylcholine Metabolic Process (GO:0046470),2/55,0.1048020475500832,0.2379252750516902,0,0,3.763483895559368,8.489222766072233,TSPO;MFSD2A
GO_Biological_Process_2023,Regulation Of Cytoskeleton Organization (GO:0051493),3/114,0.1063487931507688,0.2411219703900743,0,0,2.7011935793661683,6.0534587787747896,FSCN1;EZR;BAIAP2
GO_Biological_Process_2023,Positive Regulation Of Nucleic Acid-Templated Transcription (GO:1903508),9/557,0.1075886545498286,0.2436154560705103,0,0,1.6554056636221195,3.690627731497033,TFAP2A;CD74;ID2;HMGA1;RORA;GATA3;IRF6;KLF4;HLA-DRB1
GO_Biological_Process_2023,Monoatomic Anion Transport (GO:0006820),2/57,0.111218880351375,0.2473435824768838,0,0,3.6262626262626254,7.964197874788815,FXYD3;TSPO
GO_Biological_Process_2023,Negative Regulation Of Apoptotic Process (GO:0043066),8/482,0.1116105974556198,0.2473435824768838,0,0,1.6988396624472577,3.725112448524693,TFAP2A;CD74;ANXA1;DNAJB6;PLK2;SFN;KLF4;CLU
GO_Biological_Process_2023,Regulation Of Chemokine (C-X-C Motif) Ligand 2 Production (GO:2000341),1/12,0.1136443487055952,0.2473435824768838,0,0,9.040201005025123,19.659557478207127,KLF4
GO_Biological_Process_2023,Regulation Of Interleukin-5 Production (GO:0032674),1/12,0.1136443487055952,0.2473435824768838,0,0,9.040201005025123,19.659557478207127,GATA3
GO_Biological_Process_2023,Atrial Cardiac Muscle Cell Action Potential (GO:0086014),1/12,0.1136443487055952,0.2473435824768838,0,0,9.040201005025123,19.659557478207127,GJA1
GO_Biological_Process_2023,Axonal Fasciculation (GO:0007413),1/12,0.1136443487055952,0.2473435824768838,0,0,9.040201005025123,19.659557478207127,RTN4
GO_Biological_Process_2023,Regulation Of Platelet-Derived Growth Factor Receptor Signaling Pathway (GO:0010640),1/12,0.1136443487055952,0.2473435824768838,0,0,9.040201005025123,19.659557478207127,APOD
GO_Biological_Process_2023,Cardiac Right Ventricle Morphogenesis (GO:0003215),1/12,0.1136443487055952,0.2473435824768838,0,0,9.040201005025123,19.659557478207127,GATA3
GO_Biological_Process_2023,Cellular Component Maintenance (GO:0043954),1/12,0.1136443487055952,0.2473435824768838,0,0,9.040201005025123,19.659557478207127,PRNP
GO_Biological_Process_2023,Response To Iron Ion (GO:0010039),1/12,0.1136443487055952,0.2473435824768838,0,0,9.040201005025123,19.659557478207127,TFAP2A
GO_Biological_Process_2023,Defense Response To Tumor Cell (GO:0002357),1/12,0.1136443487055952,0.2473435824768838,0,0,9.040201005025123,19.659557478207127,KLF4
GO_Biological_Process_2023,Detection Of Bacterium (GO:0016045),1/12,0.1136443487055952,0.2473435824768838,0,0,9.040201005025123,19.659557478207127,HLA-DRB1
GO_Biological_Process_2023,Response To Thyroid Hormone (GO:0097066),1/12,0.1136443487055952,0.2473435824768838,0,0,9.040201005025123,19.659557478207127,CTSB
GO_Biological_Process_2023,Secretion (GO:0046903),1/12,0.1136443487055952,0.2473435824768838,0,0,9.040201005025123,19.659557478207127,TPD52
GO_Biological_Process_2023,Sodium Ion Export Across Plasma Membrane (GO:0036376),1/12,0.1136443487055952,0.2473435824768838,0,0,9.040201005025123,19.659557478207127,ATP1B3
GO_Biological_Process_2023,Epithelial Cell Morphogenesis (GO:0003382),1/12,0.1136443487055952,0.2473435824768838,0,0,9.040201005025123,19.659557478207127,RAB25
GO_Biological_Process_2023,Gamma-Delta T Cell Activation (GO:0046629),1/12,0.1136443487055952,0.2473435824768838,0,0,9.040201005025123,19.659557478207127,CXADR
GO_Biological_Process_2023,Icosanoid Secretion (GO:0032309),1/12,0.1136443487055952,0.2473435824768838,0,0,9.040201005025123,19.659557478207127,ANXA1
GO_Biological_Process_2023,Macrophage Migration (GO:1905517),1/12,0.1136443487055952,0.2473435824768838,0,0,9.040201005025123,19.659557478207127,KLF5
GO_Biological_Process_2023,Negative Regulation Of JUN Kinase Activity (GO:0043508),1/12,0.1136443487055952,0.2473435824768838,0,0,9.040201005025123,19.659557478207127,PDCD4
GO_Biological_Process_2023,Negative Regulation Of Complement Activation (GO:0045916),1/12,0.1136443487055952,0.2473435824768838,0,0,9.040201005025123,19.659557478207127,CD55
GO_Biological_Process_2023,Negative Regulation Of Intrinsic Apoptotic Signaling Pathway In Response To DNA Damage By P53 Class Mediator (GO:1902166),1/12,0.1136443487055952,0.2473435824768838,0,0,9.040201005025123,19.659557478207127,CD74
GO_Biological_Process_2023,Negative Regulation Of Stem Cell Differentiation (GO:2000737),1/12,0.1136443487055952,0.2473435824768838,0,0,9.040201005025123,19.659557478207127,ZFP36L2
GO_Biological_Process_2023,Neutrophil Mediated Immunity (GO:0002446),1/12,0.1136443487055952,0.2473435824768838,0,0,9.040201005025123,19.659557478207127,VAMP8
GO_Biological_Process_2023,Nucleotide Metabolic Process (GO:0009117),1/12,0.1136443487055952,0.2473435824768838,0,0,9.040201005025123,19.659557478207127,PNP
GO_Biological_Process_2023,Phosphatidylcholine Acyl-Chain Remodeling (GO:0036151),1/12,0.1136443487055952,0.2473435824768838,0,0,9.040201005025123,19.659557478207127,TSPO
GO_Biological_Process_2023,Positive Regulation Of ERAD Pathway (GO:1904294),1/12,0.1136443487055952,0.2473435824768838,0,0,9.040201005025123,19.659557478207127,BCAP31
GO_Biological_Process_2023,Positive Regulation Of T-helper 1 Type Immune Response (GO:0002827),1/12,0.1136443487055952,0.2473435824768838,0,0,9.040201005025123,19.659557478207127,IL18
GO_Biological_Process_2023,Positive Regulation Of T-helper Cell Differentiation (GO:0045624),1/12,0.1136443487055952,0.2473435824768838,0,0,9.040201005025123,19.659557478207127,IL18
GO_Biological_Process_2023,Positive Regulation Of Integrin-Mediated Signaling Pathway (GO:2001046),1/12,0.1136443487055952,0.2473435824768838,0,0,9.040201005025123,19.659557478207127,EMP2
GO_Biological_Process_2023,Positive Regulation Of Neuroinflammatory Response (GO:0150078),1/12,0.1136443487055952,0.2473435824768838,0,0,9.040201005025123,19.659557478207127,IL18
GO_Biological_Process_2023,Renal System Development (GO:0072001),2/58,0.1144651666427582,0.2488186559896957,0,0,3.561327561327561,7.719123085387519,TFAP2A;GATA3
GO_Biological_Process_2023,Regulation Of Protein Binding (GO:0043393),3/118,0.1147922031202581,0.2492180289964156,0,0,2.606709335687486,5.642565698444747,SLPI;SUB1;CTNNBIP1
GO_Biological_Process_2023,Cellular Response To Tumor Necrosis Factor (GO:0071356),3/119,0.1169417814626649,0.2535682767625616,0,0,2.584106423945388,5.545696691343623,PYCARD;GATA3;ZFP36L2
GO_Biological_Process_2023,Glucose Metabolic Process (GO:0006006),2/59,0.1177356082636544,0.254022608896396,0,0,3.4986709197235517,7.484754897547597,APOD;ENO1
GO_Biological_Process_2023,Phospholipid Transport (GO:0015914),2/59,0.1177356082636544,0.254022608896396,0,0,3.4986709197235517,7.484754897547597,NPC2;MFSD2A
GO_Biological_Process_2023,Protein Targeting To Mitochondrion (GO:0006626),2/59,0.1177356082636544,0.254022608896396,0,0,3.4986709197235517,7.484754897547597,BCAP31;TSPO
GO_Biological_Process_2023,Regulation Of Cell Death (GO:0010941),2/59,0.1177356082636544,0.254022608896396,0,0,3.4986709197235517,7.484754897547597,CHMP1B;CLU
GO_Biological_Process_2023,Regulation Of Extrinsic Apoptotic Signaling Pathway (GO:2001236),2/60,0.1210294038464434,0.2542368457400033,0,0,3.438174851967956,7.260468635528234,PYCARD;TNFSF10
GO_Biological_Process_2023,protein-DNA Complex Organization (GO:0071824),2/60,0.1210294038464434,0.2542368457400033,0,0,3.438174851967956,7.260468635528234,SOX15;HMGN1
GO_Biological_Process_2023,Endocytosis (GO:0006897),4/189,0.121734806090777,0.2542368457400033,0,0,2.1638168781025926,4.556804295865727,ANXA1;ADRB2;RHOV;OCIAD2
GO_Biological_Process_2023,GTP Metabolic Process (GO:0046039),1/13,0.1225132126107664,0.2542368457400033,0,0,8.28643216080402,17.397665920944878,EFNA1
GO_Biological_Process_2023,Regulation Of Fatty Acid Beta-Oxidation (GO:0031998),1/13,0.1225132126107664,0.2542368457400033,0,0,8.28643216080402,17.397665920944878,MFSD2A
GO_Biological_Process_2023,Regulation Of Humoral Immune Response (GO:0002920),1/13,0.1225132126107664,0.2542368457400033,0,0,8.28643216080402,17.397665920944878,CD55
GO_Biological_Process_2023,T Cell Differentiation In Thymus (GO:0033077),1/13,0.1225132126107664,0.2542368457400033,0,0,8.28643216080402,17.397665920944878,ZFP36L2
GO_Biological_Process_2023,Regulation Of Leukocyte Migration (GO:0002685),1/13,0.1225132126107664,0.2542368457400033,0,0,8.28643216080402,17.397665920944878,ANXA1
GO_Biological_Process_2023,Branching Involved In Blood Vessel Morphogenesis (GO:0001569),1/13,0.1225132126107664,0.2542368457400033,0,0,8.28643216080402,17.397665920944878,SFRP2
GO_Biological_Process_2023,Cardiac Left Ventricle Morphogenesis (GO:0003214),1/13,0.1225132126107664,0.2542368457400033,0,0,8.28643216080402,17.397665920944878,SFRP2
GO_Biological_Process_2023,Regulation Of Response To Endoplasmic Reticulum Stress (GO:1905897),1/13,0.1225132126107664,0.2542368457400033,0,0,8.28643216080402,17.397665920944878,CLU
GO_Biological_Process_2023,Cellular Response To Interleukin-4 (GO:0071353),1/13,0.1225132126107664,0.2542368457400033,0,0,8.28643216080402,17.397665920944878,GATA3
GO_Biological_Process_2023,Regulation Of Trophoblast Cell Migration (GO:1901163),1/13,0.1225132126107664,0.2542368457400033,0,0,8.28643216080402,17.397665920944878,GJA1
GO_Biological_Process_2023,Regulation Of Vasculogenesis (GO:2001212),1/13,0.1225132126107664,0.2542368457400033,0,0,8.28643216080402,17.397665920944878,EMP2
GO_Biological_Process_2023,Response To UV-A (GO:0070141),1/13,0.1225132126107664,0.2542368457400033,0,0,8.28643216080402,17.397665920944878,MMP2
GO_Biological_Process_2023,Clathrin Coat Assembly (GO:0048268),1/13,0.1225132126107664,0.2542368457400033,0,0,8.28643216080402,17.397665920944878,NSG1
GO_Biological_Process_2023,Cranial Nerve Development (GO:0021545),1/13,0.1225132126107664,0.2542368457400033,0,0,8.28643216080402,17.397665920944878,TFAP2A
GO_Biological_Process_2023,"Endonucleolytic Cleavage Of Tricistronic rRNA Transcript (SSU-rRNA, 5.8S rRNA, LSU-rRNA) (GO:0000479)",1/13,0.1225132126107664,0.2542368457400033,0,0,8.28643216080402,17.397665920944878,RPS21
GO_Biological_Process_2023,Intracellular Potassium Ion Homeostasis (GO:0030007),1/13,0.1225132126107664,0.2542368457400033,0,0,8.28643216080402,17.397665920944878,ATP1B3
GO_Biological_Process_2023,Myeloid Dendritic Cell Activation (GO:0001773),1/13,0.1225132126107664,0.2542368457400033,0,0,8.28643216080402,17.397665920944878,PYCARD
GO_Biological_Process_2023,"Negative Regulation Of DNA Damage Response, Signal Transduction By P53 Class Mediator (GO:0043518)",1/13,0.1225132126107664,0.2542368457400033,0,0,8.28643216080402,17.397665920944878,CD74
GO_Biological_Process_2023,Negative Regulation Of Cell Migration Involved In Sprouting Angiogenesis (GO:0090051),1/13,0.1225132126107664,0.2542368457400033,0,0,8.28643216080402,17.397665920944878,KLF4
GO_Biological_Process_2023,Negative Regulation Of Fibroblast Growth Factor Receptor Signaling Pathway (GO:0040037),1/13,0.1225132126107664,0.2542368457400033,0,0,8.28643216080402,17.397665920944878,GATA3
GO_Biological_Process_2023,Negative Regulation Of Receptor Internalization (GO:0002091),1/13,0.1225132126107664,0.2542368457400033,0,0,8.28643216080402,17.397665920944878,ANXA2
GO_Biological_Process_2023,Negative Regulation Of Secretion (GO:0051048),1/13,0.1225132126107664,0.2542368457400033,0,0,8.28643216080402,17.397665920944878,VAMP8
GO_Biological_Process_2023,Positive Regulation Of Alpha-Beta T Cell Differentiation (GO:0046638),1/13,0.1225132126107664,0.2542368457400033,0,0,8.28643216080402,17.397665920944878,PNP
GO_Biological_Process_2023,Positive Regulation Of Granulocyte Macrophage Colony-Stimulating Factor Production (GO:0032725),1/13,0.1225132126107664,0.2542368457400033,0,0,8.28643216080402,17.397665920944878,IL18
GO_Biological_Process_2023,Positive Regulation Of Insulin Secretion Involved In Cellular Response To Glucose Stimulus (GO:0035774),1/13,0.1225132126107664,0.2542368457400033,0,0,8.28643216080402,17.397665920944878,HLA-DRB1
GO_Biological_Process_2023,Positive Regulation Of Potassium Ion Transmembrane Transporter Activity (GO:1901018),1/13,0.1225132126107664,0.2542368457400033,0,0,8.28643216080402,17.397665920944878,ATP1B3
GO_Biological_Process_2023,Positive Regulation Of Type 2 Immune Response (GO:0002830),1/13,0.1225132126107664,0.2542368457400033,0,0,8.28643216080402,17.397665920944878,IL18
GO_Biological_Process_2023,Regulation Of cAMP-dependent Protein Kinase Activity (GO:2000479),1/13,0.1225132126107664,0.2542368457400033,0,0,8.28643216080402,17.397665920944878,ADRB2
GO_Biological_Process_2023,Regulation Of Cell Projection Organization (GO:0031344),1/13,0.1225132126107664,0.2542368457400033,0,0,8.28643216080402,17.397665920944878,MFSD2A
GO_Biological_Process_2023,Positive Regulation Of Macromolecule Biosynthetic Process (GO:0010557),3/122,0.123480177679577,0.2556333678390291,0,0,2.5185769739367827,5.26804358631712,RGCC;RPL26;KLF4
GO_Biological_Process_2023,Receptor-Mediated Endocytosis (GO:0006898),3/122,0.123480177679577,0.2556333678390291,0,0,2.5185769739367827,5.26804358631712,CLTB;CD9;ADRB2
GO_Biological_Process_2023,Positive Regulation Of Interleukin-8 Production (GO:0032757),2/61,0.1243457655234195,0.2571192464271423,0,0,3.379729498373566,7.045685456427677,PYCARD;CD74
GO_Biological_Process_2023,Positive Regulation Of Epithelial Cell Proliferation (GO:0050679),3/123,0.1256888427302304,0.2595877642611292,0,0,2.49746192893401,5.179600998900278,CLDN1;AREG;RTN4
GO_Biological_Process_2023,Cell Junction Organization (GO:0034330),2/62,0.1276839186856092,0.261235553369361,0,0,3.323232323232323,6.839868307696459,CXADR;CLDN1
GO_Biological_Process_2023,Phosphatidylinositol-Mediated Signaling (GO:0048015),2/62,0.1276839186856092,0.261235553369361,0,0,3.323232323232323,6.839868307696459,GATA3;EZR
GO_Biological_Process_2023,Protein-Containing Complex Disassembly (GO:0032984),2/62,0.1276839186856092,0.261235553369361,0,0,3.323232323232323,6.839868307696459,VAMP8;CHMP1B
GO_Biological_Process_2023,Cellular Response To Lipopolysaccharide (GO:0071222),3/124,0.1279117628948558,0.261235553369361,0,0,2.476695892939548,5.093113606778357,PYCARD;IL18;PDCD4
GO_Biological_Process_2023,Negative Regulation Of Signal Transduction (GO:0009968),5/267,0.1303515678062206,0.261235553369361,0,0,1.912115873947935,3.895974547749011,SFRP2;FBXW7;CTNNBIP1;APOD;GATA3
GO_Biological_Process_2023,Regulation Of Exit From Mitosis (GO:0007096),1/14,0.1312937743788508,0.261235553369361,0,0,7.648627754155393,15.529145947074284,RGCC
GO_Biological_Process_2023,Regulation Of Extracellular Matrix Disassembly (GO:0010715),1/14,0.1312937743788508,0.261235553369361,0,0,7.648627754155393,15.529145947074284,FSCN1
GO_Biological_Process_2023,Regulation Of Leukocyte Activation (GO:0002694),1/14,0.1312937743788508,0.261235553369361,0,0,7.648627754155393,15.529145947074284,CD74
GO_Biological_Process_2023,Regulation Of Macrophage Differentiation (GO:0045649),1/14,0.1312937743788508,0.261235553369361,0,0,7.648627754155393,15.529145947074284,ID2
GO_Biological_Process_2023,Regulation Of Neuron Projection Arborization (GO:0150011),1/14,0.1312937743788508,0.261235553369361,0,0,7.648627754155393,15.529145947074284,MFSD2A
GO_Biological_Process_2023,"Blood Coagulation, Fibrin Clot Formation (GO:0072378)",1/14,0.1312937743788508,0.261235553369361,0,0,7.648627754155393,15.529145947074284,FBLN1
GO_Biological_Process_2023,Bone Morphogenesis (GO:0060349),1/14,0.1312937743788508,0.261235553369361,0,0,7.648627754155393,15.529145947074284,TFAP2A
GO_Biological_Process_2023,Cardiac Cell Development (GO:0055006),1/14,0.1312937743788508,0.261235553369361,0,0,7.648627754155393,15.529145947074284,CXADR
GO_Biological_Process_2023,Renal Water Homeostasis (GO:0003091),1/14,0.1312937743788508,0.261235553369361,0,0,7.648627754155393,15.529145947074284,AQP3
GO_Biological_Process_2023,Copper Ion Homeostasis (GO:0055070),1/14,0.1312937743788508,0.261235553369361,0,0,7.648627754155393,15.529145947074284,PRNP
GO_Biological_Process_2023,Embryonic Cranial Skeleton Morphogenesis (GO:0048701),1/14,0.1312937743788508,0.261235553369361,0,0,7.648627754155393,15.529145947074284,TFAP2A
GO_Biological_Process_2023,Endoderm Development (GO:0007492),1/14,0.1312937743788508,0.261235553369361,0,0,7.648627754155393,15.529145947074284,DUSP2
GO_Biological_Process_2023,Striated Muscle Cell Development (GO:0055002),1/14,0.1312937743788508,0.261235553369361,0,0,7.648627754155393,15.529145947074284,SDC1
GO_Biological_Process_2023,Microvillus Assembly (GO:0030033),1/14,0.1312937743788508,0.261235553369361,0,0,7.648627754155393,15.529145947074284,EZR
GO_Biological_Process_2023,Nuclear Pore Organization (GO:0006999),1/14,0.1312937743788508,0.261235553369361,0,0,7.648627754155393,15.529145947074284,RTN4
GO_Biological_Process_2023,Photoreceptor Cell Development (GO:0042461),1/14,0.1312937743788508,0.261235553369361,0,0,7.648627754155393,15.529145947074284,MFSD2A
GO_Biological_Process_2023,Polarized Epithelial Cell Differentiation (GO:0030859),1/14,0.1312937743788508,0.261235553369361,0,0,7.648627754155393,15.529145947074284,EZR
GO_Biological_Process_2023,Positive Regulation Of Cytoplasmic Translation (GO:2000767),1/14,0.1312937743788508,0.261235553369361,0,0,7.648627754155393,15.529145947074284,PKM
GO_Biological_Process_2023,Positive Regulation Of Exosomal Secretion (GO:1903543),1/14,0.1312937743788508,0.261235553369361,0,0,7.648627754155393,15.529145947074284,SDC1
GO_Biological_Process_2023,"Positive Regulation Of Nuclear-Transcribed mRNA Catabolic Process, Deadenylation-Dependent Decay (GO:1900153)",1/14,0.1312937743788508,0.261235553369361,0,0,7.648627754155393,15.529145947074284,ZFP36L2
GO_Biological_Process_2023,Positive Regulation Of Response To Cytokine Stimulus (GO:0060760),1/14,0.1312937743788508,0.261235553369361,0,0,7.648627754155393,15.529145947074284,CD74
GO_Biological_Process_2023,Positive Regulation Of Transporter Activity (GO:0032411),1/14,0.1312937743788508,0.261235553369361,0,0,7.648627754155393,15.529145947074284,SGK1
GO_Biological_Process_2023,Primary Alcohol Metabolic Process (GO:0034308),1/14,0.1312937743788508,0.261235553369361,0,0,7.648627754155393,15.529145947074284,ALDH3A2
GO_Biological_Process_2023,Protein Activation Cascade (GO:0072376),1/14,0.1312937743788508,0.261235553369361,0,0,7.648627754155393,15.529145947074284,FBLN1
GO_Biological_Process_2023,Protein Localization To Vacuole (GO:0072665),1/14,0.1312937743788508,0.261235553369361,0,0,7.648627754155393,15.529145947074284,RTN4
GO_Biological_Process_2023,Regulation Of ATP Biosynthetic Process (GO:2001169),1/14,0.1312937743788508,0.261235553369361,0,0,7.648627754155393,15.529145947074284,ENO1
GO_Biological_Process_2023,Regulation Of Branching Involved In Ureteric Bud Morphogenesis (GO:0090189),1/14,0.1312937743788508,0.261235553369361,0,0,7.648627754155393,15.529145947074284,TACSTD2
GO_Biological_Process_2023,Regulation Of Programmed Cell Death (GO:0043067),4/195,0.1321208597699744,0.2625345479327132,0,0,2.0952024788973183,4.24076979323628,SGK1;CLU;RTN4;CTSB
GO_Biological_Process_2023,Cellular Response To Starvation (GO:0009267),3/126,0.1323995391242033,0.2625345479327132,0,0,2.4361767983162066,4.925781673616739,DAPL1;PMAIP1;MFSD2A
GO_Biological_Process_2023,Positive Regulation Of Intracellular Protein Transport (GO:0090316),3/126,0.1323995391242033,0.2625345479327132,0,0,2.4361767983162066,4.925781673616739,PRNP;JUP;FBXW7
GO_Biological_Process_2023,Response To Metal Ion (GO:0010038),2/64,0.1344225663522014,0.264893617284315,0,0,3.215705441511893,6.45317143498723,MT1X;AQP3
GO_Biological_Process_2023,Negative Regulation Of Cell Death (GO:0060548),2/64,0.1344225663522014,0.264893617284315,0,0,3.215705441511893,6.45317143498723,GPNMB;CHMP1B
GO_Biological_Process_2023,Antimicrobial Humoral Immune Response Mediated By Antimicrobial Peptide (GO:0061844),2/65,0.137821576382599,0.264893617284315,0,0,3.1645021645021645,6.271395690931595,DEFB1;CXCL14
GO_Biological_Process_2023,Positive Regulation Of DNA Biosynthetic Process (GO:2000573),2/65,0.137821576382599,0.264893617284315,0,0,3.1645021645021645,6.271395690931595,RGCC;KLF4
GO_Biological_Process_2023,Positive Regulation Of Cell Cycle (GO:0045787),2/65,0.137821576382599,0.264893617284315,0,0,3.1645021645021645,6.271395690931595,RPS15A;RGCC
GO_Biological_Process_2023,3'-UTR-mediated mRNA Destabilization (GO:0061158),1/15,0.139986908731619,0.264893617284315,0,0,7.101938262742283,13.963876250165317,ZFP36L2
GO_Biological_Process_2023,Regulation Of Cellular Response To Heat (GO:1900034),1/15,0.139986908731619,0.264893617284315,0,0,7.101938262742283,13.963876250165317,DNAJB6
GO_Biological_Process_2023,B Cell Mediated Immunity (GO:0019724),1/15,0.139986908731619,0.264893617284315,0,0,7.101938262742283,13.963876250165317,CD74
GO_Biological_Process_2023,Regulation Of Granulocyte Macrophage Colony-Stimulating Factor Production (GO:0032645),1/15,0.139986908731619,0.264893617284315,0,0,7.101938262742283,13.963876250165317,IL18
GO_Biological_Process_2023,T Cell Homeostasis (GO:0043029),1/15,0.139986908731619,0.264893617284315,0,0,7.101938262742283,13.963876250165317,PMAIP1
GO_Biological_Process_2023,Regulation Of Interleukin-13 Production (GO:0032656),1/15,0.139986908731619,0.264893617284315,0,0,7.101938262742283,13.963876250165317,IL18
GO_Biological_Process_2023,Adenylate Cyclase-Activating Adrenergic Receptor Signaling Pathway (GO:0071880),1/15,0.139986908731619,0.264893617284315,0,0,7.101938262742283,13.963876250165317,ADRB2
GO_Biological_Process_2023,Regulation Of Multicellular Organism Growth (GO:0040014),1/15,0.139986908731619,0.264893617284315,0,0,7.101938262742283,13.963876250165317,MFSD2A
GO_Biological_Process_2023,Cellular Response To Sterol (GO:0036315),1/15,0.139986908731619,0.264893617284315,0,0,7.101938262742283,13.963876250165317,RORA
GO_Biological_Process_2023,Cellular Response To Zinc Ion (GO:0071294),1/15,0.139986908731619,0.264893617284315,0,0,7.101938262742283,13.963876250165317,MT1X
GO_Biological_Process_2023,Dendritic Cell Chemotaxis (GO:0002407),1/15,0.139986908731619,0.264893617284315,0,0,7.101938262742283,13.963876250165317,CLU
GO_Biological_Process_2023,Digestive Tract Morphogenesis (GO:0048546),1/15,0.139986908731619,0.264893617284315,0,0,7.101938262742283,13.963876250165317,ID2
GO_Biological_Process_2023,Endosome To Lysosome Transport Via Multivesicular Body Sorting Pathway (GO:0032510),1/15,0.139986908731619,0.264893617284315,0,0,7.101938262742283,13.963876250165317,CHMP1B
GO_Biological_Process_2023,Sympathetic Nervous System Development (GO:0048485),1/15,0.139986908731619,0.264893617284315,0,0,7.101938262742283,13.963876250165317,GATA3
GO_Biological_Process_2023,Gas Transport (GO:0015669),1/15,0.139986908731619,0.264893617284315,0,0,7.101938262742283,13.963876250165317,CA2
GO_Biological_Process_2023,Vasodilation (GO:0042311),1/15,0.139986908731619,0.264893617284315,0,0,7.101938262742283,13.963876250165317,ADRB2
GO_Biological_Process_2023,Intracellular Sterol Transport (GO:0032366),1/15,0.139986908731619,0.264893617284315,0,0,7.101938262742283,13.963876250165317,NPC2
GO_Biological_Process_2023,Melanosome Transport (GO:0032402),1/15,0.139986908731619,0.264893617284315,0,0,7.101938262742283,13.963876250165317,RAB11A
GO_Biological_Process_2023,Midbody Abscission (GO:0061952),1/15,0.139986908731619,0.264893617284315,0,0,7.101938262742283,13.963876250165317,CHMP1B
GO_Biological_Process_2023,Negative Regulation Of DNA Replication (GO:0008156),1/15,0.139986908731619,0.264893617284315,0,0,7.101938262742283,13.963876250165317,S100A11
GO_Biological_Process_2023,Negative Regulation Of Cell-Substrate Junction Organization (GO:0150118),1/15,0.139986908731619,0.264893617284315,0,0,7.101938262742283,13.963876250165317,APOD
GO_Biological_Process_2023,Negative Regulation Of Focal Adhesion Assembly (GO:0051895),1/15,0.139986908731619,0.264893617284315,0,0,7.101938262742283,13.963876250165317,APOD
GO_Biological_Process_2023,Negative Regulation Of Immune Effector Process (GO:0002698),1/15,0.139986908731619,0.264893617284315,0,0,7.101938262742283,13.963876250165317,CD55
GO_Biological_Process_2023,Negative Regulation Of Platelet Activation (GO:0010544),1/15,0.139986908731619,0.264893617284315,0,0,7.101938262742283,13.963876250165317,CD9
GO_Biological_Process_2023,Negative Regulation Of Protein Processing (GO:0010955),1/15,0.139986908731619,0.264893617284315,0,0,7.101938262742283,13.963876250165317,PRNP
GO_Biological_Process_2023,Negative Regulation Of Synaptic Transmission (GO:0050805),1/15,0.139986908731619,0.264893617284315,0,0,7.101938262742283,13.963876250165317,PLK2
GO_Biological_Process_2023,Pigment Granule Transport (GO:0051904),1/15,0.139986908731619,0.264893617284315,0,0,7.101938262742283,13.963876250165317,RAB11A
GO_Biological_Process_2023,Positive Regulation Of Cell Activation (GO:0050867),1/15,0.139986908731619,0.264893617284315,0,0,7.101938262742283,13.963876250165317,SOX15
GO_Biological_Process_2023,Positive Regulation Of Collagen Biosynthetic Process (GO:0032967),1/15,0.139986908731619,0.264893617284315,0,0,7.101938262742283,13.963876250165317,RGCC
GO_Biological_Process_2023,Positive Regulation Of Cyclin-Dependent Protein Serine/Threonine Kinase Activity (GO:0045737),1/15,0.139986908731619,0.264893617284315,0,0,7.101938262742283,13.963876250165317,RGCC
GO_Biological_Process_2023,Positive Regulation Of Glucose Metabolic Process (GO:0010907),1/15,0.139986908731619,0.264893617284315,0,0,7.101938262742283,13.963876250165317,PMAIP1
GO_Biological_Process_2023,Positive Regulation Of Transmembrane Transport (GO:0034764),1/15,0.139986908731619,0.264893617284315,0,0,7.101938262742283,13.963876250165317,CA2
GO_Biological_Process_2023,Protein Localization To Cell-Cell Junction (GO:0150105),1/15,0.139986908731619,0.264893617284315,0,0,7.101938262742283,13.963876250165317,DSP
GO_Biological_Process_2023,Regulation Of Rac Protein Signal Transduction (GO:0035020),1/15,0.139986908731619,0.264893617284315,0,0,7.101938262742283,13.963876250165317,ARF6
GO_Biological_Process_2023,Regulation Of Amyloid Fibril Formation (GO:1905906),1/15,0.139986908731619,0.264893617284315,0,0,7.101938262742283,13.963876250165317,CLU
GO_Biological_Process_2023,Regulation Of Amyloid-Beta Clearance (GO:1900221),1/15,0.139986908731619,0.264893617284315,0,0,7.101938262742283,13.963876250165317,CLU
GO_Biological_Process_2023,Regulation Of Carbohydrate Metabolic Process (GO:0006109),1/15,0.139986908731619,0.264893617284315,0,0,7.101938262742283,13.963876250165317,RORA
GO_Biological_Process_2023,Protein Localization (GO:0008104),6/351,0.1409428843052551,0.2663940689075871,0,0,1.744060959211116,3.417313996640028,CD74;GJA1;ARL4A;ID1;EMP2;ARF6
GO_Biological_Process_2023,Negative Regulation Of Endopeptidase Activity (GO:0010951),2/66,0.1412394085870013,0.2663940689075871,0,0,3.11489898989899,6.096788351656931,SERPINB2;SERPINB5
GO_Biological_Process_2023,Negative Regulation Of Immune Response (GO:0050777),2/66,0.1412394085870013,0.2663940689075871,0,0,3.11489898989899,6.096788351656931,PLK2;HLA-DRB1
GO_Biological_Process_2023,Organic Substance Transport (GO:0071702),4/201,0.142859205659664,0.2691572683013604,0,0,2.03076763700404,3.951662031922736,CHMP1B;AQP3;CLU;MFSD2A
GO_Biological_Process_2023,Negative Regulation Of Transcription By RNA Polymerase II (GO:0000122),11/763,0.1439211342742081,0.2702971389849998,0,0,1.4742204210289316,2.8577612610400838,TFAP2A;EFNA1;RPS14;SOX15;ID2;ID1;ENO1;GATA3;EZR;KLF4;ETS2
GO_Biological_Process_2023,Negative Regulation Of Cellular Catabolic Process (GO:0031330),2/67,0.1446753520694938,0.2702971389849998,0,0,3.0668220668220667,5.928973623253177,DAPL1;MFSD2A
GO_Biological_Process_2023,Regulation Of MAPK Cascade (GO:0043408),4/204,0.1483544918227803,0.2702971389849998,0,0,2.0,3.816301308308897,CD74;DUSP2;ADRB2;HLA-DRB1
GO_Biological_Process_2023,Activation Of Cysteine-Type Endopeptidase Activity (GO:0097202),1/16,0.1485934818111902,0.2702971389849998,0,0,6.628140703517588,12.636822082241835,PERP
GO_Biological_Process_2023,Autonomic Nervous System Development (GO:0048483),1/16,0.1485934818111902,0.2702971389849998,0,0,6.628140703517588,12.636822082241835,GATA3
GO_Biological_Process_2023,Regulation Of Protein Kinase A Signaling (GO:0010738),1/16,0.1485934818111902,0.2702971389849998,0,0,6.628140703517588,12.636822082241835,ADRB2
GO_Biological_Process_2023,Cell Communication By Electrical Coupling Involved In Cardiac Conduction (GO:0086064),1/16,0.1485934818111902,0.2702971389849998,0,0,6.628140703517588,12.636822082241835,GJA1
GO_Biological_Process_2023,Cell Surface Toll-Like Receptor Signaling Pathway (GO:0140895),1/16,0.1485934818111902,0.2702971389849998,0,0,6.628140703517588,12.636822082241835,S100A14
GO_Biological_Process_2023,Regulation Of Response To Cytokine Stimulus (GO:0060759),1/16,0.1485934818111902,0.2702971389849998,0,0,6.628140703517588,12.636822082241835,KLF4
GO_Biological_Process_2023,Regulation Of Secretion (GO:0051046),1/16,0.1485934818111902,0.2702971389849998,0,0,6.628140703517588,12.636822082241835,SGK1
GO_Biological_Process_2023,Cellular Response To Gamma Radiation (GO:0071480),1/16,0.1485934818111902,0.2702971389849998,0,0,6.628140703517588,12.636822082241835,RPL26
GO_Biological_Process_2023,Reverse Cholesterol Transport (GO:0043691),1/16,0.1485934818111902,0.2702971389849998,0,0,6.628140703517588,12.636822082241835,CLU
GO_Biological_Process_2023,Ruffle Organization (GO:0031529),1/16,0.1485934818111902,0.2702971389849998,0,0,6.628140703517588,12.636822082241835,ARF6
GO_Biological_Process_2023,Endoplasmic Reticulum Tubular Network Organization (GO:0071786),1/16,0.1485934818111902,0.2702971389849998,0,0,6.628140703517588,12.636822082241835,RTN4
GO_Biological_Process_2023,Establishment Of Melanosome Localization (GO:0032401),1/16,0.1485934818111902,0.2702971389849998,0,0,6.628140703517588,12.636822082241835,RAB11A
GO_Biological_Process_2023,Vasculature Development (GO:0001944),1/16,0.1485934818111902,0.2702971389849998,0,0,6.628140703517588,12.636822082241835,FBXW7
GO_Biological_Process_2023,Innate Immune Response-Activating Signaling Pathway (GO:0002758),1/16,0.1485934818111902,0.2702971389849998,0,0,6.628140703517588,12.636822082241835,PYCARD
GO_Biological_Process_2023,Intracellular Cholesterol Transport (GO:0032367),1/16,0.1485934818111902,0.2702971389849998,0,0,6.628140703517588,12.636822082241835,NPC2
GO_Biological_Process_2023,Late Endosome To Lysosome Transport (GO:1902774),1/16,0.1485934818111902,0.2702971389849998,0,0,6.628140703517588,12.636822082241835,CHMP1B
GO_Biological_Process_2023,"Mitochondrial Electron Transport, Cytochrome C To Oxygen (GO:0006123)",1/16,0.1485934818111902,0.2702971389849998,0,0,6.628140703517588,12.636822082241835,COX5A
GO_Biological_Process_2023,Negative Regulation Of Chemokine Production (GO:0032682),1/16,0.1485934818111902,0.2702971389849998,0,0,6.628140703517588,12.636822082241835,KLF4
GO_Biological_Process_2023,Negative Regulation Of Intrinsic Apoptotic Signaling Pathway By P53 Class Mediator (GO:1902254),1/16,0.1485934818111902,0.2702971389849998,0,0,6.628140703517588,12.636822082241835,CD74
GO_Biological_Process_2023,Negative Regulation Of Release Of Cytochrome C From Mitochondria (GO:0090201),1/16,0.1485934818111902,0.2702971389849998,0,0,6.628140703517588,12.636822082241835,CLU
GO_Biological_Process_2023,Neuron Projection Organization (GO:0106027),1/16,0.1485934818111902,0.2702971389849998,0,0,6.628140703517588,12.636822082241835,PRNP
GO_Biological_Process_2023,Pharyngeal System Development (GO:0060037),1/16,0.1485934818111902,0.2702971389849998,0,0,6.628140703517588,12.636822082241835,GATA3
GO_Biological_Process_2023,Positive Regulation Of Collagen Metabolic Process (GO:0010714),1/16,0.1485934818111902,0.2702971389849998,0,0,6.628140703517588,12.636822082241835,RGCC
GO_Biological_Process_2023,Positive Regulation Of Lymphocyte Migration (GO:2000403),1/16,0.1485934818111902,0.2702971389849998,0,0,6.628140703517588,12.636822082241835,PYCARD
GO_Biological_Process_2023,Positive Regulation Of Myeloid Leukocyte Cytokine Production Involved In Immune Response (GO:0061081),1/16,0.1485934818111902,0.2702971389849998,0,0,6.628140703517588,12.636822082241835,CD74
GO_Biological_Process_2023,Positive Regulation Of Smooth Muscle Cell Migration (GO:0014911),1/16,0.1485934818111902,0.2702971389849998,0,0,6.628140703517588,12.636822082241835,S100A11
GO_Biological_Process_2023,Positive Regulation Of Stem Cell Proliferation (GO:2000648),1/16,0.1485934818111902,0.2702971389849998,0,0,6.628140703517588,12.636822082241835,GJA1
GO_Biological_Process_2023,Protein Kinase A Signaling (GO:0010737),1/16,0.1485934818111902,0.2702971389849998,0,0,6.628140703517588,12.636822082241835,EZR
GO_Biological_Process_2023,Protein Localization To Endoplasmic Reticulum (GO:0070972),1/16,0.1485934818111902,0.2702971389849998,0,0,6.628140703517588,12.636822082241835,BCAP31
GO_Biological_Process_2023,Regulation Of Blood Vessel Endothelial Cell Proliferation Involved In Sprouting Angiogenesis (GO:1903587),1/16,0.1485934818111902,0.2702971389849998,0,0,6.628140703517588,12.636822082241835,FGFBP1
GO_Biological_Process_2023,Antigen Receptor-Mediated Signaling Pathway (GO:0050851),3/134,0.1508793106612941,0.2741683607523412,0,0,2.286472662455923,4.32434865075451,GATA3;HLA-DRB1;HLA-DPA1
GO_Biological_Process_2023,Regulation Of Endopeptidase Activity (GO:0052548),2/69,0.1515987898971927,0.2746361079271537,0,0,2.974973616764661,5.612340646899519,SERPINB2;SERPINB5
GO_Biological_Process_2023,Response To Molecule Of Bacterial Origin (GO:0002237),2/69,0.1515987898971927,0.2746361079271537,0,0,2.974973616764661,5.612340646899519,SLPI;S100A14
GO_Biological_Process_2023,Monoatomic Cation Transmembrane Transport (GO:0098655),5/281,0.1516105023634661,0.2746361079271537,0,0,1.813823857302118,3.421670841179732,ATP6V0B;ATP6V0E1;ATP1B3;CLU;ATP6V1F
GO_Biological_Process_2023,Neutrophil Chemotaxis (GO:0030593),2/70,0.1550849226995339,0.2768205235291637,0,0,2.931075460487225,5.462886925837976,CXADR;KLF5
GO_Biological_Process_2023,Positive Regulation Of Protein Transport (GO:0051222),2/70,0.1550849226995339,0.2768205235291637,0,0,2.931075460487225,5.462886925837976,EZR;ARF6
GO_Biological_Process_2023,Regulation Of Protein Kinase B Signaling (GO:0051896),3/136,0.1556231070735254,0.2768205235291637,0,0,2.2518606160070225,4.189177232020214,IL18;GATA3;RTN4
GO_Biological_Process_2023,Inorganic Cation Transmembrane Transport (GO:0098662),5/284,0.156346564097828,0.2768205235291637,0,0,1.794044665012407,3.3291731108042515,ATP6V0B;ATP6V0E1;ATP1B3;CLU;ATP6V1F
GO_Biological_Process_2023,Amyloid Precursor Protein Metabolic Process (GO:0042982),1/17,0.157114351192228,0.2768205235291637,0,0,6.21356783919598,11.499955704952034,NSG1
GO_Biological_Process_2023,Carboxylic Acid Biosynthetic Process (GO:0046394),1/17,0.157114351192228,0.2768205235291637,0,0,6.21356783919598,11.499955704952034,PYCARD
GO_Biological_Process_2023,Carboxylic Acid Catabolic Process (GO:0046395),1/17,0.157114351192228,0.2768205235291637,0,0,6.21356783919598,11.499955704952034,MPST
GO_Biological_Process_2023,Cellular Response To Glucocorticoid Stimulus (GO:0071385),1/17,0.157114351192228,0.2768205235291637,0,0,6.21356783919598,11.499955704952034,ZFP36L2
GO_Biological_Process_2023,Response To Interferon-Alpha (GO:0035455),1/17,0.157114351192228,0.2768205235291637,0,0,6.21356783919598,11.499955704952034,GATA3
GO_Biological_Process_2023,Ribosomal Small Subunit Assembly (GO:0000028),1/17,0.157114351192228,0.2768205235291637,0,0,6.21356783919598,11.499955704952034,RPS14
GO_Biological_Process_2023,Sulfur Amino Acid Metabolic Process (GO:0000096),1/17,0.157114351192228,0.2768205235291637,0,0,6.21356783919598,11.499955704952034,MPST
GO_Biological_Process_2023,Filopodium Assembly (GO:0046847),1/17,0.157114351192228,0.2768205235291637,0,0,6.21356783919598,11.499955704952034,EZR
GO_Biological_Process_2023,Toll-Like Receptor 4 Signaling Pathway (GO:0034142),1/17,0.157114351192228,0.2768205235291637,0,0,6.21356783919598,11.499955704952034,S100A14
GO_Biological_Process_2023,Transepithelial Transport (GO:0070633),1/17,0.157114351192228,0.2768205235291637,0,0,6.21356783919598,11.499955704952034,CXADR
GO_Biological_Process_2023,Membrane Lipid Metabolic Process (GO:0006643),1/17,0.157114351192228,0.2768205235291637,0,0,6.21356783919598,11.499955704952034,MGST2
GO_Biological_Process_2023,Mesenchyme Development (GO:0060485),1/17,0.157114351192228,0.2768205235291637,0,0,6.21356783919598,11.499955704952034,SFRP2
GO_Biological_Process_2023,Myeloid Cell Activation Involved In Immune Response (GO:0002275),1/17,0.157114351192228,0.2768205235291637,0,0,6.21356783919598,11.499955704952034,PYCARD
GO_Biological_Process_2023,Negative Regulation Of Interleukin-8 Production (GO:0032717),1/17,0.157114351192228,0.2768205235291637,0,0,6.21356783919598,11.499955704952034,KLF4
GO_Biological_Process_2023,Negative Regulation Of Vascular Associated Smooth Muscle Cell Proliferation (GO:1904706),1/17,0.157114351192228,0.2768205235291637,0,0,6.21356783919598,11.499955704952034,PDCD4
GO_Biological_Process_2023,Positive Chemotaxis (GO:0050918),1/17,0.157114351192228,0.2768205235291637,0,0,6.21356783919598,11.499955704952034,GPNMB
GO_Biological_Process_2023,Positive Regulation Of Cell Adhesion Mediated By Integrin (GO:0033630),1/17,0.157114351192228,0.2768205235291637,0,0,6.21356783919598,11.499955704952034,SFRP2
GO_Biological_Process_2023,Positive Regulation Of Glial Cell Differentiation (GO:0045687),1/17,0.157114351192228,0.2768205235291637,0,0,6.21356783919598,11.499955704952034,ID2
GO_Biological_Process_2023,Positive Regulation Of Macrophage Derived Foam Cell Differentiation (GO:0010744),1/17,0.157114351192228,0.2768205235291637,0,0,6.21356783919598,11.499955704952034,IL18
GO_Biological_Process_2023,Positive Regulation Of Potassium Ion Transmembrane Transport (GO:1901381),1/17,0.157114351192228,0.2768205235291637,0,0,6.21356783919598,11.499955704952034,ATP1B3
GO_Biological_Process_2023,Positive Regulation Of Stem Cell Differentiation (GO:2000738),1/17,0.157114351192228,0.2768205235291637,0,0,6.21356783919598,11.499955704952034,TACSTD2
GO_Biological_Process_2023,Purine-Containing Compound Biosynthetic Process (GO:0072522),1/17,0.157114351192228,0.2768205235291637,0,0,6.21356783919598,11.499955704952034,PNP
GO_Biological_Process_2023,Receptor Recycling (GO:0001881),1/17,0.157114351192228,0.2768205235291637,0,0,6.21356783919598,11.499955704952034,NSG1
GO_Biological_Process_2023,Kidney Development (GO:0001822),2/71,0.1585864433775845,0.2788491658580581,0,0,2.888449714536671,5.318951469597782,TFAP2A;GATA3
GO_Biological_Process_2023,Myeloid Leukocyte Differentiation (GO:0002573),2/71,0.1585864433775845,0.2788491658580581,0,0,2.888449714536671,5.318951469597782,GATA3;HLA-DRB1
GO_Biological_Process_2023,Negative Regulation Of Cell Adhesion (GO:0007162),2/72,0.1621027002960182,0.2801905443787915,0,0,2.8470418470418477,5.180264363849609,FBLN1;SPINT2
GO_Biological_Process_2023,Regulation Of Collagen Biosynthetic Process (GO:0032965),1/18,0.1655503660358053,0.2801905443787915,0,0,5.847768253029855,10.51709310132786,RGCC
GO_Biological_Process_2023,Regulation Of Epithelial Cell Differentiation (GO:0030856),1/18,0.1655503660358053,0.2801905443787915,0,0,5.847768253029855,10.51709310132786,GATA3
GO_Biological_Process_2023,Regulation Of Exosomal Secretion (GO:1903541),1/18,0.1655503660358053,0.2801905443787915,0,0,5.847768253029855,10.51709310132786,SDC1
GO_Biological_Process_2023,T-helper Cell Differentiation (GO:0042093),1/18,0.1655503660358053,0.2801905443787915,0,0,5.847768253029855,10.51709310132786,GATA3
GO_Biological_Process_2023,Actin Filament Capping (GO:0051693),1/18,0.1655503660358053,0.2801905443787915,0,0,5.847768253029855,10.51709310132786,CAPG
GO_Biological_Process_2023,Adrenergic Receptor Signaling Pathway (GO:0071875),1/18,0.1655503660358053,0.2801905443787915,0,0,5.847768253029855,10.51709310132786,ADRB2
GO_Biological_Process_2023,Regulation Of Mitochondrial Membrane Permeability (GO:0046902),1/18,0.1655503660358053,0.2801905443787915,0,0,5.847768253029855,10.51709310132786,PMAIP1
GO_Biological_Process_2023,Barbed-End Actin Filament Capping (GO:0051016),1/18,0.1655503660358053,0.2801905443787915,0,0,5.847768253029855,10.51709310132786,CAPG
GO_Biological_Process_2023,Cell Junction Maintenance (GO:0034331),1/18,0.1655503660358053,0.2801905443787915,0,0,5.847768253029855,10.51709310132786,CLDN1
GO_Biological_Process_2023,Dendritic Cell Migration (GO:0036336),1/18,0.1655503660358053,0.2801905443787915,0,0,5.847768253029855,10.51709310132786,CLU
GO_Biological_Process_2023,Detection Of Mechanical Stimulus (GO:0050982),1/18,0.1655503660358053,0.2801905443787915,0,0,5.847768253029855,10.51709310132786,JUP
GO_Biological_Process_2023,Epithelial Cell Development (GO:0002064),1/18,0.1655503660358053,0.2801905443787915,0,0,5.847768253029855,10.51709310132786,RAB25
GO_Biological_Process_2023,Establishment Of Vesicle Localization (GO:0051650),1/18,0.1655503660358053,0.2801905443787915,0,0,5.847768253029855,10.51709310132786,RAB11A
GO_Biological_Process_2023,Ureteric Bud Morphogenesis (GO:0060675),1/18,0.1655503660358053,0.2801905443787915,0,0,5.847768253029855,10.51709310132786,GATA3
GO_Biological_Process_2023,Intracellular Lipid Transport (GO:0032365),1/18,0.1655503660358053,0.2801905443787915,0,0,5.847768253029855,10.51709310132786,NPC2
GO_Biological_Process_2023,Intracellular Sodium Ion Homeostasis (GO:0006883),1/18,0.1655503660358053,0.2801905443787915,0,0,5.847768253029855,10.51709310132786,ATP1B3
GO_Biological_Process_2023,Melanosome Localization (GO:0032400),1/18,0.1655503660358053,0.2801905443787915,0,0,5.847768253029855,10.51709310132786,RAB11A
GO_Biological_Process_2023,Membrane Repolarization (GO:0086009),1/18,0.1655503660358053,0.2801905443787915,0,0,5.847768253029855,10.51709310132786,ATP1B3
GO_Biological_Process_2023,Mitotic Cytokinetic Process (GO:1902410),1/18,0.1655503660358053,0.2801905443787915,0,0,5.847768253029855,10.51709310132786,CHMP1B
GO_Biological_Process_2023,Myoblast Fusion (GO:0007520),1/18,0.1655503660358053,0.2801905443787915,0,0,5.847768253029855,10.51709310132786,CD9
GO_Biological_Process_2023,Negative Regulation Of Lipid Catabolic Process (GO:0050995),1/18,0.1655503660358053,0.2801905443787915,0,0,5.847768253029855,10.51709310132786,MFSD2A
GO_Biological_Process_2023,Negative Regulation Of Signal Transduction By P53 Class Mediator (GO:1901797),1/18,0.1655503660358053,0.2801905443787915,0,0,5.847768253029855,10.51709310132786,CD74
GO_Biological_Process_2023,Neuron Fate Commitment (GO:0048663),1/18,0.1655503660358053,0.2801905443787915,0,0,5.847768253029855,10.51709310132786,ID2
GO_Biological_Process_2023,Nucleosome Disassembly (GO:0006337),1/18,0.1655503660358053,0.2801905443787915,0,0,5.847768253029855,10.51709310132786,HMGA1
GO_Biological_Process_2023,Positive Regulation Of Cyclin-Dependent Protein Kinase Activity (GO:1904031),1/18,0.1655503660358053,0.2801905443787915,0,0,5.847768253029855,10.51709310132786,RGCC
GO_Biological_Process_2023,Positive Regulation Of Epidermal Cell Differentiation (GO:0045606),1/18,0.1655503660358053,0.2801905443787915,0,0,5.847768253029855,10.51709310132786,SFN
GO_Biological_Process_2023,Positive Regulation Of Focal Adhesion Assembly (GO:0051894),1/18,0.1655503660358053,0.2801905443787915,0,0,5.847768253029855,10.51709310132786,S100A10
GO_Biological_Process_2023,Positive Regulation Of Interleukin-4 Production (GO:0032753),1/18,0.1655503660358053,0.2801905443787915,0,0,5.847768253029855,10.51709310132786,GATA3
GO_Biological_Process_2023,Positive Regulation Of Monocyte Chemotaxis (GO:0090026),1/18,0.1655503660358053,0.2801905443787915,0,0,5.847768253029855,10.51709310132786,S100A14
GO_Biological_Process_2023,Positive Regulation Of Natural Killer Cell Activation (GO:0032816),1/18,0.1655503660358053,0.2801905443787915,0,0,5.847768253029855,10.51709310132786,IL18
GO_Biological_Process_2023,Positive Regulation Of Neutrophil Chemotaxis (GO:0090023),1/18,0.1655503660358053,0.2801905443787915,0,0,5.847768253029855,10.51709310132786,CD74
GO_Biological_Process_2023,Positive Regulation Of Response To Endoplasmic Reticulum Stress (GO:1905898),1/18,0.1655503660358053,0.2801905443787915,0,0,5.847768253029855,10.51709310132786,PMAIP1
GO_Biological_Process_2023,Positive Regulation Of Triglyceride Metabolic Process (GO:0090208),1/18,0.1655503660358053,0.2801905443787915,0,0,5.847768253029855,10.51709310132786,MFSD2A
GO_Biological_Process_2023,Regulation Of T Cell Cytokine Production (GO:0002724),1/18,0.1655503660358053,0.2801905443787915,0,0,5.847768253029855,10.51709310132786,CD55
GO_Biological_Process_2023,Regulation Of Adaptive Immune Response (GO:0002819),1/18,0.1655503660358053,0.2801905443787915,0,0,5.847768253029855,10.51709310132786,PYCARD
GO_Biological_Process_2023,Regulation Of Cell-Cell Adhesion Mediated By Cadherin (GO:2000047),1/18,0.1655503660358053,0.2801905443787915,0,0,5.847768253029855,10.51709310132786,RGCC
GO_Biological_Process_2023,Cellular Response To Reactive Oxygen Species (GO:0034614),2/73,0.1656330532612982,0.2801905443787915,0,0,2.806800398349694,5.046572271238703,ANXA1;CLU
GO_Biological_Process_2023,Monocarboxylic Acid Transport (GO:0015718),2/73,0.1656330532612982,0.2801905443787915,0,0,2.806800398349694,5.046572271238703,CRABP2;MFSD2A
GO_Biological_Process_2023,Gland Development (GO:0048732),2/74,0.1691768732048807,0.2847610324656822,0,0,2.767676767676768,4.917637208774679,ANXA1;EZR
GO_Biological_Process_2023,Regulation Of Cell Cycle G1/S Phase Transition (GO:1902806),2/74,0.1691768732048807,0.2847610324656822,0,0,2.767676767676768,4.917637208774679,FBXW7;ID2
GO_Biological_Process_2023,Defense Response To Gram-negative Bacterium (GO:0050829),2/75,0.1727335422229741,0.2847610324656822,0,0,2.72962501729625,4.793235424721277,PYCARD;DEFB1
GO_Biological_Process_2023,Negative Regulation Of Phosphorylation (GO:0042326),2/75,0.1727335422229741,0.2847610324656822,0,0,2.72962501729625,4.793235424721277,PRNP;FBLN1
GO_Biological_Process_2023,Regulation Of Centriole Replication (GO:0046599),1/19,0.1739023671527052,0.2847610324656822,0,0,5.522613065326633,9.66049300943,PLK2
GO_Biological_Process_2023,Regulation Of Early Endosome To Late Endosome Transport (GO:2000641),1/19,0.1739023671527052,0.2847610324656822,0,0,5.522613065326633,9.66049300943,EZR
GO_Biological_Process_2023,Regulation Of Granulocyte Chemotaxis (GO:0071622),1/19,0.1739023671527052,0.2847610324656822,0,0,5.522613065326633,9.66049300943,S100A14
GO_Biological_Process_2023,Regulation Of Integrin-Mediated Signaling Pathway (GO:2001044),1/19,0.1739023671527052,0.2847610324656822,0,0,5.522613065326633,9.66049300943,EMP2
GO_Biological_Process_2023,Regulation Of Lymphocyte Differentiation (GO:0045619),1/19,0.1739023671527052,0.2847610324656822,0,0,5.522613065326633,9.66049300943,ZFP36L2
GO_Biological_Process_2023,Regulation Of Neuroinflammatory Response (GO:0150077),1/19,0.1739023671527052,0.2847610324656822,0,0,5.522613065326633,9.66049300943,IL18
GO_Biological_Process_2023,Atrioventricular Valve Morphogenesis (GO:0003181),1/19,0.1739023671527052,0.2847610324656822,0,0,5.522613065326633,9.66049300943,EFNA1
GO_Biological_Process_2023,Calcium-Independent Cell-Cell Adhesion Via Plasma Membrane Cell-Adhesion Molecules (GO:0016338),1/19,0.1739023671527052,0.2847610324656822,0,0,5.522613065326633,9.66049300943,CLDN4
GO_Biological_Process_2023,Cardiac Epithelial To Mesenchymal Transition (GO:0060317),1/19,0.1739023671527052,0.2847610324656822,0,0,5.522613065326633,9.66049300943,PDCD4
GO_Biological_Process_2023,Cardiac Ventricle Development (GO:0003231),1/19,0.1739023671527052,0.2847610324656822,0,0,5.522613065326633,9.66049300943,GATA3
GO_Biological_Process_2023,Regulation Of Smooth Muscle Cell Migration (GO:0014910),1/19,0.1739023671527052,0.2847610324656822,0,0,5.522613065326633,9.66049300943,S100A11
GO_Biological_Process_2023,Regulation Of Transcription Involved In G1/S Transition Of Mitotic Cell Cycle (GO:0000083),1/19,0.1739023671527052,0.2847610324656822,0,0,5.522613065326633,9.66049300943,ID2
GO_Biological_Process_2023,Embryonic Digestive Tract Development (GO:0048566),1/19,0.1739023671527052,0.2847610324656822,0,0,5.522613065326633,9.66049300943,ID2
GO_Biological_Process_2023,Epithelial Structure Maintenance (GO:0010669),1/19,0.1739023671527052,0.2847610324656822,0,0,5.522613065326633,9.66049300943,CXADR
GO_Biological_Process_2023,Establishment Of Epithelial Cell Polarity (GO:0090162),1/19,0.1739023671527052,0.2847610324656822,0,0,5.522613065326633,9.66049300943,EZR
GO_Biological_Process_2023,Fluid Transport (GO:0042044),1/19,0.1739023671527052,0.2847610324656822,0,0,5.522613065326633,9.66049300943,AQP3
GO_Biological_Process_2023,Heme Biosynthetic Process (GO:0006783),1/19,0.1739023671527052,0.2847610324656822,0,0,5.522613065326633,9.66049300943,TSPO
GO_Biological_Process_2023,Water Transport (GO:0006833),1/19,0.1739023671527052,0.2847610324656822,0,0,5.522613065326633,9.66049300943,AQP3
GO_Biological_Process_2023,Insulin Secretion (GO:0030073),1/19,0.1739023671527052,0.2847610324656822,0,0,5.522613065326633,9.66049300943,ANXA1
GO_Biological_Process_2023,Intrinsic Apoptotic Signaling Pathway In Response To DNA Damage By P53 Class Mediator (GO:0042771),1/19,0.1739023671527052,0.2847610324656822,0,0,5.522613065326633,9.66049300943,PYCARD
GO_Biological_Process_2023,Leukotriene Biosynthetic Process (GO:0019370),1/19,0.1739023671527052,0.2847610324656822,0,0,5.522613065326633,9.66049300943,MGST2
GO_Biological_Process_2023,Multicellular Organismal-Level Water Homeostasis (GO:0050891),1/19,0.1739023671527052,0.2847610324656822,0,0,5.522613065326633,9.66049300943,AQP3
GO_Biological_Process_2023,Negative Regulation Of Leukocyte Cell-Cell Adhesion (GO:1903038),1/19,0.1739023671527052,0.2847610324656822,0,0,5.522613065326633,9.66049300943,GPNMB
GO_Biological_Process_2023,Negative Regulation Of Protein Dephosphorylation (GO:0035308),1/19,0.1739023671527052,0.2847610324656822,0,0,5.522613065326633,9.66049300943,ENSA
GO_Biological_Process_2023,Nucleotide Biosynthetic Process (GO:0009165),1/19,0.1739023671527052,0.2847610324656822,0,0,5.522613065326633,9.66049300943,PNP
GO_Biological_Process_2023,Phosphatidylcholine Biosynthetic Process (GO:0006656),1/19,0.1739023671527052,0.2847610324656822,0,0,5.522613065326633,9.66049300943,MFSD2A
GO_Biological_Process_2023,Pore Complex Assembly (GO:0046931),1/19,0.1739023671527052,0.2847610324656822,0,0,5.522613065326633,9.66049300943,RTN4
GO_Biological_Process_2023,Positive Regulation Of Axon Extension (GO:0045773),1/19,0.1739023671527052,0.2847610324656822,0,0,5.522613065326633,9.66049300943,GOLGA4
GO_Biological_Process_2023,Positive Regulation Of Hormone Secretion (GO:0046887),1/19,0.1739023671527052,0.2847610324656822,0,0,5.522613065326633,9.66049300943,VAMP8
GO_Biological_Process_2023,Regulation Of Autophagy Of Mitochondrion (GO:1903146),1/19,0.1739023671527052,0.2847610324656822,0,0,5.522613065326633,9.66049300943,FBXW7
GO_Biological_Process_2023,Regulation Of Cell Adhesion (GO:0030155),3/144,0.1750440509507228,0.286360869805557,0,0,2.1232314504806133,3.700192853755635,EFNA1;IL18;FBLN1
GO_Biological_Process_2023,Wnt Signaling Pathway (GO:0016055),2/76,0.1763024531867548,0.2876078481161038,0,0,2.6926016926016927,4.673156378016087,SFRP2;JUP
GO_Biological_Process_2023,Positive Regulation Of Interleukin-6 Production (GO:0032755),2/76,0.1763024531867548,0.2876078481161038,0,0,2.6926016926016927,4.673156378016087,PYCARD;CD74
GO_Biological_Process_2023,Positive Regulation Of Protein Secretion (GO:0050714),2/76,0.1763024531867548,0.2876078481161038,0,0,2.6926016926016927,4.673156378016087,EZR;ARF6
GO_Biological_Process_2023,Positive Regulation Of Protein Phosphorylation (GO:0001934),6/377,0.1773853760827929,0.2890471661687164,0,0,1.6196682135215494,2.8011038467802964,EFNA1;CD74;PRNP;SFRP2;GPNMB;HLA-DRB1
GO_Biological_Process_2023,Regulation Of Immune Response (GO:0050776),2/77,0.1798830098073791,0.2890471661687164,0,0,2.656565656565657,4.557201796283064,HLA-DRA;HLA-DRB1
GO_Biological_Process_2023,Cell Morphogenesis Involved In Neuron Differentiation (GO:0048667),2/77,0.1798830098073791,0.2890471661687164,0,0,2.656565656565657,4.557201796283064,BAIAP2;MFSD2A
GO_Biological_Process_2023,Embryonic Organ Development (GO:0048568),2/77,0.1798830098073791,0.2890471661687164,0,0,2.656565656565657,4.557201796283064,GATA3;MFSD2A
GO_Biological_Process_2023,Negative Regulation Of Blood Vessel Morphogenesis (GO:2000181),2/77,0.1798830098073791,0.2890471661687164,0,0,2.656565656565657,4.557201796283064,RGCC;KLF4
GO_Biological_Process_2023,Negative Regulation Of Response To External Stimulus (GO:0032102),3/146,0.1800025240475294,0.2890471661687164,0,0,2.093322920734088,3.589597500577494,RORA;GATA3;KLF4
GO_Biological_Process_2023,DNA Unwinding Involved In DNA Replication (GO:0006268),1/20,0.182171186958547,0.2890471661687164,0,0,5.231684739486909,8.908556962758436,HMGA1
GO_Biological_Process_2023,T Cell Mediated Immunity (GO:0002456),1/20,0.182171186958547,0.2890471661687164,0,0,5.231684739486909,8.908556962758436,EMP2
GO_Biological_Process_2023,Activation Of Adenylate Cyclase Activity (GO:0007190),1/20,0.182171186958547,0.2890471661687164,0,0,5.231684739486909,8.908556962758436,ADRB2
GO_Biological_Process_2023,Regulation Of Mitotic Spindle Assembly (GO:1901673),1/20,0.182171186958547,0.2890471661687164,0,0,5.231684739486909,8.908556962758436,CHMP1B
GO_Biological_Process_2023,Regulation Of Protein Localization To Cell Periphery (GO:1904375),1/20,0.182171186958547,0.2890471661687164,0,0,5.231684739486909,8.908556962758436,VAMP8
GO_Biological_Process_2023,Cell Projection Organization (GO:0030030),1/20,0.182171186958547,0.2890471661687164,0,0,5.231684739486909,8.908556962758436,CAPG
GO_Biological_Process_2023,Response To Fibroblast Growth Factor (GO:0071774),1/20,0.182171186958547,0.2890471661687164,0,0,5.231684739486909,8.908556962758436,ZFP36L2
GO_Biological_Process_2023,Endoplasmic Reticulum Calcium Ion Homeostasis (GO:0032469),1/20,0.182171186958547,0.2890471661687164,0,0,5.231684739486909,8.908556962758436,BCAP31
GO_Biological_Process_2023,Striated Muscle Cell Differentiation (GO:0051146),1/20,0.182171186958547,0.2890471661687164,0,0,5.231684739486909,8.908556962758436,SDC1
GO_Biological_Process_2023,Sulfur Compound Catabolic Process (GO:0044273),1/20,0.182171186958547,0.2890471661687164,0,0,5.231684739486909,8.908556962758436,MPST
GO_Biological_Process_2023,Xenobiotic Transport (GO:0042908),1/20,0.182171186958547,0.2890471661687164,0,0,5.231684739486909,8.908556962758436,GJA1
GO_Biological_Process_2023,Late Endosome To Vacuole Transport (GO:0045324),1/20,0.182171186958547,0.2890471661687164,0,0,5.231684739486909,8.908556962758436,CHMP1B
GO_Biological_Process_2023,Leukotriene Metabolic Process (GO:0006691),1/20,0.182171186958547,0.2890471661687164,0,0,5.231684739486909,8.908556962758436,MGST2
GO_Biological_Process_2023,Lipopolysaccharide-Mediated Signaling Pathway (GO:0031663),1/20,0.182171186958547,0.2890471661687164,0,0,5.231684739486909,8.908556962758436,IL18
GO_Biological_Process_2023,Long-Term Synaptic Potentiation (GO:0060291),1/20,0.182171186958547,0.2890471661687164,0,0,5.231684739486909,8.908556962758436,PLK2
GO_Biological_Process_2023,Microglial Cell Activation (GO:0001774),1/20,0.182171186958547,0.2890471661687164,0,0,5.231684739486909,8.908556962758436,CLU
GO_Biological_Process_2023,Negative Regulation Of B Cell Activation (GO:0050869),1/20,0.182171186958547,0.2890471661687164,0,0,5.231684739486909,8.908556962758436,ID2
GO_Biological_Process_2023,Negative Regulation Of Reproductive Process (GO:2000242),1/20,0.182171186958547,0.2890471661687164,0,0,5.231684739486909,8.908556962758436,GJA1
GO_Biological_Process_2023,Negative Regulation Of Stem Cell Population Maintenance (GO:1902455),1/20,0.182171186958547,0.2890471661687164,0,0,5.231684739486909,8.908556962758436,ZNF706
GO_Biological_Process_2023,Peripheral Nervous System Development (GO:0007422),1/20,0.182171186958547,0.2890471661687164,0,0,5.231684739486909,8.908556962758436,ALDH3A2
GO_Biological_Process_2023,Positive Regulation Of Epithelial Cell Differentiation (GO:0030858),1/20,0.182171186958547,0.2890471661687164,0,0,5.231684739486909,8.908556962758436,SFN
GO_Biological_Process_2023,protein-DNA Complex Disassembly (GO:0032986),1/20,0.182171186958547,0.2890471661687164,0,0,5.231684739486909,8.908556962758436,HMGA1
GO_Biological_Process_2023,Receptor Metabolic Process (GO:0043112),1/20,0.182171186958547,0.2890471661687164,0,0,5.231684739486909,8.908556962758436,NSG1
GO_Biological_Process_2023,Regulation Of Calcium Ion Transmembrane Transport (GO:1903169),1/20,0.182171186958547,0.2890471661687164,0,0,5.231684739486909,8.908556962758436,PRNP
GO_Biological_Process_2023,Positive Regulation Of Tumor Necrosis Factor Production (GO:0032760),2/78,0.1834746263330842,0.2908499318078701,0,0,2.621477937267411,4.445184817601474,PYCARD;CLU
GO_Biological_Process_2023,Cellular Response To UV (GO:0034644),2/79,0.1870767274857147,0.2949468985472873,0,0,2.5873015873015874,4.336929198982091,MMP2;RPL26
GO_Biological_Process_2023,Vesicle Fusion (GO:0006906),2/79,0.1870767274857147,0.2949468985472873,0,0,2.5873015873015874,4.336929198982091,VAMP8;CHMP1B
GO_Biological_Process_2023,Negative Regulation Of Cellular Component Organization (GO:0051129),2/79,0.1870767274857147,0.2949468985472873,0,0,2.5873015873015874,4.336929198982091,DNAJB6;CLU
GO_Biological_Process_2023,Positive Regulation Of Endocytosis (GO:0045807),2/79,0.1870767274857147,0.2949468985472873,0,0,2.5873015873015874,4.336929198982091,PYCARD;CLU
GO_Biological_Process_2023,Positive Regulation Of Protein Localization To Membrane (GO:1905477),2/79,0.1870767274857147,0.2949468985472873,0,0,2.5873015873015874,4.336929198982091,PRNP;ARF6
GO_Biological_Process_2023,Positive Regulation Of Protein Modification By Small Protein Conjugation Or Removal (GO:1903322),2/79,0.1870767274857147,0.2949468985472873,0,0,2.5873015873015874,4.336929198982091,NDFIP2;FBXW7
GO_Biological_Process_2023,Positive Regulation Of Protein Modification Process (GO:0031401),4/225,0.1889412657765136,0.2952873848512384,0,0,1.8080155138978669,3.012730739258242,EFNA1;CD74;GPNMB;HLA-DRB1
GO_Biological_Process_2023,Regulation Of Dendritic Spine Development (GO:0060998),1/21,0.1903576498347592,0.2952873848512384,0,0,4.969849246231155,8.244237447277422,ARF6
GO_Biological_Process_2023,Regulation Of Lipid Storage (GO:0010883),1/21,0.1903576498347592,0.2952873848512384,0,0,4.969849246231155,8.244237447277422,FBXW7
GO_Biological_Process_2023,Regulation Of Lipopolysaccharide-Mediated Signaling Pathway (GO:0031664),1/21,0.1903576498347592,0.2952873848512384,0,0,4.969849246231155,8.244237447277422,CD55
GO_Biological_Process_2023,Regulation Of Steroid Metabolic Process (GO:0019218),1/21,0.1903576498347592,0.2952873848512384,0,0,4.969849246231155,8.244237447277422,RORA
GO_Biological_Process_2023,Regulation Of Transferase Activity (GO:0051338),1/21,0.1903576498347592,0.2952873848512384,0,0,4.969849246231155,8.244237447277422,EMP2
GO_Biological_Process_2023,Chaperone-Mediated Protein Complex Assembly (GO:0051131),1/21,0.1903576498347592,0.2952873848512384,0,0,4.969849246231155,8.244237447277422,CLU
GO_Biological_Process_2023,Response To Cadmium Ion (GO:0046686),1/21,0.1903576498347592,0.2952873848512384,0,0,4.969849246231155,8.244237447277422,MT1X
GO_Biological_Process_2023,Innate Immune Response In Mucosa (GO:0002227),1/21,0.1903576498347592,0.2952873848512384,0,0,4.969849246231155,8.244237447277422,DEFB1
GO_Biological_Process_2023,"Maturation Of 5.8S rRNA From Tricistronic rRNA Transcript (SSU-rRNA, 5.8S rRNA, LSU-rRNA) (GO:0000466)",1/21,0.1903576498347592,0.2952873848512384,0,0,4.969849246231155,8.244237447277422,RPS21
GO_Biological_Process_2023,Mitochondrial Calcium Ion Homeostasis (GO:0051560),1/21,0.1903576498347592,0.2952873848512384,0,0,4.969849246231155,8.244237447277422,BCAP31
GO_Biological_Process_2023,Negative Regulation Of Osteoclast Differentiation (GO:0045671),1/21,0.1903576498347592,0.2952873848512384,0,0,4.969849246231155,8.244237447277422,FBXW7
GO_Biological_Process_2023,Negative Regulation Of Reactive Oxygen Species Metabolic Process (GO:2000378),1/21,0.1903576498347592,0.2952873848512384,0,0,4.969849246231155,8.244237447277422,TFAP2A
GO_Biological_Process_2023,Plasma Membrane Repair (GO:0001778),1/21,0.1903576498347592,0.2952873848512384,0,0,4.969849246231155,8.244237447277422,CHMP1B
GO_Biological_Process_2023,Porphyrin-Containing Compound Biosynthetic Process (GO:0006779),1/21,0.1903576498347592,0.2952873848512384,0,0,4.969849246231155,8.244237447277422,TSPO
GO_Biological_Process_2023,Positive Regulation Of G2/M Transition Of Mitotic Cell Cycle (GO:0010971),1/21,0.1903576498347592,0.2952873848512384,0,0,4.969849246231155,8.244237447277422,RAB11A
GO_Biological_Process_2023,Positive Regulation Of Transcription Regulatory Region DNA Binding (GO:2000679),1/21,0.1903576498347592,0.2952873848512384,0,0,4.969849246231155,8.244237447277422,GATA3
GO_Biological_Process_2023,Regulation Of Organelle Assembly (GO:1902115),2/80,0.1906887482391839,0.2952873848512384,0,0,2.554001554001554,4.232268591096898,PLK2;EZR
GO_Biological_Process_2023,Regulation Of Protein Localization To Plasma Membrane (GO:1903076),2/80,0.1906887482391839,0.2952873848512384,0,0,2.554001554001554,4.232268591096898,VAMP8;ARF6
GO_Biological_Process_2023,Response To Type II Interferon (GO:0034341),2/80,0.1906887482391839,0.2952873848512384,0,0,2.554001554001554,4.232268591096898,CD74;HLA-DPA1
GO_Biological_Process_2023,Positive Regulation Of Multicellular Organismal Process (GO:0051240),6/387,0.1923388966485104,0.2975777057577933,0,0,1.5763454825878724,2.598599815651101,GJA1;RGCC;IL18;ENO1;ADRB2;RTN4
GO_Biological_Process_2023,Macromolecule Modification (GO:0043412),2/81,0.1943101337404015,0.2998272604920659,0,0,2.521544559519243,4.131045868969444,SERP1;UBA52
GO_Biological_Process_2023,Negative Regulation Of NF-kappaB Transcription Factor Activity (GO:0032088),2/81,0.1943101337404015,0.2998272604920659,0,0,2.521544559519243,4.131045868969444,PYCARD;KLF4
GO_Biological_Process_2023,Positive Regulation Of Growth (GO:0045927),2/81,0.1943101337404015,0.2998272604920659,0,0,2.521544559519243,4.131045868969444,SFRP2;MFSD2A
GO_Biological_Process_2023,Cellular Response To Lipid (GO:0071396),4/228,0.1950111991581914,0.3005124245783811,0,0,1.783527696793003,2.9155296769838297,PYCARD;ADAM15;PDCD4;RORA
GO_Biological_Process_2023,Positive Regulation Of NF-kappaB Transcription Factor Activity (GO:0051092),3/152,0.1950997857095987,0.3005124245783811,0,0,2.0084148127959662,3.2822401178455567,PYCARD;IL18;CLU
GO_Biological_Process_2023,Positive Regulation Of Tumor Necrosis Factor Superfamily Cytokine Production (GO:1903557),2/82,0.1979403391192459,0.3035412599676339,0,0,2.48989898989899,4.033112516956104,PYCARD;CLU
GO_Biological_Process_2023,Regulation Of Neural Precursor Cell Proliferation (GO:2000177),1/22,0.1984625719282345,0.3035412599676339,0,0,4.732950466618808,7.653913334056085,ID2
GO_Biological_Process_2023,Cellular Response To Cadmium Ion (GO:0071276),1/22,0.1984625719282345,0.3035412599676339,0,0,4.732950466618808,7.653913334056085,MT1X
GO_Biological_Process_2023,Cellular Response To Low-Density Lipoprotein Particle Stimulus (GO:0071404),1/22,0.1984625719282345,0.3035412599676339,0,0,4.732950466618808,7.653913334056085,CD9
GO_Biological_Process_2023,Response To Gamma Radiation (GO:0010332),1/22,0.1984625719282345,0.3035412599676339,0,0,4.732950466618808,7.653913334056085,RPL26
GO_Biological_Process_2023,Dendritic Cell Differentiation (GO:0097028),1/22,0.1984625719282345,0.3035412599676339,0,0,4.732950466618808,7.653913334056085,CLU
GO_Biological_Process_2023,Negative Regulation Of Axonogenesis (GO:0050771),1/22,0.1984625719282345,0.3035412599676339,0,0,4.732950466618808,7.653913334056085,RTN4
GO_Biological_Process_2023,Positive Regulation Of Protein Autophosphorylation (GO:0031954),1/22,0.1984625719282345,0.3035412599676339,0,0,4.732950466618808,7.653913334056085,GPNMB
GO_Biological_Process_2023,Positive Regulation Of Phosphorylation (GO:0042327),4/231,0.2011412103951675,0.307367807449206,0,0,1.7596871347658003,2.822094860805404,EFNA1;CD74;GPNMB;HLA-DRB1
GO_Biological_Process_2023,Positive Regulation Of Proteasomal Ubiquitin-Dependent Protein Catabolic Process (GO:0032436),2/83,0.2015788294152306,0.3074961266255141,0,0,2.4590347923681257,3.938328060173813,BCAP31;CLU
GO_Biological_Process_2023,Positive Regulation Of Ubiquitin-Dependent Protein Catabolic Process (GO:2000060),2/83,0.2015788294152306,0.3074961266255141,0,0,2.4590347923681257,3.938328060173813,FBXW7;CLU
GO_Biological_Process_2023,Cellular Response To Growth Factor Stimulus (GO:0071363),3/155,0.2027633389651177,0.3090319425594564,0,0,1.9684744857066525,3.141125834684901,ANXA1;KLF4;ZFP36L2
GO_Biological_Process_2023,Positive Regulation Of Protein Ubiquitination (GO:0031398),2/84,0.2052250792916977,0.3100867685086416,0,0,2.4289233801428924,3.84655954231675,NDFIP2;FBXW7
GO_Biological_Process_2023,Purine Ribonucleotide Metabolic Process (GO:0009150),2/84,0.2052250792916977,0.3100867685086416,0,0,2.4289233801428924,3.84655954231675,EFNA1;HINT1
GO_Biological_Process_2023,Regulation Of Centrosome Cycle (GO:0046605),1/23,0.2064867613185778,0.3100867685086416,0,0,4.517587939698492,7.126580711797677,CHMP1B
GO_Biological_Process_2023,Regulation Of Cholesterol Transport (GO:0032374),1/23,0.2064867613185778,0.3100867685086416,0,0,4.517587939698492,7.126580711797677,TSPO
GO_Biological_Process_2023,"Regulation Of Nuclear-Transcribed mRNA Catabolic Process, Deadenylation-Dependent Decay (GO:1900151)",1/23,0.2064867613185778,0.3100867685086416,0,0,4.517587939698492,7.126580711797677,ZFP36L2
GO_Biological_Process_2023,Cellular Lipid Catabolic Process (GO:0044242),1/23,0.2064867613185778,0.3100867685086416,0,0,4.517587939698492,7.126580711797677,MGST2
GO_Biological_Process_2023,Cholesterol Efflux (GO:0033344),1/23,0.2064867613185778,0.3100867685086416,0,0,4.517587939698492,7.126580711797677,NPC2
GO_Biological_Process_2023,Entrainment Of Circadian Clock By Photoperiod (GO:0043153),1/23,0.2064867613185778,0.3100867685086416,0,0,4.517587939698492,7.126580711797677,ID2
GO_Biological_Process_2023,Long-Chain Fatty Acid Transport (GO:0015909),1/23,0.2064867613185778,0.3100867685086416,0,0,4.517587939698492,7.126580711797677,MFSD2A
GO_Biological_Process_2023,Lymphocyte Activation Involved In Immune Response (GO:0002285),1/23,0.2064867613185778,0.3100867685086416,0,0,4.517587939698492,7.126580711797677,CD74
GO_Biological_Process_2023,Negative Regulation Of Lymphocyte Activation (GO:0051250),1/23,0.2064867613185778,0.3100867685086416,0,0,4.517587939698492,7.126580711797677,GPNMB
GO_Biological_Process_2023,Nuclear Membrane Reassembly (GO:0031468),1/23,0.2064867613185778,0.3100867685086416,0,0,4.517587939698492,7.126580711797677,CHMP1B
GO_Biological_Process_2023,Positive Regulation Of Morphogenesis Of An Epithelium (GO:1905332),1/23,0.2064867613185778,0.3100867685086416,0,0,4.517587939698492,7.126580711797677,GJA1
GO_Biological_Process_2023,Positive Regulation Of Neutrophil Migration (GO:1902624),1/23,0.2064867613185778,0.3100867685086416,0,0,4.517587939698492,7.126580711797677,CD74
GO_Biological_Process_2023,Positive Regulation Of Protein Targeting To Membrane (GO:0090314),1/23,0.2064867613185778,0.3100867685086416,0,0,4.517587939698492,7.126580711797677,PRNP
GO_Biological_Process_2023,Potassium Ion Homeostasis (GO:0055075),1/23,0.2064867613185778,0.3100867685086416,0,0,4.517587939698492,7.126580711797677,ATP1B3
GO_Biological_Process_2023,Protein Localization To Cell Junction (GO:1902414),1/23,0.2064867613185778,0.3100867685086416,0,0,4.517587939698492,7.126580711797677,DSP
GO_Biological_Process_2023,Response To Interleukin-1 (GO:0070555),2/85,0.2088785730572049,0.3123300417424586,0,0,2.3995375441158573,3.7576810395091074,PYCARD;ANXA1
GO_Biological_Process_2023,Defense Response To Gram-positive Bacterium (GO:0050830),2/85,0.2088785730572049,0.3123300417424586,0,0,2.3995375441158573,3.7576810395091074,IL18;DEFB1
GO_Biological_Process_2023,Integrin-Mediated Signaling Pathway (GO:0007229),2/85,0.2088785730572049,0.3123300417424586,0,0,2.3995375441158573,3.7576810395091074,ADAM15;FBLN1
GO_Biological_Process_2023,Mitotic Spindle Organization (GO:0007052),2/85,0.2088785730572049,0.3123300417424586,0,0,2.3995375441158573,3.7576810395091074,PLK2;RAB11A
GO_Biological_Process_2023,Positive Regulation Of Canonical Wnt Signaling Pathway (GO:0090263),2/85,0.2088785730572049,0.3123300417424586,0,0,2.3995375441158573,3.7576810395091074,SFRP2;JUP
GO_Biological_Process_2023,Regulation Of DNA-templated Transcription (GO:0006355),23/1922,0.2109132016673092,0.3141495709205261,0,0,1.224917664069403,1.9063498907749037,TFAP2A;CD74;EHF;CRABP2;HMGA1;RORA;ENO1;GATA3;OVOL1;KLF4;ZFP36L2;ETS2;HINT1;SFRP2;KLF5;ZNF706;SOX15;SUB1;ID2;ID1;PDCD4;IRF6;HLA-DRB1
GO_Biological_Process_2023,Exocytosis (GO:0006887),2/86,0.2125388044387241,0.3141495709205261,0,0,2.370851370851371,3.671573213687656,RAB25;RAB11A
GO_Biological_Process_2023,Negative Regulation Of Angiogenesis (GO:0016525),2/86,0.2125388044387241,0.3141495709205261,0,0,2.370851370851371,3.671573213687656,RGCC;KLF4
GO_Biological_Process_2023,Negative Regulation Of Binding (GO:0051100),2/86,0.2125388044387241,0.3141495709205261,0,0,2.370851370851371,3.671573213687656,SLPI;CTNNBIP1
GO_Biological_Process_2023,Regulation Of Cysteine-Type Endopeptidase Activity (GO:2000116),1/24,0.2144310182188985,0.3141495709205261,0,0,4.320952589032117,6.653261007649563,PYCARD
GO_Biological_Process_2023,Regulation Of Cytoplasmic Translation (GO:2000765),1/24,0.2144310182188985,0.3141495709205261,0,0,4.320952589032117,6.653261007649563,PKM
GO_Biological_Process_2023,ERK1 And ERK2 Cascade (GO:0070371),1/24,0.2144310182188985,0.3141495709205261,0,0,4.320952589032117,6.653261007649563,ZFP36L2
GO_Biological_Process_2023,Regulation Of Endoplasmic Reticulum Stress-Induced Intrinsic Apoptotic Signaling Pathway (GO:1902235),1/24,0.2144310182188985,0.3141495709205261,0,0,4.320952589032117,6.653261007649563,PMAIP1
GO_Biological_Process_2023,Regulation Of Heterotypic Cell-Cell Adhesion (GO:0034114),1/24,0.2144310182188985,0.3141495709205261,0,0,4.320952589032117,6.653261007649563,KLF4
GO_Biological_Process_2023,Regulation Of Muscle Cell Differentiation (GO:0051147),1/24,0.2144310182188985,0.3141495709205261,0,0,4.320952589032117,6.653261007649563,ID2
GO_Biological_Process_2023,Regulation Of Proteolysis Involved In Protein Catabolic Process (GO:1903050),1/24,0.2144310182188985,0.3141495709205261,0,0,4.320952589032117,6.653261007649563,EFNA1
GO_Biological_Process_2023,Cell Morphogenesis Involved In Differentiation (GO:0000904),1/24,0.2144310182188985,0.3141495709205261,0,0,4.320952589032117,6.653261007649563,RAB25
GO_Biological_Process_2023,Response To Purine-Containing Compound (GO:0014074),1/24,0.2144310182188985,0.3141495709205261,0,0,4.320952589032117,6.653261007649563,CLU
GO_Biological_Process_2023,Dicarboxylic Acid Transport (GO:0006835),1/24,0.2144310182188985,0.3141495709205261,0,0,4.320952589032117,6.653261007649563,GJA1
GO_Biological_Process_2023,Ear Morphogenesis (GO:0042471),1/24,0.2144310182188985,0.3141495709205261,0,0,4.320952589032117,6.653261007649563,TFAP2A
GO_Biological_Process_2023,Early Endosome To Late Endosome Transport (GO:0045022),1/24,0.2144310182188985,0.3141495709205261,0,0,4.320952589032117,6.653261007649563,EMP2
GO_Biological_Process_2023,Endosome Transport Via Multivesicular Body Sorting Pathway (GO:0032509),1/24,0.2144310182188985,0.3141495709205261,0,0,4.320952589032117,6.653261007649563,CHMP1B
GO_Biological_Process_2023,Multivesicular Body Sorting Pathway (GO:0071985),1/24,0.2144310182188985,0.3141495709205261,0,0,4.320952589032117,6.653261007649563,CHMP1B
GO_Biological_Process_2023,Negative Regulation Of Cell Junction Assembly (GO:1901889),1/24,0.2144310182188985,0.3141495709205261,0,0,4.320952589032117,6.653261007649563,APOD
GO_Biological_Process_2023,Photoperiodism (GO:0009648),1/24,0.2144310182188985,0.3141495709205261,0,0,4.320952589032117,6.653261007649563,ID2
GO_Biological_Process_2023,Positive Regulation Of ERBB Signaling Pathway (GO:1901186),1/24,0.2144310182188985,0.3141495709205261,0,0,4.320952589032117,6.653261007649563,RTN4
GO_Biological_Process_2023,Positive Regulation Of Cell Cycle G2/M Phase Transition (GO:1902751),1/24,0.2144310182188985,0.3141495709205261,0,0,4.320952589032117,6.653261007649563,RAB11A
GO_Biological_Process_2023,Positive Regulation Of Interleukin-17 Production (GO:0032740),1/24,0.2144310182188985,0.3141495709205261,0,0,4.320952589032117,6.653261007649563,IL18
GO_Biological_Process_2023,Positive Regulation Of Vascular Endothelial Growth Factor Production (GO:0010575),1/24,0.2144310182188985,0.3141495709205261,0,0,4.320952589032117,6.653261007649563,RORA
GO_Biological_Process_2023,Regulation Of Endothelial Cell Migration (GO:0010594),2/88,0.2198775013707891,0.3166035859914331,0,0,2.315480385247827,3.5072227118932733,EMP2;GATA3
GO_Biological_Process_2023,Negative Regulation Of Neuron Death (GO:1901215),2/88,0.2198775013707891,0.3166035859914331,0,0,2.315480385247827,3.5072227118932733,GPNMB;CLU
GO_Biological_Process_2023,Negative Regulation Of Protein Kinase Activity (GO:0006469),2/88,0.2198775013707891,0.3166035859914331,0,0,2.315480385247827,3.5072227118932733,PYCARD;SFN
GO_Biological_Process_2023,Positive Regulation Of Cell Adhesion (GO:0045785),2/88,0.2198775013707891,0.3166035859914331,0,0,2.315480385247827,3.5072227118932733,SFRP2;FBLN2
GO_Biological_Process_2023,Positive Regulation Of Plasma Membrane Bounded Cell Projection Assembly (GO:0120034),2/88,0.2198775013707891,0.3166035859914331,0,0,2.315480385247827,3.5072227118932733,ARPC2;FSCN1
GO_Biological_Process_2023,Regulation Of Transcription By RNA Polymerase II (GO:0006357),24/2028,0.2202263279945678,0.3166035859914331,0,0,1.2109417528579205,1.832275358154012,TFAP2A;EHF;ANXA2;JUP;IL18;HMGA1;RORA;ENO1;GATA3;OVOL1;KLF4;ETS2;EFNA1;RPS14;SFRP2;RGCC;KLF5;SOX15;SUB1;ID2;ID1;IRF6;EZR;S100A10
GO_Biological_Process_2023,Mitochondrion Organization (GO:0007005),3/162,0.2209064137985626,0.3166035859914331,0,0,1.8811416530983625,2.8405542467562497,BCAP31;CXADR;TSPO
GO_Biological_Process_2023,Activation Of Protein Kinase B Activity (GO:0032148),1/25,0.2222961348450487,0.3166035859914331,0,0,4.14070351758794,6.226561570384656,IL18
GO_Biological_Process_2023,Regulation Of Monocyte Chemotaxis (GO:0090025),1/25,0.2222961348450487,0.3166035859914331,0,0,4.14070351758794,6.226561570384656,S100A14
GO_Biological_Process_2023,Regulation Of Neutrophil Chemotaxis (GO:0090022),1/25,0.2222961348450487,0.3166035859914331,0,0,4.14070351758794,6.226561570384656,CD74
GO_Biological_Process_2023,Regulation Of Platelet Aggregation (GO:0090330),1/25,0.2222961348450487,0.3166035859914331,0,0,4.14070351758794,6.226561570384656,CD9
GO_Biological_Process_2023,Cardiac Conduction System Development (GO:0003161),1/25,0.2222961348450487,0.3166035859914331,0,0,4.14070351758794,6.226561570384656,GJA1
GO_Biological_Process_2023,Regulation Of Protein Processing (GO:0070613),1/25,0.2222961348450487,0.3166035859914331,0,0,4.14070351758794,6.226561570384656,PRNP
GO_Biological_Process_2023,Response To dsRNA (GO:0043331),1/25,0.2222961348450487,0.3166035859914331,0,0,4.14070351758794,6.226561570384656,PMAIP1
GO_Biological_Process_2023,Response To Zinc Ion (GO:0010043),1/25,0.2222961348450487,0.3166035859914331,0,0,4.14070351758794,6.226561570384656,MT1X
GO_Biological_Process_2023,Sodium Ion Homeostasis (GO:0055078),1/25,0.2222961348450487,0.3166035859914331,0,0,4.14070351758794,6.226561570384656,ATP1B3
GO_Biological_Process_2023,Sterol Transport (GO:0015918),1/25,0.2222961348450487,0.3166035859914331,0,0,4.14070351758794,6.226561570384656,NPC2
GO_Biological_Process_2023,Ventricular Cardiac Muscle Tissue Development (GO:0003229),1/25,0.2222961348450487,0.3166035859914331,0,0,4.14070351758794,6.226561570384656,ID2
GO_Biological_Process_2023,Vesicle-Mediated Transport Between Endosomal Compartments (GO:0098927),1/25,0.2222961348450487,0.3166035859914331,0,0,4.14070351758794,6.226561570384656,EMP2
GO_Biological_Process_2023,Inner Ear Morphogenesis (GO:0042472),1/25,0.2222961348450487,0.3166035859914331,0,0,4.14070351758794,6.226561570384656,TFAP2A
GO_Biological_Process_2023,Negative Regulation Of Intracellular Protein Transport (GO:0090317),1/25,0.2222961348450487,0.3166035859914331,0,0,4.14070351758794,6.226561570384656,APOD
GO_Biological_Process_2023,Negative Regulation Of Lipid Biosynthetic Process (GO:0051055),1/25,0.2222961348450487,0.3166035859914331,0,0,4.14070351758794,6.226561570384656,FBXW7
GO_Biological_Process_2023,Negative Regulation Of Protein Transport (GO:0051224),1/25,0.2222961348450487,0.3166035859914331,0,0,4.14070351758794,6.226561570384656,NDFIP2
GO_Biological_Process_2023,Negative Regulation Of Proteolysis Involved In Protein Catabolic Process (GO:1903051),1/25,0.2222961348450487,0.3166035859914331,0,0,4.14070351758794,6.226561570384656,EFNA1
GO_Biological_Process_2023,Negative Regulation Of Response To Endoplasmic Reticulum Stress (GO:1903573),1/25,0.2222961348450487,0.3166035859914331,0,0,4.14070351758794,6.226561570384656,CLU
GO_Biological_Process_2023,Negative Regulation Of Stress Fiber Assembly (GO:0051497),1/25,0.2222961348450487,0.3166035859914331,0,0,4.14070351758794,6.226561570384656,TACSTD2
GO_Biological_Process_2023,Organophosphate Ester Transport (GO:0015748),1/25,0.2222961348450487,0.3166035859914331,0,0,4.14070351758794,6.226561570384656,NPC2
GO_Biological_Process_2023,Peptide Hormone Secretion (GO:0030072),1/25,0.2222961348450487,0.3166035859914331,0,0,4.14070351758794,6.226561570384656,ANXA1
GO_Biological_Process_2023,Positive Regulation Of T Cell Migration (GO:2000406),1/25,0.2222961348450487,0.3166035859914331,0,0,4.14070351758794,6.226561570384656,PYCARD
GO_Biological_Process_2023,Positive Regulation Of Interleukin-2 Production (GO:0032743),1/25,0.2222961348450487,0.3166035859914331,0,0,4.14070351758794,6.226561570384656,PNP
GO_Biological_Process_2023,Positive Regulation Of Peptidase Activity (GO:0010952),1/25,0.2222961348450487,0.3166035859914331,0,0,4.14070351758794,6.226561570384656,CLDN4
GO_Biological_Process_2023,Regulation Of B Cell Activation (GO:0050864),1/25,0.2222961348450487,0.3166035859914331,0,0,4.14070351758794,6.226561570384656,ZFP36L2
GO_Biological_Process_2023,Regulation Of Cell Cycle Phase Transition (GO:1901987),1/25,0.2222961348450487,0.3166035859914331,0,0,4.14070351758794,6.226561570384656,FBXW7
GO_Biological_Process_2023,Regulation Of Cell Size (GO:0008361),1/25,0.2222961348450487,0.3166035859914331,0,0,4.14070351758794,6.226561570384656,EZR
GO_Biological_Process_2023,Regulation Of Vesicle-Mediated Transport (GO:0060627),2/89,0.2235550003741977,0.3178758345467946,0,0,2.2887495646116336,3.428770706989903,RAB25;RAB11A
GO_Biological_Process_2023,Sodium Ion Transport (GO:0006814),2/89,0.2235550003741977,0.3178758345467946,0,0,2.2887495646116336,3.428770706989903,ATP1B3;SGK1
GO_Biological_Process_2023,Positive Regulation Of Proteasomal Protein Catabolic Process (GO:1901800),2/90,0.2272373036176318,0.3226727061844365,0,0,2.2626262626262625,3.352670034774279,FBXW7;CLU
GO_Biological_Process_2023,Regulation Of Keratinocyte Differentiation (GO:0045616),1/26,0.2300828957266827,0.3226727061844365,0,0,3.974874371859297,5.840344997302112,AQP3
GO_Biological_Process_2023,Acute Inflammatory Response (GO:0002526),1/26,0.2300828957266827,0.3226727061844365,0,0,3.974874371859297,5.840344997302112,CTNNBIP1
GO_Biological_Process_2023,cAMP-mediated Signaling (GO:0019933),1/26,0.2300828957266827,0.3226727061844365,0,0,3.974874371859297,5.840344997302112,DEFB1
GO_Biological_Process_2023,Regulation Of Potassium Ion Transmembrane Transporter Activity (GO:1901016),1/26,0.2300828957266827,0.3226727061844365,0,0,3.974874371859297,5.840344997302112,ATP1B3
GO_Biological_Process_2023,Cardiac Muscle Cell Development (GO:0055013),1/26,0.2300828957266827,0.3226727061844365,0,0,3.974874371859297,5.840344997302112,CXADR
GO_Biological_Process_2023,Regulation Of Transcription By RNA Polymerase III (GO:0006359),1/26,0.2300828957266827,0.3226727061844365,0,0,3.974874371859297,5.840344997302112,ZFP36L2
GO_Biological_Process_2023,Regulation Of Vascular Endothelial Growth Factor Production (GO:0010574),1/26,0.2300828957266827,0.3226727061844365,0,0,3.974874371859297,5.840344997302112,RORA
GO_Biological_Process_2023,Dendritic Spine Organization (GO:0097061),1/26,0.2300828957266827,0.3226727061844365,0,0,3.974874371859297,5.840344997302112,PRNP
GO_Biological_Process_2023,Establishment Or Maintenance Of Apical/Basal Cell Polarity (GO:0035088),1/26,0.2300828957266827,0.3226727061844365,0,0,3.974874371859297,5.840344997302112,FSCN1
GO_Biological_Process_2023,Negative Regulation Of Endothelial Cell Apoptotic Process (GO:2000352),1/26,0.2300828957266827,0.3226727061844365,0,0,3.974874371859297,5.840344997302112,GATA3
GO_Biological_Process_2023,Negative Regulation Of Lipid Metabolic Process (GO:0045833),1/26,0.2300828957266827,0.3226727061844365,0,0,3.974874371859297,5.840344997302112,APOD
GO_Biological_Process_2023,Nuclear Membrane Organization (GO:0071763),1/26,0.2300828957266827,0.3226727061844365,0,0,3.974874371859297,5.840344997302112,CHMP1B
GO_Biological_Process_2023,Organelle Membrane Fusion (GO:0090174),1/26,0.2300828957266827,0.3226727061844365,0,0,3.974874371859297,5.840344997302112,VAMP8
GO_Biological_Process_2023,Positive Regulation Of Adenylate Cyclase Activity (GO:0045762),1/26,0.2300828957266827,0.3226727061844365,0,0,3.974874371859297,5.840344997302112,ADRB2
GO_Biological_Process_2023,Positive Regulation Of Nuclear Division (GO:0051785),1/26,0.2300828957266827,0.3226727061844365,0,0,3.974874371859297,5.840344997302112,RGCC
GO_Biological_Process_2023,Protein Targeting To Lysosome (GO:0006622),1/26,0.2300828957266827,0.3226727061844365,0,0,3.974874371859297,5.840344997302112,CLU
GO_Biological_Process_2023,T Cell Activation Involved In Immune Response (GO:0002286),1/27,0.2377920775242915,0.3300242799798428,0,0,3.821801314263626,5.489477227235043,CD74
GO_Biological_Process_2023,Regulation Of Insulin Secretion Involved In Cellular Response To Glucose Stimulus (GO:0061178),1/27,0.2377920775242915,0.3300242799798428,0,0,3.821801314263626,5.489477227235043,HLA-DRB1
GO_Biological_Process_2023,Cardiac Muscle Cell Differentiation (GO:0055007),1/27,0.2377920775242915,0.3300242799798428,0,0,3.821801314263626,5.489477227235043,CXADR
GO_Biological_Process_2023,Cellular Response To Epidermal Growth Factor Stimulus (GO:0071364),1/27,0.2377920775242915,0.3300242799798428,0,0,3.821801314263626,5.489477227235043,ZFP36L2
GO_Biological_Process_2023,Regulation Of Transcription Regulatory Region DNA Binding (GO:2000677),1/27,0.2377920775242915,0.3300242799798428,0,0,3.821801314263626,5.489477227235043,GATA3
GO_Biological_Process_2023,Clathrin-Dependent Endocytosis (GO:0072583),1/27,0.2377920775242915,0.3300242799798428,0,0,3.821801314263626,5.489477227235043,CLTB
GO_Biological_Process_2023,Cortical Cytoskeleton Organization (GO:0030865),1/27,0.2377920775242915,0.3300242799798428,0,0,3.821801314263626,5.489477227235043,EZR
GO_Biological_Process_2023,Myeloid Cell Development (GO:0061515),1/27,0.2377920775242915,0.3300242799798428,0,0,3.821801314263626,5.489477227235043,ANXA2
GO_Biological_Process_2023,Negative Regulation Of Notch Signaling Pathway (GO:0045746),1/27,0.2377920775242915,0.3300242799798428,0,0,3.821801314263626,5.489477227235043,FBXW7
GO_Biological_Process_2023,Positive Regulation Of Cytosolic Calcium Ion Concentration Involved In Phospholipase C-activating G Protein-Coupled Signaling Pathway (GO:0051482),1/27,0.2377920775242915,0.3300242799798428,0,0,3.821801314263626,5.489477227235043,LPAR6
GO_Biological_Process_2023,Positive Regulation Of Filopodium Assembly (GO:0051491),1/27,0.2377920775242915,0.3300242799798428,0,0,3.821801314263626,5.489477227235043,FSCN1
GO_Biological_Process_2023,Positive Regulation Of Immune System Process (GO:0002684),1/27,0.2377920775242915,0.3300242799798428,0,0,3.821801314263626,5.489477227235043,AQP3
GO_Biological_Process_2023,Positive Regulation Of Ubiquitin-Protein Transferase Activity (GO:0051443),1/27,0.2377920775242915,0.3300242799798428,0,0,3.821801314263626,5.489477227235043,FBXW7
GO_Biological_Process_2023,Heart Development (GO:0007507),3/171,0.2446846414909542,0.3360575727297215,0,0,1.779550398839739,2.5052244919637907,GJA1;CXADR;ID2
GO_Biological_Process_2023,Metal Ion Transport (GO:0030001),3/171,0.2446846414909542,0.3360575727297215,0,0,1.779550398839739,2.5052244919637907,NDFIP2;SGK1;CLU
GO_Biological_Process_2023,Golgi To Plasma Membrane Protein Transport (GO:0043001),1/28,0.2454244493195781,0.3360575727297215,0,0,3.680067001675042,5.169633447658624,GOLGA4
GO_Biological_Process_2023,Apoptotic Cell Clearance (GO:0043277),1/28,0.2454244493195781,0.3360575727297215,0,0,3.680067001675042,5.169633447658624,ANXA1
GO_Biological_Process_2023,Regulation Of Protein Localization To Membrane (GO:1905475),1/28,0.2454244493195781,0.3360575727297215,0,0,3.680067001675042,5.169633447658624,VAMP8
GO_Biological_Process_2023,Regulation Of Protein Targeting To Membrane (GO:0090313),1/28,0.2454244493195781,0.3360575727297215,0,0,3.680067001675042,5.169633447658624,PRNP
GO_Biological_Process_2023,Regulation Of Protein Transport (GO:0051223),1/28,0.2454244493195781,0.3360575727297215,0,0,3.680067001675042,5.169633447658624,NDFIP2
GO_Biological_Process_2023,Cell-Substrate Junction Assembly (GO:0007044),1/28,0.2454244493195781,0.3360575727297215,0,0,3.680067001675042,5.169633447658624,COL17A1
GO_Biological_Process_2023,Regulation Of Sodium Ion Transmembrane Transport (GO:1902305),1/28,0.2454244493195781,0.3360575727297215,0,0,3.680067001675042,5.169633447658624,FXYD3
GO_Biological_Process_2023,Cellular Response To Osmotic Stress (GO:0071470),1/28,0.2454244493195781,0.3360575727297215,0,0,3.680067001675042,5.169633447658624,PYCARD
GO_Biological_Process_2023,Diterpenoid Metabolic Process (GO:0016101),1/28,0.2454244493195781,0.3360575727297215,0,0,3.680067001675042,5.169633447658624,ALDH3A2
GO_Biological_Process_2023,Establishment Of Endothelial Barrier (GO:0061028),1/28,0.2454244493195781,0.3360575727297215,0,0,3.680067001675042,5.169633447658624,EZR
GO_Biological_Process_2023,Mucosal Immune Response (GO:0002385),1/28,0.2454244493195781,0.3360575727297215,0,0,3.680067001675042,5.169633447658624,DEFB1
GO_Biological_Process_2023,Negative Regulation Of Actin Filament Bundle Assembly (GO:0032232),1/28,0.2454244493195781,0.3360575727297215,0,0,3.680067001675042,5.169633447658624,TACSTD2
GO_Biological_Process_2023,Positive Regulation Of Fibroblast Proliferation (GO:0048146),1/28,0.2454244493195781,0.3360575727297215,0,0,3.680067001675042,5.169633447658624,CD74
GO_Biological_Process_2023,Positive Regulation Of Protein Import Into Nucleus (GO:0042307),1/28,0.2454244493195781,0.3360575727297215,0,0,3.680067001675042,5.169633447658624,JUP
GO_Biological_Process_2023,Pyroptosis (GO:0070269),1/28,0.2454244493195781,0.3360575727297215,0,0,3.680067001675042,5.169633447658624,PYCARD
GO_Biological_Process_2023,Regulation Of Macroautophagy (GO:0016241),2/96,0.2494067909928498,0.3407057419768781,0,0,2.117558564367075,2.9405900871231445,ATP6V0B;ATP6V0E1
GO_Biological_Process_2023,Regulation Of Protein Metabolic Process (GO:0051246),2/96,0.2494067909928498,0.3407057419768781,0,0,2.117558564367075,2.9405900871231445,PKP3;KLF4
GO_Biological_Process_2023,Cellular Response To Transforming Growth Factor Beta Stimulus (GO:0071560),2/96,0.2494067909928498,0.3407057419768781,0,0,2.117558564367075,2.9405900871231445,ID1;ZFP36L2
GO_Biological_Process_2023,Regulation Of Developmental Growth (GO:0048638),1/29,0.252980772589684,0.3434297919855272,0,0,3.548456568557071,4.877147000705543,MFSD2A
GO_Biological_Process_2023,RNA Biosynthetic Process (GO:0032774),1/29,0.252980772589684,0.3434297919855272,0,0,3.548456568557071,4.877147000705543,ZFP36L2
GO_Biological_Process_2023,TOR Signaling (GO:0031929),1/29,0.252980772589684,0.3434297919855272,0,0,3.548456568557071,4.877147000705543,GATA3
GO_Biological_Process_2023,Regulation Of Muscle Contraction (GO:0006937),1/29,0.252980772589684,0.3434297919855272,0,0,3.548456568557071,4.877147000705543,ENO1
GO_Biological_Process_2023,Regulation Of Spindle Assembly (GO:0090169),1/29,0.252980772589684,0.3434297919855272,0,0,3.548456568557071,4.877147000705543,CHMP1B
GO_Biological_Process_2023,Establishment Of Mitotic Spindle Orientation (GO:0000132),1/29,0.252980772589684,0.3434297919855272,0,0,3.548456568557071,4.877147000705543,GJA1
GO_Biological_Process_2023,Negative Regulation Of Plasma Membrane Bounded Cell Projection Assembly (GO:0120033),1/29,0.252980772589684,0.3434297919855272,0,0,3.548456568557071,4.877147000705543,TACSTD2
GO_Biological_Process_2023,Positive Regulation Of B Cell Proliferation (GO:0030890),1/29,0.252980772589684,0.3434297919855272,0,0,3.548456568557071,4.877147000705543,CD74
GO_Biological_Process_2023,MAPK Cascade (GO:0000165),2/98,0.2568151396703299,0.3483631262766799,0,0,2.073232323232323,2.818349436543183,IL18;ZFP36L2
GO_Biological_Process_2023,Regulation Of Dendritic Spine Morphogenesis (GO:0061001),1/30,0.2604618012849767,0.3501127695611328,0,0,3.425922717033443,4.608890626901229,EFNA1
GO_Biological_Process_2023,Regulation Of Macrophage Derived Foam Cell Differentiation (GO:0010743),1/30,0.2604618012849767,0.3501127695611328,0,0,3.425922717033443,4.608890626901229,IL18
GO_Biological_Process_2023,Cardiac Muscle Cell Action Potential Involved In Contraction (GO:0086002),1/30,0.2604618012849767,0.3501127695611328,0,0,3.425922717033443,4.608890626901229,GJA1
GO_Biological_Process_2023,Response To Epidermal Growth Factor (GO:0070849),1/30,0.2604618012849767,0.3501127695611328,0,0,3.425922717033443,4.608890626901229,ZFP36L2
GO_Biological_Process_2023,Embryonic Skeletal System Morphogenesis (GO:0048704),1/30,0.2604618012849767,0.3501127695611328,0,0,3.425922717033443,4.608890626901229,TFAP2A
GO_Biological_Process_2023,Negative Regulation Of Axon Extension (GO:0030517),1/30,0.2604618012849767,0.3501127695611328,0,0,3.425922717033443,4.608890626901229,RTN4
GO_Biological_Process_2023,Negative Regulation Of Peptidyl-Tyrosine Phosphorylation (GO:0050732),1/30,0.2604618012849767,0.3501127695611328,0,0,3.425922717033443,4.608890626901229,SFRP2
GO_Biological_Process_2023,Positive Regulation Of Cell Communication (GO:0010647),1/30,0.2604618012849767,0.3501127695611328,0,0,3.425922717033443,4.608890626901229,GATA3
GO_Biological_Process_2023,Positive Regulation Of Interleukin-10 Production (GO:0032733),1/30,0.2604618012849767,0.3501127695611328,0,0,3.425922717033443,4.608890626901229,PYCARD
GO_Biological_Process_2023,Positive Regulation Of Protein Targeting To Mitochondrion (GO:1903955),1/30,0.2604618012849767,0.3501127695611328,0,0,3.425922717033443,4.608890626901229,FBXW7
GO_Biological_Process_2023,Axon Development (GO:0061564),2/99,0.2605209452628556,0.3501127695611328,0,0,2.0517546600020826,2.7597577787968723,BAIAP2;RTN4
GO_Biological_Process_2023,Cellular Response To Insulin Stimulus (GO:0032869),2/99,0.2605209452628556,0.3501127695611328,0,0,2.0517546600020826,2.7597577787968723,PKM;BAIAP2
GO_Biological_Process_2023,Regulation Of Extrinsic Apoptotic Signaling Pathway Via Death Domain Receptors (GO:1902041),1/31,0.2678682819607093,0.35649351102721,0,0,3.3115577889447234,4.362182296847866,PMAIP1
GO_Biological_Process_2023,Regulation Of Long-Term Synaptic Potentiation (GO:1900271),1/31,0.2678682819607093,0.35649351102721,0,0,3.3115577889447234,4.362182296847866,NSG1
GO_Biological_Process_2023,Regulation Of Macrophage Activation (GO:0043030),1/31,0.2678682819607093,0.35649351102721,0,0,3.3115577889447234,4.362182296847866,CD74
GO_Biological_Process_2023,Regulation Of Protein Autophosphorylation (GO:0031952),1/31,0.2678682819607093,0.35649351102721,0,0,3.3115577889447234,4.362182296847866,GPNMB
GO_Biological_Process_2023,Regulation Of Response To Biotic Stimulus (GO:0002831),1/31,0.2678682819607093,0.35649351102721,0,0,3.3115577889447234,4.362182296847866,CD55
GO_Biological_Process_2023,Cellular Response To cAMP (GO:0071320),1/31,0.2678682819607093,0.35649351102721,0,0,3.3115577889447234,4.362182296847866,EZR
GO_Biological_Process_2023,Endodermal Cell Differentiation (GO:0035987),1/31,0.2678682819607093,0.35649351102721,0,0,3.3115577889447234,4.362182296847866,MMP2
GO_Biological_Process_2023,Leukocyte Cell-Cell Adhesion (GO:0007159),1/31,0.2678682819607093,0.35649351102721,0,0,3.3115577889447234,4.362182296847866,EZR
GO_Biological_Process_2023,Negative Regulation Of Developmental Growth (GO:0048640),1/31,0.2678682819607093,0.35649351102721,0,0,3.3115577889447234,4.362182296847866,RTN4
GO_Biological_Process_2023,Phospholipid Translocation (GO:0045332),1/31,0.2678682819607093,0.35649351102721,0,0,3.3115577889447234,4.362182296847866,MFSD2A
GO_Biological_Process_2023,Positive Regulation Of Rho Protein Signal Transduction (GO:0035025),1/31,0.2678682819607093,0.35649351102721,0,0,3.3115577889447234,4.362182296847866,LPAR6
GO_Biological_Process_2023,Positive Regulation Of Mononuclear Cell Migration (GO:0071677),1/31,0.2678682819607093,0.35649351102721,0,0,3.3115577889447234,4.362182296847866,S100A14
GO_Biological_Process_2023,Hemopoiesis (GO:0030097),2/101,0.2679338809157927,0.35649351102721,0,0,2.01010101010101,2.647333266062948,SFRP2;ZFP36L2
GO_Biological_Process_2023,Endosomal Transport (GO:0016197),3/180,0.2688479130500232,0.3574361779770568,0,0,1.688290458573518,2.2177542809123287,CHMP1B;NSG1;ARF6
GO_Biological_Process_2023,Protein Catabolic Process (GO:0030163),2/102,0.2716402584331571,0.3608727344654394,0,0,1.9898989898989896,2.593388923930461,PMAIP1;CTSB
GO_Biological_Process_2023,Amide Transport (GO:0042886),1/32,0.2752009537742224,0.3635739135973646,0,0,3.204571243313341,4.1347099266061775,GJA1
GO_Biological_Process_2023,Regulation Of Ubiquitin-Protein Transferase Activity (GO:0051438),1/32,0.2752009537742224,0.3635739135973646,0,0,3.204571243313341,4.1347099266061775,FBXW7
GO_Biological_Process_2023,Gluconeogenesis (GO:0006094),1/32,0.2752009537742224,0.3635739135973646,0,0,3.204571243313341,4.1347099266061775,ENO1
GO_Biological_Process_2023,Vesicle Budding From Membrane (GO:0006900),1/32,0.2752009537742224,0.3635739135973646,0,0,3.204571243313341,4.1347099266061775,S100A10
GO_Biological_Process_2023,Mitochondrial Membrane Organization (GO:0007006),1/32,0.2752009537742224,0.3635739135973646,0,0,3.204571243313341,4.1347099266061775,PMAIP1
GO_Biological_Process_2023,Phosphatidylinositol 3-Kinase Signaling (GO:0014065),1/32,0.2752009537742224,0.3635739135973646,0,0,3.204571243313341,4.1347099266061775,GATA3
GO_Biological_Process_2023,Purine Ribonucleoside Triphosphate Metabolic Process (GO:0009205),1/32,0.2752009537742224,0.3635739135973646,0,0,3.204571243313341,4.1347099266061775,EFNA1
GO_Biological_Process_2023,Inorganic Cation Import Across Plasma Membrane (GO:0098659),2/103,0.2753460863759224,0.3635739135973646,0,0,1.97009700970097,2.5408862749711147,ATP1B3;CLU
GO_Biological_Process_2023,Macroautophagy (GO:0016236),2/104,0.2790510068326582,0.3679072789097746,0,0,1.95068330362448,2.4897754945672688,VAMP8;CHMP1B
GO_Biological_Process_2023,Positive Regulation Of Kinase Activity (GO:0033674),2/104,0.2790510068326582,0.3679072789097746,0,0,1.95068330362448,2.4897754945672688,CD74;HLA-DRB1
GO_Biological_Process_2023,Epithelial Tube Morphogenesis (GO:0060562),1/33,0.2824605485993796,0.3689050090233152,0,0,3.1042713567839195,3.9244707255325473,GATA3
GO_Biological_Process_2023,Ubiquitin-Dependent Protein Catabolic Process Via The Multivesicular Body Sorting Pathway (GO:0043162),1/33,0.2824605485993796,0.3689050090233152,0,0,3.1042713567839195,3.9244707255325473,CHMP1B
GO_Biological_Process_2023,Ventricular Cardiac Muscle Tissue Morphogenesis (GO:0055010),1/33,0.2824605485993796,0.3689050090233152,0,0,3.1042713567839195,3.9244707255325473,DSP
GO_Biological_Process_2023,Inositol Lipid-Mediated Signaling (GO:0048017),1/33,0.2824605485993796,0.3689050090233152,0,0,3.1042713567839195,3.9244707255325473,EZR
GO_Biological_Process_2023,Negative Regulation Of Endocytosis (GO:0045806),1/33,0.2824605485993796,0.3689050090233152,0,0,3.1042713567839195,3.9244707255325473,ARF6
GO_Biological_Process_2023,Negative Regulation Of Epithelial Cell Migration (GO:0010633),1/33,0.2824605485993796,0.3689050090233152,0,0,3.1042713567839195,3.9244707255325473,TACSTD2
GO_Biological_Process_2023,Positive Regulation Of DNA Binding (GO:0043388),1/33,0.2824605485993796,0.3689050090233152,0,0,3.1042713567839195,3.9244707255325473,GATA3
GO_Biological_Process_2023,Positive Regulation Of Cytokine Production Involved In Immune Response (GO:0002720),1/33,0.2824605485993796,0.3689050090233152,0,0,3.1042713567839195,3.9244707255325473,CD55
GO_Biological_Process_2023,Positive Regulation Of Establishment Of Protein Localization To Mitochondrion (GO:1903749),1/33,0.2824605485993796,0.3689050090233152,0,0,3.1042713567839195,3.9244707255325473,FBXW7
GO_Biological_Process_2023,Positive Regulation Of Small Molecule Metabolic Process (GO:0062013),1/33,0.2824605485993796,0.3689050090233152,0,0,3.1042713567839195,3.9244707255325473,PMAIP1
GO_Biological_Process_2023,Positive Regulation Of Telomerase Activity (GO:0051973),1/33,0.2824605485993796,0.3689050090233152,0,0,3.1042713567839195,3.9244707255325473,KLF4
GO_Biological_Process_2023,Regulation Of G0 To G1 Transition (GO:0070316),1/33,0.2824605485993796,0.3689050090233152,0,0,3.1042713567839195,3.9244707255325473,SOX15
GO_Biological_Process_2023,Protein Modification Process (GO:0036211),9/711,0.2825655388263691,0.3689050090233152,0,0,1.2819170358437375,1.6201441278097102,DSP;CSTA;ANXA1;SERP1;PLK2;KRT1;KRT10;SGK1;UBA52
GO_Biological_Process_2023,Response To Calcium Ion (GO:0051592),2/106,0.2864567291305087,0.3737046151222465,0,0,1.912975912975913,2.3915408635892965,AQP3;CLU
GO_Biological_Process_2023,Response To Estrogen (GO:0043627),1/34,0.2896477910754225,0.3758936631941491,0,0,3.010050251256281,3.7297219848476746,GATA3
GO_Biological_Process_2023,Embryonic Limb Morphogenesis (GO:0030326),1/34,0.2896477910754225,0.3758936631941491,0,0,3.010050251256281,3.7297219848476746,TFAP2A
GO_Biological_Process_2023,Establishment Of Mitotic Spindle Localization (GO:0040001),1/34,0.2896477910754225,0.3758936631941491,0,0,3.010050251256281,3.7297219848476746,GJA1
GO_Biological_Process_2023,Negative Regulation Of JNK Cascade (GO:0046329),1/34,0.2896477910754225,0.3758936631941491,0,0,3.010050251256281,3.7297219848476746,PDCD4
GO_Biological_Process_2023,Positive Regulation Of Carbohydrate Metabolic Process (GO:0045913),1/34,0.2896477910754225,0.3758936631941491,0,0,3.010050251256281,3.7297219848476746,PMAIP1
GO_Biological_Process_2023,Regulation Of DNA Biosynthetic Process (GO:2000278),1/34,0.2896477910754225,0.3758936631941491,0,0,3.010050251256281,3.7297219848476746,RGCC
GO_Biological_Process_2023,Regulation Of calcineurin-NFAT Signaling Cascade (GO:0070884),1/34,0.2896477910754225,0.3758936631941491,0,0,3.010050251256281,3.7297219848476746,PRNP
GO_Biological_Process_2023,Monoatomic Ion Transport (GO:0006811),2/107,0.290156850388619,0.3762734994972472,0,0,1.8946608946608947,2.344327659095108,TSPO;PLP2
GO_Biological_Process_2023,Positive Regulation Of Translation (GO:0045727),2/108,0.2938547028204486,0.3807848943403578,0,0,1.8766914427291783,2.298327412458919,PKM;RPL26
GO_Biological_Process_2023,Establishment Of Spindle Orientation (GO:0051294),1/35,0.2967633987534311,0.3825585992825921,0,0,2.9213715637008573,3.54894088012851,GJA1
GO_Biological_Process_2023,Hexose Biosynthetic Process (GO:0019319),1/35,0.2967633987534311,0.3825585992825921,0,0,2.9213715637008573,3.54894088012851,ENO1
GO_Biological_Process_2023,Macrophage Activation (GO:0042116),1/35,0.2967633987534311,0.3825585992825921,0,0,2.9213715637008573,3.54894088012851,CLU
GO_Biological_Process_2023,One-Carbon Compound Transport (GO:0019755),1/35,0.2967633987534311,0.3825585992825921,0,0,2.9213715637008573,3.54894088012851,CA2
GO_Biological_Process_2023,Positive Regulation Of Mitotic Nuclear Division (GO:0045840),1/35,0.2967633987534311,0.3825585992825921,0,0,2.9213715637008573,3.54894088012851,RGCC
GO_Biological_Process_2023,Positive Regulation Of Substrate Adhesion-Dependent Cell Spreading (GO:1900026),1/35,0.2967633987534311,0.3825585992825921,0,0,2.9213715637008573,3.54894088012851,S100A10
GO_Biological_Process_2023,Regulation Of G2/M Transition Of Mitotic Cell Cycle (GO:0010389),1/35,0.2967633987534311,0.3825585992825921,0,0,2.9213715637008573,3.54894088012851,RAB11A
GO_Biological_Process_2023,Positive Regulation Of Wnt Signaling Pathway (GO:0030177),2/109,0.2975499631159602,0.3830047267643633,0,0,1.8590578684036627,2.2534999856206213,SFRP2;JUP
GO_Biological_Process_2023,Regulation Of Wnt Signaling Pathway (GO:0030111),2/109,0.2975499631159602,0.3830047267643633,0,0,1.8590578684036627,2.2534999856206213,SFRP2;CTNNBIP1
GO_Biological_Process_2023,Transcription By RNA Polymerase II (GO:0006366),3/192,0.3014492960908019,0.3877369274422371,0,0,1.580130529369108,1.8948189743642063,ANXA2;SUB1;S100A10
GO_Biological_Process_2023,Regulation Of Receptor Internalization (GO:0002090),1/36,0.3038080819844295,0.3893310645327361,0,0,2.8377602297200286,3.380791434126185,ANXA2
GO_Biological_Process_2023,Substrate Adhesion-Dependent Cell Spreading (GO:0034446),1/36,0.3038080819844295,0.3893310645327361,0,0,2.8377602297200286,3.380791434126185,EFNA1
GO_Biological_Process_2023,Interstrand Cross-Link Repair (GO:0036297),1/36,0.3038080819844295,0.3893310645327361,0,0,2.8377602297200286,3.380791434126185,FSCN1
GO_Biological_Process_2023,Negative Regulation Of Sequestering Of Calcium Ion (GO:0051283),1/36,0.3038080819844295,0.3893310645327361,0,0,2.8377602297200286,3.380791434126185,CLU
GO_Biological_Process_2023,Protein Destabilization (GO:0031648),1/36,0.3038080819844295,0.3893310645327361,0,0,2.8377602297200286,3.380791434126185,PRNP
GO_Biological_Process_2023,Mitotic Cell Cycle Phase Transition (GO:0044772),2/111,0.3049314473928455,0.3901955754349951,0,0,1.8247613752200909,2.167211222684004,PLK2;ENSA
GO_Biological_Process_2023,Mitotic Sister Chromatid Segregation (GO:0000070),2/111,0.3049314473928455,0.3901955754349951,0,0,1.8247613752200909,2.167211222684004,CHMP1B;RAB11A
GO_Biological_Process_2023,Regulation Of Protein Serine/Threonine Kinase Activity (GO:0071900),2/112,0.3086170575351828,0.394489667483492,0,0,1.808080808080808,2.1256775548508937,PYCARD;ADRB2
GO_Biological_Process_2023,Regulation Of p38MAPK Cascade (GO:1900744),1/37,0.3107825442509396,0.394489667483492,0,0,2.758793969849246,3.2240971983470845,EZR
GO_Biological_Process_2023,Calcium Ion Import Across Plasma Membrane (GO:0098703),1/37,0.3107825442509396,0.394489667483492,0,0,2.758793969849246,3.2240971983470845,CLU
GO_Biological_Process_2023,Regulation Of Sodium Ion Transmembrane Transporter Activity (GO:2000649),1/37,0.3107825442509396,0.394489667483492,0,0,2.758793969849246,3.2240971983470845,FXYD3
GO_Biological_Process_2023,Ventricular Septum Development (GO:0003281),1/37,0.3107825442509396,0.394489667483492,0,0,2.758793969849246,3.2240971983470845,GATA3
GO_Biological_Process_2023,Muscle Cell Differentiation (GO:0042692),1/37,0.3107825442509396,0.394489667483492,0,0,2.758793969849246,3.2240971983470845,RORA
GO_Biological_Process_2023,Negative Regulation Of Endothelial Cell Proliferation (GO:0001937),1/37,0.3107825442509396,0.394489667483492,0,0,2.758793969849246,3.2240971983470845,RGCC
GO_Biological_Process_2023,Negative Regulation Of Stress-Activated MAPK Cascade (GO:0032873),1/37,0.3107825442509396,0.394489667483492,0,0,2.758793969849246,3.2240971983470845,EZR
GO_Biological_Process_2023,Positive Regulation Of Receptor Signaling Pathway Via JAK-STAT (GO:0046427),1/37,0.3107825442509396,0.394489667483492,0,0,2.758793969849246,3.2240971983470845,OCIAD2
GO_Biological_Process_2023,Positive Regulation Of Receptor Signaling Pathway Via STAT (GO:1904894),1/37,0.3107825442509396,0.394489667483492,0,0,2.758793969849246,3.2240971983470845,OCIAD2
GO_Biological_Process_2023,Regulation Of Cellular Component Biogenesis (GO:0044087),1/37,0.3107825442509396,0.394489667483492,0,0,2.758793969849246,3.2240971983470845,EZR
GO_Biological_Process_2023,Regulation Of Protein Ubiquitination (GO:0031396),2/113,0.3122988478346994,0.3961252344161505,0,0,1.7917007917007917,2.0851718925161022,NDFIP2;FBXW7
GO_Biological_Process_2023,Regulation Of Interleukin-6 Production (GO:0032675),2/114,0.3159765270928876,0.3980248783218019,0,0,1.7756132756132756,2.045661592448686,PYCARD;CD74
GO_Biological_Process_2023,Transmembrane Receptor Protein Tyrosine Kinase Signaling Pathway (GO:0007169),4/284,0.3165136312859664,0.3980248783218019,0,0,1.4227405247813412,1.6367050061567536,EFNA1;MMP2;ADRB2;BAIAP2
GO_Biological_Process_2023,G2/M Transition Of Mitotic Cell Cycle (GO:0000086),1/38,0.3176874819497763,0.3980248783218019,0,0,2.684096156457965,3.07781854672427,ENSA
GO_Biological_Process_2023,Calcium-Dependent Cell-Cell Adhesion Via Plasma Membrane Cell Adhesion Molecules (GO:0016339),1/38,0.3176874819497763,0.3980248783218019,0,0,2.684096156457965,3.07781854672427,DSG1
GO_Biological_Process_2023,Regulation Of Protein Import Into Nucleus (GO:0042306),1/38,0.3176874819497763,0.3980248783218019,0,0,2.684096156457965,3.07781854672427,JUP
GO_Biological_Process_2023,Response To cAMP (GO:0051591),1/38,0.3176874819497763,0.3980248783218019,0,0,2.684096156457965,3.07781854672427,EZR
GO_Biological_Process_2023,Response To Transforming Growth Factor Beta (GO:0071559),1/38,0.3176874819497763,0.3980248783218019,0,0,2.684096156457965,3.07781854672427,ZFP36L2
GO_Biological_Process_2023,Establishment Of Protein Localization To Plasma Membrane (GO:0061951),1/38,0.3176874819497763,0.3980248783218019,0,0,2.684096156457965,3.07781854672427,GOLGA4
GO_Biological_Process_2023,Tumor Necrosis Factor-Mediated Signaling Pathway (GO:0033209),1/38,0.3176874819497763,0.3980248783218019,0,0,2.684096156457965,3.07781854672427,PYCARD
GO_Biological_Process_2023,Lymphocyte Proliferation (GO:0046651),1/38,0.3176874819497763,0.3980248783218019,0,0,2.684096156457965,3.07781854672427,EMP2
GO_Biological_Process_2023,mRNA Transcription By RNA Polymerase II (GO:0042789),1/38,0.3176874819497763,0.3980248783218019,0,0,2.684096156457965,3.07781854672427,S100A10
GO_Biological_Process_2023,Maturation Of SSU-rRNA (GO:0030490),1/38,0.3176874819497763,0.3980248783218019,0,0,2.684096156457965,3.07781854672427,RPS14
GO_Biological_Process_2023,Membrane Fission (GO:0090148),1/38,0.3176874819497763,0.3980248783218019,0,0,2.684096156457965,3.07781854672427,CHMP1B
GO_Biological_Process_2023,Negative Regulation Of Epithelial Cell Apoptotic Process (GO:1904036),1/38,0.3176874819497763,0.3980248783218019,0,0,2.684096156457965,3.07781854672427,GATA3
GO_Biological_Process_2023,Negative Regulation Of Type I Interferon Production (GO:0032480),1/38,0.3176874819497763,0.3980248783218019,0,0,2.684096156457965,3.07781854672427,PYCARD
GO_Biological_Process_2023,Positive Regulation Of Axonogenesis (GO:0050772),1/38,0.3176874819497763,0.3980248783218019,0,0,2.684096156457965,3.07781854672427,GOLGA4
GO_Biological_Process_2023,Positive Regulation Of Bone Mineralization (GO:0030501),1/38,0.3176874819497763,0.3980248783218019,0,0,2.684096156457965,3.07781854672427,TFAP2A
GO_Biological_Process_2023,Regulation Of Mitochondrial Membrane Potential (GO:0051881),1/39,0.3245235847719431,0.4031046527988636,0,0,2.6133298069293835,2.941033694945818,PMAIP1
GO_Biological_Process_2023,Regulation Of Mitotic Spindle Organization (GO:0060236),1/39,0.3245235847719431,0.4031046527988636,0,0,2.6133298069293835,2.941033694945818,CHMP1B
GO_Biological_Process_2023,Regulation Of Protein Targeting To Mitochondrion (GO:1903214),1/39,0.3245235847719431,0.4031046527988636,0,0,2.6133298069293835,2.941033694945818,FBXW7
GO_Biological_Process_2023,Release Of Sequestered Calcium Ion Into Cytosol (GO:0051209),1/39,0.3245235847719431,0.4031046527988636,0,0,2.6133298069293835,2.941033694945818,CLU
GO_Biological_Process_2023,Retina Homeostasis (GO:0001895),1/39,0.3245235847719431,0.4031046527988636,0,0,2.6133298069293835,2.941033694945818,KRT1
GO_Biological_Process_2023,Negative Regulation Of Mitochondrion Organization (GO:0010823),1/39,0.3245235847719431,0.4031046527988636,0,0,2.6133298069293835,2.941033694945818,CLU
GO_Biological_Process_2023,Negative Regulation Of Transport (GO:0051051),1/39,0.3245235847719431,0.4031046527988636,0,0,2.6133298069293835,2.941033694945818,NDFIP2
GO_Biological_Process_2023,Odontogenesis (GO:0042476),1/39,0.3245235847719431,0.4031046527988636,0,0,2.6133298069293835,2.941033694945818,AQP3
GO_Biological_Process_2023,Positive Regulation Of ATP-dependent Activity (GO:0032781),1/39,0.3245235847719431,0.4031046527988636,0,0,2.6133298069293835,2.941033694945818,ATP1B3
GO_Biological_Process_2023,Positive Regulation Of Lipid Biosynthetic Process (GO:0046889),1/39,0.3245235847719431,0.4031046527988636,0,0,2.6133298069293835,2.941033694945818,MFSD2A
GO_Biological_Process_2023,Positive Regulation Of Lymphocyte Differentiation (GO:0045621),1/39,0.3245235847719431,0.4031046527988636,0,0,2.6133298069293835,2.941033694945818,GATA3
GO_Biological_Process_2023,Positive Regulation Of Pattern Recognition Receptor Signaling Pathway (GO:0062208),1/39,0.3245235847719431,0.4031046527988636,0,0,2.6133298069293835,2.941033694945818,RTN4
GO_Biological_Process_2023,Cellular Response To Molecule Of Bacterial Origin (GO:0071219),2/117,0.3269820795650746,0.4055790558941973,0,0,1.7290294246815987,1.932795390467605,PYCARD;PDCD4
GO_Biological_Process_2023,Positive Regulation Of Protein Serine/Threonine Kinase Activity (GO:0071902),2/117,0.3269820795650746,0.4055790558941973,0,0,1.7290294246815987,1.932795390467605,RGCC;ADRB2
GO_Biological_Process_2023,Positive Regulation Of Cell Cycle Process (GO:0090068),2/118,0.3306405252999629,0.4088828815688268,0,0,1.7140369209334727,1.8969649746192256,RGCC;SOX15
GO_Biological_Process_2023,Regulation Of Protein Dephosphorylation (GO:0035304),1/40,0.3312915354401823,0.4088828815688268,0,0,2.54619250096637,2.8129227654318845,ENSA
GO_Biological_Process_2023,Cell Cycle G2/M Phase Transition (GO:0044839),1/40,0.3312915354401823,0.4088828815688268,0,0,2.54619250096637,2.8129227654318845,ENSA
GO_Biological_Process_2023,Regulation Of Small Molecule Metabolic Process (GO:0062012),1/40,0.3312915354401823,0.4088828815688268,0,0,2.54619250096637,2.8129227654318845,RORA
GO_Biological_Process_2023,Cyclic-Nucleotide-Mediated Signaling (GO:0019935),1/40,0.3312915354401823,0.4088828815688268,0,0,2.54619250096637,2.8129227654318845,DEFB1
GO_Biological_Process_2023,Establishment Or Maintenance Of Epithelial Cell Apical/Basal Polarity (GO:0045197),1/40,0.3312915354401823,0.4088828815688268,0,0,2.54619250096637,2.8129227654318845,EZR
GO_Biological_Process_2023,Positive Regulation Of Insulin Secretion (GO:0032024),1/40,0.3312915354401823,0.4088828815688268,0,0,2.54619250096637,2.8129227654318845,HLA-DRB1
GO_Biological_Process_2023,DNA Duplex Unwinding (GO:0032508),1/41,0.3379920100397979,0.4150904699570683,0,0,2.4824120603015074,2.6927543377926204,HMGA1
GO_Biological_Process_2023,Regulation Of Dendrite Development (GO:0050773),1/41,0.3379920100397979,0.4150904699570683,0,0,2.4824120603015074,2.6927543377926204,MFSD2A
GO_Biological_Process_2023,Response To Amino Acid Starvation (GO:1990928),1/41,0.3379920100397979,0.4150904699570683,0,0,2.4824120603015074,2.6927543377926204,DAPL1
GO_Biological_Process_2023,Non-Canonical Wnt Signaling Pathway (GO:0035567),1/41,0.3379920100397979,0.4150904699570683,0,0,2.4824120603015074,2.6927543377926204,SFRP2
GO_Biological_Process_2023,Positive Regulation Of Ossification (GO:0045778),1/41,0.3379920100397979,0.4150904699570683,0,0,2.4824120603015074,2.6927543377926204,TFAP2A
GO_Biological_Process_2023,Protein Localization To Lysosome (GO:0061462),1/41,0.3379920100397979,0.4150904699570683,0,0,2.4824120603015074,2.6927543377926204,RTN4
GO_Biological_Process_2023,Regulation Of Amide Metabolic Process (GO:0034248),1/41,0.3379920100397979,0.4150904699570683,0,0,2.4824120603015074,2.6927543377926204,PKP3
GO_Biological_Process_2023,Branching Morphogenesis Of An Epithelial Tube (GO:0048754),1/42,0.344625677945044,0.4214515147302613,0,0,2.4217428606446867,2.579874053958348,SFRP2
GO_Biological_Process_2023,Cellular Response To Amino Acid Starvation (GO:0034198),1/42,0.344625677945044,0.4214515147302613,0,0,2.4217428606446867,2.579874053958348,DAPL1
GO_Biological_Process_2023,Cellular Response To Glucose Starvation (GO:0042149),1/42,0.344625677945044,0.4214515147302613,0,0,2.4217428606446867,2.579874053958348,PMAIP1
GO_Biological_Process_2023,Translational Elongation (GO:0006414),1/42,0.344625677945044,0.4214515147302613,0,0,2.4217428606446867,2.579874053958348,EEF1B2
GO_Biological_Process_2023,Monoatomic Cation Transport (GO:0006812),1/42,0.344625677945044,0.4214515147302613,0,0,2.4217428606446867,2.579874053958348,NDFIP2
GO_Biological_Process_2023,Potassium Ion Import Across Plasma Membrane (GO:1990573),1/42,0.344625677945044,0.4214515147302613,0,0,2.4217428606446867,2.579874053958348,ATP1B3
GO_Biological_Process_2023,Regulation Of Protein Catabolic Process (GO:0042176),2/122,0.3452170182416795,0.421878000507576,0,0,1.6565656565656566,1.7618934494773038,PLK2;EZR
GO_Biological_Process_2023,SCF-dependent Proteasomal Ubiquitin-Dependent Protein Catabolic Process (GO:0031146),1/43,0.3511932019412653,0.4258891061198468,0,0,2.363962670495334,2.473694919601735,FBXW7
GO_Biological_Process_2023,Regulation Of Primary Metabolic Process (GO:0080090),1/43,0.3511932019412653,0.4258891061198468,0,0,2.363962670495334,2.473694919601735,ID2
GO_Biological_Process_2023,Skeletal System Morphogenesis (GO:0048705),1/43,0.3511932019412653,0.4258891061198468,0,0,2.363962670495334,2.473694919601735,TFAP2A
GO_Biological_Process_2023,Energy Derivation By Oxidation Of Organic Compounds (GO:0015980),1/43,0.3511932019412653,0.4258891061198468,0,0,2.363962670495334,2.473694919601735,COX5A
GO_Biological_Process_2023,mRNA Catabolic Process (GO:0006402),1/43,0.3511932019412653,0.4258891061198468,0,0,2.363962670495334,2.473694919601735,ZFP36L2
GO_Biological_Process_2023,mRNA Destabilization (GO:0061157),1/43,0.3511932019412653,0.4258891061198468,0,0,2.363962670495334,2.473694919601735,ZFP36L2
GO_Biological_Process_2023,mRNA Transcription (GO:0009299),1/43,0.3511932019412653,0.4258891061198468,0,0,2.363962670495334,2.473694919601735,S100A10
GO_Biological_Process_2023,Positive Regulation Of Biomineral Tissue Development (GO:0070169),1/43,0.3511932019412653,0.4258891061198468,0,0,2.363962670495334,2.473694919601735,TFAP2A
GO_Biological_Process_2023,Regulation Of JUN Kinase Activity (GO:0043506),1/43,0.3511932019412653,0.4258891061198468,0,0,2.363962670495334,2.473694919601735,PDCD4
GO_Biological_Process_2023,Regulation Of Cell-Cell Adhesion (GO:0022407),1/43,0.3511932019412653,0.4258891061198468,0,0,2.363962670495334,2.473694919601735,SPINT2
GO_Biological_Process_2023,Regulation Of Cellular Component Size (GO:0032535),1/43,0.3511932019412653,0.4258891061198468,0,0,2.363962670495334,2.473694919601735,EZR
GO_Biological_Process_2023,Response To Cytokine (GO:0034097),2/125,0.3560823858036039,0.4298770002606846,0,0,1.6159152500615914,1.668583024830908,CD74;ANXA1
GO_Biological_Process_2023,Cellular Response To Ketone (GO:1901655),1/44,0.3576952382847675,0.4298770002606846,0,0,2.308869931050602,2.373689018141451,ADAM15
GO_Biological_Process_2023,Embryonic Organ Morphogenesis (GO:0048562),1/44,0.3576952382847675,0.4298770002606846,0,0,2.308869931050602,2.373689018141451,ID2
GO_Biological_Process_2023,Lymphocyte Chemotaxis (GO:0048247),1/44,0.3576952382847675,0.4298770002606846,0,0,2.308869931050602,2.373689018141451,KLF5
GO_Biological_Process_2023,Mitotic Spindle Assembly (GO:0090307),1/44,0.3576952382847675,0.4298770002606846,0,0,2.308869931050602,2.373689018141451,RAB11A
GO_Biological_Process_2023,Nucleus Organization (GO:0006997),1/44,0.3576952382847675,0.4298770002606846,0,0,2.308869931050602,2.373689018141451,CHMP1B
GO_Biological_Process_2023,Positive Regulation Of Biosynthetic Process (GO:0009891),1/44,0.3576952382847675,0.4298770002606846,0,0,2.308869931050602,2.373689018141451,RGCC
GO_Biological_Process_2023,Positive Regulation Of Cytokine-Mediated Signaling Pathway (GO:0001961),1/44,0.3576952382847675,0.4298770002606846,0,0,2.308869931050602,2.373689018141451,CD74
GO_Biological_Process_2023,Positive Regulation Of Nucleocytoplasmic Transport (GO:0046824),1/44,0.3576952382847675,0.4298770002606846,0,0,2.308869931050602,2.373689018141451,JUP
GO_Biological_Process_2023,Positive Regulation Of Osteoblast Differentiation (GO:0045669),1/44,0.3576952382847675,0.4298770002606846,0,0,2.308869931050602,2.373689018141451,CTNNBIP1
GO_Biological_Process_2023,Regulation Of B Cell Proliferation (GO:0030888),1/44,0.3576952382847675,0.4298770002606846,0,0,2.308869931050602,2.373689018141451,CD74
GO_Biological_Process_2023,Regulation Of DNA-templated Transcription Elongation (GO:0032784),1/44,0.3576952382847675,0.4298770002606846,0,0,2.308869931050602,2.373689018141451,HMGN1
GO_Biological_Process_2023,Regulation Of Cell-Substrate Adhesion (GO:0010810),1/44,0.3576952382847675,0.4298770002606846,0,0,2.308869931050602,2.373689018141451,FBLN2
GO_Biological_Process_2023,Protein-Containing Complex Organization (GO:0043933),2/126,0.3596901730363681,0.4319759743855276,0,0,1.6028022157054416,1.638884897548312,CD74;CAPG
GO_Biological_Process_2023,Regulation Of Response To External Stimulus (GO:0032101),2/127,0.3632905914777368,0.4343115962845242,0,0,1.58989898989899,1.6098557795920132,ANXA1;CD55
GO_Biological_Process_2023,Regulation Of Tumor Necrosis Factor Production (GO:0032680),2/127,0.3632905914777368,0.4343115962845242,0,0,1.58989898989899,1.6098557795920132,PYCARD;CLU
GO_Biological_Process_2023,Regulation Of Cellular Metabolic Process (GO:0031323),1/45,0.3641324366778817,0.4343115962845242,0,0,2.256281407035176,2.279380404926681,NPC2
GO_Biological_Process_2023,Regulation Of Telomerase Activity (GO:0051972),1/45,0.3641324366778817,0.4343115962845242,0,0,2.256281407035176,2.279380404926681,KLF4
GO_Biological_Process_2023,Epidermal Growth Factor Receptor Signaling Pathway (GO:0007173),1/45,0.3641324366778817,0.4343115962845242,0,0,2.256281407035176,2.279380404926681,AREG
GO_Biological_Process_2023,Hexose Metabolic Process (GO:0019318),1/45,0.3641324366778817,0.4343115962845242,0,0,2.256281407035176,2.279380404926681,APOD
GO_Biological_Process_2023,Zymogen Activation (GO:0031638),1/45,0.3641324366778817,0.4343115962845242,0,0,2.256281407035176,2.279380404926681,PERP
GO_Biological_Process_2023,Natural Killer Cell Activation (GO:0030101),1/45,0.3641324366778817,0.4343115962845242,0,0,2.256281407035176,2.279380404926681,EMP2
GO_Biological_Process_2023,Positive Regulation Of mRNA Catabolic Process (GO:0061014),1/45,0.3641324366778817,0.4343115962845242,0,0,2.256281407035176,2.279380404926681,ZFP36L2
GO_Biological_Process_2023,Regulation Of Apoptotic Signaling Pathway (GO:2001233),1/45,0.3641324366778817,0.4343115962845242,0,0,2.256281407035176,2.279380404926681,PYCARD
GO_Biological_Process_2023,Protein Homooligomerization (GO:0051260),2/129,0.3704684745885532,0.4392017457717372,0,0,1.5647021395052891,1.5537287687021244,PYCARD;CLU
GO_Biological_Process_2023,Protein Targeting (GO:0006605),2/129,0.3704684745885532,0.4392017457717372,0,0,1.5647021395052891,1.5537287687021244,BCAP31;TSPO
GO_Biological_Process_2023,Regulation Of Fibroblast Proliferation (GO:0048145),1/46,0.3705054405101429,0.4392017457717372,0,0,2.2060301507537687,2.1903389894516705,CD74
GO_Biological_Process_2023,Regulation Of Nervous System Development (GO:0051960),1/46,0.3705054405101429,0.4392017457717372,0,0,2.2060301507537687,2.1903389894516705,S100A10
GO_Biological_Process_2023,Epithelial Cell Migration (GO:0010631),1/46,0.3705054405101429,0.4392017457717372,0,0,2.2060301507537687,2.1903389894516705,S100A2
GO_Biological_Process_2023,Vacuolar Transport (GO:0007034),1/46,0.3705054405101429,0.4392017457717372,0,0,2.2060301507537687,2.1903389894516705,CHMP1B
GO_Biological_Process_2023,Homotypic Cell-Cell Adhesion (GO:0034109),1/46,0.3705054405101429,0.4392017457717372,0,0,2.2060301507537687,2.1903389894516705,CXADR
GO_Biological_Process_2023,Negative Regulation Of Cellular Metabolic Process (GO:0031324),1/46,0.3705054405101429,0.4392017457717372,0,0,2.2060301507537687,2.1903389894516705,TFAP2A
GO_Biological_Process_2023,Negative Regulation Of Cold-Induced Thermogenesis (GO:0120163),1/46,0.3705054405101429,0.4392017457717372,0,0,2.2060301507537687,2.1903389894516705,ID1
GO_Biological_Process_2023,Transmembrane Receptor Protein Serine/Threonine Kinase Signaling Pathway (GO:0007178),2/130,0.3740455278662269,0.4430961668660549,0,0,1.5523989898989898,1.5265946362115397,ID1;PDCD4
GO_Biological_Process_2023,Golgi To Plasma Membrane Transport (GO:0006893),1/47,0.376814886705751,0.4451637825959924,0,0,2.1579637317019884,2.1061752538856453,GOLGA4
GO_Biological_Process_2023,Response To Organonitrogen Compound (GO:0010243),1/47,0.376814886705751,0.4451637825959924,0,0,2.1579637317019884,2.1061752538856453,CLU
GO_Biological_Process_2023,Insulin Receptor Signaling Pathway (GO:0008286),1/47,0.376814886705751,0.4451637825959924,0,0,2.1579637317019884,2.1061752538856453,BAIAP2
GO_Biological_Process_2023,Regulation Of T Cell Differentiation (GO:0045580),1/47,0.376814886705751,0.4451637825959924,0,0,2.1579637317019884,2.1061752538856453,GATA3
GO_Biological_Process_2023,Positive Regulation Of Cell Motility (GO:2000147),3/221,0.3805444446837829,0.4492646227461633,0,0,1.3679038792902716,1.32160348257447,CLDN4;GPNMB;CLDN1
GO_Biological_Process_2023,Plasma Membrane Bounded Cell Projection Organization (GO:0120036),2/132,0.3811748654446817,0.4497035895578707,0,0,1.5283605283605284,1.4740992128790684,RAB25;RAB11A
GO_Biological_Process_2023,Cellular Response To Oxygen-Containing Compound (GO:1901701),5/406,0.3830340777939782,0.4513169275764545,0,0,1.2404245795766993,1.1903502739260197,PYCARD;PDCD4;RORA;EZR;CLU
GO_Biological_Process_2023,Regulation Of Tumor Necrosis Factor-Mediated Signaling Pathway (GO:0010803),1/48,0.3830614060395898,0.4513169275764545,0,0,2.111942692184326,2.026535673888961,PYCARD
GO_Biological_Process_2023,"G Protein-Coupled Receptor Signaling Pathway, Coupled To Cyclic Nucleotide Second Messenger (GO:0007187)",1/50,0.3953681557510544,0.4639306496970875,0,0,2.025535842477695,1.8795714928238212,ANXA1
GO_Biological_Process_2023,Regulation Of Interferon-Beta Production (GO:0032648),1/50,0.3953681557510544,0.4639306496970875,0,0,2.025535842477695,1.8795714928238212,PYCARD
GO_Biological_Process_2023,Regulation Of Mitochondrion Organization (GO:0010821),1/50,0.3953681557510544,0.4639306496970875,0,0,2.025535842477695,1.8795714928238212,FBXW7
GO_Biological_Process_2023,Negative Regulation Of Cell Projection Organization (GO:0031345),1/50,0.3953681557510544,0.4639306496970875,0,0,2.025535842477695,1.8795714928238212,PRNP
GO_Biological_Process_2023,Plasma Membrane Bounded Cell Projection Morphogenesis (GO:0120039),1/50,0.3953681557510544,0.4639306496970875,0,0,2.025535842477695,1.8795714928238212,SGK1
GO_Biological_Process_2023,Positive Regulation Of Developmental Growth (GO:0048639),1/50,0.3953681557510544,0.4639306496970875,0,0,2.025535842477695,1.8795714928238212,GOLGA4
GO_Biological_Process_2023,Protein Localization To Organelle (GO:0033365),2/137,0.3988450044858849,0.4676948501692203,0,0,1.4713804713804717,1.3524670293145111,RAB11A;ARF6
GO_Biological_Process_2023,Regulation Of Smoothened Signaling Pathway (GO:0008589),1/51,0.4014296166851454,0.4688288135765398,0,0,1.984924623115578,1.8116864795932897,RORA
GO_Biological_Process_2023,Negative Regulation Of MAP Kinase Activity (GO:0043407),1/51,0.4014296166851454,0.4688288135765398,0,0,1.984924623115578,1.8116864795932897,PDCD4
GO_Biological_Process_2023,Positive Regulation Of Ras Protein Signal Transduction (GO:0046579),1/51,0.4014296166851454,0.4688288135765398,0,0,1.984924623115578,1.8116864795932897,LPAR6
GO_Biological_Process_2023,Positive Regulation Of Protein Localization To Cell Periphery (GO:1904377),1/51,0.4014296166851454,0.4688288135765398,0,0,1.984924623115578,1.8116864795932897,ARF6
GO_Biological_Process_2023,Positive Regulation Of Protein Localization To Plasma Membrane (GO:1903078),1/51,0.4014296166851454,0.4688288135765398,0,0,1.984924623115578,1.8116864795932897,ARF6
GO_Biological_Process_2023,Receptor Internalization (GO:0031623),1/51,0.4014296166851454,0.4688288135765398,0,0,1.984924623115578,1.8116864795932897,CD9
GO_Biological_Process_2023,Rho Protein Signal Transduction (GO:0007266),1/52,0.4074306117999475,0.4730411803605484,0,0,1.9459060005911912,1.7471991060741807,RHOV
GO_Biological_Process_2023,Arachidonic Acid Metabolic Process (GO:0019369),1/52,0.4074306117999475,0.4730411803605484,0,0,1.9459060005911912,1.7471991060741807,PTGDS
GO_Biological_Process_2023,Regulation Of Peptide Hormone Secretion (GO:0090276),1/52,0.4074306117999475,0.4730411803605484,0,0,1.9459060005911912,1.7471991060741807,ENSA
GO_Biological_Process_2023,Cardiac Muscle Tissue Development (GO:0048738),1/52,0.4074306117999475,0.4730411803605484,0,0,1.9459060005911912,1.7471991060741807,GJA1
GO_Biological_Process_2023,Cell Cycle G1/S Phase Transition (GO:0044843),1/52,0.4074306117999475,0.4730411803605484,0,0,1.9459060005911912,1.7471991060741807,PLK2
GO_Biological_Process_2023,Cellular Response To Ionizing Radiation (GO:0071479),1/52,0.4074306117999475,0.4730411803605484,0,0,1.9459060005911912,1.7471991060741807,RPL26
GO_Biological_Process_2023,Icosanoid Metabolic Process (GO:0006690),1/52,0.4074306117999475,0.4730411803605484,0,0,1.9459060005911912,1.7471991060741807,PYCARD
GO_Biological_Process_2023,Positive Regulation Of B Cell Activation (GO:0050871),1/52,0.4074306117999475,0.4730411803605484,0,0,1.9459060005911912,1.7471991060741807,CD74
GO_Biological_Process_2023,Negative Regulation Of Intracellular Signal Transduction (GO:1902532),3/231,0.4074845820472119,0.4730411803605484,0,0,1.3072401816724553,1.1735777261271798,PYCARD;DUSP2;RORA
GO_Biological_Process_2023,Negative Regulation Of Wnt Signaling Pathway (GO:0030178),2/140,0.4093350504017323,0.4748723499990744,0,0,1.4391743522178304,1.28550113423387,SFRP2;CTNNBIP1
GO_Biological_Process_2023,Positive Regulation Of Developmental Process (GO:0051094),3/233,0.4128334514256075,0.4760618928953967,0,0,1.2957404546457736,1.1463558756990115,GJA1;KRT10;RTN4
GO_Biological_Process_2023,Actin Polymerization Or Depolymerization (GO:0008154),1/53,0.4133717413870322,0.4760618928953967,0,0,1.9083880943177425,1.6858852917962188,CAPG
GO_Biological_Process_2023,Regulation Of Macromolecule Biosynthetic Process (GO:0010556),1/53,0.4133717413870322,0.4760618928953967,0,0,1.9083880943177425,1.6858852917962188,PKP3
GO_Biological_Process_2023,Blood Vessel Morphogenesis (GO:0048514),1/53,0.4133717413870322,0.4760618928953967,0,0,1.9083880943177425,1.6858852917962188,ID1
GO_Biological_Process_2023,Regulation Of Proteasomal Protein Catabolic Process (GO:0061136),1/53,0.4133717413870322,0.4760618928953967,0,0,1.9083880943177425,1.6858852917962188,FBXW7
GO_Biological_Process_2023,Regulation Of Receptor Signaling Pathway Via JAK-STAT (GO:0046425),1/53,0.4133717413870322,0.4760618928953967,0,0,1.9083880943177425,1.6858852917962188,OCIAD2
GO_Biological_Process_2023,Cellular Response To Alcohol (GO:0097306),1/53,0.4133717413870322,0.4760618928953967,0,0,1.9083880943177425,1.6858852917962188,JUP
GO_Biological_Process_2023,Spermatid Development (GO:0007286),1/53,0.4133717413870322,0.4760618928953967,0,0,1.9083880943177425,1.6858852917962188,KLC3
GO_Biological_Process_2023,Negative Regulation Of Metabolic Process (GO:0009892),1/53,0.4133717413870322,0.4760618928953967,0,0,1.9083880943177425,1.6858852917962188,ID1
GO_Biological_Process_2023,Negative Regulation Of Viral Genome Replication (GO:0045071),1/53,0.4133717413870322,0.4760618928953967,0,0,1.9083880943177425,1.6858852917962188,SLPI
GO_Biological_Process_2023,Protein Homotetramerization (GO:0051289),1/53,0.4133717413870322,0.4760618928953967,0,0,1.9083880943177425,1.6858852917962188,CLU
GO_Biological_Process_2023,ERBB Signaling Pathway (GO:0038127),1/54,0.4192535996279672,0.4809248085442184,0,0,1.8722859580923483,1.627539412897697,AREG
GO_Biological_Process_2023,Ribosomal Large Subunit Biogenesis (GO:0042273),1/54,0.4192535996279672,0.4809248085442184,0,0,1.8722859580923483,1.627539412897697,RPL26
GO_Biological_Process_2023,Endoplasmic Reticulum Organization (GO:0007029),1/54,0.4192535996279672,0.4809248085442184,0,0,1.8722859580923483,1.627539412897697,RTN4
GO_Biological_Process_2023,Negative Regulation Of Neuron Projection Development (GO:0010977),1/54,0.4192535996279672,0.4809248085442184,0,0,1.8722859580923483,1.627539412897697,EFNA1
GO_Biological_Process_2023,Negative Regulation Of Protein Catabolic Process (GO:0042177),1/54,0.4192535996279672,0.4809248085442184,0,0,1.8722859580923483,1.627539412897697,ANXA2
GO_Biological_Process_2023,Positive Regulation Of Leukocyte Chemotaxis (GO:0002690),1/54,0.4192535996279672,0.4809248085442184,0,0,1.8722859580923483,1.627539412897697,S100A14
GO_Biological_Process_2023,Inflammatory Response (GO:0006954),3/236,0.420828571813749,0.4824132408596635,0,0,1.278861026992876,1.106892227976248,ANXA1;IL18;GATA3
GO_Biological_Process_2023,Cellular Response To Fibroblast Growth Factor Stimulus (GO:0044344),1/55,0.4250767749174149,0.4863213891982793,0,0,1.8375209380234503,1.5719724807707876,ZFP36L2
GO_Biological_Process_2023,Response To Peptide Hormone (GO:0043434),1/55,0.4250767749174149,0.4863213891982793,0,0,1.8375209380234503,1.5719724807707876,ANXA1
GO_Biological_Process_2023,Positive Regulation Of Tyrosine Phosphorylation Of STAT Protein (GO:0042531),1/55,0.4250767749174149,0.4863213891982793,0,0,1.8375209380234503,1.5719724807707876,IL18
GO_Biological_Process_2023,Neuron Projection Morphogenesis (GO:0048812),2/146,0.4300431951119408,0.4903363721672995,0,0,1.378787878787879,1.1635172055269425,SGK1;BAIAP2
GO_Biological_Process_2023,Regulation Of Mitotic Nuclear Division (GO:0007088),1/56,0.4308418497249187,0.4903363721672995,0,0,1.8040201005025125,1.5190105312629705,RGCC
GO_Biological_Process_2023,Regulation Of Reactive Oxygen Species Metabolic Process (GO:2000377),1/56,0.4308418497249187,0.4903363721672995,0,0,1.8040201005025125,1.5190105312629705,TFAP2A
GO_Biological_Process_2023,Regulation Of Stem Cell Population Maintenance (GO:2000036),1/56,0.4308418497249187,0.4903363721672995,0,0,1.8040201005025125,1.5190105312629705,ZNF706
GO_Biological_Process_2023,Nucleotide-Excision Repair (GO:0006289),1/56,0.4308418497249187,0.4903363721672995,0,0,1.8040201005025125,1.5190105312629705,FSCN1
GO_Biological_Process_2023,Pattern Recognition Receptor Signaling Pathway (GO:0002221),1/56,0.4308418497249187,0.4903363721672995,0,0,1.8040201005025125,1.5190105312629705,PYCARD
GO_Biological_Process_2023,"Positive Regulation Of DNA-templated Transcription, Elongation (GO:0032786)",1/56,0.4308418497249187,0.4903363721672995,0,0,1.8040201005025125,1.5190105312629705,HMGN1
GO_Biological_Process_2023,Positive Regulation Of Cellular Metabolic Process (GO:0031325),1/56,0.4308418497249187,0.4903363721672995,0,0,1.8040201005025125,1.5190105312629705,GATA3
GO_Biological_Process_2023,RNA Catabolic Process (GO:0006401),1/57,0.4365494010474847,0.4955348618939791,0,0,1.7717157214644652,1.4684931926330618,ZFP36L2
GO_Biological_Process_2023,Myeloid Cell Differentiation (GO:0030099),1/57,0.4365494010474847,0.4955348618939791,0,0,1.7717157214644652,1.4684931926330618,RPS14
GO_Biological_Process_2023,Positive Regulation Of Interleukin-1 Beta Production (GO:0032731),1/57,0.4365494010474847,0.4955348618939791,0,0,1.7717157214644652,1.4684931926330618,PYCARD
GO_Biological_Process_2023,Post-Transcriptional Regulation Of Gene Expression (GO:0010608),1/57,0.4365494010474847,0.4955348618939791,0,0,1.7717157214644652,1.4684931926330618,PKP3
GO_Biological_Process_2023,Defense Response To Symbiont (GO:0140546),2/148,0.436861177553996,0.4955652888234828,0,0,1.35976200359762,1.1260730416696714,PYCARD;PMAIP1
GO_Biological_Process_2023,Skeletal System Development (GO:0001501),2/149,0.4402536949587857,0.49908811964363,0,0,1.3504432075860646,1.107909196685694,GJA1;ETS2
GO_Biological_Process_2023,Regulation Of Phagocytosis (GO:0050764),1/58,0.4421999998339941,0.5003160700789302,0,0,1.740544829410209,1.4202724160163902,PYCARD
GO_Biological_Process_2023,Inorganic Anion Transport (GO:0015698),1/58,0.4421999998339941,0.5003160700789302,0,0,1.740544829410209,1.4202724160163902,FXYD3
GO_Biological_Process_2023,Regulation Of Bone Mineralization (GO:0030500),1/58,0.4421999998339941,0.5003160700789302,0,0,1.740544829410209,1.4202724160163902,TFAP2A
GO_Biological_Process_2023,DNA-templated Transcription Initiation (GO:0006352),1/59,0.4477942115947188,0.5040220931800752,0,0,1.7104487957026513,1.3742113392020114,ZFP36L2
GO_Biological_Process_2023,Regulation Of Multicellular Organismal Development (GO:2000026),1/59,0.4477942115947188,0.5040220931800752,0,0,1.7104487957026513,1.3742113392020114,GATA3
GO_Biological_Process_2023,Chordate Embryonic Development (GO:0043009),1/59,0.4477942115947188,0.5040220931800752,0,0,1.7104487957026513,1.3742113392020114,GATA3
GO_Biological_Process_2023,Heart Morphogenesis (GO:0003007),1/59,0.4477942115947188,0.5040220931800752,0,0,1.7104487957026513,1.3742113392020114,EMP2
GO_Biological_Process_2023,Microtubule Cytoskeleton Organization Involved In Mitosis (GO:1902850),1/59,0.4477942115947188,0.5040220931800752,0,0,1.7104487957026513,1.3742113392020114,PLK2
GO_Biological_Process_2023,Negative Regulation Of Protein-Containing Complex Assembly (GO:0031333),1/59,0.4477942115947188,0.5040220931800752,0,0,1.7104487957026513,1.3742113392020114,CLU
GO_Biological_Process_2023,Positive Regulation Of Protein Binding (GO:0032092),1/59,0.4477942115947188,0.5040220931800752,0,0,1.7104487957026513,1.3742113392020114,SUB1
GO_Biological_Process_2023,Positive Regulation Of Proteolysis (GO:0045862),1/59,0.4477942115947188,0.5040220931800752,0,0,1.7104487957026513,1.3742113392020114,PERP
GO_Biological_Process_2023,Response To Retinoic Acid (GO:0032526),1/60,0.4533325962584122,0.5092670445047667,0,0,1.681372966527553,1.330183274831934,AQP3
GO_Biological_Process_2023,Homophilic Cell Adhesion Via Plasma Membrane Adhesion Molecules (GO:0007156),1/60,0.4533325962584122,0.5092670445047667,0,0,1.681372966527553,1.330183274831934,MPZL2
GO_Biological_Process_2023,Positive Regulation Of Phagocytosis (GO:0050766),1/60,0.4533325962584122,0.5092670445047667,0,0,1.681372966527553,1.330183274831934,PYCARD
GO_Biological_Process_2023,BMP Signaling Pathway (GO:0030509),1/61,0.4588157080798082,0.5140982708445789,0,0,1.6532663316582914,1.288070804786777,PDCD4
GO_Biological_Process_2023,Negative Regulation Of Autophagy (GO:0010507),1/61,0.4588157080798082,0.5140982708445789,0,0,1.6532663316582914,1.288070804786777,DAPL1
GO_Biological_Process_2023,Negative Regulation Of Viral Process (GO:0048525),1/61,0.4588157080798082,0.5140982708445789,0,0,1.6532663316582914,1.288070804786777,SLPI
GO_Biological_Process_2023,Positive Regulation Of Cell Junction Assembly (GO:1901890),1/61,0.4588157080798082,0.5140982708445789,0,0,1.6532663316582914,1.288070804786777,S100A10
GO_Biological_Process_2023,Fat Cell Differentiation (GO:0045444),1/62,0.4642440960951576,0.5195112503922003,0,0,1.6260812258011368,1.2477649663473405,KLF4
GO_Biological_Process_2023,Negative Regulation Of Kinase Activity (GO:0033673),1/62,0.4642440960951576,0.5195112503922003,0,0,1.6260812258011368,1.2477649663473405,SFN
GO_Biological_Process_2023,G1/S Transition Of Mitotic Cell Cycle (GO:0000082),1/63,0.4696183035751055,0.5248497621575248,0,0,1.5997730588426,1.2091645247691418,PLK2
GO_Biological_Process_2023,Protein Polymerization (GO:0051258),1/63,0.4696183035751055,0.5248497621575248,0,0,1.5997730588426,1.2091645247691418,KRT5
GO_Biological_Process_2023,Peptidyl-Serine Phosphorylation (GO:0018105),2/158,0.470271536490919,0.5252422620152268,0,0,1.271950271950272,0.9596165405879008,PLK2;SGK1
GO_Biological_Process_2023,Regulation Of Nucleic Acid-Templated Transcription (GO:1903506),5/452,0.4732898923460462,0.528274148132076,0,0,1.1101359490621237,0.8304340860954226,HINT1;CRABP2;SOX15;HMGA1;RORA
GO_Biological_Process_2023,Regulation Of Secretion By Cell (GO:1903530),1/64,0.4749388686968527,0.529095895364399,0,0,1.574300071787509,1.1721753146425786,VAMP8
GO_Biological_Process_2023,Endocytic Recycling (GO:0032456),1/64,0.4749388686968527,0.529095895364399,0,0,1.574300071787509,1.1721753146425786,ARF6
GO_Biological_Process_2023,Positive Regulation Of Interleukin-1 Production (GO:0032732),1/64,0.4749388686968527,0.529095895364399,0,0,1.574300071787509,1.1721753146425786,PYCARD
GO_Biological_Process_2023,Cytokine-Mediated Signaling Pathway (GO:0019221),3/257,0.4756560100097482,0.529555570683068,0,0,1.1718693792717534,0.87076967585955,PYCARD;IL18;PLP2
GO_Biological_Process_2023,Cellular Response To Light Stimulus (GO:0071482),1/65,0.4802063242660991,0.5339378503188916,0,0,1.5496231155778897,1.1367096495006708,RPL26
GO_Biological_Process_2023,Regulation Of Tyrosine Phosphorylation Of STAT Protein (GO:0042509),1/65,0.4802063242660991,0.5339378503188916,0,0,1.5496231155778897,1.1367096495006708,IL18
GO_Biological_Process_2023,Cellular Response To BMP Stimulus (GO:0071773),1/66,0.4854211976341649,0.5387029117331289,0,0,1.525705450328566,1.1026857881843173,PDCD4
GO_Biological_Process_2023,Cellular Response To Type II Interferon (GO:0071346),1/66,0.4854211976341649,0.5387029117331289,0,0,1.525705450328566,1.1026857881843173,HLA-DPA1
GO_Biological_Process_2023,Response To Reactive Oxygen Species (GO:0000302),1/66,0.4854211976341649,0.5387029117331289,0,0,1.525705450328566,1.1026857881843173,APOD
GO_Biological_Process_2023,Activation Of Cysteine-Type Endopeptidase Activity Involved In Apoptotic Process (GO:0006919),1/67,0.4905840112592053,0.5430462097897887,0,0,1.5025125628140703,1.0700274503610792,PYCARD
GO_Biological_Process_2023,Regulation Of Neurogenesis (GO:0050767),1/67,0.4905840112592053,0.5430462097897887,0,0,1.5025125628140703,1.0700274503610792,S100A10
GO_Biological_Process_2023,Regulation Of Viral Genome Replication (GO:0045069),1/67,0.4905840112592053,0.5430462097897887,0,0,1.5025125628140703,1.0700274503610792,SLPI
GO_Biological_Process_2023,Protein Secretion (GO:0009306),1/67,0.4905840112592053,0.5430462097897887,0,0,1.5025125628140703,1.0700274503610792,ANXA1
GO_Biological_Process_2023,B Cell Differentiation (GO:0030183),1/68,0.4956952821636893,0.5480064181072191,0,0,1.4800120003000077,1.0386633811930914,TPD52
GO_Biological_Process_2023,Aerobic Electron Transport Chain (GO:0019646),1/68,0.4956952821636893,0.5480064181072191,0,0,1.4800120003000077,1.0386633811930914,COX5A
GO_Biological_Process_2023,Peptidyl-Serine Modification (GO:0018209),2/166,0.4961360332084165,0.5481452107683839,0,0,1.209411185020941,0.8476825030852104,PLK2;SGK1
GO_Biological_Process_2023,Positive Regulation Of Signal Transduction (GO:0009967),3/266,0.4984290000410134,0.5503289086167126,0,0,1.1312462604466234,0.7876801272531928,CD74;EMP2;GATA3
GO_Biological_Process_2023,DNA-templated DNA Replication (GO:0006261),1/69,0.500755522308534,0.5507994011983179,0,0,1.4581732190363583,1.0085269537658983,HMGA1
GO_Biological_Process_2023,Regulation Of Monoatomic Ion Transmembrane Transporter Activity (GO:0032412),1/69,0.500755522308534,0.5507994011983179,0,0,1.4581732190363583,1.0085269537658983,FXYD3
GO_Biological_Process_2023,Cellular Response To Calcium Ion (GO:0071277),1/69,0.500755522308534,0.5507994011983179,0,0,1.4581732190363583,1.0085269537658983,CLU
GO_Biological_Process_2023,Establishment Of Protein Localization To Membrane (GO:0090150),1/69,0.500755522308534,0.5507994011983179,0,0,1.4581732190363583,1.0085269537658983,RAB11A
GO_Biological_Process_2023,Phagocytosis (GO:0006909),1/69,0.500755522308534,0.5507994011983179,0,0,1.4581732190363583,1.0085269537658983,ANXA1
GO_Biological_Process_2023,Positive Regulation Of Phosphatidylinositol 3-Kinase Signaling (GO:0014068),1/69,0.500755522308534,0.5507994011983179,0,0,1.4581732190363583,1.0085269537658983,IL18
GO_Biological_Process_2023,Sensory Organ Development (GO:0007423),1/70,0.5057652387756465,0.5545559585314308,0,0,1.4369674459252786,0.9795558086095748,GATA3
GO_Biological_Process_2023,Sulfur Compound Biosynthetic Process (GO:0044272),1/70,0.5057652387756465,0.5545559585314308,0,0,1.4369674459252786,0.9795558086095748,MPST
GO_Biological_Process_2023,Mitochondrial ATP Synthesis Coupled Electron Transport (GO:0042775),1/70,0.5057652387756465,0.5545559585314308,0,0,1.4369674459252786,0.9795558086095748,COX5A
GO_Biological_Process_2023,Regulation Of Notch Signaling Pathway (GO:0008593),1/70,0.5057652387756465,0.5545559585314308,0,0,1.4369674459252786,0.9795558086095748,FBXW7
GO_Biological_Process_2023,Regulation Of Cellular Biosynthetic Process (GO:0031326),1/70,0.5057652387756465,0.5545559585314308,0,0,1.4369674459252786,0.9795558086095748,PKP3
GO_Biological_Process_2023,Negative Regulation Of Supramolecular Fiber Organization (GO:1902904),1/71,0.5107249334696091,0.5596412471982674,0,0,1.416367552045944,0.9516915272016224,CLU
GO_Biological_Process_2023,Response To Ionizing Radiation (GO:0010212),1/72,0.5156351033007534,0.5639556255597548,0,0,1.396347936867436,0.9248793332622998,ANXA1
GO_Biological_Process_2023,Transforming Growth Factor Beta Receptor Signaling Pathway (GO:0007179),1/72,0.5156351033007534,0.5639556255597548,0,0,1.396347936867436,0.9248793332622998,ID1
GO_Biological_Process_2023,Positive Regulation Of Protein Localization To Nucleus (GO:1900182),1/72,0.5156351033007534,0.5639556255597548,0,0,1.396347936867436,0.9248793332622998,JUP
GO_Biological_Process_2023,Neuron Differentiation (GO:0030182),2/173,0.518102407998783,0.5662979808358791,0,0,1.1594896331738438,0.7624599263901536,ID2;RTN4
GO_Biological_Process_2023,Regulation Of Rho Protein Signal Transduction (GO:0035023),1/73,0.5204962404113022,0.5685571369819437,0,0,1.3768844221105527,0.8990678202624621,LPAR6
GO_Biological_Process_2023,Regulation Of mRNA Stability (GO:0043488),1/74,0.5253088319278648,0.5730941397255689,0,0,1.3579541543333105,0.8742087038575203,ZFP36L2
GO_Biological_Process_2023,Negative Regulation Of Neuron Apoptotic Process (GO:0043524),1/74,0.5253088319278648,0.5730941397255689,0,0,1.3579541543333105,0.8742087038575203,CLU
GO_Biological_Process_2023,Nucleosome Organization (GO:0034728),1/75,0.5300733603880184,0.5775674020769198,0,0,1.3395355154149124,0.8502565938086776,HMGA1
GO_Biological_Process_2023,Regulation Of DNA Replication (GO:0006275),1/75,0.5300733603880184,0.5775674020769198,0,0,1.3395355154149124,0.8502565938086776,S100A11
GO_Biological_Process_2023,Negative Regulation Of Programmed Cell Death (GO:0043069),4/381,0.5309685686450276,0.5781805515802774,0,0,1.051426406106209,0.6656080647470463,TFAP2A;CD74;ANXA1;PLK2
GO_Biological_Process_2023,Regulation Of Ras Protein Signal Transduction (GO:0046578),1/76,0.5347903032317255,0.5819776829286424,0,0,1.321608040201005,0.8271687875669174,ARF6
GO_Biological_Process_2023,Chloride Transport (GO:0006821),1/77,0.5394601334395485,0.584863573598114,0,0,1.3041523406506217,0.8049050782659102,FXYD3
GO_Biological_Process_2023,Monoatomic Cation Homeostasis (GO:0055080),1/77,0.5394601334395485,0.584863573598114,0,0,1.3041523406506217,0.8049050782659102,S100A14
GO_Biological_Process_2023,Positive Regulation Of JNK Cascade (GO:0046330),1/77,0.5394601334395485,0.584863573598114,0,0,1.3041523406506217,0.8049050782659102,PYCARD
GO_Biological_Process_2023,Positive Regulation Of Endothelial Cell Proliferation (GO:0001938),1/77,0.5394601334395485,0.584863573598114,0,0,1.3041523406506217,0.8049050782659102,FGFBP1
GO_Biological_Process_2023,Positive Regulation Of Response To Stimulus (GO:0048584),1/77,0.5394601334395485,0.584863573598114,0,0,1.3041523406506217,0.8049050782659102,GATA3
GO_Biological_Process_2023,Positive Regulation Of Synaptic Transmission (GO:0050806),1/77,0.5394601334395485,0.584863573598114,0,0,1.3041523406506217,0.8049050782659102,PLK2
GO_Biological_Process_2023,Cellular Response To Nutrient Levels (GO:0031669),1/78,0.544083319204552,0.5891412777688144,0,0,1.2871500358937544,0.7834275809102157,MFSD2A
GO_Biological_Process_2023,Organonitrogen Compound Catabolic Process (GO:1901565),1/78,0.544083319204552,0.5891412777688144,0,0,1.2871500358937544,0.7834275809102157,MPST
GO_Biological_Process_2023,Positive Regulation Of Cellular Process (GO:0048522),6/594,0.5476895692472188,0.5926213066219976,0,0,1.0105196717862404,0.608379964988981,SFRP2;RPS15A;RAB25;EMP2;AREG;MFSD2A
GO_Biological_Process_2023,Regulation Of Cyclin-Dependent Protein Serine/Threonine Kinase Activity (GO:0000079),1/79,0.5486603241296241,0.5926213066219976,0,0,1.2705836876691148,0.7627005714660321,RGCC
GO_Biological_Process_2023,Regulation Of Neuron Differentiation (GO:0045664),1/79,0.5486603241296241,0.5926213066219976,0,0,1.2705836876691148,0.7627005714660321,ID2
GO_Biological_Process_2023,Response To Insulin (GO:0032868),1/79,0.5486603241296241,0.5926213066219976,0,0,1.2705836876691148,0.7627005714660321,PKM
GO_Biological_Process_2023,Regulation Of Cytokinesis (GO:0032465),1/80,0.5531916072648388,0.5960348234408641,0,0,1.254436740665352,0.7426903392796255,RAB11A
GO_Biological_Process_2023,Calcium Ion Transmembrane Transport (GO:0070588),1/80,0.5531916072648388,0.5960348234408641,0,0,1.254436740665352,0.7426903392796255,CLU
GO_Biological_Process_2023,Glycoprotein Biosynthetic Process (GO:0009101),1/80,0.5531916072648388,0.5960348234408641,0,0,1.254436740665352,0.7426903392796255,SERP1
GO_Biological_Process_2023,Negative Regulation Of Protein Serine/Threonine Kinase Activity (GO:0071901),1/80,0.5531916072648388,0.5960348234408641,0,0,1.254436740665352,0.7426903392796255,PYCARD
GO_Biological_Process_2023,Cellular Response To Interleukin-1 (GO:0071347),1/81,0.5576776229377498,0.6001246202281849,0,0,1.2386934673366834,0.7233650516865618,PYCARD
GO_Biological_Process_2023,Spindle Assembly (GO:0051225),1/81,0.5576776229377498,0.6001246202281849,0,0,1.2386934673366834,0.7233650516865618,RAB11A
GO_Biological_Process_2023,Regulation Of Phosphorylation (GO:0042325),1/82,0.5621188211968801,0.6034102654699842,0,0,1.2233389168062534,0.7046946278996441,EMP2
GO_Biological_Process_2023,Cellular Response To Organic Substance (GO:0071310),1/82,0.5621188211968801,0.6034102654699842,0,0,1.2233389168062534,0.7046946278996441,IL18
GO_Biological_Process_2023,Sodium Ion Transmembrane Transport (GO:0035725),1/82,0.5621188211968801,0.6034102654699842,0,0,1.2233389168062534,0.7046946278996441,ATP1B3
GO_Biological_Process_2023,Negative Regulation Of Apoptotic Signaling Pathway (GO:2001234),1/82,0.5621188211968801,0.6034102654699842,0,0,1.2233389168062534,0.7046946278996441,CLU
GO_Biological_Process_2023,Axonogenesis (GO:0007409),2/188,0.5629930408187093,0.6039758778431434,0,0,1.065167807103291,0.6119261357459725,EFNA1;BAIAP2
GO_Biological_Process_2023,Defense Response To Virus (GO:0051607),2/189,0.5658777669000009,0.605886046315405,0,0,1.05941770647653,0.603208270014294,PYCARD;PMAIP1
GO_Biological_Process_2023,Calcium Ion Transmembrane Import Into Cytosol (GO:0097553),1/83,0.5665156476761636,0.605886046315405,0,0,1.208358867508273,0.6866506239569532,CLU
GO_Biological_Process_2023,Vascular Transport (GO:0010232),1/83,0.5665156476761636,0.605886046315405,0,0,1.208358867508273,0.6866506239569532,MFSD2A
GO_Biological_Process_2023,Vesicle-Mediated Transport To The Plasma Membrane (GO:0098876),1/83,0.5665156476761636,0.605886046315405,0,0,1.208358867508273,0.6866506239569532,ARF6
GO_Biological_Process_2023,Phospholipase C-activating G Protein-Coupled Receptor Signaling Pathway (GO:0007200),1/83,0.5665156476761636,0.605886046315405,0,0,1.208358867508273,0.6866506239569532,LPAR6
GO_Biological_Process_2023,Intracellular Monoatomic Cation Homeostasis (GO:0030003),2/190,0.5687488526635092,0.6079005868357975,0,0,1.0537287771330324,0.5946363521268752,PRNP;ATP1B3
GO_Biological_Process_2023,Regulation Of Interleukin-1 Beta Production (GO:0032651),1/84,0.5708685433147935,0.6097913985408021,0,0,1.1937397832536174,0.6692061267801053,PYCARD
GO_Biological_Process_2023,Regulation Of Intracellular Signal Transduction (GO:1902531),3/297,0.5727910997516147,0.6102711691661181,0,0,1.010359473738734,0.5630068546773451,PYCARD;EZR;SGK1
GO_Biological_Process_2023,Modification-Dependent Protein Catabolic Process (GO:0019941),2/192,0.5744500370339674,0.6102711691661181,0,0,1.0425305688463584,0.5779186403259151,NDFIP2;UBA52
GO_Biological_Process_2023,Neuron Projection Development (GO:0031175),2/192,0.5744500370339674,0.6102711691661181,0,0,1.0425305688463584,0.5779186403259151,SGK1;RAB11A
GO_Biological_Process_2023,Regulation Of Osteoblast Differentiation (GO:0045667),1/85,0.5751779449472499,0.6102711691661181,0,0,1.1794687724335966,0.6523356544527062,CTNNBIP1
GO_Biological_Process_2023,Cellular Respiration (GO:0045333),1/85,0.5751779449472499,0.6102711691661181,0,0,1.1794687724335966,0.6523356544527062,COX5A
GO_Biological_Process_2023,Establishment Of Protein Localization To Organelle (GO:0072594),1/85,0.5751779449472499,0.6102711691661181,0,0,1.1794687724335966,0.6523356544527062,RAB11A
GO_Biological_Process_2023,Transport Across Blood-Brain Barrier (GO:0150104),1/85,0.5751779449472499,0.6102711691661181,0,0,1.1794687724335966,0.6523356544527062,MFSD2A
GO_Biological_Process_2023,mRNA Metabolic Process (GO:0016071),1/85,0.5751779449472499,0.6102711691661181,0,0,1.1794687724335966,0.6523356544527062,ZFP36L2
GO_Biological_Process_2023,Negative Regulation Of Cell Cycle (GO:0045786),1/85,0.5751779449472499,0.6102711691661181,0,0,1.1794687724335966,0.6523356544527062,GATA3
GO_Biological_Process_2023,Positive Regulation Of Endothelial Cell Migration (GO:0010595),1/85,0.5751779449472499,0.6102711691661181,0,0,1.1794687724335966,0.6523356544527062,GATA3
GO_Biological_Process_2023,Positive Regulation Of Protein Localization (GO:1903829),1/85,0.5751779449472499,0.6102711691661181,0,0,1.1794687724335966,0.6523356544527062,RTN4
GO_Biological_Process_2023,Regulation Of Insulin Secretion (GO:0050796),1/87,0.5836679914950987,0.6189016080548638,0,0,1.1519224027112305,0.6202214761277236,ENSA
GO_Biological_Process_2023,Golgi Vesicle Transport (GO:0048193),2/197,0.5884633088541269,0.6236061511866707,0,0,1.0155400155400156,0.538480649852649,BCAP31;GOLGA4
GO_Biological_Process_2023,Cellular Response To Chemical Stress (GO:0062197),1/89,0.591989195722158,0.6258171497634242,0,0,1.1256281407035176,0.5901295699518402,ZFP36L2
GO_Biological_Process_2023,Cellular Response To Peptide Hormone Stimulus (GO:0071375),1/89,0.591989195722158,0.6258171497634242,0,0,1.1256281407035176,0.5901295699518402,PKM
GO_Biological_Process_2023,Sensory Perception Of Mechanical Stimulus (GO:0050954),1/89,0.591989195722158,0.6258171497634242,0,0,1.1256281407035176,0.5901295699518402,TFAP2A
GO_Biological_Process_2023,Positive Regulation Of Peptidyl-Serine Phosphorylation (GO:0033138),1/89,0.591989195722158,0.6258171497634242,0,0,1.1256281407035176,0.5901295699518402,SFRP2
GO_Biological_Process_2023,Regulation Of Phosphatidylinositol 3-Kinase Signaling (GO:0014066),1/90,0.5960875287025766,0.6297668362173637,0,0,1.1129241714188922,0.5757910883551692,IL18
GO_Biological_Process_2023,Regulation Of Epithelial Cell Proliferation (GO:0050678),1/91,0.6001448988156681,0.6328999266467235,0,0,1.100502512562814,0.5618991453376235,SFRP2
GO_Biological_Process_2023,Positive Regulation Of Binding (GO:0051099),1/91,0.6001448988156681,0.6328999266467235,0,0,1.100502512562814,0.5618991453376235,SUB1
GO_Biological_Process_2023,Regulation Of RNA Metabolic Process (GO:0051252),1/91,0.6001448988156681,0.6328999266467235,0,0,1.100502512562814,0.5618991453376235,AHNAK2
GO_Biological_Process_2023,Regulation Of Translation (GO:0006417),2/202,0.6021333969171315,0.6346121074175102,0,0,0.98989898989899,0.5021522659436054,RPL26;PKP3
GO_Biological_Process_2023,B Cell Activation (GO:0042113),1/92,0.6041617136020576,0.6355942044488676,0,0,1.0883538571980782,0.5484360698708618,TPD52
GO_Biological_Process_2023,Sensory Perception Of Sound (GO:0007605),1/92,0.6041617136020576,0.6355942044488676,0,0,1.0883538571980782,0.5484360698708618,TFAP2A
GO_Biological_Process_2023,Steroid Metabolic Process (GO:0008202),1/92,0.6041617136020576,0.6355942044488676,0,0,1.0883538571980782,0.5484360698708618,TSPO
GO_Biological_Process_2023,Regulation Of Endothelial Cell Proliferation (GO:0001936),1/93,0.6081383763355012,0.6390046141676354,0,0,1.0764693030369237,0.5353850545471538,RGCC
GO_Biological_Process_2023,Regulation Of Peptidyl-Serine Phosphorylation (GO:0033135),1/93,0.6081383763355012,0.6390046141676354,0,0,1.0764693030369237,0.5353850545471538,SFRP2
GO_Biological_Process_2023,Cellular Response To Hormone Stimulus (GO:0032870),1/94,0.6120752863236749,0.6419776374649401,0,0,1.0648403306856864,0.5227301046685241,CTSB
GO_Biological_Process_2023,Muscle Contraction (GO:0006936),1/94,0.6120752863236749,0.6419776374649401,0,0,1.0648403306856864,0.5227301046685241,TPM3
GO_Biological_Process_2023,Peptidyl-Lysine Modification (GO:0018205),1/94,0.6120752863236749,0.6419776374649401,0,0,1.0648403306856864,0.5227301046685241,HINT1
GO_Biological_Process_2023,Regulation Of Canonical Wnt Signaling Pathway (GO:0060828),2/207,0.6154601156600987,0.6451387228046483,0,0,0.9655087459965508,0.4686435933664049,SFRP2;JUP
GO_Biological_Process_2023,Recombinational Repair (GO:0000725),1/95,0.6159728391110465,0.6452872091651264,0,0,1.0534587832780926,0.5104559909803796,FSCN1
GO_Biological_Process_2023,Regulation Of Defense Response (GO:0031347),1/97,0.6236514348962008,0.6525450332638347,0,0,1.0314070351758795,0.4869929254325685,ANXA1
GO_Biological_Process_2023,Monocarboxylic Acid Metabolic Process (GO:0032787),1/97,0.6236514348962008,0.6525450332638347,0,0,1.0314070351758795,0.4869929254325685,TSPO
GO_Biological_Process_2023,Mitochondrial Translation (GO:0032543),1/98,0.6274332493027582,0.6554593247730763,0,0,1.0207221675387246,0.4757769643136218,MRPS6
GO_Biological_Process_2023,Negative Regulation Of Macromolecule Biosynthetic Process (GO:0010558),1/98,0.6274332493027582,0.6554593247730763,0,0,1.0207221675387246,0.4757769643136218,TSPO
GO_Biological_Process_2023,Organelle Assembly (GO:0070925),3/322,0.6275674386125198,0.6554593247730763,0,0,0.9299842464554524,0.4332835122866828,DUSP23;CHMP1B;RAB11A
GO_Biological_Process_2023,Intracellular Protein Transport (GO:0006886),3/325,0.6338085689575228,0.6615804930474983,0,0,0.9211779172052842,0.4200647869344704,CD74;ARL4A;ARF6
GO_Biological_Process_2023,Regulation Of Organelle Organization (GO:0033043),1/100,0.6348838112697764,0.6619082420852166,0,0,1.0,0.454313271209604,EZR
GO_Biological_Process_2023,Response To UV (GO:0009411),1/100,0.6348838112697764,0.6619082420852166,0,0,1.0,0.454313271209604,RPL26
GO_Biological_Process_2023,Calcium Ion Homeostasis (GO:0055074),1/102,0.642186106799596,0.6687195447452081,0,0,0.9800985123637992,0.4340632175669919,S100A14
GO_Biological_Process_2023,Regulation Of RNA Splicing (GO:0043484),1/102,0.642186106799596,0.6687195447452081,0,0,0.9800985123637992,0.4340632175669919,AHNAK2
GO_Biological_Process_2023,Proteolysis (GO:0006508),3/330,0.6440494199789678,0.6702584927249701,0,0,0.906859777394868,0.3989999986528346,ADAM15;MMP2;CTSB
GO_Biological_Process_2023,Mitochondrial Gene Expression (GO:0140053),1/103,0.6457825744876868,0.6716602254988561,0,0,0.9704404374815252,0.4243662317025385,MRPS6
GO_Biological_Process_2023,Proteasomal Protein Catabolic Process (GO:0010498),2/220,0.6485094501114488,0.6740932060632453,0,0,0.9073301825595405,0.3929453787196234,FBXW7;PMAIP1
GO_Biological_Process_2023,Lysosomal Transport (GO:0007041),1/105,0.6528679573920863,0.6778133599431869,0,0,0.9516814843448008,0.4057783123183748,CHMP1B
GO_Biological_Process_2023,Positive Regulation Of Stress-Activated MAPK Cascade (GO:0032874),1/105,0.6528679573920863,0.6778133599431869,0,0,0.9516814843448008,0.4057783123183748,PYCARD
GO_Biological_Process_2023,Regulation Of Cellular Response To Stress (GO:0080135),1/107,0.6598123057378238,0.6842060820978387,0,0,0.933630416232104,0.388203405372955,DNAJB6
GO_Biological_Process_2023,Positive Regulation Of Autophagy (GO:0010508),1/107,0.6598123057378238,0.6842060820978387,0,0,0.933630416232104,0.388203405372955,PLK2
GO_Biological_Process_2023,Glycerophospholipid Biosynthetic Process (GO:0046474),1/108,0.6632324670568477,0.68693344860742,0,0,0.9248579345324754,0.3797741558133871,MFSD2A
GO_Biological_Process_2023,Positive Regulation Of DNA Metabolic Process (GO:0051054),1/108,0.6632324670568477,0.68693344860742,0,0,0.9248579345324754,0.3797741558133871,RGCC
GO_Biological_Process_2023,Regulation Of Proteasomal Ubiquitin-Dependent Protein Catabolic Process (GO:0032434),1/109,0.6666184129739804,0.6892089299415886,0,0,0.916247906197655,0.3715728772578474,CLU
GO_Biological_Process_2023,Cellular Response To Salt (GO:1902075),1/109,0.6666184129739804,0.6892089299415886,0,0,0.916247906197655,0.3715728772578474,CLU
GO_Biological_Process_2023,Negative Regulation Of Developmental Process (GO:0051093),1/109,0.6666184129739804,0.6892089299415886,0,0,0.916247906197655,0.3715728772578474,ZNF706
GO_Biological_Process_2023,Adenylate Cyclase-Activating G Protein-Coupled Receptor Signaling Pathway (GO:0007189),1/110,0.6699704840956059,0.6918519428992035,0,0,0.9077958600341156,0.3635918695397154,ADRB2
GO_Biological_Process_2023,Regulation Of JNK Cascade (GO:0046328),1/110,0.6699704840956059,0.6918519428992035,0,0,0.9077958600341156,0.3635918695397154,PYCARD
GO_Biological_Process_2023,Cytoskeleton Organization (GO:0007010),1/111,0.6732890175997336,0.6944540934792033,0,0,0.8994974874371859,0.3558237511616551,SH3BGRL3
GO_Biological_Process_2023,Double-Strand Break Repair Via Homologous Recombination (GO:0000724),1/111,0.6732890175997336,0.6944540934792033,0,0,0.8994974874371859,0.3558237511616551,FSCN1
GO_Biological_Process_2023,Calcium Ion Transport (GO:0006816),1/112,0.6765743473112501,0.697015870837834,0,0,0.8913486350672281,0.3482614435144341,CLU
GO_Biological_Process_2023,Small GTPase Mediated Signal Transduction (GO:0007264),1/112,0.6765743473112501,0.697015870837834,0,0,0.8913486350672281,0.3482614435144341,PLK2
GO_Biological_Process_2023,Response To Endoplasmic Reticulum Stress (GO:0034976),1/114,0.683046714602197,0.7024353853892493,0,0,0.8754836127540356,0.3337273716848506,BCAP31
GO_Biological_Process_2023,Negative Regulation Of Canonical Wnt Signaling Pathway (GO:0090090),1/114,0.683046714602197,0.7024353853892493,0,0,0.8754836127540356,0.3337273716848506,SFRP2
GO_Biological_Process_2023,Protein Modification By Small Protein Removal (GO:0070646),1/114,0.683046714602197,0.7024353853892493,0,0,0.8754836127540356,0.3337273716848506,HINT1
GO_Biological_Process_2023,Endoplasmic Reticulum To Golgi Vesicle-Mediated Transport (GO:0006888),1/115,0.6862344035181568,0.7052964702825499,0,0,0.8677598518910341,0.326742835332831,BCAP31
GO_Biological_Process_2023,Cellular Response To Oxidative Stress (GO:0034599),1/117,0.692514396042861,0.7113304989477468,0,0,0.8527118350372552,0.3133087141185804,ZFP36L2
GO_Biological_Process_2023,Regulation Of Protein Kinase Activity (GO:0045859),1/119,0.6986693101557254,0.7168058586199448,0,0,0.8381739204497062,0.3005505089455322,SFN
GO_Biological_Process_2023,Regulation Of Protein-Containing Complex Assembly (GO:0043254),1/119,0.6986693101557254,0.7168058586199448,0,0,0.8381739204497062,0.3005505089455322,CLU
GO_Biological_Process_2023,Fatty Acid Metabolic Process (GO:0006631),1/122,0.7076725687660174,0.7251871520825599,0,0,0.8172681589767017,0.2825898889623316,TSPO
GO_Biological_Process_2023,Potassium Ion Transport (GO:0006813),1/122,0.7076725687660174,0.7251871520825599,0,0,0.8172681589767017,0.2825898889623316,ATP1B3
GO_Biological_Process_2023,Organonitrogen Compound Biosynthetic Process (GO:1901566),1/123,0.7106137702230504,0.7277722888208978,0,0,0.8105280500864981,0.2768976317492876,MFSD2A
GO_Biological_Process_2023,Neuron Projection Guidance (GO:0097485),1/124,0.7135255255654438,0.7294779943224096,0,0,0.8038975364628018,0.2713452170770706,EFNA1
GO_Biological_Process_2023,Regulation Of DNA Metabolic Process (GO:0051052),1/124,0.7135255255654438,0.7294779943224096,0,0,0.8038975364628018,0.2713452170770706,SUB1
GO_Biological_Process_2023,Ubiquitin-Dependent Protein Catabolic Process (GO:0006511),3/367,0.7135377046247376,0.7294779943224096,0,0,0.8131310314051431,0.2744479847910862,NDFIP2;FBXW7;CHMP1B
GO_Biological_Process_2023,Cytosolic Transport (GO:0016482),1/127,0.7220870340624399,0.7377845782811887,0,0,0.7846374730796841,0.2554854949797123,EMP2
GO_Biological_Process_2023,Regulation Of Cell Cycle Process (GO:0010564),1/130,0.7303939147263233,0.7458338330646367,0,0,0.7662732265981068,0.2407410413206643,RAB11A
GO_Biological_Process_2023,Negative Regulation Of Cellular Biosynthetic Process (GO:0031327),1/137,0.7488283343138599,0.7637609814497375,0,0,0.7265740467041087,0.210158284256341,FBXW7
GO_Biological_Process_2023,Potassium Ion Transmembrane Transport (GO:0071805),1/137,0.7488283343138599,0.7637609814497375,0,0,0.7265740467041087,0.210158284256341,ATP1B3
GO_Biological_Process_2023,Chromatin Organization (GO:0006325),2/268,0.7513088273379281,0.7658417647952268,0,0,0.7417786891471102,0.2121030784801347,SOX15;HMGN1
GO_Biological_Process_2023,Ras Protein Signal Transduction (GO:0007265),1/144,0.7660081552523519,0.7803680035054716,0,0,0.690761499806726,0.1841310865645969,PLK2
GO_Biological_Process_2023,Positive Regulation Of Cellular Catabolic Process (GO:0031331),1/146,0.7706982785234464,0.7846863620329468,0,0,0.6811644429041761,0.1774149463430572,PLK2
GO_Biological_Process_2023,Dephosphorylation (GO:0016311),1/147,0.7730081424044016,0.7861176372171078,0,0,0.6764645143525848,0.1741664076420715,DUSP23
GO_Biological_Process_2023,Protein Glycosylation (GO:0006486),1/147,0.7730081424044016,0.7861176372171078,0,0,0.6764645143525848,0.1741664076420715,SERP1
GO_Biological_Process_2023,Axon Guidance (GO:0007411),1/149,0.777558641095328,0.790283154216701,0,0,0.6672551948933858,0.1678788815691765,EFNA1
GO_Biological_Process_2023,Neuron Development (GO:0048666),1/150,0.7797997353776313,0.7916355749105084,0,0,0.6627432464335098,0.164836268730291,RAB11A
GO_Biological_Process_2023,protein-RNA Complex Assembly (GO:0022618),1/150,0.7797997353776313,0.7916355749105084,0,0,0.6627432464335098,0.164836268730291,RPS14
GO_Biological_Process_2023,Regulation Of Cellular Component Organization (GO:0051128),1/153,0.7863891079150508,0.7978591940865072,0,0,0.6495636075112404,0.1560924478581284,SGK1
GO_Biological_Process_2023,Organelle Organization (GO:0006996),3/418,0.7916249043044405,0.802703037076048,0,0,0.711332640205492,0.1662153944168494,CXADR;CHMP1B;SH3BGRL3
GO_Biological_Process_2023,Regulation Of Cell Cycle (GO:0051726),2/298,0.8015831873259784,0.812327017925336,0,0,0.6655746655746656,0.1472028344264448,RPS15A;GATA3
GO_Biological_Process_2023,Adenylate Cyclase-Modulating G Protein-Coupled Receptor Signaling Pathway (GO:0007188),1/163,0.8069688204409236,0.8168328164998637,0,0,0.6091568955890564,0.1306460303698868,ADRB2
GO_Biological_Process_2023,Nitrogen Compound Transport (GO:0071705),1/163,0.8069688204409236,0.8168328164998637,0,0,0.6091568955890564,0.1306460303698868,CHMP1B
GO_Biological_Process_2023,Double-Strand Break Repair (GO:0006302),1/168,0.8165063001156674,0.8260060825486595,0,0,0.5907682123190804,0.1197609163547349,FSCN1
GO_Biological_Process_2023,Generation Of Neurons (GO:0048699),1/172,0.8237974838089034,0.832897572292839,0,0,0.5768315260513092,0.1118075727341318,RTN4
GO_Biological_Process_2023,Regulation Of Neuron Projection Development (GO:0010975),1/174,0.8273342321436886,0.8359873502021352,0,0,0.5701048595579051,0.1080613895941531,MFSD2A
GO_Biological_Process_2023,Positive Regulation Of Hydrolase Activity (GO:0051345),1/176,0.8308003376270978,0.8390021992645315,0,0,0.5635319454414932,0.1044595389554742,S100A10
GO_Biological_Process_2023,Phosphate-Containing Compound Metabolic Process (GO:0006796),1/184,0.8439859992638473,0.8518233619964193,0,0,0.5386769915149519,0.0913700535900012,DUSP23
GO_Biological_Process_2023,Endomembrane System Organization (GO:0010256),1/196,0.8618716082753269,0.8693704911779544,0,0,0.5052183996907615,0.075100192580976,SERP1
GO_Biological_Process_2023,DNA-templated Transcription (GO:0006351),1/199,0.8660145054493834,0.8730430289718712,0,0,0.4974874371859296,0.0715653690513794,ZFP36L2
GO_Biological_Process_2023,Protein Modification By Small Protein Conjugation (GO:0032446),2/364,0.8817439576827169,0.8883851346525171,0,0,0.5423851777442937,0.0682611068834986,FBXW7;UBA52
GO_Biological_Process_2023,Regulation Of GTPase Activity (GO:0043087),1/214,0.8849459769149011,0.8910949935466201,0,0,0.4620992285370514,0.0564817782115859,S100A10
GO_Biological_Process_2023,DNA Damage Response (GO:0006974),2/384,0.8993873416769104,0.9051126083195296,0,0,0.5134591993230737,0.0544479728668411,FSCN1;SFN
GO_Biological_Process_2023,Cilium Organization (GO:0044782),1/228,0.9002045097002905,0.9054110135157925,0,0,0.4332897970026343,0.0455531898856198,DUSP23
GO_Biological_Process_2023,Positive Regulation Of GTPase Activity (GO:0043547),1/234,0.906110786202554,0.910824657344648,0,0,0.4220027174499104,0.0416068092550969,S100A10
GO_Biological_Process_2023,Cilium Assembly (GO:0060271),1/243,0.9143242732694472,0.9185499198241298,0,0,0.4061215166742805,0.0363762984371287,DUSP23
GO_Biological_Process_2023,Phosphorylation (GO:0016310),2/429,0.9305285955438606,0.934289392408068,0,0,0.4582830648404419,0.0329975135431714,PLK2;SGK1
GO_Biological_Process_2023,Nervous System Development (GO:0007399),2/433,0.932806755878489,0.9360363234118249,0,0,0.4539361128688275,0.0315745344465643,ALDH3A2;CAPG
GO_Biological_Process_2023,Protein Ubiquitination (GO:0016567),2/434,0.9333652025918024,0.9360565670744776,0,0,0.4528619528619528,0.0312287835206015,FBXW7;UBA52
GO_Biological_Process_2023,Chemical Synaptic Transmission (GO:0007268),1/273,0.9368751094862604,0.9390350521017908,0,0,0.360774460537984,0.0235244045008293,NSG1
GO_Biological_Process_2023,DNA Metabolic Process (GO:0006259),1/288,0.9458252944595236,0.9474597851757554,0,0,0.3416560152679775,0.0190293535031365,FSCN1
GO_Biological_Process_2023,DNA Repair (GO:0006281),1/291,0.9474576247830658,0.948548537419546,0,0,0.3380696586380177,0.0182466560691828,FSCN1
GO_Biological_Process_2023,Proteasome-Mediated Ubiquitin-Dependent Protein Catabolic Process (GO:0043161),1/319,0.9605177458115964,0.9610704027424434,0,0,0.3078600549919408,0.0124014715949614,FBXW7
GO_Biological_Process_2023,Protein Phosphorylation (GO:0006468),2/500,0.9619058912414412,0.9619058912414412,0,0,0.3915054156018011,0.0152055454326809,PLK2;SGK1
