Gene_set,Term,Overlap,P-value,Adjusted P-value,Old P-value,Old Adjusted P-value,Odds Ratio,Combined Score,Genes
GO_Biological_Process_2023,Cytoplasmic Translation (GO:0002181),45/93,2.626756001614962e-66,3.955894538432133e-63,0,0,119.46774193548389,18040.21042348368,EIF4A2;RPL4;RPL5;RPL3;RPL32;RPL31;RPL34;RPLP1;RPL12;RPLP0;RPL11;RPL10A;RPL8;RPL9;RPL6;RPL7;RPS15;RPS4X;RPL7A;RPS14;RPS15A;RPL18A;RPS19;RPS18;RACK1;RPL14;RPS3;RPL13;RPL15;RPL18;RPS27A;RPL19;RPL41;RPS7;RPS8;RPS5;RPS6;RPL13A;RPL35A;RPS3A;RPL23A;RPS25;RPL24;RPL26;RPL29
GO_Biological_Process_2023,Macromolecule Biosynthetic Process (GO:0009059),46/183,5.877116483341053e-52,3.5777719667687666e-49,0,0,42.87126741871268,5057.23869163787,RPL4;RPL5;RPL3;RPL32;RPL31;RPL34;RPLP1;RPL12;RPLP0;RPL11;RPL10A;RPL8;RPL9;RPL6;RPL7;RPS15;RPS4X;RPS14;RPL7A;RPS15A;RPL18A;RPS19;RPS18;RPL14;RPS3;RPL13;APOE;RPL15;RPL18;RPS27A;RPL19;RPL41;RPS7;RPS8;RPS5;RPS6;RPL13A;RPL35A;RPS3A;RPL23A;EEF2;EEF1A1;RPS25;RPL24;RPL26;RPL29
GO_Biological_Process_2023,Peptide Biosynthetic Process (GO:0043043),44/158,7.127035790376031e-52,3.5777719667687666e-49,0,0,48.70580296896086,5736.1082017428735,RPL4;RPL5;RPL3;RPL32;RPL31;RPL34;RPLP1;RPL12;RPLP0;RPL11;RPL10A;RPL8;RPL9;RPL6;RPL7;RPS15;RPS4X;RPS14;RPL7A;RPS15A;RPL18A;RPS19;RPS18;RPL14;RPS3;RPL13;RPL15;RPL18;RPS27A;RPL19;RPL41;RPS7;RPS8;RPS5;RPS6;RPL13A;RPL35A;RPS3A;RPL23A;EEF1A1;RPS25;RPL24;RPL26;RPL29
GO_Biological_Process_2023,Translation (GO:0006412),46/234,1.3875261148463786e-46,5.224035822396617e-44,0,0,31.16026526664825,3290.2557811593406,RPL4;RPL5;RPL3;RPL32;RPL31;RPL12;RPL34;RPLP1;RPL11;RPLP0;RPL8;RPL10A;RPL9;RPL6;RPL7;RPS15;RPS4X;RPS14;RPL7A;RPS15A;RPS19;RPL18A;RPS18;RPL14;RACK1;RPS3;RPL13;RPL15;RPL18;RPS27A;RPL19;RPL41;RPS7;RPS8;RPS5;RPS6;RPL13A;RPL35A;RPS3A;RPL23A;EEF2;EEF1A1;RPS25;RPL24;RPL26;RPL29
GO_Biological_Process_2023,Gene Expression (GO:0010467),44/296,6.358800259128865e-39,1.9152706380496143e-36,0,0,21.87912087912088,1924.290098915083,RPL4;RPL5;RPL3;RPL32;RPL31;RPL12;RPL34;RPLP1;RPL11;RPLP0;RPL8;RPL10A;RPL9;RPL6;RPL7;RPS15;RPS4X;RPS14;RPL7A;RPS15A;RPS19;RPL18A;RPS18;RPL14;RPS3;RPL13;RPL15;RPL18;RPS27A;RPL19;RPL41;RPS7;RPS8;RPS5;RPS6;RPL13A;RPL35A;RPS3A;RPL23A;EEF1A1;RPS25;RPL24;RPL26;RPL29
GO_Biological_Process_2023,Ribosome Biogenesis (GO:0042254),20/155,8.616211877416984e-17,2.162669181231663e-14,0,0,16.185185185185187,598.6948725530605,RPL5;NPM1;RPS7;RPS8;RPS5;RPS6;RPL11;RPL35A;RPS3A;RPL7;RPS15;RPS4X;RPS14;RPS25;RPS15A;RPS19;SBDS;RPL14;RPL26;NOP53
GO_Biological_Process_2023,Ribonucleoprotein Complex Biogenesis (GO:0022613),18/118,1.5072978955203823e-16,3.242843758076708e-14,0,0,19.48351648351648,709.8048251122553,RPL5;NPM1;RPS7;RPS8;RPS5;RPS6;RPL11;RPL35A;RPS3A;RPL7;RPS15;RPS4X;RPS14;RPS25;RPS15A;RPS19;RPL14;RPL26
GO_Biological_Process_2023,Ribosome Assembly (GO:0042255),13/50,1.7309198464664664e-15,3.2584566109731225e-13,0,0,37.13238907356554,1262.1344876587275,RPL5;NPM1;RPS5;RPLP0;RPL11;RPL23A;RPL6;RPS15;EFNA1;RPS14;RPS19;SBDS;NOP53
GO_Biological_Process_2023,rRNA Metabolic Process (GO:0016072),14/91,3.43905142042002e-13,5.754679376836168e-11,0,0,19.27956989247312,553.2930115281293,RPL5;RPS7;CAVIN1;RPS6;RPL11;RPL35A;RPL7;RPS15;RPS25;RPS19;SBDS;RPL14;RPL26;NOP53
GO_Biological_Process_2023,rRNA Processing (GO:0006364),14/101,1.5135355388174445e-12,2.2793845214590714e-10,0,0,17.054875787912497,464.1752682295621,RPL5;RPS7;RPS6;RPL11;RPL35A;RPL7;RPS15;RPS14;RPS25;RPS19;SBDS;RPL14;RPL26;NOP53
GO_Biological_Process_2023,Ribosomal Large Subunit Biogenesis (GO:0042273),11/54,4.988639018184795e-12,6.829900328533e-10,0,0,26.741355973914114,695.9132501971595,RPL5;NPM1;RPLP0;RPL11;RPL14;RPL35A;RPL23A;RPL26;NOP53;RPL6;RPL7
GO_Biological_Process_2023,ncRNA Processing (GO:0034470),13/100,2.24263740750528e-11,2.814509946419126e-09,0,0,15.751982297621243,386.2509466015492,RPL5;RPS7;RPS6;RPL11;RPL35A;RPL7;RPS15;RPS25;RPS19;SBDS;RPL14;RPL26;NOP53
GO_Biological_Process_2023,Ribosomal Small Subunit Biogenesis (GO:0042274),12/84,4.3213610922500746e-11,5.006130619175855e-09,0,0,17.48936170212766,417.381266497435,RPS15;RPS4X;RPS14;RPS25;NPM1;RPS15A;RPS19;RPS7;RPS8;RPS5;RPS6;RPS3A
GO_Biological_Process_2023,Ribosomal Large Subunit Assembly (GO:0000027),6/22,6.05665384506126e-08,6.515229064758756e-06,0,0,38.24226804123711,635.5682635001389,RPL5;RPL11;RPLP0;RPL23A;NOP53;RPL6
GO_Biological_Process_2023,Positive Regulation Of Intrinsic Apoptotic Signaling Pathway (GO:2001244),7/39,1.0557617279730362e-07,1.0599847748849284e-05,0,0,22.405440414507773,359.9172559673157,RPS7;MYC;CAV1;RACK1;RPS3;NUPR1;SOD1
GO_Biological_Process_2023,Regulation Of Translation (GO:0006417),13/202,1.307797664278816e-07,1.2309645515024356e-05,0,0,7.213394448688566,114.33050660366048,EIF4A2;APP;RPL5;NPM1;CIRBP;RPL13A;HSPB1;EEF2;RPS4X;SERBP1;RACK1;RPS3;RPL26
GO_Biological_Process_2023,protein-RNA Complex Assembly (GO:0022618),11/150,3.369114342517927e-07,2.984638941077646e-05,0,0,8.232309390582772,122.68977637925263,RPS15;RPL5;RPS14;RPS19;RPS5;RPLP0;RPL11;RPL23A;SRSF5;NOP53;RPL6
GO_Biological_Process_2023,Positive Regulation Of Amide Metabolic Process (GO:0034250),8/85,2.164686588593588e-06,0.00018111211124566352,0,0,10.672619047619047,139.2054779808665,RPS4X;EFNA1;RPL5;NPM1;CIRBP;RPL26;EEF2;CLU
GO_Biological_Process_2023,Supramolecular Fiber Organization (GO:0097435),14/316,3.831310918595266e-06,0.0003036818022844458,0,0,4.859574165064445,60.61008404695208,DSP;APP;COL18A1;TPM1;EMP2;KRT5;KRT10;CNN3;TPPP3;COL1A2;KRT14;SERPINH1;HNRNPA1;MYL9
GO_Biological_Process_2023,Positive Regulation Of Protein Metabolic Process (GO:0051247),11/196,4.6886799868401725e-06,0.000353057603009065,0,0,6.170885170885171,75.71897928140494,RPS4X;APP;RPL5;NPM1;PLK2;PERP;CIRBP;RPL26;APOE;EEF2;CLU
GO_Biological_Process_2023,Positive Regulation Of Intrinsic Apoptotic Signaling Pathway By P53 Class Mediator (GO:1902255),3/5,9.70634307108318e-06,0.0006960834602405366,0,0,150.746192893401,1740.0227480112785,RPS7;MYC;RPL26
GO_Biological_Process_2023,Regulation Of Ubiquitin Protein Ligase Activity (GO:1904666),4/17,2.085489875667761e-05,0.0013655425011981,0,0,31.06279434850864,334.7923648041761,RPL5;RPS7;RPL11;SKP1
GO_Biological_Process_2023,Ribosomal Small Subunit Assembly (GO:0000028),4/17,2.085489875667761e-05,0.0013655425011981,0,0,31.06279434850864,334.7923648041761,RPS15;RPS14;RPS19;RPS5
GO_Biological_Process_2023,Regulation Of Endodeoxyribonuclease Activity (GO:0032071),3/7,3.3473033797170354e-05,0.0021004328707724,0,0,75.36548223350253,776.6239908457204,NPM1;RPS3;HMGB1
GO_Biological_Process_2023,Positive Regulation Of Binding (GO:0051099),7/91,3.583398015402861e-05,0.0021586389644786,0,0,8.512953367875648,87.14381718782342,APP;CAV1;RPL11;EDF1;HES1;HMGB1;APOE
GO_Biological_Process_2023,Negative Regulation Of Ubiquitin Protein Ligase Activity (GO:1904667),3/8,5.316209909646768e-05,0.0030793123553569,0,0,60.28934010152284,593.3776232841345,RPL5;RPS7;RPL11
GO_Biological_Process_2023,Negative Regulation Of Epithelial Cell Proliferation (GO:0050680),6/70,7.144403293220934e-05,0.003984989392441,0,0,9.53737113402062,91.04943074916848,SPARC;CAV2;NFIB;CAV1;NUPR1;APOE
GO_Biological_Process_2023,Myelin Maintenance (GO:0043217),3/9,7.91555905106562e-05,0.0042574399753231,0,0,50.23857868020305,474.45791686900793,CLU;PRDX6;SOD1
GO_Biological_Process_2023,Positive Regulation Of Gene Expression (GO:0010628),15/480,0.000102795124392585,0.0052265208287618,0,0,3.371403661726242,30.95883328359189,APP;RPL5;NPM1;RPS7;RPL11;CIRBP;EEF2;CLU;ACTG1;SOD1;RPS4X;GJA1;MYC;RPS3;RPL26
GO_Biological_Process_2023,Negative Regulation Of Proteolysis Involved In Protein Catabolic Process (GO:1903051),4/25,0.00010411396073230693,0.0052265208287618,0,0,19.221574344023324,176.26230732641343,EFNA1;RPL5;RPS7;RPL11
GO_Biological_Process_2023,Removal Of Superoxide Radicals (GO:0019430),3/10,0.00011224655254723088,0.0054530099398751,0,0,43.059463379260336,391.61775629527256,PRDX2;SOD3;SOD1
GO_Biological_Process_2023,Cellular Response To Superoxide (GO:0071451),3/11,0.00015320271943439296,0.0072101029833811,0,0,37.6751269035533,330.92884130781977,PRDX2;SOD3;SOD1
GO_Biological_Process_2023,Regulation Of Developmental Growth (GO:0048638),4/29,0.00018946001545207968,0.0086462661597221,0,0,16.142857142857142,138.36579697475634,APP;CTTN;APOE;SOD1
GO_Biological_Process_2023,Regulation Of Protein-Containing Complex Assembly (GO:0043254),7/119,0.0001960407904806028,0.0086834538371702,0,0,6.375647668393782,54.43010152798513,LGALS3;RACK1;RPS3;APOE;CLU;CRYAB;NOP53
GO_Biological_Process_2023,Negative Regulation Of Protein-Containing Complex Assembly (GO:0031333),5/59,0.00030724672721336934,0.0132203877480952,0,0,9.376068376068377,75.83232332652554,RPL13A;HMGB1;CLU;CRYAB;NOP53
GO_Biological_Process_2023,Negative Regulation Of Amide Metabolic Process (GO:0034249),6/93,0.0003434688414948694,0.0143684465358687,0,0,7.007820831852115,55.89728130909484,SERBP1;RACK1;RPS3;RPL13A;APOE;CLU
GO_Biological_Process_2023,Negative Regulation Of Apoptotic Process (GO:0043066),14/482,0.00036833495137022273,0.0146589546966058,0,0,3.109181141439206,24.582796162051604,NPM1;TSC22D1;PLK2;CAV1;HSPB1;RPS3A;CLU;SOD1;PRDX2;MYC;SFN;APOE;NUPR1;CRYAB
GO_Biological_Process_2023,Plasma Membrane Bounded Cell Projection Organization (GO:0120036),7/132,0.0003698806629953666,0.0146589546966058,0,0,5.70880829015544,45.11288779648466,APP;LIMA1;CTTN;MAP1B;TPM1;APOE;HMGB1
GO_Biological_Process_2023,Cellular Response To Zinc Ion (GO:0071294),3/15,0.00041017649693527065,0.0154431451096129,0,0,25.111675126903556,195.84402098106767,MT2A;MT1X;MT1E
GO_Biological_Process_2023,Regulation Of Amyloid Fibril Formation (GO:1905906),3/15,0.00041017649693527065,0.0154431451096129,0,0,25.111675126903556,195.84402098106767,APP;CLU;CRYAB
GO_Biological_Process_2023,Negative Regulation Of Endothelial Cell Proliferation (GO:0001937),4/37,0.0004949472916124923,0.0181802590528881,0,0,12.224489795918368,93.04131653695896,SPARC;CAV2;CAV1;APOE
GO_Biological_Process_2023,Response To Reactive Oxygen Species (GO:0000302),5/66,0.0005183636414983251,0.0185870391451542,0,0,8.297183690626314,62.76681356484983,JUN;TPM1;RPS3;APOE;SOD1
GO_Biological_Process_2023,Negative Regulation Of Ubiquitin-Protein Transferase Activity (GO:0051444),3/17,0.0006040394207294829,0.0207713003992881,0,0,21.5221174764322,159.51916044937724,RPL5;RPS7;RPL11
GO_Biological_Process_2023,Negative Regulation Of Ubiquitin-Dependent Protein Catabolic Process (GO:2000059),4/39,0.0006068640222899578,0.0207713003992881,0,0,11.524781341107872,85.36642728574833,RPL5;RPS7;RPL11;NOP53
GO_Biological_Process_2023,Negative Regulation Of Protein Metabolic Process (GO:0051248),7/147,0.000704804136627044,0.023587445105785,0,0,5.093264248704664,36.96482680672569,SERBP1;RACK1;RPS3;RPL13A;APOE;CLU;CRYAB
GO_Biological_Process_2023,Regulation Of Apoptotic Process (GO:0042981),17/705,0.0007513141162177263,0.0244178693287401,0,0,2.5805693226585333,18.563807291504727,JUN;NPM1;TSC22D1;PLK2;RPS6;HSPB1;RPS3A;HMGB1;CLU;SOD1;PRDX2;MYC;RACK1;RPS3;NUPR1;CRYAB;NOP53
GO_Biological_Process_2023,Positive Regulation Of Translation (GO:0045727),6/108,0.0007620450587322617,0.0244178693287401,0,0,5.972710733778047,42.88110581119858,RPS4X;RPL5;NPM1;CIRBP;RPL26;EEF2
GO_Biological_Process_2023,Regulation Of Ubiquitin-Dependent Protein Catabolic Process (GO:2000058),4/42,0.0008067730463282587,0.0253125043285491,0,0,10.613319011815252,75.59302673955138,RPL5;RPS7;RPL11;CLU
GO_Biological_Process_2023,Bone Development (GO:0060348),4/44,0.0009633623018811156,0.0292497740522579,0,0,10.081632653061224,70.017755335544,GJA1;SBDS;PLS3;RPL13
GO_Biological_Process_2023,Plasma Membrane Raft Assembly (GO:0044854),2/5,0.0009754681839454336,0.0292497740522579,0,0,66.65656565656566,462.1028413784856,CAV2;EMP2
GO_Biological_Process_2023,Cellular Response To Copper Ion (GO:0071280),3/20,0.0009905301969888136,0.0292497740522579,0,0,17.721409375933113,122.5837770787782,MT2A;MT1X;MT1E
GO_Biological_Process_2023,Negative Regulation Of Cellular Process (GO:0048523),14/537,0.001056938304021,0.030610559343379,0,0,2.7742963465531774,19.010529866059336,APP;COL18A1;NPM1;FHL1;TACSTD2;CLU;HOPX;GJA1;GPNMB;MYC;RACK1;IGFBP7;NUPR1;CRYAB
GO_Biological_Process_2023,Response To Cadmium Ion (GO:0046686),3/21,0.0011471485105092,0.031992697348647,0,0,16.736040609137056,113.3109608085056,JUN;MT1X;MT1E
GO_Biological_Process_2023,Positive Regulation Of Signal Transduction By P53 Class Mediator (GO:1901798),3/21,0.0011471485105092,0.031992697348647,0,0,16.736040609137056,113.3109608085056,RPS15;RPS7;MYC
GO_Biological_Process_2023,Regulation Of Signal Transduction By P53 Class Mediator (GO:1901796),4/47,0.0012365931398092,0.0338601685191413,0,0,9.376839107736116,62.78164306999791,RPS15;RPL5;RPL11;NOP53
GO_Biological_Process_2023,Cellular Response To Cadmium Ion (GO:0071276),3/22,0.0013185462203513,0.0347566603789164,0,0,15.854394870424793,105.13406751270358,JUN;MT1X;MT1E
GO_Biological_Process_2023,Response To Gamma Radiation (GO:0010332),3/22,0.0013185462203513,0.0347566603789164,0,0,15.854394870424793,105.13406751270358,MYC;RPL26;CRYAB
GO_Biological_Process_2023,Regulation Of DNA Binding (GO:0051101),4/48,0.0013385699216315,0.0347566603789164,0,0,9.16326530612245,60.625569437732594,JUN;HES1;EDF1;HMGB1
GO_Biological_Process_2023,Positive Regulation Of Macromolecule Biosynthetic Process (GO:0010557),6/122,0.0014348093021821,0.0353077032316747,0,0,5.2481336651262,34.35807909954173,RPS4X;RPL5;NPM1;CIRBP;RPL26;EEF2
GO_Biological_Process_2023,Receptor-Mediated Endocytosis (GO:0006898),6/122,0.0014348093021821,0.0353077032316747,0,0,5.2481336651262,34.35807909954173,CTTN;CAV2;CAV1;CLTB;CD9;APOE
GO_Biological_Process_2023,Regulation Of Protein Phosphorylation (GO:0001932),9/265,0.0014382283787109,0.0353077032316747,0,0,3.59734947643979,23.5422896395158,EFNA1;APP;NPM1;GPNMB;CCND1;RACK1;HSPB1;NOP53;SOD1
GO_Biological_Process_2023,Ribosomal Small Subunit Export From Nucleus (GO:0000056),2/6,0.0014535707837741,0.0353077032316747,0,0,49.98989898989899,326.6206097208578,RPS15;NPM1
GO_Biological_Process_2023,Negative Regulation Of Growth (GO:0045926),6/124,0.0015592887441538,0.0372744261697719,0,0,5.158658046479119,33.34311780301567,GJA1;MT2A;FHL1;RACK1;MT1X;MT1E
GO_Biological_Process_2023,Cholesterol Transport (GO:0030301),4/51,0.0016795486223,0.0395218785184986,0,0,8.577073382544507,54.80089627367308,LIMA1;CAV1;APOE;CLU
GO_Biological_Process_2023,Response To Copper Ion (GO:0046688),3/24,0.0017076659731305,0.0395653070082251,0,0,14.343002175489485,91.40261395182884,MT2A;MT1X;MT1E
GO_Biological_Process_2023,Positive Regulation Of Cellular Biosynthetic Process (GO:0031328),7/174,0.0018741340811517,0.0426626147396878,0,0,4.263938444354814,26.775864310218545,RPS4X;RPL5;NPM1;CIRBP;RPL26;EEF2;CLU
GO_Biological_Process_2023,Regulation Of Monocyte Chemotaxis (GO:0090025),3/25,0.0019263332020576,0.0426626147396878,0,0,13.690355329949238,85.59397680666795,HMGB1;S100A14;NBL1
GO_Biological_Process_2023,Response To Zinc Ion (GO:0010043),3/25,0.0019263332020576,0.0426626147396878,0,0,13.690355329949238,85.59397680666795,MT2A;MT1X;MT1E
GO_Biological_Process_2023,Regulation Of Extent Of Cell Growth (GO:0061387),2/7,0.0020216133697869,0.0434935676414161,0,0,39.98989898989899,248.09171029141777,CTTN;APOE
GO_Biological_Process_2023,Positive Regulation Of Leukocyte Differentiation (GO:1902107),2/7,0.0020216133697869,0.0434935676414161,0,0,39.98989898989899,248.09171029141777,LGALS3;HMGB1
GO_Biological_Process_2023,Negative Regulation Of Protein Modification By Small Protein Conjugation Or Removal (GO:1903321),4/54,0.0020765932331265,0.0440471747758956,0,0,8.061224489795919,49.79439807569174,RPL5;CAV1;RPL11;RPS3
GO_Biological_Process_2023,Epithelial Cell Differentiation (GO:0030855),6/132,0.0021411000582919,0.0445955690480801,0,0,4.829160530191458,29.682123892270933,LGALS3;CBR1;KRT14;EDF1;KRT10;CNN3
GO_Biological_Process_2023,Mitotic G1 DNA Damage Checkpoint Signaling (GO:0031571),3/26,0.0021616710096346,0.0445955690480801,0,0,13.094460384021188,80.35905008065508,CCND1;PLK2;RPL26
GO_Biological_Process_2023,Negative Regulation Of Long-Term Synaptic Potentiation (GO:1900272),2/8,0.0026777674677022,0.0531865046259972,0,0,33.323232323232325,197.36590289038227,APP;APOE
GO_Biological_Process_2023,Regulation Of Intrinsic Apoptotic Signaling Pathway By P53 Class Mediator (GO:1902253),2/8,0.0026777674677022,0.0531865046259972,0,0,33.323232323232325,197.36590289038227,RPS7;MYC
GO_Biological_Process_2023,Golgi To Plasma Membrane Protein Transport (GO:0043001),3/28,0.0026840467141937,0.0531865046259972,0,0,12.045685279187817,71.31563234569973,SPTBN1;OPTN;VAMP2
GO_Biological_Process_2023,Positive Regulation Of Supramolecular Fiber Organization (GO:1902905),5/96,0.0027862697528819,0.0544950941277947,0,0,5.553395322626092,32.67091114865691,APP;CTTN;RPS3;APOE;CLU
GO_Biological_Process_2023,Regulation Of miRNA Transcription (GO:1902893),4/59,0.0028749370578511,0.0548057621408088,0,0,7.326530612244898,42.87283866824234,JUN;KLF5;NFIB;MYC
GO_Biological_Process_2023,Positive Regulation Of Protein Binding (GO:0032092),4/59,0.0028749370578511,0.0548057621408088,0,0,7.326530612244898,42.87283866824234,APP;CAV1;RPL11;APOE
GO_Biological_Process_2023,Regulation Of Muscle Contraction (GO:0006937),3/29,0.002971884860348,0.0559457324960514,0,0,11.581803982819212,67.38940857682955,CAV1;TPM1;MYL9
GO_Biological_Process_2023,Positive Regulation Of Protein-Containing Complex Assembly (GO:0031334),5/98,0.003046494595945,0.0566422328579409,0,0,5.433416046319272,31.47992845042133,LGALS3;TPPP3;RACK1;RPS3;CLU
GO_Biological_Process_2023,"Maturation Of SSU-rRNA From Tricistronic rRNA Transcript (SSU-rRNA, 5.8S rRNA, LSU-rRNA) (GO:0000462)",3/30,0.0032779948419926,0.0602031735614738,0,0,11.152284263959393,63.79690278522437,RPS14;RPS19;RPS8
GO_Biological_Process_2023,Response To UV (GO:0009411),5/100,0.0033238214487381,0.0603093385758994,0,0,5.318488529014845,30.350700013257832,NPM1;CCND1;MYC;CIRBP;RPL26
GO_Biological_Process_2023,Positive Regulation Of Epidermis Development (GO:0045684),2/9,0.0034202318391573,0.0610008370530747,0,0,28.561327561327563,162.17255858986445,SFN;KRT10
GO_Biological_Process_2023,Positive Regulation Of Apoptotic Signaling Pathway (GO:2001235),4/62,0.0034429423303528,0.0610008370530747,0,0,6.946516537649543,39.39667426105362,CAV1;RACK1;RPS3;NUPR1
GO_Biological_Process_2023,Positive Regulation Of Cellular Catabolic Process (GO:0031331),6/146,0.0035353066924038,0.0619089753344216,0,0,4.343151693667157,24.51689684432704,APP;TMEM59;PLK2;APOE;HMGB1;OPTN
GO_Biological_Process_2023,Positive Regulation Of Mononuclear Cell Migration (GO:0071677),3/31,0.00360273455,0.062364577382759,0,0,10.753444525018129,60.49954695168429,LGALS3;HMGB1;S100A14
GO_Biological_Process_2023,Positive Regulation Of Cell Cycle (GO:0045787),4/65,0.0040828180576182,0.0670309491106169,0,0,6.603880896620943,36.32773635617284,APP;RPS15A;CCND1;NUPR1
GO_Biological_Process_2023,Negative Regulation Of MAPK Cascade (GO:0043409),5/105,0.0040960318506073,0.0670309491106169,0,0,5.051282051282051,27.770618287278307,MYC;CAV1;PEBP1;TIMP3;APOE
GO_Biological_Process_2023,Regulation Of Dendritic Cell Differentiation (GO:2001198),2/10,0.0042472321345398,0.0670309491106169,0,0,24.98989898989899,136.4820277236255,LGALS3;HMGB1
GO_Biological_Process_2023,Receptor-Mediated Endocytosis Of Virus By Host Cell (GO:0019065),2/10,0.0042472321345398,0.0670309491106169,0,0,24.98989898989899,136.4820277236255,CAV2;CAV1
GO_Biological_Process_2023,Negative Regulation Of Endocytosis (GO:0045806),3/33,0.0043094538934011,0.0670309491106169,0,0,10.03553299492386,54.6629871343117,LGALS3;CAV1;RACK1
GO_Biological_Process_2023,Actin Filament Bundle Assembly (GO:0051017),3/33,0.0043094538934011,0.0670309491106169,0,0,10.03553299492386,54.6629871343117,LIMA1;CALD1;PLS3
GO_Biological_Process_2023,Actin Filament Bundle Organization (GO:0061572),3/33,0.0043094538934011,0.0670309491106169,0,0,10.03553299492386,54.6629871343117,LIMA1;CALD1;PLS3
GO_Biological_Process_2023,Positive Regulation Of DNA Binding (GO:0043388),3/33,0.0043094538934011,0.0670309491106169,0,0,10.03553299492386,54.6629871343117,HES1;EDF1;HMGB1
GO_Biological_Process_2023,Regulation Of Amyloid-Beta Formation (GO:1902003),3/33,0.0043094538934011,0.0670309491106169,0,0,10.03553299492386,54.6629871343117,EFNA1;APOE;CLU
GO_Biological_Process_2023,Negative Regulation Of Transcription By RNA Polymerase II (GO:0000122),16/763,0.0043173984486917,0.0670309491106169,0,0,2.2179151388161342,12.07677475499226,JUN;CAV1;ARID5B;HMGB1;EFNA1;EID1;RPS14;CCND1;MYC;NFIC;ID1;ID4;ID3;HES1;MAGED2;NOP53
GO_Biological_Process_2023,Superoxide Metabolic Process (GO:0006801),3/34,0.0046920695585813,0.0721046607675861,0,0,9.711314884558703,52.07091984713094,PRDX2;SOD3;SOD1
GO_Biological_Process_2023,Intermediate Filament Organization (GO:0045109),4/68,0.0047986051189846,0.072288633993245,0,0,6.293367346938775,33.6029944353692,DSP;KRT14;KRT5;KRT10
GO_Biological_Process_2023,Positive Regulation Of Cysteine-Type Endopeptidase Activity Involved In Apoptotic Process (GO:0043280),5/109,0.004800042097825,0.072288633993245,0,0,4.856015779092703,25.9269023952046,BEX3;MYC;RACK1;RPS3;HMGB1
GO_Biological_Process_2023,Protein Stabilization (GO:0050821),7/208,0.0050297138001585,0.0725838591816229,0,0,3.53654009744026,18.716757209231154,EFNA1;RPL5;RPS7;RPL11;CRYAB;CLU;NOP53
GO_Biological_Process_2023,Platelet Aggregation (GO:0070527),3/35,0.0050945877067937,0.0725838591816229,0,0,9.407360406091373,49.666879272481374,HSPB1;MYL9;ACTG1
GO_Biological_Process_2023,Regulation Of Muscle System Process (GO:0090257),2/11,0.0051570205394645,0.0725838591816229,0,0,22.21212121212121,117.00004466783103,TPM1;MYL9
GO_Biological_Process_2023,Regulation Of Ventricular Cardiac Muscle Cell Action Potential (GO:0098911),2/11,0.0051570205394645,0.0725838591816229,0,0,22.21212121212121,117.00004466783103,DSP;CAV1
GO_Biological_Process_2023,Intracellular Copper Ion Homeostasis (GO:0006878),2/11,0.0051570205394645,0.0725838591816229,0,0,22.21212121212121,117.00004466783103,APP;MT2A
GO_Biological_Process_2023,Macrophage Chemotaxis (GO:0048246),2/11,0.0051570205394645,0.0725838591816229,0,0,22.21212121212121,117.00004466783103,LGALS3;KLF5
GO_Biological_Process_2023,Negative Regulation Of Amyloid Fibril Formation (GO:1905907),2/11,0.0051570205394645,0.0725838591816229,0,0,22.21212121212121,117.00004466783103,CLU;CRYAB
GO_Biological_Process_2023,Positive Regulation Of Cellular Component Organization (GO:0051130),5/113,0.0055860139336025,0.077292354510182,0,0,4.675213675213676,24.25262099525128,LGALS3;RACK1;RPS3;APOE;CLU
GO_Biological_Process_2023,Negative Regulation Of Supramolecular Fiber Organization (GO:1902904),4/71,0.0055942009572442,0.077292354510182,0,0,6.0106609808102345,31.17143667727425,LIMA1;APOE;CLU;CRYAB
GO_Biological_Process_2023,Cellular Response To Hypoxia (GO:0071456),4/72,0.005877786338127,0.0773719194256244,0,0,5.921968787515006,30.41863718634327,MYC;RORA;AQP3;NOP53
GO_Biological_Process_2023,Cholesterol Homeostasis (GO:0042632),4/72,0.005877786338127,0.0773719194256244,0,0,5.921968787515006,30.41863718634327,LIMA1;CAV1;RORA;APOE
GO_Biological_Process_2023,Negative Regulation Of Catabolic Process (GO:0009895),4/72,0.005877786338127,0.0773719194256244,0,0,5.921968787515006,30.41863718634327,RPL5;RPS7;RPL11;NUPR1
GO_Biological_Process_2023,Positive Regulation Of Apoptotic Process (GO:0043065),8/270,0.0059367585694656,0.0773719194256244,0,0,3.107188295165394,15.929286625198069,JUN;RPS6;RACK1;RPS3;NUPR1;HMGB1;CLU;SOD1
GO_Biological_Process_2023,Regulation Of Vascular Associated Smooth Muscle Cell Proliferation (GO:1904705),3/37,0.0059604378312344,0.0773719194256244,0,0,8.853090474768587,45.35094165112317,GJA1;JUN;TPM1
GO_Biological_Process_2023,Negative Regulation Of Stem Cell Differentiation (GO:2000737),2/12,0.0061478754316609,0.0773719194256244,0,0,19.98989898989899,101.78154350719132,HES1;ZFP36L2
GO_Biological_Process_2023,Macrophage Migration (GO:1905517),2/12,0.0061478754316609,0.0773719194256244,0,0,19.98989898989899,101.78154350719132,LGALS3;KLF5
GO_Biological_Process_2023,Myelination In Peripheral Nervous System (GO:0022011),2/12,0.0061478754316609,0.0773719194256244,0,0,19.98989898989899,101.78154350719132,PRDX6;SOD1
GO_Biological_Process_2023,Cellular Response To Decreased Oxygen Levels (GO:0036294),4/73,0.0061707911267906,0.0773719194256244,0,0,5.835847382431234,29.692372629986004,MYC;RORA;AQP3;NOP53
GO_Biological_Process_2023,Cellular Response To Reactive Oxygen Species (GO:0034614),4/73,0.0061707911267906,0.0773719194256244,0,0,5.835847382431234,29.692372629986004,JUN;TPM1;RPS3;CLU
GO_Biological_Process_2023,Sterol Homeostasis (GO:0055092),4/73,0.0061707911267906,0.0773719194256244,0,0,5.835847382431234,29.692372629986004,LIMA1;CAV1;RORA;APOE
GO_Biological_Process_2023,Establishment Of Protein Localization To Plasma Membrane (GO:0061951),3/38,0.0064242870484076,0.0773719194256244,0,0,8.599709934735316,43.40849457481817,SPTBN1;OPTN;VAMP2
GO_Biological_Process_2023,Maturation Of SSU-rRNA (GO:0030490),3/38,0.0064242870484076,0.0773719194256244,0,0,8.599709934735316,43.40849457481817,RPS14;RPS19;RPS8
GO_Biological_Process_2023,Membrane Assembly (GO:0071709),3/38,0.0064242870484076,0.0773719194256244,0,0,8.599709934735316,43.40849457481817,EMP2;DMKN;SPTBN1
GO_Biological_Process_2023,Cellular Response To Oxidative Stress (GO:0034599),5/117,0.0064587671283627,0.0773719194256244,0,0,4.507326007326007,22.727365768827884,PRDX2;JUN;TPM1;RPS3;ZFP36L2
GO_Biological_Process_2023,Regulation Of mRNA Stability (GO:0043488),4/74,0.0064733478403908,0.0773719194256244,0,0,5.752186588921282,28.99137625994184,NPM1;SERBP1;CIRBP;ZFP36L2
GO_Biological_Process_2023,Gland Development (GO:0048732),4/74,0.0064733478403908,0.0773719194256244,0,0,5.752186588921282,28.99137625994184,CAV1;ARID5B;HES1;SOD1
GO_Biological_Process_2023,Positive Regulation Of Intracellular Signal Transduction (GO:1902533),12/525,0.0067426270432921,0.0794279790400198,0,0,2.3997760358342664,11.997213920991271,RPS15;APP;NDFIP2;GJA1;CAV2;PLK2;CAV1;RACK1;RPS3;NUPR1;HMGB1;SOD1
GO_Biological_Process_2023,Negative Regulation Of Gene Expression (GO:0010629),9/336,0.0068727283098536,0.0794279790400198,0,0,2.806042557279408,13.974636637751845,APP;NDFIP2;GPNMB;SERBP1;RACK1;RPS3;RPL13A;APOE;ZFP36L2
GO_Biological_Process_2023,Negative Regulation Of Transport (GO:0051051),3/39,0.006909073873999,0.0794279790400198,0,0,8.360406091370558,41.59234877252794,LGALS3;NDFIP2;CRYAB
GO_Biological_Process_2023,Regulation Of Protein Tyrosine Kinase Activity (GO:0061097),3/39,0.006909073873999,0.0794279790400198,0,0,8.360406091370558,41.59234877252794,EFNA1;APP;CAV1
GO_Biological_Process_2023,Retina Homeostasis (GO:0001895),3/39,0.006909073873999,0.0794279790400198,0,0,8.360406091370558,41.59234877252794,HSPB1;ACTG1;SOD1
GO_Biological_Process_2023,Regulation Of Response To Endoplasmic Reticulum Stress (GO:1905897),2/13,0.0072181010363148,0.0817327831630841,0,0,18.171717171717173,89.6077061786221,NUPR1;CLU
GO_Biological_Process_2023,Thymus Development (GO:0048538),2/13,0.0072181010363148,0.0817327831630841,0,0,18.171717171717173,89.6077061786221,HES1;SOD1
GO_Biological_Process_2023,Negative Regulation Of Mitotic Cell Cycle Phase Transition (GO:1901991),3/40,0.0074150224240263,0.0827186945969161,0,0,8.134037590890383,39.89133172446582,GPNMB;FHL1;ZFP36L2
GO_Biological_Process_2023,Endothelial Cell Migration (GO:0043542),3/40,0.0074150224240263,0.0827186945969161,0,0,8.134037590890383,39.89133172446582,S100A2;ID1;EMP2
GO_Biological_Process_2023,Positive Regulation Of Tumor Necrosis Factor Production (GO:0032760),4/78,0.0077816695485545,0.0861705466185528,0,0,5.44015444015444,26.41730492570561,APP;HSPB1;HMGB1;CLU
GO_Biological_Process_2023,Negative Regulation Of Cellular Component Organization (GO:0051129),4/79,0.0081338984677975,0.0894135116241105,0,0,5.36734693877551,25.826143528716216,LGALS3;CLU;CRYAB;NOP53
GO_Biological_Process_2023,Copper Ion Homeostasis (GO:0055070),2/14,0.0083660270881822,0.0912988173536409,0,0,16.656565656565657,79.67795051677446,APP;MT2A
GO_Biological_Process_2023,Collagen Fibril Organization (GO:0030199),3/42,0.0084912352718872,0.0913414308533015,0,0,7.716126513080828,36.79605293636041,COL18A1;COL1A2;SERPINH1
GO_Biological_Process_2023,Translational Elongation (GO:0006414),3/42,0.0084912352718872,0.0913414308533015,0,0,7.716126513080828,36.79605293636041,EEF1A1;RACK1;EEF2
GO_Biological_Process_2023,Negative Regulation Of Multicellular Organismal Process (GO:0051241),7/231,0.008754531092666,0.0935058427344326,0,0,3.1696891191709846,15.018569868411172,EFNA1;GJA1;RPS19;GPNMB;NFIB;ID1;TACSTD2
GO_Biological_Process_2023,Positive Regulation Of miRNA Transcription (GO:1902895),3/43,0.0090618828226133,0.0938039713259649,0,0,7.522842639593908,35.3850321555175,JUN;KLF5;MYC
GO_Biological_Process_2023,Regulation Of Phosphorylation (GO:0042325),4/82,0.0092528602217495,0.0938039713259649,0,0,5.160125588697017,24.16395252997982,APP;HSPB1;EMP2;NOP53
GO_Biological_Process_2023,Positive Regulation Of Tumor Necrosis Factor Superfamily Cytokine Production (GO:1903557),4/82,0.0092528602217495,0.0938039713259649,0,0,5.160125588697017,24.16395252997982,APP;HSPB1;HMGB1;CLU
GO_Biological_Process_2023,Regulation Of Cholesterol Biosynthetic Process (GO:0045540),2/15,0.0095900084936835,0.0938039713259649,0,0,15.374514374514376,71.44588341233826,APOE;SOD1
GO_Biological_Process_2023,Negative Regulation Of Immune Effector Process (GO:0002698),2/15,0.0095900084936835,0.0938039713259649,0,0,15.374514374514376,71.44588341233826,LGALS3;RPS19
GO_Biological_Process_2023,Negative Regulation Of Phagocytosis (GO:0050765),2/15,0.0095900084936835,0.0938039713259649,0,0,15.374514374514376,71.44588341233826,RACK1;HMGB1
GO_Biological_Process_2023,Negative Regulation Of Platelet Activation (GO:0010544),2/15,0.0095900084936835,0.0938039713259649,0,0,15.374514374514376,71.44588341233826,CD9;APOE
GO_Biological_Process_2023,Regulation Of Intrinsic Apoptotic Signaling Pathway In Response To DNA Damage (GO:1902229),2/15,0.0095900084936835,0.0938039713259649,0,0,15.374514374514376,71.44588341233826,RPS3;CLU
GO_Biological_Process_2023,Dendritic Cell Chemotaxis (GO:0002407),2/15,0.0095900084936835,0.0938039713259649,0,0,15.374514374514376,71.44588341233826,HMGB1;CLU
GO_Biological_Process_2023,Retrograde Axonal Transport (GO:0008090),2/15,0.0095900084936835,0.0938039713259649,0,0,15.374514374514376,71.44588341233826,DST;SOD1
GO_Biological_Process_2023,Protein Localization To Cell-Cell Junction (GO:0150105),2/15,0.0095900084936835,0.0938039713259649,0,0,15.374514374514376,71.44588341233826,DSP;ACTG1
GO_Biological_Process_2023,Regulation Of Amyloid-Beta Clearance (GO:1900221),2/15,0.0095900084936835,0.0938039713259649,0,0,15.374514374514376,71.44588341233826,APOE;CLU
GO_Biological_Process_2023,Positive Regulation Of Proteasomal Ubiquitin-Dependent Protein Catabolic Process (GO:0032436),4/83,0.0096469883387525,0.0938039713259649,0,0,5.094549212089899,23.6443607545466,CAV1;RACK1;CLU;NOP53
GO_Biological_Process_2023,Response To Unfolded Protein (GO:0006986),3/44,0.0096544592002155,0.0938039713259649,0,0,7.338987247740498,34.05536215760635,SERPINH1;HSPB1;OPTN
GO_Biological_Process_2023,Regulation Of Stem Cell Differentiation (GO:2000736),3/45,0.0102691253206439,0.098652079989405,0,0,7.163886874546773,32.800668633723014,TACSTD2;HES1;ZFP36L2
GO_Biological_Process_2023,Regulation Of Cell Population Proliferation (GO:0042127),15/766,0.0102844465858808,0.098652079989405,0,0,2.056609205743693,9.413352403432274,APP;COL18A1;JUN;NPM1;TSC22D1;RPS6;EMP2;CLU;RPS4X;RPS15A;GPNMB;MYC;HES1;IGFBP7;NUPR1
GO_Biological_Process_2023,Epidermis Development (GO:0008544),4/85,0.0104676198849292,0.0995423132719071,0,0,4.968253968253968,22.65259800022629,DSP;CRABP2;KRT14;KRT5
GO_Biological_Process_2023,Regulation Of Autophagy (GO:0010506),7/241,0.0108871391211586,0.0995423132719071,0,0,3.0326823435631725,13.70824910022574,EEF1A1;TMEM59;PLK2;HSPB1;NUPR1;HMGB1;OPTN
GO_Biological_Process_2023,Cellular Response To Gamma Radiation (GO:0071480),2/16,0.0108884250018907,0.0995423132719071,0,0,14.275613275613276,64.52655688502057,RPL26;CRYAB
GO_Biological_Process_2023,Reverse Cholesterol Transport (GO:0043691),2/16,0.0108884250018907,0.0995423132719071,0,0,14.275613275613276,64.52655688502057,APOE;CLU
GO_Biological_Process_2023,Ruffle Organization (GO:0031529),2/16,0.0108884250018907,0.0995423132719071,0,0,14.275613275613276,64.52655688502057,LIMA1;TPM1
GO_Biological_Process_2023,Negative Regulation Of Amyloid-Beta Formation (GO:1902430),2/16,0.0108884250018907,0.0995423132719071,0,0,14.275613275613276,64.52655688502057,APOE;CLU
GO_Biological_Process_2023,Response To Hydrogen Peroxide (GO:0042542),3/46,0.0109060303385555,0.0995423132719071,0,0,6.996930704757408,31.61520738006147,RPS3;CLU;SOD1
GO_Biological_Process_2023,Homotypic Cell-Cell Adhesion (GO:0034109),3/46,0.0109060303385555,0.0995423132719071,0,0,6.996930704757408,31.61520738006147,HSPB1;MYL9;ACTG1
GO_Biological_Process_2023,Positive Regulation Of Macromolecule Metabolic Process (GO:0010604),9/364,0.0112485600908688,0.1020501897400515,0,0,2.5810043507115994,11.5822961271857,APP;RPL5;GJA1;RPS7;MYC;RPL11;RPS3;CLU;ACTG1
GO_Biological_Process_2023,Golgi To Plasma Membrane Transport (GO:0006893),3/47,0.0115653119162109,0.1038423005370139,0,0,6.83756345177665,30.49378950483647,SPTBN1;OPTN;VAMP2
GO_Biological_Process_2023,Cellular Response To Metal Ion (GO:0071248),5/135,0.0115840016535314,0.1038423005370139,0,0,3.8796844181459567,17.296138661286985,MT2A;JUN;MT1X;CLU;MT1E
GO_Biological_Process_2023,Negative Regulation Of Neuron Death (GO:1901215),4/88,0.0117810854608779,0.1043665570828364,0,0,4.790087463556851,21.274023659747563,GPNMB;APOE;CLU;SOD1
GO_Biological_Process_2023,Negative Regulation Of Protein Kinase Activity (GO:0006469),4/88,0.0117810854608779,0.1043665570828364,0,0,4.790087463556851,21.274023659747563,NPM1;CAV1;HSPB1;SFN
GO_Biological_Process_2023,Regulation Of Intrinsic Apoptotic Signaling Pathway (GO:2001242),3/48,0.0122470965035044,0.1051242133855956,0,0,6.685279187817259,29.431716933517144,CAV1;RACK1;NUPR1
GO_Biological_Process_2023,"DNA Damage Response, Signal Transduction By P53 Class Mediator Resulting In Cell Cycle Arrest (GO:0006977)",2/17,0.0122596808748648,0.1051242133855956,0,0,13.323232323232324,58.64139939765107,PLK2;RPL26
GO_Biological_Process_2023,Positive Chemotaxis (GO:0050918),2/17,0.0122596808748648,0.1051242133855956,0,0,13.323232323232324,58.64139939765107,LGALS3;GPNMB
GO_Biological_Process_2023,Positive Regulation By Host Of Viral Process (GO:0044794),2/17,0.0122596808748648,0.1051242133855956,0,0,13.323232323232324,58.64139939765107,EEF1A1;CAV2
GO_Biological_Process_2023,Positive Regulation Of Amyloid-Beta Formation (GO:1902004),2/17,0.0122596808748648,0.1051242133855956,0,0,13.323232323232324,58.64139939765107,EFNA1;CLU
GO_Biological_Process_2023,Negative Regulation Of Cellular Biosynthetic Process (GO:0031327),5/137,0.0122854326400164,0.1051242133855956,0,0,3.8205128205128207,16.807738908917543,CAV1;SERBP1;RACK1;RPS3;RPL13A
GO_Biological_Process_2023,Positive Regulation Of Proteasomal Protein Catabolic Process (GO:1901800),4/90,0.0127129141043288,0.1081675064470013,0,0,4.678215472235406,20.421051187786546,RACK1;NUPR1;CLU;NOP53
GO_Biological_Process_2023,Neuron Projection Development (GO:0031175),6/192,0.0128979948631561,0.108966248077983,0,0,3.261390089790489,14.189275778913128,APP;CTTN;MAP1B;APOE;HMGB1;NBL1
GO_Biological_Process_2023,Positive Regulation Of miRNA Metabolic Process (GO:2000630),3/49,0.0129514996055504,0.108966248077983,0,0,6.539615978812624,28.42472661929245,JUN;KLF5;MYC
GO_Biological_Process_2023,Regulation Of Epidermal Cell Differentiation (GO:0045604),2/18,0.0137022045657748,0.1115433517624699,0,0,12.48989898989899,53.58414643474309,SFN;AQP3
GO_Biological_Process_2023,Regulation Of Oxidative Stress-Induced Intrinsic Apoptotic Signaling Pathway (GO:1902175),2/18,0.0137022045657748,0.1115433517624699,0,0,12.48989898989899,53.58414643474309,HSPB1;SOD1
GO_Biological_Process_2023,Regulation Of Protein Neddylation (GO:2000434),2/18,0.0137022045657748,0.1115433517624699,0,0,12.48989898989899,53.58414643474309,RPL5;RPL11
GO_Biological_Process_2023,Dendritic Cell Migration (GO:0036336),2/18,0.0137022045657748,0.1115433517624699,0,0,12.48989898989899,53.58414643474309,HMGB1;CLU
GO_Biological_Process_2023,Positive Regulation Of Monocyte Chemotaxis (GO:0090026),2/18,0.0137022045657748,0.1115433517624699,0,0,12.48989898989899,53.58414643474309,HMGB1;S100A14
GO_Biological_Process_2023,Negative Regulation Of Amyloid Precursor Protein Catabolic Process (GO:1902992),2/18,0.0137022045657748,0.1115433517624699,0,0,12.48989898989899,53.58414643474309,APOE;CLU
GO_Biological_Process_2023,Regulation Of Endothelial Cell Proliferation (GO:0001936),4/93,0.0141968234235646,0.1143337758068897,0,0,4.519834900252236,19.23070897367363,SPARC;CAV2;CAV1;APOE
GO_Biological_Process_2023,Positive Regulation Of Cellular Component Biogenesis (GO:0044089),4/93,0.0141968234235646,0.1143337758068897,0,0,4.519834900252236,19.23070897367363,LGALS3;RACK1;RPS3;CLU
GO_Biological_Process_2023,Negative Regulation Of Cell Population Proliferation (GO:0008285),9/379,0.0143173748505096,0.1146913113024872,0,0,2.474458751945663,10.507248308930764,APP;COL18A1;NPM1;GPNMB;MYC;HES1;IGFBP7;APOE;NUPR1
GO_Biological_Process_2023,Positive Regulation Of Protein Localization To Plasma Membrane (GO:1903078),3/51,0.0144285702203611,0.1149705119146241,0,0,6.266497461928934,26.5608314530226,LGALS3;RACK1;SPTBN1
GO_Biological_Process_2023,Negative Regulation Of DNA-templated Transcription (GO:0045892),18/1025,0.0147239502256205,0.1164519844713128,0,0,1.845728253871253,7.78579829074018,JUN;CAV1;ARID5B;HMGB1;EFNA1;EID1;RPS14;CCND1;NFIB;MYC;NFIC;ID1;ID4;ID3;HES1;MAGED2;CRYAB;NOP53
GO_Biological_Process_2023,Negative Regulation Of Programmed Cell Death (GO:0043069),9/381,0.0147691427848743,0.1164519844713128,0,0,2.4609018746833304,10.373231041294362,PRDX2;NPM1;TSC22D1;MYC;PLK2;HSPB1;RPS3A;NUPR1;CRYAB
GO_Biological_Process_2023,Actin Filament Organization (GO:0007015),5/144,0.0149663146755444,0.1169028535360594,0,0,3.626821619627375,15.239735042336031,TPM1;PLS3;DSTN;EMP2;CNN3
GO_Biological_Process_2023,Cell Cycle G1/S Phase Transition (GO:0044843),3/52,0.0152014163710364,0.1169028535360594,0,0,6.1382989744121,25.69717025640832,CCND1;MYC;PLK2
GO_Biological_Process_2023,Regulation Of Centriole Replication (GO:0046599),2/19,0.0152144484017713,0.1169028535360594,0,0,11.754604872251932,49.19901329869125,NPM1;PLK2
GO_Biological_Process_2023,Release Of Cytochrome C From Mitochondria (GO:0001836),2/19,0.0152144484017713,0.1169028535360594,0,0,11.754604872251932,49.19901329869125,SFN;CLU
GO_Biological_Process_2023,Positive Regulation Of Activated T Cell Proliferation (GO:0042104),2/19,0.0152144484017713,0.1169028535360594,0,0,11.754604872251932,49.19901329869125,RPS3;HMGB1
GO_Biological_Process_2023,Cellular Response To Transforming Growth Factor Beta Stimulus (GO:0071560),4/96,0.0157862373617276,0.1206805759734099,0,0,4.371783496007098,18.13685433330235,JUN;COL1A2;ID1;ZFP36L2
GO_Biological_Process_2023,Cellular Component Assembly (GO:0022607),7/260,0.015941032759206,0.121064530923489,0,0,2.8022077044379365,11.597942065431392,LIMA1;CALD1;KRT14;PLS3;HES1;VAMP2;SPTBN1
GO_Biological_Process_2023,Blood Vessel Morphogenesis (GO:0048514),3/53,0.0159972388139271,0.121064530923489,0,0,6.01522842639594,24.875009582390742,CAV1;ID1;HES1
GO_Biological_Process_2023,Positive Regulation Of Cellular Process (GO:0048522),12/594,0.0166646678554118,0.122937135475168,0,0,2.107699056810704,8.629898960767964,RPS4X;NPM1;RPS15A;TSC22D1;CAVIN1;MYC;CAV1;RPS6;TPM1;HES1;EMP2;NUPR1
GO_Biological_Process_2023,Regulation Of Smooth Muscle Contraction (GO:0006940),2/20,0.0167948882548689,0.122937135475168,0,0,11.1010101010101,45.36628383483138,CTTN;CAV1
GO_Biological_Process_2023,Positive Regulation Of Vascular Associated Smooth Muscle Cell Proliferation (GO:1904707),2/20,0.0167948882548689,0.122937135475168,0,0,11.1010101010101,45.36628383483138,JUN;GJA1
GO_Biological_Process_2023,Long-Term Synaptic Potentiation (GO:0060291),2/20,0.0167948882548689,0.122937135475168,0,0,11.1010101010101,45.36628383483138,PLK2;VAMP2
GO_Biological_Process_2023,Microglial Cell Activation (GO:0001774),2/20,0.0167948882548689,0.122937135475168,0,0,11.1010101010101,45.36628383483138,APP;CLU
GO_Biological_Process_2023,Regulation Of Lipid Metabolic Process (GO:0019216),3/54,0.0168161021964705,0.122937135475168,0,0,5.896984174380412,24.09164757699128,CAV1;RORA;EDF1
GO_Biological_Process_2023,Regulation Of Blood Vessel Endothelial Cell Migration (GO:0043535),3/54,0.0168161021964705,0.122937135475168,0,0,5.896984174380412,24.09164757699128,HSPB1;HMGB1;APOE
GO_Biological_Process_2023,Negative Regulation Of Macromolecule Biosynthetic Process (GO:0010558),4/98,0.0169055476223315,0.122993984150876,0,0,4.278332609639601,17.456082420924414,SERBP1;RACK1;RPS3;RPL13A
GO_Biological_Process_2023,Skeletal System Development (GO:0001501),5/149,0.0171044362969275,0.1238426974191004,0,0,3.5,14.239460957930143,COL18A1;GJA1;COL1A2;PLS3;RPL13
GO_Biological_Process_2023,Negative Regulation Of Cell Differentiation (GO:0045596),6/207,0.01804534234375,0.1297482985251997,0,0,3.015694722264964,12.10761524119967,EFNA1;CAV1;HES1;RORA;ZFP36L2;HOPX
GO_Biological_Process_2023,Regulation Of Membrane Protein Ectodomain Proteolysis (GO:0051043),2/21,0.0184420232483939,0.1297482985251997,0,0,10.516214779372676,41.9925427496273,TIMP3;APOE
GO_Biological_Process_2023,Regulation Of Steroid Metabolic Process (GO:0019218),2/21,0.0184420232483939,0.1297482985251997,0,0,10.516214779372676,41.9925427496273,RORA;APOE
GO_Biological_Process_2023,Chaperone-Mediated Protein Complex Assembly (GO:0051131),2/21,0.0184420232483939,0.1297482985251997,0,0,10.516214779372676,41.9925427496273,CLU;HOPX
GO_Biological_Process_2023,Positive Regulation Of Amyloid Precursor Protein Catabolic Process (GO:1902993),2/21,0.0184420232483939,0.1297482985251997,0,0,10.516214779372676,41.9925427496273,EFNA1;CLU
GO_Biological_Process_2023,Positive Regulation Of NF-kappaB Transcription Factor Activity (GO:0051092),5/152,0.0184798517236557,0.1297482985251997,0,0,3.4280481423338567,13.681594622050351,APP;NPM1;CAV1;RPS3;CLU
GO_Biological_Process_2023,Cellular Response To Peptide (GO:1901653),3/56,0.018523163468073,0.1297482985251997,0,0,5.6738818120869645,22.631601044641528,APP;GJA1;CAV1
GO_Biological_Process_2023,Epithelium Development (GO:0060429),5/154,0.0194362005213842,0.1355135091907623,0,0,3.381689898468422,13.325947899962705,LGALS3;CBR1;KRT14;KRT10;CNN3
GO_Biological_Process_2023,Blood Vessel Endothelial Cell Migration (GO:0043534),2/22,0.0201543754357544,0.139231602780946,0,0,9.98989898989899,39.00390099361183,ID1;EMP2
GO_Biological_Process_2023,Positive Regulation Of Cholesterol Efflux (GO:0010875),2/22,0.0201543754357544,0.139231602780946,0,0,9.98989898989899,39.00390099361183,CAV1;APOE
GO_Biological_Process_2023,Regulation Of Neuron Apoptotic Process (GO:0043523),4/105,0.0212083578189702,0.1458437756866171,0,0,3.980400080824409,15.337914209660529,NUPR1;APOE;CLU;SOD1
GO_Biological_Process_2023,Negative Regulation Of Lymphocyte Activation (GO:0051250),2/23,0.02193048949736,0.1494448741313313,0,0,9.513708513708512,36.34120010270031,LGALS3;GPNMB
GO_Biological_Process_2023,"Positive Regulation Of mRNA Splicing, Via Spliceosome (GO:0048026)",2/23,0.02193048949736,0.1494448741313313,0,0,9.513708513708512,36.34120010270031,CIRBP;PRDX6
GO_Biological_Process_2023,Negative Regulation Of Peptidase Activity (GO:0010466),3/60,0.0222156039824466,0.1507058540430843,0,0,5.274646005877639,20.080368230600836,SERPINH1;TIMP3;SERPINB5
GO_Biological_Process_2023,Negative Regulation Of Translation (GO:0017148),4/107,0.0225498972268369,0.1516077911768593,0,0,3.902714483851793,14.799189995392384,SERBP1;RACK1;RPS3;RPL13A
GO_Biological_Process_2023,Positive Regulation Of Autophagy (GO:0010508),4/107,0.0225498972268369,0.1516077911768593,0,0,3.902714483851793,14.799189995392384,TMEM59;PLK2;HMGB1;OPTN
GO_Biological_Process_2023,ERK1 And ERK2 Cascade (GO:0070371),2/24,0.0237689324469591,0.1549610920567986,0,0,9.08080808080808,33.956554984338226,MYC;ZFP36L2
GO_Biological_Process_2023,Acylglycerol Homeostasis (GO:0055090),2/24,0.0237689324469591,0.1549610920567986,0,0,9.08080808080808,33.956554984338226,RORA;APOE
GO_Biological_Process_2023,Regulation Of Ruffle Assembly (GO:1900027),2/24,0.0237689324469591,0.1549610920567986,0,0,9.08080808080808,33.956554984338226,CAV1;TACSTD2
GO_Biological_Process_2023,Regulation Of Supramolecular Fiber Organization (GO:1902903),2/24,0.0237689324469591,0.1549610920567986,0,0,9.08080808080808,33.956554984338226,MAP1B;APOE
GO_Biological_Process_2023,Positive Regulation Of Cell Cycle G2/M Phase Transition (GO:1902751),2/24,0.0237689324469591,0.1549610920567986,0,0,9.08080808080808,33.956554984338226,NPM1;CCND1
GO_Biological_Process_2023,Gliogenesis (GO:0042063),2/24,0.0237689324469591,0.1549610920567986,0,0,9.08080808080808,33.956554984338226,NFIB;CD9
GO_Biological_Process_2023,Mononuclear Cell Differentiation (GO:1903131),2/24,0.0237689324469591,0.1549610920567986,0,0,9.08080808080808,33.956554984338226,LY6D;CLU
GO_Biological_Process_2023,Regulation Of Proteasomal Ubiquitin-Dependent Protein Catabolic Process (GO:0032434),4/109,0.0239421048557141,0.1554172841064892,0,0,3.82798833819242,14.28649905351405,RPL11;RACK1;CLU;NOP53
GO_Biological_Process_2023,G1/S Transition Of Mitotic Cell Cycle (GO:0000082),3/63,0.0252288983054118,0.1624220577318088,0,0,5.01015228426396,18.43618393885774,CCND1;MYC;PLK2
GO_Biological_Process_2023,Negative Regulation Of Inflammatory Response (GO:0050728),4/111,0.0253853633106351,0.1624220577318088,0,0,3.75605569330536,13.798180534058352,RPS19;PLK2;RORA;APOE
GO_Biological_Process_2023,Negative Regulation Of Protein Transport (GO:0051224),2/25,0.0256682933201663,0.1624220577318088,0,0,8.685551163812033,31.810820468950148,NDFIP2;APOE
GO_Biological_Process_2023,Negative Regulation Of Response To Endoplasmic Reticulum Stress (GO:1903573),2/25,0.0256682933201663,0.1624220577318088,0,0,8.685551163812033,31.810820468950148,RACK1;CLU
GO_Biological_Process_2023,Positive Regulation Of Interleukin-2 Production (GO:0032743),2/25,0.0256682933201663,0.1624220577318088,0,0,8.685551163812033,31.810820468950148,RPS3;SPTBN1
GO_Biological_Process_2023,Ventricular Cardiac Muscle Tissue Development (GO:0003229),2/25,0.0256682933201663,0.1624220577318088,0,0,8.685551163812033,31.810820468950148,TPM1;HOPX
GO_Biological_Process_2023,Response To Metal Ion (GO:0010038),3/64,0.0262797663190797,0.1642212783258674,0,0,4.927768993925272,17.931934435559224,CAV1;MT1X;AQP3
GO_Biological_Process_2023,Positive Regulation Of Cysteine-Type Endopeptidase Activity (GO:2001056),3/64,0.0262797663190797,0.1642212783258674,0,0,4.927768993925272,17.931934435559224,MYC;PERP;HMGB1
GO_Biological_Process_2023,Positive Regulation Of Interleukin-1 Production (GO:0032732),3/64,0.0262797663190797,0.1642212783258674,0,0,4.927768993925272,17.931934435559224,APP;HSPB1;HMGB1
GO_Biological_Process_2023,Cellular Response To Light Stimulus (GO:0071482),3/65,0.0273538141573354,0.1691322660504708,0,0,4.848043229081382,17.447619395780233,NPM1;MYC;RPL26
GO_Biological_Process_2023,Regulation Of Translational Initiation (GO:0006446),3/65,0.0273538141573354,0.1691322660504708,0,0,4.848043229081382,17.447619395780233,EIF4A2;NPM1;HSPB1
GO_Biological_Process_2023,Regulation Of Potassium Ion Transmembrane Transporter Activity (GO:1901016),2/26,0.0276271829006745,0.1691322660504708,0,0,8.323232323232324,29.871707121892776,FHL1;VAMP2
GO_Biological_Process_2023,Organelle Membrane Fusion (GO:0090174),2/26,0.0276271829006745,0.1691322660504708,0,0,8.323232323232324,29.871707121892776,CAV2;VAMP2
GO_Biological_Process_2023,Regulation Of Cardiac Muscle Cell Contraction (GO:0086004),2/26,0.0276271829006745,0.1691322660504708,0,0,8.323232323232324,29.871707121892776,DSP;CAV1
GO_Biological_Process_2023,Negative Regulation Of Endopeptidase Activity (GO:0010951),3/66,0.0284510080327513,0.1734705186126458,0,0,4.7708484408992025,16.982177034654356,SERPINH1;TIMP3;SERPINB5
GO_Biological_Process_2023,Regulation Of I-kappaB kinase/NF-kappaB Signaling (GO:0043122),6/232,0.0294780387031516,0.1785768620527931,0,0,2.678678952650305,9.43995859705951,NDFIP2;GJA1;PLK2;HSPB1;RORA;OPTN
GO_Biological_Process_2023,Peptide Cross-Linking (GO:0018149),2/27,0.0296442334084981,0.1785768620527931,0,0,7.98989898989899,28.11236101024157,DSP;KRT10
GO_Biological_Process_2023,Cellular Response To Epidermal Growth Factor Stimulus (GO:0071364),2/27,0.0296442334084981,0.1785768620527931,0,0,7.98989898989899,28.11236101024157,EEF1A1;ZFP36L2
GO_Biological_Process_2023,Skin Development (GO:0043588),3/68,0.0307146647785553,0.1842879886713322,0,0,4.623584537290121,16.10401456697529,DSP;COL1A2;KRT10
GO_Biological_Process_2023,Regulation Of Protein Binding (GO:0043393),4/118,0.0308434213140434,0.1843261607101167,0,0,3.524167561761547,12.259986178472978,APP;CAV1;RPL11;RACK1
GO_Biological_Process_2023,Cell-Substrate Junction Assembly (GO:0007044),2/28,0.0317180982356202,0.1868203347437678,0,0,7.682206682206682,26.51027997028578,DST;CTTN
GO_Biological_Process_2023,Positive Regulation Of mRNA Processing (GO:0050685),2/28,0.0317180982356202,0.1868203347437678,0,0,7.682206682206682,26.51027997028578,CIRBP;PRDX6
GO_Biological_Process_2023,Regulation Of Cardiac Muscle Cell Action Potential (GO:0098901),2/28,0.0317180982356202,0.1868203347437678,0,0,7.682206682206682,26.51027997028578,DSP;CAV1
GO_Biological_Process_2023,Regulation Of Endopeptidase Activity (GO:0052548),3/69,0.0318810265797797,0.1868203347437678,0,0,4.553299492385787,15.689505426965288,SERPINH1;TIMP3;SERPINB5
GO_Biological_Process_2023,Regulation Of Monoatomic Ion Transmembrane Transporter Activity (GO:0032412),3/69,0.0318810265797797,0.1868203347437678,0,0,4.553299492385787,15.689505426965288,APP;FXYD3;FHL1
GO_Biological_Process_2023,Positive Regulation Of Protein Polymerization (GO:0032273),3/70,0.0330703326834923,0.1930384535710829,0,0,4.485112508523373,15.290280888801105,TPPP3;CTTN;RPS3
GO_Biological_Process_2023,Maintenance Of Blood-Brain Barrier (GO:0035633),2/29,0.0338474516440146,0.1956468628046624,0,0,7.397306397306397,25.046477343523872,GJA1;ACTG1
GO_Biological_Process_2023,Regulation Of Blood Coagulation (GO:0030193),2/29,0.0338474516440146,0.1956468628046624,0,0,7.397306397306397,25.046477343523872,CAV1;APOE
GO_Biological_Process_2023,Regulation Of Gene Expression (GO:0010468),18/1127,0.0339069264223219,0.1956468628046624,0,0,1.6668714513619831,5.640919629625303,APP;RPL5;NDFIP2;CRABP2;RPS7;RPL11;RORA;EDF1;PRDX6;CLU;RPL6;ACTG1;GJA1;MYC;RACK1;RPS3;APOE;HNRNPA1
GO_Biological_Process_2023,Cell-Cell Junction Assembly (GO:0007043),3/71,0.0342825169101805,0.197059047582946,0,0,4.418931024186325,14.905583581524706,GJA1;CD9;ACTG1
GO_Biological_Process_2023,Transforming Growth Factor Beta Receptor Signaling Pathway (GO:0007179),3/72,0.0355175071354049,0.2033816188057786,0,0,4.354667843743103,14.534703522115317,JUN;COL1A2;ID1
GO_Biological_Process_2023,Regulation Of Vasculature Development (GO:1901342),2/30,0.0360309884965366,0.2047647874557892,0,0,7.132756132756133,23.70482996930019,GPNMB;EMP2
GO_Biological_Process_2023,Response To Epidermal Growth Factor (GO:0070849),2/30,0.0360309884965366,0.2047647874557892,0,0,7.132756132756133,23.70482996930019,EEF1A1;ZFP36L2
GO_Biological_Process_2023,Positive Regulation Of Programmed Cell Death (GO:0043068),6/245,0.0369668251237728,0.2092933783323381,0,0,2.531294483026356,8.347536859835975,JUN;RPS6;RACK1;HMGB1;CLU;SOD1
GO_Biological_Process_2023,Positive Regulation Of DNA-binding Transcription Factor Activity (GO:0051091),6/246,0.0375888809139707,0.2110396499416174,0,0,2.520618556701031,8.270267935190839,APP;NPM1;CAV1;RPS3;ARID5B;CLU
GO_Biological_Process_2023,Negative Regulation Of Neuron Apoptotic Process (GO:0043524),3/74,0.0380555884306284,0.2110396499416174,0,0,4.231572174161721,13.83177100318916,APOE;CLU;SOD1
GO_Biological_Process_2023,Regulation Of Centrosome Duplication (GO:0010824),2/31,0.0382674239788824,0.2110396499416174,0,0,6.886450714036921,22.47156498788087,NPM1;PLK2
GO_Biological_Process_2023,Regulation Of Long-Term Synaptic Potentiation (GO:1900271),2/31,0.0382674239788824,0.2110396499416174,0,0,6.886450714036921,22.47156498788087,APP;APOE
GO_Biological_Process_2023,Positive Regulation Of Cholesterol Transport (GO:0032376),2/31,0.0382674239788824,0.2110396499416174,0,0,6.886450714036921,22.47156498788087,CAV1;APOE
GO_Biological_Process_2023,Triglyceride Homeostasis (GO:0070328),2/31,0.0382674239788824,0.2110396499416174,0,0,6.886450714036921,22.47156498788087,RORA;APOE
GO_Biological_Process_2023,Positive Regulation Of Proteolysis Involved In Protein Catabolic Process (GO:1903052),2/31,0.0382674239788824,0.2110396499416174,0,0,6.886450714036921,22.47156498788087,NUPR1;CLU
GO_Biological_Process_2023,Protein Transport (GO:0015031),7/313,0.0383963240929635,0.2110396499416174,0,0,2.3105760438890584,7.532000886309119,NPM1;CTTN;APOE;CLU;OPTN;VAMP2;SPTBN1
GO_Biological_Process_2023,Regulation Of Tumor Necrosis Factor Production (GO:0032680),4/127,0.0388026991948337,0.2124976908633443,0,0,3.264808362369338,10.608229071142864,APP;HSPB1;HMGB1;CLU
GO_Biological_Process_2023,Negative Regulation Of Macromolecule Metabolic Process (GO:0010605),5/186,0.0393015741334146,0.2132155096363065,0,0,2.779288851112056,8.995142537647066,APP;NDFIP2;RACK1;APOE;OPTN
GO_Biological_Process_2023,Regulation Of Fat Cell Differentiation (GO:0045598),3/75,0.0393585070908985,0.2132155096363065,0,0,4.1725888324873095,13.498504866555718,ADIRF;RORA;ZFP36L2
GO_Biological_Process_2023,Regulation Of Stress Fiber Assembly (GO:0051492),3/75,0.0393585070908985,0.2132155096363065,0,0,4.1725888324873095,13.498504866555718,TPM1;TACSTD2;ACTG1
GO_Biological_Process_2023,Negative Regulation Of Nucleic Acid-Templated Transcription (GO:1903507),9/456,0.0403703902632413,0.2152066091103399,0,0,2.0400927650303946,6.548001445173314,EIF4A2;EID1;JUN;ID1;ID4;ID3;ARID5B;HES1;CRYAB
GO_Biological_Process_2023,Regulation Of Cholesterol Efflux (GO:0010874),2/32,0.0405554933220173,0.2152066091103399,0,0,6.656565656565657,21.334852328849312,CAV1;APOE
GO_Biological_Process_2023,Negative Regulation Of Fat Cell Differentiation (GO:0045599),2/32,0.0405554933220173,0.2152066091103399,0,0,6.656565656565657,21.334852328849312,RORA;ZFP36L2
GO_Biological_Process_2023,Negative Regulation Of Proteasomal Ubiquitin-Dependent Protein Catabolic Process (GO:0032435),2/32,0.0405554933220173,0.2152066091103399,0,0,6.656565656565657,21.334852328849312,RPL11;NOP53
GO_Biological_Process_2023,Negative Regulation Of G1/S Transition Of Mitotic Cell Cycle (GO:2000134),2/32,0.0405554933220173,0.2152066091103399,0,0,6.656565656565657,21.334852328849312,GPNMB;FHL1
GO_Biological_Process_2023,Actomyosin Structure Organization (GO:0031032),3/77,0.0420316296186853,0.2152066091103399,0,0,4.059404582247222,12.865604326296657,PDLIM1;TPM1;MYL9
GO_Biological_Process_2023,Neutrophil Migration (GO:1990266),3/77,0.0420316296186853,0.2152066091103399,0,0,4.059404582247222,12.865604326296657,LGALS3;KLF5;EMP2
GO_Biological_Process_2023,Positive Regulation Of Synaptic Transmission (GO:0050806),3/77,0.0420316296186853,0.2152066091103399,0,0,4.059404582247222,12.865604326296657,APP;PLK2;VAMP2
GO_Biological_Process_2023,Intracellular Monoatomic Cation Homeostasis (GO:0030003),5/190,0.0424175201309745,0.2152066091103399,0,0,2.7186417186417184,8.591434680444932,APP;MT2A;MYC;CAV1;SOD1
GO_Biological_Process_2023,Negative Regulation Of Epithelial Cell Migration (GO:0010633),2/33,0.0428939515536669,0.2152066091103399,0,0,6.4415118931247966,20.28447846195992,TACSTD2;APOE
GO_Biological_Process_2023,Regulation Of Potassium Ion Transmembrane Transport (GO:1901379),2/33,0.0428939515536669,0.2152066091103399,0,0,6.4415118931247966,20.28447846195992,CAV1;FHL1
GO_Biological_Process_2023,Ventricular Cardiac Muscle Tissue Morphogenesis (GO:0055010),2/33,0.0428939515536669,0.2152066091103399,0,0,6.4415118931247966,20.28447846195992,DSP;TPM1
GO_Biological_Process_2023,Positive Regulation Of Small Molecule Metabolic Process (GO:0062013),2/33,0.0428939515536669,0.2152066091103399,0,0,6.4415118931247966,20.28447846195992,APP;APOE
GO_Biological_Process_2023,Regulation Of Activated T Cell Proliferation (GO:0046006),2/33,0.0428939515536669,0.2152066091103399,0,0,6.4415118931247966,20.28447846195992,RPS3;HMGB1
GO_Biological_Process_2023,Negative Regulation Of Blood Vessel Endothelial Cell Migration (GO:0043537),2/33,0.0428939515536669,0.2152066091103399,0,0,6.4415118931247966,20.28447846195992,HMGB1;APOE
GO_Biological_Process_2023,Cellular Response To UV (GO:0034644),3/79,0.044793779119631,0.2152066091103399,0,0,3.952177397809244,12.274222046062532,NPM1;MYC;RPL26
GO_Biological_Process_2023,Apoptotic Mitochondrial Changes (GO:0008637),2/34,0.0452815731960364,0.2152066091103399,0,0,6.23989898989899,19.311583224616665,SFN;CLU
GO_Biological_Process_2023,Regulation Of Neuronal Synaptic Plasticity (GO:0048168),2/34,0.0452815731960364,0.2152066091103399,0,0,6.23989898989899,19.311583224616665,APP;APOE
GO_Biological_Process_2023,Cellular Response To Amyloid-Beta (GO:1904646),2/34,0.0452815731960364,0.2152066091103399,0,0,6.23989898989899,19.311583224616665,APP;GJA1
GO_Biological_Process_2023,Cellular Response To Hydrogen Peroxide (GO:0070301),2/34,0.0452815731960364,0.2152066091103399,0,0,6.23989898989899,19.311583224616665,RPS3;CLU
GO_Biological_Process_2023,Response To Estrogen (GO:0043627),2/34,0.0452815731960364,0.2152066091103399,0,0,6.23989898989899,19.311583224616665,GSTM3;CAV1
GO_Biological_Process_2023,Positive Regulation Of Neuron Death (GO:1901216),2/34,0.0452815731960364,0.2152066091103399,0,0,6.23989898989899,19.311583224616665,NUPR1;CLU
GO_Biological_Process_2023,Regulation Of T Cell Receptor Signaling Pathway (GO:0050856),2/34,0.0452815731960364,0.2152066091103399,0,0,6.23989898989899,19.311583224616665,LGALS3;RPS3
GO_Biological_Process_2023,Regulation Of Protein Localization To Plasma Membrane (GO:1903076),3/80,0.0462079634844281,0.2152066091103399,0,0,3.90065264684554,11.99295882125826,LGALS3;TMEM59;SPTBN1
GO_Biological_Process_2023,Wound Healing (GO:0042060),3/80,0.0462079634844281,0.2152066091103399,0,0,3.90065264684554,11.99295882125826,DSP;DST;TPM1
GO_Biological_Process_2023,Regulation Of Programmed Cell Death (GO:0043067),5/195,0.0465167003712424,0.2152066091103399,0,0,2.6464237516869096,8.119079561073892,PRDX2;RPS3;CRYAB;CLU;NOP53
GO_Biological_Process_2023,Non-Membrane-Bounded Organelle Assembly (GO:0140694),4/135,0.0467746106682468,0.2152066091103399,0,0,3.064184452406917,9.383803603583353,NPM1;CIRBP;RPS3;MYL9
GO_Biological_Process_2023,Macrophage Activation (GO:0042116),2/35,0.0477171520360592,0.2152066091103399,0,0,6.05050505050505,18.408446001894514,APP;CLU
GO_Biological_Process_2023,Regulation Of G2/M Transition Of Mitotic Cell Cycle (GO:0010389),2/35,0.0477171520360592,0.2152066091103399,0,0,6.05050505050505,18.408446001894514,CCND1;FHL1
GO_Biological_Process_2023,Regulation Of Axon Extension (GO:0030516),2/35,0.0477171520360592,0.2152066091103399,0,0,6.05050505050505,18.408446001894514,CTTN;APOE
GO_Biological_Process_2023,Negative Regulation Of Cell Cycle G1/S Phase Transition (GO:1902807),2/35,0.0477171520360592,0.2152066091103399,0,0,6.05050505050505,18.408446001894514,GPNMB;FHL1
GO_Biological_Process_2023,"CD4-positive, Alpha-Beta T Cell Activation (GO:0035710)",1/5,0.049014519870416,0.2152066091103399,0,0,24.86934673366834,74.99696447567176,HMGB1
GO_Biological_Process_2023,Negative Regulation Of Glial Cell Proliferation (GO:0060253),1/5,0.049014519870416,0.2152066091103399,0,0,24.86934673366834,74.99696447567176,HES1
GO_Biological_Process_2023,His-Purkinje System Development (GO:0003164),1/5,0.049014519870416,0.2152066091103399,0,0,24.86934673366834,74.99696447567176,HOPX
GO_Biological_Process_2023,Negative Regulation Of Monocyte Chemotaxis (GO:0090027),1/5,0.049014519870416,0.2152066091103399,0,0,24.86934673366834,74.99696447567176,NBL1
GO_Biological_Process_2023,Negative Regulation Of Morphogenesis Of An Epithelium (GO:1905331),1/5,0.049014519870416,0.2152066091103399,0,0,24.86934673366834,74.99696447567176,TACSTD2
GO_Biological_Process_2023,PML Body Organization (GO:0030578),1/5,0.049014519870416,0.2152066091103399,0,0,24.86934673366834,74.99696447567176,SERBP1
GO_Biological_Process_2023,Negative Regulation Of Protein Kinase Activity By Regulation Of Protein Phosphorylation (GO:0044387),1/5,0.049014519870416,0.2152066091103399,0,0,24.86934673366834,74.99696447567176,NPM1
GO_Biological_Process_2023,Negative Regulation Of Transcription From RNA Polymerase II Promoter In Response To Stress (GO:0097201),1/5,0.049014519870416,0.2152066091103399,0,0,24.86934673366834,74.99696447567176,JUN
GO_Biological_Process_2023,Negative Regulation Of Trophoblast Cell Migration (GO:1901164),1/5,0.049014519870416,0.2152066091103399,0,0,24.86934673366834,74.99696447567176,GJA1
GO_Biological_Process_2023,Neutrophil Degranulation (GO:0043312),1/5,0.049014519870416,0.2152066091103399,0,0,24.86934673366834,74.99696447567176,VAMP2
GO_Biological_Process_2023,Axo-Dendritic Transport (GO:0008088),1/5,0.049014519870416,0.2152066091103399,0,0,24.86934673366834,74.99696447567176,APP
GO_Biological_Process_2023,Regulation Of Non-Motile Cilium Assembly (GO:1902855),1/5,0.049014519870416,0.2152066091103399,0,0,24.86934673366834,74.99696447567176,SEPTIN7
GO_Biological_Process_2023,Notochord Development (GO:0030903),1/5,0.049014519870416,0.2152066091103399,0,0,24.86934673366834,74.99696447567176,COL18A1
GO_Biological_Process_2023,Bundle Of His cell-Purkinje Myocyte Adhesion Involved In Cell Communication (GO:0086073),1/5,0.049014519870416,0.2152066091103399,0,0,24.86934673366834,74.99696447567176,DSP
GO_Biological_Process_2023,Regulation Of pro-B Cell Differentiation (GO:2000973),1/5,0.049014519870416,0.2152066091103399,0,0,24.86934673366834,74.99696447567176,HES1
GO_Biological_Process_2023,Regulation Of Protein Depolymerization (GO:1901879),1/5,0.049014519870416,0.2152066091103399,0,0,24.86934673366834,74.99696447567176,MAP1B
GO_Biological_Process_2023,Cellular Response To Granulocyte Macrophage Colony-Stimulating Factor Stimulus (GO:0097011),1/5,0.049014519870416,0.2152066091103399,0,0,24.86934673366834,74.99696447567176,ZFP36L2
GO_Biological_Process_2023,Plasma Membrane Raft Organization (GO:0044857),1/5,0.049014519870416,0.2152066091103399,0,0,24.86934673366834,74.99696447567176,EMP2
GO_Biological_Process_2023,Regulation Of Type B Pancreatic Cell Proliferation (GO:0061469),1/5,0.049014519870416,0.2152066091103399,0,0,24.86934673366834,74.99696447567176,NUPR1
GO_Biological_Process_2023,Renal System Process Involved In Regulation Of Blood Volume (GO:0001977),1/5,0.049014519870416,0.2152066091103399,0,0,24.86934673366834,74.99696447567176,EMP2
GO_Biological_Process_2023,Response To Granulocyte Macrophage Colony-Stimulating Factor (GO:0097012),1/5,0.049014519870416,0.2152066091103399,0,0,24.86934673366834,74.99696447567176,ZFP36L2
GO_Biological_Process_2023,Positive Regulation Of Extrinsic Apoptotic Signaling Pathway Via Death Domain Receptors (GO:1902043),1/5,0.049014519870416,0.2152066091103399,0,0,24.86934673366834,74.99696447567176,TIMP3
GO_Biological_Process_2023,Positive Regulation Of Gap Junction Assembly (GO:1903598),1/5,0.049014519870416,0.2152066091103399,0,0,24.86934673366834,74.99696447567176,CAV1
GO_Biological_Process_2023,Ventricular Compact Myocardium Morphogenesis (GO:0003223),1/5,0.049014519870416,0.2152066091103399,0,0,24.86934673366834,74.99696447567176,DSP
GO_Biological_Process_2023,Humoral Immune Response Mediated By Circulating Immunoglobulin (GO:0002455),1/5,0.049014519870416,0.2152066091103399,0,0,24.86934673366834,74.99696447567176,C1R
GO_Biological_Process_2023,Hydrogen Peroxide Biosynthetic Process (GO:0050665),1/5,0.049014519870416,0.2152066091103399,0,0,24.86934673366834,74.99696447567176,SOD1
GO_Biological_Process_2023,Lipoprotein Metabolic Process (GO:0042157),1/5,0.049014519870416,0.2152066091103399,0,0,24.86934673366834,74.99696447567176,APOE
GO_Biological_Process_2023,Protein Import (GO:0017038),1/5,0.049014519870416,0.2152066091103399,0,0,24.86934673366834,74.99696447567176,CLU
GO_Biological_Process_2023,Radial Glial Cell Differentiation (GO:0060019),1/5,0.049014519870416,0.2152066091103399,0,0,24.86934673366834,74.99696447567176,HES1
GO_Biological_Process_2023,"Regulation Of DNA Damage Response, Signal Transduction By P53 Class Mediator Resulting In Transcription Of P21 Class Mediator (GO:1902162)",1/5,0.049014519870416,0.2152066091103399,0,0,24.86934673366834,74.99696447567176,RPL26
GO_Biological_Process_2023,Natural Killer Cell Degranulation (GO:0043320),1/5,0.049014519870416,0.2152066091103399,0,0,24.86934673366834,74.99696447567176,VAMP2
GO_Biological_Process_2023,Regulation Of T Cell Activation Via T Cell Receptor Contact With Antigen Bound To MHC Molecule On Antigen Presenting Cell (GO:2001188),1/5,0.049014519870416,0.2152066091103399,0,0,24.86934673366834,74.99696447567176,LGALS3
GO_Biological_Process_2023,Negative Regulation Of Actin Filament Depolymerization (GO:0030835),1/5,0.049014519870416,0.2152066091103399,0,0,24.86934673366834,74.99696447567176,LIMA1
GO_Biological_Process_2023,Negative Regulation Of Cardiac Muscle Cell Apoptotic Process (GO:0010667),1/5,0.049014519870416,0.2152066091103399,0,0,24.86934673366834,74.99696447567176,NUPR1
GO_Biological_Process_2023,"DNA Damage Response, Signal Transduction By P53 Class Mediator (GO:0030330)",2/36,0.0501995008461569,0.2184984054170877,0,0,5.872251931075461,17.568310863627904,PLK2;RPL26
GO_Biological_Process_2023,Negative Regulation Of Protein Kinase B Signaling (GO:0051898),2/36,0.0501995008461569,0.2184984054170877,0,0,5.872251931075461,17.568310863627904,RACK1;NOP53
GO_Biological_Process_2023,Positive Regulation Of RNA Splicing (GO:0033120),2/36,0.0501995008461569,0.2184984054170877,0,0,5.872251931075461,17.568310863627904,CIRBP;PRDX6
GO_Biological_Process_2023,Positive Regulation Of Ubiquitin-Dependent Protein Catabolic Process (GO:2000060),3/83,0.0505815238385671,0.2188959048875922,0,0,3.753807106598985,11.201994465025969,RACK1;CLU;NOP53
GO_Biological_Process_2023,Regulation Of Cell Division (GO:0051302),3/83,0.0505815238385671,0.2188959048875922,0,0,3.753807106598985,11.201994465025969,MYC;RACK1;SFN
GO_Biological_Process_2023,Regulation Of Cysteine-Type Endopeptidase Activity Involved In Apoptotic Process (GO:0043281),3/84,0.0520826238943719,0.2220182784031525,0,0,3.707275803722504,10.954717877625804,MYC;SFN;HMGB1
GO_Biological_Process_2023,Negative Regulation Of Endothelial Cell Migration (GO:0010596),2/37,0.0527274511453542,0.2220182784031525,0,0,5.704184704184704,16.785242657704043,HMGB1;APOE
GO_Biological_Process_2023,Negative Regulation Of Smooth Muscle Cell Proliferation (GO:0048662),2/37,0.0527274511453542,0.2220182784031525,0,0,5.704184704184704,16.785242657704043,TPM1;APOE
GO_Biological_Process_2023,Positive Regulation Of Endothelial Cell Migration (GO:0010595),3/85,0.0536051258792773,0.2220182784031525,0,0,3.661879410672279,10.71506409870918,SPARC;HSPB1;HMGB1
GO_Biological_Process_2023,Positive Regulation Of Cell Population Proliferation (GO:0008284),9/483,0.0543734821239748,0.2220182784031525,0,0,1.921200874809464,5.594303915239615,RPS4X;GJA1;NPM1;RPS15A;TSC22D1;MYC;RPS6;HES1;EMP2
GO_Biological_Process_2023,Regulation Of MAPK Cascade (GO:0043408),5/204,0.0544705711947349,0.2220182784031525,0,0,2.525576600953485,7.349667083989915,CAV2;CAV1;PEBP1;HMGB1;SOD1
GO_Biological_Process_2023,Negative Regulation Of Binding (GO:0051100),3/86,0.055148891178145,0.2220182784031525,0,0,3.617576906611216,10.482720030479646,JUN;CAV1;RACK1
GO_Biological_Process_2023,Fatty Acid Transport (GO:0015908),2/38,0.0552998529270401,0.2220182784031525,0,0,5.545454545454546,16.054007893661755,CRABP2;APOE
GO_Biological_Process_2023,Negative Regulation Of Proteasomal Protein Catabolic Process (GO:1901799),2/39,0.0579155744332589,0.2220182784031525,0,0,5.395304395304395,15.369975594462096,RPL11;NOP53
GO_Biological_Process_2023,Anterograde Axonal Transport (GO:0008089),2/39,0.0579155744332589,0.2220182784031525,0,0,5.395304395304395,15.369975594462096,HSPB1;SOD1
GO_Biological_Process_2023,Regulation Of Nitric Oxide Biosynthetic Process (GO:0045428),2/39,0.0579155744332589,0.2220182784031525,0,0,5.395304395304395,15.369975594462096,CAV1;CLU
GO_Biological_Process_2023,Axonal Transport (GO:0098930),2/39,0.0579155744332589,0.2220182784031525,0,0,5.395304395304395,15.369975594462096,DST;SOD1
GO_Biological_Process_2023,Odontogenesis (GO:0042476),2/39,0.0579155744332589,0.2220182784031525,0,0,5.395304395304395,15.369975594462096,COL1A2;AQP3
GO_Biological_Process_2023,Positive Regulation Of Pattern Recognition Receptor Signaling Pathway (GO:0062208),2/39,0.0579155744332589,0.2220182784031525,0,0,5.395304395304395,15.369975594462096,CAV1;HMGB1
GO_Biological_Process_2023,Regulation Of Endothelial Cell Migration (GO:0010594),3/88,0.0582996390300356,0.2220182784031525,0,0,3.532099134069872,10.038788675236006,SPARC;EMP2;APOE
GO_Biological_Process_2023,Negative Regulation Of Low-Density Lipoprotein Receptor Activity (GO:1905598),1/6,0.0585267307609904,0.2220182784031525,0,0,19.894472361809044,56.46591775214154,APP
GO_Biological_Process_2023,Negative Regulation Of Membrane Protein Ectodomain Proteolysis (GO:0051045),1/6,0.0585267307609904,0.2220182784031525,0,0,19.894472361809044,56.46591775214154,TIMP3
GO_Biological_Process_2023,Negative Regulation Of Oligodendrocyte Differentiation (GO:0048715),1/6,0.0585267307609904,0.2220182784031525,0,0,19.894472361809044,56.46591775214154,HES1
GO_Biological_Process_2023,Regulation Of Histamine Secretion By Mast Cell (GO:1903593),1/6,0.0585267307609904,0.2220182784031525,0,0,19.894472361809044,56.46591775214154,VAMP2
GO_Biological_Process_2023,Negative Regulation Of Ruffle Assembly (GO:1900028),1/6,0.0585267307609904,0.2220182784031525,0,0,19.894472361809044,56.46591775214154,TACSTD2
GO_Biological_Process_2023,Negative Regulation Of Stress-Activated Protein Kinase Signaling Cascade (GO:0070303),1/6,0.0585267307609904,0.2220182784031525,0,0,19.894472361809044,56.46591775214154,MYC
GO_Biological_Process_2023,Angiotensin-Activated Signaling Pathway (GO:0038166),1/6,0.0585267307609904,0.2220182784031525,0,0,19.894472361809044,56.46591775214154,CAV1
GO_Biological_Process_2023,Auditory Receptor Cell Morphogenesis (GO:0002093),1/6,0.0585267307609904,0.2220182784031525,0,0,19.894472361809044,56.46591775214154,SOD1
GO_Biological_Process_2023,Auditory Receptor Cell Stereocilium Organization (GO:0060088),1/6,0.0585267307609904,0.2220182784031525,0,0,19.894472361809044,56.46591775214154,SOD1
GO_Biological_Process_2023,Bleb Assembly (GO:0032060),1/6,0.0585267307609904,0.2220182784031525,0,0,19.894472361809044,56.46591775214154,EMP2
GO_Biological_Process_2023,Cardiac Muscle Cell-Cardiac Muscle Cell Adhesion (GO:0086042),1/6,0.0585267307609904,0.2220182784031525,0,0,19.894472361809044,56.46591775214154,DSP
GO_Biological_Process_2023,Pharyngeal Arch Artery Morphogenesis (GO:0061626),1/6,0.0585267307609904,0.2220182784031525,0,0,19.894472361809044,56.46591775214154,HES1
GO_Biological_Process_2023,Positive Regulation Of ER-associated Ubiquitin-Dependent Protein Catabolic Process (GO:1903071),1/6,0.0585267307609904,0.2220182784031525,0,0,19.894472361809044,56.46591775214154,CAV1
GO_Biological_Process_2023,Cholesterol Catabolic Process (GO:0006707),1/6,0.0585267307609904,0.2220182784031525,0,0,19.894472361809044,56.46591775214154,APOE
GO_Biological_Process_2023,Positive Regulation Of Amyloid-Beta Clearance (GO:1900223),1/6,0.0585267307609904,0.2220182784031525,0,0,19.894472361809044,56.46591775214154,APOE
GO_Biological_Process_2023,Positive Regulation Of Aspartic-Type Endopeptidase Activity Involved In Amyloid Precursor Protein Catabolic Process (GO:1902961),1/6,0.0585267307609904,0.2220182784031525,0,0,19.894472361809044,56.46591775214154,EFNA1
GO_Biological_Process_2023,Definitive Hemopoiesis (GO:0060216),1/6,0.0585267307609904,0.2220182784031525,0,0,19.894472361809044,56.46591775214154,ZFP36L2
GO_Biological_Process_2023,Desmosome Organization (GO:0002934),1/6,0.0585267307609904,0.2220182784031525,0,0,19.894472361809044,56.46591775214154,DSP
GO_Biological_Process_2023,Positive Regulation Of Chemokine (C-X-C Motif) Ligand 2 Production (GO:2000343),1/6,0.0585267307609904,0.2220182784031525,0,0,19.894472361809044,56.46591775214154,HMGB1
GO_Biological_Process_2023,Ribosomal Large Subunit Export From Nucleus (GO:0000055),1/6,0.0585267307609904,0.2220182784031525,0,0,19.894472361809044,56.46591775214154,NPM1
GO_Biological_Process_2023,Positive Regulation Of Gastrulation (GO:2000543),1/6,0.0585267307609904,0.2220182784031525,0,0,19.894472361809044,56.46591775214154,RACK1
GO_Biological_Process_2023,Sterol Catabolic Process (GO:0016127),1/6,0.0585267307609904,0.2220182784031525,0,0,19.894472361809044,56.46591775214154,APOE
GO_Biological_Process_2023,Positive Regulation Of Kidney Development (GO:0090184),1/6,0.0585267307609904,0.2220182784031525,0,0,19.894472361809044,56.46591775214154,MYC
GO_Biological_Process_2023,Positive Regulation Of Membrane Depolarization (GO:1904181),1/6,0.0585267307609904,0.2220182784031525,0,0,19.894472361809044,56.46591775214154,RACK1
GO_Biological_Process_2023,Positive Regulation Of Mitophagy In Response To Mitochondrial Depolarization (GO:0098779),1/6,0.0585267307609904,0.2220182784031525,0,0,19.894472361809044,56.46591775214154,OPTN
GO_Biological_Process_2023,Vascular Associated Smooth Muscle Cell Development (GO:0097084),1/6,0.0585267307609904,0.2220182784031525,0,0,19.894472361809044,56.46591775214154,HES1
GO_Biological_Process_2023,Positive Regulation Of Receptor Catabolic Process (GO:2000646),1/6,0.0585267307609904,0.2220182784031525,0,0,19.894472361809044,56.46591775214154,APOE
GO_Biological_Process_2023,Positive Regulation Of Steroid Metabolic Process (GO:0045940),1/6,0.0585267307609904,0.2220182784031525,0,0,19.894472361809044,56.46591775214154,APOE
GO_Biological_Process_2023,Long-Term Synaptic Depression (GO:0060292),1/6,0.0585267307609904,0.2220182784031525,0,0,19.894472361809044,56.46591775214154,PLK2
GO_Biological_Process_2023,Maintenance Of Protein Location In Extracellular Region (GO:0071694),1/6,0.0585267307609904,0.2220182784031525,0,0,19.894472361809044,56.46591775214154,NBL1
GO_Biological_Process_2023,Protein Localization To Basolateral Plasma Membrane (GO:1903361),1/6,0.0585267307609904,0.2220182784031525,0,0,19.894472361809044,56.46591775214154,CAV1
GO_Biological_Process_2023,Membrane Biogenesis (GO:0044091),1/6,0.0585267307609904,0.2220182784031525,0,0,19.894472361809044,56.46591775214154,SPTBN1
GO_Biological_Process_2023,Regulation Of T Cell Mediated Immune Response To Tumor Cell (GO:0002840),1/6,0.0585267307609904,0.2220182784031525,0,0,19.894472361809044,56.46591775214154,HMGB1
GO_Biological_Process_2023,Regulation Of Cell Adhesion Molecule Production (GO:0060353),1/6,0.0585267307609904,0.2220182784031525,0,0,19.894472361809044,56.46591775214154,CAV1
GO_Biological_Process_2023,Neuron Projection Morphogenesis (GO:0048812),4/146,0.0591100350299638,0.2236676199877525,0,0,2.8252371371083647,7.990772372376219,APP;CTTN;MAP1B;NBL1
GO_Biological_Process_2023,Cellular Response To Chemical Stress (GO:0062197),3/89,0.0599063264776533,0.22611260069009,0,0,3.490851139180734,9.82665226973149,PRDX2;CAV1;ZFP36L2
GO_Biological_Process_2023,Regulation Of Cytosolic Calcium Ion Concentration (GO:0051480),2/40,0.0605735018773766,0.2263615231447376,0,0,5.253056884635832,14.729034349424168,CAV2;CAV1
GO_Biological_Process_2023,Regulation Of Glycolytic Process (GO:0006110),2/40,0.0605735018773766,0.2263615231447376,0,0,5.253056884635832,14.729034349424168,APP;NUPR1
GO_Biological_Process_2023,Regulation Of Small Molecule Metabolic Process (GO:0062012),2/40,0.0605735018773766,0.2263615231447376,0,0,5.253056884635832,14.729034349424168,RORA;APOE
GO_Biological_Process_2023,Positive Regulation Of Catalytic Activity (GO:0043085),2/40,0.0605735018773766,0.2263615231447376,0,0,5.253056884635832,14.729034349424168,CAV1;SOD1
GO_Biological_Process_2023,Negative Regulation Of Protein Phosphorylation (GO:0001933),4/149,0.0627473419326677,0.2294186087618016,0,0,2.7663617171006334,7.659057108220177,CAV1;RACK1;HSPB1;SFN
GO_Biological_Process_2023,Negative Regulation Of DNA-binding Transcription Factor Activity (GO:0043433),4/149,0.0627473419326677,0.2294186087618016,0,0,2.7663617171006334,7.659057108220177,ID1;ID3;HES1;NUPR1
GO_Biological_Process_2023,Regulation Of Heart Rate By Cardiac Conduction (GO:0086091),2/41,0.0632725392250683,0.2294186087618016,0,0,5.118104118104118,14.127522570834804,DSP;CAV1
GO_Biological_Process_2023,Negative Regulation Of Proteolysis (GO:0045861),2/41,0.0632725392250683,0.2294186087618016,0,0,5.118104118104118,14.127522570834804,EFNA1;TIMP3
GO_Biological_Process_2023,Acylglycerol Metabolic Process (GO:0006639),2/41,0.0632725392250683,0.2294186087618016,0,0,5.118104118104118,14.127522570834804,CAV1;APOE
GO_Biological_Process_2023,Heart Contraction (GO:0060047),2/41,0.0632725392250683,0.2294186087618016,0,0,5.118104118104118,14.127522570834804,TPM1;SOD1
GO_Biological_Process_2023,Protein Localization (GO:0008104),7/351,0.0633853180485017,0.2294186087618016,0,0,2.051331485721171,5.658645126815761,GJA1;NPM1;CTTN;CAV1;ID1;CPE;EMP2
GO_Biological_Process_2023,Neuron Development (GO:0048666),4/150,0.0639854868678937,0.2294186087618016,0,0,2.74727425216662,7.552528869212002,APP;MAP1B;APOE;HMGB1
GO_Biological_Process_2023,Positive Regulation Of Protein Catabolic Process (GO:0045732),3/92,0.0648498030509546,0.2294186087618016,0,0,3.3726686819141047,9.226546999073705,PLK2;NUPR1;APOE
GO_Biological_Process_2023,Cardiac Ventricle Morphogenesis (GO:0003208),2/42,0.0660116079502312,0.2294186087618016,0,0,4.98989898989899,13.5621695873434,TPM1;CPE
GO_Biological_Process_2023,Skeletal Muscle Tissue Development (GO:0007519),2/42,0.0660116079502312,0.2294186087618016,0,0,4.98989898989899,13.5621695873434,CAV2;CAV1
GO_Biological_Process_2023,Keratinocyte Differentiation (GO:0030216),2/42,0.0660116079502312,0.2294186087618016,0,0,4.98989898989899,13.5621695873434,DSP;KRT10
GO_Biological_Process_2023,Monocyte Chemotaxis (GO:0002548),2/42,0.0660116079502312,0.2294186087618016,0,0,4.98989898989899,13.5621695873434,LGALS3;RPS19
GO_Biological_Process_2023,Regulation Of Peptidyl-Serine Phosphorylation (GO:0033135),3/93,0.0665382374289198,0.2294186087618016,0,0,3.33502538071066,9.037847070802028,APP;CAV1;RACK1
GO_Biological_Process_2023,Regulation Of Chaperone-Mediated Autophagy (GO:1904714),1/7,0.0679442688885301,0.2294186087618016,0,0,16.57788944723618,44.57906348265406,EEF1A1
GO_Biological_Process_2023,Regulation Of Cyclic-Nucleotide Phosphodiesterase Activity (GO:0051342),1/7,0.0679442688885301,0.2294186087618016,0,0,16.57788944723618,44.57906348265406,RACK1
GO_Biological_Process_2023,Negative Regulation Of Intracellular Transport (GO:0032387),1/7,0.0679442688885301,0.2294186087618016,0,0,16.57788944723618,44.57906348265406,CRYAB
GO_Biological_Process_2023,Negative Regulation Of Nitric Oxide Biosynthetic Process (GO:0045019),1/7,0.0679442688885301,0.2294186087618016,0,0,16.57788944723618,44.57906348265406,CAV1
GO_Biological_Process_2023,Negative Regulation Of Nitric Oxide Metabolic Process (GO:1904406),1/7,0.0679442688885301,0.2294186087618016,0,0,16.57788944723618,44.57906348265406,CAV1
GO_Biological_Process_2023,Regulation Of Lymphocyte Apoptotic Process (GO:0070228),1/7,0.0679442688885301,0.2294186087618016,0,0,16.57788944723618,44.57906348265406,LGALS3
GO_Biological_Process_2023,Negative Regulation Of Striated Muscle Cell Apoptotic Process (GO:0010664),1/7,0.0679442688885301,0.2294186087618016,0,0,16.57788944723618,44.57906348265406,NUPR1
GO_Biological_Process_2023,Anterograde Axonal Protein Transport (GO:0099641),1/7,0.0679442688885301,0.2294186087618016,0,0,16.57788944723618,44.57906348265406,HSPB1
GO_Biological_Process_2023,Neuroepithelial Cell Differentiation (GO:0060563),1/7,0.0679442688885301,0.2294186087618016,0,0,16.57788944723618,44.57906348265406,MAP1B
GO_Biological_Process_2023,Regulation Of Myeloid Leukocyte Differentiation (GO:0002761),1/7,0.0679442688885301,0.2294186087618016,0,0,16.57788944723618,44.57906348265406,PRXL2A
GO_Biological_Process_2023,Arginine Catabolic Process (GO:0006527),1/7,0.0679442688885301,0.2294186087618016,0,0,16.57788944723618,44.57906348265406,OAT
GO_Biological_Process_2023,Atrial Cardiac Muscle Cell To AV Node Cell Signaling (GO:0086026),1/7,0.0679442688885301,0.2294186087618016,0,0,16.57788944723618,44.57906348265406,GJA1
GO_Biological_Process_2023,Axo-Dendritic Protein Transport (GO:0099640),1/7,0.0679442688885301,0.2294186087618016,0,0,16.57788944723618,44.57906348265406,HSPB1
GO_Biological_Process_2023,Positive Regulation Of CoA-transferase Activity (GO:1905920),1/7,0.0679442688885301,0.2294186087618016,0,0,16.57788944723618,44.57906348265406,APOE
GO_Biological_Process_2023,Positive Regulation Of Aspartic-Type Peptidase Activity (GO:1905247),1/7,0.0679442688885301,0.2294186087618016,0,0,16.57788944723618,44.57906348265406,EFNA1
GO_Biological_Process_2023,Positive Regulation Of Astrocyte Differentiation (GO:0048711),1/7,0.0679442688885301,0.2294186087618016,0,0,16.57788944723618,44.57906348265406,HES1
GO_Biological_Process_2023,Positive Regulation Of Calcium Ion Import (GO:0090280),1/7,0.0679442688885301,0.2294186087618016,0,0,16.57788944723618,44.57906348265406,LGALS3
GO_Biological_Process_2023,Positive Regulation Of Cardiac Epithelial To Mesenchymal Transition (GO:0062043),1/7,0.0679442688885301,0.2294186087618016,0,0,16.57788944723618,44.57906348265406,EMP2
GO_Biological_Process_2023,Positive Regulation Of Cell Migration By Vascular Endothelial Growth Factor Signaling Pathway (GO:0038089),1/7,0.0679442688885301,0.2294186087618016,0,0,16.57788944723618,44.57906348265406,HSPB1
GO_Biological_Process_2023,Very-Low-Density Lipoprotein Particle Remodeling (GO:0034372),1/7,0.0679442688885301,0.2294186087618016,0,0,16.57788944723618,44.57906348265406,APOE
GO_Biological_Process_2023,Intermediate Filament Bundle Assembly (GO:0045110),1/7,0.0679442688885301,0.2294186087618016,0,0,16.57788944723618,44.57906348265406,KRT14
GO_Biological_Process_2023,Protein Localization To Presynapse (GO:1905383),1/7,0.0679442688885301,0.2294186087618016,0,0,16.57788944723618,44.57906348265406,HSPB1
GO_Biological_Process_2023,Mitral Valve Development (GO:0003174),1/7,0.0679442688885301,0.2294186087618016,0,0,16.57788944723618,44.57906348265406,EFNA1
GO_Biological_Process_2023,Regulation Of Cdc42 Protein Signal Transduction (GO:0032489),1/7,0.0679442688885301,0.2294186087618016,0,0,16.57788944723618,44.57906348265406,APOE
GO_Biological_Process_2023,Regulation Of CoA-transferase Activity (GO:1905918),1/7,0.0679442688885301,0.2294186087618016,0,0,16.57788944723618,44.57906348265406,APOE
GO_Biological_Process_2023,Regulation Of Golgi To Plasma Membrane Protein Transport (GO:0042996),1/7,0.0679442688885301,0.2294186087618016,0,0,16.57788944723618,44.57906348265406,RACK1
GO_Biological_Process_2023,Regulation Of Apoptotic Cell Clearance (GO:2000425),1/7,0.0679442688885301,0.2294186087618016,0,0,16.57788944723618,44.57906348265406,HMGB1
GO_Biological_Process_2023,Negative Regulation Of Cell Cycle G2/M Phase Transition (GO:1902750),1/7,0.0679442688885301,0.2294186087618016,0,0,16.57788944723618,44.57906348265406,FHL1
GO_Biological_Process_2023,Regulation Of Cardiac Muscle Cell Action Potential Involved In Regulation Of Contraction (GO:0098909),1/7,0.0679442688885301,0.2294186087618016,0,0,16.57788944723618,44.57906348265406,CAV1
GO_Biological_Process_2023,"Regulation Of mRNA Splicing, Via Spliceosome (GO:0048024)",3/94,0.0682467043328599,0.2294186087618016,0,0,3.298209404808389,8.854459164365215,CIRBP;HNRNPA1;PRDX6
GO_Biological_Process_2023,Vesicle Organization (GO:0016050),3/94,0.0682467043328599,0.2294186087618016,0,0,3.298209404808389,8.854459164365215,CAV2;CAV1;VAMP2
GO_Biological_Process_2023,Regulation Of Primary Metabolic Process (GO:0080090),2/43,0.0687896467784887,0.2302160178853424,0,0,4.867947770386794,13.030045670347697,EDF1;APOE
GO_Biological_Process_2023,Response To Amyloid-Beta (GO:1904645),2/43,0.0687896467784887,0.2302160178853424,0,0,4.867947770386794,13.030045670347697,APP;GJA1
GO_Biological_Process_2023,Cellular Response To Growth Factor Stimulus (GO:0071363),4/155,0.0703673025895698,0.234376099410988,0,0,2.655629139072848,7.0481103099362015,EEF1A1;RACK1;HSPB1;ZFP36L2
GO_Biological_Process_2023,Positive Regulation Of Cell Motility (GO:2000147),5/221,0.0715151147251225,0.234376099410988,0,0,2.324786324786325,6.132429369807998,GPNMB;CAVIN1;CAV1;RACK1;SYNE2
GO_Biological_Process_2023,Regulation Of Transport (GO:0051049),2/44,0.0716056114889121,0.234376099410988,0,0,4.751803751803752,12.52851945708889,VAMP2;ACTG1
GO_Biological_Process_2023,Regulation Of Protein Modification Process (GO:0031399),2/45,0.0744584746361064,0.234376099410988,0,0,4.641061780596664,12.055221541075596,HSPB1;NOP53
GO_Biological_Process_2023,Triglyceride Metabolic Process (GO:0006641),2/45,0.0744584746361064,0.234376099410988,0,0,4.641061780596664,12.055221541075596,CAV1;APOE
GO_Biological_Process_2023,Zymogen Activation (GO:0031638),2/45,0.0744584746361064,0.234376099410988,0,0,4.641061780596664,12.055221541075596,C1R;PERP
GO_Biological_Process_2023,Positive Regulation Of Protein Modification Process (GO:0031401),5/225,0.0759067230347123,0.234376099410988,0,0,2.282051282051282,5.883698765805317,EFNA1;APP;GPNMB;CCND1;RACK1
GO_Biological_Process_2023,Negative Regulation Of Glial Cell Differentiation (GO:0045686),1/8,0.0772680713380291,0.234376099410988,0,0,14.208901651112706,36.38152974515558,HES1
GO_Biological_Process_2023,DNA Topological Change (GO:0006265),1/8,0.0772680713380291,0.234376099410988,0,0,14.208901651112706,36.38152974515558,HMGB1
GO_Biological_Process_2023,Regulation Of Epidermis Development (GO:0045682),1/8,0.0772680713380291,0.234376099410988,0,0,14.208901651112706,36.38152974515558,KRT10
GO_Biological_Process_2023,Golgi Ribbon Formation (GO:0090161),1/8,0.0772680713380291,0.234376099410988,0,0,14.208901651112706,36.38152974515558,OPTN
GO_Biological_Process_2023,Regulation Of Gap Junction Assembly (GO:1903596),1/8,0.0772680713380291,0.234376099410988,0,0,14.208901651112706,36.38152974515558,CAV1
GO_Biological_Process_2023,Regulation Of Glial Cell Proliferation (GO:0060251),1/8,0.0772680713380291,0.234376099410988,0,0,14.208901651112706,36.38152974515558,HES1
GO_Biological_Process_2023,Negative Regulation Of Oxidative Stress-Induced Neuron Death (GO:1903204),1/8,0.0772680713380291,0.234376099410988,0,0,14.208901651112706,36.38152974515558,RACK1
GO_Biological_Process_2023,T Cell Mediated Cytotoxicity (GO:0001913),1/8,0.0772680713380291,0.234376099410988,0,0,14.208901651112706,36.38152974515558,EMP2
GO_Biological_Process_2023,Negative Regulation Of Platelet Aggregation (GO:0090331),1/8,0.0772680713380291,0.234376099410988,0,0,14.208901651112706,36.38152974515558,CD9
GO_Biological_Process_2023,Actin Filament Network Formation (GO:0051639),1/8,0.0772680713380291,0.234376099410988,0,0,14.208901651112706,36.38152974515558,PLS3
GO_Biological_Process_2023,Alcohol Catabolic Process (GO:0046164),1/8,0.0772680713380291,0.234376099410988,0,0,14.208901651112706,36.38152974515558,APOE
GO_Biological_Process_2023,Negative Regulation Of Transporter Activity (GO:0032410),1/8,0.0772680713380291,0.234376099410988,0,0,14.208901651112706,36.38152974515558,NDFIP2
GO_Biological_Process_2023,Regulation Of Morphogenesis Of An Epithelium (GO:1905330),1/8,0.0772680713380291,0.234376099410988,0,0,14.208901651112706,36.38152974515558,GJA1
GO_Biological_Process_2023,Regulation Of Organ Growth (GO:0046620),1/8,0.0772680713380291,0.234376099410988,0,0,14.208901651112706,36.38152974515558,SOD1
GO_Biological_Process_2023,Regulation Of Pinocytosis (GO:0048548),1/8,0.0772680713380291,0.234376099410988,0,0,14.208901651112706,36.38152974515558,CAV1
GO_Biological_Process_2023,Bundle Of His Cell To Purkinje Myocyte Communication (GO:0086069),1/8,0.0772680713380291,0.234376099410988,0,0,14.208901651112706,36.38152974515558,DSP
GO_Biological_Process_2023,Commissural Neuron Axon Guidance (GO:0071679),1/8,0.0772680713380291,0.234376099410988,0,0,14.208901651112706,36.38152974515558,NFIB
GO_Biological_Process_2023,Cyclooxygenase Pathway (GO:0019371),1/8,0.0772680713380291,0.234376099410988,0,0,14.208901651112706,36.38152974515558,CBR1
GO_Biological_Process_2023,Response To Misfolded Protein (GO:0051788),1/8,0.0772680713380291,0.234376099410988,0,0,14.208901651112706,36.38152974515558,CLU
GO_Biological_Process_2023,Response To Vitamin (GO:0033273),1/8,0.0772680713380291,0.234376099410988,0,0,14.208901651112706,36.38152974515558,AQP3
GO_Biological_Process_2023,Response To Vitamin D (GO:0033280),1/8,0.0772680713380291,0.234376099410988,0,0,14.208901651112706,36.38152974515558,AQP3
GO_Biological_Process_2023,Skin Morphogenesis (GO:0043589),1/8,0.0772680713380291,0.234376099410988,0,0,14.208901651112706,36.38152974515558,COL1A2
GO_Biological_Process_2023,Triglyceride-Rich Lipoprotein Particle Remodeling (GO:0034370),1/8,0.0772680713380291,0.234376099410988,0,0,14.208901651112706,36.38152974515558,APOE
GO_Biological_Process_2023,Glycerol Transmembrane Transport (GO:0015793),1/8,0.0772680713380291,0.234376099410988,0,0,14.208901651112706,36.38152974515558,AQP3
GO_Biological_Process_2023,Vascular Associated Smooth Muscle Cell Differentiation (GO:0035886),1/8,0.0772680713380291,0.234376099410988,0,0,14.208901651112706,36.38152974515558,HES1
GO_Biological_Process_2023,Vitamin K Metabolic Process (GO:0042373),1/8,0.0772680713380291,0.234376099410988,0,0,14.208901651112706,36.38152974515558,CBR1
GO_Biological_Process_2023,Positive Regulation Of Respiratory Burst (GO:0060267),1/8,0.0772680713380291,0.234376099410988,0,0,14.208901651112706,36.38152974515558,RPS19
GO_Biological_Process_2023,Positive Regulation Of Ubiquitin Protein Ligase Activity (GO:1904668),1/8,0.0772680713380291,0.234376099410988,0,0,14.208901651112706,36.38152974515558,SKP1
GO_Biological_Process_2023,Modification-Dependent Macromolecule Catabolic Process (GO:0043632),1/8,0.0772680713380291,0.234376099410988,0,0,14.208901651112706,36.38152974515558,RPS27A
GO_Biological_Process_2023,Regulation Of DNA Methylation (GO:0044030),1/8,0.0772680713380291,0.234376099410988,0,0,14.208901651112706,36.38152974515558,MYC
GO_Biological_Process_2023,Regulation Of DNA-templated Transcription Initiation (GO:2000142),1/8,0.0772680713380291,0.234376099410988,0,0,14.208901651112706,36.38152974515558,JUN
GO_Biological_Process_2023,Regulation Of ER-associated Ubiquitin-Dependent Protein Catabolic Process (GO:1903069),1/8,0.0772680713380291,0.234376099410988,0,0,14.208901651112706,36.38152974515558,CAV1
GO_Biological_Process_2023,ncRNA Export From Nucleus (GO:0097064),1/8,0.0772680713380291,0.234376099410988,0,0,14.208901651112706,36.38152974515558,NPM1
GO_Biological_Process_2023,Negative Regulation Of Alpha-Beta T Cell Differentiation (GO:0046639),1/8,0.0772680713380291,0.234376099410988,0,0,14.208901651112706,36.38152974515558,HMGB1
GO_Biological_Process_2023,Regulation Of Aspartic-Type Endopeptidase Activity Involved In Amyloid Precursor Protein Catabolic Process (GO:1902959),1/8,0.0772680713380291,0.234376099410988,0,0,14.208901651112706,36.38152974515558,EFNA1
GO_Biological_Process_2023,Regulation Of mRNA Catabolic Process (GO:0061013),2/46,0.0773472253700272,0.234376099410988,0,0,4.535353535353536,11.608013208044897,SERBP1;ZFP36L2
GO_Biological_Process_2023,Cardiac Conduction (GO:0061337),2/46,0.0773472253700272,0.234376099410988,0,0,4.535353535353536,11.608013208044897,DSP;CAV1
GO_Biological_Process_2023,Response To Glucose (GO:0009749),2/46,0.0773472253700272,0.234376099410988,0,0,4.535353535353536,11.608013208044897,RACK1;VAMP2
GO_Biological_Process_2023,Positive Regulation Of Blood Vessel Endothelial Cell Migration (GO:0043536),2/46,0.0773472253700272,0.234376099410988,0,0,4.535353535353536,11.608013208044897,HSPB1;HMGB1
GO_Biological_Process_2023,Myofibril Assembly (GO:0030239),2/46,0.0773472253700272,0.234376099410988,0,0,4.535353535353536,11.608013208044897,TPM1;MYL9
GO_Biological_Process_2023,Regulation Of Cell Cycle (GO:0051726),6/298,0.0793941562444897,0.2400955809321316,0,0,2.066233582827284,5.234452581067133,JUN;RPS15A;MYC;RACK1;NUPR1;NOP53
GO_Biological_Process_2023,Regulation Of Interleukin-2 Production (GO:0032663),2/47,0.0802708691611082,0.2417758579132579,0,0,4.434343434343434,11.184959505346583,RPS3;SPTBN1
GO_Biological_Process_2023,Positive Regulation Of Smooth Muscle Cell Proliferation (GO:0048661),2/47,0.0802708691611082,0.2417758579132579,0,0,4.434343434343434,11.184959505346583,GJA1;JUN
GO_Biological_Process_2023,Negative Regulation Of Intracellular Signal Transduction (GO:1902532),5/231,0.0827624518343387,0.2471870844065702,0,0,2.2207851145904245,5.533709711029654,CAV1;RACK1;PEBP1;RORA;NOP53
GO_Biological_Process_2023,Positive Regulation Of Phosphorylation (GO:0042327),5/231,0.0827624518343387,0.2471870844065702,0,0,2.2207851145904245,5.533709711029654,EFNA1;APP;GPNMB;CCND1;RACK1
GO_Biological_Process_2023,Positive Regulation Of Reactive Oxygen Species Metabolic Process (GO:2000379),2/48,0.0832284276217124,0.2471870844065702,0,0,4.337725076855512,10.784305954054672,CBR1;SOD1
GO_Biological_Process_2023,Erythrocyte Differentiation (GO:0030218),2/49,0.0862189382580095,0.2471870844065702,0,0,4.24521813883516,10.404458354124063,RPS14;RPS19
GO_Biological_Process_2023,Negative Regulation Of T Cell Activation (GO:0050868),2/49,0.0862189382580095,0.2471870844065702,0,0,4.24521813883516,10.404458354124063,LGALS3;GPNMB
GO_Biological_Process_2023,Positive Regulation Of Inflammatory Response (GO:0050729),3/104,0.0863951479385647,0.2471870844065702,0,0,2.9701462532040006,7.273364724037877,APP;RPS19;NUPR1
GO_Biological_Process_2023,Negative Regulation Of Establishment Of Protein Localization (GO:1904950),1/9,0.0864990660572792,0.2471870844065702,0,0,12.4321608040201,30.429226090981548,NDFIP2
GO_Biological_Process_2023,Negative Regulation Of Hormone Secretion (GO:0046888),1/9,0.0864990660572792,0.2471870844065702,0,0,12.4321608040201,30.429226090981548,GJA1
GO_Biological_Process_2023,Regulation Of Endoplasmic Reticulum Unfolded Protein Response (GO:1900101),1/9,0.0864990660572792,0.2471870844065702,0,0,12.4321608040201,30.429226090981548,RACK1
GO_Biological_Process_2023,SNARE Complex Assembly (GO:0035493),1/9,0.0864990660572792,0.2471870844065702,0,0,12.4321608040201,30.429226090981548,VAMP2
GO_Biological_Process_2023,Negative Regulation Of Phosphatidylinositol 3-Kinase Signaling (GO:0014067),1/9,0.0864990660572792,0.2471870844065702,0,0,12.4321608040201,30.429226090981548,NOP53
GO_Biological_Process_2023,T-helper 1 Type Immune Response (GO:0042088),1/9,0.0864990660572792,0.2471870844065702,0,0,12.4321608040201,30.429226090981548,HMGB1
GO_Biological_Process_2023,Negative Regulation Of Protein Autophosphorylation (GO:0031953),1/9,0.0864990660572792,0.2471870844065702,0,0,12.4321608040201,30.429226090981548,CAV1
GO_Biological_Process_2023,Actin-Mediated Cell Contraction (GO:0070252),1/9,0.0864990660572792,0.2471870844065702,0,0,12.4321608040201,30.429226090981548,EMP2
GO_Biological_Process_2023,Negative Regulation Of Transcription By RNA Polymerase I (GO:0016479),1/9,0.0864990660572792,0.2471870844065702,0,0,12.4321608040201,30.429226090981548,NOP53
GO_Biological_Process_2023,Neuron Remodeling (GO:0016322),1/9,0.0864990660572792,0.2471870844065702,0,0,12.4321608040201,30.429226090981548,APP
GO_Biological_Process_2023,Regulation Of Tau-Protein Kinase Activity (GO:1902947),1/9,0.0864990660572792,0.2471870844065702,0,0,12.4321608040201,30.429226090981548,CLU
GO_Biological_Process_2023,Cellular Response To Purine-Containing Compound (GO:0071415),1/9,0.0864990660572792,0.2471870844065702,0,0,12.4321608040201,30.429226090981548,CLU
GO_Biological_Process_2023,Regulation Of Viral-Induced Cytoplasmic Pattern Recognition Receptor Signaling Pathway (GO:0039531),1/9,0.0864990660572792,0.2471870844065702,0,0,12.4321608040201,30.429226090981548,NOP53
GO_Biological_Process_2023,Sequestering Of Extracellular Ligand From Receptor (GO:0035581),1/9,0.0864990660572792,0.2471870844065702,0,0,12.4321608040201,30.429226090981548,NBL1
GO_Biological_Process_2023,Positive Regulation Of Mesenchymal Cell Proliferation (GO:0002053),1/9,0.0864990660572792,0.2471870844065702,0,0,12.4321608040201,30.429226090981548,MYC
GO_Biological_Process_2023,Granulocyte Migration (GO:0097530),1/9,0.0864990660572792,0.2471870844065702,0,0,12.4321608040201,30.429226090981548,EMP2
GO_Biological_Process_2023,High-Density Lipoprotein Particle Assembly (GO:0034380),1/9,0.0864990660572792,0.2471870844065702,0,0,12.4321608040201,30.429226090981548,APOE
GO_Biological_Process_2023,Intestinal Cholesterol Absorption (GO:0030299),1/9,0.0864990660572792,0.2471870844065702,0,0,12.4321608040201,30.429226090981548,LIMA1
GO_Biological_Process_2023,Quinone Metabolic Process (GO:1901661),1/9,0.0864990660572792,0.2471870844065702,0,0,12.4321608040201,30.429226090981548,CBR1
GO_Biological_Process_2023,Mitral Valve Morphogenesis (GO:0003183),1/9,0.0864990660572792,0.2471870844065702,0,0,12.4321608040201,30.429226090981548,EFNA1
GO_Biological_Process_2023,Myelin Assembly (GO:0032288),1/9,0.0864990660572792,0.2471870844065702,0,0,12.4321608040201,30.429226090981548,CD9
GO_Biological_Process_2023,Regulation Of Epithelial Cell Migration (GO:0010632),2/50,0.0892414542606553,0.2526271242792235,0,0,4.156565656565657,10.043965211617904,TACSTD2;EMP2
GO_Biological_Process_2023,Blood Circulation (GO:0008015),2/50,0.0892414542606553,0.2526271242792235,0,0,4.156565656565657,10.043965211617904,CYB5R3;SOD1
GO_Biological_Process_2023,Nucleocytoplasmic Transport (GO:0006913),2/50,0.0892414542606553,0.2526271242792235,0,0,4.156565656565657,10.043965211617904,NPM1;HNRNPA1
GO_Biological_Process_2023,Plasma Membrane Bounded Cell Projection Morphogenesis (GO:0120039),2/50,0.0892414542606553,0.2526271242792235,0,0,4.156565656565657,10.043965211617904,CTTN;NBL1
GO_Biological_Process_2023,Intracellular Iron Ion Homeostasis (GO:0006879),2/50,0.0892414542606553,0.2526271242792235,0,0,4.156565656565657,10.043965211617904,MYC;SOD1
GO_Biological_Process_2023,Cellular Response To Cytokine Stimulus (GO:0071345),6/308,0.0895848515837385,0.2531234268013326,0,0,1.9967911517716936,4.817396512989893,MT2A;RPS3;RPL13A;MT1X;PLP2;ZFP36L2
GO_Biological_Process_2023,Response To Calcium Ion (GO:0051592),3/106,0.090247543166112,0.2545183520752149,0,0,2.912177812823419,7.004366885624175,CAV1;AQP3;CLU
GO_Biological_Process_2023,Positive Regulation Of MAPK Cascade (GO:0043410),6/310,0.0917051006651356,0.2549222780832985,0,0,1.983450895279436,4.738815810779813,APP;GPNMB;CAV2;APOE;HMGB1;SOD1
GO_Biological_Process_2023,Regulation Of Smoothened Signaling Pathway (GO:0008589),2/51,0.0922950442929787,0.2549222780832985,0,0,4.071531642960214,9.7015024039535,RACK1;RORA
GO_Biological_Process_2023,Positive Regulation Of Protein Localization To Cell Periphery (GO:1904377),2/51,0.0922950442929787,0.2549222780832985,0,0,4.071531642960214,9.7015024039535,LGALS3;SPTBN1
GO_Biological_Process_2023,Receptor Internalization (GO:0031623),2/51,0.0922950442929787,0.2549222780832985,0,0,4.071531642960214,9.7015024039535,CAV1;CD9
GO_Biological_Process_2023,Positive Regulation Of DNA Metabolic Process (GO:0051054),3/108,0.0941706690966622,0.2549222780832985,0,0,2.856417693981146,6.748705308028375,MYC;RPS3;HMGB1
GO_Biological_Process_2023,Negative Regulation Of Response To Stimulus (GO:0048585),2/52,0.0953787922697506,0.2549222780832985,0,0,3.98989898989899,9.375859760148904,RPS3;CLU
GO_Biological_Process_2023,Regulation Of Proteolysis (GO:0030162),2/52,0.0953787922697506,0.2549222780832985,0,0,3.98989898989899,9.375859760148904,PERP;CAV1
GO_Biological_Process_2023,Cellular Response To Ionizing Radiation (GO:0071479),2/52,0.0953787922697506,0.2549222780832985,0,0,3.98989898989899,9.375859760148904,RPL26;CRYAB
GO_Biological_Process_2023,Regulation Of Cell Development (GO:0060284),2/52,0.0953787922697506,0.2549222780832985,0,0,3.98989898989899,9.375859760148904,RPS19;HES1
GO_Biological_Process_2023,Negative Regulation Of Glycolytic Process (GO:0045820),1/10,0.0956381720564831,0.2549222780832985,0,0,11.050251256281408,25.93696464958489,NUPR1
GO_Biological_Process_2023,Negative Regulation Of Hemostasis (GO:1900047),1/10,0.0956381720564831,0.2549222780832985,0,0,11.050251256281408,25.93696464958489,APOE
GO_Biological_Process_2023,Negative Regulation Of Homotypic Cell-Cell Adhesion (GO:0034111),1/10,0.0956381720564831,0.2549222780832985,0,0,11.050251256281408,25.93696464958489,CD9
GO_Biological_Process_2023,Negative Regulation Of Hydrogen Peroxide-Induced Cell Death (GO:1903206),1/10,0.0956381720564831,0.2549222780832985,0,0,11.050251256281408,25.93696464958489,RACK1
GO_Biological_Process_2023,Negative Regulation Of Programmed Necrotic Cell Death (GO:0062099),1/10,0.0956381720564831,0.2549222780832985,0,0,11.050251256281408,25.93696464958489,NUPR1
GO_Biological_Process_2023,Acidic Amino Acid Transport (GO:0015800),1/10,0.0956381720564831,0.2549222780832985,0,0,11.050251256281408,25.93696464958489,GJA1
GO_Biological_Process_2023,Actin Filament Depolymerization (GO:0030042),1/10,0.0956381720564831,0.2549222780832985,0,0,11.050251256281408,25.93696464958489,DSTN
GO_Biological_Process_2023,Regulation Of Mitochondrial Depolarization (GO:0051900),1/10,0.0956381720564831,0.2549222780832985,0,0,11.050251256281408,25.93696464958489,RACK1
GO_Biological_Process_2023,Neuron Projection Maintenance (GO:1990535),1/10,0.0956381720564831,0.2549222780832985,0,0,11.050251256281408,25.93696464958489,APP
GO_Biological_Process_2023,Regulation Of Programmed Necrotic Cell Death (GO:0062098),1/10,0.0956381720564831,0.2549222780832985,0,0,11.050251256281408,25.93696464958489,NUPR1
GO_Biological_Process_2023,Cellular Response To Increased Oxygen Levels (GO:0036295),1/10,0.0956381720564831,0.2549222780832985,0,0,11.050251256281408,25.93696464958489,CAV1
GO_Biological_Process_2023,Regulation Of Toll-Like Receptor 9 Signaling Pathway (GO:0034163),1/10,0.0956381720564831,0.2549222780832985,0,0,11.050251256281408,25.93696464958489,HMGB1
GO_Biological_Process_2023,Response To Sterol (GO:0036314),1/10,0.0956381720564831,0.2549222780832985,0,0,11.050251256281408,25.93696464958489,RORA
GO_Biological_Process_2023,Positive Regulation Of Cellular Respiration (GO:1901857),1/10,0.0956381720564831,0.2549222780832985,0,0,11.050251256281408,25.93696464958489,NUPR1
GO_Biological_Process_2023,Positive Regulation Of Cholesterol Metabolic Process (GO:0090205),1/10,0.0956381720564831,0.2549222780832985,0,0,11.050251256281408,25.93696464958489,APOE
GO_Biological_Process_2023,Fatty Acid Homeostasis (GO:0055089),1/10,0.0956381720564831,0.2549222780832985,0,0,11.050251256281408,25.93696464958489,APOE
GO_Biological_Process_2023,Positive Regulation Of Phospholipid Transport (GO:2001140),1/10,0.0956381720564831,0.2549222780832985,0,0,11.050251256281408,25.93696464958489,APOE
GO_Biological_Process_2023,Lipoprotein Catabolic Process (GO:0042159),1/10,0.0956381720564831,0.2549222780832985,0,0,11.050251256281408,25.93696464958489,APOE
GO_Biological_Process_2023,Muscle Filament Sliding (GO:0030049),1/10,0.0956381720564831,0.2549222780832985,0,0,11.050251256281408,25.93696464958489,TPM1
GO_Biological_Process_2023,Negative Regulation Of Autophagosome Assembly (GO:1902902),1/10,0.0956381720564831,0.2549222780832985,0,0,11.050251256281408,25.93696464958489,NUPR1
GO_Biological_Process_2023,Regulation Of Cardiac Muscle Cell Apoptotic Process (GO:0010665),1/10,0.0956381720564831,0.2549222780832985,0,0,11.050251256281408,25.93696464958489,NUPR1
GO_Biological_Process_2023,Negative Regulation Of Centrosome Duplication (GO:0010826),1/10,0.0956381720564831,0.2549222780832985,0,0,11.050251256281408,25.93696464958489,NPM1
GO_Biological_Process_2023,Regulation Of Proteasomal Protein Catabolic Process (GO:0061136),2/53,0.0984917971521169,0.2597323997715382,0,0,3.9114676173499694,9.065929283683165,NUPR1;APOE
GO_Biological_Process_2023,Regulation Of Receptor Signaling Pathway Via JAK-STAT (GO:0046425),2/53,0.0984917971521169,0.2597323997715382,0,0,3.9114676173499694,9.065929283683165,CAV1;HES1
GO_Biological_Process_2023,Positive Regulation Of NIK/NF-kappaB Signaling (GO:1901224),2/53,0.0984917971521169,0.2597323997715382,0,0,3.9114676173499694,9.065929283683165,APP;RPS3
GO_Biological_Process_2023,Positive Regulation Of Chemokine Production (GO:0032722),2/53,0.0984917971521169,0.2597323997715382,0,0,3.9114676173499694,9.065929283683165,APP;HMGB1
GO_Biological_Process_2023,Regulation Of ERK1 And ERK2 Cascade (GO:0070372),5/244,0.0986998639970798,0.2597323997715382,0,0,2.0985945713979186,4.85965608076587,APP;GPNMB;TIMP3;APOE;HMGB1
GO_Biological_Process_2023,Cytoskeleton Organization (GO:0007010),3/111,0.1001845738063604,0.2597323997715382,0,0,2.7766497461928936,6.3883520697862,DST;TPM1;APOE
GO_Biological_Process_2023,Mitotic Cell Cycle Phase Transition (GO:0044772),3/111,0.1001845738063604,0.2597323997715382,0,0,2.7766497461928936,6.3883520697862,CCND1;MYC;PLK2
GO_Biological_Process_2023,Extracellular Matrix Organization (GO:0030198),4/176,0.1005270084862388,0.2597323997715382,0,0,2.3289036544850497,5.350257546006701,APP;COL18A1;COL1A2;SERPINH1
GO_Biological_Process_2023,Negative Regulation Of Neuron Projection Development (GO:0010977),2/54,0.1016331727713355,0.2597323997715382,0,0,3.836052836052836,8.77069478933889,EFNA1;APOE
GO_Biological_Process_2023,Negative Regulation Of Protein Ubiquitination (GO:0031397),2/54,0.1016331727713355,0.2597323997715382,0,0,3.836052836052836,8.77069478933889,CAV1;RPS3
GO_Biological_Process_2023,Epidermal Cell Differentiation (GO:0009913),2/54,0.1016331727713355,0.2597323997715382,0,0,3.836052836052836,8.77069478933889,DSP;KRT10
GO_Biological_Process_2023,Positive Regulation Of Leukocyte Chemotaxis (GO:0002690),2/54,0.1016331727713355,0.2597323997715382,0,0,3.836052836052836,8.77069478933889,HMGB1;S100A14
GO_Biological_Process_2023,Positive Regulation Of Cytokine Production (GO:0001819),6/320,0.1027110201534412,0.2597323997715382,0,0,1.919298706415392,4.368008828803376,APP;RPS3;RORA;HMGB1;SPTBN1;SOD1
GO_Biological_Process_2023,Regulation Of Protein Ubiquitination (GO:0031396),3/113,0.1042776844975899,0.2597323997715382,0,0,2.7258883248730963,6.162409997576357,NDFIP2;CAV1;RPS3
GO_Biological_Process_2023,Negative Regulation Of Leukocyte Chemotaxis (GO:0002689),1/11,0.1046862992439068,0.2597323997715382,0,0,9.944723618090451,22.4431232477853,NBL1
GO_Biological_Process_2023,Regulation Of Epithelial Cell Apoptotic Process (GO:1904035),1/11,0.1046862992439068,0.2597323997715382,0,0,9.944723618090451,22.4431232477853,NUPR1
GO_Biological_Process_2023,Regulation Of Fatty Acid Metabolic Process (GO:0019217),1/11,0.1046862992439068,0.2597323997715382,0,0,9.944723618090451,22.4431232477853,CAV1
GO_Biological_Process_2023,Negative Regulation Of Nitrogen Compound Metabolic Process (GO:0051172),1/11,0.1046862992439068,0.2597323997715382,0,0,9.944723618090451,22.4431232477853,APOE
GO_Biological_Process_2023,Negative Regulation Of Potassium Ion Transmembrane Transport (GO:1901380),1/11,0.1046862992439068,0.2597323997715382,0,0,9.944723618090451,22.4431232477853,CAV1
GO_Biological_Process_2023,Regulation Of Mesenchymal Cell Proliferation (GO:0010464),1/11,0.1046862992439068,0.2597323997715382,0,0,9.944723618090451,22.4431232477853,MYC
GO_Biological_Process_2023,Negative Regulation Of Voltage-Gated Potassium Channel Activity (GO:1903817),1/11,0.1046862992439068,0.2597323997715382,0,0,9.944723618090451,22.4431232477853,CAV1
GO_Biological_Process_2023,Neutrophil Activation Involved In Immune Response (GO:0002283),1/11,0.1046862992439068,0.2597323997715382,0,0,9.944723618090451,22.4431232477853,VAMP2
GO_Biological_Process_2023,Phospholipid Efflux (GO:0033700),1/11,0.1046862992439068,0.2597323997715382,0,0,9.944723618090451,22.4431232477853,APOE
GO_Biological_Process_2023,Central Nervous System Myelination (GO:0022010),1/11,0.1046862992439068,0.2597323997715382,0,0,9.944723618090451,22.4431232477853,CLU
GO_Biological_Process_2023,Central Nervous System Projection Neuron Axonogenesis (GO:0021952),1/11,0.1046862992439068,0.2597323997715382,0,0,9.944723618090451,22.4431232477853,NFIB
GO_Biological_Process_2023,Positive Regulation Of Circadian Rhythm (GO:0042753),1/11,0.1046862992439068,0.2597323997715382,0,0,9.944723618090451,22.4431232477853,RORA
GO_Biological_Process_2023,Skeletal Muscle Fiber Development (GO:0048741),1/11,0.1046862992439068,0.2597323997715382,0,0,9.944723618090451,22.4431232477853,CAV2
GO_Biological_Process_2023,Epithelial Cell-Cell Adhesion (GO:0090136),1/11,0.1046862992439068,0.2597323997715382,0,0,9.944723618090451,22.4431232477853,DSP
GO_Biological_Process_2023,Positive Regulation Of Lipid Transport (GO:0032370),1/11,0.1046862992439068,0.2597323997715382,0,0,9.944723618090451,22.4431232477853,APOE
GO_Biological_Process_2023,Positive Regulation Of Muscle Contraction (GO:0045933),1/11,0.1046862992439068,0.2597323997715382,0,0,9.944723618090451,22.4431232477853,CTTN
GO_Biological_Process_2023,Visual Learning (GO:0008542),1/11,0.1046862992439068,0.2597323997715382,0,0,9.944723618090451,22.4431232477853,APP
GO_Biological_Process_2023,Inner Ear Receptor Cell Stereocilium Organization (GO:0060122),1/11,0.1046862992439068,0.2597323997715382,0,0,9.944723618090451,22.4431232477853,SOD1
GO_Biological_Process_2023,Intestinal Lipid Absorption (GO:0098856),1/11,0.1046862992439068,0.2597323997715382,0,0,9.944723618090451,22.4431232477853,LIMA1
GO_Biological_Process_2023,"Regulation Of CD4-positive, Alpha-Beta T Cell Differentiation (GO:0043370)",1/11,0.1046862992439068,0.2597323997715382,0,0,9.944723618090451,22.4431232477853,HMGB1
GO_Biological_Process_2023,"Negative Regulation Of CD4-positive, Alpha-Beta T Cell Activation (GO:2000515)",1/11,0.1046862992439068,0.2597323997715382,0,0,9.944723618090451,22.4431232477853,HMGB1
GO_Biological_Process_2023,Regulation Of T Cell Apoptotic Process (GO:0070232),1/11,0.1046862992439068,0.2597323997715382,0,0,9.944723618090451,22.4431232477853,LGALS3
GO_Biological_Process_2023,Regulation Of T Cell Mediated Immunity (GO:0002709),1/11,0.1046862992439068,0.2597323997715382,0,0,9.944723618090451,22.4431232477853,HMGB1
GO_Biological_Process_2023,Regulation Of Actin Filament Depolymerization (GO:0030834),1/11,0.1046862992439068,0.2597323997715382,0,0,9.944723618090451,22.4431232477853,LIMA1
GO_Biological_Process_2023,Regulation Of Amyloid Precursor Protein Catabolic Process (GO:1902991),1/11,0.1046862992439068,0.2597323997715382,0,0,9.944723618090451,22.4431232477853,APOE
GO_Biological_Process_2023,Regulation Of Astrocyte Differentiation (GO:0048710),1/11,0.1046862992439068,0.2597323997715382,0,0,9.944723618090451,22.4431232477853,HES1
GO_Biological_Process_2023,Negative Regulation Of Cell Division (GO:0051782),1/11,0.1046862992439068,0.2597323997715382,0,0,9.944723618090451,22.4431232477853,MYC
GO_Biological_Process_2023,Regulation Of Cell Communication By Electrical Coupling Involved In Cardiac Conduction (GO:1901844),1/11,0.1046862992439068,0.2597323997715382,0,0,9.944723618090451,22.4431232477853,CAV1
GO_Biological_Process_2023,Positive Regulation Of ERK1 And ERK2 Cascade (GO:0070374),4/179,0.1052573746759501,0.2607197471414159,0,0,2.2886297376093294,5.152499100422719,APP;GPNMB;APOE;HMGB1
GO_Biological_Process_2023,Mitotic DNA Damage Checkpoint Signaling (GO:0044773),2/56,0.1079975643594305,0.2665862759355553,0,0,3.6936026936026938,8.220654292796869,CCND1;NOP53
GO_Biological_Process_2023,Positive Regulation Of Interleukin-1 Beta Production (GO:0032731),2/57,0.111218880351375,0.2665862759355553,0,0,3.6262626262626254,7.964197874788815,APP;HSPB1
GO_Biological_Process_2023,Myeloid Cell Differentiation (GO:0030099),2/57,0.111218880351375,0.2665862759355553,0,0,3.6262626262626254,7.964197874788815,RPS14;RPS19
GO_Biological_Process_2023,Regulation Of Chemokine (C-X-C Motif) Ligand 2 Production (GO:2000341),1/12,0.1136443487055952,0.2665862759355553,0,0,9.040201005025123,19.659557478207127,HMGB1
GO_Biological_Process_2023,DNA Conformation Change (GO:0071103),1/12,0.1136443487055952,0.2665862759355553,0,0,9.040201005025123,19.659557478207127,HMGB1
GO_Biological_Process_2023,Negative Regulation Of Locomotion (GO:0040013),1/12,0.1136443487055952,0.2665862759355553,0,0,9.040201005025123,19.659557478207127,TACSTD2
GO_Biological_Process_2023,Negative Regulation Of Mononuclear Cell Migration (GO:0071676),1/12,0.1136443487055952,0.2665862759355553,0,0,9.040201005025123,19.659557478207127,NBL1
GO_Biological_Process_2023,Negative Regulation Of Potassium Ion Transport (GO:0043267),1/12,0.1136443487055952,0.2665862759355553,0,0,9.040201005025123,19.659557478207127,CAV1
GO_Biological_Process_2023,V(D)J Recombination (GO:0033151),1/12,0.1136443487055952,0.2665862759355553,0,0,9.040201005025123,19.659557478207127,HMGB1
GO_Biological_Process_2023,Actin-Myosin Filament Sliding (GO:0033275),1/12,0.1136443487055952,0.2665862759355553,0,0,9.040201005025123,19.659557478207127,TPM1
GO_Biological_Process_2023,Negative Regulation Of Substrate Adhesion-Dependent Cell Spreading (GO:1900025),1/12,0.1136443487055952,0.2665862759355553,0,0,9.040201005025123,19.659557478207127,TACSTD2
GO_Biological_Process_2023,Astrocyte Activation (GO:0048143),1/12,0.1136443487055952,0.2665862759355553,0,0,9.040201005025123,19.659557478207127,APP
GO_Biological_Process_2023,Atrial Cardiac Muscle Cell Action Potential (GO:0086014),1/12,0.1136443487055952,0.2665862759355553,0,0,9.040201005025123,19.659557478207127,GJA1
GO_Biological_Process_2023,Neutrophil Mediated Immunity (GO:0002446),1/12,0.1136443487055952,0.2665862759355553,0,0,9.040201005025123,19.659557478207127,VAMP2
GO_Biological_Process_2023,Nuclear Body Organization (GO:0030575),1/12,0.1136443487055952,0.2665862759355553,0,0,9.040201005025123,19.659557478207127,SERBP1
GO_Biological_Process_2023,Nucleotide Metabolic Process (GO:0009117),1/12,0.1136443487055952,0.2665862759355553,0,0,9.040201005025123,19.659557478207127,REXO2
GO_Biological_Process_2023,Positive Regulation By Symbiont Of Entry Into Host (GO:0075294),1/12,0.1136443487055952,0.2665862759355553,0,0,9.040201005025123,19.659557478207127,HMGB1
GO_Biological_Process_2023,Positive Regulation Of ERAD Pathway (GO:1904294),1/12,0.1136443487055952,0.2665862759355553,0,0,9.040201005025123,19.659557478207127,CAV1
GO_Biological_Process_2023,Regulation Of Vascular Associated Smooth Muscle Cell Migration (GO:1904752),1/12,0.1136443487055952,0.2665862759355553,0,0,9.040201005025123,19.659557478207127,TPM1
GO_Biological_Process_2023,Defense Response To Tumor Cell (GO:0002357),1/12,0.1136443487055952,0.2665862759355553,0,0,9.040201005025123,19.659557478207127,PRDX2
GO_Biological_Process_2023,Endothelium Development (GO:0003158),1/12,0.1136443487055952,0.2665862759355553,0,0,9.040201005025123,19.659557478207127,EDF1
GO_Biological_Process_2023,Positive Regulation Of Integrin-Mediated Signaling Pathway (GO:2001046),1/12,0.1136443487055952,0.2665862759355553,0,0,9.040201005025123,19.659557478207127,EMP2
GO_Biological_Process_2023,Positive Regulation Of Neuroinflammatory Response (GO:0150078),1/12,0.1136443487055952,0.2665862759355553,0,0,9.040201005025123,19.659557478207127,NUPR1
GO_Biological_Process_2023,Positive Regulation Of Vascular Endothelial Cell Proliferation (GO:1905564),1/12,0.1136443487055952,0.2665862759355553,0,0,9.040201005025123,19.659557478207127,HMGB1
GO_Biological_Process_2023,Positive Regulation Of Vasoconstriction (GO:0045907),1/12,0.1136443487055952,0.2665862759355553,0,0,9.040201005025123,19.659557478207127,CAV1
GO_Biological_Process_2023,Positive Regulation Of Viral Entry Into Host Cell (GO:0046598),1/12,0.1136443487055952,0.2665862759355553,0,0,9.040201005025123,19.659557478207127,HMGB1
GO_Biological_Process_2023,Protein Heterotetramerization (GO:0051290),1/12,0.1136443487055952,0.2665862759355553,0,0,9.040201005025123,19.659557478207127,KRT10
GO_Biological_Process_2023,Morphogenesis Of A Polarized Epithelium (GO:0001738),1/12,0.1136443487055952,0.2665862759355553,0,0,9.040201005025123,19.659557478207127,ACTG1
GO_Biological_Process_2023,Negative Regulation By Host Of Viral Transcription (GO:0043922),1/12,0.1136443487055952,0.2665862759355553,0,0,9.040201005025123,19.659557478207127,JUN
GO_Biological_Process_2023,Regulation Of T Cell Differentiation In Thymus (GO:0033081),1/12,0.1136443487055952,0.2665862759355553,0,0,9.040201005025123,19.659557478207127,SOD1
GO_Biological_Process_2023,Negative Regulation Of Alcohol Biosynthetic Process (GO:1902931),1/12,0.1136443487055952,0.2665862759355553,0,0,9.040201005025123,19.659557478207127,SOD1
GO_Biological_Process_2023,Negative Regulation Of Cell Cycle Phase Transition (GO:1901988),1/12,0.1136443487055952,0.2665862759355553,0,0,9.040201005025123,19.659557478207127,ZFP36L2
GO_Biological_Process_2023,Regulation Of Cell Communication By Electrical Coupling (GO:0010649),1/12,0.1136443487055952,0.2665862759355553,0,0,9.040201005025123,19.659557478207127,CAV1
GO_Biological_Process_2023,Negative Regulation Of Coagulation (GO:0050819),1/12,0.1136443487055952,0.2665862759355553,0,0,9.040201005025123,19.659557478207127,APOE
GO_Biological_Process_2023,Regulation Of Neuron Death (GO:1901214),2/58,0.1144651666427582,0.2672628542077424,0,0,3.561327561327561,7.719123085387519,GPNMB;CLU
GO_Biological_Process_2023,Response To Organic Cyclic Compound (GO:0014070),2/58,0.1144651666427582,0.2672628542077424,0,0,3.561327561327561,7.719123085387519,AQP3;CLU
GO_Biological_Process_2023,Memory (GO:0007613),2/58,0.1144651666427582,0.2672628542077424,0,0,3.561327561327561,7.719123085387519,PLK2;APOE
GO_Biological_Process_2023,Regulation Of Protein Kinase Activity (GO:0045859),3/119,0.1169417814626649,0.2726227908402066,0,0,2.584106423945388,5.545696691343623,HSPB1;SFN;SOD1
GO_Biological_Process_2023,Heart Morphogenesis (GO:0003007),2/59,0.1177356082636544,0.2727843477616364,0,0,3.4986709197235517,7.484754897547597,EMP2;HES1
GO_Biological_Process_2023,Positive Regulation Of Proteolysis (GO:0045862),2/59,0.1177356082636544,0.2727843477616364,0,0,3.4986709197235517,7.484754897547597,PERP;APOE
GO_Biological_Process_2023,Microtubule Cytoskeleton Organization Involved In Mitosis (GO:1902850),2/59,0.1177356082636544,0.2727843477616364,0,0,3.4986709197235517,7.484754897547597,PLK2;SBDS
GO_Biological_Process_2023,Regulation Of Cell Death (GO:0010941),2/59,0.1177356082636544,0.2727843477616364,0,0,3.4986709197235517,7.484754897547597,CLU;CRYAB
GO_Biological_Process_2023,Regulation Of Extrinsic Apoptotic Signaling Pathway (GO:2001236),2/60,0.1210294038464434,0.2753804450624093,0,0,3.438174851967956,7.260468635528234,LGALS3;CAV1
GO_Biological_Process_2023,Endocytosis (GO:0006897),4/189,0.121734806090777,0.2753804450624093,0,0,2.1638168781025926,4.556804295865727,APP;CTTN;CAV1;APOE
GO_Biological_Process_2023,Negative Regulation Of Endoplasmic Reticulum Unfolded Protein Response (GO:1900102),1/13,0.1225132126107664,0.2753804450624093,0,0,8.28643216080402,17.397665920944878,RACK1
GO_Biological_Process_2023,GTP Metabolic Process (GO:0046039),1/13,0.1225132126107664,0.2753804450624093,0,0,8.28643216080402,17.397665920944878,EFNA1
GO_Biological_Process_2023,Regulation Of Gastrulation (GO:0010470),1/13,0.1225132126107664,0.2753804450624093,0,0,8.28643216080402,17.397665920944878,RACK1
GO_Biological_Process_2023,T Cell Differentiation In Thymus (GO:0033077),1/13,0.1225132126107664,0.2753804450624093,0,0,8.28643216080402,17.397665920944878,ZFP36L2
GO_Biological_Process_2023,Regulation Of Intrinsic Apoptotic Signaling Pathway In Response To DNA Damage By P53 Class Mediator (GO:1902165),1/13,0.1225132126107664,0.2753804450624093,0,0,8.28643216080402,17.397665920944878,RPL26
GO_Biological_Process_2023,Regulation Of Nitrogen Compound Metabolic Process (GO:0051171),1/13,0.1225132126107664,0.2753804450624093,0,0,8.28643216080402,17.397665920944878,APOE
GO_Biological_Process_2023,Cellular Response To Arsenic-Containing Substance (GO:0071243),1/13,0.1225132126107664,0.2753804450624093,0,0,8.28643216080402,17.397665920944878,HNRNPA1
GO_Biological_Process_2023,Regulation Of Transcription Of Nucleolar Large rRNA By RNA Polymerase I (GO:1901836),1/13,0.1225132126107664,0.2753804450624093,0,0,8.28643216080402,17.397665920944878,NOP53
GO_Biological_Process_2023,Regulation Of Trophoblast Cell Migration (GO:1901163),1/13,0.1225132126107664,0.2753804450624093,0,0,8.28643216080402,17.397665920944878,GJA1
GO_Biological_Process_2023,Regulation Of Vasculogenesis (GO:2001212),1/13,0.1225132126107664,0.2753804450624093,0,0,8.28643216080402,17.397665920944878,EMP2
GO_Biological_Process_2023,Positive Regulation Of T Cell Receptor Signaling Pathway (GO:0050862),1/13,0.1225132126107664,0.2753804450624093,0,0,8.28643216080402,17.397665920944878,RPS3
GO_Biological_Process_2023,Response To UV-A (GO:0070141),1/13,0.1225132126107664,0.2753804450624093,0,0,8.28643216080402,17.397665920944878,CCND1
GO_Biological_Process_2023,Response To Progesterone (GO:0032570),1/13,0.1225132126107664,0.2753804450624093,0,0,8.28643216080402,17.397665920944878,CAV1
GO_Biological_Process_2023,Endothelial Cell Differentiation (GO:0045446),1/13,0.1225132126107664,0.2753804450624093,0,0,8.28643216080402,17.397665920944878,EDF1
GO_Biological_Process_2023,Positive Regulation Of Superoxide Anion Generation (GO:0032930),1/13,0.1225132126107664,0.2753804450624093,0,0,8.28643216080402,17.397665920944878,SOD1
GO_Biological_Process_2023,Membrane Depolarization (GO:0051899),1/13,0.1225132126107664,0.2753804450624093,0,0,8.28643216080402,17.397665920944878,CAV1
GO_Biological_Process_2023,Myeloid Dendritic Cell Activation (GO:0001773),1/13,0.1225132126107664,0.2753804450624093,0,0,8.28643216080402,17.397665920944878,HMGB1
GO_Biological_Process_2023,ncRNA Transcription (GO:0098781),1/13,0.1225132126107664,0.2753804450624093,0,0,8.28643216080402,17.397665920944878,CAVIN1
GO_Biological_Process_2023,Regulation Of Protein Catabolic Process (GO:0042176),3/122,0.123480177679577,0.2767278981926235,0,0,2.5185769739367827,5.26804358631712,EEF1A1;PLK2;APOE
GO_Biological_Process_2023,Protein Localization To Nucleus (GO:0034504),3/122,0.123480177679577,0.2767278981926235,0,0,2.5185769739367827,5.26804358631712,RPL11;NOP53;SKP1
GO_Biological_Process_2023,Negative Regulation Of Intrinsic Apoptotic Signaling Pathway (GO:2001243),2/61,0.1243457655234195,0.278253674410505,0,0,3.379729498373566,7.045685456427677,HSPB1;CLU
GO_Biological_Process_2023,Regulation Of Cell Motility (GO:2000145),3/123,0.1256888427302304,0.2808418355366871,0,0,2.49746192893401,5.179600998900278,CAVIN1;TACSTD2;KRT5
GO_Biological_Process_2023,Protein Localization To Membrane (GO:0072657),4/192,0.126882620786053,0.2824691774493562,0,0,2.128962223187147,4.395227321074526,CAV1;CPE;EMP2;SPTBN1
GO_Biological_Process_2023,Organelle Organization (GO:0006996),7/418,0.1270224128163887,0.2824691774493562,0,0,1.7110169812034342,3.530498287578534,DST;CAV2;MYC;CAV1;TPM1;APOE;OPTN
GO_Biological_Process_2023,Negative Regulation Of Kinase Activity (GO:0033673),2/62,0.1276839186856092,0.2824691774493562,0,0,3.323232323232323,6.839868307696459,HSPB1;SFN
GO_Biological_Process_2023,Spliceosomal Complex Assembly (GO:0000245),2/62,0.1276839186856092,0.2824691774493562,0,0,3.323232323232323,6.839868307696459,SF3B6;SRSF5
GO_Biological_Process_2023,Regulation Of T Cell Activation (GO:0050863),2/62,0.1276839186856092,0.2824691774493562,0,0,3.323232323232323,6.839868307696459,LGALS3;GPNMB
GO_Biological_Process_2023,Regulation Of Signal Transduction (GO:0009966),4/193,0.1286187677487042,0.2824691774493562,0,0,2.117589893100097,4.342970488062942,APP;RORA;IGFBP7;CLU
GO_Biological_Process_2023,Negative Regulation Of Cell Growth (GO:0030308),3/125,0.1301487308762109,0.2824691774493562,0,0,2.456270283764667,5.008525221038258,GJA1;FHL1;RACK1
GO_Biological_Process_2023,Protein Polymerization (GO:0051258),2/63,0.1310431018295034,0.2824691774493562,0,0,3.2685875144891536,6.642518297732,TPPP3;KRT5
GO_Biological_Process_2023,Regulation Of Cellular Catabolic Process (GO:0031329),2/63,0.1310431018295034,0.2824691774493562,0,0,3.2685875144891536,6.642518297732,HSPB1;NUPR1
GO_Biological_Process_2023,Regulation Of Endothelial Cell Chemotaxis (GO:2001026),1/14,0.1312937743788508,0.2824691774493562,0,0,7.648627754155393,15.529145947074284,HSPB1
GO_Biological_Process_2023,Negative Regulation Of Receptor Signaling Pathway Via STAT (GO:1904893),1/14,0.1312937743788508,0.2824691774493562,0,0,7.648627754155393,15.529145947074284,CAV1
GO_Biological_Process_2023,Negative Regulation Of Smooth Muscle Cell Migration (GO:0014912),1/14,0.1312937743788508,0.2824691774493562,0,0,7.648627754155393,15.529145947074284,TPM1
GO_Biological_Process_2023,Regulation Of Superoxide Anion Generation (GO:0032928),1/14,0.1312937743788508,0.2824691774493562,0,0,7.648627754155393,15.529145947074284,SOD1
GO_Biological_Process_2023,Renal Water Homeostasis (GO:0003091),1/14,0.1312937743788508,0.2824691774493562,0,0,7.648627754155393,15.529145947074284,AQP3
GO_Biological_Process_2023,Contractile Actin Filament Bundle Assembly (GO:0030038),1/14,0.1312937743788508,0.2824691774493562,0,0,7.648627754155393,15.529145947074284,PDLIM1
GO_Biological_Process_2023,Positive Regulation Of Endothelial Cell Chemotaxis (GO:2001028),1/14,0.1312937743788508,0.2824691774493562,0,0,7.648627754155393,15.529145947074284,HSPB1
GO_Biological_Process_2023,Stress Fiber Assembly (GO:0043149),1/14,0.1312937743788508,0.2824691774493562,0,0,7.648627754155393,15.529145947074284,PDLIM1
GO_Biological_Process_2023,Striated Muscle Cell Development (GO:0055002),1/14,0.1312937743788508,0.2824691774493562,0,0,7.648627754155393,15.529145947074284,MYL9
GO_Biological_Process_2023,Positive Regulation Of Long-Term Synaptic Potentiation (GO:1900273),1/14,0.1312937743788508,0.2824691774493562,0,0,7.648627754155393,15.529145947074284,APP
GO_Biological_Process_2023,Positive Regulation Of Membrane Protein Ectodomain Proteolysis (GO:0051044),1/14,0.1312937743788508,0.2824691774493562,0,0,7.648627754155393,15.529145947074284,APOE
GO_Biological_Process_2023,"Positive Regulation Of Nuclear-Transcribed mRNA Catabolic Process, Deadenylation-Dependent Decay (GO:1900153)",1/14,0.1312937743788508,0.2824691774493562,0,0,7.648627754155393,15.529145947074284,ZFP36L2
GO_Biological_Process_2023,Lipoprotein Biosynthetic Process (GO:0042158),1/14,0.1312937743788508,0.2824691774493562,0,0,7.648627754155393,15.529145947074284,APOE
GO_Biological_Process_2023,"Maturation Of LSU-rRNA From Tricistronic rRNA Transcript (SSU-rRNA, 5.8S rRNA, LSU-rRNA) (GO:0000463)",1/14,0.1312937743788508,0.2824691774493562,0,0,7.648627754155393,15.529145947074284,RPL7
GO_Biological_Process_2023,Membrane Raft Organization (GO:0031579),1/14,0.1312937743788508,0.2824691774493562,0,0,7.648627754155393,15.529145947074284,EMP2
GO_Biological_Process_2023,Myotube Cell Development (GO:0014904),1/14,0.1312937743788508,0.2824691774493562,0,0,7.648627754155393,15.529145947074284,CAV2
GO_Biological_Process_2023,Regulation Of Branching Involved In Ureteric Bud Morphogenesis (GO:0090189),1/14,0.1312937743788508,0.2824691774493562,0,0,7.648627754155393,15.529145947074284,TACSTD2
GO_Biological_Process_2023,Regulation Of Anatomical Structure Morphogenesis (GO:0022603),3/127,0.1346639798868546,0.2893066386727576,0,0,2.4164074013427213,4.844830729741804,SPARC;GPNMB;EMP2
GO_Biological_Process_2023,Antimicrobial Humoral Immune Response Mediated By Antimicrobial Peptide (GO:0061844),2/65,0.137821576382599,0.2923998398749213,0,0,3.1645021645021645,6.271395690931595,RPS19;CXCL14
GO_Biological_Process_2023,Positive Regulation Of DNA Biosynthetic Process (GO:2000573),2/65,0.137821576382599,0.2923998398749213,0,0,3.1645021645021645,6.271395690931595,MYC;HNRNPA1
GO_Biological_Process_2023,Positive Regulation Of T Cell Proliferation (GO:0042102),2/65,0.137821576382599,0.2923998398749213,0,0,3.1645021645021645,6.271395690931595,RPS3;HMGB1
GO_Biological_Process_2023,Regulation Of Cell-Matrix Adhesion (GO:0001952),2/65,0.137821576382599,0.2923998398749213,0,0,3.1645021645021645,6.271395690931595,EMP2;ACTG1
GO_Biological_Process_2023,3'-UTR-mediated mRNA Destabilization (GO:0061158),1/15,0.139986908731619,0.2923998398749213,0,0,7.101938262742283,13.963876250165317,ZFP36L2
GO_Biological_Process_2023,Regulation Of Hormone Secretion (GO:0046883),1/15,0.139986908731619,0.2923998398749213,0,0,7.101938262742283,13.963876250165317,VAMP2
GO_Biological_Process_2023,Negative Regulation Of Synaptic Transmission (GO:0050805),1/15,0.139986908731619,0.2923998398749213,0,0,7.101938262742283,13.963876250165317,PLK2
GO_Biological_Process_2023,Regulation Of Monocyte Differentiation (GO:0045655),1/15,0.139986908731619,0.2923998398749213,0,0,7.101938262742283,13.963876250165317,MYC
GO_Biological_Process_2023,Regulation Of Multicellular Organism Growth (GO:0040014),1/15,0.139986908731619,0.2923998398749213,0,0,7.101938262742283,13.963876250165317,SOD1
GO_Biological_Process_2023,Astrocyte Development (GO:0014002),1/15,0.139986908731619,0.2923998398749213,0,0,7.101938262742283,13.963876250165317,APP
GO_Biological_Process_2023,Nitric Oxide Biosynthetic Process (GO:0006809),1/15,0.139986908731619,0.2923998398749213,0,0,7.101938262742283,13.963876250165317,CYB5R3
GO_Biological_Process_2023,Cellular Response To Corticosteroid Stimulus (GO:0071384),1/15,0.139986908731619,0.2923998398749213,0,0,7.101938262742283,13.963876250165317,ZFP36L2
GO_Biological_Process_2023,"Positive Regulation Of DNA Damage Response, Signal Transduction By P53 Class Mediator (GO:0043517)",1/15,0.139986908731619,0.2923998398749213,0,0,7.101938262742283,13.963876250165317,RPL26
GO_Biological_Process_2023,Cellular Response To Sterol (GO:0036315),1/15,0.139986908731619,0.2923998398749213,0,0,7.101938262742283,13.963876250165317,RORA
GO_Biological_Process_2023,Positive Regulation Of Cyclin-Dependent Protein Serine/Threonine Kinase Activity (GO:0045737),1/15,0.139986908731619,0.2923998398749213,0,0,7.101938262742283,13.963876250165317,CCND1
GO_Biological_Process_2023,Vasodilation (GO:0042311),1/15,0.139986908731619,0.2923998398749213,0,0,7.101938262742283,13.963876250165317,SOD1
GO_Biological_Process_2023,High-Density Lipoprotein Particle Remodeling (GO:0034375),1/15,0.139986908731619,0.2923998398749213,0,0,7.101938262742283,13.963876250165317,APOE
GO_Biological_Process_2023,Positive Regulation Of Potassium Ion Transport (GO:0043268),1/15,0.139986908731619,0.2923998398749213,0,0,7.101938262742283,13.963876250165317,FHL1
GO_Biological_Process_2023,Negative Regulation Of Cation Transmembrane Transport (GO:1904063),1/15,0.139986908731619,0.2923998398749213,0,0,7.101938262742283,13.963876250165317,CAV1
GO_Biological_Process_2023,Regulation Of Carbohydrate Metabolic Process (GO:0006109),1/15,0.139986908731619,0.2923998398749213,0,0,7.101938262742283,13.963876250165317,RORA
GO_Biological_Process_2023,Negative Regulation Of Immune Response (GO:0050777),2/66,0.1412394085870013,0.294199929919812,0,0,3.11489898989899,6.096788351656931,LGALS3;PLK2
GO_Biological_Process_2023,Regulation Of Endocytosis (GO:0030100),2/66,0.1412394085870013,0.294199929919812,0,0,3.11489898989899,6.096788351656931,LGALS3;APOE
GO_Biological_Process_2023,Transmembrane Receptor Protein Serine/Threonine Kinase Signaling Pathway (GO:0007178),3/130,0.1415370182821212,0.2944126374763461,0,0,2.3589671849394462,4.612238445645575,JUN;COL1A2;ID1
GO_Biological_Process_2023,Organic Substance Transport (GO:0071702),4/201,0.142859205659664,0.2967530534116607,0,0,2.03076763700404,3.951662031922736,CAV1;AQP3;CLU;VAMP2
GO_Biological_Process_2023,Activation Of Cysteine-Type Endopeptidase Activity Involved In Apoptotic Process (GO:0006919),2/67,0.1446753520694938,0.2996988723750449,0,0,3.0668220668220667,5.928973623253177,BEX3;RACK1
GO_Biological_Process_2023,Negative Regulation Of Cellular Catabolic Process (GO:0031330),2/67,0.1446753520694938,0.2996988723750449,0,0,3.0668220668220667,5.928973623253177,TIMP3;NUPR1
GO_Biological_Process_2023,Regulation Of Cell Migration (GO:0030334),7/434,0.1457713404977032,0.299975581243502,0,0,1.6455448908519494,3.168852200662027,GPNMB;CAV1;TPM1;RACK1;KRT5;SYNE2;ACTG1
GO_Biological_Process_2023,Negative Regulation Of Inflammatory Response To Antigenic Stimulus (GO:0002862),1/16,0.1485934818111902,0.299975581243502,0,0,6.628140703517588,12.636822082241835,PLK2
GO_Biological_Process_2023,Regulation Of Interleukin-1 Production (GO:0032652),1/16,0.1485934818111902,0.299975581243502,0,0,6.628140703517588,12.636822082241835,HMGB1
GO_Biological_Process_2023,Activation Of Cysteine-Type Endopeptidase Activity (GO:0097202),1/16,0.1485934818111902,0.299975581243502,0,0,6.628140703517588,12.636822082241835,PERP
GO_Biological_Process_2023,Negative Regulation Of Receptor Signaling Pathway Via JAK-STAT (GO:0046426),1/16,0.1485934818111902,0.299975581243502,0,0,6.628140703517588,12.636822082241835,CAV1
GO_Biological_Process_2023,Negative Regulation Of Release Of Cytochrome C From Mitochondria (GO:0090201),1/16,0.1485934818111902,0.299975581243502,0,0,6.628140703517588,12.636822082241835,CLU
GO_Biological_Process_2023,Neuron Projection Organization (GO:0106027),1/16,0.1485934818111902,0.299975581243502,0,0,6.628140703517588,12.636822082241835,APP
GO_Biological_Process_2023,Nitric Oxide Metabolic Process (GO:0046209),1/16,0.1485934818111902,0.299975581243502,0,0,6.628140703517588,12.636822082241835,CYB5R3
GO_Biological_Process_2023,Nuclear Migration (GO:0007097),1/16,0.1485934818111902,0.299975581243502,0,0,6.628140703517588,12.636822082241835,SYNE2
GO_Biological_Process_2023,Cell Communication By Electrical Coupling Involved In Cardiac Conduction (GO:0086064),1/16,0.1485934818111902,0.299975581243502,0,0,6.628140703517588,12.636822082241835,GJA1
GO_Biological_Process_2023,Cell Surface Toll-Like Receptor Signaling Pathway (GO:0140895),1/16,0.1485934818111902,0.299975581243502,0,0,6.628140703517588,12.636822082241835,S100A14
GO_Biological_Process_2023,Pharyngeal System Development (GO:0060037),1/16,0.1485934818111902,0.299975581243502,0,0,6.628140703517588,12.636822082241835,HES1
GO_Biological_Process_2023,Regulation Of Stem Cell Proliferation (GO:0072091),1/16,0.1485934818111902,0.299975581243502,0,0,6.628140703517588,12.636822082241835,GJA1
GO_Biological_Process_2023,Positive Regulation By Host Of Viral Transcription (GO:0043923),1/16,0.1485934818111902,0.299975581243502,0,0,6.628140703517588,12.636822082241835,JUN
GO_Biological_Process_2023,"Synaptic Transmission, Cholinergic (GO:0007271)",1/16,0.1485934818111902,0.299975581243502,0,0,6.628140703517588,12.636822082241835,APOE
GO_Biological_Process_2023,Positive Regulation Of Lymphocyte Migration (GO:2000403),1/16,0.1485934818111902,0.299975581243502,0,0,6.628140703517588,12.636822082241835,APP
GO_Biological_Process_2023,Heart Process (GO:0003015),1/16,0.1485934818111902,0.299975581243502,0,0,6.628140703517588,12.636822082241835,SOD1
GO_Biological_Process_2023,Positive Regulation Of Stem Cell Proliferation (GO:2000648),1/16,0.1485934818111902,0.299975581243502,0,0,6.628140703517588,12.636822082241835,GJA1
GO_Biological_Process_2023,Negative Regulation Of Anoikis (GO:2000811),1/16,0.1485934818111902,0.299975581243502,0,0,6.628140703517588,12.636822082241835,CAV1
GO_Biological_Process_2023,Regulation Of Angiogenesis (GO:0045765),4/205,0.1502043308201809,0.3028215826173929,0,0,1.9899482180932075,3.7724616596919134,SPARC;GPNMB;HSPB1;EMP2
GO_Biological_Process_2023,Neutrophil Chemotaxis (GO:0030593),2/70,0.1550849226995339,0.3057031174360406,0,0,2.931075460487225,5.462886925837976,LGALS3;KLF5
GO_Biological_Process_2023,Positive Regulation Of Protein Transport (GO:0051222),2/70,0.1550849226995339,0.3057031174360406,0,0,2.931075460487225,5.462886925837976,RACK1;VAMP2
GO_Biological_Process_2023,Regulation Of Cellular Respiration (GO:0043457),1/17,0.157114351192228,0.3057031174360406,0,0,6.21356783919598,11.499955704952034,NOP53
GO_Biological_Process_2023,Negative Regulation Of Fibroblast Proliferation (GO:0048147),1/17,0.157114351192228,0.3057031174360406,0,0,6.21356783919598,11.499955704952034,MYC
GO_Biological_Process_2023,Regulation Of Delayed Rectifier Potassium Channel Activity (GO:1902259),1/17,0.157114351192228,0.3057031174360406,0,0,6.21356783919598,11.499955704952034,VAMP2
GO_Biological_Process_2023,Regulation Of Establishment Of Cell Polarity (GO:2000114),1/17,0.157114351192228,0.3057031174360406,0,0,6.21356783919598,11.499955704952034,RACK1
GO_Biological_Process_2023,Negative Regulation Of Oxidative Stress-Induced Intrinsic Apoptotic Signaling Pathway (GO:1902176),1/17,0.157114351192228,0.3057031174360406,0,0,6.21356783919598,11.499955704952034,HSPB1
GO_Biological_Process_2023,Regulation Of Inflammatory Response To Antigenic Stimulus (GO:0002861),1/17,0.157114351192228,0.3057031174360406,0,0,6.21356783919598,11.499955704952034,PLK2
GO_Biological_Process_2023,Amyloid Precursor Protein Metabolic Process (GO:0042982),1/17,0.157114351192228,0.3057031174360406,0,0,6.21356783919598,11.499955704952034,APOE
GO_Biological_Process_2023,Negative Regulation Of Vascular Associated Smooth Muscle Cell Proliferation (GO:1904706),1/17,0.157114351192228,0.3057031174360406,0,0,6.21356783919598,11.499955704952034,TPM1
GO_Biological_Process_2023,Neuron Maturation (GO:0042551),1/17,0.157114351192228,0.3057031174360406,0,0,6.21356783919598,11.499955704952034,APP
GO_Biological_Process_2023,Regulation Of Oxidative Phosphorylation (GO:0002082),1/17,0.157114351192228,0.3057031174360406,0,0,6.21356783919598,11.499955704952034,NUPR1
GO_Biological_Process_2023,Regulation Of Receptor Recycling (GO:0001919),1/17,0.157114351192228,0.3057031174360406,0,0,6.21356783919598,11.499955704952034,OPTN
GO_Biological_Process_2023,Regulation Of Receptor Signaling Pathway Via STAT (GO:1904892),1/17,0.157114351192228,0.3057031174360406,0,0,6.21356783919598,11.499955704952034,HES1
GO_Biological_Process_2023,Cellular Response To dsRNA (GO:0071359),1/17,0.157114351192228,0.3057031174360406,0,0,6.21356783919598,11.499955704952034,NPM1
GO_Biological_Process_2023,Cellular Response To Glucocorticoid Stimulus (GO:0071385),1/17,0.157114351192228,0.3057031174360406,0,0,6.21356783919598,11.499955704952034,ZFP36L2
GO_Biological_Process_2023,Cellular Response To Unfolded Protein (GO:0034620),1/17,0.157114351192228,0.3057031174360406,0,0,6.21356783919598,11.499955704952034,OPTN
GO_Biological_Process_2023,Positive Regulation Of Cell Cycle Phase Transition (GO:1901989),1/17,0.157114351192228,0.3057031174360406,0,0,6.21356783919598,11.499955704952034,NPM1
GO_Biological_Process_2023,Embryonic Heart Tube Development (GO:0035050),1/17,0.157114351192228,0.3057031174360406,0,0,6.21356783919598,11.499955704952034,HES1
GO_Biological_Process_2023,Positive Regulation Of Glial Cell Differentiation (GO:0045687),1/17,0.157114351192228,0.3057031174360406,0,0,6.21356783919598,11.499955704952034,HES1
GO_Biological_Process_2023,Positive Regulation Of Heart Rate (GO:0010460),1/17,0.157114351192228,0.3057031174360406,0,0,6.21356783919598,11.499955704952034,TPM1
GO_Biological_Process_2023,Toll-Like Receptor 4 Signaling Pathway (GO:0034142),1/17,0.157114351192228,0.3057031174360406,0,0,6.21356783919598,11.499955704952034,S100A14
GO_Biological_Process_2023,Positive Regulation Of Nitric-Oxide Synthase Activity (GO:0051000),1/17,0.157114351192228,0.3057031174360406,0,0,6.21356783919598,11.499955704952034,APOE
GO_Biological_Process_2023,Positive Regulation Of Stem Cell Differentiation (GO:2000738),1/17,0.157114351192228,0.3057031174360406,0,0,6.21356783919598,11.499955704952034,TACSTD2
GO_Biological_Process_2023,Prostaglandin Biosynthetic Process (GO:0001516),1/17,0.157114351192228,0.3057031174360406,0,0,6.21356783919598,11.499955704952034,CBR1
GO_Biological_Process_2023,rRNA Transcription (GO:0009303),1/17,0.157114351192228,0.3057031174360406,0,0,6.21356783919598,11.499955704952034,CAVIN1
GO_Biological_Process_2023,Regulation Of Aerobic Respiration (GO:1903715),1/17,0.157114351192228,0.3057031174360406,0,0,6.21356783919598,11.499955704952034,NOP53
GO_Biological_Process_2023,Regulation Of Hydrolase Activity (GO:0051336),2/71,0.1585864433775845,0.3077721439776318,0,0,2.888449714536671,5.318951469597782,CAV1;SOD1
GO_Biological_Process_2023,Negative Regulation Of Protein Binding (GO:0032091),2/71,0.1585864433775845,0.3077721439776318,0,0,2.888449714536671,5.318951469597782,CAV1;RACK1
GO_Biological_Process_2023,Regulation Of Cellular Localization (GO:0060341),2/72,0.1621027002960182,0.3094830995180088,0,0,2.8470418470418477,5.180264363849609,RACK1;KRT5
GO_Biological_Process_2023,Plasma Membrane Organization (GO:0007009),2/72,0.1621027002960182,0.3094830995180088,0,0,2.8470418470418477,5.180264363849609,DMKN;SPTBN1
GO_Biological_Process_2023,Negative Regulation Of Wnt Signaling Pathway (GO:0030178),3/140,0.1652477197553054,0.3094830995180088,0,0,2.1856682352069363,3.934879504297894,CAV1;RACK1;APOE
GO_Biological_Process_2023,Regulation Of Epithelial Cell Differentiation (GO:0030856),1/18,0.1655503660358053,0.3094830995180088,0,0,5.847768253029855,10.51709310132786,CAV1
GO_Biological_Process_2023,Regulation Of Establishment Or Maintenance Of Cell Polarity (GO:0032878),1/18,0.1655503660358053,0.3094830995180088,0,0,5.847768253029855,10.51709310132786,RACK1
GO_Biological_Process_2023,T-helper Cell Differentiation (GO:0042093),1/18,0.1655503660358053,0.3094830995180088,0,0,5.847768253029855,10.51709310132786,HMGB1
GO_Biological_Process_2023,Regulation Of Lymphocyte Proliferation (GO:0050670),1/18,0.1655503660358053,0.3094830995180088,0,0,5.847768253029855,10.51709310132786,LGALS3
GO_Biological_Process_2023,Associative Learning (GO:0008306),1/18,0.1655503660358053,0.3094830995180088,0,0,5.847768253029855,10.51709310132786,APP
GO_Biological_Process_2023,Regulation Of Nervous System Process (GO:0031644),1/18,0.1655503660358053,0.3094830995180088,0,0,5.847768253029855,10.51709310132786,APP
GO_Biological_Process_2023,Nitric Oxide Mediated Signal Transduction (GO:0007263),1/18,0.1655503660358053,0.3094830995180088,0,0,5.847768253029855,10.51709310132786,APOE
GO_Biological_Process_2023,Regulation Of Oligodendrocyte Differentiation (GO:0048713),1/18,0.1655503660358053,0.3094830995180088,0,0,5.847768253029855,10.51709310132786,HES1
GO_Biological_Process_2023,Branching Involved In Ureteric Bud Morphogenesis (GO:0001658),1/18,0.1655503660358053,0.3094830995180088,0,0,5.847768253029855,10.51709310132786,MYC
GO_Biological_Process_2023,Regulation Of Vascular Endothelial Cell Proliferation (GO:1905562),1/18,0.1655503660358053,0.3094830995180088,0,0,5.847768253029855,10.51709310132786,HMGB1
GO_Biological_Process_2023,Renal Absorption (GO:0070293),1/18,0.1655503660358053,0.3094830995180088,0,0,5.847768253029855,10.51709310132786,MAGED2
GO_Biological_Process_2023,Response To Axon Injury (GO:0048678),1/18,0.1655503660358053,0.3094830995180088,0,0,5.847768253029855,10.51709310132786,SOD1
GO_Biological_Process_2023,Response To Ethanol (GO:0045471),1/18,0.1655503660358053,0.3094830995180088,0,0,5.847768253029855,10.51709310132786,SOD1
GO_Biological_Process_2023,Positive Regulation Of Cyclin-Dependent Protein Kinase Activity (GO:1904031),1/18,0.1655503660358053,0.3094830995180088,0,0,5.847768253029855,10.51709310132786,CCND1
GO_Biological_Process_2023,Positive Regulation Of Epidermal Cell Differentiation (GO:0045606),1/18,0.1655503660358053,0.3094830995180088,0,0,5.847768253029855,10.51709310132786,SFN
GO_Biological_Process_2023,Glycerolipid Catabolic Process (GO:0046503),1/18,0.1655503660358053,0.3094830995180088,0,0,5.847768253029855,10.51709310132786,PRDX6
GO_Biological_Process_2023,Ureteric Bud Morphogenesis (GO:0060675),1/18,0.1655503660358053,0.3094830995180088,0,0,5.847768253029855,10.51709310132786,MYC
GO_Biological_Process_2023,Vesicle-Mediated Transport In Synapse (GO:0099003),1/18,0.1655503660358053,0.3094830995180088,0,0,5.847768253029855,10.51709310132786,VAMP2
GO_Biological_Process_2023,Icosanoid Biosynthetic Process (GO:0046456),1/18,0.1655503660358053,0.3094830995180088,0,0,5.847768253029855,10.51709310132786,MGST3
GO_Biological_Process_2023,Maintenance Of Protein Localization In Organelle (GO:0072595),1/18,0.1655503660358053,0.3094830995180088,0,0,5.847768253029855,10.51709310132786,SKP1
GO_Biological_Process_2023,Maintenance Of Protein Location In Nucleus (GO:0051457),1/18,0.1655503660358053,0.3094830995180088,0,0,5.847768253029855,10.51709310132786,SKP1
GO_Biological_Process_2023,Myoblast Fusion (GO:0007520),1/18,0.1655503660358053,0.3094830995180088,0,0,5.847768253029855,10.51709310132786,CD9
GO_Biological_Process_2023,Regulation Of RIG-I Signaling Pathway (GO:0039535),1/18,0.1655503660358053,0.3094830995180088,0,0,5.847768253029855,10.51709310132786,NOP53
GO_Biological_Process_2023,Negative Regulation Of T Cell Receptor Signaling Pathway (GO:0050860),1/18,0.1655503660358053,0.3094830995180088,0,0,5.847768253029855,10.51709310132786,LGALS3
GO_Biological_Process_2023,Regulation Of Cell Cycle G2/M Phase Transition (GO:1902749),1/18,0.1655503660358053,0.3094830995180088,0,0,5.847768253029855,10.51709310132786,NPM1
GO_Biological_Process_2023,Granulocyte Chemotaxis (GO:0071621),2/73,0.1656330532612982,0.3094830995180088,0,0,2.806800398349694,5.046572271238703,LGALS3;KLF5
GO_Biological_Process_2023,Protein Tetramerization (GO:0051262),2/73,0.1656330532612982,0.3094830995180088,0,0,2.806800398349694,5.046572271238703,KRT10;CLU
GO_Biological_Process_2023,Protein Localization To Cell Periphery (GO:1990778),3/142,0.1701252400646478,0.3155385119662339,0,0,2.1540006573421464,3.815209920769243,CAV1;EMP2;SPTBN1
GO_Biological_Process_2023,Regulation Of Plasma Membrane Bounded Cell Projection Assembly (GO:0120032),2/75,0.1727335422229741,0.3155385119662339,0,0,2.72962501729625,4.793235424721277,CAV1;CLU
GO_Biological_Process_2023,Defense Response To Gram-negative Bacterium (GO:0050829),2/75,0.1727335422229741,0.3155385119662339,0,0,2.72962501729625,4.793235424721277,RPS19;OPTN
GO_Biological_Process_2023,Negative Regulation Of Leukocyte Cell-Cell Adhesion (GO:1903038),1/19,0.1739023671527052,0.3155385119662339,0,0,5.522613065326633,9.66049300943,GPNMB
GO_Biological_Process_2023,Regulation Of Granulocyte Chemotaxis (GO:0071622),1/19,0.1739023671527052,0.3155385119662339,0,0,5.522613065326633,9.66049300943,S100A14
GO_Biological_Process_2023,Negative Regulation Of Peptidyl-Serine Phosphorylation (GO:0033137),1/19,0.1739023671527052,0.3155385119662339,0,0,5.522613065326633,9.66049300943,RACK1
GO_Biological_Process_2023,Regulation Of Integrin-Mediated Signaling Pathway (GO:2001044),1/19,0.1739023671527052,0.3155385119662339,0,0,5.522613065326633,9.66049300943,EMP2
GO_Biological_Process_2023,Regulation Of Lymphocyte Differentiation (GO:0045619),1/19,0.1739023671527052,0.3155385119662339,0,0,5.522613065326633,9.66049300943,ZFP36L2
GO_Biological_Process_2023,Negative Regulation Of Telomere Maintenance Via Telomerase (GO:0032211),1/19,0.1739023671527052,0.3155385119662339,0,0,5.522613065326633,9.66049300943,HNRNPA1
GO_Biological_Process_2023,Regulation Of Neuroinflammatory Response (GO:0150077),1/19,0.1739023671527052,0.3155385119662339,0,0,5.522613065326633,9.66049300943,NUPR1
GO_Biological_Process_2023,Atrioventricular Valve Morphogenesis (GO:0003181),1/19,0.1739023671527052,0.3155385119662339,0,0,5.522613065326633,9.66049300943,EFNA1
GO_Biological_Process_2023,Regulation Of Nuclear Division (GO:0051783),1/19,0.1739023671527052,0.3155385119662339,0,0,5.522613065326633,9.66049300943,CAV2
GO_Biological_Process_2023,Cardiac Ventricle Development (GO:0003231),1/19,0.1739023671527052,0.3155385119662339,0,0,5.522613065326633,9.66049300943,HES1
GO_Biological_Process_2023,Regulation Of Tissue Remodeling (GO:0034103),1/19,0.1739023671527052,0.3155385119662339,0,0,5.522613065326633,9.66049300943,GPNMB
GO_Biological_Process_2023,Establishment Of Skin Barrier (GO:0061436),1/19,0.1739023671527052,0.3155385119662339,0,0,5.522613065326633,9.66049300943,SFN
GO_Biological_Process_2023,Eye Morphogenesis (GO:0048592),1/19,0.1739023671527052,0.3155385119662339,0,0,5.522613065326633,9.66049300943,C12ORF57
GO_Biological_Process_2023,Fluid Transport (GO:0042044),1/19,0.1739023671527052,0.3155385119662339,0,0,5.522613065326633,9.66049300943,AQP3
GO_Biological_Process_2023,Water Transport (GO:0006833),1/19,0.1739023671527052,0.3155385119662339,0,0,5.522613065326633,9.66049300943,AQP3
GO_Biological_Process_2023,Xenobiotic Catabolic Process (GO:0042178),1/19,0.1739023671527052,0.3155385119662339,0,0,5.522613065326633,9.66049300943,GSTM3
GO_Biological_Process_2023,Leukotriene Biosynthetic Process (GO:0019370),1/19,0.1739023671527052,0.3155385119662339,0,0,5.522613065326633,9.66049300943,MGST3
GO_Biological_Process_2023,Protein Heterooligomerization (GO:0051291),1/19,0.1739023671527052,0.3155385119662339,0,0,5.522613065326633,9.66049300943,KRT10
GO_Biological_Process_2023,Regulation Of B Cell Differentiation (GO:0045577),1/19,0.1739023671527052,0.3155385119662339,0,0,5.522613065326633,9.66049300943,ZFP36L2
GO_Biological_Process_2023,Multicellular Organismal-Level Water Homeostasis (GO:0050891),1/19,0.1739023671527052,0.3155385119662339,0,0,5.522613065326633,9.66049300943,AQP3
GO_Biological_Process_2023,Regulation Of Behavior (GO:0050795),1/19,0.1739023671527052,0.3155385119662339,0,0,5.522613065326633,9.66049300943,APOE
GO_Biological_Process_2023,Positive Regulation Of Interleukin-6 Production (GO:0032755),2/76,0.1763024531867548,0.3171674075833199,0,0,2.6926016926016927,4.673156378016087,APP;HMGB1
GO_Biological_Process_2023,Positive Regulation Of Protein Phosphorylation (GO:0001934),6/377,0.1773853760827929,0.3171674075833199,0,0,1.6196682135215494,2.8011038467802964,EFNA1;APP;GPNMB;CCND1;CAV1;RACK1
GO_Biological_Process_2023,Positive Regulation Of Protein Kinase Activity (GO:0045860),3/145,0.1775184311280577,0.3171674075833199,0,0,2.1081718738828914,3.644356321836919,EFNA1;EMP2;CLU
GO_Biological_Process_2023,Regulation Of Intracellular Signal Transduction (GO:1902531),5/297,0.1775525042680905,0.3171674075833199,0,0,1.7130312609764664,2.9609555458398797,RPL5;RPL11;HSPB1;NOP53;OPTN
GO_Biological_Process_2023,Cell Morphogenesis Involved In Neuron Differentiation (GO:0048667),2/77,0.1798830098073791,0.3171674075833199,0,0,2.656565656565657,4.557201796283064,APP;MAP1B
GO_Biological_Process_2023,Positive Regulation Of JNK Cascade (GO:0046330),2/77,0.1798830098073791,0.3171674075833199,0,0,2.656565656565657,4.557201796283064,APP;HMGB1
GO_Biological_Process_2023,Monoatomic Cation Homeostasis (GO:0055080),2/77,0.1798830098073791,0.3171674075833199,0,0,2.656565656565657,4.557201796283064,CAV1;S100A14
GO_Biological_Process_2023,Regulation Of T Cell Proliferation (GO:0042129),2/77,0.1798830098073791,0.3171674075833199,0,0,2.656565656565657,4.557201796283064,LGALS3;GPNMB
GO_Biological_Process_2023,Regulation Of Cold-Induced Thermogenesis (GO:0120161),3/146,0.1800025240475294,0.3171674075833199,0,0,2.093322920734088,3.589597500577494,GJA1;CAV1;ID1
GO_Biological_Process_2023,Negative Regulation Of miRNA Transcription (GO:1902894),1/20,0.182171186958547,0.3171674075833199,0,0,5.231684739486909,8.908556962758436,NFIB
GO_Biological_Process_2023,Negative Regulation Of Phosphoprotein Phosphatase Activity (GO:0032515),1/20,0.182171186958547,0.3171674075833199,0,0,5.231684739486909,8.908556962758436,LGALS3
GO_Biological_Process_2023,T Cell Mediated Immunity (GO:0002456),1/20,0.182171186958547,0.3171674075833199,0,0,5.231684739486909,8.908556962758436,EMP2
GO_Biological_Process_2023,Negative Regulation Of Protein Localization To Cell Periphery (GO:1904376),1/20,0.182171186958547,0.3171674075833199,0,0,5.231684739486909,8.908556962758436,TMEM59
GO_Biological_Process_2023,Negative Regulation Of Protein Localization To Plasma Membrane (GO:1903077),1/20,0.182171186958547,0.3171674075833199,0,0,5.231684739486909,8.908556962758436,TMEM59
GO_Biological_Process_2023,Actin Filament-Based Transport (GO:0099515),1/20,0.182171186958547,0.3171674075833199,0,0,5.231684739486909,8.908556962758436,SYNE2
GO_Biological_Process_2023,Negative Regulation Of Reproductive Process (GO:2000242),1/20,0.182171186958547,0.3171674075833199,0,0,5.231684739486909,8.908556962758436,GJA1
GO_Biological_Process_2023,Ameboidal-Type Cell Migration (GO:0001667),1/20,0.182171186958547,0.3171674075833199,0,0,5.231684739486909,8.908556962758436,PDLIM1
GO_Biological_Process_2023,Regulation Of Membrane Depolarization (GO:0003254),1/20,0.182171186958547,0.3171674075833199,0,0,5.231684739486909,8.908556962758436,FHL1
GO_Biological_Process_2023,Calcium-Mediated Signaling Using Intracellular Calcium Source (GO:0035584),1/20,0.182171186958547,0.3171674075833199,0,0,5.231684739486909,8.908556962758436,CLU
GO_Biological_Process_2023,Regulation Of Protein Localization To Cell Periphery (GO:1904375),1/20,0.182171186958547,0.3171674075833199,0,0,5.231684739486909,8.908556962758436,SPTBN1
GO_Biological_Process_2023,Peripheral Nervous System Development (GO:0007422),1/20,0.182171186958547,0.3171674075833199,0,0,5.231684739486909,8.908556962758436,GSTM3
GO_Biological_Process_2023,Positive Regulation Of Antigen Receptor-Mediated Signaling Pathway (GO:0050857),1/20,0.182171186958547,0.3171674075833199,0,0,5.231684739486909,8.908556962758436,RPS3
GO_Biological_Process_2023,Response To Fibroblast Growth Factor (GO:0071774),1/20,0.182171186958547,0.3171674075833199,0,0,5.231684739486909,8.908556962758436,ZFP36L2
GO_Biological_Process_2023,Response To Ketone (GO:1901654),1/20,0.182171186958547,0.3171674075833199,0,0,5.231684739486909,8.908556962758436,CAV1
GO_Biological_Process_2023,Positive Regulation Of Embryonic Development (GO:0040019),1/20,0.182171186958547,0.3171674075833199,0,0,5.231684739486909,8.908556962758436,RACK1
GO_Biological_Process_2023,Positive Regulation Of Epithelial Cell Differentiation (GO:0030858),1/20,0.182171186958547,0.3171674075833199,0,0,5.231684739486909,8.908556962758436,SFN
GO_Biological_Process_2023,Endothelial Cell Development (GO:0001885),1/20,0.182171186958547,0.3171674075833199,0,0,5.231684739486909,8.908556962758436,GSTM3
GO_Biological_Process_2023,Transport Along Microtubule (GO:0010970),1/20,0.182171186958547,0.3171674075833199,0,0,5.231684739486909,8.908556962758436,APP
GO_Biological_Process_2023,Glutamate Metabolic Process (GO:0006536),1/20,0.182171186958547,0.3171674075833199,0,0,5.231684739486909,8.908556962758436,OAT
GO_Biological_Process_2023,Xenobiotic Transport (GO:0042908),1/20,0.182171186958547,0.3171674075833199,0,0,5.231684739486909,8.908556962758436,GJA1
GO_Biological_Process_2023,Hydrogen Peroxide Catabolic Process (GO:0042744),1/20,0.182171186958547,0.3171674075833199,0,0,5.231684739486909,8.908556962758436,PRDX2
GO_Biological_Process_2023,Leukotriene Metabolic Process (GO:0006691),1/20,0.182171186958547,0.3171674075833199,0,0,5.231684739486909,8.908556962758436,MGST3
GO_Biological_Process_2023,Maturation Of LSU-rRNA (GO:0000470),1/20,0.182171186958547,0.3171674075833199,0,0,5.231684739486909,8.908556962758436,RPL7
GO_Biological_Process_2023,protein-DNA Complex Disassembly (GO:0032986),1/20,0.182171186958547,0.3171674075833199,0,0,5.231684739486909,8.908556962758436,MYC
GO_Biological_Process_2023,Regulation Of Calcium Ion Import (GO:0090279),1/20,0.182171186958547,0.3171674075833199,0,0,5.231684739486909,8.908556962758436,LGALS3
GO_Biological_Process_2023,Regulation Of Neuron Differentiation (GO:0045664),2/79,0.1870767274857147,0.3234644679603747,0,0,2.5873015873015874,4.336929198982091,HES1;NBL1
GO_Biological_Process_2023,Positive Regulation Of Catabolic Process (GO:0009896),2/79,0.1870767274857147,0.3234644679603747,0,0,2.5873015873015874,4.336929198982091,PLK2;CLU
GO_Biological_Process_2023,Positive Regulation Of Endocytosis (GO:0045807),2/79,0.1870767274857147,0.3234644679603747,0,0,2.5873015873015874,4.336929198982091,APOE;CLU
GO_Biological_Process_2023,Vesicle Fusion (GO:0006906),2/79,0.1870767274857147,0.3234644679603747,0,0,2.5873015873015874,4.336929198982091,CAV2;VAMP2
GO_Biological_Process_2023,Positive Regulation Of Protein Localization To Membrane (GO:1905477),2/79,0.1870767274857147,0.3234644679603747,0,0,2.5873015873015874,4.336929198982091,LGALS3;SPTBN1
GO_Biological_Process_2023,Positive Regulation Of Protein Modification By Small Protein Conjugation Or Removal (GO:1903322),2/79,0.1870767274857147,0.3234644679603747,0,0,2.5873015873015874,4.336929198982091,NDFIP2;CAV1
GO_Biological_Process_2023,DNA Damage Response (GO:0006974),6/384,0.1878022691026878,0.3243465794365228,0,0,1.589101620029455,2.6575589314887718,NPM1;CCND1;MYC;RPS3;SFN;NOP53
GO_Biological_Process_2023,Negative Regulation Of miRNA Metabolic Process (GO:2000629),1/21,0.1903576498347592,0.3257711598308494,0,0,4.969849246231155,8.244237447277422,NFIB
GO_Biological_Process_2023,Regulation Of Transferase Activity (GO:0051338),1/21,0.1903576498347592,0.3257711598308494,0,0,4.969849246231155,8.244237447277422,EMP2
GO_Biological_Process_2023,Positive Regulation Of G2/M Transition Of Mitotic Cell Cycle (GO:0010971),1/21,0.1903576498347592,0.3257711598308494,0,0,4.969849246231155,8.244237447277422,CCND1
GO_Biological_Process_2023,Skin Epidermis Development (GO:0098773),1/21,0.1903576498347592,0.3257711598308494,0,0,4.969849246231155,8.244237447277422,SFN
GO_Biological_Process_2023,Positive Regulation Of Granulocyte Chemotaxis (GO:0071624),1/21,0.1903576498347592,0.3257711598308494,0,0,4.969849246231155,8.244237447277422,S100A14
GO_Biological_Process_2023,Focal Adhesion Assembly (GO:0048041),1/21,0.1903576498347592,0.3257711598308494,0,0,4.969849246231155,8.244237447277422,CTTN
GO_Biological_Process_2023,Modulation By Host Of Viral Genome Replication (GO:0044827),1/21,0.1903576498347592,0.3257711598308494,0,0,4.969849246231155,8.244237447277422,EEF1A1
GO_Biological_Process_2023,Regulation Of Anoikis (GO:2000209),1/21,0.1903576498347592,0.3257711598308494,0,0,4.969849246231155,8.244237447277422,CAV1
GO_Biological_Process_2023,Regulation Of Organelle Assembly (GO:1902115),2/80,0.1906887482391839,0.3259673721319079,0,0,2.554001554001554,4.232268591096898,NPM1;PLK2
GO_Biological_Process_2023,Cytoskeleton-Dependent Cytokinesis (GO:0061640),2/81,0.1943101337404015,0.3317812487676244,0,0,2.521544559519243,4.131045868969444,SPTBN1;SEPTIN7
GO_Biological_Process_2023,Negative Regulation Of Apoptotic Signaling Pathway (GO:2001234),2/82,0.1979403391192459,0.3335765996918762,0,0,2.48989898989899,4.033112516956104,LGALS3;CLU
GO_Biological_Process_2023,Negative Regulation Of Macroautophagy (GO:0016242),1/22,0.1984625719282345,0.3335765996918762,0,0,4.732950466618808,7.653913334056085,NUPR1
GO_Biological_Process_2023,Regulation Of Mononuclear Cell Migration (GO:0071675),1/22,0.1984625719282345,0.3335765996918762,0,0,4.732950466618808,7.653913334056085,LGALS3
GO_Biological_Process_2023,Placenta Development (GO:0001890),1/22,0.1984625719282345,0.3335765996918762,0,0,4.732950466618808,7.653913334056085,SOD1
GO_Biological_Process_2023,Cellular Response To Low-Density Lipoprotein Particle Stimulus (GO:0071404),1/22,0.1984625719282345,0.3335765996918762,0,0,4.732950466618808,7.653913334056085,CD9
GO_Biological_Process_2023,Cellular Response To Topologically Incorrect Protein (GO:0035967),1/22,0.1984625719282345,0.3335765996918762,0,0,4.732950466618808,7.653913334056085,OPTN
GO_Biological_Process_2023,Dendritic Cell Differentiation (GO:0097028),1/22,0.1984625719282345,0.3335765996918762,0,0,4.732950466618808,7.653913334056085,CLU
GO_Biological_Process_2023,Positive Regulation Of Cilium Assembly (GO:0045724),1/22,0.1984625719282345,0.3335765996918762,0,0,4.732950466618808,7.653913334056085,SEPTIN7
GO_Biological_Process_2023,Positive Regulation Of Protein Autophosphorylation (GO:0031954),1/22,0.1984625719282345,0.3335765996918762,0,0,4.732950466618808,7.653913334056085,GPNMB
GO_Biological_Process_2023,Positive Regulation Of Viral Life Cycle (GO:1903902),1/22,0.1984625719282345,0.3335765996918762,0,0,4.732950466618808,7.653913334056085,HMGB1
GO_Biological_Process_2023,Mammary Gland Development (GO:0030879),1/22,0.1984625719282345,0.3335765996918762,0,0,4.732950466618808,7.653913334056085,CAV1
GO_Biological_Process_2023,Protein Peptidyl-Prolyl Isomerization (GO:0000413),1/22,0.1984625719282345,0.3335765996918762,0,0,4.732950466618808,7.653913334056085,PPIC
GO_Biological_Process_2023,Modulation By Host Of Viral Process (GO:0044788),1/22,0.1984625719282345,0.3335765996918762,0,0,4.732950466618808,7.653913334056085,CAV2
GO_Biological_Process_2023,Natural Killer Cell Activation Involved In Immune Response (GO:0002323),1/22,0.1984625719282345,0.3335765996918762,0,0,4.732950466618808,7.653913334056085,VAMP2
GO_Biological_Process_2023,Regulation Of NIK/NF-kappaB Signaling (GO:1901222),2/83,0.2015788294152306,0.3384366968777451,0,0,2.4590347923681257,3.938328060173813,APP;RPS3
GO_Biological_Process_2023,Regulation Of Interleukin-1 Beta Production (GO:0032651),2/84,0.2052250792916977,0.3391156625362904,0,0,2.4289233801428924,3.84655954231675,APP;HSPB1
GO_Biological_Process_2023,Positive Regulation Of Protein Ubiquitination (GO:0031398),2/84,0.2052250792916977,0.3391156625362904,0,0,2.4289233801428924,3.84655954231675,NDFIP2;CAV1
GO_Biological_Process_2023,Regulation Of Centrosome Cycle (GO:0046605),1/23,0.2064867613185778,0.3391156625362904,0,0,4.517587939698492,7.126580711797677,NPM1
GO_Biological_Process_2023,Regulation Of Cholesterol Metabolic Process (GO:0090181),1/23,0.2064867613185778,0.3391156625362904,0,0,4.517587939698492,7.126580711797677,APOE
GO_Biological_Process_2023,Negative Regulation Of Neuron Differentiation (GO:0045665),1/23,0.2064867613185778,0.3391156625362904,0,0,4.517587939698492,7.126580711797677,HES1
GO_Biological_Process_2023,Negative Regulation Of Oxidative Stress-Induced Cell Death (GO:1903202),1/23,0.2064867613185778,0.3391156625362904,0,0,4.517587939698492,7.126580711797677,HSPB1
GO_Biological_Process_2023,U2-type Prespliceosome Assembly (GO:1903241),1/23,0.2064867613185778,0.3391156625362904,0,0,4.517587939698492,7.126580711797677,SF3B6
GO_Biological_Process_2023,Negative Regulation Of Protein Depolymerization (GO:1901880),1/23,0.2064867613185778,0.3391156625362904,0,0,4.517587939698492,7.126580711797677,LIMA1
GO_Biological_Process_2023,Artery Development (GO:0060840),1/23,0.2064867613185778,0.3391156625362904,0,0,4.517587939698492,7.126580711797677,HES1
GO_Biological_Process_2023,Axon Extension (GO:0048675),1/23,0.2064867613185778,0.3391156625362904,0,0,4.517587939698492,7.126580711797677,MAP1B
GO_Biological_Process_2023,"Regulation Of Nuclear-Transcribed mRNA Catabolic Process, Deadenylation-Dependent Decay (GO:1900151)",1/23,0.2064867613185778,0.3391156625362904,0,0,4.517587939698492,7.126580711797677,ZFP36L2
GO_Biological_Process_2023,Cell-Cell Signaling By Wnt (GO:0198738),1/23,0.2064867613185778,0.3391156625362904,0,0,4.517587939698492,7.126580711797677,CPE
GO_Biological_Process_2023,Cholesterol Efflux (GO:0033344),1/23,0.2064867613185778,0.3391156625362904,0,0,4.517587939698492,7.126580711797677,APOE
GO_Biological_Process_2023,Rescue Of Stalled Ribosome (GO:0072344),1/23,0.2064867613185778,0.3391156625362904,0,0,4.517587939698492,7.126580711797677,RACK1
GO_Biological_Process_2023,Glial Cell Development (GO:0021782),1/23,0.2064867613185778,0.3391156625362904,0,0,4.517587939698492,7.126580711797677,APP
GO_Biological_Process_2023,Positive Regulation Of Morphogenesis Of An Epithelium (GO:1905332),1/23,0.2064867613185778,0.3391156625362904,0,0,4.517587939698492,7.126580711797677,GJA1
GO_Biological_Process_2023,Positive Regulation Of Neuron Apoptotic Process (GO:0043525),1/23,0.2064867613185778,0.3391156625362904,0,0,4.517587939698492,7.126580711797677,NUPR1
GO_Biological_Process_2023,Long-Chain Fatty Acid Transport (GO:0015909),1/23,0.2064867613185778,0.3391156625362904,0,0,4.517587939698492,7.126580711797677,APOE
GO_Biological_Process_2023,Protein Localization To Cell Junction (GO:1902414),1/23,0.2064867613185778,0.3391156625362904,0,0,4.517587939698492,7.126580711797677,DSP
GO_Biological_Process_2023,Regulation Of T Cell Migration (GO:2000404),1/23,0.2064867613185778,0.3391156625362904,0,0,4.517587939698492,7.126580711797677,APP
GO_Biological_Process_2023,Regulation Of Kinase Activity (GO:0043549),2/85,0.2088785730572049,0.341925142417555,0,0,2.3995375441158573,3.7576810395091074,EMP2;SOD1
GO_Biological_Process_2023,mRNA Metabolic Process (GO:0016071),2/85,0.2088785730572049,0.341925142417555,0,0,2.3995375441158573,3.7576810395091074,SRSF5;ZFP36L2
GO_Biological_Process_2023,Mitotic Spindle Organization (GO:0007052),2/85,0.2088785730572049,0.341925142417555,0,0,2.3995375441158573,3.7576810395091074,PLK2;SBDS
GO_Biological_Process_2023,Regulation Of Microtubule Depolymerization (GO:0031114),1/24,0.2144310182188985,0.3450140100829713,0,0,4.320952589032117,6.653261007649563,MAP1B
GO_Biological_Process_2023,Amyloid Fibril Formation (GO:1990000),1/24,0.2144310182188985,0.3450140100829713,0,0,4.320952589032117,6.653261007649563,HNRNPA1
GO_Biological_Process_2023,Regulation Of Proteolysis Involved In Protein Catabolic Process (GO:1903050),1/24,0.2144310182188985,0.3450140100829713,0,0,4.320952589032117,6.653261007649563,EFNA1
GO_Biological_Process_2023,Response To Hexose (GO:0009746),1/24,0.2144310182188985,0.3450140100829713,0,0,4.320952589032117,6.653261007649563,VAMP2
GO_Biological_Process_2023,Response To Purine-Containing Compound (GO:0014074),1/24,0.2144310182188985,0.3450140100829713,0,0,4.320952589032117,6.653261007649563,CLU
GO_Biological_Process_2023,Dicarboxylic Acid Transport (GO:0006835),1/24,0.2144310182188985,0.3450140100829713,0,0,4.320952589032117,6.653261007649563,GJA1
GO_Biological_Process_2023,Early Endosome To Late Endosome Transport (GO:0045022),1/24,0.2144310182188985,0.3450140100829713,0,0,4.320952589032117,6.653261007649563,EMP2
GO_Biological_Process_2023,Eosinophil Chemotaxis (GO:0048245),1/24,0.2144310182188985,0.3450140100829713,0,0,4.320952589032117,6.653261007649563,LGALS3
GO_Biological_Process_2023,Eosinophil Migration (GO:0072677),1/24,0.2144310182188985,0.3450140100829713,0,0,4.320952589032117,6.653261007649563,LGALS3
GO_Biological_Process_2023,Stress Granule Assembly (GO:0034063),1/24,0.2144310182188985,0.3450140100829713,0,0,4.320952589032117,6.653261007649563,CIRBP
GO_Biological_Process_2023,Fat-Soluble Vitamin Metabolic Process (GO:0006775),1/24,0.2144310182188985,0.3450140100829713,0,0,4.320952589032117,6.653261007649563,CBR1
GO_Biological_Process_2023,Positive Regulation Of Lipid Metabolic Process (GO:0045834),1/24,0.2144310182188985,0.3450140100829713,0,0,4.320952589032117,6.653261007649563,APOE
GO_Biological_Process_2023,Positive Regulation Of Vascular Endothelial Growth Factor Production (GO:0010575),1/24,0.2144310182188985,0.3450140100829713,0,0,4.320952589032117,6.653261007649563,RORA
GO_Biological_Process_2023,mRNA Polyadenylation (GO:0006378),1/24,0.2144310182188985,0.3450140100829713,0,0,4.320952589032117,6.653261007649563,APP
GO_Biological_Process_2023,Natural Killer Cell Mediated Cytotoxicity (GO:0042267),1/24,0.2144310182188985,0.3450140100829713,0,0,4.320952589032117,6.653261007649563,VAMP2
GO_Biological_Process_2023,Negative Regulation Of Antigen Receptor-Mediated Signaling Pathway (GO:0050858),1/24,0.2144310182188985,0.3450140100829713,0,0,4.320952589032117,6.653261007649563,LGALS3
GO_Biological_Process_2023,Regulation Of Inflammatory Response (GO:0050727),4/240,0.219865221332588,0.3512885404791641,0,0,1.6918021445866482,2.562641312117251,APP;RORA;APOE;VAMP2
GO_Biological_Process_2023,Regulation Of Macromolecule Metabolic Process (GO:0060255),3/162,0.2209064137985626,0.3512885404791641,0,0,1.8811416530983625,2.8405542467562497,APP;MYC;APOE
GO_Biological_Process_2023,Cellular Response To Oxygen-Containing Compound (GO:1901701),6/406,0.2220004963513989,0.3512885404791641,0,0,1.5,2.2576134919428674,JUN;TPM1;RPS3;RORA;HMGB1;CLU
GO_Biological_Process_2023,Negative Regulation Of Intrinsic Apoptotic Signaling Pathway In Response To DNA Damage (GO:1902230),1/25,0.2222961348450487,0.3512885404791641,0,0,4.14070351758794,6.226561570384656,CLU
GO_Biological_Process_2023,RNA Polyadenylation (GO:0043631),1/25,0.2222961348450487,0.3512885404791641,0,0,4.14070351758794,6.226561570384656,APP
GO_Biological_Process_2023,Negative Regulation Of Protein Localization To Membrane (GO:1905476),1/25,0.2222961348450487,0.3512885404791641,0,0,4.14070351758794,6.226561570384656,TMEM59
GO_Biological_Process_2023,Negative Regulation Of Smoothened Signaling Pathway (GO:0045879),1/25,0.2222961348450487,0.3512885404791641,0,0,4.14070351758794,6.226561570384656,RACK1
GO_Biological_Process_2023,Negative Regulation Of Stress Fiber Assembly (GO:0051497),1/25,0.2222961348450487,0.3512885404791641,0,0,4.14070351758794,6.226561570384656,TACSTD2
GO_Biological_Process_2023,Negative Regulation Of Telomere Maintenance Via Telomere Lengthening (GO:1904357),1/25,0.2222961348450487,0.3512885404791641,0,0,4.14070351758794,6.226561570384656,HNRNPA1
GO_Biological_Process_2023,Regulation Of Platelet Aggregation (GO:0090330),1/25,0.2222961348450487,0.3512885404791641,0,0,4.14070351758794,6.226561570384656,CD9
GO_Biological_Process_2023,Cardiac Conduction System Development (GO:0003161),1/25,0.2222961348450487,0.3512885404791641,0,0,4.14070351758794,6.226561570384656,GJA1
GO_Biological_Process_2023,Cellular Response To Hexose Stimulus (GO:0071331),1/25,0.2222961348450487,0.3512885404791641,0,0,4.14070351758794,6.226561570384656,RACK1
GO_Biological_Process_2023,Positive Regulation Of T Cell Migration (GO:2000406),1/25,0.2222961348450487,0.3512885404791641,0,0,4.14070351758794,6.226561570384656,APP
GO_Biological_Process_2023,Sterol Transport (GO:0015918),1/25,0.2222961348450487,0.3512885404791641,0,0,4.14070351758794,6.226561570384656,CAV1
GO_Biological_Process_2023,Vesicle-Mediated Transport Between Endosomal Compartments (GO:0098927),1/25,0.2222961348450487,0.3512885404791641,0,0,4.14070351758794,6.226561570384656,EMP2
GO_Biological_Process_2023,Regulation Of B Cell Activation (GO:0050864),1/25,0.2222961348450487,0.3512885404791641,0,0,4.14070351758794,6.226561570384656,ZFP36L2
GO_Biological_Process_2023,Regulation Of Actin Cytoskeleton Reorganization (GO:2000249),1/25,0.2222961348450487,0.3512885404791641,0,0,4.14070351758794,6.226561570384656,CLU
GO_Biological_Process_2023,Negative Regulation Of Cell Migration (GO:0030336),3/163,0.2235253518195274,0.3518012858553205,0,0,1.869289340101523,2.8006261912580666,GJA1;TPM1;TACSTD2
GO_Biological_Process_2023,Cellular Response To Peptide Hormone Stimulus (GO:0071375),2/89,0.2235550003741977,0.3518012858553205,0,0,2.2887495646116336,3.428770706989903,CAV1;VAMP2
GO_Biological_Process_2023,Positive Regulation Of DNA Repair (GO:0045739),2/89,0.2235550003741977,0.3518012858553205,0,0,2.2887495646116336,3.428770706989903,RPS3;HMGB1
GO_Biological_Process_2023,Positive Regulation Of Peptidyl-Serine Phosphorylation (GO:0033138),2/89,0.2235550003741977,0.3518012858553205,0,0,2.2887495646116336,3.428770706989903,APP;CAV1
GO_Biological_Process_2023,Regulation Of Peptidyl-Tyrosine Phosphorylation (GO:0050730),2/90,0.2272373036176318,0.3564864618975146,0,0,2.2626262626262625,3.352670034774279,EFNA1;APP
GO_Biological_Process_2023,Regulation Of Epidermal Growth Factor-Activated Receptor Activity (GO:0007176),1/26,0.2300828957266827,0.3564864618975146,0,0,3.974874371859297,5.840344997302112,APP
GO_Biological_Process_2023,Regulation Of Keratinocyte Differentiation (GO:0045616),1/26,0.2300828957266827,0.3564864618975146,0,0,3.974874371859297,5.840344997302112,AQP3
GO_Biological_Process_2023,Negative Regulation Of Receptor-Mediated Endocytosis (GO:0048261),1/26,0.2300828957266827,0.3564864618975146,0,0,3.974874371859297,5.840344997302112,APP
GO_Biological_Process_2023,Calcium-Ion Regulated Exocytosis (GO:0017156),1/26,0.2300828957266827,0.3564864618975146,0,0,3.974874371859297,5.840344997302112,VAMP2
GO_Biological_Process_2023,Camera-Type Eye Development (GO:0043010),1/26,0.2300828957266827,0.3564864618975146,0,0,3.974874371859297,5.840344997302112,C12ORF57
GO_Biological_Process_2023,Regulation Of Transcription By RNA Polymerase III (GO:0006359),1/26,0.2300828957266827,0.3564864618975146,0,0,3.974874371859297,5.840344997302112,ZFP36L2
GO_Biological_Process_2023,Regulation Of Vascular Endothelial Growth Factor Production (GO:0010574),1/26,0.2300828957266827,0.3564864618975146,0,0,3.974874371859297,5.840344997302112,RORA
GO_Biological_Process_2023,Cellular Response To Xenobiotic Stimulus (GO:0071466),1/26,0.2300828957266827,0.3564864618975146,0,0,3.974874371859297,5.840344997302112,MYC
GO_Biological_Process_2023,Regulation Of Vasoconstriction (GO:0019229),1/26,0.2300828957266827,0.3564864618975146,0,0,3.974874371859297,5.840344997302112,CAV1
GO_Biological_Process_2023,Response To Glucocorticoid (GO:0051384),1/26,0.2300828957266827,0.3564864618975146,0,0,3.974874371859297,5.840344997302112,ZFP36L2
GO_Biological_Process_2023,Positive Regulation Of Microtubule Polymerization Or Depolymerization (GO:0031112),1/26,0.2300828957266827,0.3564864618975146,0,0,3.974874371859297,5.840344997302112,RPS3
GO_Biological_Process_2023,Positive Regulation Of Monooxygenase Activity (GO:0032770),1/26,0.2300828957266827,0.3564864618975146,0,0,3.974874371859297,5.840344997302112,APOE
GO_Biological_Process_2023,Protein Localization To Cell Surface (GO:0034394),1/26,0.2300828957266827,0.3564864618975146,0,0,3.974874371859297,5.840344997302112,EMP2
GO_Biological_Process_2023,Protein Targeting To Lysosome (GO:0006622),1/26,0.2300828957266827,0.3564864618975146,0,0,3.974874371859297,5.840344997302112,CLU
GO_Biological_Process_2023,Regulation Of Epithelial Cell Proliferation (GO:0050678),2/91,0.2309239500321694,0.3570548960456337,0,0,2.237090001134945,3.2788286401533377,MYC;NUPR1
GO_Biological_Process_2023,Regulation Of RNA Metabolic Process (GO:0051252),2/91,0.2309239500321694,0.3570548960456337,0,0,2.237090001134945,3.2788286401533377,HNRNPA1;PRDX6
GO_Biological_Process_2023,Regulation Of Microtubule Polymerization Or Depolymerization (GO:0031110),1/27,0.2377920775242915,0.3624644420562582,0,0,3.821801314263626,5.489477227235043,MAP1B
GO_Biological_Process_2023,Regulation Of Peptidase Activity (GO:0052547),1/27,0.2377920775242915,0.3624644420562582,0,0,3.821801314263626,5.489477227235043,CAV1
GO_Biological_Process_2023,Peptidyl-Proline Modification (GO:0018208),1/27,0.2377920775242915,0.3624644420562582,0,0,3.821801314263626,5.489477227235043,PPIC
GO_Biological_Process_2023,Cell Surface Receptor Signaling Pathway Involved In Cell-Cell Signaling (GO:1905114),1/27,0.2377920775242915,0.3624644420562582,0,0,3.821801314263626,5.489477227235043,CPE
GO_Biological_Process_2023,Clathrin-Dependent Endocytosis (GO:0072583),1/27,0.2377920775242915,0.3624644420562582,0,0,3.821801314263626,5.489477227235043,CLTB
GO_Biological_Process_2023,Dorsal/Ventral Pattern Formation (GO:0009953),1/27,0.2377920775242915,0.3624644420562582,0,0,3.821801314263626,5.489477227235043,NBL1
GO_Biological_Process_2023,Positive Regulation Of Immune System Process (GO:0002684),1/27,0.2377920775242915,0.3624644420562582,0,0,3.821801314263626,5.489477227235043,AQP3
GO_Biological_Process_2023,Positive Regulation Of Mitotic Cell Cycle (GO:0045931),1/27,0.2377920775242915,0.3624644420562582,0,0,3.821801314263626,5.489477227235043,HES1
GO_Biological_Process_2023,Glycerophospholipid Catabolic Process (GO:0046475),1/27,0.2377920775242915,0.3624644420562582,0,0,3.821801314263626,5.489477227235043,PRDX6
GO_Biological_Process_2023,Positive Regulation Of Nitric Oxide Biosynthetic Process (GO:0045429),1/27,0.2377920775242915,0.3624644420562582,0,0,3.821801314263626,5.489477227235043,CLU
GO_Biological_Process_2023,Ventricular Septum Morphogenesis (GO:0060412),1/27,0.2377920775242915,0.3624644420562582,0,0,3.821801314263626,5.489477227235043,HES1
GO_Biological_Process_2023,Positive Regulation Of Ubiquitin-Protein Transferase Activity (GO:0051443),1/27,0.2377920775242915,0.3624644420562582,0,0,3.821801314263626,5.489477227235043,SKP1
GO_Biological_Process_2023,Microtubule Polymerization Or Depolymerization (GO:0031109),1/27,0.2377920775242915,0.3624644420562582,0,0,3.821801314263626,5.489477227235043,TPPP3
GO_Biological_Process_2023,Myeloid Cell Development (GO:0061515),1/27,0.2377920775242915,0.3624644420562582,0,0,3.821801314263626,5.489477227235043,APP
GO_Biological_Process_2023,Muscle Contraction (GO:0006936),2/94,0.2420054666899618,0.3655877553662557,0,0,2.163812033377251,3.070005614813883,TPM1;CRYAB
GO_Biological_Process_2023,Metal Ion Transport (GO:0030001),3/171,0.2446846414909542,0.3655877553662557,0,0,1.779550398839739,2.5052244919637907,NDFIP2;CAV1;CLU
GO_Biological_Process_2023,Regulation Of Glucose Metabolic Process (GO:0010906),1/28,0.2454244493195781,0.3655877553662557,0,0,3.680067001675042,5.169633447658624,RORA
GO_Biological_Process_2023,Regulation Of Lipid Biosynthetic Process (GO:0046890),1/28,0.2454244493195781,0.3655877553662557,0,0,3.680067001675042,5.169633447658624,APOE
GO_Biological_Process_2023,Negative Regulation Of Signaling (GO:0023057),1/28,0.2454244493195781,0.3655877553662557,0,0,3.680067001675042,5.169633447658624,OPTN
GO_Biological_Process_2023,Negative Regulation Of Type II Interferon Production (GO:0032689),1/28,0.2454244493195781,0.3655877553662557,0,0,3.680067001675042,5.169633447658624,HMGB1
GO_Biological_Process_2023,Negative Regulation Of Wound Healing (GO:0061045),1/28,0.2454244493195781,0.3655877553662557,0,0,3.680067001675042,5.169633447658624,APOE
GO_Biological_Process_2023,Apoptotic Cell Clearance (GO:0043277),1/28,0.2454244493195781,0.3655877553662557,0,0,3.680067001675042,5.169633447658624,HMGB1
GO_Biological_Process_2023,Regulation Of Nitric-Oxide Synthase Activity (GO:0050999),1/28,0.2454244493195781,0.3655877553662557,0,0,3.680067001675042,5.169633447658624,APOE
GO_Biological_Process_2023,Regulation Of Protein Localization To Membrane (GO:1905475),1/28,0.2454244493195781,0.3655877553662557,0,0,3.680067001675042,5.169633447658624,SPTBN1
GO_Biological_Process_2023,Regulation Of Protein Transport (GO:0051223),1/28,0.2454244493195781,0.3655877553662557,0,0,3.680067001675042,5.169633447658624,NDFIP2
GO_Biological_Process_2023,Regulation Of Sodium Ion Transmembrane Transport (GO:1902305),1/28,0.2454244493195781,0.3655877553662557,0,0,3.680067001675042,5.169633447658624,FXYD3
GO_Biological_Process_2023,Phospholipid Catabolic Process (GO:0009395),1/28,0.2454244493195781,0.3655877553662557,0,0,3.680067001675042,5.169633447658624,PRDX6
GO_Biological_Process_2023,Positive Regulation Of Fibroblast Proliferation (GO:0048146),1/28,0.2454244493195781,0.3655877553662557,0,0,3.680067001675042,5.169633447658624,MYC
GO_Biological_Process_2023,Vascular Endothelial Growth Factor Receptor Signaling Pathway (GO:0048010),1/28,0.2454244493195781,0.3655877553662557,0,0,3.680067001675042,5.169633447658624,HSPB1
GO_Biological_Process_2023,Positive Regulation Of Nitric Oxide Metabolic Process (GO:1904407),1/28,0.2454244493195781,0.3655877553662557,0,0,3.680067001675042,5.169633447658624,CLU
GO_Biological_Process_2023,Hematopoietic Progenitor Cell Differentiation (GO:0002244),1/28,0.2454244493195781,0.3655877553662557,0,0,3.680067001675042,5.169633447658624,SBDS
GO_Biological_Process_2023,Protein Depolymerization (GO:0051261),1/28,0.2454244493195781,0.3655877553662557,0,0,3.680067001675042,5.169633447658624,DSTN
GO_Biological_Process_2023,Protein Localization To Golgi Apparatus (GO:0034067),1/28,0.2454244493195781,0.3655877553662557,0,0,3.680067001675042,5.169633447658624,OPTN
GO_Biological_Process_2023,Membrane Fusion (GO:0061025),1/28,0.2454244493195781,0.3655877553662557,0,0,3.680067001675042,5.169633447658624,VAMP2
GO_Biological_Process_2023,Negative Regulation Of G2/M Transition Of Mitotic Cell Cycle (GO:0010972),1/28,0.2454244493195781,0.3655877553662557,0,0,3.680067001675042,5.169633447658624,FHL1
GO_Biological_Process_2023,Negative Regulation Of Actin Filament Bundle Assembly (GO:0032232),1/28,0.2454244493195781,0.3655877553662557,0,0,3.680067001675042,5.169633447658624,TACSTD2
GO_Biological_Process_2023,Negative Regulation Of Cytoskeleton Organization (GO:0051494),1/28,0.2454244493195781,0.3655877553662557,0,0,3.680067001675042,5.169633447658624,LIMA1
GO_Biological_Process_2023,Regulation Of Protein Metabolic Process (GO:0051246),2/96,0.2494067909928498,0.3697226930241263,0,0,2.117558564367075,2.9405900871231445,APP;APOE
GO_Biological_Process_2023,RNA Biosynthetic Process (GO:0032774),1/29,0.252980772589684,0.3697226930241263,0,0,3.548456568557071,4.877147000705543,ZFP36L2
GO_Biological_Process_2023,Negative Regulation Of Plasma Membrane Bounded Cell Projection Assembly (GO:0120033),1/29,0.252980772589684,0.3697226930241263,0,0,3.548456568557071,4.877147000705543,TACSTD2
GO_Biological_Process_2023,TOR Signaling (GO:0031929),1/29,0.252980772589684,0.3697226930241263,0,0,3.548456568557071,4.877147000705543,RPS6
GO_Biological_Process_2023,Regulation Of Striated Muscle Contraction (GO:0006942),1/29,0.252980772589684,0.3697226930241263,0,0,3.548456568557071,4.877147000705543,C12ORF57
GO_Biological_Process_2023,Chondrocyte Differentiation (GO:0002062),1/29,0.252980772589684,0.3697226930241263,0,0,3.548456568557071,4.877147000705543,NFIB
GO_Biological_Process_2023,Response To Alcohol (GO:0097305),1/29,0.252980772589684,0.3697226930241263,0,0,3.548456568557071,4.877147000705543,SOD1
GO_Biological_Process_2023,Positive Regulation Of Calcium Ion Transport (GO:0051928),1/29,0.252980772589684,0.3697226930241263,0,0,3.548456568557071,4.877147000705543,LGALS3
GO_Biological_Process_2023,Response To Steroid Hormone (GO:0048545),1/29,0.252980772589684,0.3697226930241263,0,0,3.548456568557071,4.877147000705543,CAV1
GO_Biological_Process_2023,Sarcomere Organization (GO:0045214),1/29,0.252980772589684,0.3697226930241263,0,0,3.548456568557071,4.877147000705543,TPM1
GO_Biological_Process_2023,Positive Regulation Of Endopeptidase Activity (GO:0010950),1/29,0.252980772589684,0.3697226930241263,0,0,3.548456568557071,4.877147000705543,EFNA1
GO_Biological_Process_2023,Establishment Of Mitotic Spindle Orientation (GO:0000132),1/29,0.252980772589684,0.3697226930241263,0,0,3.548456568557071,4.877147000705543,GJA1
GO_Biological_Process_2023,Positive Regulation Of Microtubule Polymerization (GO:0031116),1/29,0.252980772589684,0.3697226930241263,0,0,3.548456568557071,4.877147000705543,RPS3
GO_Biological_Process_2023,Glycolytic Process (GO:0006096),1/29,0.252980772589684,0.3697226930241263,0,0,3.548456568557071,4.877147000705543,LDHA
GO_Biological_Process_2023,Heterotypic Cell-Cell Adhesion (GO:0034113),1/29,0.252980772589684,0.3697226930241263,0,0,3.548456568557071,4.877147000705543,DSP
GO_Biological_Process_2023,Integrated Stress Response Signaling (GO:0140467),1/29,0.252980772589684,0.3697226930241263,0,0,3.548456568557071,4.877147000705543,JUN
GO_Biological_Process_2023,mRNA Splice Site Recognition (GO:0006376),1/29,0.252980772589684,0.3697226930241263,0,0,3.548456568557071,4.877147000705543,SRSF5
GO_Biological_Process_2023,Morphogenesis Of An Epithelium (GO:0002009),1/29,0.252980772589684,0.3697226930241263,0,0,3.548456568557071,4.877147000705543,ACTG1
GO_Biological_Process_2023,Negative Regulation Of DNA Binding (GO:0043392),1/29,0.252980772589684,0.3697226930241263,0,0,3.548456568557071,4.877147000705543,JUN
GO_Biological_Process_2023,Regulation Of Protein Localization (GO:0032880),2/97,0.253110289845866,0.3697226930241263,0,0,2.095162147793727,2.878606039624586,RACK1;KRT5
GO_Biological_Process_2023,Positive Regulation Of I-kappaB kinase/NF-kappaB Signaling (GO:0043123),3/175,0.2553839697105925,0.3722433999676096,0,0,1.7378113563923976,2.3720900885367504,GJA1;NDFIP2;PLK2
GO_Biological_Process_2023,MAPK Cascade (GO:0000165),2/98,0.2568151396703299,0.3722433999676096,0,0,2.073232323232323,2.818349436543183,MYC;ZFP36L2
GO_Biological_Process_2023,Positive Regulation Of Cold-Induced Thermogenesis (GO:0120162),2/98,0.2568151396703299,0.3722433999676096,0,0,2.073232323232323,2.818349436543183,GJA1;CAV1
GO_Biological_Process_2023,Positive Regulation Of Hydrolase Activity (GO:0051345),3/176,0.2580693506463658,0.3722433999676096,0,0,1.7276781784572048,2.340186617756609,CAV2;RACK1;RPS3
GO_Biological_Process_2023,Negative Regulation Of Epithelial To Mesenchymal Transition (GO:0010719),1/30,0.2604618012849767,0.3722433999676096,0,0,3.425922717033443,4.608890626901229,EFNA1
GO_Biological_Process_2023,DNA Geometric Change (GO:0032392),1/30,0.2604618012849767,0.3722433999676096,0,0,3.425922717033443,4.608890626901229,HMGB1
GO_Biological_Process_2023,Regulation Of Dendritic Spine Morphogenesis (GO:0061001),1/30,0.2604618012849767,0.3722433999676096,0,0,3.425922717033443,4.608890626901229,EFNA1
GO_Biological_Process_2023,Negative Regulation Of Myeloid Leukocyte Differentiation (GO:0002762),1/30,0.2604618012849767,0.3722433999676096,0,0,3.425922717033443,4.608890626901229,MYC
GO_Biological_Process_2023,Negative Regulation Of Peptidyl-Tyrosine Phosphorylation (GO:0050732),1/30,0.2604618012849767,0.3722433999676096,0,0,3.425922717033443,4.608890626901229,CAV1
GO_Biological_Process_2023,Artery Morphogenesis (GO:0048844),1/30,0.2604618012849767,0.3722433999676096,0,0,3.425922717033443,4.608890626901229,HES1
GO_Biological_Process_2023,Regulation Of Potassium Ion Transport (GO:0043266),1/30,0.2604618012849767,0.3722433999676096,0,0,3.425922717033443,4.608890626901229,FHL1
GO_Biological_Process_2023,Cardiac Muscle Cell Action Potential Involved In Contraction (GO:0086002),1/30,0.2604618012849767,0.3722433999676096,0,0,3.425922717033443,4.608890626901229,GJA1
GO_Biological_Process_2023,Positive Regulation Of JUN Kinase Activity (GO:0043507),1/30,0.2604618012849767,0.3722433999676096,0,0,3.425922717033443,4.608890626901229,RPS3
GO_Biological_Process_2023,Cytoplasmic Translational Initiation (GO:0002183),1/30,0.2604618012849767,0.3722433999676096,0,0,3.425922717033443,4.608890626901229,EIF4A2
GO_Biological_Process_2023,Positive Regulation Of Interleukin-10 Production (GO:0032733),1/30,0.2604618012849767,0.3722433999676096,0,0,3.425922717033443,4.608890626901229,HMGB1
GO_Biological_Process_2023,Positive Regulation Of Locomotion (GO:0040017),1/30,0.2604618012849767,0.3722433999676096,0,0,3.425922717033443,4.608890626901229,CAVIN1
GO_Biological_Process_2023,Positive Regulation Of Phosphate Metabolic Process (GO:0045937),1/30,0.2604618012849767,0.3722433999676096,0,0,3.425922717033443,4.608890626901229,APP
GO_Biological_Process_2023,Lamellipodium Organization (GO:0097581),1/30,0.2604618012849767,0.3722433999676096,0,0,3.425922717033443,4.608890626901229,CTTN
GO_Biological_Process_2023,Mitotic G2 DNA Damage Checkpoint Signaling (GO:0007095),1/30,0.2604618012849767,0.3722433999676096,0,0,3.425922717033443,4.608890626901229,NOP53
GO_Biological_Process_2023,Negative Regulation Of Blood Coagulation (GO:0030195),1/30,0.2604618012849767,0.3722433999676096,0,0,3.425922717033443,4.608890626901229,APOE
GO_Biological_Process_2023,Negative Regulation Of Carbohydrate Metabolic Process (GO:0045912),1/30,0.2604618012849767,0.3722433999676096,0,0,3.425922717033443,4.608890626901229,NUPR1
GO_Biological_Process_2023,Axon Development (GO:0061564),2/99,0.2605209452628556,0.3722433999676096,0,0,2.0517546600020826,2.7597577787968723,APP;MAP1B
GO_Biological_Process_2023,Cellular Response To Insulin Stimulus (GO:0032869),2/99,0.2605209452628556,0.3722433999676096,0,0,2.0517546600020826,2.7597577787968723,CAV2;VAMP2
GO_Biological_Process_2023,Antimicrobial Humoral Response (GO:0019730),2/100,0.2642273190435063,0.3771813672791664,0,0,2.0307153164296023,2.702771390555414,RPS19;CXCL14
GO_Biological_Process_2023,Regulation Of Extrinsic Apoptotic Signaling Pathway Via Death Domain Receptors (GO:1902041),1/31,0.2678682819607093,0.3785257266971705,0,0,3.3115577889447234,4.362182296847866,LGALS3
GO_Biological_Process_2023,Regulation Of Protein Autophosphorylation (GO:0031952),1/31,0.2678682819607093,0.3785257266971705,0,0,3.3115577889447234,4.362182296847866,GPNMB
GO_Biological_Process_2023,Cardiac Muscle Tissue Morphogenesis (GO:0055008),1/31,0.2678682819607093,0.3785257266971705,0,0,3.3115577889447234,4.362182296847866,TPM1
GO_Biological_Process_2023,Endodermal Cell Differentiation (GO:0035987),1/31,0.2678682819607093,0.3785257266971705,0,0,3.3115577889447234,4.362182296847866,COL6A1
GO_Biological_Process_2023,Positive Regulation Of Extrinsic Apoptotic Signaling Pathway (GO:2001238),1/31,0.2678682819607093,0.3785257266971705,0,0,3.3115577889447234,4.362182296847866,CAV1
GO_Biological_Process_2023,Positive Regulation Of Leukocyte Migration (GO:0002687),1/31,0.2678682819607093,0.3785257266971705,0,0,3.3115577889447234,4.362182296847866,LGALS3
GO_Biological_Process_2023,Presynaptic Endocytosis (GO:0140238),1/31,0.2678682819607093,0.3785257266971705,0,0,3.3115577889447234,4.362182296847866,VAMP2
GO_Biological_Process_2023,Negative Regulation Of DNA Biosynthetic Process (GO:2000279),1/31,0.2678682819607093,0.3785257266971705,0,0,3.3115577889447234,4.362182296847866,HNRNPA1
GO_Biological_Process_2023,Regulation Of Cell Morphogenesis (GO:0022604),1/31,0.2678682819607093,0.3785257266971705,0,0,3.3115577889447234,4.362182296847866,SPARC
GO_Biological_Process_2023,Hemopoiesis (GO:0030097),2/101,0.2679338809157927,0.3785257266971705,0,0,2.01010101010101,2.647333266062948,SBDS;ZFP36L2
GO_Biological_Process_2023,Visual Perception (GO:0007601),2/101,0.2679338809157927,0.3785257266971705,0,0,2.01010101010101,2.647333266062948,COL18A1;OAT
GO_Biological_Process_2023,"RNA Splicing, Via Transesterification Reactions With Bulged Adenosine As Nucleophile (GO:0000377)",3/180,0.2688479130500232,0.3794610656544844,0,0,1.688290458573518,2.2177542809123287,SF3B6;SRSF5;HNRNPA1
GO_Biological_Process_2023,Calcium Ion Homeostasis (GO:0055074),2/102,0.2716402584331571,0.3823273170096585,0,0,1.9898989898989896,2.593388923930461,CAV1;S100A14
GO_Biological_Process_2023,Sensory Perception Of Light Stimulus (GO:0050953),2/102,0.2716402584331571,0.3823273170096585,0,0,1.9898989898989896,2.593388923930461,COL18A1;OAT
GO_Biological_Process_2023,Regulation Of RNA Splicing (GO:0043484),2/102,0.2716402584331571,0.3823273170096585,0,0,1.9898989898989896,2.593388923930461,HNRNPA1;PRDX6
GO_Biological_Process_2023,Amide Transport (GO:0042886),1/32,0.2752009537742224,0.3851790300966347,0,0,3.204571243313341,4.1347099266061775,GJA1
GO_Biological_Process_2023,Cellular Nitrogen Compound Biosynthetic Process (GO:0044271),1/32,0.2752009537742224,0.3851790300966347,0,0,3.204571243313341,4.1347099266061775,CYB5R3
GO_Biological_Process_2023,Heterochromatin Formation (GO:0031507),1/32,0.2752009537742224,0.3851790300966347,0,0,3.204571243313341,4.1347099266061775,HMGB1
GO_Biological_Process_2023,Positive Regulation Of Telomere Maintenance Via Telomerase (GO:0032212),1/32,0.2752009537742224,0.3851790300966347,0,0,3.204571243313341,4.1347099266061775,HNRNPA1
GO_Biological_Process_2023,Purine Ribonucleoside Triphosphate Metabolic Process (GO:0009205),1/32,0.2752009537742224,0.3851790300966347,0,0,3.204571243313341,4.1347099266061775,EFNA1
GO_Biological_Process_2023,Muscle Cell Development (GO:0055001),1/32,0.2752009537742224,0.3851790300966347,0,0,3.204571243313341,4.1347099266061775,HES1
GO_Biological_Process_2023,Positive Regulation Of Vasculature Development (GO:1904018),2/104,0.2790510068326582,0.3902050290529093,0,0,1.95068330362448,2.4897754945672688,HSPB1;EMP2
GO_Biological_Process_2023,Negative Regulation Of Small Molecule Metabolic Process (GO:0062014),1/33,0.2824605485993796,0.3916994347980346,0,0,3.1042713567839195,3.9244707255325473,NUPR1
GO_Biological_Process_2023,Cardiac Muscle Contraction (GO:0060048),1/33,0.2824605485993796,0.3916994347980346,0,0,3.1042713567839195,3.9244707255325473,TPM1
GO_Biological_Process_2023,Regulation Of Protein Polymerization (GO:0032271),1/33,0.2824605485993796,0.3916994347980346,0,0,3.1042713567839195,3.9244707255325473,TPPP3
GO_Biological_Process_2023,Epithelial Tube Morphogenesis (GO:0060562),1/33,0.2824605485993796,0.3916994347980346,0,0,3.1042713567839195,3.9244707255325473,HES1
GO_Biological_Process_2023,Positive Regulation Of Interleukin-12 Production (GO:0032735),1/33,0.2824605485993796,0.3916994347980346,0,0,3.1042713567839195,3.9244707255325473,HMGB1
GO_Biological_Process_2023,Positive Regulation Of Nitrogen Compound Metabolic Process (GO:0051173),1/33,0.2824605485993796,0.3916994347980346,0,0,3.1042713567839195,3.9244707255325473,APP
GO_Biological_Process_2023,Vasculogenesis (GO:0001570),1/33,0.2824605485993796,0.3916994347980346,0,0,3.1042713567839195,3.9244707255325473,CAV1
GO_Biological_Process_2023,Positive Regulation Of Telomerase Activity (GO:0051973),1/33,0.2824605485993796,0.3916994347980346,0,0,3.1042713567839195,3.9244707255325473,MYC
GO_Biological_Process_2023,Regulation Of Cell Adhesion Mediated By Integrin (GO:0033628),1/33,0.2824605485993796,0.3916994347980346,0,0,3.1042713567839195,3.9244707255325473,EFNA1
GO_Biological_Process_2023,Positive Regulation Of Stress-Activated MAPK Cascade (GO:0032874),2/105,0.2827546689999499,0.3917465791296453,0,0,1.931646562714524,2.440008904942008,APP;HMGB1
GO_Biological_Process_2023,Regulation Of G1/S Transition Of Mitotic Cell Cycle (GO:2000045),2/106,0.2864567291305087,0.3965108769030754,0,0,1.912975912975913,2.3915408635892965,GPNMB;FHL1
GO_Biological_Process_2023,Positive Regulation Of Cell Migration (GO:0030335),4/272,0.2895614748730244,0.397638626581209,0,0,1.487359122753579,1.843414536888432,GPNMB;CAV1;RACK1;SYNE2
GO_Biological_Process_2023,Negative Regulation Of Mitotic Cell Cycle (GO:0045930),1/34,0.2896477910754225,0.397638626581209,0,0,3.010050251256281,3.7297219848476746,ZFP36L2
GO_Biological_Process_2023,Cellular Response To Glucose Stimulus (GO:0071333),1/34,0.2896477910754225,0.397638626581209,0,0,3.010050251256281,3.7297219848476746,RACK1
GO_Biological_Process_2023,Cellular Response To Vascular Endothelial Growth Factor Stimulus (GO:0035924),1/34,0.2896477910754225,0.397638626581209,0,0,3.010050251256281,3.7297219848476746,HSPB1
GO_Biological_Process_2023,Positive Regulation Of Carbohydrate Metabolic Process (GO:0045913),1/34,0.2896477910754225,0.397638626581209,0,0,3.010050251256281,3.7297219848476746,APP
GO_Biological_Process_2023,Establishment Of Mitotic Spindle Localization (GO:0040001),1/34,0.2896477910754225,0.397638626581209,0,0,3.010050251256281,3.7297219848476746,GJA1
GO_Biological_Process_2023,Glial Cell Differentiation (GO:0010001),1/34,0.2896477910754225,0.397638626581209,0,0,3.010050251256281,3.7297219848476746,NFIB
GO_Biological_Process_2023,Microtubule Polymerization (GO:0046785),1/34,0.2896477910754225,0.397638626581209,0,0,3.010050251256281,3.7297219848476746,TPPP3
GO_Biological_Process_2023,Regulation Of Blood Circulation (GO:1903522),1/34,0.2896477910754225,0.397638626581209,0,0,3.010050251256281,3.7297219848476746,TPM1
GO_Biological_Process_2023,Regulation Of Cellular Response To Stress (GO:0080135),2/107,0.290156850388619,0.3979746964346632,0,0,1.8946608946608947,2.344327659095108,NPM1;NUPR1
GO_Biological_Process_2023,Axonogenesis (GO:0007409),3/188,0.2905481890399461,0.3981488377562865,0,0,1.6146247770613251,1.9956533506226173,EFNA1;APP;MAP1B
GO_Biological_Process_2023,Regulation Of Transcription By RNA Polymerase II (GO:0006357),23/2028,0.2929453021232975,0.4010687499978965,0,0,1.1532890936500555,1.4159730234373822,APP;JUN;NPM1;CAV1;ADIRF;ARID5B;RORA;HMGB1;HOPX;EFNA1;EID1;RPS14;KLF5;CCND1;NFIB;MYC;NFIC;ID1;ID4;ID3;HES1;MAGED2;NOP53
GO_Biological_Process_2023,Response To Tumor Necrosis Factor (GO:0034612),2/108,0.2938547028204486,0.4012195670422444,0,0,1.8766914427291783,2.298327412458919,RPS3;ZFP36L2
GO_Biological_Process_2023,Positive Regulation Of Metabolic Process (GO:0009893),2/108,0.2938547028204486,0.4012195670422444,0,0,1.8766914427291783,2.298327412458919,GJA1;CAV1
GO_Biological_Process_2023,Lipid Transport (GO:0006869),2/108,0.2938547028204486,0.4012195670422444,0,0,1.8766914427291783,2.298327412458919,CRABP2;APOE
GO_Biological_Process_2023,Endoderm Formation (GO:0001706),1/35,0.2967633987534311,0.4026147748900593,0,0,2.9213715637008573,3.54894088012851,COL6A1
GO_Biological_Process_2023,Skeletal Muscle Organ Development (GO:0060538),1/35,0.2967633987534311,0.4026147748900593,0,0,2.9213715637008573,3.54894088012851,CAV1
GO_Biological_Process_2023,Establishment Of Spindle Orientation (GO:0051294),1/35,0.2967633987534311,0.4026147748900593,0,0,2.9213715637008573,3.54894088012851,GJA1
GO_Biological_Process_2023,Positive Regulation Of Telomere Maintenance Via Telomere Lengthening (GO:1904358),1/35,0.2967633987534311,0.4026147748900593,0,0,2.9213715637008573,3.54894088012851,HNRNPA1
GO_Biological_Process_2023,Liver Development (GO:0001889),1/35,0.2967633987534311,0.4026147748900593,0,0,2.9213715637008573,3.54894088012851,ARID5B
GO_Biological_Process_2023,Negative Regulation Of Developmental Process (GO:0051093),2/109,0.2975499631159602,0.4026147748900593,0,0,1.8590578684036627,2.2534999856206213,NFIB;HOPX
GO_Biological_Process_2023,Cell-Matrix Adhesion (GO:0007160),2/109,0.2975499631159602,0.4026147748900593,0,0,1.8590578684036627,2.2534999856206213,CTTN;EMP2
GO_Biological_Process_2023,Cellular Response To Salt (GO:1902075),2/109,0.2975499631159602,0.4026147748900593,0,0,1.8590578684036627,2.2534999856206213,HNRNPA1;CLU
GO_Biological_Process_2023,Extracellular Structure Organization (GO:0043062),2/109,0.2975499631159602,0.4026147748900593,0,0,1.8590578684036627,2.2534999856206213,APP;COL1A2
GO_Biological_Process_2023,Regulation Of Wnt Signaling Pathway (GO:0030111),2/109,0.2975499631159602,0.4026147748900593,0,0,1.8590578684036627,2.2534999856206213,APP;RACK1
GO_Biological_Process_2023,Response To Lipid (GO:0033993),2/110,0.3012423146906411,0.4065151665986609,0,0,1.8417508417508417,2.209806893363538,S100A14;AQP3
GO_Biological_Process_2023,External Encapsulating Structure Organization (GO:0045229),2/110,0.3012423146906411,0.4065151665986609,0,0,1.8417508417508417,2.209806893363538,APP;COL1A2
GO_Biological_Process_2023,Regulation Of JNK Cascade (GO:0046328),2/110,0.3012423146906411,0.4065151665986609,0,0,1.8417508417508417,2.209806893363538,APP;HMGB1
GO_Biological_Process_2023,Negative Regulation Of Organelle Assembly (GO:1902116),1/36,0.3038080819844295,0.4081489486784574,0,0,2.8377602297200286,3.380791434126185,NUPR1
GO_Biological_Process_2023,Regulation Of Intracellular Protein Transport (GO:0033157),1/36,0.3038080819844295,0.4081489486784574,0,0,2.8377602297200286,3.380791434126185,VAMP2
GO_Biological_Process_2023,Negative Regulation Of Sequestering Of Calcium Ion (GO:0051283),1/36,0.3038080819844295,0.4081489486784574,0,0,2.8377602297200286,3.380791434126185,CLU
GO_Biological_Process_2023,Substrate Adhesion-Dependent Cell Spreading (GO:0034446),1/36,0.3038080819844295,0.4081489486784574,0,0,2.8377602297200286,3.380791434126185,EFNA1
GO_Biological_Process_2023,Negative Regulation Of T Cell Proliferation (GO:0042130),1/36,0.3038080819844295,0.4081489486784574,0,0,2.8377602297200286,3.380791434126185,GPNMB
GO_Biological_Process_2023,Negative Regulation Of Transmembrane Receptor Protein Serine/Threonine Kinase Signaling Pathway (GO:0090101),2/111,0.3049314473928455,0.4092930122759585,0,0,1.8247613752200909,2.167211222684004,CAV1;NBL1
GO_Biological_Process_2023,Calcium Ion Transport (GO:0006816),2/112,0.3086170575351828,0.41092055455831,0,0,1.808080808080808,2.1256775548508937,CAV1;CLU
GO_Biological_Process_2023,Negative Regulation Of Defense Response (GO:0031348),2/112,0.3086170575351828,0.41092055455831,0,0,1.808080808080808,2.1256775548508937,RORA;APOE
GO_Biological_Process_2023,RNA Stabilization (GO:0043489),1/37,0.3107825442509396,0.41092055455831,0,0,2.758793969849246,3.2240971983470845,CIRBP
GO_Biological_Process_2023,Negative Regulation Of Stress-Activated MAPK Cascade (GO:0032873),1/37,0.3107825442509396,0.41092055455831,0,0,2.758793969849246,3.2240971983470845,MYC
GO_Biological_Process_2023,Negative Regulation Of Transferase Activity (GO:0051348),1/37,0.3107825442509396,0.41092055455831,0,0,2.758793969849246,3.2240971983470845,EIF4A2
GO_Biological_Process_2023,Aortic Valve Morphogenesis (GO:0003180),1/37,0.3107825442509396,0.41092055455831,0,0,2.758793969849246,3.2240971983470845,EFNA1
GO_Biological_Process_2023,Calcium Ion Import Across Plasma Membrane (GO:0098703),1/37,0.3107825442509396,0.41092055455831,0,0,2.758793969849246,3.2240971983470845,CLU
GO_Biological_Process_2023,Regulation Of Sodium Ion Transmembrane Transporter Activity (GO:2000649),1/37,0.3107825442509396,0.41092055455831,0,0,2.758793969849246,3.2240971983470845,FXYD3
GO_Biological_Process_2023,Positive Regulation Of Immune Effector Process (GO:0002699),1/37,0.3107825442509396,0.41092055455831,0,0,2.758793969849246,3.2240971983470845,RPS19
GO_Biological_Process_2023,Synaptic Vesicle Cycle (GO:0099504),1/37,0.3107825442509396,0.41092055455831,0,0,2.758793969849246,3.2240971983470845,VAMP2
GO_Biological_Process_2023,Ventricular Septum Development (GO:0003281),1/37,0.3107825442509396,0.41092055455831,0,0,2.758793969849246,3.2240971983470845,HES1
GO_Biological_Process_2023,Positive Regulation Of Receptor Signaling Pathway Via JAK-STAT (GO:0046427),1/37,0.3107825442509396,0.41092055455831,0,0,2.758793969849246,3.2240971983470845,HES1
GO_Biological_Process_2023,Positive Regulation Of Receptor Signaling Pathway Via STAT (GO:1904894),1/37,0.3107825442509396,0.41092055455831,0,0,2.758793969849246,3.2240971983470845,HES1
GO_Biological_Process_2023,Melanosome Organization (GO:0032438),1/37,0.3107825442509396,0.41092055455831,0,0,2.758793969849246,3.2240971983470845,APOE
GO_Biological_Process_2023,Muscle Cell Differentiation (GO:0042692),1/37,0.3107825442509396,0.41092055455831,0,0,2.758793969849246,3.2240971983470845,RORA
GO_Biological_Process_2023,Muscle Tissue Development (GO:0060537),1/37,0.3107825442509396,0.41092055455831,0,0,2.758793969849246,3.2240971983470845,CAV1
GO_Biological_Process_2023,Regulation Of Cellular Component Biogenesis (GO:0044087),1/37,0.3107825442509396,0.41092055455831,0,0,2.758793969849246,3.2240971983470845,APOE
GO_Biological_Process_2023,Endomembrane System Organization (GO:0010256),3/196,0.3123712102933349,0.4126588093875109,0,0,1.547066095052734,1.8001089005066375,CAV2;OPTN;SPTBN1
GO_Biological_Process_2023,Positive Regulation Of Cell Differentiation (GO:0045597),4/283,0.3142577573411092,0.4147871889182388,0,0,1.4279131007241606,1.6528690245514766,GJA1;TACSTD2;ADIRF;NBL1
GO_Biological_Process_2023,Regulation Of Interleukin-6 Production (GO:0032675),2/114,0.3159765270928876,0.416032476362055,0,0,1.7756132756132756,2.045661592448686,APP;HMGB1
GO_Biological_Process_2023,Negative Regulation Of Canonical Wnt Signaling Pathway (GO:0090090),2/114,0.3159765270928876,0.416032476362055,0,0,1.7756132756132756,2.045661592448686,CAV1;APOE
GO_Biological_Process_2023,Negative Regulation Of Epithelial Cell Apoptotic Process (GO:1904036),1/38,0.3176874819497763,0.416032476362055,0,0,2.684096156457965,3.07781854672427,NUPR1
GO_Biological_Process_2023,Regulation Of Intracellular Transport (GO:0032386),1/38,0.3176874819497763,0.416032476362055,0,0,2.684096156457965,3.07781854672427,CRYAB
GO_Biological_Process_2023,Regulation Of Telomere Maintenance (GO:0032204),1/38,0.3176874819497763,0.416032476362055,0,0,2.684096156457965,3.07781854672427,MYC
GO_Biological_Process_2023,Response To Transforming Growth Factor Beta (GO:0071559),1/38,0.3176874819497763,0.416032476362055,0,0,2.684096156457965,3.07781854672427,ZFP36L2
GO_Biological_Process_2023,Signal Release From Synapse (GO:0099643),1/38,0.3176874819497763,0.416032476362055,0,0,2.684096156457965,3.07781854672427,VAMP2
GO_Biological_Process_2023,Positive Regulation Of Protein Tyrosine Kinase Activity (GO:0061098),1/38,0.3176874819497763,0.416032476362055,0,0,2.684096156457965,3.07781854672427,EFNA1
GO_Biological_Process_2023,Lymphocyte Proliferation (GO:0046651),1/38,0.3176874819497763,0.416032476362055,0,0,2.684096156457965,3.07781854672427,EMP2
GO_Biological_Process_2023,DNA-templated Transcription (GO:0006351),3/199,0.3205706039021544,0.419153103487604,0,0,1.5231534238060709,1.732819656735889,TSC22D1;NFIC;ZFP36L2
GO_Biological_Process_2023,Positive Regulation Of Nucleic Acid-Templated Transcription (GO:1903508),7/557,0.3236460097569136,0.419153103487604,0,0,1.2694300518134716,1.432050290791373,JUN;NPM1;NFIB;MYC;RORA;EDF1;APOE
GO_Biological_Process_2023,Negative Regulation Of Lymphocyte Proliferation (GO:0050672),1/39,0.3245235847719431,0.419153103487604,0,0,2.6133298069293835,2.941033694945818,GPNMB
GO_Biological_Process_2023,Negative Regulation Of Mitochondrion Organization (GO:0010823),1/39,0.3245235847719431,0.419153103487604,0,0,2.6133298069293835,2.941033694945818,CLU
GO_Biological_Process_2023,RNA Transport (GO:0050658),1/39,0.3245235847719431,0.419153103487604,0,0,2.6133298069293835,2.941033694945818,HNRNPA1
GO_Biological_Process_2023,Negative Regulation Of Protein Secretion (GO:0050709),1/39,0.3245235847719431,0.419153103487604,0,0,2.6133298069293835,2.941033694945818,APOE
GO_Biological_Process_2023,Regulation Of Mitochondrial Membrane Potential (GO:0051881),1/39,0.3245235847719431,0.419153103487604,0,0,2.6133298069293835,2.941033694945818,SOD1
GO_Biological_Process_2023,Neuron Projection Extension (GO:1990138),1/39,0.3245235847719431,0.419153103487604,0,0,2.6133298069293835,2.941033694945818,MAP1B
GO_Biological_Process_2023,Nuclear Transport (GO:0051169),1/39,0.3245235847719431,0.419153103487604,0,0,2.6133298069293835,2.941033694945818,NPM1
GO_Biological_Process_2023,Regulation Of Receptor-Mediated Endocytosis (GO:0048259),1/39,0.3245235847719431,0.419153103487604,0,0,2.6133298069293835,2.941033694945818,CLU
GO_Biological_Process_2023,Positive Regulation Of ATP-dependent Activity (GO:0032781),1/39,0.3245235847719431,0.419153103487604,0,0,2.6133298069293835,2.941033694945818,TPM1
GO_Biological_Process_2023,Release Of Sequestered Calcium Ion Into Cytosol (GO:0051209),1/39,0.3245235847719431,0.419153103487604,0,0,2.6133298069293835,2.941033694945818,CLU
GO_Biological_Process_2023,Positive Regulation Of Intracellular Transport (GO:0032388),1/39,0.3245235847719431,0.419153103487604,0,0,2.6133298069293835,2.941033694945818,VAMP2
GO_Biological_Process_2023,Positive Regulation Of Lipid Biosynthetic Process (GO:0046889),1/39,0.3245235847719431,0.419153103487604,0,0,2.6133298069293835,2.941033694945818,APOE
GO_Biological_Process_2023,Heterochromatin Organization (GO:0070828),1/39,0.3245235847719431,0.419153103487604,0,0,2.6133298069293835,2.941033694945818,HMGB1
GO_Biological_Process_2023,Negative Regulation Of Cell-Substrate Adhesion (GO:0010812),1/39,0.3245235847719431,0.419153103487604,0,0,2.6133298069293835,2.941033694945818,TACSTD2
GO_Biological_Process_2023,DNA Metabolic Process (GO:0006259),4/288,0.3255504669425682,0.4201191115814119,0,0,1.4024144869215291,1.573842527428419,NPM1;RPS3;HMGB1;NOP53
GO_Biological_Process_2023,Protein Processing (GO:0016485),2/117,0.3269820795650746,0.4216053183433239,0,0,1.7290294246815987,1.932795390467605,C1R;CPE
GO_Biological_Process_2023,Notch Signaling Pathway (GO:0007219),1/40,0.3312915354401823,0.4235356981094351,0,0,2.54619250096637,2.8129227654318845,HES1
GO_Biological_Process_2023,Negative Regulation Of Protein Localization (GO:1903828),1/40,0.3312915354401823,0.4235356981094351,0,0,2.54619250096637,2.8129227654318845,BTF3
GO_Biological_Process_2023,Negative Regulation Of Secretion By Cell (GO:1903531),1/40,0.3312915354401823,0.4235356981094351,0,0,2.54619250096637,2.8129227654318845,APOE
GO_Biological_Process_2023,Regulation Of Microtubule Polymerization (GO:0031113),1/40,0.3312915354401823,0.4235356981094351,0,0,2.54619250096637,2.8129227654318845,RPS3
GO_Biological_Process_2023,Aortic Valve Development (GO:0003176),1/40,0.3312915354401823,0.4235356981094351,0,0,2.54619250096637,2.8129227654318845,EFNA1
GO_Biological_Process_2023,Cyclic-Nucleotide-Mediated Signaling (GO:0019935),1/40,0.3312915354401823,0.4235356981094351,0,0,2.54619250096637,2.8129227654318845,APOE
GO_Biological_Process_2023,Synaptic Vesicle Endocytosis (GO:0048488),1/40,0.3312915354401823,0.4235356981094351,0,0,2.54619250096637,2.8129227654318845,VAMP2
GO_Biological_Process_2023,Positive Regulation Of Monoatomic Ion Transport (GO:0043270),1/40,0.3312915354401823,0.4235356981094351,0,0,2.54619250096637,2.8129227654318845,FHL1
GO_Biological_Process_2023,mRNA 3'-End Processing (GO:0031124),1/40,0.3312915354401823,0.4235356981094351,0,0,2.54619250096637,2.8129227654318845,APP
GO_Biological_Process_2023,Regulation Of Autophagosome Assembly (GO:2000785),1/40,0.3312915354401823,0.4235356981094351,0,0,2.54619250096637,2.8129227654318845,NUPR1
GO_Biological_Process_2023,Defense Response To Bacterium (GO:0042742),3/204,0.3342400155319526,0.4262878943684684,0,0,1.484885218577165,1.6272796745414015,RPS19;S100A14;OPTN
GO_Biological_Process_2023,Cellular Response To Tumor Necrosis Factor (GO:0071356),2/119,0.3342934948533607,0.4262878943684684,0,0,1.6993006993006994,1.8619848571697335,RPS3;ZFP36L2
GO_Biological_Process_2023,Positive Regulation Of Angiogenesis (GO:0045766),2/119,0.3342934948533607,0.4262878943684684,0,0,1.6993006993006994,1.8619848571697335,HSPB1;EMP2
GO_Biological_Process_2023,Positive Regulation Of Transcription By RNA Polymerase II (GO:0045944),11/938,0.3376057991620859,0.4277445101848199,0,0,1.184928340268146,1.2866856478648756,APP;JUN;NPM1;KLF5;NFIB;MYC;NFIC;ADIRF;HES1;RORA;HMGB1
GO_Biological_Process_2023,Regulation Of Chemokine Production (GO:0032642),1/41,0.3379920100397979,0.4277445101848199,0,0,2.4824120603015074,2.6927543377926204,APP
GO_Biological_Process_2023,Negative Regulation Of mRNA Catabolic Process (GO:1902373),1/41,0.3379920100397979,0.4277445101848199,0,0,2.4824120603015074,2.6927543377926204,CIRBP
GO_Biological_Process_2023,Carbohydrate Catabolic Process (GO:0016052),1/41,0.3379920100397979,0.4277445101848199,0,0,2.4824120603015074,2.6927543377926204,LDHA
GO_Biological_Process_2023,Regulation Of Release Of Cytochrome C From Mitochondria (GO:0090199),1/41,0.3379920100397979,0.4277445101848199,0,0,2.4824120603015074,2.6927543377926204,CLU
GO_Biological_Process_2023,Positive Regulation Of Actin Filament Polymerization (GO:0030838),1/41,0.3379920100397979,0.4277445101848199,0,0,2.4824120603015074,2.6927543377926204,CTTN
GO_Biological_Process_2023,Double-Strand Break Repair Via Nonhomologous End Joining (GO:0006303),1/41,0.3379920100397979,0.4277445101848199,0,0,2.4824120603015074,2.6927543377926204,HMGB1
GO_Biological_Process_2023,Synaptic Vesicle Exocytosis (GO:0016079),1/41,0.3379920100397979,0.4277445101848199,0,0,2.4824120603015074,2.6927543377926204,VAMP2
GO_Biological_Process_2023,Lymphocyte Migration (GO:0072676),1/41,0.3379920100397979,0.4277445101848199,0,0,2.4824120603015074,2.6927543377926204,KLF5
GO_Biological_Process_2023,DNA Recombination (GO:0006310),1/42,0.344625677945044,0.4321451049002801,0,0,2.4217428606446867,2.579874053958348,HMGB1
GO_Biological_Process_2023,Regulation Of Neurotransmitter Receptor Activity (GO:0099601),1/42,0.344625677945044,0.4321451049002801,0,0,2.4217428606446867,2.579874053958348,APP
GO_Biological_Process_2023,Regulation Of Osteoclast Differentiation (GO:0045670),1/42,0.344625677945044,0.4321451049002801,0,0,2.4217428606446867,2.579874053958348,PRXL2A
GO_Biological_Process_2023,Branching Morphogenesis Of An Epithelial Tube (GO:0048754),1/42,0.344625677945044,0.4321451049002801,0,0,2.4217428606446867,2.579874053958348,MYC
GO_Biological_Process_2023,Cellular Response To Glucose Starvation (GO:0042149),1/42,0.344625677945044,0.4321451049002801,0,0,2.4217428606446867,2.579874053958348,HNRNPA1
GO_Biological_Process_2023,Positive Regulation Of Calcium Ion Transmembrane Transport (GO:1904427),1/42,0.344625677945044,0.4321451049002801,0,0,2.4217428606446867,2.579874053958348,CAV1
GO_Biological_Process_2023,Embryonic Heart Tube Morphogenesis (GO:0003143),1/42,0.344625677945044,0.4321451049002801,0,0,2.4217428606446867,2.579874053958348,HES1
GO_Biological_Process_2023,Positive Regulation Of Neuron Differentiation (GO:0045666),1/42,0.344625677945044,0.4321451049002801,0,0,2.4217428606446867,2.579874053958348,NBL1
GO_Biological_Process_2023,Modulation By Host Of Symbiont Process (GO:0051851),1/42,0.344625677945044,0.4321451049002801,0,0,2.4217428606446867,2.579874053958348,JUN
GO_Biological_Process_2023,Monoatomic Cation Transport (GO:0006812),1/42,0.344625677945044,0.4321451049002801,0,0,2.4217428606446867,2.579874053958348,NDFIP2
GO_Biological_Process_2023,Negative Regulation Of I-kappaB kinase/NF-kappaB Signaling (GO:0043124),1/42,0.344625677945044,0.4321451049002801,0,0,2.4217428606446867,2.579874053958348,RORA
GO_Biological_Process_2023,Positive Regulation Of Multicellular Organismal Process (GO:0051240),5/387,0.3453775156859827,0.4327275695699583,0,0,1.3033964290508793,1.385663177573437,GJA1;RPS19;CAV1;APOE;SOD1
GO_Biological_Process_2023,Regulation Of Chromosome Organization (GO:0033044),1/43,0.3511932019412653,0.4353061416654696,0,0,2.363962670495334,2.473694919601735,MYC
GO_Biological_Process_2023,Regulation Of Filopodium Assembly (GO:0051489),1/43,0.3511932019412653,0.4353061416654696,0,0,2.363962670495334,2.473694919601735,CLU
GO_Biological_Process_2023,SCF-dependent Proteasomal Ubiquitin-Dependent Protein Catabolic Process (GO:0031146),1/43,0.3511932019412653,0.4353061416654696,0,0,2.363962670495334,2.473694919601735,SKP1
GO_Biological_Process_2023,Neurotransmitter Secretion (GO:0007269),1/43,0.3511932019412653,0.4353061416654696,0,0,2.363962670495334,2.473694919601735,VAMP2
GO_Biological_Process_2023,Positive Regulation Of Cell-Matrix Adhesion (GO:0001954),1/43,0.3511932019412653,0.4353061416654696,0,0,2.363962670495334,2.473694919601735,EMP2
GO_Biological_Process_2023,Ephrin Receptor Signaling Pathway (GO:0048013),1/43,0.3511932019412653,0.4353061416654696,0,0,2.363962670495334,2.473694919601735,EFNA1
GO_Biological_Process_2023,Positive Regulation Of Receptor-Mediated Endocytosis (GO:0048260),1/43,0.3511932019412653,0.4353061416654696,0,0,2.363962670495334,2.473694919601735,CLU
GO_Biological_Process_2023,Positive Regulation Of Stress Fiber Assembly (GO:0051496),1/43,0.3511932019412653,0.4353061416654696,0,0,2.363962670495334,2.473694919601735,TPM1
GO_Biological_Process_2023,Intracellular Glucose Homeostasis (GO:0001678),1/43,0.3511932019412653,0.4353061416654696,0,0,2.363962670495334,2.473694919601735,RACK1
GO_Biological_Process_2023,mRNA Catabolic Process (GO:0006402),1/43,0.3511932019412653,0.4353061416654696,0,0,2.363962670495334,2.473694919601735,ZFP36L2
GO_Biological_Process_2023,mRNA Destabilization (GO:0061157),1/43,0.3511932019412653,0.4353061416654696,0,0,2.363962670495334,2.473694919601735,ZFP36L2
GO_Biological_Process_2023,Regulation Of JUN Kinase Activity (GO:0043506),1/43,0.3511932019412653,0.4353061416654696,0,0,2.363962670495334,2.473694919601735,RPS3
GO_Biological_Process_2023,Negative Regulation Of BMP Signaling Pathway (GO:0030514),1/43,0.3511932019412653,0.4353061416654696,0,0,2.363962670495334,2.473694919601735,NBL1
GO_Biological_Process_2023,Positive Regulation Of Defense Response (GO:0031349),2/124,0.3524674479014492,0.4365262964963672,0,0,1.6292432521940718,1.698969987670421,APP;OPTN
GO_Biological_Process_2023,"mRNA Splicing, Via Spliceosome (GO:0000398)",3/211,0.353356509891824,0.43726779284888,0,0,1.4344006247559546,1.492175109976321,SF3B6;SRSF5;HNRNPA1
GO_Biological_Process_2023,Regulation Of Mitotic Cell Cycle (GO:0007346),2/125,0.3560823858036039,0.4393874623628547,0,0,1.6159152500615914,1.668583024830908,APP;CAV2
GO_Biological_Process_2023,Response To Cytokine (GO:0034097),2/125,0.3560823858036039,0.4393874623628547,0,0,1.6159152500615914,1.668583024830908,APP;TIMP3
GO_Biological_Process_2023,Nucleus Organization (GO:0006997),1/44,0.3576952382847675,0.4393874623628547,0,0,2.308869931050602,2.373689018141451,RPS19
GO_Biological_Process_2023,Regulation Of Viral Entry Into Host Cell (GO:0046596),1/44,0.3576952382847675,0.4393874623628547,0,0,2.308869931050602,2.373689018141451,HMGB1
GO_Biological_Process_2023,Positive Regulation Of Biosynthetic Process (GO:0009891),1/44,0.3576952382847675,0.4393874623628547,0,0,2.308869931050602,2.373689018141451,APOE
GO_Biological_Process_2023,Positive Regulation Of Chemotaxis (GO:0050921),1/44,0.3576952382847675,0.4393874623628547,0,0,2.308869931050602,2.373689018141451,HSPB1
GO_Biological_Process_2023,Embryonic Organ Morphogenesis (GO:0048562),1/44,0.3576952382847675,0.4393874623628547,0,0,2.308869931050602,2.373689018141451,HES1
GO_Biological_Process_2023,Synaptic Vesicle Recycling (GO:0036465),1/44,0.3576952382847675,0.4393874623628547,0,0,2.308869931050602,2.373689018141451,VAMP2
GO_Biological_Process_2023,Lymphocyte Chemotaxis (GO:0048247),1/44,0.3576952382847675,0.4393874623628547,0,0,2.308869931050602,2.373689018141451,KLF5
GO_Biological_Process_2023,Protein-Containing Complex Organization (GO:0043933),2/126,0.3596901730363681,0.4414779140935373,0,0,1.6028022157054416,1.638884897548312,HES1;VAMP2
GO_Biological_Process_2023,mRNA Processing (GO:0006397),3/214,0.3615321644905319,0.4430166311820512,0,0,1.4137897851661174,1.43839575902822,SF3B6;SRSF5;HNRNPA1
GO_Biological_Process_2023,Regulation Of GTPase Activity (GO:0043087),3/214,0.3615321644905319,0.4430166311820512,0,0,1.4137897851661174,1.43839575902822,CAV2;RACK1;SOD1
GO_Biological_Process_2023,Regulation Of Telomerase Activity (GO:0051972),1/45,0.3641324366778817,0.4440351818922186,0,0,2.256281407035176,2.279380404926681,MYC
GO_Biological_Process_2023,Chromosome Organization (GO:0051276),1/45,0.3641324366778817,0.4440351818922186,0,0,2.256281407035176,2.279380404926681,MYC
GO_Biological_Process_2023,Positive Regulation Of Innate Immune Response (GO:0045089),1/45,0.3641324366778817,0.4440351818922186,0,0,2.256281407035176,2.279380404926681,RPS19
GO_Biological_Process_2023,Positive Regulation Of mRNA Catabolic Process (GO:0061014),1/45,0.3641324366778817,0.4440351818922186,0,0,2.256281407035176,2.279380404926681,ZFP36L2
GO_Biological_Process_2023,Natural Killer Cell Activation (GO:0030101),1/45,0.3641324366778817,0.4440351818922186,0,0,2.256281407035176,2.279380404926681,EMP2
GO_Biological_Process_2023,Regulation Of Apoptotic Signaling Pathway (GO:2001233),1/45,0.3641324366778817,0.4440351818922186,0,0,2.256281407035176,2.279380404926681,RPS3
GO_Biological_Process_2023,Regulation Of DNA-templated Transcription (GO:0006355),21/1922,0.3679551072500934,0.4481776653881729,0,0,1.1046200323851898,1.1043928555919178,JUN;NPM1;CRABP2;ARID5B;RORA;EDF1;HMGB1;RPL6;ZFP36L2;HOPX;EID1;KLF5;NFIB;MYC;NFIC;ID1;ID4;ID3;HES1;APOE;CRYAB
GO_Biological_Process_2023,Protein Targeting (GO:0006605),2/129,0.3704684745885532,0.4481776653881729,0,0,1.5647021395052891,1.5537287687021244,NACA;RPL11
GO_Biological_Process_2023,Regulation Of Fibroblast Proliferation (GO:0048145),1/46,0.3705054405101429,0.4481776653881729,0,0,2.2060301507537687,2.1903389894516705,MYC
GO_Biological_Process_2023,T Cell Differentiation (GO:0030217),1/46,0.3705054405101429,0.4481776653881729,0,0,2.2060301507537687,2.1903389894516705,ZFP36L2
GO_Biological_Process_2023,Regulation Of Interleukin-10 Production (GO:0032653),1/46,0.3705054405101429,0.4481776653881729,0,0,2.2060301507537687,2.1903389894516705,HMGB1
GO_Biological_Process_2023,Regulation Of Nervous System Development (GO:0051960),1/46,0.3705054405101429,0.4481776653881729,0,0,2.2060301507537687,2.1903389894516705,HES1
GO_Biological_Process_2023,Epithelial Cell Migration (GO:0010631),1/46,0.3705054405101429,0.4481776653881729,0,0,2.2060301507537687,2.1903389894516705,S100A2
GO_Biological_Process_2023,Mitotic G2/M Transition Checkpoint (GO:0044818),1/46,0.3705054405101429,0.4481776653881729,0,0,2.2060301507537687,2.1903389894516705,NOP53
GO_Biological_Process_2023,Negative Regulation Of Cellular Metabolic Process (GO:0031324),1/46,0.3705054405101429,0.4481776653881729,0,0,2.2060301507537687,2.1903389894516705,NUPR1
GO_Biological_Process_2023,Negative Regulation Of Cold-Induced Thermogenesis (GO:0120163),1/46,0.3705054405101429,0.4481776653881729,0,0,2.2060301507537687,2.1903389894516705,ID1
GO_Biological_Process_2023,Positive Regulation Of Peptidyl-Tyrosine Phosphorylation (GO:0050731),2/130,0.3740455278662269,0.4517342140870391,0,0,1.5523989898989898,1.5265946362115397,EFNA1;HES1
GO_Biological_Process_2023,Regulation Of Cell Cycle Process (GO:0010564),2/130,0.3740455278662269,0.4517342140870391,0,0,1.5523989898989898,1.5265946362115397,CAV2;MYC
GO_Biological_Process_2023,Regulation Of Wound Healing (GO:0061041),1/47,0.376814886705751,0.452538452455232,0,0,2.1579637317019884,2.1061752538856453,CAV1
GO_Biological_Process_2023,Cognition (GO:0050890),1/47,0.376814886705751,0.452538452455232,0,0,2.1579637317019884,2.1061752538856453,C12ORF57
GO_Biological_Process_2023,Response To Organonitrogen Compound (GO:0010243),1/47,0.376814886705751,0.452538452455232,0,0,2.1579637317019884,2.1061752538856453,CLU
GO_Biological_Process_2023,Secondary Alcohol Metabolic Process (GO:1902652),1/47,0.376814886705751,0.452538452455232,0,0,2.1579637317019884,2.1061752538856453,APOE
GO_Biological_Process_2023,Positive Regulation Of Epithelial To Mesenchymal Transition (GO:0010718),1/47,0.376814886705751,0.452538452455232,0,0,2.1579637317019884,2.1061752538856453,EMP2
GO_Biological_Process_2023,Insulin Receptor Signaling Pathway (GO:0008286),1/47,0.376814886705751,0.452538452455232,0,0,2.1579637317019884,2.1061752538856453,CAV2
GO_Biological_Process_2023,Regulation Of T Cell Differentiation (GO:0045580),1/47,0.376814886705751,0.452538452455232,0,0,2.1579637317019884,2.1061752538856453,SOD1
GO_Biological_Process_2023,Circulatory System Development (GO:0072359),2/132,0.3811748654446817,0.4574098385336181,0,0,1.5283605283605284,1.4740992128790684,PDLIM1;GJA1
GO_Biological_Process_2023,Negative Regulation Of ERK1 And ERK2 Cascade (GO:0070373),1/48,0.3830614060395898,0.4593077050124381,0,0,2.111942692184326,2.026535673888961,TIMP3
GO_Biological_Process_2023,Negative Regulation Of Cell Motility (GO:2000146),2/133,0.3847267669681982,0.4609375585155979,0,0,1.5166165471508983,1.4487053288734584,TPM1;TACSTD2
GO_Biological_Process_2023,Nuclear Export (GO:0051168),1/49,0.3892456229672477,0.464503889214481,0,0,2.0678391959799,1.9510987409424116,HNRNPA1
GO_Biological_Process_2023,Intrinsic Apoptotic Signaling Pathway In Response To DNA Damage (GO:0008630),1/49,0.3892456229672477,0.464503889214481,0,0,2.0678391959799,1.9510987409424116,SFN
GO_Biological_Process_2023,Negative Regulation Of DNA Metabolic Process (GO:0051053),1/49,0.3892456229672477,0.464503889214481,0,0,2.0678391959799,1.9510987409424116,RPS3
GO_Biological_Process_2023,Regulation Of Cell Communication (GO:0010646),1/49,0.3892456229672477,0.464503889214481,0,0,2.0678391959799,1.9510987409424116,IGFBP7
GO_Biological_Process_2023,Negative Regulation Of Cysteine-Type Endopeptidase Activity Involved In Apoptotic Process (GO:0043154),1/49,0.3892456229672477,0.464503889214481,0,0,2.0678391959799,1.9510987409424116,SFN
GO_Biological_Process_2023,Regulation Of Protein Kinase B Signaling (GO:0051896),2/136,0.3953292015314795,0.4692075985508967,0,0,1.4824363033318255,1.375754908856019,RACK1;NOP53
GO_Biological_Process_2023,Regulation Of Interleukin-12 Production (GO:0032655),1/50,0.3953681557510544,0.4692075985508967,0,0,2.025535842477695,1.8795714928238212,HMGB1
GO_Biological_Process_2023,Positive Regulation Of Cell Death (GO:0010942),1/50,0.3953681557510544,0.4692075985508967,0,0,2.025535842477695,1.8795714928238212,CLU
GO_Biological_Process_2023,Positive Regulation Of Fat Cell Differentiation (GO:0045600),1/50,0.3953681557510544,0.4692075985508967,0,0,2.025535842477695,1.8795714928238212,ADIRF
GO_Biological_Process_2023,Positive Regulation Of Transport (GO:0051050),1/50,0.3953681557510544,0.4692075985508967,0,0,2.025535842477695,1.8795714928238212,APOE
GO_Biological_Process_2023,Pyruvate Metabolic Process (GO:0006090),1/50,0.3953681557510544,0.4692075985508967,0,0,2.025535842477695,1.8795714928238212,LDHA
GO_Biological_Process_2023,Negative Regulation Of Cell Projection Organization (GO:0031345),1/50,0.3953681557510544,0.4692075985508967,0,0,2.025535842477695,1.8795714928238212,APOE
GO_Biological_Process_2023,Regulation Of Cell Growth (GO:0001558),3/227,0.3967452413447178,0.4704711287127125,0,0,1.3308556925308197,1.2303240695701096,GJA1;FHL1;RACK1
GO_Biological_Process_2023,Protein Localization To Organelle (GO:0033365),2/137,0.3988450044858849,0.4712026521651044,0,0,1.4713804713804717,1.3524670293145111,RPL11;OPTN
GO_Biological_Process_2023,Protein Localization To Plasma Membrane (GO:0072659),2/137,0.3988450044858849,0.4712026521651044,0,0,1.4713804713804717,1.3524670293145111,EMP2;SPTBN1
GO_Biological_Process_2023,Apoptotic Process (GO:0006915),3/228,0.3994350278292476,0.4712026521651044,0,0,1.3248730964467006,1.2158415530366304,APP;MYC;EMP2
GO_Biological_Process_2023,Chromatin Remodeling (GO:0006338),3/228,0.3994350278292476,0.4712026521651044,0,0,1.3248730964467006,1.2158415530366304,NPM1;MYC;SKP1
GO_Biological_Process_2023,"Negative Regulation Of Gene Expression, Epigenetic (GO:0045814)",1/51,0.4014296166851454,0.4712026521651044,0,0,1.984924623115578,1.8116864795932897,HMGB1
GO_Biological_Process_2023,SMAD Protein Signal Transduction (GO:0060395),1/51,0.4014296166851454,0.4712026521651044,0,0,1.984924623115578,1.8116864795932897,JUN
GO_Biological_Process_2023,Regulation Of Stress-Activated MAPK Cascade (GO:0032872),1/51,0.4014296166851454,0.4712026521651044,0,0,1.984924623115578,1.8116864795932897,MYC
GO_Biological_Process_2023,Regulation Of Substrate Adhesion-Dependent Cell Spreading (GO:1900024),1/51,0.4014296166851454,0.4712026521651044,0,0,1.984924623115578,1.8116864795932897,TACSTD2
GO_Biological_Process_2023,Regulation Of Telomere Maintenance Via Telomerase (GO:0032210),1/51,0.4014296166851454,0.4712026521651044,0,0,1.984924623115578,1.8116864795932897,HNRNPA1
GO_Biological_Process_2023,Positive Regulation Of Actin Filament Bundle Assembly (GO:0032233),1/51,0.4014296166851454,0.4712026521651044,0,0,1.984924623115578,1.8116864795932897,TPM1
GO_Biological_Process_2023,Microtubule Bundle Formation (GO:0001578),1/51,0.4014296166851454,0.4712026521651044,0,0,1.984924623115578,1.8116864795932897,TPPP3
GO_Biological_Process_2023,Regulated Exocytosis (GO:0045055),1/51,0.4014296166851454,0.4712026521651044,0,0,1.984924623115578,1.8116864795932897,VAMP2
GO_Biological_Process_2023,Negative Regulation Of MAP Kinase Activity (GO:0043407),1/51,0.4014296166851454,0.4712026521651044,0,0,1.984924623115578,1.8116864795932897,APOE
GO_Biological_Process_2023,Intracellular Calcium Ion Homeostasis (GO:0006874),2/139,0.4058480895063414,0.4760180862901482,0,0,1.44975300449753,1.3073529773997317,CAV2;CAV1
GO_Biological_Process_2023,Negative Regulation Of Innate Immune Response (GO:0045824),1/52,0.4074306117999475,0.4760205596359356,0,0,1.9459060005911912,1.7471991060741807,RPS19
GO_Biological_Process_2023,Rho Protein Signal Transduction (GO:0007266),1/52,0.4074306117999475,0.4760205596359356,0,0,1.9459060005911912,1.7471991060741807,COL1A2
GO_Biological_Process_2023,Arachidonic Acid Metabolic Process (GO:0019369),1/52,0.4074306117999475,0.4760205596359356,0,0,1.9459060005911912,1.7471991060741807,CBR1
GO_Biological_Process_2023,Cardiac Muscle Tissue Development (GO:0048738),1/52,0.4074306117999475,0.4760205596359356,0,0,1.9459060005911912,1.7471991060741807,GJA1
GO_Biological_Process_2023,Cartilage Development (GO:0051216),1/52,0.4074306117999475,0.4760205596359356,0,0,1.9459060005911912,1.7471991060741807,NFIB
GO_Biological_Process_2023,Positive Regulation Of Developmental Process (GO:0051094),3/233,0.4128334514256075,0.4796131298373424,0,0,1.2957404546457736,1.1463558756990115,GJA1;APOE;KRT10
GO_Biological_Process_2023,Regulation Of Cyclin-Dependent Protein Kinase Activity (GO:1904029),1/53,0.4133717413870322,0.4796131298373424,0,0,1.9083880943177425,1.6858852917962188,CCND1
GO_Biological_Process_2023,Negative Regulation Of Metabolic Process (GO:0009892),1/53,0.4133717413870322,0.4796131298373424,0,0,1.9083880943177425,1.6858852917962188,ID1
GO_Biological_Process_2023,Actin Cytoskeleton Reorganization (GO:0031532),1/53,0.4133717413870322,0.4796131298373424,0,0,1.9083880943177425,1.6858852917962188,CTTN
GO_Biological_Process_2023,Actin Polymerization Or Depolymerization (GO:0008154),1/53,0.4133717413870322,0.4796131298373424,0,0,1.9083880943177425,1.6858852917962188,DSTN
GO_Biological_Process_2023,mRNA Stabilization (GO:0048255),1/53,0.4133717413870322,0.4796131298373424,0,0,1.9083880943177425,1.6858852917962188,CIRBP
GO_Biological_Process_2023,Protein Homotetramerization (GO:0051289),1/53,0.4133717413870322,0.4796131298373424,0,0,1.9083880943177425,1.6858852917962188,CLU
GO_Biological_Process_2023,"Regulation Of Alternative mRNA Splicing, Via Spliceosome (GO:0000381)",1/53,0.4133717413870322,0.4796131298373424,0,0,1.9083880943177425,1.6858852917962188,HNRNPA1
GO_Biological_Process_2023,Negative Regulation Of Cysteine-Type Endopeptidase Activity (GO:2000117),1/53,0.4133717413870322,0.4796131298373424,0,0,1.9083880943177425,1.6858852917962188,SFN
GO_Biological_Process_2023,Protein-Containing Complex Assembly (GO:0065003),4/328,0.416042993509888,0.4823408377412558,0,0,1.2267573696145124,1.0758253305765106,HES1;CLU;VAMP2;HOPX
GO_Biological_Process_2023,Regulation Of Exocytosis (GO:0017157),1/54,0.4192535996279672,0.4838282919844587,0,0,1.8722859580923483,1.627539412897697,VAMP2
GO_Biological_Process_2023,Regulation Of Focal Adhesion Assembly (GO:0051893),1/54,0.4192535996279672,0.4838282919844587,0,0,1.8722859580923483,1.627539412897697,ACTG1
GO_Biological_Process_2023,Negative Regulation Of Protein Catabolic Process (GO:0042177),1/54,0.4192535996279672,0.4838282919844587,0,0,1.8722859580923483,1.627539412897697,TIMP3
GO_Biological_Process_2023,Nucleosome Assembly (GO:0006334),1/54,0.4192535996279672,0.4838282919844587,0,0,1.8722859580923483,1.627539412897697,NPM1
GO_Biological_Process_2023,Regulation Of Smooth Muscle Cell Proliferation (GO:0048660),1/54,0.4192535996279672,0.4838282919844587,0,0,1.8722859580923483,1.627539412897697,APOE
GO_Biological_Process_2023,Endoplasmic Reticulum Organization (GO:0007029),1/54,0.4192535996279672,0.4838282919844587,0,0,1.8722859580923483,1.627539412897697,CAV2
GO_Biological_Process_2023,Positive Regulation Of Transferase Activity (GO:0051347),2/143,0.4197357656077661,0.4840138307850657,0,0,1.4083387062110466,1.2226209334221314,MYC;APOE
GO_Biological_Process_2023,Ras Protein Signal Transduction (GO:0007265),2/144,0.4231821267362764,0.4872418064715844,0,0,1.398349694124342,1.2025145012328535,COL1A2;PLK2
GO_Biological_Process_2023,Regulation Of Cell Adhesion (GO:0030155),2/144,0.4231821267362764,0.4872418064715844,0,0,1.398349694124342,1.2025145012328535,EFNA1;TPM1
GO_Biological_Process_2023,Neuron Migration (GO:0001764),1/55,0.4250767749174149,0.4879311151109962,0,0,1.8375209380234503,1.5719724807707876,MAP1B
GO_Biological_Process_2023,Cellular Response To Fibroblast Growth Factor Stimulus (GO:0044344),1/55,0.4250767749174149,0.4879311151109962,0,0,1.8375209380234503,1.5719724807707876,ZFP36L2
GO_Biological_Process_2023,Response To Peptide Hormone (GO:0043434),1/55,0.4250767749174149,0.4879311151109962,0,0,1.8375209380234503,1.5719724807707876,CAV1
GO_Biological_Process_2023,Positive Regulation Of Tyrosine Phosphorylation Of STAT Protein (GO:0042531),1/55,0.4250767749174149,0.4879311151109962,0,0,1.8375209380234503,1.5719724807707876,HES1
GO_Biological_Process_2023,Negative Regulation Of Response To External Stimulus (GO:0032102),2/146,0.4300431951119408,0.4915513830952481,0,0,1.378787878787879,1.1635172055269425,RORA;APOE
GO_Biological_Process_2023,Regulation Of Mitotic Nuclear Division (GO:0007088),1/56,0.4308418497249187,0.4915513830952481,0,0,1.8040201005025125,1.5190105312629705,CAV2
GO_Biological_Process_2023,Peptide Metabolic Process (GO:0006518),1/56,0.4308418497249187,0.4915513830952481,0,0,1.8040201005025125,1.5190105312629705,CPE
GO_Biological_Process_2023,Regulation Of Reactive Oxygen Species Metabolic Process (GO:2000377),1/56,0.4308418497249187,0.4915513830952481,0,0,1.8040201005025125,1.5190105312629705,CBR1
GO_Biological_Process_2023,Regulation Of Stem Cell Population Maintenance (GO:2000036),1/56,0.4308418497249187,0.4915513830952481,0,0,1.8040201005025125,1.5190105312629705,MYC
GO_Biological_Process_2023,Positive Regulation Of DNA-templated Transcription Initiation (GO:2000144),1/56,0.4308418497249187,0.4915513830952481,0,0,1.8040201005025125,1.5190105312629705,JUN
GO_Biological_Process_2023,Positive Regulation Of Cellular Metabolic Process (GO:0031325),1/56,0.4308418497249187,0.4915513830952481,0,0,1.8040201005025125,1.5190105312629705,CBR1
GO_Biological_Process_2023,Regulation Of Cation Channel Activity (GO:2001257),1/56,0.4308418497249187,0.4915513830952481,0,0,1.8040201005025125,1.5190105312629705,VAMP2
GO_Biological_Process_2023,RNA Catabolic Process (GO:0006401),1/57,0.4365494010474847,0.496933785319359,0,0,1.7717157214644652,1.4684931926330618,ZFP36L2
GO_Biological_Process_2023,Striated Muscle Contraction (GO:0006941),1/57,0.4365494010474847,0.496933785319359,0,0,1.7717157214644652,1.4684931926330618,TPM1
GO_Biological_Process_2023,Monoatomic Anion Transport (GO:0006820),1/57,0.4365494010474847,0.496933785319359,0,0,1.7717157214644652,1.4684931926330618,FXYD3
GO_Biological_Process_2023,Axon Guidance (GO:0007411),2/149,0.4402536949587857,0.5007719521207941,0,0,1.3504432075860646,1.107909196685694,EFNA1;NFIB
GO_Biological_Process_2023,Regulation Of Phagocytosis (GO:0050764),1/58,0.4421999998339941,0.5018486810474718,0,0,1.740544829410209,1.4202724160163902,RACK1
GO_Biological_Process_2023,Inorganic Anion Transport (GO:0015698),1/58,0.4421999998339941,0.5018486810474718,0,0,1.740544829410209,1.4202724160163902,FXYD3
GO_Biological_Process_2023,Muscle Organ Development (GO:0007517),1/58,0.4421999998339941,0.5018486810474718,0,0,1.740544829410209,1.4202724160163902,FHL1
GO_Biological_Process_2023,DNA-templated Transcription Initiation (GO:0006352),1/59,0.4477942115947188,0.506289851848083,0,0,1.7104487957026513,1.3742113392020114,ZFP36L2
GO_Biological_Process_2023,Anterior/Posterior Pattern Specification (GO:0009952),1/59,0.4477942115947188,0.506289851848083,0,0,1.7104487957026513,1.3742113392020114,HES1
GO_Biological_Process_2023,Phospholipid Transport (GO:0015914),1/59,0.4477942115947188,0.506289851848083,0,0,1.7104487957026513,1.3742113392020114,APOE
GO_Biological_Process_2023,protein-DNA Complex Assembly (GO:0065004),1/59,0.4477942115947188,0.506289851848083,0,0,1.7104487957026513,1.3742113392020114,NPM1
GO_Biological_Process_2023,Mitotic Cytokinesis (GO:0000281),1/59,0.4477942115947188,0.506289851848083,0,0,1.7104487957026513,1.3742113392020114,SPTBN1
GO_Biological_Process_2023,Cellular Response To Organic Cyclic Compound (GO:0071407),2/152,0.4503639175015068,0.5088132481299844,0,0,1.323232323232323,1.0555415211165364,RORA;CLU
GO_Biological_Process_2023,Response To Light Stimulus (GO:0009416),1/60,0.4533325962584122,0.5106349214399168,0,0,1.681372966527553,1.330183274831934,CIRBP
GO_Biological_Process_2023,Response To Retinoic Acid (GO:0032526),1/60,0.4533325962584122,0.5106349214399168,0,0,1.681372966527553,1.330183274831934,AQP3
GO_Biological_Process_2023,Sterol Metabolic Process (GO:0016125),1/60,0.4533325962584122,0.5106349214399168,0,0,1.681372966527553,1.330183274831934,APOE
GO_Biological_Process_2023,protein-DNA Complex Organization (GO:0071824),1/60,0.4533325962584122,0.5106349214399168,0,0,1.681372966527553,1.330183274831934,MYC
GO_Biological_Process_2023,Positive Regulation Of Cell Junction Assembly (GO:1901890),1/61,0.4588157080798082,0.5156540719165605,0,0,1.6532663316582914,1.288070804786777,CAV1
GO_Biological_Process_2023,Positive Regulation Of Interleukin-8 Production (GO:0032757),1/61,0.4588157080798082,0.5156540719165605,0,0,1.6532663316582914,1.288070804786777,HMGB1
GO_Biological_Process_2023,Negative Regulation Of Autophagy (GO:0010507),1/61,0.4588157080798082,0.5156540719165605,0,0,1.6532663316582914,1.288070804786777,NUPR1
GO_Biological_Process_2023,Positive Regulation Of Response To External Stimulus (GO:0032103),2/155,0.4603707970895622,0.5170159734652355,0,0,1.29708853238265,1.006181451159133,APP;OPTN
GO_Biological_Process_2023,Regulation Of Embryonic Development (GO:0045995),1/62,0.4642440960951576,0.5198153224678865,0,0,1.6260812258011368,1.2477649663473405,SEPTIN7
GO_Biological_Process_2023,Cell Junction Organization (GO:0034330),1/62,0.4642440960951576,0.5198153224678865,0,0,1.6260812258011368,1.2477649663473405,APP
GO_Biological_Process_2023,Glycerophospholipid Metabolic Process (GO:0006650),1/62,0.4642440960951576,0.5198153224678865,0,0,1.6260812258011368,1.2477649663473405,PRDX6
GO_Biological_Process_2023,Protein-Containing Complex Disassembly (GO:0032984),1/62,0.4642440960951576,0.5198153224678865,0,0,1.6260812258011368,1.2477649663473405,MYC
GO_Biological_Process_2023,Positive Regulation Of Mitotic Cell Cycle Phase Transition (GO:1901992),1/63,0.4696183035751055,0.52544217324228,0,0,1.5997730588426,1.2091645247691418,CCND1
GO_Biological_Process_2023,Response To Lipopolysaccharide (GO:0032496),2/159,0.4735477497536846,0.5294285242468246,0,0,1.263784340217461,0.9446819881327648,S100A14;HMGB1
GO_Biological_Process_2023,Positive Regulation Of DNA-templated Transcription (GO:0045893),13/1243,0.4748569233465627,0.5294285242468246,0,0,1.0495630624755443,0.781653415435466,APP;JUN;NPM1;ADIRF;RORA;EDF1;HMGB1;KLF5;NFIB;MYC;NFIC;HES1;APOE
GO_Biological_Process_2023,Regulation Of Secretion By Cell (GO:1903530),1/64,0.4749388686968527,0.5294285242468246,0,0,1.574300071787509,1.1721753146425786,VAMP2
GO_Biological_Process_2023,Positive Regulation Of Macroautophagy (GO:0016239),1/64,0.4749388686968527,0.5294285242468246,0,0,1.574300071787509,1.1721753146425786,OPTN
GO_Biological_Process_2023,Negative Regulation Of Cell Death (GO:0060548),1/64,0.4749388686968527,0.5294285242468246,0,0,1.574300071787509,1.1721753146425786,GPNMB
GO_Biological_Process_2023,RNA Export From Nucleus (GO:0006405),1/65,0.4802063242660991,0.5341142720419094,0,0,1.5496231155778897,1.1367096495006708,HNRNPA1
GO_Biological_Process_2023,Canonical Wnt Signaling Pathway (GO:0060070),1/65,0.4802063242660991,0.5341142720419094,0,0,1.5496231155778897,1.1367096495006708,CAV1
GO_Biological_Process_2023,Regulation Of Tyrosine Phosphorylation Of STAT Protein (GO:0042509),1/65,0.4802063242660991,0.5341142720419094,0,0,1.5496231155778897,1.1367096495006708,HES1
GO_Biological_Process_2023,Cellular Response To Type II Interferon (GO:0071346),1/66,0.4854211976341649,0.5395161060052048,0,0,1.525705450328566,1.1026857881843173,RPL13A
GO_Biological_Process_2023,Regulation Of Neurogenesis (GO:0050767),1/67,0.4905840112592053,0.5444506418248807,0,0,1.5025125628140703,1.0700274503610792,HES1
GO_Biological_Process_2023,Cholesterol Metabolic Process (GO:0008203),1/67,0.4905840112592053,0.5444506418248807,0,0,1.5025125628140703,1.0700274503610792,APOE
GO_Biological_Process_2023,Neuropeptide Signaling Pathway (GO:0007218),1/68,0.4956952821636893,0.5493135356427639,0,0,1.4800120003000077,1.0386633811930914,CPE
GO_Biological_Process_2023,Cell-Cell Junction Organization (GO:0045216),1/68,0.4956952821636893,0.5493135356427639,0,0,1.4800120003000077,1.0386633811930914,DSP
GO_Biological_Process_2023,Positive Regulation Of Signal Transduction (GO:0009967),3/266,0.4984290000410134,0.5516736039478071,0,0,1.1312462604466234,0.7876801272531928,CAV2;RPS3;EMP2
GO_Biological_Process_2023,Regulation Of Cytokine Production (GO:0001817),2/167,0.4993126955468189,0.5516736039478071,0,0,1.202020202020202,0.8348303583619261,GPNMB;SOD1
GO_Biological_Process_2023,Membrane Organization (GO:0061024),2/167,0.4993126955468189,0.5516736039478071,0,0,1.202020202020202,0.8348303583619261,SPTBN1;VAMP2
GO_Biological_Process_2023,Regulation Of Heart Contraction (GO:0008016),1/69,0.500755522308534,0.5516736039478071,0,0,1.4581732190363583,1.0085269537658983,TPM1
GO_Biological_Process_2023,Phagocytosis (GO:0006909),1/69,0.500755522308534,0.5516736039478071,0,0,1.4581732190363583,1.0085269537658983,HMGB1
GO_Biological_Process_2023,Cellular Response To Calcium Ion (GO:0071277),1/69,0.500755522308534,0.5516736039478071,0,0,1.4581732190363583,1.0085269537658983,CLU
GO_Biological_Process_2023,Response To Molecule Of Bacterial Origin (GO:0002237),1/69,0.500755522308534,0.5516736039478071,0,0,1.4581732190363583,1.0085269537658983,S100A14
GO_Biological_Process_2023,Establishment Of Protein Localization To Membrane (GO:0090150),1/69,0.500755522308534,0.5516736039478071,0,0,1.4581732190363583,1.0085269537658983,NACA
GO_Biological_Process_2023,Chromatin Organization (GO:0006325),3/268,0.5034227508283917,0.5542066248154663,0,0,1.1225936213006418,0.7704640704697314,NPM1;MYC;SKP1
GO_Biological_Process_2023,Negative Regulation Of Extrinsic Apoptotic Signaling Pathway (GO:2001237),1/70,0.5057652387756465,0.5551621352741426,0,0,1.4369674459252786,0.9795558086095748,LGALS3
GO_Biological_Process_2023,Protein K48-linked Ubiquitination (GO:0070936),1/70,0.5057652387756465,0.5551621352741426,0,0,1.4369674459252786,0.9795558086095748,SKP1
GO_Biological_Process_2023,Regulation Of Actin Filament Polymerization (GO:0030833),1/70,0.5057652387756465,0.5551621352741426,0,0,1.4369674459252786,0.9795558086095748,CTTN
GO_Biological_Process_2023,Regulation Of Cellular Biosynthetic Process (GO:0031326),1/70,0.5057652387756465,0.5551621352741426,0,0,1.4369674459252786,0.9795558086095748,APP
GO_Biological_Process_2023,Positive Regulation Of Cell-Substrate Adhesion (GO:0010811),1/71,0.5107249334696091,0.5597902109208379,0,0,1.416367552045944,0.9516915272016224,EMP2
GO_Biological_Process_2023,Negative Regulation Of Cellular Response To Growth Factor Stimulus (GO:0090288),1/71,0.5107249334696091,0.5597902109208379,0,0,1.416367552045944,0.9516915272016224,NBL1
GO_Biological_Process_2023,Heart Development (GO:0007507),2/171,0.5118910416934445,0.5606602973020562,0,0,1.1733309425617118,0.7857134223531504,PDLIM1;GJA1
GO_Biological_Process_2023,Response To Ionizing Radiation (GO:0010212),1/72,0.5156351033007534,0.5635315425043066,0,0,1.396347936867436,0.9248793332622998,MYC
GO_Biological_Process_2023,Second-Messenger-Mediated Signaling (GO:0019932),1/72,0.5156351033007534,0.5635315425043066,0,0,1.396347936867436,0.9248793332622998,APOE
GO_Biological_Process_2023,Protein Targeting To Membrane (GO:0006612),1/72,0.5156351033007534,0.5635315425043066,0,0,1.396347936867436,0.9248793332622998,NACA
GO_Biological_Process_2023,Monocarboxylic Acid Transport (GO:0015718),1/73,0.5204962404113022,0.5680198101879862,0,0,1.3768844221105527,0.8990678202624621,CRABP2
GO_Biological_Process_2023,Regulation Of Rho Protein Signal Transduction (GO:0035023),1/73,0.5204962404113022,0.5680198101879862,0,0,1.3768844221105527,0.8990678202624621,APOE
GO_Biological_Process_2023,Import Into Nucleus (GO:0051170),1/74,0.5253088319278648,0.5728566986845507,0,0,1.3579541543333105,0.8742087038575203,HNRNPA1
GO_Biological_Process_2023,Nucleosome Organization (GO:0034728),1/75,0.5300733603880184,0.5772165442836991,0,0,1.3395355154149124,0.8502565938086776,NPM1
GO_Biological_Process_2023,Regulation Of BMP Signaling Pathway (GO:0030510),1/75,0.5300733603880184,0.5772165442836991,0,0,1.3395355154149124,0.8502565938086776,NBL1
GO_Biological_Process_2023,Negative Regulation Of Cytokine Production (GO:0001818),2/178,0.5334005682638644,0.580419982518338,0,0,1.1262626262626263,0.7078364657460958,GPNMB;HMGB1
GO_Biological_Process_2023,Wnt Signaling Pathway (GO:0016055),1/76,0.5347903032317255,0.5815120553552191,0,0,1.321608040201005,0.8271687875669174,CPE
GO_Biological_Process_2023,Negative Regulation Of Transforming Growth Factor Beta Receptor Signaling Pathway (GO:0030512),1/77,0.5394601334395485,0.5840596412364918,0,0,1.3041523406506217,0.8049050782659102,CAV1
GO_Biological_Process_2023,Chloride Transport (GO:0006821),1/77,0.5394601334395485,0.5840596412364918,0,0,1.3041523406506217,0.8049050782659102,FXYD3
GO_Biological_Process_2023,Embryonic Organ Development (GO:0048568),1/77,0.5394601334395485,0.5840596412364918,0,0,1.3041523406506217,0.8049050782659102,COL18A1
GO_Biological_Process_2023,Positive Regulation Of Endothelial Cell Proliferation (GO:0001938),1/77,0.5394601334395485,0.5840596412364918,0,0,1.3041523406506217,0.8049050782659102,HMGB1
GO_Biological_Process_2023,Positive Regulation Of Response To Stimulus (GO:0048584),1/77,0.5394601334395485,0.5840596412364918,0,0,1.3041523406506217,0.8049050782659102,RPS3
GO_Biological_Process_2023,Negative Regulation Of Blood Vessel Morphogenesis (GO:2000181),1/77,0.5394601334395485,0.5840596412364918,0,0,1.3041523406506217,0.8049050782659102,SPARC
GO_Biological_Process_2023,Central Nervous System Development (GO:0007417),3/283,0.5400399679961284,0.5842673791682251,0,0,1.0616388687454676,0.6540885819056664,APP;NFIB;SPTBN1
GO_Biological_Process_2023,Proteolysis Involved In Protein Catabolic Process (GO:0051603),1/78,0.544083319204552,0.5882192955650074,0,0,1.2871500358937544,0.7834275809102157,RPS27A
GO_Biological_Process_2023,Regulation Of Cyclin-Dependent Protein Serine/Threonine Kinase Activity (GO:0000079),1/79,0.5486603241296241,0.5918928711598953,0,0,1.2705836876691148,0.7627005714660321,CCND1
GO_Biological_Process_2023,Response To Insulin (GO:0032868),1/79,0.5486603241296241,0.5918928711598953,0,0,1.2705836876691148,0.7627005714660321,VAMP2
GO_Biological_Process_2023,Positive Regulation Of Cytoskeleton Organization (GO:0051495),1/79,0.5486603241296241,0.5918928711598953,0,0,1.2705836876691148,0.7627005714660321,CTTN
GO_Biological_Process_2023,Negative Regulation Of Protein Serine/Threonine Kinase Activity (GO:0071901),1/80,0.5531916072648388,0.5950761146720337,0,0,1.254436740665352,0.7426903392796255,APOE
GO_Biological_Process_2023,Calcium Ion Transmembrane Transport (GO:0070588),1/80,0.5531916072648388,0.5950761146720337,0,0,1.254436740665352,0.7426903392796255,CLU
GO_Biological_Process_2023,Response To Type II Interferon (GO:0034341),1/80,0.5531916072648388,0.5950761146720337,0,0,1.254436740665352,0.7426903392796255,RPL13A
GO_Biological_Process_2023,Glycoprotein Biosynthetic Process (GO:0009101),1/80,0.5531916072648388,0.5950761146720337,0,0,1.254436740665352,0.7426903392796255,TMEM59
GO_Biological_Process_2023,Regulation Of Interleukin-8 Production (GO:0032677),1/81,0.5576776229377498,0.5981926639204068,0,0,1.2386934673366834,0.7233650516865618,HMGB1
GO_Biological_Process_2023,Activation Of Protein Kinase Activity (GO:0032147),1/81,0.5576776229377498,0.5981926639204068,0,0,1.2386934673366834,0.7233650516865618,EMP2
GO_Biological_Process_2023,Spindle Assembly (GO:0051225),1/81,0.5576776229377498,0.5981926639204068,0,0,1.2386934673366834,0.7233650516865618,RPS3
GO_Biological_Process_2023,Macromolecule Modification (GO:0043412),1/81,0.5576776229377498,0.5981926639204068,0,0,1.2386934673366834,0.7233650516865618,CPE
GO_Biological_Process_2023,DNA Repair (GO:0006281),3/291,0.5589305523233701,0.5991099016362955,0,0,1.031725888324873,0.6001859516754368,NPM1;RPS3;NOP53
GO_Biological_Process_2023,Regulation Of Epithelial To Mesenchymal Transition (GO:0010717),1/83,0.5665156476761636,0.6063770898367465,0,0,1.208358867508273,0.6866506239569532,EFNA1
GO_Biological_Process_2023,Calcium Ion Transmembrane Import Into Cytosol (GO:0097553),1/83,0.5665156476761636,0.6063770898367465,0,0,1.208358867508273,0.6866506239569532,CLU
GO_Biological_Process_2023,Purine Ribonucleotide Metabolic Process (GO:0009150),1/84,0.5708685433147935,0.6106022913580107,0,0,1.1937397832536174,0.6692061267801053,EFNA1
GO_Biological_Process_2023,Transcription By RNA Polymerase II (GO:0006366),2/192,0.5744500370339674,0.6121681873431508,0,0,1.0425305688463584,0.5779186403259151,TSC22D1;NFIC
GO_Biological_Process_2023,Modification-Dependent Protein Catabolic Process (GO:0019941),2/192,0.5744500370339674,0.6121681873431508,0,0,1.0425305688463584,0.5779186403259151,NDFIP2;RPS27A
GO_Biological_Process_2023,Calcium-Mediated Signaling (GO:0019722),1/85,0.5751779449472499,0.6121681873431508,0,0,1.1794687724335966,0.6523356544527062,CLU
GO_Biological_Process_2023,Response To Interleukin-1 (GO:0070555),1/85,0.5751779449472499,0.6121681873431508,0,0,1.1794687724335966,0.6523356544527062,APP
GO_Biological_Process_2023,Positive Regulation Of Canonical Wnt Signaling Pathway (GO:0090263),1/85,0.5751779449472499,0.6121681873431508,0,0,1.1794687724335966,0.6523356544527062,CAV1
GO_Biological_Process_2023,Integrin-Mediated Signaling Pathway (GO:0007229),1/85,0.5751779449472499,0.6121681873431508,0,0,1.1794687724335966,0.6523356544527062,DST
GO_Biological_Process_2023,Negative Regulation Of Cell Cycle (GO:0045786),1/85,0.5751779449472499,0.6121681873431508,0,0,1.1794687724335966,0.6523356544527062,NUPR1
GO_Biological_Process_2023,Regulation Of Cell Differentiation (GO:0045595),2/193,0.5772801068153817,0.6139716390282237,0,0,1.0370194087471574,0.5697671642496996,EMP2;HOPX
GO_Biological_Process_2023,Regulation Of Mitotic Cell Cycle Phase Transition (GO:1901990),1/86,0.5794442849420854,0.6149704673169701,0,0,1.1655335501034585,0.636015065932131,ZFP36L2
GO_Biological_Process_2023,Exocytosis (GO:0006887),1/86,0.5794442849420854,0.6149704673169701,0,0,1.1655335501034585,0.636015065932131,VAMP2
GO_Biological_Process_2023,Negative Regulation Of Angiogenesis (GO:0016525),1/86,0.5794442849420854,0.6149704673169701,0,0,1.1655335501034585,0.636015065932131,SPARC
GO_Biological_Process_2023,Regulation Of Type II Interferon Production (GO:0032649),1/87,0.5836679914950987,0.6185812774043763,0,0,1.1519224027112305,0.6202214761277236,HMGB1
GO_Biological_Process_2023,Glucose Homeostasis (GO:0042593),1/87,0.5836679914950987,0.6185812774043763,0,0,1.1519224027112305,0.6202214761277236,RPS6
GO_Biological_Process_2023,Positive Regulation Of Cell Adhesion (GO:0045785),1/88,0.5878494885157634,0.6225747747572008,0,0,1.138624155259054,0.6049331780092367,TPM1
GO_Biological_Process_2023,Regulation Of Vesicle-Mediated Transport (GO:0060627),1/89,0.591989195722158,0.6260784612061587,0,0,1.1256281407035176,0.5901295699518402,VAMP2
GO_Biological_Process_2023,Sensory Perception Of Mechanical Stimulus (GO:0050954),1/89,0.591989195722158,0.6260784612061587,0,0,1.1256281407035176,0.5901295699518402,SOD1
GO_Biological_Process_2023,Regulation Of Phosphatidylinositol 3-Kinase Signaling (GO:0014066),1/90,0.5960875287025766,0.6299703987551442,0,0,1.1129241714188922,0.5757910883551692,NOP53
GO_Biological_Process_2023,Positive Regulation Of MAP Kinase Activity (GO:0043406),1/91,0.6001448988156681,0.6329259227005576,0,0,1.100502512562814,0.5618991453376235,RPS3
GO_Biological_Process_2023,Lymphocyte Differentiation (GO:0030098),1/91,0.6001448988156681,0.6329259227005576,0,0,1.100502512562814,0.5618991453376235,LY6D
GO_Biological_Process_2023,Regulation Of Actin Cytoskeleton Organization (GO:0032956),1/91,0.6001448988156681,0.6329259227005576,0,0,1.100502512562814,0.5618991453376235,CLU
GO_Biological_Process_2023,Sensory Perception Of Sound (GO:0007605),1/92,0.6041617136020576,0.6358263736440941,0,0,1.0883538571980782,0.5484360698708618,SOD1
GO_Biological_Process_2023,Steroid Metabolic Process (GO:0008202),1/92,0.6041617136020576,0.6358263736440941,0,0,1.0883538571980782,0.5484360698708618,CBR1
GO_Biological_Process_2023,Positive Regulation Of Neuron Projection Development (GO:0010976),1/92,0.6041617136020576,0.6358263736440941,0,0,1.0883538571980782,0.5484360698708618,APOE
GO_Biological_Process_2023,Cellular Response To Hormone Stimulus (GO:0032870),1/94,0.6120752863236749,0.6437048751420771,0,0,1.0648403306856864,0.5227301046685241,CAV1
GO_Biological_Process_2023,Regulation Of Canonical Wnt Signaling Pathway (GO:0060828),2/207,0.6154601156600987,0.6468129338339907,0,0,0.9655087459965508,0.4686435933664049,CAV1;APOE
GO_Biological_Process_2023,Positive Regulation Of Epithelial Cell Migration (GO:0010634),1/95,0.6159728391110465,0.6469003456772915,0,0,1.0534587832780926,0.5104559909803796,SPARC
GO_Biological_Process_2023,Regulation Of Defense Response (GO:0031347),1/97,0.6236514348962008,0.6540522708591074,0,0,1.0314070351758795,0.4869929254325685,APOE
GO_Biological_Process_2023,Monocarboxylic Acid Metabolic Process (GO:0032787),1/97,0.6236514348962008,0.6540522708591074,0,0,1.0314070351758795,0.4869929254325685,LDHA
GO_Biological_Process_2023,Nervous System Development (GO:0007399),4/433,0.6319926324013455,0.6623388339571513,0,0,0.9215070643642072,0.4228588970881854,APP;HES1;NBL1;SPTBN1
GO_Biological_Process_2023,Intracellular Protein Transport (GO:0006886),3/325,0.6338085689575228,0.6637800450973778,0,0,0.9211779172052842,0.4200647869344704,NPM1;CTTN;RPL11
GO_Biological_Process_2023,Regulation Of Protein Secretion (GO:0050708),1/102,0.642186106799596,0.6716196366945775,0,0,0.9800985123637992,0.4340632175669919,APOE
GO_Biological_Process_2023,Protein Catabolic Process (GO:0030163),1/102,0.642186106799596,0.6716196366945775,0,0,0.9800985123637992,0.4340632175669919,APOE
GO_Biological_Process_2023,Proteolysis (GO:0006508),3/330,0.6440494199789678,0.6731009205331892,0,0,0.906859777394868,0.3989999986528346,PSMB5;CPE;PCOLCE
GO_Biological_Process_2023,Inorganic Cation Import Across Plasma Membrane (GO:0098659),1/103,0.6457825744876868,0.6744442144094704,0,0,0.9704404374815252,0.4243662317025385,CLU
GO_Biological_Process_2023,Proteasomal Protein Catabolic Process (GO:0010498),2/220,0.6485094501114488,0.6768227525071668,0,0,0.9073301825595405,0.3929453787196234,PSMB5;SKP1
GO_Biological_Process_2023,Cellular Response To Organonitrogen Compound (GO:0071417),1/105,0.6528679573920863,0.6804284732404718,0,0,0.9516814843448008,0.4057783123183748,CLU
GO_Biological_Process_2023,Intrinsic Apoptotic Signaling Pathway (GO:0097193),1/105,0.6528679573920863,0.6804284732404718,0,0,0.9516814843448008,0.4057783123183748,SFN
GO_Biological_Process_2023,Monoatomic Ion Transport (GO:0006811),1/107,0.6598123057378238,0.6871904097103476,0,0,0.933630416232104,0.388203405372955,PLP2
GO_Biological_Process_2023,Regulation Of Nucleic Acid-Templated Transcription (GO:1903506),4/452,0.6652518495370231,0.6923768385644483,0,0,0.8815597667638484,0.3593145829390289,CRABP2;RORA;EDF1;RPL6
GO_Biological_Process_2023,Positive Regulation Of Wnt Signaling Pathway (GO:0030177),1/109,0.6666184129739804,0.6933199792395128,0,0,0.916247906197655,0.3715728772578474,CAV1
GO_Biological_Process_2023,Cellular Response To Lipid (GO:0071396),2/228,0.667710567646942,0.6939766148214593,0,0,0.8748547421113793,0.3533542514106607,RORA;HMGB1
GO_Biological_Process_2023,Regulation Of Transforming Growth Factor Beta Receptor Signaling Pathway (GO:0017015),1/111,0.6732890175997336,0.6992919037966888,0,0,0.8994974874371859,0.3558237511616551,CAV1
GO_Biological_Process_2023,Regulation Of Protein Serine/Threonine Kinase Activity (GO:0071900),1/112,0.6765743473112501,0.7017362032029908,0,0,0.8913486350672281,0.3482614435144341,CCND1
GO_Biological_Process_2023,Small GTPase Mediated Signal Transduction (GO:0007264),1/112,0.6765743473112501,0.7017362032029908,0,0,0.8913486350672281,0.3482614435144341,PLK2
GO_Biological_Process_2023,Positive Regulation Of GTPase Activity (GO:0043547),2/234,0.6815520032758883,0.7064124686397024,0,0,0.8519679554162313,0.3266297952317327,CAV2;RACK1
GO_Biological_Process_2023,Response To Endoplasmic Reticulum Stress (GO:0034976),1/114,0.683046714602197,0.7069885582068102,0,0,0.8754836127540356,0.3337273716848506,JUN
GO_Biological_Process_2023,Regulation Of MAP Kinase Activity (GO:0043405),1/114,0.683046714602197,0.7069885582068102,0,0,0.8754836127540356,0.3337273716848506,APOE
GO_Biological_Process_2023,Cellular Response To Molecule Of Bacterial Origin (GO:0071219),1/117,0.692514396042861,0.715313223896124,0,0,0.8527118350372552,0.3133087141185804,HMGB1
GO_Biological_Process_2023,Positive Regulation Of Protein Serine/Threonine Kinase Activity (GO:0071902),1/117,0.692514396042861,0.715313223896124,0,0,0.8527118350372552,0.3133087141185804,CCND1
GO_Biological_Process_2023,Protein Maturation (GO:0051604),1/117,0.692514396042861,0.715313223896124,0,0,0.8527118350372552,0.3133087141185804,CPE
GO_Biological_Process_2023,Positive Regulation Of Cell Projection Organization (GO:0031346),1/118,0.6956073317848006,0.7180155186209114,0,0,0.845380749903363,0.3068478138715934,APOE
GO_Biological_Process_2023,Protein Modification By Small Protein Conjugation (GO:0032446),3/364,0.7083154093717741,0.7306321962423916,0,0,0.8200149050156784,0.2827950888731549,RACK1;RPS27A;SKP1
GO_Biological_Process_2023,Organonitrogen Compound Biosynthetic Process (GO:1901566),1/123,0.7106137702230504,0.7314998892384921,0,0,0.8105280500864981,0.2768976317492876,APOE
GO_Biological_Process_2023,Positive Regulation Of Epithelial Cell Proliferation (GO:0050679),1/123,0.7106137702230504,0.7314998892384921,0,0,0.8105280500864981,0.2768976317492876,MYC
GO_Biological_Process_2023,Modulation Of Chemical Synaptic Transmission (GO:0050804),1/123,0.7106137702230504,0.7314998892384921,0,0,0.8105280500864981,0.2768976317492876,APP
GO_Biological_Process_2023,Neuron Projection Guidance (GO:0097485),1/124,0.7135255255654438,0.7325070096556611,0,0,0.8038975364628018,0.2713452170770706,EFNA1
GO_Biological_Process_2023,Cellular Response To Lipopolysaccharide (GO:0071222),1/124,0.7135255255654438,0.7325070096556611,0,0,0.8038975364628018,0.2713452170770706,HMGB1
GO_Biological_Process_2023,Regulation Of DNA Metabolic Process (GO:0051052),1/124,0.7135255255654438,0.7325070096556611,0,0,0.8038975364628018,0.2713452170770706,MYC
GO_Biological_Process_2023,Ubiquitin-Dependent Protein Catabolic Process (GO:0006511),3/367,0.7135377046247376,0.7325070096556611,0,0,0.8131310314051431,0.2744479847910862,NDFIP2;PSMB5;SKP1
GO_Biological_Process_2023,Protein Modification Process (GO:0036211),6/711,0.7191480833624516,0.7368764449031752,0,0,0.8376837025663523,0.2761742520323947,DSP;APP;TMEM59;PLK2;CPE;KRT10
GO_Biological_Process_2023,Cellular Response To Starvation (GO:0009267),1/126,0.7192618685309876,0.7368764449031752,0,0,0.7909547738693468,0.2606431490060761,HNRNPA1
GO_Biological_Process_2023,Positive Regulation Of Intracellular Protein Transport (GO:0090316),1/126,0.7192618685309876,0.7368764449031752,0,0,0.7909547738693468,0.2606431490060761,VAMP2
GO_Biological_Process_2023,Regulation Of Response To External Stimulus (GO:0032101),1/127,0.7220870340624399,0.7387656747948604,0,0,0.7846374730796841,0.2554854949797123,CAV1
GO_Biological_Process_2023,Cytosolic Transport (GO:0016482),1/127,0.7220870340624399,0.7387656747948604,0,0,0.7846374730796841,0.2554854949797123,EMP2
GO_Biological_Process_2023,Protein Homooligomerization (GO:0051260),1/129,0.7276527766729426,0.743449851878868,0,0,0.7722989949748744,0.2455380232172469,CLU
GO_Biological_Process_2023,Regulation Of DNA Repair (GO:0006282),1/129,0.7276527766729426,0.743449851878868,0,0,0.7722989949748744,0.2455380232172469,RPS3
GO_Biological_Process_2023,Golgi Organization (GO:0007030),1/130,0.7303939147263233,0.7457445664934528,0,0,0.7662732265981068,0.2407410413206643,OPTN
GO_Biological_Process_2023,Synapse Organization (GO:0050808),1/131,0.7331076000158043,0.7480081609917353,0,0,0.7603401623502126,0.2360573310794884,APP
GO_Biological_Process_2023,Chemical Synaptic Transmission (GO:0007268),2/273,0.7603836959122781,0.7753133690209145,0,0,0.7279063699727907,0.1993969278525846,SYPL1;APOE
GO_Biological_Process_2023,Plasma Membrane Bounded Cell Projection Assembly (GO:0120031),2/275,0.7639330621057138,0.7784054069899897,0,0,0.7224997224997225,0.1945511913110494,EMP2;SEPTIN7
GO_Biological_Process_2023,Protein Glycosylation (GO:0006486),1/147,0.7730081424044016,0.7871198529148268,0,0,0.6764645143525848,0.1741664076420715,TMEM59
GO_Biological_Process_2023,Transmembrane Receptor Protein Tyrosine Kinase Signaling Pathway (GO:0007169),2/284,0.7793483018632932,0.7930395558149456,0,0,0.6991188480550182,0.17428838454512,EFNA1;CAV2
GO_Biological_Process_2023,Vesicle-Mediated Transport (GO:0016192),3/411,0.7820629931277794,0.795264596657958,0,0,0.7237981487011048,0.1779240520900808,APP;CAV2;VAMP2
GO_Biological_Process_2023,Regulation Of Cellular Component Organization (GO:0051128),1/153,0.7863891079150508,0.7991241541970758,0,0,0.6495636075112404,0.1560924478581284,APOE
GO_Biological_Process_2023,Peptidyl-Serine Phosphorylation (GO:0018105),1/158,0.7969382105229577,0.809298007449477,0,0,0.6287168325704958,0.1427049714417737,PLK2
GO_Biological_Process_2023,Mitochondrion Organization (GO:0007005),1/162,0.8050029422478624,0.8169369481302431,0,0,0.6129716907518962,0.1329592889277211,CAV2
GO_Biological_Process_2023,Nitrogen Compound Transport (GO:0071705),1/163,0.8069688204409236,0.8183805007299871,0,0,0.6091568955890564,0.1306460303698868,VAMP2
GO_Biological_Process_2023,Protein Ubiquitination (GO:0016567),3/434,0.8121817416217522,0.823112855237119,0,0,0.6843605356448821,0.1423683052297709,RACK1;RPS27A;SKP1
GO_Biological_Process_2023,Peptidyl-Serine Modification (GO:0018209),1/166,0.8127489127472175,0.8231337340936851,0,0,0.5979899497487438,0.1239830846623929,PLK2
GO_Biological_Process_2023,Double-Strand Break Repair (GO:0006302),1/168,0.8165063001156674,0.8263833924557763,0,0,0.5907682123190804,0.1197609163547349,HMGB1
GO_Biological_Process_2023,Brain Development (GO:0007420),1/169,0.8183567646763946,0.8276999916740431,0,0,0.5872218234027279,0.1177126632932345,NFIB
GO_Biological_Process_2023,Generation Of Neurons (GO:0048699),1/172,0.8237974838089034,0.832643631286046,0,0,0.5768315260513092,0.1118075727341318,MAP1B
GO_Biological_Process_2023,Regulation Of Neuron Projection Development (GO:0010975),1/174,0.8273342321436886,0.8356575141572066,0,0,0.5701048595579051,0.1080613895941531,APOE
GO_Biological_Process_2023,Proteasome-Mediated Ubiquitin-Dependent Protein Catabolic Process (GO:0043161),2/319,0.8312268274253161,0.8390265429641595,0,0,0.6208138163974126,0.114759025840807,PSMB5;SKP1
GO_Biological_Process_2023,RNA Processing (GO:0006396),1/183,0.8423954165645876,0.8497304067958934,0,0,0.5416643657849688,0.0928985582326719,SRSF5
GO_Biological_Process_2023,Phosphate-Containing Compound Metabolic Process (GO:0006796),1/184,0.8439859992638473,0.8507650032739988,0,0,0.5386769915149519,0.0913700535900012,PPA1
GO_Biological_Process_2023,Anterograde Trans-Synaptic Signaling (GO:0098916),1/199,0.8660145054493834,0.8723865185329573,0,0,0.4974874371859296,0.0715653690513794,SYPL1
GO_Biological_Process_2023,Protein Polyubiquitination (GO:0000209),1/226,0.8981547293522425,0.9041584374361478,0,0,0.4371859296482412,0.0469594177767252,SKP1
GO_Biological_Process_2023,Cilium Organization (GO:0044782),1/228,0.9002045097002905,0.9056165608608132,0,0,0.4332897970026343,0.0455531898856198,SEPTIN7
GO_Biological_Process_2023,Inflammatory Response (GO:0006954),1/236,0.9080011970225056,0.9128503355913844,0,0,0.4183684379343526,0.04037656309841,HMGB1
GO_Biological_Process_2023,Cilium Assembly (GO:0060271),1/243,0.9143242732694472,0.918593966340085,0,0,0.4061215166742805,0.0363762984371287,SEPTIN7
GO_Biological_Process_2023,Cytokine-Mediated Signaling Pathway (GO:0019221),1/257,0.9257021626434152,0.9294049712939888,0,0,0.3836369346733668,0.0296178204836349,PLP2
GO_Biological_Process_2023,Phosphorylation (GO:0016310),2/429,0.9305285955438606,0.9336282910653256,0,0,0.4582830648404419,0.0329975135431714,APP;PLK2
GO_Biological_Process_2023,Negative Regulation Of Signal Transduction (GO:0009968),1/267,0.9328960361865728,0.935380446402782,0,0,0.3690255790229342,0.0256330754014875,RACK1
GO_Biological_Process_2023,Monoatomic Cation Transmembrane Transport (GO:0098655),1/281,0.941817631809925,0.9436975073225196,0,0,0.3503230437903805,0.0209996313976804,CLU
GO_Biological_Process_2023,Inorganic Cation Transmembrane Transport (GO:0098662),1/284,0.9435701057554372,0.9448248532364948,0,0,0.3465561020650958,0.0201295770735271,CLU
GO_Biological_Process_2023,Organelle Assembly (GO:0070925),1/322,0.9617092140888042,0.9619058912414412,0,0,0.304935894425398,0.0119056567280658,SEPTIN7
GO_Biological_Process_2023,Protein Phosphorylation (GO:0006468),2/500,0.9619058912414412,0.9619058912414412,0,0,0.3915054156018011,0.0152055454326809,APP;PLK2
