Gene_set,Term,Overlap,P-value,Adjusted P-value,Old P-value,Old Adjusted P-value,Odds Ratio,Combined Score,Genes
GO_Biological_Process_2023,Regulation Of Cell Migration (GO:0030334),22/434,4.811897964403172e-10,8.035869600553296e-07,0,0,5.816188502236282,124.78492457095258,CD74;IFITM1;ROBO4;MCTP1;FLT1;CAV1;RDX;NEDD9;LDB2;BST2;CDH5;SDCBP;CLDN5;ADAM15;TMSB4X;MMRN2;PECAM1;CTSH;ITGA6;RAC1;TMSB10;ENG
GO_Biological_Process_2023,Antigen Processing And Presentation Of Exogenous Peptide Antigen (GO:0002478),7/31,1.9313102393954612e-08,1.6126440498952104e-05,0,0,29.8860103626943,530.8497238344622,HLA-DMA;HLA-DRA;HLA-A;HLA-DQA1;HLA-DRB1;HLA-DPA1;HLA-E
GO_Biological_Process_2023,Positive Regulation Of T Cell Mediated Cytotoxicity (GO:0001916),7/33,3.08499905655317e-08,1.7173161414812644e-05,0,0,27.584296532483062,477.0463934314378,HLA-B;HLA-C;HLA-DRA;HLA-A;HLA-DRB1;NECTIN2;HLA-E
GO_Biological_Process_2023,Antigen Processing And Presentation Of Endogenous Peptide Antigen (GO:0002483),6/21,4.4416842989698815e-08,1.7498469950188262e-05,0,0,40.79381443298969,690.6248819207933,HLA-B;HLA-C;HLA-DRA;HLA-A;HLA-DRB1;HLA-E
GO_Biological_Process_2023,Blood Vessel Morphogenesis (GO:0048514),8/53,5.2390628593378035e-08,1.7498469950188262e-05,0,0,18.291666666666668,306.65134284189514,EGFL7;RAMP2;FLT1;SOX17;CAV1;ID1;TGFBR2;ENG
GO_Biological_Process_2023,MHC Class II Protein Complex Assembly (GO:0002399),5/14,1.7696212764855076e-07,4.221810759615426e-05,0,0,56.38461538461539,876.6302276842081,HLA-DMA;HLA-DRA;HLA-DQA1;HLA-DRB1;HLA-DPA1
GO_Biological_Process_2023,Peptide Antigen Assembly With MHC Class II Protein Complex (GO:0002503),5/14,1.7696212764855076e-07,4.221810759615426e-05,0,0,56.38461538461539,876.6302276842081,HLA-DMA;HLA-DRA;HLA-DQA1;HLA-DRB1;HLA-DPA1
GO_Biological_Process_2023,Regulation Of Viral Entry Into Host Cell (GO:0046596),7/44,2.521508456621021e-07,5.26364890319638e-05,0,0,19.37277692199972,294.335216979438,IFITM3;CD74;IFITM1;IFITM2;GSN;HLA-DRB1;NECTIN2
GO_Biological_Process_2023,Defense Response To Symbiont (GO:0140546),11/148,2.94218857830373e-07,5.459394361963588e-05,0,0,8.353338740200053,125.62537625351167,IFITM3;BST2;IFITM1;IL6;PLSCR1;IFITM2;IFI27;IFI16;STING1;RNASE1;IFIT3
GO_Biological_Process_2023,Response To Interferon-Beta (GO:0035456),6/29,3.637619320678757e-07,5.522567514121386e-05,0,0,26.59390407888839,394.3015985500817,IFITM3;BST2;IFITM1;PLSCR1;IFITM2;IFI16
GO_Biological_Process_2023,Maintenance Of Blood-Brain Barrier (GO:0035633),6/29,3.637619320678757e-07,5.522567514121386e-05,0,0,26.59390407888839,394.3015985500817,CDH5;CLDN5;IL6;PECAM1;ESAM;JAM2
GO_Biological_Process_2023,Immunoglobulin Mediated Immune Response (GO:0016064),6/30,4.509337880890261e-07,6.275495217572279e-05,0,0,25.484536082474225,372.378647731317,CD74;HLA-DMA;HLA-DRA;HLA-DQA1;HLA-DRB1;HLA-DPA1
GO_Biological_Process_2023,Positive Regulation Of Leukocyte Mediated Cytotoxicity (GO:0001912),7/51,7.180606000124685e-07,8.562822797768605e-05,0,0,16.28497409326425,230.3788363131684,HLA-B;HLA-C;HLA-DRA;HLA-A;HLA-DRB1;NECTIN2;HLA-E
GO_Biological_Process_2023,Peptide Antigen Assembly With MHC Protein Complex (GO:0002501),5/18,7.330902528011693e-07,8.562822797768605e-05,0,0,39.0276134122288,551.3039505508597,HLA-DMA;HLA-DRA;HLA-DQA1;HLA-DRB1;HLA-DPA1
GO_Biological_Process_2023,Negative Regulation Of Cell Migration (GO:0030336),11/163,7.742574194504342e-07,8.562822797768605e-05,0,0,7.523252575884155,105.86240616492664,BST2;CLDN5;CD74;IFITM1;MCTP1;ADAM15;HYAL2;MMRN2;NEDD9;RAC1;ENG
GO_Biological_Process_2023,Vasculogenesis (GO:0001570),6/33,8.203902081694472e-07,8.562822797768605e-05,0,0,22.649484536082475,317.3982287063927,RAMP2;EGFL7;SOX17;CAV1;TGFBR2;ENG
GO_Biological_Process_2023,Immunoglobulin Production Involved In Immunoglobulin-Mediated Immune Response (GO:0002381),5/19,9.868467811626748e-07,9.694318379656865e-05,0,0,36.23809523809524,501.127597446276,HLA-DMA;HLA-DRA;HLA-DQA1;HLA-DRB1;HLA-DPA1
GO_Biological_Process_2023,Regulation Of Angiogenesis (GO:0045765),12/205,1.1047336162674112e-06,0.0001024947299536987,0,0,6.484511079263587,88.94094651563296,CDH5;CLDN5;RAMP2;IL6;HHEX;SPARC;FLT1;ECSCR;CTSH;HSPG2;CD34;AQP1
GO_Biological_Process_2023,Endothelial Cell Development (GO:0001885),5/20,1.3051359438883009e-06,0.00010897885131467312,0,0,33.82051282051282,458.2410056420293,ROBO4;RDX;PECAM1;MSN;ICAM1
GO_Biological_Process_2023,Negative Regulation Of Viral Life Cycle (GO:1903901),5/20,1.3051359438883009e-06,0.00010897885131467312,0,0,33.82051282051282,458.2410056420293,IFITM3;BST2;IFITM1;GSN;IFITM2
GO_Biological_Process_2023,Regulation Of T Cell Mediated Cytotoxicity (GO:0001914),6/36,1.4072003599919673e-06,0.0001119059333898374,0,0,20.38144329896907,274.6176998194445,HLA-B;HLA-C;HLA-DRA;HLA-A;HLA-DRB1;HLA-E
GO_Biological_Process_2023,Negative Regulation Of Endothelial Cell Proliferation (GO:0001937),6/37,1.6656535057692438e-06,0.0001264382433924835,0,0,19.722979714000665,262.4200242351339,MEF2C;FLT1;SPARC;CAV2;CAV1;MMRN2
GO_Biological_Process_2023,Defense Response To Virus (GO:0051607),11/189,3.30354329025346e-06,0.0002398659693357947,0,0,6.415849236073955,80.97132114437252,IFITM3;BST2;IFITM1;IL6;PLSCR1;IFITM2;IFI27;IFI16;STING1;RNASE1;IFIT3
GO_Biological_Process_2023,Positive Regulation Of Macromolecule Metabolic Process (GO:0010604),15/364,4.15541675302356e-06,0.0002775863089690285,0,0,4.518934407186556,55.99455834088574,IL33;CD74;MEF2C;RAMP2;RAMP3;GSN;RDX;MSN;ECE1;CDH5;CLDN5;PLSCR1;IL6;CTSH;CD34
GO_Biological_Process_2023,Positive Regulation Of T Cell Mediated Immunity (GO:0002711),6/43,4.155483667201026e-06,0.0002775863089690285,0,0,16.5196433546949,204.6962509645269,HLA-B;HLA-C;HLA-DRA;HLA-A;HLA-DRB1;HLA-E
GO_Biological_Process_2023,Cellular Response To Hormone Stimulus (GO:0032870),8/94,4.63731269198069e-06,0.00028460411496339903,0,0,9.551356589147288,117.30379700358112,SOCS2;MEF2C;RAMP2;RAMP3;CAV1;RDX;CTSH;TFPI
GO_Biological_Process_2023,Response To Cytokine (GO:0034097),9/125,4.698735376419166e-06,0.00028460411496339903,0,0,7.995847625925257,98.09479500755128,IFITM3;BST2;CD74;IFITM1;PLSCR1;IFITM2;TIMP3;LIFR;SELE
GO_Biological_Process_2023,Positive Regulation Of Leukocyte Cell-Cell Adhesion (GO:1903039),6/44,4.771805520344415e-06,0.00028460411496339903,0,0,16.08410200759631,197.07505682737636,HLA-DMA;IL6;HLA-DRA;HLA-DQA1;HLA-DRB1;HLA-DPA1
GO_Biological_Process_2023,Antigen Processing And Presentation Of Exogenous Peptide Antigen Via MHC Class II (GO:0019886),5/26,5.273783818881518e-06,0.00030231104091624645,0,0,24.15018315018315,293.4914392101124,HLA-DMA;HLA-DRA;HLA-DQA1;HLA-DRB1;HLA-DPA1
GO_Biological_Process_2023,Cellular Response To Transforming Growth Factor Beta Stimulus (GO:0071560),8/96,5.430737261968499e-06,0.00030231104091624645,0,0,9.333333333333334,113.15206613713622,CDH5;CLDN5;MEF2C;HYAL2;ID1;LRRC32;TGFBR2;ENG
GO_Biological_Process_2023,Antigen Processing And Presentation Of Endogenous Peptide Antigen Via MHC Class I Via ER Pathway (GO:0002484),4/13,6.464958568914984e-06,0.000317543553237883,0,0,44.87755102040816,536.2469711319385,HLA-B;HLA-C;HLA-A;HLA-E
GO_Biological_Process_2023,"Antigen Processing And Presentation Of Endogenous Peptide Antigen Via MHC Class I Via ER Pathway, TAP-independent (GO:0002486)",4/13,6.464958568914984e-06,0.000317543553237883,0,0,44.87755102040816,536.2469711319385,HLA-B;HLA-C;HLA-A;HLA-E
GO_Biological_Process_2023,Antigen Processing And Presentation Of Endogenous Peptide Antigen Via MHC Class Ib (GO:0002476),4/13,6.464958568914984e-06,0.000317543553237883,0,0,44.87755102040816,536.2469711319385,HLA-B;HLA-C;HLA-A;HLA-E
GO_Biological_Process_2023,Antigen Processing And Presentation Of Peptide Antigen Via MHC Class Ib (GO:0002428),4/13,6.464958568914984e-06,0.000317543553237883,0,0,44.87755102040816,536.2469711319385,HLA-B;HLA-C;HLA-A;HLA-E
GO_Biological_Process_2023,Bicellular Tight Junction Assembly (GO:0070830),6/47,7.079811421809596e-06,0.00032070121892367254,0,0,14.904953482524515,176.74686266062798,CDH5;CLDN5;RAMP2;RAB13;PECAM1;ESAM
GO_Biological_Process_2023,Positive Regulation Of Lymphocyte Activation (GO:0051251),6/47,7.079811421809596e-06,0.00032070121892367254,0,0,14.904953482524515,176.74686266062798,HLA-DMA;IL6;HLA-DRA;HLA-DQA1;HLA-DRB1;HLA-DPA1
GO_Biological_Process_2023,Positive Regulation Of Gene Expression (GO:0010628),17/480,7.105356347410708e-06,0.00032070121892367254,0,0,3.8797696184305255,45.993356080126176,IL33;CD74;MEF2C;RAMP2;RAMP3;GSN;RDX;MSN;CDH5;CLDN5;PLSCR1;IL6;IFI16;FLOT1;CTSH;VIM;CD34
GO_Biological_Process_2023,Antigen Processing And Presentation Of Peptide Antigen Via MHC Class II (GO:0002495),5/28,7.75242440134287e-06,0.00032595902364819594,0,0,22.0479375696767,259.44921421372527,HLA-DMA;HLA-DRA;HLA-DQA1;HLA-DRB1;HLA-DPA1
GO_Biological_Process_2023,Establishment Of Endothelial Barrier (GO:0061028),5/28,7.75242440134287e-06,0.00032595902364819594,0,0,22.0479375696767,259.44921421372527,ROBO4;RDX;PECAM1;MSN;ICAM1
GO_Biological_Process_2023,Negative Regulation Of Cell Motility (GO:2000146),9/133,7.807401764028645e-06,0.00032595902364819594,0,0,7.476946461746326,87.93216776101633,BST2;CLDN5;CD74;IFITM1;MCTP1;ADAM15;MMRN2;NEDD9;ENG
GO_Biological_Process_2023,Glomerulus Vasculature Development (GO:0072012),3/5,9.70634307108318e-06,0.0003953559250904612,0,0,150.746192893401,1740.0227480112785,ANGPT2;PECAM1;CD34
GO_Biological_Process_2023,Positive Regulation Of T Cell Activation (GO:0050870),8/107,1.215571195953367e-05,0.0004833342612481245,0,0,8.291666666666666,93.84269018025596,IL6;HLA-DMA;HLA-DRA;HLA-A;B2M;HLA-DQA1;HLA-DRB1;HLA-DPA1
GO_Biological_Process_2023,Leukocyte Cell-Cell Adhesion (GO:0007159),5/31,1.3080212433165224e-05,0.0005079989479857192,0,0,19.500986193293887,219.27708359619595,PECAM1;MSN;SELE;JAM2;ICAM1
GO_Biological_Process_2023,Tight Junction Assembly (GO:0120192),6/53,1.440163527717238e-05,0.0005344606869528417,0,0,12.998245229216934,144.90663187900708,CDH5;CLDN5;RAMP2;RAB13;PECAM1;ESAM
GO_Biological_Process_2023,Negative Regulation Of Viral Genome Replication (GO:0045071),6/53,1.440163527717238e-05,0.0005344606869528417,0,0,12.998245229216934,144.90663187900708,IFITM3;BST2;IFITM1;PLSCR1;IFITM2;IFI16
GO_Biological_Process_2023,Response To Type II Interferon (GO:0034341),7/80,1.5428131445501384e-05,0.0005601082503040719,0,0,9.80119241961814,108.59052757382352,IFITM3;CCL14;BST2;CD74;IFITM1;IFITM2;HLA-DPA1
GO_Biological_Process_2023,Apical Junction Assembly (GO:0043297),6/54,1.606798657939357e-05,0.0005709263316507928,0,0,12.72680412371134,140.48713948343524,CDH5;CLDN5;RAMP2;RAB13;PECAM1;ESAM
GO_Biological_Process_2023,Calcitonin Family Receptor Signaling Pathway (GO:0097646),3/6,1.9269523068842994e-05,0.0006704188234368291,0,0,100.49238578680205,1091.0444080855816,RAMP2;CALCRL;RAMP3
GO_Biological_Process_2023,Response To Interferon-Alpha (GO:0035455),4/17,2.085489875667761e-05,0.0007107689984418697,0,0,31.06279434850864,334.7923648041761,IFITM3;BST2;IFITM1;IFITM2
GO_Biological_Process_2023,Negative Regulation Of Viral Entry Into Host Cell (GO:0046597),4/18,2.660404294293577e-05,0.0008806255867206704,0,0,28.84256559766764,303.8404891137544,IFITM3;IFITM1;GSN;IFITM2
GO_Biological_Process_2023,Positive Regulation Of Protein Binding (GO:0032092),6/59,2.6893356241170177e-05,0.0008806255867206704,0,0,11.523244504960124,121.26637633957364,FKBP1A;CLDN5;STING1;CAV1;FLOT1;B2M
GO_Biological_Process_2023,Negative Regulation Of Viral Process (GO:0048525),6/61,3.2596478724807664e-05,0.0010468484513544,0,0,11.103092783505154,114.70945231270328,IFITM3;BST2;IFITM1;PLSCR1;IFITM2;IFI16
GO_Biological_Process_2023,Positive Regulation Of Alpha-Beta T Cell Activation (GO:0046635),4/19,3.343535939158139e-05,0.0010535292487536,0,0,26.918367346938776,277.4179092680899,HLA-DRA;HLA-A;HLA-DRB1;HLA-E
GO_Biological_Process_2023,Regulation Of T Cell Activation (GO:0050863),6/62,3.579115113132364e-05,0.0010880499428586,0,0,10.904270986745214,111.6358531355786,HLA-DMA;HLA-DRA;B2M;HLA-DQA1;HLA-DRB1;HLA-DPA1
GO_Biological_Process_2023,Positive Regulation Of Binding (GO:0051099),7/91,3.583398015402861e-05,0.0010880499428586,0,0,8.512953367875648,87.14381718782342,FKBP1A;CLDN5;STING1;CAV1;FLOT1;CLIC2;B2M
GO_Biological_Process_2023,Regulation Of Cytokine Production (GO:0001817),9/167,4.792979867711375e-05,0.0014293350676924,0,0,5.857843462124727,58.26078219411526,SRGN;IL33;IL6;IFI16;HLA-B;FLOT1;ACKR1;HLA-DRB1;FOXP1
GO_Biological_Process_2023,Circulatory System Development (GO:0072359),8/132,5.5521084938358856e-05,0.0016050752586167,0,0,6.611559139784946,64.78499991808222,PDLIM1;CDH5;MEF2C;RAMP2;SOX17;ECE1;HSPG2;TGFBR2
GO_Biological_Process_2023,Regulation Of Viral Genome Replication (GO:0045069),6/67,5.574512874237732e-05,0.0016050752586167,0,0,10.00794321446679,98.02500684839792,IFITM3;BST2;IFITM1;PLSCR1;IFITM2;IFI16
GO_Biological_Process_2023,Cell-Cell Adhesion Via Plasma-Membrane Adhesion Molecules (GO:0098742),9/172,6.027521749191718e-05,0.0017060951391779,0,0,5.67670960074519,55.15825704633987,CDH5;CLDN5;ROBO4;PECAM1;ESAM;SELE;NECTIN2;ICAM1;TGFBR2
GO_Biological_Process_2023,Myeloid Leukocyte Differentiation (GO:0002573),6/71,7.739574933451497e-05,0.0021541816898106,0,0,9.390166534496432,88.89275047707838,IL33;IFI16;MYH9;HLA-DRB1;FOXP1;TGFBR2
GO_Biological_Process_2023,Positive Regulation Of Cell Motility (GO:2000147),10/221,8.012157935553478e-05,0.002193492418422,0,0,4.886255924170616,46.08699649464391,CDH5;SDCBP;FLT1;CAVIN1;CAV1;RDX;PECAM1;NEDD9;CTSH;ITGA6
GO_Biological_Process_2023,Transforming Growth Factor Beta Receptor Signaling Pathway (GO:0007179),6/72,8.373603081935455e-05,0.0022554705075535,0,0,9.24742268041237,86.81333560855745,CDH5;CLDN5;ID1;LRRC32;TGFBR2;ENG
GO_Biological_Process_2023,Positive Regulation Of Cytokine Production (GO:0001819),12/320,9.594670059359688e-05,0.002543349047481,0,0,4.03951367781155,37.37244028461627,IL33;CD74;IL6;IFI16;STING1;HYAL2;FLOT1;HLA-A;SPTBN1;HLA-E;HLA-DPA1;FOXP1
GO_Biological_Process_2023,Positive Regulation Of Lymphocyte Proliferation (GO:0050671),6/74,9.76558532949988e-05,0.0025482074219163,0,0,8.974530018192844,82.87135728306936,CD74;MEF2C;IL6;HLA-DPA1;HLA-E;CD320
GO_Biological_Process_2023,Actin Filament Organization (GO:0007015),8/144,0.00010244439134170952,0.0026320328237023,0,0,6.0245098039215685,55.342294306830645,GSN;TPM3;NOSTRIN;NEDD9;TAGLN2;RAC1;CNN3;RND1
GO_Biological_Process_2023,Receptor Internalization (GO:0031623),5/51,0.00015378766910572388,0.0038912940516145,0,0,11.011148272017838,96.6771956022386,CCL14;RAMP2;CALCRL;RAMP3;CAV1
GO_Biological_Process_2023,Detection Of Bacterium (GO:0016045),3/12,0.00020276702349047895,0.0049797195474867,0,0,33.48730964467005,284.75776049641166,HLA-B;HLA-A;HLA-DRB1
GO_Biological_Process_2023,"Positive Regulation Of CD4-positive, Alpha-Beta T Cell Activation (GO:2000516)",3/12,0.00020276702349047895,0.0049797195474867,0,0,33.48730964467005,284.75776049641166,HLA-DRA;HLA-DRB1;TGFBR2
GO_Biological_Process_2023,Negative Regulation Of Peptidyl-Tyrosine Phosphorylation (GO:0050732),4/30,0.00021690636844734663,0.0052497628305372,0,0,15.521193092621663,130.93747995826848,SOCS3;HYAL2;CAV1;SH3BP5
GO_Biological_Process_2023,Negative Regulation Of Angiogenesis (GO:0016525),6/86,0.00022444824543942863,0.0053546938554835,0,0,7.623711340206185,64.05339660451205,CLDN5;HHEX;SPARC;ECSCR;ADAMTS9;HSPG2
GO_Biological_Process_2023,Regulation Of Immune Effector Process (GO:0002697),3/13,0.00026165809515097364,0.0061544932239736,0,0,30.13705583756345,248.5846578261998,HLA-DRA;CD59;HLA-DRB1
GO_Biological_Process_2023,Negative Regulation Of Endocytosis (GO:0045806),4/33,0.000316376872754873,0.0073381857986199,0,0,13.913441238564392,112.12252948199962,PLSCR1;MCTP1;CAV1;RAC1
GO_Biological_Process_2023,Regulation Of Extrinsic Apoptotic Signaling Pathway (GO:2001236),5/60,0.0003324843108549847,0.0076061479332578,0,0,9.205128205128204,73.72311591006364,HYAL2;CAV1;TNFSF10;ITGA6;CFLAR
GO_Biological_Process_2023,Transmembrane Receptor Protein Serine/Threonine Kinase Signaling Pathway (GO:0007178),7/130,0.0003371468635276646,0.007608584622854,0,0,5.802224188044989,46.38873553467045,FKBP1A;CDH5;CLDN5;ID1;LRRC32;TGFBR2;ENG
GO_Biological_Process_2023,Negative Regulation Of Cellular Process (GO:0048523),15/537,0.0003446325130889834,0.007673817291448,0,0,2.994408201304753,23.87451207496684,IFITM1;IFIT3;RND1;BST2;IL6;SOX17;ADAM15;CCDC85B;HYAL2;MMRN2;MYH9;TXNIP;IGFBP7;CCN2;JAM2
GO_Biological_Process_2023,Positive Regulation Of Cell Population Proliferation (GO:0008284),14/483,0.0003760434150455069,0.0082630592516578,0,0,3.102391269459156,24.46485554959238,CCL14;CD74;MEF2C;TSC22D1;LIFR;AQP1;GNAI2;FOXP1;TGFBR2;BST2;SDCBP;CLDN5;IL6;CTSH
GO_Biological_Process_2023,Regulation Of Monocyte Differentiation (GO:0045655),3/15,0.00041017649693527065,0.0088960357127519,0,0,25.111675126903556,195.84402098106767,CD74;HLA-DRB1;FOXP1
GO_Biological_Process_2023,Regulation Of Receptor Internalization (GO:0002090),4/36,0.0004448946011773135,0.009525307486745,0,0,12.607142857142858,97.2978079915696,CCL14;SDCBP;FLOT1;SELE
GO_Biological_Process_2023,Type I Interferon-Mediated Signaling Pathway (GO:0060337),4/37,0.0004949472916124923,0.0102058173394651,0,0,12.224489795918368,93.04131653695896,IFITM3;IFITM1;IFITM2;IFI27
GO_Biological_Process_2023,Muscle Tissue Development (GO:0060537),4/37,0.0004949472916124923,0.0102058173394651,0,0,12.224489795918368,93.04131653695896,MEF2C;CAV1;CFLAR;ENG
GO_Biological_Process_2023,Cellular Response To Lipid (GO:0071396),9/228,0.0004977575631731953,0.0102058173394651,0,0,4.213081833177939,32.04216170603938,MEF2C;IL6;RAMP3;ADAM15;PDK4;MSN;VIM;TFPI;AQP1
GO_Biological_Process_2023,Negative Regulation Of Natural Killer Cell Mediated Cytotoxicity (GO:0045953),3/16,0.0005011239651713426,0.0102058173394651,0,0,23.178836392034363,176.1280286078286,HLA-B;HLA-A;HLA-E
GO_Biological_Process_2023,Positive Regulation Of Phosphorylation (GO:0042327),9/231,0.0005469138725215279,0.0107839099445233,0,0,4.155511532474884,31.212958100783837,CD74;SDCBP;FLT1;FLOT1;PECAM1;ITGA6;RAC1;HLA-DRB1;ENG
GO_Biological_Process_2023,Cellular Response To Type I Interferon (GO:0071357),4/38,0.0005488816438829229,0.0107839099445233,0,0,11.864345738295318,89.07309099917518,IFITM3;IFITM1;IFITM2;IFI27
GO_Biological_Process_2023,Heart Looping (GO:0001947),4/38,0.0005488816438829229,0.0107839099445233,0,0,11.864345738295318,89.07309099917518,MEF2C;SOX17;TGFBR2;ENG
GO_Biological_Process_2023,Protein Localization To Cell Periphery (GO:1990778),7/142,0.0005737992125583318,0.0111423800578187,0,0,5.283246977547496,39.43009276479297,RAMP2;RAMP3;CAV1;RDX;RAB13;FLOT1;SPTBN1
GO_Biological_Process_2023,Aorta Morphogenesis (GO:0035909),3/17,0.0006040394207294829,0.0113872237890362,0,0,21.5221174764322,159.51916044937724,ADAMTS9;TGFBR2;ENG
GO_Biological_Process_2023,Positive Regulation Of Alpha-Beta T Cell Proliferation (GO:0046641),3/17,0.0006040394207294829,0.0113872237890362,0,0,21.5221174764322,159.51916044937724,HLA-A;HLA-E;TGFBR2
GO_Biological_Process_2023,Regulation Of Protein Tyrosine Kinase Activity (GO:0061097),4/39,0.0006068640222899578,0.0113872237890362,0,0,11.524781341107872,85.36642728574833,HYAL2;CAV1;SH3BP5;NEDD9
GO_Biological_Process_2023,Positive Regulation Of Vasculature Development (GO:1904018),6/104,0.0006244951835763466,0.0115878550730277,0,0,6.217757205975174,45.87813776640311,CDH5;RAMP2;FLT1;CTSH;CD34;AQP1
GO_Biological_Process_2023,Endothelial Cell Migration (GO:0043542),4/40,0.0006690615196291692,0.0122783817338539,0,0,11.20408163265306,81.89774214112175,CDH5;ID1;RAB13;MYH9
GO_Biological_Process_2023,Regulation Of Inflammatory Response (GO:0050727),9/240,0.0007188031814807622,0.0130478403594877,0,0,3.991772625280479,28.892142803335684,IL33;CDH5;IL6;TMSB4X;HYAL2;MGST2;SELE;MGLL;FOXP1
GO_Biological_Process_2023,Regulation Of Chemokine Production (GO:0032642),4/41,0.0007356418168161046,0.0132099121944397,0,0,10.900717043574186,78.64613599642355,CD74;IL33;IL6;FOXP1
GO_Biological_Process_2023,Plasma Membrane Organization (GO:0007009),5/72,0.0007732638317856864,0.0137377723306605,0,0,7.55185610409491,54.10822023534692,PLSCR1;CAVIN2;FLOT1;MYH9;SPTBN1
GO_Biological_Process_2023,Cardiac Ventricle Morphogenesis (GO:0003208),4/42,0.0008067730463282587,0.0137480712996754,0,0,10.613319011815252,75.59302673955138,FKBP1A;MEF2C;TGFBR2;ENG
GO_Biological_Process_2023,Determination Of Heart Left/Right Asymmetry (GO:0061371),4/42,0.0008067730463282587,0.0137480712996754,0,0,10.613319011815252,75.59302673955138,MEF2C;SOX17;TGFBR2;ENG
GO_Biological_Process_2023,Embryonic Heart Tube Morphogenesis (GO:0003143),4/42,0.0008067730463282587,0.0137480712996754,0,0,10.613319011815252,75.59302673955138,MEF2C;SOX17;TGFBR2;ENG
GO_Biological_Process_2023,Skeletal Muscle Tissue Development (GO:0007519),4/42,0.0008067730463282587,0.0137480712996754,0,0,10.613319011815252,75.59302673955138,MEF2C;CAV2;CAV1;CFLAR
GO_Biological_Process_2023,Regulation Of Endothelial Cell Apoptotic Process (GO:2000351),4/43,0.0008826236600453894,0.0148887021442,0,0,10.34065934065934,72.72184139201934,CDH5;RAMP2;ECSCR;ICAM1
GO_Biological_Process_2023,Organic Substance Transport (GO:0071702),8/201,0.0009645976489622908,0.0149452464879713,0,0,4.232944732297064,29.39271946338006,RAMP2;RAMP3;CALCRL;CAV1;MYH9;TXNIP;CD320;AQP1
GO_Biological_Process_2023,Amylin Receptor Signaling Pathway (GO:0097647),2/5,0.0009754681839454336,0.0149452464879713,0,0,66.65656565656566,462.1028413784856,RAMP2;RAMP3
GO_Biological_Process_2023,Bradykinin Catabolic Process (GO:0010815),2/5,0.0009754681839454336,0.0149452464879713,0,0,66.65656565656566,462.1028413784856,CTSH;ECE1
GO_Biological_Process_2023,Negative Regulation Of Amyloid Precursor Protein Biosynthetic Process (GO:0042985),2/5,0.0009754681839454336,0.0149452464879713,0,0,66.65656565656566,462.1028413784856,BACE2;ITM2A
GO_Biological_Process_2023,Negative Regulation Of Fibroblast Migration (GO:0010764),2/5,0.0009754681839454336,0.0149452464879713,0,0,66.65656565656566,462.1028413784856,HYAL2;RAC1
GO_Biological_Process_2023,Plasma Membrane Raft Assembly (GO:0044854),2/5,0.0009754681839454336,0.0149452464879713,0,0,66.65656565656566,462.1028413784856,CAV2;FLOT1
GO_Biological_Process_2023,"Positive Regulation Of CD4-positive, CD25-positive, Alpha-Beta Regulatory T Cell Differentiation (GO:0032831)",2/5,0.0009754681839454336,0.0149452464879713,0,0,66.65656565656566,462.1028413784856,HLA-DRA;HLA-DRB1
GO_Biological_Process_2023,Positive Regulation Of Endothelial Cell Development (GO:1901552),2/5,0.0009754681839454336,0.0149452464879713,0,0,66.65656565656566,462.1028413784856,CDH5;CLDN5
GO_Biological_Process_2023,Positive Regulation Of Establishment Of Endothelial Barrier (GO:1903142),2/5,0.0009754681839454336,0.0149452464879713,0,0,66.65656565656566,462.1028413784856,CDH5;CLDN5
GO_Biological_Process_2023,Protection From Natural Killer Cell Mediated Cytotoxicity (GO:0042270),2/5,0.0009754681839454336,0.0149452464879713,0,0,66.65656565656566,462.1028413784856,HLA-B;HLA-E
GO_Biological_Process_2023,Negative Regulation Of Blood Vessel Morphogenesis (GO:2000181),5/77,0.0010489037290013,0.0159242657039294,0,0,7.0256410256410255,48.19596578027063,CLDN5;HHEX;SPARC;ECSCR;HSPG2
GO_Biological_Process_2023,Cellular Component Disassembly (GO:0022411),4/46,0.0011401784650819,0.0171048036834862,0,0,9.60058309037901,65.05902796595161,GSN;ADAM15;FLOT1;PLAAT3
GO_Biological_Process_2023,Regulation Of Neurotransmitter Transport (GO:0051588),3/21,0.0011471485105092,0.0171048036834862,0,0,16.736040609137056,113.3109608085056,MEF2C;MCTP1;FLOT1
GO_Biological_Process_2023,Positive Regulation Of MAPK Cascade (GO:0043410),10/310,0.0011685770947094,0.0172701216651756,0,0,3.421052631578948,23.098839361209187,CCL14;CD74;MEF2C;IL6;RAMP3;FLT1;CAV2;CCN2;HLA-DRB1;ICAM1
GO_Biological_Process_2023,Regulation Of Protein Binding (GO:0043393),6/118,0.0012087053107147,0.0177064725341552,0,0,5.436671575846834,36.52467679212233,FKBP1A;CLDN5;STING1;CAV1;FLOT1;B2M
GO_Biological_Process_2023,Positive Regulation Of Angiogenesis (GO:0045766),6/119,0.0012624753129743,0.018333337153627,0,0,5.388285740352158,35.96508819013522,CDH5;RAMP2;FLT1;CTSH;CD34;AQP1
GO_Biological_Process_2023,Nitrogen Compound Transport (GO:0071705),7/163,0.0012895422918603,0.0185649623052305,0,0,4.567158230370666,30.387440844778684,RAMP2;CALCRL;RAMP3;TXNIP;MYH9;AQP1;CD320
GO_Biological_Process_2023,Blood Vessel Endothelial Cell Migration (GO:0043534),3/22,0.0013185462203513,0.0188202751109981,0,0,15.854394870424793,105.13406751270358,CDH5;ID1;MYH9
GO_Biological_Process_2023,Supramolecular Fiber Organization (GO:0097435),10/316,0.0013484348266352,0.0190837810210248,0,0,3.3529411764705883,22.158953680511384,FKBP1A;GSN;TPM3;NOSTRIN;TAGLN2;VIM;RAC1;B2M;CNN3;RND1
GO_Biological_Process_2023,Receptor-Mediated Endocytosis (GO:0006898),6/122,0.0014348093021821,0.0195763162008289,0,0,5.2481336651262,34.35807909954173,RAMP2;CALCRL;RAMP3;CAV2;CAV1;HSPG2
GO_Biological_Process_2023,Interferon-Mediated Signaling Pathway (GO:0140888),4/49,0.0014462766378052,0.0195763162008289,0,0,8.959183673469388,58.58197746978076,IFITM3;IFITM1;IFITM2;IFI27
GO_Biological_Process_2023,Regulation Of Cell Communication (GO:0010646),4/49,0.0014462766378052,0.0195763162008289,0,0,8.959183673469388,58.58197746978076,SOCS2;IGFBP7;LRRC32;MGLL
GO_Biological_Process_2023,Vascular Associated Smooth Muscle Cell Development (GO:0097084),2/6,0.0014535707837741,0.0195763162008289,0,0,49.98989898989899,326.6206097208578,RAMP2;ENG
GO_Biological_Process_2023,Regulation Of T Cell Tolerance Induction (GO:0002664),2/6,0.0014535707837741,0.0195763162008289,0,0,49.98989898989899,326.6206097208578,HLA-B;TGFBR2
GO_Biological_Process_2023,Regulation Of T-helper Cell Differentiation (GO:0045622),2/6,0.0014535707837741,0.0195763162008289,0,0,49.98989898989899,326.6206097208578,HLA-DRA;HLA-DRB1
GO_Biological_Process_2023,Regulation Of Cell Motility (GO:2000145),6/123,0.0014960628556399,0.0196384784024485,0,0,5.203013481363997,33.84517804978016,ROBO4;CAVIN1;TMSB4X;LDB2;RAC1;TMSB10
GO_Biological_Process_2023,Positive Regulation Of Protein Phosphorylation (GO:0001934),11/377,0.0015041143677536,0.0196384784024485,0,0,3.090380778905369,20.086087525045137,CD74;SDCBP;IL6;RAMP3;CAV1;FLOT1;PECAM1;RAC1;HLA-DRB1;ENG;TGFBR2
GO_Biological_Process_2023,Negative Regulation Of Actin Filament Polymerization (GO:0030837),3/23,0.0015052246919242,0.0196384784024485,0,0,15.060913705583756,97.87806321199126,GSN;TMSB4X;TMSB10
GO_Biological_Process_2023,Positive Regulation Of Epithelial Cell Apoptotic Process (GO:1904037),3/23,0.0015052246919242,0.0196384784024485,0,0,15.060913705583756,97.87806321199126,IL6;GSN;ECSCR
GO_Biological_Process_2023,Positive Regulation Of Defense Response (GO:0031349),6/124,0.0015592887441538,0.0201861411064872,0,0,5.158658046479119,33.34311780301567,IL33;MEF2C;PLSCR1;HYAL2;MMRN2;MGST2
GO_Biological_Process_2023,Heart Development (GO:0007507),7/171,0.0016975920182318,0.0217568888432762,0,0,4.342600783520789,27.699472308295597,PDLIM1;FKBP1A;MEF2C;RAMP2;SOX17;ECE1;TGFBR2
GO_Biological_Process_2023,Amyloid Fibril Formation (GO:1990000),3/24,0.0017076659731305,0.0217568888432762,0,0,14.343002175489485,91.40261395182884,FKBP1A;GSN;B2M
GO_Biological_Process_2023,Positive Regulation Of Cell Migration (GO:0030335),9/272,0.0017197061840194,0.0217568888432762,0,0,3.500348376565206,22.281824017475945,CDH5;SDCBP;FLT1;CAV1;RDX;PECAM1;NEDD9;CTSH;ITGA6
GO_Biological_Process_2023,Positive Regulation Of B Cell Activation (GO:0050871),4/52,0.0018054466882107,0.0226698945061047,0,0,8.39795918367347,53.04946512994202,CD74;MEF2C;IL6;CD320
GO_Biological_Process_2023,Positive Regulation Of Multicellular Organismal Process (GO:0051240),11/387,0.0018479082591347,0.0230299014384701,0,0,3.0066419002589218,18.92290498493233,IL33;SDCBP;IL6;FABP4;IFI16;FABP5;EPAS1;CAV1;MMRN2;FLOT1;TGFBR2
GO_Biological_Process_2023,Regulation Of Endothelial Cell Migration (GO:0010594),5/88,0.0019039709857819,0.0235528262685622,0,0,6.091133765832561,38.15372640786974,SPARC;PRCP;RAC1;ADAMTS9;FOXP1
GO_Biological_Process_2023,Regulation Of Cell Size (GO:0008361),3/25,0.0019263332020576,0.0236542385840898,0,0,13.690355329949238,85.59397680666795,RDX;MSN;RAC1
GO_Biological_Process_2023,Regulation Of Epithelial To Mesenchymal Transition Involved In Endocardial Cushion Formation (GO:1905005),2/7,0.0020216133697869,0.0239439314010226,0,0,39.98989898989899,248.09171029141777,ENG;TGFBR2
GO_Biological_Process_2023,T-helper 17 Cell Lineage Commitment (GO:0072540),2/7,0.0020216133697869,0.0239439314010226,0,0,39.98989898989899,248.09171029141777,SOCS3;IL6
GO_Biological_Process_2023,"Positive Regulation Of CD4-positive, Alpha-Beta T Cell Differentiation (GO:0043372)",2/7,0.0020216133697869,0.0239439314010226,0,0,39.98989898989899,248.09171029141777,HLA-DRA;HLA-DRB1
GO_Biological_Process_2023,Positive Regulation Of Cardiac Epithelial To Mesenchymal Transition (GO:0062043),2/7,0.0020216133697869,0.0239439314010226,0,0,39.98989898989899,248.09171029141777,ENG;TGFBR2
GO_Biological_Process_2023,"Regulation Of CD4-positive, Alpha-Beta T Cell Activation (GO:2000514)",2/7,0.0020216133697869,0.0239439314010226,0,0,39.98989898989899,248.09171029141777,HLA-DRA;HLA-DRB1
GO_Biological_Process_2023,Regulation Of Blood Vessel Endothelial Cell Migration (GO:0043535),4/54,0.0020765932331265,0.0244219063332489,0,0,8.061224489795919,49.79439807569174,MEF2C;ANGPT2;TMSB4X;PRCP
GO_Biological_Process_2023,Negative Regulation Of Endothelial Cell Apoptotic Process (GO:2000352),3/26,0.0021616710096346,0.0252446894132163,0,0,13.094460384021188,80.35905008065508,CDH5;RAMP2;ICAM1
GO_Biological_Process_2023,Positive Regulation Of Cell Differentiation (GO:0045597),9/283,0.002249735842944,0.0260906865119203,0,0,3.3579317460924063,20.473116683494386,SDCBP;IFITM1;MEF2C;IL6;ADIRF;TCF4;CCN2;CD34;TGFBR2
GO_Biological_Process_2023,Regulation Of Peptidase Activity (GO:0052547),3/27,0.0024141059150854,0.0276041461176717,0,0,12.548223350253808,75.62094298941223,CAV1;CTSH;PSMB8
GO_Biological_Process_2023,Positive Regulation Of Intracellular Signal Transduction (GO:1902533),13/525,0.0024880251749182,0.0276041461176717,0,0,2.618900401069519,15.70362339466008,CD74;RAMP3;FLT1;VWF;CAV2;CAV1;CFLAR;BST2;FKBP1A;IL6;TNFSF10;HLA-DRB1;ENG
GO_Biological_Process_2023,Protein Localization To Plasma Membrane (GO:0072659),6/137,0.0025798129561998,0.0276041461176717,0,0,4.643660974266153,27.67639763160527,RAMP2;RAMP3;RDX;RAB13;FLOT1;SPTBN1
GO_Biological_Process_2023,Regulation Of Defense Response To Bacterium (GO:1900424),2/8,0.0026777674677022,0.0276041461176717,0,0,33.323232323232325,197.36590289038227,MMRN2;FOXP1
GO_Biological_Process_2023,T Cell Mediated Cytotoxicity (GO:0001913),2/8,0.0026777674677022,0.0276041461176717,0,0,33.323232323232325,197.36590289038227,CTSH;HLA-A
GO_Biological_Process_2023,T-helper 17 Cell Differentiation (GO:0072539),2/8,0.0026777674677022,0.0276041461176717,0,0,33.323232323232325,197.36590289038227,SOCS3;IL6
GO_Biological_Process_2023,Regulation Of Morphogenesis Of An Epithelium (GO:1905330),2/8,0.0026777674677022,0.0276041461176717,0,0,33.323232323232325,197.36590289038227,MMRN2;FOXP1
GO_Biological_Process_2023,Regulation Of Protein Localization To Early Endosome (GO:1902965),2/8,0.0026777674677022,0.0276041461176717,0,0,33.323232323232325,197.36590289038227,RDX;MSN
GO_Biological_Process_2023,Sequestering Of Actin Monomers (GO:0042989),2/8,0.0026777674677022,0.0276041461176717,0,0,33.323232323232325,197.36590289038227,TMSB4X;TMSB10
GO_Biological_Process_2023,Vascular Associated Smooth Muscle Cell Differentiation (GO:0035886),2/8,0.0026777674677022,0.0276041461176717,0,0,33.323232323232325,197.36590289038227,RAMP2;ENG
GO_Biological_Process_2023,Monocyte Activation (GO:0042117),2/8,0.0026777674677022,0.0276041461176717,0,0,33.323232323232325,197.36590289038227,HYAL2;FOXP1
GO_Biological_Process_2023,Negative Regulation Of Glycoprotein Biosynthetic Process (GO:0010561),2/8,0.0026777674677022,0.0276041461176717,0,0,33.323232323232325,197.36590289038227,BACE2;ITM2A
GO_Biological_Process_2023,"Positive Regulation Of CD8-positive, Alpha-Beta T Cell Activation (GO:2001187)",2/8,0.0026777674677022,0.0276041461176717,0,0,33.323232323232325,197.36590289038227,HLA-A;HLA-E
GO_Biological_Process_2023,Positive Regulation Of Early Endosome To Late Endosome Transport (GO:2000643),2/8,0.0026777674677022,0.0276041461176717,0,0,33.323232323232325,197.36590289038227,RDX;MSN
GO_Biological_Process_2023,Positive Regulation Of Memory T Cell Differentiation (GO:0043382),2/8,0.0026777674677022,0.0276041461176717,0,0,33.323232323232325,197.36590289038227,HLA-DRA;HLA-DRB1
GO_Biological_Process_2023,Positive Regulation Of Protein Localization To Early Endosome (GO:1902966),2/8,0.0026777674677022,0.0276041461176717,0,0,33.323232323232325,197.36590289038227,RDX;MSN
GO_Biological_Process_2023,Positive Regulation Of Protein Localization To Endosome (GO:1905668),2/8,0.0026777674677022,0.0276041461176717,0,0,33.323232323232325,197.36590289038227,RDX;MSN
GO_Biological_Process_2023,Regulation Of Cell Killing (GO:0031341),2/8,0.0026777674677022,0.0276041461176717,0,0,33.323232323232325,197.36590289038227,CD59;ICAM1
GO_Biological_Process_2023,Positive Regulation Of B Cell Proliferation (GO:0030890),3/29,0.002971884860348,0.0302624860779341,0,0,11.581803982819212,67.38940857682955,CD74;MEF2C;CD320
GO_Biological_Process_2023,Regulation Of Blood Coagulation (GO:0030193),3/29,0.002971884860348,0.0302624860779341,0,0,11.581803982819212,67.38940857682955,THBD;CAV1;TFPI
GO_Biological_Process_2023,Homophilic Cell Adhesion Via Plasma Membrane Adhesion Molecules (GO:0007156),4/60,0.0030565414874588,0.0309359047518559,0,0,7.19533527696793,41.66438194796197,ROBO4;PECAM1;ESAM;NECTIN2
GO_Biological_Process_2023,Positive Regulation Of Cell Junction Assembly (GO:1901890),4/61,0.0032458250655199,0.0320886919741163,0,0,7.0687432867884,40.50662547348915,CLDN5;CAV1;FLOT1;RAC1
GO_Biological_Process_2023,Regulation Of ERK1 And ERK2 Cascade (GO:0070372),8/244,0.0032476412075724,0.0320886919741163,0,0,3.45409604519774,19.791370460711597,CCL14;CD74;RAMP3;TIMP3;SPRY1;CCN2;HLA-DRB1;ICAM1
GO_Biological_Process_2023,Protein Localization To Membrane (GO:0072657),7/192,0.0032516596487244,0.0320886919741163,0,0,3.845539840358493,22.029520119760665,RAMP2;RAMP3;CAV1;RDX;RAB13;FLOT1;SPTBN1
GO_Biological_Process_2023,"Phagocytosis, Engulfment (GO:0006911)",3/30,0.0032779948419926,0.0320886919741163,0,0,11.152284263959393,63.79690278522437,GSN;MYH9;RAC1
GO_Biological_Process_2023,Regulation Of Signal Transduction (GO:0009966),7/193,0.0033461356980412,0.0320886919741163,0,0,3.8246698980444593,21.800423827059827,SOCS2;PLSCR1;IGFBP4;IGFBP2;IGFBP7;KCTD12;MGLL
GO_Biological_Process_2023,Regulation Of Mast Cell Activation (GO:0033003),2/9,0.0034202318391573,0.0320886919741163,0,0,28.561327561327563,162.17255858986445,PLSCR1;NECTIN2
GO_Biological_Process_2023,Regulation Of Memory T Cell Differentiation (GO:0043380),2/9,0.0034202318391573,0.0320886919741163,0,0,28.561327561327563,162.17255858986445,HLA-DRA;HLA-DRB1
GO_Biological_Process_2023,Negative Regulation Of Protein Autophosphorylation (GO:0031953),2/9,0.0034202318391573,0.0320886919741163,0,0,28.561327561327563,162.17255858986445,CAV1;ENG
GO_Biological_Process_2023,Positive Regulation Of Monocyte Differentiation (GO:0045657),2/9,0.0034202318391573,0.0320886919741163,0,0,28.561327561327563,162.17255858986445,CD74;HLA-DRB1
GO_Biological_Process_2023,Positive Regulation Of Receptor Recycling (GO:0001921),2/9,0.0034202318391573,0.0320886919741163,0,0,28.561327561327563,162.17255858986445,RAMP3;ECE1
GO_Biological_Process_2023,Positive Regulation Of Skeletal Muscle Tissue Development (GO:0048643),2/9,0.0034202318391573,0.0320886919741163,0,0,28.561327561327563,162.17255858986445,MEF2C;FLOT1
GO_Biological_Process_2023,"Regulation Of CD8-positive, Alpha-Beta T Cell Activation (GO:2001185)",2/9,0.0034202318391573,0.0320886919741163,0,0,28.561327561327563,162.17255858986445,HLA-A;HLA-E
GO_Biological_Process_2023,Regulation Of Cellular Extravasation (GO:0002691),2/9,0.0034202318391573,0.0320886919741163,0,0,28.561327561327563,162.17255858986445,PLVAP;ICAM1
GO_Biological_Process_2023,Positive Regulation Of Apoptotic Signaling Pathway (GO:2001235),4/62,0.0034429423303528,0.0321120658630838,0,0,6.946516537649543,39.39667426105362,HYAL2;CAV1;TNFSF10;CTSH
GO_Biological_Process_2023,Negative Regulation Of Apoptotic Process (GO:0043066),12/482,0.0034611807517096,0.0321120658630838,0,0,2.625169760072431,14.874593797590189,SOCS2;SOCS3;CD74;MEF2C;IL6;TSC22D1;CAV1;PDK4;CTSH;CFLAR;IFIT3;AQP1
GO_Biological_Process_2023,Regulation Of Macrophage Activation (GO:0043030),3/31,0.00360273455,0.0328774136530056,0,0,10.753444525018129,60.49954695168429,CD74;IL33;IL6
GO_Biological_Process_2023,Positive Regulation Of Extrinsic Apoptotic Signaling Pathway (GO:2001238),3/31,0.00360273455,0.0328774136530056,0,0,10.753444525018129,60.49954695168429,HYAL2;CAV1;TNFSF10
GO_Biological_Process_2023,Positive Regulation Of Leukocyte Migration (GO:0002687),3/31,0.00360273455,0.0328774136530056,0,0,10.753444525018129,60.49954695168429,PLVAP;IL6;ICAM1
GO_Biological_Process_2023,T-helper Cell Lineage Commitment (GO:0002295),2/10,0.0042472321345398,0.0371354851554007,0,0,24.98989898989899,136.4820277236255,SOCS3;IL6
GO_Biological_Process_2023,Angiogenesis Involved In Wound Healing (GO:0060055),2/10,0.0042472321345398,0.0371354851554007,0,0,24.98989898989899,136.4820277236255,PRCP;CD34
GO_Biological_Process_2023,Monocyte Differentiation (GO:0030224),2/10,0.0042472321345398,0.0371354851554007,0,0,24.98989898989899,136.4820277236255,IFI16;MYH9
GO_Biological_Process_2023,Negative Regulation Of Hemostasis (GO:1900047),2/10,0.0042472321345398,0.0371354851554007,0,0,24.98989898989899,136.4820277236255,THBD;TFPI
GO_Biological_Process_2023,Negative Regulation Of Vascular Endothelial Growth Factor Receptor Signaling Pathway (GO:0030948),2/10,0.0042472321345398,0.0371354851554007,0,0,24.98989898989899,136.4820277236255,HHEX;MMRN2
GO_Biological_Process_2023,Protein Kinase C Signaling (GO:0070528),2/10,0.0042472321345398,0.0371354851554007,0,0,24.98989898989899,136.4820277236255,PLVAP;FLOT1
GO_Biological_Process_2023,Receptor-Mediated Endocytosis Of Virus By Host Cell (GO:0019065),2/10,0.0042472321345398,0.0371354851554007,0,0,24.98989898989899,136.4820277236255,CAV2;CAV1
GO_Biological_Process_2023,Regulation Of Amyloid Precursor Protein Biosynthetic Process (GO:0042984),2/10,0.0042472321345398,0.0371354851554007,0,0,24.98989898989899,136.4820277236255,BACE2;ITM2A
GO_Biological_Process_2023,Cellular Response To Organic Cyclic Compound (GO:0071407),6/152,0.0043042453861882,0.037289057005077,0,0,4.163395000706115,22.682814812779835,MEF2C;RAMP3;STING1;MSN;TFPI;AQP1
GO_Biological_Process_2023,Negative Regulation Of Blood Vessel Endothelial Cell Migration (GO:0043537),3/33,0.0043094538934011,0.037289057005077,0,0,10.03553299492386,54.6629871343117,MEF2C;ANGPT2;MMRN2
GO_Biological_Process_2023,Protein Transport (GO:0015031),9/313,0.0043745553702045,0.0376572549909364,0,0,3.0219068613943234,16.414848166396478,CD74;RAMP2;RAMP3;CALCRL;RAB13;MYH9;TXNIP;VAMP5;SPTBN1
GO_Biological_Process_2023,Membrane Protein Proteolysis (GO:0033619),3/34,0.0046920695585813,0.0401833649375937,0,0,9.711314884558703,52.07091984713094,BACE2;CTSH;MYH9
GO_Biological_Process_2023,Positive Regulation Of Response To External Stimulus (GO:0032103),6/155,0.0047319948902293,0.0403185278912399,0,0,4.0789455476371685,21.83626140966508,THBD;IL33;PLSCR1;HYAL2;MMRN2;MGST2
GO_Biological_Process_2023,Cell-Matrix Adhesion (GO:0007160),5/109,0.004800042097825,0.0406907121998366,0,0,4.856015779092703,25.9269023952046,ADAM15;ITGA6;RAC1;ADAMTS9;CD34
GO_Biological_Process_2023,Adenylate Cyclase-Activating G Protein-Coupled Receptor Signaling Pathway (GO:0007189),5/110,0.0049886615032986,0.0416049483135547,0,0,4.809523809523809,25.49330246391608,RAMP2;CALCRL;RAMP3;ADM5;ADGRL4
GO_Biological_Process_2023,Phagocytosis (GO:0006909),4/69,0.0050547479900121,0.0416049483135547,0,0,6.196232339089482,32.76212791134876,GSN;CD93;PECAM1;MYH9
GO_Biological_Process_2023,Skeletal Muscle Organ Development (GO:0060538),3/35,0.0050945877067937,0.0416049483135547,0,0,9.407360406091373,49.666879272481374,MEF2C;CAV1;CFLAR
GO_Biological_Process_2023,Regulation Of Fatty Acid Metabolic Process (GO:0019217),2/11,0.0051570205394645,0.0416049483135547,0,0,22.21212121212121,117.00004466783103,CAV1;PDK4
GO_Biological_Process_2023,Cellular Response To Thyroid Hormone Stimulus (GO:0097067),2/11,0.0051570205394645,0.0416049483135547,0,0,22.21212121212121,117.00004466783103,RDX;CTSH
GO_Biological_Process_2023,Negative Regulation Of Release Of Sequestered Calcium Ion Into Cytosol (GO:0051280),2/11,0.0051570205394645,0.0416049483135547,0,0,22.21212121212121,117.00004466783103,FKBP1A;CLIC2
GO_Biological_Process_2023,Negative Regulation Of Ryanodine-Sensitive Calcium-Release Channel Activity (GO:0060315),2/11,0.0051570205394645,0.0416049483135547,0,0,22.21212121212121,117.00004466783103,FKBP1A;CLIC2
GO_Biological_Process_2023,Negative Regulation Of Vascular Permeability (GO:0043116),2/11,0.0051570205394645,0.0416049483135547,0,0,22.21212121212121,117.00004466783103,CLDN5;RAMP2
GO_Biological_Process_2023,Positive Regulation Of Cytoplasmic Transport (GO:1903651),2/11,0.0051570205394645,0.0416049483135547,0,0,22.21212121212121,117.00004466783103,RDX;MSN
GO_Biological_Process_2023,"Regulation Of CD4-positive, Alpha-Beta T Cell Differentiation (GO:0043370)",2/11,0.0051570205394645,0.0416049483135547,0,0,22.21212121212121,117.00004466783103,HLA-DRA;HLA-DRB1
GO_Biological_Process_2023,Regulation Of Transforming Growth Factor Beta Receptor Signaling Pathway (GO:0017015),5/111,0.0051824796611187,0.0416093318945588,0,0,4.763909046927915,25.06993624638882,FKBP1A;SDCBP;CAV1;SPRY1;ENG
GO_Biological_Process_2023,Negative Regulation Of Epithelial Cell Proliferation (GO:0050680),4/70,0.0053199003877868,0.0423058745124001,0,0,6.1020408163265305,31.95212059737399,SPARC;CAV2;CAV1;B2M
GO_Biological_Process_2023,Regulation Of Actin Filament-Based Process (GO:0032970),4/70,0.0053199003877868,0.0423058745124001,0,0,6.1020408163265305,31.95212059737399,BST2;NEDD9;ESAM;RAC1
GO_Biological_Process_2023,Calcium Ion Transport (GO:0006816),5/112,0.0053815720762053,0.0425934851529048,0,0,4.71914689671699,24.65647950040891,FKBP1A;RAMP2;CALCRL;RAMP3;CAV1
GO_Biological_Process_2023,Protein Destabilization (GO:0031648),3/36,0.0055172885597211,0.0434616598808225,0,0,9.121827411167512,47.43230522818489,GSN;SOX17;CTSH
GO_Biological_Process_2023,Regulation Of Interleukin-6 Production (GO:0032675),5/114,0.005795880075899,0.0452295314334175,0,0,4.632086567866384,23.85806188105049,CD74;IL33;IL6;HYAL2;HLA-B
GO_Biological_Process_2023,Negative Regulation Of Canonical Wnt Signaling Pathway (GO:0090090),5/114,0.005795880075899,0.0452295314334175,0,0,4.632086567866384,23.85806188105049,CCL14;SOX17;IGFBP4;CAV1;IGFBP2
GO_Biological_Process_2023,Negative Regulation Of Endothelial Cell Migration (GO:0010596),3/37,0.0059604378312344,0.0456308976483279,0,0,8.853090474768587,45.35094165112317,MEF2C;ANGPT2;ADAMTS9
GO_Biological_Process_2023,Adenylate Cyclase-Modulating G Protein-Coupled Receptor Signaling Pathway (GO:0007188),6/163,0.0060251869154141,0.0456308976483279,0,0,3.8695252478823297,19.78026538505152,RAMP2;CALCRL;RAMP3;ADM5;ADGRL4;GNAI2
GO_Biological_Process_2023,Proteolysis (GO:0006508),9/330,0.006135494682321,0.0456308976483279,0,0,2.859372706365905,14.564685450428792,SRGN;BACE2;THBD;TINAGL1;ADAM15;CTSH;ECE1;ADAMTS9;CTSC
GO_Biological_Process_2023,Regulation Of Lymphocyte Migration (GO:2000401),2/12,0.0061478754316609,0.0456308976483279,0,0,19.98989898989899,101.78154350719132,MSN;JAM2
GO_Biological_Process_2023,Response To Thyroid Hormone (GO:0097066),2/12,0.0061478754316609,0.0456308976483279,0,0,19.98989898989899,101.78154350719132,RDX;CTSH
GO_Biological_Process_2023,Endothelium Development (GO:0003158),2/12,0.0061478754316609,0.0456308976483279,0,0,19.98989898989899,101.78154350719132,PECAM1;CD34
GO_Biological_Process_2023,Negative Regulation Of Coagulation (GO:0050819),2/12,0.0061478754316609,0.0456308976483279,0,0,19.98989898989899,101.78154350719132,THBD;TFPI
GO_Biological_Process_2023,Positive Regulation By Symbiont Of Entry Into Host (GO:0075294),2/12,0.0061478754316609,0.0456308976483279,0,0,19.98989898989899,101.78154350719132,CD74;HLA-DRB1
GO_Biological_Process_2023,Positive Regulation Of Cellular Extravasation (GO:0002693),2/12,0.0061478754316609,0.0456308976483279,0,0,19.98989898989899,101.78154350719132,PLVAP;ICAM1
GO_Biological_Process_2023,Positive Regulation Of Neuroinflammatory Response (GO:0150078),2/12,0.0061478754316609,0.0456308976483279,0,0,19.98989898989899,101.78154350719132,IL33;IL6
GO_Biological_Process_2023,Positive Regulation Of Viral Entry Into Host Cell (GO:0046598),2/12,0.0061478754316609,0.0456308976483279,0,0,19.98989898989899,101.78154350719132,CD74;HLA-DRB1
GO_Biological_Process_2023,Establishment Of Protein Localization To Plasma Membrane (GO:0061951),3/38,0.0064242870484076,0.0470550849598281,0,0,8.599709934735316,43.40849457481817,RDX;VAMP5;SPTBN1
GO_Biological_Process_2023,Fatty Acid Transport (GO:0015908),3/38,0.0064242870484076,0.0470550849598281,0,0,8.599709934735316,43.40849457481817,RBP7;FABP4;FABP5
GO_Biological_Process_2023,Negative Regulation Of Epithelial Cell Apoptotic Process (GO:1904036),3/38,0.0064242870484076,0.0470550849598281,0,0,8.599709934735316,43.40849457481817,CDH5;RAMP2;ICAM1
GO_Biological_Process_2023,Protein Processing (GO:0016485),5/117,0.0064587671283627,0.0471010528574921,0,0,4.507326007326007,22.727365768827884,SRGN;THBD;BACE2;CTSH;ECE1
GO_Biological_Process_2023,Regulation Of Receptor-Mediated Endocytosis (GO:0048259),3/39,0.006909073873999,0.0501658842155584,0,0,8.360406091370558,41.59234877252794,FLOT1;RAC1;B2M
GO_Biological_Process_2023,Positive Regulation Of Cellular Process (GO:0048522),13/594,0.0069456214116001,0.0502129340145984,0,0,2.2996217106776995,11.428300847335588,CCL14;TSC22D1;CAVIN1;CAV1;NEDD9;LIFR;GNAI2;TGFBR2;SDCBP;CLDN5;IL6;CTSH;CCN2
GO_Biological_Process_2023,Positive Regulation Of Interleukin-6 Production (GO:0032755),4/76,0.0071076364988025,0.0510772403840925,0,0,5.591836734693878,27.660498564595542,CD74;IL33;IL6;HYAL2
GO_Biological_Process_2023,Acute-Phase Response (GO:0006953),2/13,0.0072181010363148,0.0510772403840925,0,0,18.171717171717173,89.6077061786221,IL6;PLSCR1
GO_Biological_Process_2023,Regulation Of Myoblast Fusion (GO:1901739),2/13,0.0072181010363148,0.0510772403840925,0,0,18.171717171717173,89.6077061786221,FLOT1;CFLAR
GO_Biological_Process_2023,Branching Involved In Blood Vessel Morphogenesis (GO:0001569),2/13,0.0072181010363148,0.0510772403840925,0,0,18.171717171717173,89.6077061786221,TGFBR2;ENG
GO_Biological_Process_2023,Secondary Palate Development (GO:0062009),2/13,0.0072181010363148,0.0510772403840925,0,0,18.171717171717173,89.6077061786221,LRRC32;TGFBR2
GO_Biological_Process_2023,Positive Regulation Of Myeloid Leukocyte Differentiation (GO:0002763),3/40,0.0074150224240263,0.0522023950467191,0,0,8.134037590890383,39.89133172446582,CD74;NEDD9;HLA-DRB1
GO_Biological_Process_2023,Regulation Of Immune Response (GO:0050776),4/77,0.0074396227671372,0.0522023950467191,0,0,5.514956667598546,27.02844489893672,FKBP1A;PLSCR1;HLA-DRA;HLA-DRB1
GO_Biological_Process_2023,Positive Regulation Of Protein Modification Process (GO:0031401),7/225,0.0076326348125279,0.0533326365561574,0,0,3.257926510433997,15.88344134635156,CD74;CDH5;FLOT1;PECAM1;RAC1;HLA-DRB1;ENG
GO_Biological_Process_2023,Regulation Of Innate Immune Response (GO:0045088),4/78,0.0077816695485545,0.0541474506086922,0,0,5.44015444015444,26.41730492570561,PLSCR1;IFI16;CDC37;HLA-E
GO_Biological_Process_2023,Acylglycerol Metabolic Process (GO:0006639),3/41,0.0079423435743089,0.0548087345830411,0,0,7.919583222014427,38.29551599382337,CAV1;PLAAT3;MGLL
GO_Biological_Process_2023,Lymphocyte Migration (GO:0072676),3/41,0.0079423435743089,0.0548087345830411,0,0,7.919583222014427,38.29551599382337,CCL14;NEDD9;MSN
GO_Biological_Process_2023,Regulation Of Cell Growth (GO:0001558),7/227,0.0079940351400414,0.0549384307978154,0,0,3.227979274611399,15.588104378586,BST2;SOCS2;SDCBP;SOX17;ADAM15;CCDC85B;HYAL2
GO_Biological_Process_2023,Negative Regulation Of Growth (GO:0045926),5/124,0.0082090601362042,0.0561849607682828,0,0,4.240680887739711,20.36594137643501,BST2;SOX17;ADAM15;CCDC85B;HYAL2
GO_Biological_Process_2023,Regulation Of Leukocyte Activation (GO:0002694),2/14,0.0083660270881822,0.0565300248751306,0,0,16.656565656565657,79.67795051677446,CD74;PLSCR1
GO_Biological_Process_2023,Cellular Response To Exogenous dsRNA (GO:0071360),2/14,0.0083660270881822,0.0565300248751306,0,0,16.656565656565657,79.67795051677446,STING1;FLOT1
GO_Biological_Process_2023,Negative Regulation Of Receptor Signaling Pathway Via STAT (GO:1904893),2/14,0.0083660270881822,0.0565300248751306,0,0,16.656565656565657,79.67795051677446,SOCS3;CAV1
GO_Biological_Process_2023,Positive Regulation Of I-kappaB kinase/NF-kappaB Signaling (GO:0043123),6/175,0.0084231551190676,0.0565300248751306,0,0,3.592569999389984,17.160883483291265,BST2;FKBP1A;CD74;TNFSF10;CFLAR;HLA-DRB1
GO_Biological_Process_2023,Negative Regulation Of Cell Growth (GO:0030308),5/125,0.008483416281333,0.0565300248751306,0,0,4.205128205128205,20.056956299958014,BST2;SOX17;ADAM15;CCDC85B;HYAL2
GO_Biological_Process_2023,Monocyte Chemotaxis (GO:0002548),3/42,0.0084912352718872,0.0565300248751306,0,0,7.716126513080828,36.79605293636041,CCL14;IL6;FLT1
GO_Biological_Process_2023,Positive Regulation Of Immune Response (GO:0050778),4/80,0.0084964288884178,0.0565300248751306,0,0,5.296455424274973,25.254078548459987,CD74;PLSCR1;HLA-DRA;HLA-DRB1
GO_Biological_Process_2023,Regulation Of Interleukin-8 Production (GO:0032677),4/81,0.0088693778840417,0.0587772264537684,0,0,5.227405247813411,24.700277159233604,CD74;IL6;HYAL2;TMSB4X
GO_Biological_Process_2023,Regulation Of Response To External Stimulus (GO:0032101),5/127,0.0090510639155303,0.0593464482892718,0,0,4.135771332492644,19.45827874594664,CAV1;TMSB4X;SELE;MGLL;FOXP1
GO_Biological_Process_2023,Positive Regulation Of Receptor-Mediated Endocytosis (GO:0048260),3/43,0.0090618828226133,0.0593464482892718,0,0,7.522842639593908,35.3850321555175,CCL14;B2M;SELE
GO_Biological_Process_2023,Regulation Of Cellular Component Size (GO:0032535),3/43,0.0090618828226133,0.0593464482892718,0,0,7.522842639593908,35.3850321555175,RDX;MSN;RAC1
GO_Biological_Process_2023,Negative Regulation Of Cytokine Production (GO:0001818),6/178,0.009116387262003,0.0594701825294731,0,0,3.529369455766003,16.5798542587614,SRGN;IL6;TMSB4X;RAC1;CD34;HLA-DRB1
GO_Biological_Process_2023,Regulation Of Phosphorylation (GO:0042325),4/82,0.0092528602217495,0.0598925448462083,0,0,5.160125588697017,24.16395252997982,CDH5;SDCBP;ITGA6;LDB2
GO_Biological_Process_2023,Cellular Response To Organic Substance (GO:0071310),4/82,0.0092528602217495,0.0598925448462083,0,0,5.160125588697017,24.16395252997982,SOCS2;RAMP2;RAMP3;STING1
GO_Biological_Process_2023,Positive Regulation Of ERK1 And ERK2 Cascade (GO:0070374),6/179,0.0093562737944072,0.0603280974388422,0,0,3.5087897026398904,16.392041508856156,CCL14;CD74;RAMP3;CCN2;HLA-DRB1;ICAM1
GO_Biological_Process_2023,Alpha-Beta T Cell Activation (GO:0046631),2/15,0.0095900084936835,0.0606125821968417,0,0,15.374514374514376,71.44588341233826,HLA-A;HLA-E
GO_Biological_Process_2023,Regulation Of Systemic Arterial Blood Pressure (GO:0003073),2/15,0.0095900084936835,0.0606125821968417,0,0,15.374514374514376,71.44588341233826,ADM5;PRCP
GO_Biological_Process_2023,Regulation Of Epithelial To Mesenchymal Transition (GO:0010717),4/83,0.0096469883387525,0.0606125821968417,0,0,5.094549212089899,23.6443607545466,SDCBP;IL6;SPRY1;TGFBR2
GO_Biological_Process_2023,Cellular Response To Ketone (GO:1901655),3/44,0.0096544592002155,0.0606125821968417,0,0,7.338987247740498,34.05536215760635,ADAM15;MSN;AQP1
GO_Biological_Process_2023,Extracellular Matrix Disassembly (GO:0022617),3/44,0.0096544592002155,0.0606125821968417,0,0,7.338987247740498,34.05536215760635,GSN;ADAM15;FLOT1
GO_Biological_Process_2023,Positive Regulation Of Osteoblast Differentiation (GO:0045669),3/44,0.0096544592002155,0.0606125821968417,0,0,7.338987247740498,34.05536215760635,IFITM1;MEF2C;IL6
GO_Biological_Process_2023,Regulation Of B Cell Proliferation (GO:0030888),3/44,0.0096544592002155,0.0606125821968417,0,0,7.338987247740498,34.05536215760635,CD74;MEF2C;CD320
GO_Biological_Process_2023,Inflammatory Response (GO:0006954),7/236,0.0097783714609027,0.0611606005232492,0,0,3.099690024209788,14.344070772393996,CCL14;IL6;RAC1;ACKR1;HSPG2;SELE;MGLL
GO_Biological_Process_2023,Zymogen Activation (GO:0031638),3/45,0.0102691253206439,0.0636112066608187,0,0,7.163886874546773,32.800668633723014,THBD;IFI16;CTSH
GO_Biological_Process_2023,Positive Regulation Of Innate Immune Response (GO:0045089),3/45,0.0102691253206439,0.0636112066608187,0,0,7.163886874546773,32.800668633723014,PLSCR1;STING1;HLA-E
GO_Biological_Process_2023,Regulation Of Cell Population Proliferation (GO:0042127),15/766,0.0102844465858808,0.0636112066608187,0,0,2.056609205743693,9.413352403432274,CCL14;IFITM1;TSC22D1;LIFR;IFIT3;GNAI2;TGFBR2;SDCBP;CLDN5;IL6;HHEX;MMRN2;CTSH;IGFBP7;ENG
GO_Biological_Process_2023,Regulation Of Kinase Activity (GO:0043549),4/85,0.0104676198849292,0.063798997108875,0,0,4.968253968253968,22.65259800022629,CD74;FLT1;LDB2;HLA-DRB1
GO_Biological_Process_2023,Defense Response To Gram-positive Bacterium (GO:0050830),4/85,0.0104676198849292,0.063798997108875,0,0,4.968253968253968,22.65259800022629,IL6;HLA-A;RNASE1;HLA-E
GO_Biological_Process_2023,Integrin-Mediated Signaling Pathway (GO:0007229),4/85,0.0104676198849292,0.063798997108875,0,0,4.968253968253968,22.65259800022629,ADAM15;MYH9;NEDD9;ITGA6
GO_Biological_Process_2023,Positive Regulation Of Endothelial Cell Migration (GO:0010595),4/85,0.0104676198849292,0.063798997108875,0,0,4.968253968253968,22.65259800022629,SPARC;TMSB4X;RAC1;FOXP1
GO_Biological_Process_2023,Regulation Of Establishment Of Endothelial Barrier (GO:1903140),2/16,0.0108884250018907,0.0651744435597045,0,0,14.275613275613276,64.52655688502057,CDH5;CLDN5
GO_Biological_Process_2023,Negative Regulation Of Anoikis (GO:2000811),2/16,0.0108884250018907,0.0651744435597045,0,0,14.275613275613276,64.52655688502057,CAV1;PDK4
GO_Biological_Process_2023,Negative Regulation Of Receptor Signaling Pathway Via JAK-STAT (GO:0046426),2/16,0.0108884250018907,0.0651744435597045,0,0,14.275613275613276,64.52655688502057,SOCS3;CAV1
GO_Biological_Process_2023,Positive Regulation Of Lymphocyte Migration (GO:2000403),2/16,0.0108884250018907,0.0651744435597045,0,0,14.275613275613276,64.52655688502057,NEDD9;JAM2
GO_Biological_Process_2023,Protein Kinase A Signaling (GO:0010737),2/16,0.0108884250018907,0.0651744435597045,0,0,14.275613275613276,64.52655688502057,RDX;RAB13
GO_Biological_Process_2023,Positive Regulation Of Epithelial To Mesenchymal Transition (GO:0010718),3/47,0.0115653119162109,0.068978824643115,0,0,6.83756345177665,30.49378950483647,SDCBP;IL6;TGFBR2
GO_Biological_Process_2023,Negative Regulation Of Protein Kinase Activity (GO:0006469),4/88,0.0117810854608779,0.0700157036287052,0,0,4.790087463556851,21.274023659747563,PTPRB;HYAL2;CAV1;SH3BP5
GO_Biological_Process_2023,Regulation Of Establishment Of Cell Polarity (GO:2000114),2/17,0.0122596808748648,0.0710891217396675,0,0,13.323232323232324,58.64139939765107,CDH5;GSN
GO_Biological_Process_2023,Regulation Of Leukocyte Chemotaxis (GO:0002688),2/17,0.0122596808748648,0.0710891217396675,0,0,13.323232323232324,58.64139939765107,IL6;MTUS1
GO_Biological_Process_2023,Regulation Of Receptor Recycling (GO:0001919),2/17,0.0122596808748648,0.0710891217396675,0,0,13.323232323232324,58.64139939765107,RAMP3;ECE1
GO_Biological_Process_2023,Cellular Response To dsRNA (GO:0071359),2/17,0.0122596808748648,0.0710891217396675,0,0,13.323232323232324,58.64139939765107,STING1;FLOT1
GO_Biological_Process_2023,Leukocyte Tethering Or Rolling (GO:0050901),2/17,0.0122596808748648,0.0710891217396675,0,0,13.323232323232324,58.64139939765107,SELE;JAM2
GO_Biological_Process_2023,Positive Regulation Of Leukocyte Adhesion To Vascular Endothelial Cell (GO:1904996),2/17,0.0122596808748648,0.0710891217396675,0,0,13.323232323232324,58.64139939765107,IL6;SELE
GO_Biological_Process_2023,Positive Regulation Of Regulatory T Cell Differentiation (GO:0045591),2/17,0.0122596808748648,0.0710891217396675,0,0,13.323232323232324,58.64139939765107,HLA-DRA;HLA-DRB1
GO_Biological_Process_2023,Cellular Response To Cytokine Stimulus (GO:0071345),8/308,0.0125553073235163,0.0725514298625337,0,0,2.708333333333333,11.856031981340216,CCL14;IL6;IFITM2;IFI16;HYAL2;IL3RA;LIFR;HLA-DPA1
GO_Biological_Process_2023,Positive Regulation Of Pathway-Restricted SMAD Protein Phosphorylation (GO:0010862),3/49,0.0129514996055504,0.0745827735905835,0,0,6.539615978812624,28.42472661929245,SDCBP;TGFBR2;ENG
GO_Biological_Process_2023,Regulation Of Actin Cytoskeleton Organization (GO:0032956),4/91,0.0131959709139781,0.0757294550733456,0,0,4.62420830401126,20.012850913677784,BST2;NEDD9;ESAM;RAC1
GO_Biological_Process_2023,Positive Regulation Of Transcription By RNA Polymerase II (GO:0045944),17/938,0.0132707155472704,0.075897585492951,0,0,1.9042202879977217,8.230412378674988,IL33;MEF2C;EPAS1;ADIRF;LDB2;ELK3;PLSCR1;IL6;HHEX;IFI16;SOX17;STING1;HYAL2;TCF4;ITGA6;ERG;ENG
GO_Biological_Process_2023,Negative Regulation Of Wnt Signaling Pathway (GO:0030178),5/140,0.0133907631529275,0.0760221980891827,0,0,3.735042735042735,16.109949447436254,CCL14;SOX17;IGFBP4;CAV1;IGFBP2
GO_Biological_Process_2023,Regulation Of Collagen Biosynthetic Process (GO:0032965),2/18,0.0137022045657748,0.0760221980891827,0,0,12.48989898989899,53.58414643474309,IL6;VIM
GO_Biological_Process_2023,T-helper Cell Differentiation (GO:0042093),2/18,0.0137022045657748,0.0760221980891827,0,0,12.48989898989899,53.58414643474309,IL6;FOXP1
GO_Biological_Process_2023,Antigen Processing And Presentation Of Peptide Antigen Via MHC Class I (GO:0002474),2/18,0.0137022045657748,0.0760221980891827,0,0,12.48989898989899,53.58414643474309,HLA-A;B2M
GO_Biological_Process_2023,Regulation Of Vascular Endothelial Cell Proliferation (GO:1905562),2/18,0.0137022045657748,0.0760221980891827,0,0,12.48989898989899,53.58414643474309,MEF2C;FLT1
GO_Biological_Process_2023,Renal Absorption (GO:0070293),2/18,0.0137022045657748,0.0760221980891827,0,0,12.48989898989899,53.58414643474309,GSN;HYAL2
GO_Biological_Process_2023,Heart Trabecula Morphogenesis (GO:0061384),2/18,0.0137022045657748,0.0760221980891827,0,0,12.48989898989899,53.58414643474309,FKBP1A;ENG
GO_Biological_Process_2023,Negative Regulation Of Nervous System Development (GO:0051961),2/18,0.0137022045657748,0.0760221980891827,0,0,12.48989898989899,53.58414643474309,IL6;B2M
GO_Biological_Process_2023,Positive Regulation Of Neutrophil Chemotaxis (GO:0090023),2/18,0.0137022045657748,0.0760221980891827,0,0,12.48989898989899,53.58414643474309,CD74;RAC1
GO_Biological_Process_2023,Regulation Of Endothelial Cell Proliferation (GO:0001936),4/93,0.0141968234235646,0.0785056129713675,0,0,4.519834900252236,19.23070897367363,EGFL7;SPARC;CAV2;CAV1
GO_Biological_Process_2023,Vesicle Organization (GO:0016050),4/94,0.0147147933134764,0.0811013360841773,0,0,4.469387755102041,18.85590868567605,SRGN;CAV2;CAV1;CD34
GO_Biological_Process_2023,Negative Regulation Of Programmed Cell Death (GO:0043069),9/381,0.0147691427848743,0.0811331199037504,0,0,2.4609018746833304,10.373231041294362,SOCS2;SOCS3;CD74;IL6;TSC22D1;CTSH;CFLAR;IFIT3;AQP1
GO_Biological_Process_2023,Cytokine-Mediated Signaling Pathway (GO:0019221),7/257,0.0150496460118664,0.0815975434011303,0,0,2.836269430051813,11.902123330442926,CCL14;IL33;PLVAP;IL6;TMSB4X;IL3RA;LIFR
GO_Biological_Process_2023,Regulation Of Early Endosome To Late Endosome Transport (GO:2000641),2/19,0.0152144484017713,0.0815975434011303,0,0,11.754604872251932,49.19901329869125,RDX;MSN
GO_Biological_Process_2023,Regulation Of Insulin-Like Growth Factor Receptor Signaling Pathway (GO:0043567),2/19,0.0152144484017713,0.0815975434011303,0,0,11.754604872251932,49.19901329869125,IGFBP4;IGFBP2
GO_Biological_Process_2023,Regulation Of Neuroinflammatory Response (GO:0150077),2/19,0.0152144484017713,0.0815975434011303,0,0,11.754604872251932,49.19901329869125,IL33;IL6
GO_Biological_Process_2023,Cardiac Epithelial To Mesenchymal Transition (GO:0060317),2/19,0.0152144484017713,0.0815975434011303,0,0,11.754604872251932,49.19901329869125,SPRY1;ENG
GO_Biological_Process_2023,Leukocyte Adhesion To Vascular Endothelial Cell (GO:0061756),2/19,0.0152144484017713,0.0815975434011303,0,0,11.754604872251932,49.19901329869125,SELE;JAM2
GO_Biological_Process_2023,Positive Regulation Of Epithelial Cell Migration (GO:0010634),4/95,0.0152445709827261,0.0815975434011303,0,0,4.4200493384166855,18.491417143603503,SPARC;CTSH;RAC1;FOXP1
GO_Biological_Process_2023,Positive Regulation Of Transmembrane Receptor Protein Serine/Threonine Kinase Signaling Pathway (GO:0090100),4/95,0.0152445709827261,0.0815975434011303,0,0,4.4200493384166855,18.491417143603503,CDH5;SDCBP;TGFBR2;ENG
GO_Biological_Process_2023,Regulation Of Cold-Induced Thermogenesis (GO:0120161),5/146,0.0157987425166026,0.0842936102323525,0,0,3.575013638843426,14.828530695116717,FABP4;FABP5;EPAS1;CAV1;ID1
GO_Biological_Process_2023,Regulation Of Receptor Signaling Pathway Via JAK-STAT (GO:0046425),3/53,0.0159972388139271,0.0848107581563757,0,0,6.01522842639594,24.875009582390742,SOCS3;IL6;CAV1
GO_Biological_Process_2023,Positive Regulation Of Chemokine Production (GO:0032722),3/53,0.0159972388139271,0.0848107581563757,0,0,6.01522842639594,24.875009582390742,CD74;IL33;IL6
GO_Biological_Process_2023,Regulation Of Defense Response (GO:0031347),4/97,0.0163398709129806,0.0863531152679675,0,0,4.324555628703094,17.79185795383184,TMSB4X;SELE;MGLL;FOXP1
GO_Biological_Process_2023,Regulation Of Fibroblast Migration (GO:0010762),2/20,0.0167948882548689,0.0872060161395272,0,0,11.1010101010101,45.36628383483138,HYAL2;RAC1
GO_Biological_Process_2023,T Cell Mediated Immunity (GO:0002456),2/20,0.0167948882548689,0.0872060161395272,0,0,11.1010101010101,45.36628383483138,CTSH;HLA-A
GO_Biological_Process_2023,Positive Regulation Of Antigen Receptor-Mediated Signaling Pathway (GO:0050857),2/20,0.0167948882548689,0.0872060161395272,0,0,11.1010101010101,45.36628383483138,NECTIN2;FOXP1
GO_Biological_Process_2023,Positive Regulation Of Leukocyte Activation (GO:0002696),2/20,0.0167948882548689,0.0872060161395272,0,0,11.1010101010101,45.36628383483138,IL33;NECTIN2
GO_Biological_Process_2023,Positive Regulation Of Protein Processing (GO:0010954),2/20,0.0167948882548689,0.0872060161395272,0,0,11.1010101010101,45.36628383483138,GSN;MYH9
GO_Biological_Process_2023,Organelle Disassembly (GO:1903008),3/54,0.0168161021964705,0.0872060161395272,0,0,5.896984174380412,24.09164757699128,STING1;NEDD9;PLAAT3
GO_Biological_Process_2023,Positive Regulation Of Cold-Induced Thermogenesis (GO:0120162),4/98,0.0169055476223315,0.0872060161395272,0,0,4.278332609639601,17.456082420924414,FABP4;FABP5;EPAS1;CAV1
GO_Biological_Process_2023,Regulation Of MAPK Cascade (GO:0043408),6/204,0.0169190115144951,0.0872060161395272,0,0,3.061855670103093,12.490280951020742,CD74;IL6;FLT1;CAV2;CAV1;HLA-DRB1
GO_Biological_Process_2023,Regulation Of Protein Phosphorylation (GO:0001932),7/265,0.0175090513330999,0.089969586850083,0,0,2.7471984576454997,11.112520266650476,CD74;CDH5;FLOT1;PECAM1;RAC1;HLA-DRB1;ENG
GO_Biological_Process_2023,Regulation Of Canonical Wnt Signaling Pathway (GO:0060828),6/207,0.01804534234375,0.0924408641535663,0,0,3.015694722264964,12.10761524119967,CCL14;HHEX;SOX17;IGFBP4;CAV1;IGFBP2
GO_Biological_Process_2023,Endocardial Cushion Morphogenesis (GO:0003203),2/21,0.0184420232483939,0.0924870234979517,0,0,10.516214779372676,41.9925427496273,TGFBR2;ENG
GO_Biological_Process_2023,Macrophage Differentiation (GO:0030225),2/21,0.0184420232483939,0.0924870234979517,0,0,10.516214779372676,41.9925427496273,IL33;HLA-DRB1
GO_Biological_Process_2023,Peptide Catabolic Process (GO:0043171),2/21,0.0184420232483939,0.0924870234979517,0,0,10.516214779372676,41.9925427496273,CTSH;ECE1
GO_Biological_Process_2023,Positive Regulation Of T Cell Cytokine Production (GO:0002726),2/21,0.0184420232483939,0.0924870234979517,0,0,10.516214779372676,41.9925427496273,IL6;HLA-A
GO_Biological_Process_2023,Positive Regulation Of Granulocyte Chemotaxis (GO:0071624),2/21,0.0184420232483939,0.0924870234979517,0,0,10.516214779372676,41.9925427496273,CD74;RAC1
GO_Biological_Process_2023,Positive Regulation Of Natural Killer Cell Mediated Cytotoxicity (GO:0045954),2/21,0.0184420232483939,0.0924870234979517,0,0,10.516214779372676,41.9925427496273,NECTIN2;HLA-E
GO_Biological_Process_2023,Regulation Of Anoikis (GO:2000209),2/21,0.0184420232483939,0.0924870234979517,0,0,10.516214779372676,41.9925427496273,CAV1;PDK4
GO_Biological_Process_2023,Cellular Response To Peptide (GO:1901653),3/56,0.018523163468073,0.092615817340365,0,0,5.6738818120869645,22.631601044641528,CAV1;VIM;ICAM1
GO_Biological_Process_2023,Epithelium Development (GO:0060429),5/154,0.0194362005213842,0.0968909100618259,0,0,3.381689898468422,13.325947899962705,SOX17;TAGLN2;MEOX1;CD34;CNN3
GO_Biological_Process_2023,Cellular Response To Growth Factor Stimulus (GO:0071363),5/155,0.0199263415207939,0.0981277171361806,0,0,3.358974358974359,13.152778650631731,MEF2C;RAMP2;FLT1;HYAL2;TGFBR2
GO_Biological_Process_2023,Cellular Response To Interferon-Beta (GO:0035458),2/22,0.0201543754357544,0.0981277171361806,0,0,9.98989898989899,39.00390099361183,IFITM2;IFI16
GO_Biological_Process_2023,Regulation Of Vascular Endothelial Growth Factor Receptor Signaling Pathway (GO:0030947),2/22,0.0201543754357544,0.0981277171361806,0,0,9.98989898989899,39.00390099361183,HHEX;MMRN2
GO_Biological_Process_2023,Membrane Protein Ectodomain Proteolysis (GO:0006509),2/22,0.0201543754357544,0.0981277171361806,0,0,9.98989898989899,39.00390099361183,BACE2;MYH9
GO_Biological_Process_2023,Modulation By Host Of Viral Process (GO:0044788),2/22,0.0201543754357544,0.0981277171361806,0,0,9.98989898989899,39.00390099361183,IFI27;CAV2
GO_Biological_Process_2023,Negative Regulation Of Cell Development (GO:0010721),2/22,0.0201543754357544,0.0981277171361806,0,0,9.98989898989899,39.00390099361183,IL6;B2M
GO_Biological_Process_2023,Positive Regulation Of Receptor Internalization (GO:0002092),2/22,0.0201543754357544,0.0981277171361806,0,0,9.98989898989899,39.00390099361183,CCL14;SELE
GO_Biological_Process_2023,Positive Regulation Of Viral Life Cycle (GO:1903902),2/22,0.0201543754357544,0.0981277171361806,0,0,9.98989898989899,39.00390099361183,CD74;HLA-DRB1
GO_Biological_Process_2023,Positive Regulation Of Inflammatory Response (GO:0050729),4/104,0.0205564585653846,0.0997944354773035,0,0,4.020408163265306,15.617597552926842,IL33;IL6;HYAL2;MGST2
GO_Biological_Process_2023,Negative Regulation Of MAPK Cascade (GO:0043409),4/105,0.0212083578189702,0.1026019475933776,0,0,3.980400080824409,15.337914209660529,CAV1;HYAL2;TIMP3;SPRY1
GO_Biological_Process_2023,Heart Morphogenesis (GO:0003007),3/59,0.0212576490223405,0.1026019475933776,0,0,5.369108049311095,20.676641778420727,FKBP1A;SOX17;ENG
GO_Biological_Process_2023,Regulation Of Interleukin-4 Production (GO:0032673),2/23,0.02193048949736,0.1036332126321529,0,0,9.513708513708512,36.34120010270031,HLA-DRB1;HLA-E
GO_Biological_Process_2023,Artery Development (GO:0060840),2/23,0.02193048949736,0.1036332126321529,0,0,9.513708513708512,36.34120010270031,TGFBR2;ENG
GO_Biological_Process_2023,Long-Chain Fatty Acid Transport (GO:0015909),2/23,0.02193048949736,0.1036332126321529,0,0,9.513708513708512,36.34120010270031,FABP4;FABP5
GO_Biological_Process_2023,Negative Regulation Of Extrinsic Apoptotic Signaling Pathway Via Death Domain Receptors (GO:1902042),2/23,0.02193048949736,0.1036332126321529,0,0,9.513708513708512,36.34120010270031,CFLAR;ICAM1
GO_Biological_Process_2023,Negative Regulation Of Protein Tyrosine Kinase Activity (GO:0061099),2/23,0.02193048949736,0.1036332126321529,0,0,9.513708513708512,36.34120010270031,HYAL2;SH3BP5
GO_Biological_Process_2023,Positive Regulation Of Neutrophil Migration (GO:1902624),2/23,0.02193048949736,0.1036332126321529,0,0,9.513708513708512,36.34120010270031,CD74;RAC1
GO_Biological_Process_2023,Regulation Of Cell Junction Assembly (GO:1901888),2/23,0.02193048949736,0.1036332126321529,0,0,9.513708513708512,36.34120010270031,MEF2C;FLOT1
GO_Biological_Process_2023,Response To Lipopolysaccharide (GO:0032496),5/159,0.0219677588453785,0.1036332126321529,0,0,3.271062271062271,12.48950260420925,MEF2C;IL6;VIM;SELE;FOXP1
GO_Biological_Process_2023,Regulation Of Pathway-Restricted SMAD Protein Phosphorylation (GO:0060393),3/61,0.0231968013804758,0.1087120540791269,0,0,5.183441274286714,19.50912983009035,SDCBP;TGFBR2;ENG
GO_Biological_Process_2023,Positive Regulation Of Interleukin-8 Production (GO:0032757),3/61,0.0231968013804758,0.1087120540791269,0,0,5.183441274286714,19.50912983009035,CD74;IL6;HYAL2
GO_Biological_Process_2023,Positive Regulation Of Metabolic Process (GO:0009893),4/108,0.0232396426983522,0.1087120540791269,0,0,3.864992150706436,14.53969743553625,FABP4;FABP5;EPAS1;CAV1
GO_Biological_Process_2023,Regulation Of Cysteine-Type Endopeptidase Activity (GO:2000116),2/24,0.0237689324469591,0.1087510059901966,0,0,9.08080808080808,33.956554984338226,IFI16;PSMB9
GO_Biological_Process_2023,Regulation Of Ruffle Assembly (GO:1900027),2/24,0.0237689324469591,0.1087510059901966,0,0,9.08080808080808,33.956554984338226,CAV1;RDX
GO_Biological_Process_2023,Regulation Of Ryanodine-Sensitive Calcium-Release Channel Activity (GO:0060314),2/24,0.0237689324469591,0.1087510059901966,0,0,9.08080808080808,33.956554984338226,FKBP1A;CLIC2
GO_Biological_Process_2023,Mononuclear Cell Differentiation (GO:1903131),2/24,0.0237689324469591,0.1087510059901966,0,0,9.08080808080808,33.956554984338226,IFI16;MYH9
GO_Biological_Process_2023,Negative Regulation Of Ossification (GO:0030279),2/24,0.0237689324469591,0.1087510059901966,0,0,9.08080808080808,33.956554984338226,SRGN;MEF2C
GO_Biological_Process_2023,Outflow Tract Septum Morphogenesis (GO:0003148),2/24,0.0237689324469591,0.1087510059901966,0,0,9.08080808080808,33.956554984338226,TGFBR2;ENG
GO_Biological_Process_2023,Positive Regulation Of BMP Signaling Pathway (GO:0030513),2/24,0.0237689324469591,0.1087510059901966,0,0,9.08080808080808,33.956554984338226,CDH5;ENG
GO_Biological_Process_2023,Positive Regulation Of Natural Killer Cell Mediated Immunity (GO:0002717),2/24,0.0237689324469591,0.1087510059901966,0,0,9.08080808080808,33.956554984338226,NECTIN2;HLA-E
GO_Biological_Process_2023,Transmembrane Receptor Protein Tyrosine Kinase Signaling Pathway (GO:0007169),7/284,0.0244611627419745,0.1116124092325067,0,0,2.556274667514637,9.485488175940992,SOCS2;ANGPT2;FLT1;CAV2;PDK4;NEDD9;RAC1
GO_Biological_Process_2023,Response To Lipid (GO:0033993),4/110,0.0246573303185438,0.1122009308772974,0,0,3.791682710820177,14.03939170843531,SOCS2;CTSH;SELE;FOXP1
GO_Biological_Process_2023,Regulation Of Neutrophil Chemotaxis (GO:0090022),2/25,0.0256682933201663,0.1158541887693994,0,0,8.685551163812033,31.810820468950148,CD74;RAC1
GO_Biological_Process_2023,Metanephros Development (GO:0001656),2/25,0.0256682933201663,0.1158541887693994,0,0,8.685551163812033,31.810820468950148,SOX17;CTSH
GO_Biological_Process_2023,Myotube Differentiation (GO:0014902),2/25,0.0256682933201663,0.1158541887693994,0,0,8.685551163812033,31.810820468950148,MEF2C;JAM2
GO_Biological_Process_2023,Regulation Of Secretion By Cell (GO:1903530),3/64,0.0262797663190797,0.1179763703033955,0,0,4.927768993925272,17.931934435559224,MEF2C;MCTP1;RAB13
GO_Biological_Process_2023,Positive Regulation Of Cysteine-Type Endopeptidase Activity (GO:2001056),3/64,0.0262797663190797,0.1179763703033955,0,0,4.927768993925272,17.931934435559224,IFI16;TNFSF10;UACA
GO_Biological_Process_2023,Positive Regulation Of T Cell Proliferation (GO:0042102),3/65,0.0273538141573354,0.1215000321881068,0,0,4.848043229081382,17.447619395780233,IL6;IGFBP2;HLA-DPA1
GO_Biological_Process_2023,Acute Inflammatory Response (GO:0002526),2/26,0.0276271829006745,0.1215000321881068,0,0,8.323232323232324,29.871707121892776,IL6;PLSCR1
GO_Biological_Process_2023,Regulation Of Vasoconstriction (GO:0019229),2/26,0.0276271829006745,0.1215000321881068,0,0,8.323232323232324,29.871707121892776,CAV1;ECE1
GO_Biological_Process_2023,Negative Regulation Of Receptor-Mediated Endocytosis (GO:0048261),2/26,0.0276271829006745,0.1215000321881068,0,0,8.323232323232324,29.871707121892776,SDCBP;RAC1
GO_Biological_Process_2023,Plasma Membrane Invagination (GO:0099024),2/26,0.0276271829006745,0.1215000321881068,0,0,8.323232323232324,29.871707121892776,GSN;MYH9
GO_Biological_Process_2023,Regulation Of Actin Filament Bundle Assembly (GO:0032231),2/26,0.0276271829006745,0.1215000321881068,0,0,8.323232323232324,29.871707121892776,RDX;RAC1
GO_Biological_Process_2023,Regulation Of Cytoskeleton Organization (GO:0051493),4/114,0.0276467139110662,0.1215000321881068,0,0,3.653061224489796,13.108091108377458,BST2;NEDD9;ESAM;RAC1
GO_Biological_Process_2023,Regulation Of MAP Kinase Activity (GO:0043405),4/114,0.0276467139110662,0.1215000321881068,0,0,3.653061224489796,13.108091108377458,MEF2C;FLT1;HYAL2;SPRY1
GO_Biological_Process_2023,Metal Ion Transport (GO:0030001),5/171,0.0288909145265973,0.1266347172163189,0,0,3.032746370095768,10.748744933976464,RAMP2;CALCRL;RAMP3;CAV1;AQP1
GO_Biological_Process_2023,Regulation Of I-kappaB kinase/NF-kappaB Signaling (GO:0043122),6/232,0.0294780387031516,0.1279221441658707,0,0,2.678678952650305,9.43995859705951,BST2;FKBP1A;CD74;TNFSF10;CFLAR;HLA-DRB1
GO_Biological_Process_2023,T Cell Activation Involved In Immune Response (GO:0002286),2/27,0.0296442334084981,0.1279221441658707,0,0,7.98989898989899,28.11236101024157,CD74;ICAM1
GO_Biological_Process_2023,Regulation Of Immunoglobulin Production (GO:0002637),2/27,0.0296442334084981,0.1279221441658707,0,0,7.98989898989899,28.11236101024157,IL6;HLA-E
GO_Biological_Process_2023,Cortical Cytoskeleton Organization (GO:0030865),2/27,0.0296442334084981,0.1279221441658707,0,0,7.98989898989899,28.11236101024157,RAB13;RAC1
GO_Biological_Process_2023,Negative Regulation Of NIK/NF-kappaB Signaling (GO:1901223),2/27,0.0296442334084981,0.1279221441658707,0,0,7.98989898989899,28.11236101024157,TMSB4X;UACA
GO_Biological_Process_2023,Negative Regulation Of Neurogenesis (GO:0050768),2/27,0.0296442334084981,0.1279221441658707,0,0,7.98989898989899,28.11236101024157,IL6;B2M
GO_Biological_Process_2023,Skin Development (GO:0043588),3/68,0.0307146647785553,0.132199716959246,0,0,4.623584537290121,16.10401456697529,TXNIP;ITGA6;CFLAR
GO_Biological_Process_2023,Cellular Response To Tumor Necrosis Factor (GO:0071356),4/119,0.0316752226302636,0.13409930140123,0,0,3.4933451641526174,12.059797873871938,CCL14;PLVAP;HYAL2;TMSB4X
GO_Biological_Process_2023,Golgi To Plasma Membrane Protein Transport (GO:0043001),2/28,0.0317180982356202,0.13409930140123,0,0,7.682206682206682,26.51027997028578,VAMP5;SPTBN1
GO_Biological_Process_2023,Regulation Of Protein Localization To Membrane (GO:1905475),2/28,0.0317180982356202,0.13409930140123,0,0,7.682206682206682,26.51027997028578,GSN;SPTBN1
GO_Biological_Process_2023,Vascular Endothelial Growth Factor Receptor Signaling Pathway (GO:0048010),2/28,0.0317180982356202,0.13409930140123,0,0,7.682206682206682,26.51027997028578,FLT1;CLEC14A
GO_Biological_Process_2023,Negative Regulation Of Cation Channel Activity (GO:2001258),2/28,0.0317180982356202,0.13409930140123,0,0,7.682206682206682,26.51027997028578,FKBP1A;CLIC2
GO_Biological_Process_2023,Negative Regulation Of Wound Healing (GO:0061045),2/28,0.0317180982356202,0.13409930140123,0,0,7.682206682206682,26.51027997028578,THBD;TFPI
GO_Biological_Process_2023,Positive Regulation Of Fibroblast Proliferation (GO:0048146),2/28,0.0317180982356202,0.13409930140123,0,0,7.682206682206682,26.51027997028578,CD74;AQP1
GO_Biological_Process_2023,Regulation Of Endopeptidase Activity (GO:0052548),3/69,0.0318810265797797,0.1341091042524741,0,0,4.553299492385787,15.689505426965288,TIMP3;PSMB8;PSMB9
GO_Biological_Process_2023,Response To Molecule Of Bacterial Origin (GO:0002237),3/69,0.0318810265797797,0.1341091042524741,0,0,4.553299492385787,15.689505426965288,IL6;SELE;FOXP1
GO_Biological_Process_2023,Extracellular Matrix Organization (GO:0030198),5/176,0.0321401264329657,0.1348593244800322,0,0,2.9433198380566803,10.118103396736007,COL15A1;GSN;ADAM15;FLOT1;ADAMTS9
GO_Biological_Process_2023,Negative Regulation Of Extrinsic Apoptotic Signaling Pathway (GO:2001237),3/70,0.0330703326834923,0.1380686389535803,0,0,4.485112508523373,15.290280888801105,ITGA6;CFLAR;ICAM1
GO_Biological_Process_2023,Regulation Of G Protein-Coupled Receptor Signaling Pathway (GO:0008277),3/70,0.0330703326834923,0.1380686389535803,0,0,4.485112508523373,15.290280888801105,RAMP3;KCTD12;MGLL
GO_Biological_Process_2023,Response To Steroid Hormone (GO:0048545),2/29,0.0338474516440146,0.1408571321524321,0,0,7.397306397306397,25.046477343523872,CAV1;TFPI
GO_Biological_Process_2023,Regulation Of Gene Expression (GO:0010468),18/1127,0.0339069264223219,0.1408571321524321,0,0,1.6668714513619831,5.640919629625303,IL33;CD74;MEF2C;RAMP2;RAMP3;GSN;RDX;MSN;FOXP1;CDH5;CLDN5;PLSCR1;IL6;IFI16;SOX17;CTSH;CD34;ENG
GO_Biological_Process_2023,Cell-Cell Junction Assembly (GO:0007043),3/71,0.0342825169101805,0.1410142936945849,0,0,4.418931024186325,14.905583581524706,CDH5;CLDN5;RAMP2
GO_Biological_Process_2023,Kidney Development (GO:0001822),3/71,0.0342825169101805,0.1410142936945849,0,0,4.418931024186325,14.905583581524706,SOX17;HYAL2;CTSH
GO_Biological_Process_2023,Negative Regulation Of Cellular Response To Growth Factor Stimulus (GO:0090288),3/71,0.0342825169101805,0.1410142936945849,0,0,4.418931024186325,14.905583581524706,HHEX;MMRN2;SPRY1
GO_Biological_Process_2023,Negative Regulation Of Protein Binding (GO:0032091),3/71,0.0342825169101805,0.1410142936945849,0,0,4.418931024186325,14.905583581524706,ADAM15;CAV1;B2M
GO_Biological_Process_2023,Second-Messenger-Mediated Signaling (GO:0019932),3/72,0.0355175071354049,0.1457352258381478,0,0,4.354667843743103,14.534703522115317,RCAN1;MCTP1;SELE
GO_Biological_Process_2023,Artery Morphogenesis (GO:0048844),2/30,0.0360309884965366,0.1464032865917668,0,0,7.132756132756133,23.70482996930019,TGFBR2;ENG
GO_Biological_Process_2023,Negative Regulation Of Blood Coagulation (GO:0030195),2/30,0.0360309884965366,0.1464032865917668,0,0,7.132756132756133,23.70482996930019,THBD;TFPI
GO_Biological_Process_2023,Negative Regulation Of Calcium Ion Transmembrane Transporter Activity (GO:1901020),2/30,0.0360309884965366,0.1464032865917668,0,0,7.132756132756133,23.70482996930019,FKBP1A;CLIC2
GO_Biological_Process_2023,Positive Regulation Of Phosphate Metabolic Process (GO:0045937),2/30,0.0360309884965366,0.1464032865917668,0,0,7.132756132756133,23.70482996930019,SDCBP;ITGA6
GO_Biological_Process_2023,Monocarboxylic Acid Transport (GO:0015718),3/73,0.0367752254746638,0.1490646275307977,0,0,4.292240754169688,14.17697453700434,RBP7;FABP4;FABP5
GO_Biological_Process_2023,Regulation Of Extrinsic Apoptotic Signaling Pathway Via Death Domain Receptors (GO:1902041),2/31,0.0382674239788824,0.1528865981931426,0,0,6.886450714036921,22.47156498788087,CFLAR;ICAM1
GO_Biological_Process_2023,Actin Filament Polymerization (GO:0030041),2/31,0.0382674239788824,0.1528865981931426,0,0,6.886450714036921,22.47156498788087,GSN;RAC1
GO_Biological_Process_2023,Cardiac Muscle Tissue Morphogenesis (GO:0055008),2/31,0.0382674239788824,0.1528865981931426,0,0,6.886450714036921,22.47156498788087,FKBP1A;ENG
GO_Biological_Process_2023,Regulation Of Transmembrane Receptor Protein Serine/Threonine Kinase Signaling Pathway (GO:0090092),2/31,0.0382674239788824,0.1528865981931426,0,0,6.886450714036921,22.47156498788087,FKBP1A;ENG
GO_Biological_Process_2023,Response To Estradiol (GO:0032355),2/31,0.0382674239788824,0.1528865981931426,0,0,6.886450714036921,22.47156498788087,SOCS2;RAMP3
GO_Biological_Process_2023,Positive Regulation Of Proteolysis Involved In Protein Catabolic Process (GO:1903052),2/31,0.0382674239788824,0.1528865981931426,0,0,6.886450714036921,22.47156498788087,ECSCR;CTSC
GO_Biological_Process_2023,Regulation Of Tumor Necrosis Factor Production (GO:0032680),4/127,0.0388026991948337,0.154655149535495,0,0,3.264808362369338,10.608229071142864,IL33;IL6;FOXP1;HLA-E
GO_Biological_Process_2023,Negative Regulation Of Macromolecule Metabolic Process (GO:0010605),5/186,0.0393015741334146,0.1557552294829397,0,0,2.779288851112056,8.995142537647066,CLDN5;MEF2C;CD34;FOXP1;ENG
GO_Biological_Process_2023,Regulation Of Fat Cell Differentiation (GO:0045598),3/75,0.0393585070908985,0.1557552294829397,0,0,4.1725888324873095,13.498504866555718,IL6;CCDC85B;ADIRF
GO_Biological_Process_2023,Regulation Of Plasma Membrane Bounded Cell Projection Assembly (GO:0120032),3/75,0.0393585070908985,0.1557552294829397,0,0,4.1725888324873095,13.498504866555718,CAV1;RDX;RAC1
GO_Biological_Process_2023,Regulation Of Natural Killer Cell Mediated Cytotoxicity (GO:0042269),2/32,0.0405554933220173,0.1593592325829856,0,0,6.656565656565657,21.334852328849312,NECTIN2;HLA-E
GO_Biological_Process_2023,Muscle Cell Development (GO:0055001),2/32,0.0405554933220173,0.1593592325829856,0,0,6.656565656565657,21.334852328849312,RAMP2;ENG
GO_Biological_Process_2023,Negative Regulation Of Fat Cell Differentiation (GO:0045599),2/32,0.0405554933220173,0.1593592325829856,0,0,6.656565656565657,21.334852328849312,IL6;CCDC85B
GO_Biological_Process_2023,Positive Regulation Of Peptidyl-Tyrosine Phosphorylation (GO:0050731),4/130,0.0416931251530952,0.1634448802949979,0,0,3.186588921282799,10.125128273545416,CD74;IL6;PECAM1;NEDD9
GO_Biological_Process_2023,Negative Regulation Of Transforming Growth Factor Beta Receptor Signaling Pathway (GO:0030512),3/77,0.0420316296186853,0.1640019193065526,0,0,4.059404582247222,12.865604326296657,FKBP1A;CAV1;SPRY1
GO_Biological_Process_2023,Regulation Of T Cell Proliferation (GO:0042129),3/77,0.0420316296186853,0.1640019193065526,0,0,4.059404582247222,12.865604326296657,IL6;HLA-DRB1;HLA-DPA1
GO_Biological_Process_2023,Regulation Of Type I Interferon-Mediated Signaling Pathway (GO:0060338),2/33,0.0428939515536669,0.16581689605237,0,0,6.4415118931247966,20.28447846195992,STING1;CDC37
GO_Biological_Process_2023,Epithelial Tube Morphogenesis (GO:0060562),2/33,0.0428939515536669,0.16581689605237,0,0,6.4415118931247966,20.28447846195992,MEF2C;SOX17
GO_Biological_Process_2023,Ventricular Cardiac Muscle Tissue Morphogenesis (GO:0055010),2/33,0.0428939515536669,0.16581689605237,0,0,6.4415118931247966,20.28447846195992,FKBP1A;ENG
GO_Biological_Process_2023,Positive Regulation Of Cytokine Production Involved In Immune Response (GO:0002720),2/33,0.0428939515536669,0.16581689605237,0,0,6.4415118931247966,20.28447846195992,HLA-A;HLA-E
GO_Biological_Process_2023,Positive Regulation Of DNA-templated Transcription (GO:0045893),19/1243,0.0433104777721168,0.1670062718479967,0,0,1.593110172245694,5.001347453356634,IL33;CD74;MEF2C;EPAS1;ADIRF;LDB2;ELK3;PLSCR1;IL6;HHEX;IFI16;SOX17;STING1;HYAL2;TCF4;ITGA6;ERG;HLA-DRB1;ENG
GO_Biological_Process_2023,Positive Regulation Of Tumor Necrosis Factor Production (GO:0032760),3/78,0.0434016299293596,0.1670062718479967,0,0,4.00507614213198,12.564958299367063,IL33;IL6;HLA-E
GO_Biological_Process_2023,Cellular Response To Hydrogen Peroxide (GO:0070301),2/34,0.0452815731960364,0.1683783861851318,0,0,6.23989898989899,19.311583224616665,IL6;AQP1
GO_Biological_Process_2023,Cellular Response To Vascular Endothelial Growth Factor Stimulus (GO:0035924),2/34,0.0452815731960364,0.1683783861851318,0,0,6.23989898989899,19.311583224616665,RAMP2;FLT1
GO_Biological_Process_2023,Positive Regulation Of Immunoglobulin Production (GO:0002639),2/34,0.0452815731960364,0.1683783861851318,0,0,6.23989898989899,19.311583224616665,IL6;HLA-E
GO_Biological_Process_2023,Regulation Of calcineurin-NFAT Signaling Cascade (GO:0070884),2/34,0.0452815731960364,0.1683783861851318,0,0,6.23989898989899,19.311583224616665,RCAN1;LMCD1
GO_Biological_Process_2023,Antigen Receptor-Mediated Signaling Pathway (GO:0050851),4/134,0.045731924796544,0.1683783861851318,0,0,3.087912087912088,9.526081111423547,MEF2C;HLA-A;HLA-DRB1;HLA-DPA1
GO_Biological_Process_2023,Regulation Of Organelle Assembly (GO:1902115),3/80,0.0462079634844281,0.1683783861851318,0,0,3.90065264684554,11.99295882125826,GSN;RDX;MSN
GO_Biological_Process_2023,Wound Healing (GO:0042060),3/80,0.0462079634844281,0.1683783861851318,0,0,3.90065264684554,11.99295882125826,MYH9;PRCP;CFLAR
GO_Biological_Process_2023,Negative Regulation Of Protein Serine/Threonine Kinase Activity (GO:0071901),3/80,0.0462079634844281,0.1683783861851318,0,0,3.90065264684554,11.99295882125826,HHEX;HYAL2;SPRY1
GO_Biological_Process_2023,Adherens Junction Organization (GO:0034332),2/35,0.0477171520360592,0.1683783861851318,0,0,6.05050505050505,18.408446001894514,CDH5;RAMP2
GO_Biological_Process_2023,Response To Exogenous dsRNA (GO:0043330),2/35,0.0477171520360592,0.1683783861851318,0,0,6.05050505050505,18.408446001894514,STING1;FLOT1
GO_Biological_Process_2023,Macrophage Activation (GO:0042116),2/35,0.0477171520360592,0.1683783861851318,0,0,6.05050505050505,18.408446001894514,CD93;FOXP1
GO_Biological_Process_2023,Platelet Aggregation (GO:0070527),2/35,0.0477171520360592,0.1683783861851318,0,0,6.05050505050505,18.408446001894514,MYH9;MYL12A
GO_Biological_Process_2023,Positive Regulation Of Substrate Adhesion-Dependent Cell Spreading (GO:1900026),2/35,0.0477171520360592,0.1683783861851318,0,0,6.05050505050505,18.408446001894514,NEDD9;RAC1
GO_Biological_Process_2023,Regulation Of Establishment Of T Cell Polarity (GO:1903903),1/5,0.049014519870416,0.1683783861851318,0,0,24.86934673366834,74.99696447567176,GSN
GO_Biological_Process_2023,Regulation Of Extracellular Exosome Assembly (GO:1903551),1/5,0.049014519870416,0.1683783861851318,0,0,24.86934673366834,74.99696447567176,SDCBP
GO_Biological_Process_2023,L-ascorbic Acid Metabolic Process (GO:0019852),1/5,0.049014519870416,0.1683783861851318,0,0,24.86934673366834,74.99696447567176,SLC2A3
GO_Biological_Process_2023,Regulation Of Glucagon Secretion (GO:0070092),1/5,0.049014519870416,0.1683783861851318,0,0,24.86934673366834,74.99696447567176,IL6
GO_Biological_Process_2023,Regulation Of Hydrogen Peroxide Metabolic Process (GO:0010310),1/5,0.049014519870416,0.1683783861851318,0,0,24.86934673366834,74.99696447567176,RAC1
GO_Biological_Process_2023,Regulation Of Immunoglobulin Mediated Immune Response (GO:0002889),1/5,0.049014519870416,0.1683783861851318,0,0,24.86934673366834,74.99696447567176,NECTIN2
GO_Biological_Process_2023,Regulation Of Interleukin-1-Mediated Signaling Pathway (GO:2000659),1/5,0.049014519870416,0.1683783861851318,0,0,24.86934673366834,74.99696447567176,IL6
GO_Biological_Process_2023,Regulation Of Macrophage Apoptotic Process (GO:2000109),1/5,0.049014519870416,0.1683783861851318,0,0,24.86934673366834,74.99696447567176,MEF2C
GO_Biological_Process_2023,Regulation Of Macrophage Proliferation (GO:0120040),1/5,0.049014519870416,0.1683783861851318,0,0,24.86934673366834,74.99696447567176,IL33
GO_Biological_Process_2023,Regulation Of Plasma Membrane Repair (GO:1905684),1/5,0.049014519870416,0.1683783861851318,0,0,24.86934673366834,74.99696447567176,MYH9
GO_Biological_Process_2023,Regulation Of Type 2 Immune Response (GO:0002828),1/5,0.049014519870416,0.1683783861851318,0,0,24.86934673366834,74.99696447567176,CD74
GO_Biological_Process_2023,Cilium Disassembly (GO:0061523),1/5,0.049014519870416,0.1683783861851318,0,0,24.86934673366834,74.99696447567176,NEDD9
GO_Biological_Process_2023,Response To Peptidoglycan (GO:0032494),1/5,0.049014519870416,0.1683783861851318,0,0,24.86934673366834,74.99696447567176,IL6
GO_Biological_Process_2023,Response To Testosterone (GO:0033574),1/5,0.049014519870416,0.1683783861851318,0,0,24.86934673366834,74.99696447567176,MSN
GO_Biological_Process_2023,Ruffle Assembly (GO:0097178),1/5,0.049014519870416,0.1683783861851318,0,0,24.86934673366834,74.99696447567176,RAC1
GO_Biological_Process_2023,Epithelial Tube Branching Involved In Lung Morphogenesis (GO:0060441),1/5,0.049014519870416,0.1683783861851318,0,0,24.86934673366834,74.99696447567176,CTSH
GO_Biological_Process_2023,Tight Junction Organization (GO:0120193),1/5,0.049014519870416,0.1683783861851318,0,0,24.86934673366834,74.99696447567176,CLDN5
GO_Biological_Process_2023,Venous Blood Vessel Morphogenesis (GO:0048845),1/5,0.049014519870416,0.1683783861851318,0,0,24.86934673366834,74.99696447567176,ENG
GO_Biological_Process_2023,Hexose Import Across Plasma Membrane (GO:0140271),1/5,0.049014519870416,0.1683783861851318,0,0,24.86934673366834,74.99696447567176,SLC2A3
GO_Biological_Process_2023,Inflammatory Response To Wounding (GO:0090594),1/5,0.049014519870416,0.1683783861851318,0,0,24.86934673366834,74.99696447567176,IL6
GO_Biological_Process_2023,Leukocyte Apoptotic Process (GO:0071887),1/5,0.049014519870416,0.1683783861851318,0,0,24.86934673366834,74.99696447567176,IL6
GO_Biological_Process_2023,Negative Regulation Of Arp2/3 Complex-Mediated Actin Nucleation (GO:0034316),1/5,0.049014519870416,0.1683783861851318,0,0,24.86934673366834,74.99696447567176,GMFG
GO_Biological_Process_2023,Negative Regulation Of Cell Size (GO:0045792),1/5,0.049014519870416,0.1683783861851318,0,0,24.86934673366834,74.99696447567176,RDX
GO_Biological_Process_2023,Negative Regulation Of Lens Fiber Cell Differentiation (GO:1902747),1/5,0.049014519870416,0.1683783861851318,0,0,24.86934673366834,74.99696447567176,SPRY1
GO_Biological_Process_2023,Negative Regulation Of Nervous System Process (GO:0031645),1/5,0.049014519870416,0.1683783861851318,0,0,24.86934673366834,74.99696447567176,JAM2
GO_Biological_Process_2023,Nephron Tubule Development (GO:0072080),1/5,0.049014519870416,0.1683783861851318,0,0,24.86934673366834,74.99696447567176,MEF2C
GO_Biological_Process_2023,Neutrophil Extravasation (GO:0072672),1/5,0.049014519870416,0.1683783861851318,0,0,24.86934673366834,74.99696447567176,PECAM1
GO_Biological_Process_2023,Plasma Membrane Raft Organization (GO:0044857),1/5,0.049014519870416,0.1683783861851318,0,0,24.86934673366834,74.99696447567176,FLOT1
GO_Biological_Process_2023,Positive Regulation Of T Cell Mediated Immune Response To Tumor Cell (GO:0002842),1/5,0.049014519870416,0.1683783861851318,0,0,24.86934673366834,74.99696447567176,HLA-DRB1
GO_Biological_Process_2023,Positive Regulation Of Animal Organ Morphogenesis (GO:0110110),1/5,0.049014519870416,0.1683783861851318,0,0,24.86934673366834,74.99696447567176,CD34
GO_Biological_Process_2023,Positive Regulation Of Cardiac Muscle Cell Differentiation (GO:2000727),1/5,0.049014519870416,0.1683783861851318,0,0,24.86934673366834,74.99696447567176,MEF2C
GO_Biological_Process_2023,Positive Regulation Of Extrinsic Apoptotic Signaling Pathway Via Death Domain Receptors (GO:1902043),1/5,0.049014519870416,0.1683783861851318,0,0,24.86934673366834,74.99696447567176,TIMP3
GO_Biological_Process_2023,Positive Regulation Of Gap Junction Assembly (GO:1903598),1/5,0.049014519870416,0.1683783861851318,0,0,24.86934673366834,74.99696447567176,CAV1
GO_Biological_Process_2023,Positive Regulation Of Natural Killer Cell Mediated Cytotoxicity Directed Against Tumor Cell Target (GO:0002860),1/5,0.049014519870416,0.1683783861851318,0,0,24.86934673366834,74.99696447567176,NECTIN2
GO_Biological_Process_2023,Positive Regulation Of Natural Killer Cell Mediated Immune Response To Tumor Cell (GO:0002857),1/5,0.049014519870416,0.1683783861851318,0,0,24.86934673366834,74.99696447567176,NECTIN2
GO_Biological_Process_2023,Positive Regulation Of Receptor Binding (GO:1900122),1/5,0.049014519870416,0.1683783861851318,0,0,24.86934673366834,74.99696447567176,B2M
GO_Biological_Process_2023,Positive Regulation Of Urine Volume (GO:0035810),1/5,0.049014519870416,0.1683783861851318,0,0,24.86934673366834,74.99696447567176,HYAL2
GO_Biological_Process_2023,Positive Regulation Of Vascular Associated Smooth Muscle Cell Differentiation (GO:1905065),1/5,0.049014519870416,0.1683783861851318,0,0,24.86934673366834,74.99696447567176,ENG
GO_Biological_Process_2023,Regulation Of Apoptotic DNA Fragmentation (GO:1902510),1/5,0.049014519870416,0.1683783861851318,0,0,24.86934673366834,74.99696447567176,IL6
GO_Biological_Process_2023,Positive Regulation Of Tumor Necrosis Factor Superfamily Cytokine Production (GO:1903557),3/82,0.049101960522251,0.1683783861851318,0,0,3.801516417143224,11.457224263457675,IL33;IL6;HLA-E
GO_Biological_Process_2023,Positive Regulation Of Interferon-Beta Production (GO:0032728),2/36,0.0501995008461569,0.1714379681249122,0,0,5.872251931075461,17.568310863627904,STING1;FLOT1
GO_Biological_Process_2023,Positive Regulation Of Phospholipase C Activity (GO:0010863),2/36,0.0501995008461569,0.1714379681249122,0,0,5.872251931075461,17.568310863627904,FLT1;SELE
GO_Biological_Process_2023,Intracellular Calcium Ion Homeostasis (GO:0006874),4/139,0.0510769764470063,0.1740786748295932,0,0,2.9727891156462585,8.842327688335232,CCL14;CDH5;CAV2;CAV1
GO_Biological_Process_2023,Positive Regulation Of Signal Transduction (GO:0009967),6/266,0.0514513313136005,0.1747119120324875,0,0,2.324345757335448,6.896610322406802,CD74;IL6;HHEX;VWF;CAV2;CTSH
GO_Biological_Process_2023,Regulation Of Apoptotic Process (GO:0042981),12/705,0.0514720124071759,0.1747119120324875,0,0,1.7598784194528876,5.221061343607402,SOCS2;SOCS3;CD74;MEF2C;IL6;TSC22D1;TNFSF10;CTSH;ITGA6;CFLAR;IFIT3;AQP1
GO_Biological_Process_2023,Regulation Of Cysteine-Type Endopeptidase Activity Involved In Apoptotic Process (GO:0043281),3/84,0.0520826238943719,0.1751606458259032,0,0,3.707275803722504,10.954717877625804,TNFSF10;UACA;AQP1
GO_Biological_Process_2023,Regulation Of Interleukin-1 Beta Production (GO:0032651),3/84,0.0520826238943719,0.1751606458259032,0,0,3.707275803722504,10.954717877625804,IL6;IFI16;FOXP1
GO_Biological_Process_2023,Positive Regulation Of Immune Effector Process (GO:0002699),2/37,0.0527274511453542,0.1751606458259032,0,0,5.704184704184704,16.785242657704043,HLA-DRA;HLA-DRB1
GO_Biological_Process_2023,Positive Regulation Of Signaling (GO:0023056),2/37,0.0527274511453542,0.1751606458259032,0,0,5.704184704184704,16.785242657704043,RAMP3;ECE1
GO_Biological_Process_2023,Regulation Of Cellular Component Biogenesis (GO:0044087),2/37,0.0527274511453542,0.1751606458259032,0,0,5.704184704184704,16.785242657704043,RDX;MSN
GO_Biological_Process_2023,Regulation Of Osteoblast Differentiation (GO:0045667),3/85,0.0536051258792773,0.1751606458259032,0,0,3.661879410672279,10.71506409870918,IFITM1;MEF2C;IL6
GO_Biological_Process_2023,Calcium-Mediated Signaling (GO:0019722),3/85,0.0536051258792773,0.1751606458259032,0,0,3.661879410672279,10.71506409870918,RCAN1;MCTP1;SELE
GO_Biological_Process_2023,Response To Interleukin-1 (GO:0070555),3/85,0.0536051258792773,0.1751606458259032,0,0,3.661879410672279,10.71506409870918,CCL14;HYAL2;SELE
GO_Biological_Process_2023,Epidermis Development (GO:0008544),3/85,0.0536051258792773,0.1751606458259032,0,0,3.661879410672279,10.71506409870918,FABP5;CCN2;HLA-DRB1
GO_Biological_Process_2023,Defense Response To Bacterium (GO:0042742),5/204,0.0544705711947349,0.1751606458259032,0,0,2.525576600953485,7.349667083989915,IL6;HLA-A;RNASE1;AQP1;HLA-E
GO_Biological_Process_2023,Regulation Of Neurotransmitter Secretion (GO:0046928),2/38,0.0552998529270401,0.1751606458259032,0,0,5.545454545454546,16.054007893661755,MEF2C;MCTP1
GO_Biological_Process_2023,Response To Transforming Growth Factor Beta (GO:0071559),2/38,0.0552998529270401,0.1751606458259032,0,0,5.545454545454546,16.054007893661755,MEF2C;HYAL2
GO_Biological_Process_2023,Tumor Necrosis Factor-Mediated Signaling Pathway (GO:0033209),2/38,0.0552998529270401,0.1751606458259032,0,0,5.545454545454546,16.054007893661755,PLVAP;TMSB4X
GO_Biological_Process_2023,Lymphocyte Proliferation (GO:0046651),2/38,0.0552998529270401,0.1751606458259032,0,0,5.545454545454546,16.054007893661755,MEF2C;MSN
GO_Biological_Process_2023,Positive Regulation Of Production Of Molecular Mediator Of Immune Response (GO:0002702),2/38,0.0552998529270401,0.1751606458259032,0,0,5.545454545454546,16.054007893661755,IL6;HLA-E
GO_Biological_Process_2023,Regulation Of Type II Interferon Production (GO:0032649),3/87,0.0567137775073644,0.1751606458259032,0,0,3.574329224075417,10.257388785645556,HLA-A;HLA-DRB1;HLA-DPA1
GO_Biological_Process_2023,Glucose Homeostasis (GO:0042593),3/87,0.0567137775073644,0.1751606458259032,0,0,3.574329224075417,10.257388785645556,BACE2;IL6;PDK4
GO_Biological_Process_2023,RNA Transport (GO:0050658),2/39,0.0579155744332589,0.1751606458259032,0,0,5.395304395304395,15.369975594462096,FLOT1;TGFBR2
GO_Biological_Process_2023,Regulation Of Nitric Oxide Biosynthetic Process (GO:0045428),2/39,0.0579155744332589,0.1751606458259032,0,0,5.395304395304395,15.369975594462096,CAV1;RAC1
GO_Biological_Process_2023,Vitamin Transport (GO:0051180),2/39,0.0579155744332589,0.1751606458259032,0,0,5.395304395304395,15.369975594462096,SLC2A3;CD320
GO_Biological_Process_2023,Positive Regulation Of Pattern Recognition Receptor Signaling Pathway (GO:0062208),2/39,0.0579155744332589,0.1751606458259032,0,0,5.395304395304395,15.369975594462096,CAV1;FLOT1
GO_Biological_Process_2023,SMAD Protein Complex Assembly (GO:0007183),1/6,0.0585267307609904,0.1751606458259032,0,0,19.894472361809044,56.46591775214154,FKBP1A
GO_Biological_Process_2023,Actin Filament Reorganization (GO:0090527),1/6,0.0585267307609904,0.1751606458259032,0,0,19.894472361809044,56.46591775214154,NEDD9
GO_Biological_Process_2023,Regulation Of Lens Fiber Cell Differentiation (GO:1902746),1/6,0.0585267307609904,0.1751606458259032,0,0,19.894472361809044,56.46591775214154,SPRY1
GO_Biological_Process_2023,Angiotensin-Activated Signaling Pathway (GO:0038166),1/6,0.0585267307609904,0.1751606458259032,0,0,19.894472361809044,56.46591775214154,CAV1
GO_Biological_Process_2023,Antigen Processing And Presentation Of Endogenous Peptide Antigen Via MHC Class I (GO:0019885),1/6,0.0585267307609904,0.1751606458259032,0,0,19.894472361809044,56.46591775214154,HLA-A
GO_Biological_Process_2023,Antigen Processing And Presentation Of Exogenous Peptide Antigen Via MHC Class I (GO:0042590),1/6,0.0585267307609904,0.1751606458259032,0,0,19.894472361809044,56.46591775214154,HLA-A
GO_Biological_Process_2023,Regulation Of Natural Killer Cell Cytokine Production (GO:0002727),1/6,0.0585267307609904,0.1751606458259032,0,0,19.894472361809044,56.46591775214154,HLA-E
GO_Biological_Process_2023,Regulation Of Prostaglandin Biosynthetic Process (GO:0031392),1/6,0.0585267307609904,0.1751606458259032,0,0,19.894472361809044,56.46591775214154,CD74
GO_Biological_Process_2023,Cellular Hyperosmotic Response (GO:0071474),1/6,0.0585267307609904,0.1751606458259032,0,0,19.894472361809044,56.46591775214154,AQP1
GO_Biological_Process_2023,Regulation Of Skeletal Muscle Satellite Cell Proliferation (GO:0014842),1/6,0.0585267307609904,0.1751606458259032,0,0,19.894472361809044,56.46591775214154,CFLAR
GO_Biological_Process_2023,Response To Lead Ion (GO:0010288),1/6,0.0585267307609904,0.1751606458259032,0,0,19.894472361809044,56.46591775214154,PLSCR1
GO_Biological_Process_2023,Dorsal Aorta Development (GO:0035907),1/6,0.0585267307609904,0.1751606458259032,0,0,19.894472361809044,56.46591775214154,ENG
GO_Biological_Process_2023,Dorsal Aorta Morphogenesis (GO:0035912),1/6,0.0585267307609904,0.1751606458259032,0,0,19.894472361809044,56.46591775214154,ENG
GO_Biological_Process_2023,Epithelial Cell Differentiation Involved In Kidney Development (GO:0035850),1/6,0.0585267307609904,0.1751606458259032,0,0,19.894472361809044,56.46591775214154,MEF2C
GO_Biological_Process_2023,"Substrate-Dependent Cell Migration, Cell Extension (GO:0006930)",1/6,0.0585267307609904,0.1751606458259032,0,0,19.894472361809044,56.46591775214154,SDCBP
GO_Biological_Process_2023,Forebrain Neuron Development (GO:0021884),1/6,0.0585267307609904,0.1751606458259032,0,0,19.894472361809044,56.46591775214154,CCL14
GO_Biological_Process_2023,Gland Morphogenesis (GO:0022612),1/6,0.0585267307609904,0.1751606458259032,0,0,19.894472361809044,56.46591775214154,MSN
GO_Biological_Process_2023,Glutathione Biosynthetic Process (GO:0006750),1/6,0.0585267307609904,0.1751606458259032,0,0,19.894472361809044,56.46591775214154,MGST2
GO_Biological_Process_2023,Ureter Development (GO:0072189),1/6,0.0585267307609904,0.1751606458259032,0,0,19.894472361809044,56.46591775214154,SOX17
GO_Biological_Process_2023,Vascular Wound Healing (GO:0061042),1/6,0.0585267307609904,0.1751606458259032,0,0,19.894472361809044,56.46591775214154,CD34
GO_Biological_Process_2023,Heart Trabecula Formation (GO:0060347),1/6,0.0585267307609904,0.1751606458259032,0,0,19.894472361809044,56.46591775214154,FKBP1A
GO_Biological_Process_2023,Hemostasis (GO:0007599),1/6,0.0585267307609904,0.1751606458259032,0,0,19.894472361809044,56.46591775214154,VWF
GO_Biological_Process_2023,Hepatocyte Growth Factor Receptor Signaling Pathway (GO:0048012),1/6,0.0585267307609904,0.1751606458259032,0,0,19.894472361809044,56.46591775214154,RAC1
GO_Biological_Process_2023,Interleukin-3-Mediated Signaling Pathway (GO:0038156),1/6,0.0585267307609904,0.1751606458259032,0,0,19.894472361809044,56.46591775214154,IL3RA
GO_Biological_Process_2023,Lymphocyte Migration Into Lymphoid Organs (GO:0097021),1/6,0.0585267307609904,0.1751606458259032,0,0,19.894472361809044,56.46591775214154,NEDD9
GO_Biological_Process_2023,Membrane Biogenesis (GO:0044091),1/6,0.0585267307609904,0.1751606458259032,0,0,19.894472361809044,56.46591775214154,SPTBN1
GO_Biological_Process_2023,Monoacylglycerol Catabolic Process (GO:0052651),1/6,0.0585267307609904,0.1751606458259032,0,0,19.894472361809044,56.46591775214154,MGLL
GO_Biological_Process_2023,Negative Regulation Of RIG-I Signaling Pathway (GO:0039536),1/6,0.0585267307609904,0.1751606458259032,0,0,19.894472361809044,56.46591775214154,SEC14L1
GO_Biological_Process_2023,Negative Regulation Of Blood Vessel Endothelial Cell Proliferation Involved In Sprouting Angiogenesis (GO:1903588),1/6,0.0585267307609904,0.1751606458259032,0,0,19.894472361809044,56.46591775214154,MMRN2
GO_Biological_Process_2023,Negative Regulation Of Membrane Protein Ectodomain Proteolysis (GO:0051045),1/6,0.0585267307609904,0.1751606458259032,0,0,19.894472361809044,56.46591775214154,TIMP3
GO_Biological_Process_2023,Negative Regulation Of miRNA Processing (GO:1903799),1/6,0.0585267307609904,0.1751606458259032,0,0,19.894472361809044,56.46591775214154,IL6
GO_Biological_Process_2023,Positive Regulation Of B Cell Receptor Signaling Pathway (GO:0050861),1/6,0.0585267307609904,0.1751606458259032,0,0,19.894472361809044,56.46591775214154,FOXP1
GO_Biological_Process_2023,Positive Regulation Of ER-associated Ubiquitin-Dependent Protein Catabolic Process (GO:1903071),1/6,0.0585267307609904,0.1751606458259032,0,0,19.894472361809044,56.46591775214154,CAV1
GO_Biological_Process_2023,Positive Regulation Of Cysteine-Type Endopeptidase Activity Involved In Apoptotic Signaling Pathway (GO:2001269),1/6,0.0585267307609904,0.1751606458259032,0,0,19.894472361809044,56.46591775214154,GSN
GO_Biological_Process_2023,Positive Regulation Of Gliogenesis (GO:0014015),1/6,0.0585267307609904,0.1751606458259032,0,0,19.894472361809044,56.46591775214154,IL6
GO_Biological_Process_2023,Positive Regulation Of Immune Response To Tumor Cell (GO:0002839),1/6,0.0585267307609904,0.1751606458259032,0,0,19.894472361809044,56.46591775214154,HLA-DRB1
GO_Biological_Process_2023,Positive Regulation Of Leukocyte Tethering Or Rolling (GO:1903238),1/6,0.0585267307609904,0.1751606458259032,0,0,19.894472361809044,56.46591775214154,SELE
GO_Biological_Process_2023,Positive Regulation Of Mast Cell Activation (GO:0033005),1/6,0.0585267307609904,0.1751606458259032,0,0,19.894472361809044,56.46591775214154,NECTIN2
GO_Biological_Process_2023,Positive Regulation Of Natural Killer Cell Cytokine Production (GO:0002729),1/6,0.0585267307609904,0.1751606458259032,0,0,19.894472361809044,56.46591775214154,HLA-E
GO_Biological_Process_2023,Positive Regulation Of Toll-Like Receptor 3 Signaling Pathway (GO:0034141),1/6,0.0585267307609904,0.1751606458259032,0,0,19.894472361809044,56.46591775214154,FLOT1
GO_Biological_Process_2023,Positive Regulation Of Unsaturated Fatty Acid Biosynthetic Process (GO:2001280),1/6,0.0585267307609904,0.1751606458259032,0,0,19.894472361809044,56.46591775214154,CD74
GO_Biological_Process_2023,Protein Localization To Basolateral Plasma Membrane (GO:1903361),1/6,0.0585267307609904,0.1751606458259032,0,0,19.894472361809044,56.46591775214154,CAV1
GO_Biological_Process_2023,Receptor-Mediated Virion Attachment To Host Cell (GO:0046813),1/6,0.0585267307609904,0.1751606458259032,0,0,19.894472361809044,56.46591775214154,ICAM1
GO_Biological_Process_2023,Regulation Of T Cell Mediated Immune Response To Tumor Cell (GO:0002840),1/6,0.0585267307609904,0.1751606458259032,0,0,19.894472361809044,56.46591775214154,HLA-DRB1
GO_Biological_Process_2023,Regulation Of Cell Adhesion Molecule Production (GO:0060353),1/6,0.0585267307609904,0.1751606458259032,0,0,19.894472361809044,56.46591775214154,CAV1
GO_Biological_Process_2023,Positive Regulation Of Peptidyl-Serine Phosphorylation (GO:0033138),3/89,0.0599063264776533,0.1789688107650824,0,0,3.490851139180734,9.82665226973149,IL6;RAMP3;CAV1
GO_Biological_Process_2023,Regulation Of Cytokine-Mediated Signaling Pathway (GO:0001959),2/40,0.0605735018773766,0.1796762844320054,0,0,5.253056884635832,14.729034349424168,CD74;CDC37
GO_Biological_Process_2023,Regulation Of Cytosolic Calcium Ion Concentration (GO:0051480),2/40,0.0605735018773766,0.1796762844320054,0,0,5.253056884635832,14.729034349424168,CAV2;CAV1
GO_Biological_Process_2023,Regulation Of Microtubule Polymerization (GO:0031113),2/40,0.0605735018773766,0.1796762844320054,0,0,5.253056884635832,14.729034349424168,CDH5;RAC1
GO_Biological_Process_2023,Negative Regulation Of Cell-Cell Adhesion (GO:0022408),2/40,0.0605735018773766,0.1796762844320054,0,0,5.253056884635832,14.729034349424168,RDX;FXYD5
GO_Biological_Process_2023,Regulation Of Peptidyl-Tyrosine Phosphorylation (GO:0050730),3/90,0.0615336873024211,0.1822008116933391,0,0,3.450551374059163,9.62072552614985,CD74;IL6;PECAM1
GO_Biological_Process_2023,Stem Cell Differentiation (GO:0048863),2/41,0.0632725392250683,0.1866875273955196,0,0,5.118104118104118,14.127522570834804,MEF2C;MEOX1
GO_Biological_Process_2023,Positive Regulation Of Response To Biotic Stimulus (GO:0002833),2/41,0.0632725392250683,0.1866875273955196,0,0,5.118104118104118,14.127522570834804,PLSCR1;MMRN2
GO_Biological_Process_2023,Positive Regulation Of Protein Catabolic Process (GO:0045732),3/92,0.0648498030509546,0.1875486430476781,0,0,3.3726686819141047,9.226546999073705,RDX;ECSCR;MSN
GO_Biological_Process_2023,Branching Morphogenesis Of An Epithelial Tube (GO:0048754),2/42,0.0660116079502312,0.1875486430476781,0,0,4.98989898989899,13.5621695873434,TGFBR2;ENG
GO_Biological_Process_2023,Keratinocyte Differentiation (GO:0030216),2/42,0.0660116079502312,0.1875486430476781,0,0,4.98989898989899,13.5621695873434,TXNIP;CFLAR
GO_Biological_Process_2023,Positive Regulation Of Calcium Ion Transmembrane Transport (GO:1904427),2/42,0.0660116079502312,0.1875486430476781,0,0,4.98989898989899,13.5621695873434,RAMP3;CAV1
GO_Biological_Process_2023,Positive Regulation Of Neuron Differentiation (GO:0045666),2/42,0.0660116079502312,0.1875486430476781,0,0,4.98989898989899,13.5621695873434,MEF2C;TCF4
GO_Biological_Process_2023,Positive Regulation Of NF-kappaB Transcription Factor Activity (GO:0051092),4/152,0.0665001173925767,0.1875486430476781,0,0,2.709873138444567,7.345250879126401,IL6;CAV1;FLOT1;CFLAR
GO_Biological_Process_2023,Regulation Of Peptidyl-Serine Phosphorylation (GO:0033135),3/93,0.0665382374289198,0.1875486430476781,0,0,3.33502538071066,9.037847070802028,IL6;RAMP3;CAV1
GO_Biological_Process_2023,Positive Regulation Of Cellular Component Biogenesis (GO:0044089),3/93,0.0665382374289198,0.1875486430476781,0,0,3.33502538071066,9.037847070802028,CDH5;SDCBP;FLOT1
GO_Biological_Process_2023,Regulation Of Leukocyte Proliferation (GO:0070663),1/7,0.0679442688885301,0.1875486430476781,0,0,16.57788944723618,44.57906348265406,HHEX
GO_Biological_Process_2023,Regulation Of Myeloid Leukocyte Differentiation (GO:0002761),1/7,0.0679442688885301,0.1875486430476781,0,0,16.57788944723618,44.57906348265406,FOXP1
GO_Biological_Process_2023,Regulation Of Natural Killer Cell Mediated Cytotoxicity Directed Against Tumor Cell Target (GO:0002858),1/7,0.0679442688885301,0.1875486430476781,0,0,16.57788944723618,44.57906348265406,NECTIN2
GO_Biological_Process_2023,Regulation Of Nitric Oxide Metabolic Process (GO:0080164),1/7,0.0679442688885301,0.1875486430476781,0,0,16.57788944723618,44.57906348265406,RAC1
GO_Biological_Process_2023,Cardiac Atrium Development (GO:0003230),1/7,0.0679442688885301,0.1875486430476781,0,0,16.57788944723618,44.57906348265406,ENG
GO_Biological_Process_2023,Cellular Modified Amino Acid Biosynthetic Process (GO:0042398),1/7,0.0679442688885301,0.1875486430476781,0,0,16.57788944723618,44.57906348265406,PLSCR1
GO_Biological_Process_2023,Regulation Of Transforming Growth Factor Beta Activation (GO:1901388),1/7,0.0679442688885301,0.1875486430476781,0,0,16.57788944723618,44.57906348265406,LRRC32
GO_Biological_Process_2023,Cytoplasmic Sequestering Of NF-kappaB (GO:0007253),1/7,0.0679442688885301,0.1875486430476781,0,0,16.57788944723618,44.57906348265406,TMSB4X
GO_Biological_Process_2023,Estrogen Biosynthetic Process (GO:0006703),1/7,0.0679442688885301,0.1875486430476781,0,0,16.57788944723618,44.57906348265406,HSD17B11
GO_Biological_Process_2023,Fructose Transmembrane Transport (GO:0015755),1/7,0.0679442688885301,0.1875486430476781,0,0,16.57788944723618,44.57906348265406,SLC2A3
GO_Biological_Process_2023,Venous Blood Vessel Development (GO:0060841),1/7,0.0679442688885301,0.1875486430476781,0,0,16.57788944723618,44.57906348265406,ENG
GO_Biological_Process_2023,Ventricular Trabecula Myocardium Morphogenesis (GO:0003222),1/7,0.0679442688885301,0.1875486430476781,0,0,16.57788944723618,44.57906348265406,ENG
GO_Biological_Process_2023,Immunological Synapse Formation (GO:0001771),1/7,0.0679442688885301,0.1875486430476781,0,0,16.57788944723618,44.57906348265406,MSN
GO_Biological_Process_2023,Leukocyte Aggregation (GO:0070486),1/7,0.0679442688885301,0.1875486430476781,0,0,16.57788944723618,44.57906348265406,JAM2
GO_Biological_Process_2023,Myeloid Leukocyte Mediated Immunity (GO:0002444),1/7,0.0679442688885301,0.1875486430476781,0,0,16.57788944723618,44.57906348265406,IL6
GO_Biological_Process_2023,Negative Regulation Of B Cell Apoptotic Process (GO:0002903),1/7,0.0679442688885301,0.1875486430476781,0,0,16.57788944723618,44.57906348265406,FOXP1
GO_Biological_Process_2023,Negative Regulation Of Actin Nucleation (GO:0051126),1/7,0.0679442688885301,0.1875486430476781,0,0,16.57788944723618,44.57906348265406,GMFG
GO_Biological_Process_2023,Negative Regulation Of Inflammatory Response To Wounding (GO:0106015),1/7,0.0679442688885301,0.1875486430476781,0,0,16.57788944723618,44.57906348265406,IL33
GO_Biological_Process_2023,Negative Regulation Of Leukocyte Proliferation (GO:0070664),1/7,0.0679442688885301,0.1875486430476781,0,0,16.57788944723618,44.57906348265406,IL33
GO_Biological_Process_2023,Negative Regulation Of Nitric Oxide Biosynthetic Process (GO:0045019),1/7,0.0679442688885301,0.1875486430476781,0,0,16.57788944723618,44.57906348265406,CAV1
GO_Biological_Process_2023,Negative Regulation Of Nitric Oxide Metabolic Process (GO:1904406),1/7,0.0679442688885301,0.1875486430476781,0,0,16.57788944723618,44.57906348265406,CAV1
GO_Biological_Process_2023,Nonribosomal Peptide Biosynthetic Process (GO:0019184),1/7,0.0679442688885301,0.1875486430476781,0,0,16.57788944723618,44.57906348265406,MGST2
GO_Biological_Process_2023,Peptidyl-Tyrosine Dephosphorylation Involved In Inactivation Of Protein Kinase Activity (GO:1990264),1/7,0.0679442688885301,0.1875486430476781,0,0,16.57788944723618,44.57906348265406,PTPRB
GO_Biological_Process_2023,Plasma Membrane Phospholipid Scrambling (GO:0017121),1/7,0.0679442688885301,0.1875486430476781,0,0,16.57788944723618,44.57906348265406,PLSCR1
GO_Biological_Process_2023,Positive Regulation Of T-helper 2 Cell Cytokine Production (GO:2000553),1/7,0.0679442688885301,0.1875486430476781,0,0,16.57788944723618,44.57906348265406,IL6
GO_Biological_Process_2023,Positive Regulation Of Epithelial Tube Formation (GO:1905278),1/7,0.0679442688885301,0.1875486430476781,0,0,16.57788944723618,44.57906348265406,MMRN2
GO_Biological_Process_2023,Positive Regulation Of Extracellular Matrix Disassembly (GO:0090091),1/7,0.0679442688885301,0.1875486430476781,0,0,16.57788944723618,44.57906348265406,IL6
GO_Biological_Process_2023,Positive Regulation Of Isomerase Activity (GO:0010912),1/7,0.0679442688885301,0.1875486430476781,0,0,16.57788944723618,44.57906348265406,PLSCR1
GO_Biological_Process_2023,Positive Regulation Of Myeloid Cell Apoptotic Process (GO:0033034),1/7,0.0679442688885301,0.1875486430476781,0,0,16.57788944723618,44.57906348265406,MEF2C
GO_Biological_Process_2023,Positive Regulation Of Natural Killer Cell Proliferation (GO:0032819),1/7,0.0679442688885301,0.1875486430476781,0,0,16.57788944723618,44.57906348265406,HLA-E
GO_Biological_Process_2023,Regulation Of Cardiac Muscle Cell Action Potential Involved In Regulation Of Contraction (GO:0098909),1/7,0.0679442688885301,0.1875486430476781,0,0,16.57788944723618,44.57906348265406,CAV1
GO_Biological_Process_2023,Response To Amyloid-Beta (GO:1904645),2/43,0.0687896467784887,0.1892565240857928,0,0,4.867947770386794,13.030045670347697,RAMP3;ICAM1
GO_Biological_Process_2023,Positive Regulation Of Stress Fiber Assembly (GO:0051496),2/43,0.0687896467784887,0.1892565240857928,0,0,4.867947770386794,13.030045670347697,CCN2;RAC1
GO_Biological_Process_2023,T Cell Receptor Signaling Pathway (GO:0050852),3/95,0.0699750364747784,0.1918855680014451,0,0,3.2621937762083424,8.676185118672581,HLA-A;HLA-DRB1;HLA-DPA1
GO_Biological_Process_2023,Cell Junction Assembly (GO:0034329),3/95,0.0699750364747784,0.1918855680014451,0,0,3.2621937762083424,8.676185118672581,CDH5;CLDN5;ITGA6
GO_Biological_Process_2023,Phosphatidylinositol Phosphate Biosynthetic Process (GO:0046854),2/44,0.0716056114889121,0.1953943973635349,0,0,4.751803751803752,12.52851945708889,SOCS2;SOCS3
GO_Biological_Process_2023,Positive Regulation Of Chemotaxis (GO:0050921),2/44,0.0716056114889121,0.1953943973635349,0,0,4.751803751803752,12.52851945708889,IL6;TMSB4X
GO_Biological_Process_2023,Positive Regulation Of Cytokine-Mediated Signaling Pathway (GO:0001961),2/44,0.0716056114889121,0.1953943973635349,0,0,4.751803751803752,12.52851945708889,CD74;STING1
GO_Biological_Process_2023,Positive Regulation Of Supramolecular Fiber Organization (GO:1902905),3/96,0.0717230639353225,0.1953956227928037,0,0,3.2269526772556083,8.502836079014903,GSN;CDC42EP3;RAC1
GO_Biological_Process_2023,Triglyceride Metabolic Process (GO:0006641),2/45,0.0744584746361064,0.197809902554281,0,0,4.641061780596664,12.055221541075596,CAV1;PLAAT3
GO_Biological_Process_2023,MAPK Cascade (GO:0000165),3/98,0.0752775128137596,0.197809902554281,0,0,3.158696232968208,8.170200992229566,PLVAP;MEF2C;CTSH
GO_Biological_Process_2023,Cellular Response To Insulin Stimulus (GO:0032869),3/99,0.0770835823208496,0.197809902554281,0,0,3.125634517766497,8.010579186959143,CAV2;RAB13;PDK4
GO_Biological_Process_2023,Regulation Of Dendritic Spine Maintenance (GO:1902950),1/8,0.0772680713380291,0.197809902554281,0,0,14.208901651112706,36.38152974515558,NEDD9
GO_Biological_Process_2023,N-acylphosphatidylethanolamine Metabolic Process (GO:0070292),1/8,0.0772680713380291,0.197809902554281,0,0,14.208901651112706,36.38152974515558,PLAAT3
GO_Biological_Process_2023,Regulation Of Gap Junction Assembly (GO:1903596),1/8,0.0772680713380291,0.197809902554281,0,0,14.208901651112706,36.38152974515558,CAV1
GO_Biological_Process_2023,Regulation Of Glial Cell Proliferation (GO:0060251),1/8,0.0772680713380291,0.197809902554281,0,0,14.208901651112706,36.38152974515558,IL6
GO_Biological_Process_2023,Regulation Of Interleukin-23 Production (GO:0032667),1/8,0.0772680713380291,0.197809902554281,0,0,14.208901651112706,36.38152974515558,RAC1
GO_Biological_Process_2023,Regulation Of Macrophage Migration (GO:1905521),1/8,0.0772680713380291,0.197809902554281,0,0,14.208901651112706,36.38152974515558,MTUS1
GO_Biological_Process_2023,Regulation Of Pattern Recognition Receptor Signaling Pathway (GO:0062207),1/8,0.0772680713380291,0.197809902554281,0,0,14.208901651112706,36.38152974515558,FLOT1
GO_Biological_Process_2023,Regulation Of Pinocytosis (GO:0048548),1/8,0.0772680713380291,0.197809902554281,0,0,14.208901651112706,36.38152974515558,CAV1
GO_Biological_Process_2023,Regulation Of Podosome Assembly (GO:0071801),1/8,0.0772680713380291,0.197809902554281,0,0,14.208901651112706,36.38152974515558,GSN
GO_Biological_Process_2023,Regulation Of Skeletal Muscle Cell Differentiation (GO:2001014),1/8,0.0772680713380291,0.197809902554281,0,0,14.208901651112706,36.38152974515558,MEF2C
GO_Biological_Process_2023,Regulation Of Toll-Like Receptor 3 Signaling Pathway (GO:0034139),1/8,0.0772680713380291,0.197809902554281,0,0,14.208901651112706,36.38152974515558,FLOT1
GO_Biological_Process_2023,Cellular Response To Muramyl Dipeptide (GO:0071225),1/8,0.0772680713380291,0.197809902554281,0,0,14.208901651112706,36.38152974515558,VIM
GO_Biological_Process_2023,Regulation Of Tumor Necrosis Factor Superfamily Cytokine Production (GO:1903555),1/8,0.0772680713380291,0.197809902554281,0,0,14.208901651112706,36.38152974515558,FOXP1
GO_Biological_Process_2023,Regulation Of Urine Volume (GO:0035809),1/8,0.0772680713380291,0.197809902554281,0,0,14.208901651112706,36.38152974515558,HYAL2
GO_Biological_Process_2023,Cobalamin Transport (GO:0015889),1/8,0.0772680713380291,0.197809902554281,0,0,14.208901651112706,36.38152974515558,CD320
GO_Biological_Process_2023,Dehydroascorbic Acid Transport (GO:0070837),1/8,0.0772680713380291,0.197809902554281,0,0,14.208901651112706,36.38152974515558,SLC2A3
GO_Biological_Process_2023,Endochondral Ossification (GO:0001958),1/8,0.0772680713380291,0.197809902554281,0,0,14.208901651112706,36.38152974515558,MEF2C
GO_Biological_Process_2023,Skeletal Myofibril Assembly (GO:0014866),1/8,0.0772680713380291,0.197809902554281,0,0,14.208901651112706,36.38152974515558,CFLAR
GO_Biological_Process_2023,Skin Morphogenesis (GO:0043589),1/8,0.0772680713380291,0.197809902554281,0,0,14.208901651112706,36.38152974515558,ITGA6
GO_Biological_Process_2023,Endothelial Cell Chemotaxis (GO:0035767),1/8,0.0772680713380291,0.197809902554281,0,0,14.208901651112706,36.38152974515558,RAB13
GO_Biological_Process_2023,Somite Development (GO:0061053),1/8,0.0772680713380291,0.197809902554281,0,0,14.208901651112706,36.38152974515558,MEOX1
GO_Biological_Process_2023,Sphingosine-1-Phosphate Receptor Signaling Pathway (GO:0003376),1/8,0.0772680713380291,0.197809902554281,0,0,14.208901651112706,36.38152974515558,RAC1
GO_Biological_Process_2023,Epithelial To Mesenchymal Transition Involved In Endocardial Cushion Formation (GO:0003198),1/8,0.0772680713380291,0.197809902554281,0,0,14.208901651112706,36.38152974515558,ENG
GO_Biological_Process_2023,Hyaluronan Catabolic Process (GO:0030214),1/8,0.0772680713380291,0.197809902554281,0,0,14.208901651112706,36.38152974515558,HYAL2
GO_Biological_Process_2023,Membrane Lipid Catabolic Process (GO:0046466),1/8,0.0772680713380291,0.197809902554281,0,0,14.208901651112706,36.38152974515558,MGST2
GO_Biological_Process_2023,Negative Regulation Of Systemic Arterial Blood Pressure (GO:0003085),1/8,0.0772680713380291,0.197809902554281,0,0,14.208901651112706,36.38152974515558,PRCP
GO_Biological_Process_2023,Positive Regulation Of ATP Biosynthetic Process (GO:2001171),1/8,0.0772680713380291,0.197809902554281,0,0,14.208901651112706,36.38152974515558,TMSB4X
GO_Biological_Process_2023,Positive Regulation Of Calcium Ion Import Across Plasma Membrane (GO:1905665),1/8,0.0772680713380291,0.197809902554281,0,0,14.208901651112706,36.38152974515558,RAMP3
GO_Biological_Process_2023,Positive Regulation Of Cell-Cell Adhesion Mediated By Cadherin (GO:2000049),1/8,0.0772680713380291,0.197809902554281,0,0,14.208901651112706,36.38152974515558,FLOT1
GO_Biological_Process_2023,Positive Regulation Of Ligase Activity (GO:0051351),1/8,0.0772680713380291,0.197809902554281,0,0,14.208901651112706,36.38152974515558,TMSB4X
GO_Biological_Process_2023,"Regulation Of CD8-positive, Alpha-Beta T Cell Proliferation (GO:2000564)",1/8,0.0772680713380291,0.197809902554281,0,0,14.208901651112706,36.38152974515558,HLA-E
GO_Biological_Process_2023,Regulation Of ER-associated Ubiquitin-Dependent Protein Catabolic Process (GO:1903069),1/8,0.0772680713380291,0.197809902554281,0,0,14.208901651112706,36.38152974515558,CAV1
GO_Biological_Process_2023,Regulation Of Fibroblast Proliferation (GO:0048145),2/46,0.0773472253700272,0.197809902554281,0,0,4.535353535353536,11.608013208044897,CD74;AQP1
GO_Biological_Process_2023,Regulation Of Interleukin-10 Production (GO:0032653),2/46,0.0773472253700272,0.197809902554281,0,0,4.535353535353536,11.608013208044897,IL6;HLA-DRB1
GO_Biological_Process_2023,Antiviral Innate Immune Response (GO:0140374),2/46,0.0773472253700272,0.197809902554281,0,0,4.535353535353536,11.608013208044897,STING1;IFIT3
GO_Biological_Process_2023,Response To Hydrogen Peroxide (GO:0042542),2/46,0.0773472253700272,0.197809902554281,0,0,4.535353535353536,11.608013208044897,IL6;AQP1
GO_Biological_Process_2023,Homotypic Cell-Cell Adhesion (GO:0034109),2/46,0.0773472253700272,0.197809902554281,0,0,4.535353535353536,11.608013208044897,MYH9;MYL12A
GO_Biological_Process_2023,Golgi To Plasma Membrane Transport (GO:0006893),2/47,0.0802708691611082,0.2040370646865308,0,0,4.434343434343434,11.184959505346583,VAMP5;SPTBN1
GO_Biological_Process_2023,Regulation Of Interleukin-2 Production (GO:0032663),2/47,0.0802708691611082,0.2040370646865308,0,0,4.434343434343434,11.184959505346583,CD34;SPTBN1
GO_Biological_Process_2023,Insulin Receptor Signaling Pathway (GO:0008286),2/47,0.0802708691611082,0.2040370646865308,0,0,4.434343434343434,11.184959505346583,CAV2;PDK4
GO_Biological_Process_2023,Positive Regulation Of Smooth Muscle Cell Proliferation (GO:0048661),2/47,0.0802708691611082,0.2040370646865308,0,0,4.434343434343434,11.184959505346583,IL6;FOXP1
GO_Biological_Process_2023,Hemopoiesis (GO:0030097),3/101,0.0807525150526315,0.2049493923068308,0,0,3.0615352740080803,7.703943795454915,IFI16;CD34;TGFBR2
GO_Biological_Process_2023,Calcium Ion Homeostasis (GO:0055074),3/102,0.0826150134639867,0.2066572822827701,0,0,3.030456852791878,7.5566376689451715,CCL14;CDH5;CAV1
GO_Biological_Process_2023,Negative Regulation Of ERK1 And ERK2 Cascade (GO:0070373),2/48,0.0832284276217124,0.2066572822827701,0,0,4.337725076855512,10.784305954054672,TIMP3;SPRY1
GO_Biological_Process_2023,Antibacterial Humoral Response (GO:0019731),2/49,0.0862189382580095,0.2066572822827701,0,0,4.24521813883516,10.404458354124063,HLA-A;HLA-E
GO_Biological_Process_2023,Heterophilic Cell-Cell Adhesion Via Plasma Membrane Cell Adhesion Molecules (GO:0007157),2/49,0.0862189382580095,0.2066572822827701,0,0,4.24521813883516,10.404458354124063,SELE;ICAM1
GO_Biological_Process_2023,Positive Regulation Of Kinase Activity (GO:0033674),3/104,0.0863951479385647,0.2066572822827701,0,0,2.9701462532040006,7.273364724037877,CD74;FLT1;HLA-DRB1
GO_Biological_Process_2023,B Cell Homeostasis (GO:0001782),1/9,0.0864990660572792,0.2066572822827701,0,0,12.4321608040201,30.429226090981548,MEF2C
GO_Biological_Process_2023,Regulation Of Complement Activation (GO:0030449),1/9,0.0864990660572792,0.2066572822827701,0,0,12.4321608040201,30.429226090981548,CD59
GO_Biological_Process_2023,Regulation Of Complement-Dependent Cytotoxicity (GO:1903659),1/9,0.0864990660572792,0.2066572822827701,0,0,12.4321608040201,30.429226090981548,CD59
GO_Biological_Process_2023,Regulation Of Inflammatory Response To Wounding (GO:0106014),1/9,0.0864990660572792,0.2066572822827701,0,0,12.4321608040201,30.429226090981548,IL33
GO_Biological_Process_2023,T-helper 1 Type Immune Response (GO:0042088),1/9,0.0864990660572792,0.2066572822827701,0,0,12.4321608040201,30.429226090981548,HLA-DRB1
GO_Biological_Process_2023,Actin-Mediated Cell Contraction (GO:0070252),1/9,0.0864990660572792,0.2066572822827701,0,0,12.4321608040201,30.429226090981548,GSN
GO_Biological_Process_2023,Regulation Of Leukocyte Mediated Cytotoxicity (GO:0001910),1/9,0.0864990660572792,0.2066572822827701,0,0,12.4321608040201,30.429226090981548,ICAM1
GO_Biological_Process_2023,Adherens Junction Assembly (GO:0034333),1/9,0.0864990660572792,0.2066572822827701,0,0,12.4321608040201,30.429226090981548,RAMP2
GO_Biological_Process_2023,Regulation Of Natural Killer Cell Proliferation (GO:0032817),1/9,0.0864990660572792,0.2066572822827701,0,0,12.4321608040201,30.429226090981548,HLA-E
GO_Biological_Process_2023,Regulation Of Receptor Binding (GO:1900120),1/9,0.0864990660572792,0.2066572822827701,0,0,12.4321608040201,30.429226090981548,B2M
GO_Biological_Process_2023,Ectoderm Development (GO:0007398),1/9,0.0864990660572792,0.2066572822827701,0,0,12.4321608040201,30.429226090981548,ITGA6
GO_Biological_Process_2023,Endodermal Cell Fate Commitment (GO:0001711),1/9,0.0864990660572792,0.2066572822827701,0,0,12.4321608040201,30.429226090981548,SOX17
GO_Biological_Process_2023,Skeletal Muscle Tissue Regeneration (GO:0043403),1/9,0.0864990660572792,0.2066572822827701,0,0,12.4321608040201,30.429226090981548,CFLAR
GO_Biological_Process_2023,Smooth Muscle Tissue Development (GO:0048745),1/9,0.0864990660572792,0.2066572822827701,0,0,12.4321608040201,30.429226090981548,ENG
GO_Biological_Process_2023,Hematopoietic Stem Cell Differentiation (GO:0060218),1/9,0.0864990660572792,0.2066572822827701,0,0,12.4321608040201,30.429226090981548,MEOX1
GO_Biological_Process_2023,Motor Neuron Axon Guidance (GO:0008045),1/9,0.0864990660572792,0.2066572822827701,0,0,12.4321608040201,30.429226090981548,RAC1
GO_Biological_Process_2023,Muscle Cell Fate Commitment (GO:0042693),1/9,0.0864990660572792,0.2066572822827701,0,0,12.4321608040201,30.429226090981548,MEF2C
GO_Biological_Process_2023,Myeloid Dendritic Cell Differentiation (GO:0043011),1/9,0.0864990660572792,0.2066572822827701,0,0,12.4321608040201,30.429226090981548,TGFBR2
GO_Biological_Process_2023,Negative Regulation Of Bone Resorption (GO:0045779),1/9,0.0864990660572792,0.2066572822827701,0,0,12.4321608040201,30.429226090981548,IL6
GO_Biological_Process_2023,Negative Regulation Of Lipid Localization (GO:1905953),1/9,0.0864990660572792,0.2066572822827701,0,0,12.4321608040201,30.429226090981548,IL6
GO_Biological_Process_2023,Negative Regulation Of Lymphocyte Apoptotic Process (GO:0070229),1/9,0.0864990660572792,0.2066572822827701,0,0,12.4321608040201,30.429226090981548,FOXP1
GO_Biological_Process_2023,Negative Regulation Of Receptor Binding (GO:1900121),1/9,0.0864990660572792,0.2066572822827701,0,0,12.4321608040201,30.429226090981548,B2M
GO_Biological_Process_2023,Negative Regulation Of Transcription By Competitive Promoter Binding (GO:0010944),1/9,0.0864990660572792,0.2066572822827701,0,0,12.4321608040201,30.429226090981548,HHEX
GO_Biological_Process_2023,Negative Regulation Of Tyrosine Phosphorylation Of STAT Protein (GO:0042532),1/9,0.0864990660572792,0.2066572822827701,0,0,12.4321608040201,30.429226090981548,SOCS3
GO_Biological_Process_2023,Neuron Remodeling (GO:0016322),1/9,0.0864990660572792,0.2066572822827701,0,0,12.4321608040201,30.429226090981548,RND1
GO_Biological_Process_2023,Phosphatidylethanolamine Acyl-Chain Remodeling (GO:0036152),1/9,0.0864990660572792,0.2066572822827701,0,0,12.4321608040201,30.429226090981548,PLAAT3
GO_Biological_Process_2023,Positive Regulation Of ATP Metabolic Process (GO:1903580),1/9,0.0864990660572792,0.2066572822827701,0,0,12.4321608040201,30.429226090981548,TMSB4X
GO_Biological_Process_2023,Positive Regulation Of Cardiocyte Differentiation (GO:1905209),1/9,0.0864990660572792,0.2066572822827701,0,0,12.4321608040201,30.429226090981548,MEF2C
GO_Biological_Process_2023,Positive Regulation Of Leukocyte Apoptotic Process (GO:2000108),1/9,0.0864990660572792,0.2066572822827701,0,0,12.4321608040201,30.429226090981548,MEF2C
GO_Biological_Process_2023,Positive Regulation Of Mesenchymal Cell Proliferation (GO:0002053),1/9,0.0864990660572792,0.2066572822827701,0,0,12.4321608040201,30.429226090981548,TGFBR2
GO_Biological_Process_2023,Positive Regulation Of Myoblast Fusion (GO:1901741),1/9,0.0864990660572792,0.2066572822827701,0,0,12.4321608040201,30.429226090981548,FLOT1
GO_Biological_Process_2023,Positive Regulation Of Protein Kinase A Signaling (GO:0010739),1/9,0.0864990660572792,0.2066572822827701,0,0,12.4321608040201,30.429226090981548,RAMP3
GO_Biological_Process_2023,Positive Regulation Of Vasculogenesis (GO:2001214),1/9,0.0864990660572792,0.2066572822827701,0,0,12.4321608040201,30.429226090981548,CD34
GO_Biological_Process_2023,"Regulation Of CD4-positive, Alpha-Beta T Cell Proliferation (GO:2000561)",1/9,0.0864990660572792,0.2066572822827701,0,0,12.4321608040201,30.429226090981548,TGFBR2
GO_Biological_Process_2023,Regulation Of RNA Polymerase II Regulatory Region Sequence-Specific DNA Binding (GO:1903025),1/9,0.0864990660572792,0.2066572822827701,0,0,12.4321608040201,30.429226090981548,TMSB4X
GO_Biological_Process_2023,Regulation Of Cardiac Muscle Cell Differentiation (GO:2000725),1/9,0.0864990660572792,0.2066572822827701,0,0,12.4321608040201,30.429226090981548,MEF2C
GO_Biological_Process_2023,Regulation Of Interferon-Beta Production (GO:0032648),2/50,0.0892414542606553,0.2126008967407908,0,0,4.156565656565657,10.043965211617904,STING1;FLOT1
GO_Biological_Process_2023,Regulation Of Interleukin-12 Production (GO:0032655),2/50,0.0892414542606553,0.2126008967407908,0,0,4.156565656565657,10.043965211617904,HLA-B;FOXP1
GO_Biological_Process_2023,Regulation Of Release Of Sequestered Calcium Ion Into Cytosol (GO:0051279),2/51,0.0922950442929787,0.216417001808031,0,0,4.071531642960214,9.7015024039535,FKBP1A;CLIC2
GO_Biological_Process_2023,Regulation Of Substrate Adhesion-Dependent Cell Spreading (GO:1900024),2/51,0.0922950442929787,0.216417001808031,0,0,4.071531642960214,9.7015024039535,NEDD9;RAC1
GO_Biological_Process_2023,Negative Regulation Of MAP Kinase Activity (GO:0043407),2/51,0.0922950442929787,0.216417001808031,0,0,4.071531642960214,9.7015024039535,HYAL2;SPRY1
GO_Biological_Process_2023,Positive Regulation Of Actin Filament Bundle Assembly (GO:0032233),2/51,0.0922950442929787,0.216417001808031,0,0,4.071531642960214,9.7015024039535,CCN2;RAC1
GO_Biological_Process_2023,Positive Regulation Of Protein Localization To Cell Periphery (GO:1904377),2/51,0.0922950442929787,0.216417001808031,0,0,4.071531642960214,9.7015024039535,RAMP3;SPTBN1
GO_Biological_Process_2023,Positive Regulation Of Protein Localization To Plasma Membrane (GO:1903078),2/51,0.0922950442929787,0.216417001808031,0,0,4.071531642960214,9.7015024039535,RAMP3;SPTBN1
GO_Biological_Process_2023,Response To Tumor Necrosis Factor (GO:0034612),3/108,0.0941706690966622,0.216417001808031,0,0,2.856417693981146,6.748705308028375,CCL14;HYAL2;SELE
GO_Biological_Process_2023,Lipid Transport (GO:0006869),3/108,0.0941706690966622,0.216417001808031,0,0,2.856417693981146,6.748705308028375,RBP7;FABP4;FABP5
GO_Biological_Process_2023,Cartilage Development (GO:0051216),2/52,0.0953787922697506,0.216417001808031,0,0,3.98989898989899,9.375859760148904,MEF2C;HYAL2
GO_Biological_Process_2023,Sprouting Angiogenesis (GO:0002040),2/52,0.0953787922697506,0.216417001808031,0,0,3.98989898989899,9.375859760148904,RAMP2;ENG
GO_Biological_Process_2023,Regulation Of Cysteine-Type Endopeptidase Activity Involved In Apoptotic Signaling Pathway (GO:2001267),1/10,0.0956381720564831,0.216417001808031,0,0,11.050251256281408,25.93696464958489,GSN
GO_Biological_Process_2023,Regulation Of Dendritic Cell Differentiation (GO:2001198),1/10,0.0956381720564831,0.216417001808031,0,0,11.050251256281408,25.93696464958489,HLA-B
GO_Biological_Process_2023,Actin Filament Depolymerization (GO:0030042),1/10,0.0956381720564831,0.216417001808031,0,0,11.050251256281408,25.93696464958489,GSN
GO_Biological_Process_2023,Basement Membrane Organization (GO:0071711),1/10,0.0956381720564831,0.216417001808031,0,0,11.050251256281408,25.93696464958489,RAMP2
GO_Biological_Process_2023,Regulation Of Programmed Necrotic Cell Death (GO:0062098),1/10,0.0956381720564831,0.216417001808031,0,0,11.050251256281408,25.93696464958489,CFLAR
GO_Biological_Process_2023,Regulation Of Respiratory Burst (GO:0060263),1/10,0.0956381720564831,0.216417001808031,0,0,11.050251256281408,25.93696464958489,RAC1
GO_Biological_Process_2023,Cellular Response To Increased Oxygen Levels (GO:0036295),1/10,0.0956381720564831,0.216417001808031,0,0,11.050251256281408,25.93696464958489,CAV1
GO_Biological_Process_2023,Response To Corticosteroid (GO:0031960),1/10,0.0956381720564831,0.216417001808031,0,0,11.050251256281408,25.93696464958489,IL6
GO_Biological_Process_2023,Response To Sterol (GO:0036314),1/10,0.0956381720564831,0.216417001808031,0,0,11.050251256281408,25.93696464958489,TGFBR2
GO_Biological_Process_2023,Engulfment Of Apoptotic Cell (GO:0043652),1/10,0.0956381720564831,0.216417001808031,0,0,11.050251256281408,25.93696464958489,RAC1
GO_Biological_Process_2023,Epithelial Cell Apoptotic Process (GO:1904019),1/10,0.0956381720564831,0.216417001808031,0,0,11.050251256281408,25.93696464958489,GSN
GO_Biological_Process_2023,Establishment Of Epithelial Cell Apical/Basal Polarity (GO:0045198),1/10,0.0956381720564831,0.216417001808031,0,0,11.050251256281408,25.93696464958489,MSN
GO_Biological_Process_2023,Surfactant Homeostasis (GO:0043129),1/10,0.0956381720564831,0.216417001808031,0,0,11.050251256281408,25.93696464958489,CTSH
GO_Biological_Process_2023,Hematopoietic Stem Cell Proliferation (GO:0071425),1/10,0.0956381720564831,0.216417001808031,0,0,11.050251256281408,25.93696464958489,CD34
GO_Biological_Process_2023,Lens Fiber Cell Differentiation (GO:0070306),1/10,0.0956381720564831,0.216417001808031,0,0,11.050251256281408,25.93696464958489,PLAAT3
GO_Biological_Process_2023,Negative Regulation Of Adenylate Cyclase Activity (GO:0007194),1/10,0.0956381720564831,0.216417001808031,0,0,11.050251256281408,25.93696464958489,GNAI2
GO_Biological_Process_2023,Negative Regulation Of Homotypic Cell-Cell Adhesion (GO:0034111),1/10,0.0956381720564831,0.216417001808031,0,0,11.050251256281408,25.93696464958489,RDX
GO_Biological_Process_2023,Negative Regulation Of Natural Killer Cell Mediated Immunity (GO:0002716),1/10,0.0956381720564831,0.216417001808031,0,0,11.050251256281408,25.93696464958489,HLA-E
GO_Biological_Process_2023,Positive Regulation Of Actin Nucleation (GO:0051127),1/10,0.0956381720564831,0.216417001808031,0,0,11.050251256281408,25.93696464958489,GSN
GO_Biological_Process_2023,Positive Regulation Of Cellular Senescence (GO:2000774),1/10,0.0956381720564831,0.216417001808031,0,0,11.050251256281408,25.93696464958489,B2M
GO_Biological_Process_2023,Positive Regulation Of Defense Response To Bacterium (GO:1900426),1/10,0.0956381720564831,0.216417001808031,0,0,11.050251256281408,25.93696464958489,MMRN2
GO_Biological_Process_2023,Positive Regulation Of Interleukin-13 Production (GO:0032736),1/10,0.0956381720564831,0.216417001808031,0,0,11.050251256281408,25.93696464958489,HLA-E
GO_Biological_Process_2023,Positive Regulation Of Nitric-Oxide Synthase Biosynthetic Process (GO:0051770),1/10,0.0956381720564831,0.216417001808031,0,0,11.050251256281408,25.93696464958489,IL33
GO_Biological_Process_2023,Regulation Of B Cell Apoptotic Process (GO:0002902),1/10,0.0956381720564831,0.216417001808031,0,0,11.050251256281408,25.93696464958489,FOXP1
GO_Biological_Process_2023,Regulation Of T-helper 2 Cell Cytokine Production (GO:2000551),1/10,0.0956381720564831,0.216417001808031,0,0,11.050251256281408,25.93696464958489,IL6
GO_Biological_Process_2023,Regulation Of Calcium Ion Import Across Plasma Membrane (GO:1905664),1/10,0.0956381720564831,0.216417001808031,0,0,11.050251256281408,25.93696464958489,RAMP3
GO_Biological_Process_2023,Regulation Of Cardiac Muscle Cell Apoptotic Process (GO:0010665),1/10,0.0956381720564831,0.216417001808031,0,0,11.050251256281408,25.93696464958489,ENG
GO_Biological_Process_2023,Positive Regulation Of Cysteine-Type Endopeptidase Activity Involved In Apoptotic Process (GO:0043280),3/109,0.0961582714173515,0.2172994766806186,0,0,2.829326692845513,6.625603466421482,GSN;TNFSF10;UACA
GO_Biological_Process_2023,Actin Cytoskeleton Reorganization (GO:0031532),2/53,0.0984917971521169,0.2213745642584593,0,0,3.9114676173499694,9.065929283683165,MYH9;NEDD9
GO_Biological_Process_2023,Actin Polymerization Or Depolymerization (GO:0008154),2/53,0.0984917971521169,0.2213745642584593,0,0,3.9114676173499694,9.065929283683165,GSN;RAC1
GO_Biological_Process_2023,Spermatid Development (GO:0007286),2/53,0.0984917971521169,0.2213745642584593,0,0,3.9114676173499694,9.065929283683165,JAM2;NECTIN2
GO_Biological_Process_2023,Negative Regulation Of Cysteine-Type Endopeptidase Activity (GO:2000117),2/53,0.0984917971521169,0.2213745642584593,0,0,3.9114676173499694,9.065929283683165,IFI16;AQP1
GO_Biological_Process_2023,T Cell Activation (GO:0042110),3/111,0.1001845738063604,0.223239055368162,0,0,2.7766497461928936,6.3883520697862,FKBP1A;CD74;MSN
GO_Biological_Process_2023,Cytoskeleton Organization (GO:0007010),3/111,0.1001845738063604,0.223239055368162,0,0,2.7766497461928936,6.3883520697862,NEDD9;RAC1;NECTIN2
GO_Biological_Process_2023,Negative Regulation Of Inflammatory Response (GO:0050728),3/111,0.1001845738063604,0.223239055368162,0,0,2.7766497461928936,6.3883520697862,CDH5;IL33;HLA-DRB1
GO_Biological_Process_2023,Negative Regulation Of Transmembrane Receptor Protein Serine/Threonine Kinase Signaling Pathway (GO:0090101),3/111,0.1001845738063604,0.223239055368162,0,0,2.7766497461928936,6.3883520697862,FKBP1A;CAV1;SPRY1
GO_Biological_Process_2023,Positive Regulation Of Hydrolase Activity (GO:0051345),4/176,0.1005270084862388,0.223239055368162,0,0,2.3289036544850497,5.350257546006701,CCL14;CAV2;CTSH;ITGA6
GO_Biological_Process_2023,Positive Regulation Of DNA-binding Transcription Factor Activity (GO:0051091),5/246,0.1012805157724002,0.223239055368162,0,0,2.0809660602191724,4.765123498204115,IL6;STING1;CAV1;FLOT1;CFLAR
GO_Biological_Process_2023,Regulation Of Smooth Muscle Cell Proliferation (GO:0048660),2/54,0.1016331727713355,0.223239055368162,0,0,3.836052836052836,8.77069478933889,IL6;FOXP1
GO_Biological_Process_2023,Epidermal Cell Differentiation (GO:0009913),2/54,0.1016331727713355,0.223239055368162,0,0,3.836052836052836,8.77069478933889,TXNIP;CFLAR
GO_Biological_Process_2023,Positive Regulation Of Leukocyte Chemotaxis (GO:0002690),2/54,0.1016331727713355,0.223239055368162,0,0,3.836052836052836,8.77069478933889,IL6;NEDD9
GO_Biological_Process_2023,Regulation Of Homotypic Cell-Cell Adhesion (GO:0034110),1/11,0.1046862992439068,0.223239055368162,0,0,9.944723618090451,22.4431232477853,RDX
GO_Biological_Process_2023,Regulation Of Leukocyte Tethering Or Rolling (GO:1903236),1/11,0.1046862992439068,0.223239055368162,0,0,9.944723618090451,22.4431232477853,SELE
GO_Biological_Process_2023,Regulation Of Mesenchymal Cell Proliferation (GO:0010464),1/11,0.1046862992439068,0.223239055368162,0,0,9.944723618090451,22.4431232477853,TGFBR2
GO_Biological_Process_2023,Regulation Of Phospholipase C Activity (GO:1900274),1/11,0.1046862992439068,0.223239055368162,0,0,9.944723618090451,22.4431232477853,FLT1
GO_Biological_Process_2023,Regulation Of Pseudopodium Assembly (GO:0031272),1/11,0.1046862992439068,0.223239055368162,0,0,9.944723618090451,22.4431232477853,CDC42EP3
GO_Biological_Process_2023,Regulation Of Response To Oxidative Stress (GO:1902882),1/11,0.1046862992439068,0.223239055368162,0,0,9.944723618090451,22.4431232477853,MCTP1
GO_Biological_Process_2023,Cellular Response To UV-B (GO:0071493),1/11,0.1046862992439068,0.223239055368162,0,0,9.944723618090451,22.4431232477853,HYAL2
GO_Biological_Process_2023,Cellular Response To Fluid Shear Stress (GO:0071498),1/11,0.1046862992439068,0.223239055368162,0,0,9.944723618090451,22.4431232477853,MEF2C
GO_Biological_Process_2023,Cellular Response To Growth Hormone Stimulus (GO:0071378),1/11,0.1046862992439068,0.223239055368162,0,0,9.944723618090451,22.4431232477853,SOCS2
GO_Biological_Process_2023,Regulation Of Type II Interferon-Mediated Signaling Pathway (GO:0060334),1/11,0.1046862992439068,0.223239055368162,0,0,9.944723618090451,22.4431232477853,CDC37
GO_Biological_Process_2023,Regulation Of Ventricular Cardiac Muscle Cell Action Potential (GO:0098911),1/11,0.1046862992439068,0.223239055368162,0,0,9.944723618090451,22.4431232477853,CAV1
GO_Biological_Process_2023,Skeletal Muscle Fiber Development (GO:0048741),1/11,0.1046862992439068,0.223239055368162,0,0,9.944723618090451,22.4431232477853,CAV2
GO_Biological_Process_2023,Smooth Muscle Cell Differentiation (GO:0051145),1/11,0.1046862992439068,0.223239055368162,0,0,9.944723618090451,22.4431232477853,MEF2C
GO_Biological_Process_2023,Melanocyte Differentiation (GO:0030318),1/11,0.1046862992439068,0.223239055368162,0,0,9.944723618090451,22.4431232477853,MEF2C
GO_Biological_Process_2023,Negative Regulation Of Bone Remodeling (GO:0046851),1/11,0.1046862992439068,0.223239055368162,0,0,9.944723618090451,22.4431232477853,IL6
GO_Biological_Process_2023,Negative Regulation Of calcineurin-NFAT Signaling Cascade (GO:0070885),1/11,0.1046862992439068,0.223239055368162,0,0,9.944723618090451,22.4431232477853,RCAN1
GO_Biological_Process_2023,Negative Regulation Of Calcineurin-Mediated Signaling (GO:0106057),1/11,0.1046862992439068,0.223239055368162,0,0,9.944723618090451,22.4431232477853,RCAN1
GO_Biological_Process_2023,Negative Regulation Of Cell Division (GO:0051782),1/11,0.1046862992439068,0.223239055368162,0,0,9.944723618090451,22.4431232477853,TXNIP
GO_Biological_Process_2023,Negative Regulation Of Cyclase Activity (GO:0031280),1/11,0.1046862992439068,0.223239055368162,0,0,9.944723618090451,22.4431232477853,GNAI2
GO_Biological_Process_2023,Negative Regulation Of Fibrinolysis (GO:0051918),1/11,0.1046862992439068,0.223239055368162,0,0,9.944723618090451,22.4431232477853,THBD
GO_Biological_Process_2023,Negative Regulation Of Microtubule Polymerization (GO:0031115),1/11,0.1046862992439068,0.223239055368162,0,0,9.944723618090451,22.4431232477853,CDH5
GO_Biological_Process_2023,Negative Regulation Of Potassium Ion Transmembrane Transport (GO:1901380),1/11,0.1046862992439068,0.223239055368162,0,0,9.944723618090451,22.4431232477853,CAV1
GO_Biological_Process_2023,Negative Regulation Of Voltage-Gated Potassium Channel Activity (GO:1903817),1/11,0.1046862992439068,0.223239055368162,0,0,9.944723618090451,22.4431232477853,CAV1
GO_Biological_Process_2023,Positive Regulation Of Behavior (GO:0048520),1/11,0.1046862992439068,0.223239055368162,0,0,9.944723618090451,22.4431232477853,MEF2C
GO_Biological_Process_2023,Positive Regulation Of Platelet Aggregation (GO:1901731),1/11,0.1046862992439068,0.223239055368162,0,0,9.944723618090451,22.4431232477853,IL6
GO_Biological_Process_2023,Positive Regulation Of Pseudopodium Assembly (GO:0031274),1/11,0.1046862992439068,0.223239055368162,0,0,9.944723618090451,22.4431232477853,CDC42EP3
GO_Biological_Process_2023,Regulation Of Adipose Tissue Development (GO:1904177),1/11,0.1046862992439068,0.223239055368162,0,0,9.944723618090451,22.4431232477853,PLAAT3
GO_Biological_Process_2023,Regulation Of Amyloid Precursor Protein Catabolic Process (GO:1902991),1/11,0.1046862992439068,0.223239055368162,0,0,9.944723618090451,22.4431232477853,FKBP1A
GO_Biological_Process_2023,Regulation Of Astrocyte Differentiation (GO:0048710),1/11,0.1046862992439068,0.223239055368162,0,0,9.944723618090451,22.4431232477853,IL6
GO_Biological_Process_2023,Regulation Of Cell Activation (GO:0050865),1/11,0.1046862992439068,0.223239055368162,0,0,9.944723618090451,22.4431232477853,IL6
GO_Biological_Process_2023,Regulation Of Cell Communication By Electrical Coupling Involved In Cardiac Conduction (GO:1901844),1/11,0.1046862992439068,0.223239055368162,0,0,9.944723618090451,22.4431232477853,CAV1
GO_Biological_Process_2023,Neuron Migration (GO:0001764),2/55,0.1048020475500832,0.223239055368162,0,0,3.763483895559368,8.489222766072233,MEF2C;RAC1
GO_Biological_Process_2023,Regulation Of Reactive Oxygen Species Metabolic Process (GO:2000377),2/56,0.1079975643594305,0.2294604738934466,0,0,3.6936026936026938,8.220654292796869,RAC1;TGFBR2
GO_Biological_Process_2023,Positive Regulation Of Cellular Metabolic Process (GO:0031325),2/56,0.1079975643594305,0.2294604738934466,0,0,3.6936026936026938,8.220654292796869,B2M;TGFBR2
GO_Biological_Process_2023,Myeloid Cell Differentiation (GO:0030099),2/57,0.111218880351375,0.2325508860017107,0,0,3.6262626262626254,7.964197874788815,IFI16;CFLAR
GO_Biological_Process_2023,Positive Regulation Of Interleukin-1 Beta Production (GO:0032731),2/57,0.111218880351375,0.2325508860017107,0,0,3.6262626262626254,7.964197874788815,IL6;IFI16
GO_Biological_Process_2023,Regulation Of Transcription By RNA Polymerase II (GO:0006357),26/2028,0.1119046093498185,0.2325508860017107,0,0,1.3284072249589491,2.909355918744839,EPAS1;HOXD1;TSHZ2;ADIRF;LDB2;MEOX1;ELK3;SDCBP;HHEX;IFI16;SOX17;HYAL2;LRRFIP1;IL33;MEF2C;CAV1;FOXP1;PLSCR1;IL6;IFI27;STING1;ID1;TCF4;ITGA6;ERG;ENG
GO_Biological_Process_2023,Cellular Response To Molecule Of Bacterial Origin (GO:0071219),3/117,0.1126579108224949,0.2325508860017107,0,0,2.629708789740849,5.741704566820334,MEF2C;IL6;VIM
GO_Biological_Process_2023,Protein Maturation (GO:0051604),3/117,0.1126579108224949,0.2325508860017107,0,0,2.629708789740849,5.741704566820334,SRGN;BACE2;ECE1
GO_Biological_Process_2023,Regulation Of Chemokine (C-X-C Motif) Ligand 2 Production (GO:2000341),1/12,0.1136443487055952,0.2325508860017107,0,0,9.040201005025123,19.659557478207127,FOXP1
GO_Biological_Process_2023,Regulation Of Chromosome Separation (GO:1905818),1/12,0.1136443487055952,0.2325508860017107,0,0,9.040201005025123,19.659557478207127,PLSCR1
GO_Biological_Process_2023,DNA Conformation Change (GO:0071103),1/12,0.1136443487055952,0.2325508860017107,0,0,9.040201005025123,19.659557478207127,HHEX
GO_Biological_Process_2023,Regulation Of Leukocyte Adhesion To Vascular Endothelial Cell (GO:1904994),1/12,0.1136443487055952,0.2325508860017107,0,0,9.040201005025123,19.659557478207127,IL6
GO_Biological_Process_2023,Atrial Cardiac Muscle Tissue Development (GO:0003228),1/12,0.1136443487055952,0.2325508860017107,0,0,9.040201005025123,19.659557478207127,ENG
GO_Biological_Process_2023,Cell Projection Assembly (GO:0030031),1/12,0.1136443487055952,0.2325508860017107,0,0,9.040201005025123,19.659557478207127,GSN
GO_Biological_Process_2023,Regulation Of Sensory Perception (GO:0051931),1/12,0.1136443487055952,0.2325508860017107,0,0,9.040201005025123,19.659557478207127,MGLL
GO_Biological_Process_2023,Regulation Of Vascular Associated Smooth Muscle Cell Migration (GO:1904752),1/12,0.1136443487055952,0.2325508860017107,0,0,9.040201005025123,19.659557478207127,MEF2C
GO_Biological_Process_2023,Relaxation Of Cardiac Muscle (GO:0055119),1/12,0.1136443487055952,0.2325508860017107,0,0,9.040201005025123,19.659557478207127,GSN
GO_Biological_Process_2023,Response To Iron Ion (GO:0010039),1/12,0.1136443487055952,0.2325508860017107,0,0,9.040201005025123,19.659557478207127,B2M
GO_Biological_Process_2023,Dendrite Self-Avoidance (GO:0070593),1/12,0.1136443487055952,0.2325508860017107,0,0,9.040201005025123,19.659557478207127,ROBO4
GO_Biological_Process_2023,Response To Muramyl Dipeptide (GO:0032495),1/12,0.1136443487055952,0.2325508860017107,0,0,9.040201005025123,19.659557478207127,VIM
GO_Biological_Process_2023,Endochondral Bone Morphogenesis (GO:0060350),1/12,0.1136443487055952,0.2325508860017107,0,0,9.040201005025123,19.659557478207127,MEF2C
GO_Biological_Process_2023,Steroid Catabolic Process (GO:0006706),1/12,0.1136443487055952,0.2325508860017107,0,0,9.040201005025123,19.659557478207127,HSD17B11
GO_Biological_Process_2023,Glucose Import (GO:0046323),1/12,0.1136443487055952,0.2325508860017107,0,0,9.040201005025123,19.659557478207127,SLC2A3
GO_Biological_Process_2023,Negative Regulation Of Complement Activation (GO:0045916),1/12,0.1136443487055952,0.2325508860017107,0,0,9.040201005025123,19.659557478207127,CD59
GO_Biological_Process_2023,Negative Regulation Of Intrinsic Apoptotic Signaling Pathway In Response To DNA Damage By P53 Class Mediator (GO:1902166),1/12,0.1136443487055952,0.2325508860017107,0,0,9.040201005025123,19.659557478207127,CD74
GO_Biological_Process_2023,Negative Regulation Of Potassium Ion Transport (GO:0043267),1/12,0.1136443487055952,0.2325508860017107,0,0,9.040201005025123,19.659557478207127,CAV1
GO_Biological_Process_2023,Neutrophil Mediated Immunity (GO:0002446),1/12,0.1136443487055952,0.2325508860017107,0,0,9.040201005025123,19.659557478207127,IL6
GO_Biological_Process_2023,Positive Regulation Of ERAD Pathway (GO:1904294),1/12,0.1136443487055952,0.2325508860017107,0,0,9.040201005025123,19.659557478207127,CAV1
GO_Biological_Process_2023,Positive Regulation Of Purine Nucleotide Biosynthetic Process (GO:1900373),1/12,0.1136443487055952,0.2325508860017107,0,0,9.040201005025123,19.659557478207127,TMSB4X
GO_Biological_Process_2023,Positive Regulation Of Vasoconstriction (GO:0045907),1/12,0.1136443487055952,0.2325508860017107,0,0,9.040201005025123,19.659557478207127,CAV1
GO_Biological_Process_2023,Regulation Of Actin Filament Organization (GO:0110053),1/12,0.1136443487055952,0.2325508860017107,0,0,9.040201005025123,19.659557478207127,RDX
GO_Biological_Process_2023,Regulation Of Actomyosin Structure Organization (GO:0110020),1/12,0.1136443487055952,0.2325508860017107,0,0,9.040201005025123,19.659557478207127,RAC1
GO_Biological_Process_2023,Regulation Of Cell Communication By Electrical Coupling (GO:0010649),1/12,0.1136443487055952,0.2325508860017107,0,0,9.040201005025123,19.659557478207127,CAV1
GO_Biological_Process_2023,Regulation Of Neuron Death (GO:1901214),2/58,0.1144651666427582,0.2325508860017107,0,0,3.561327561327561,7.719123085387519,MEF2C;SNCG
GO_Biological_Process_2023,Renal System Development (GO:0072001),2/58,0.1144651666427582,0.2325508860017107,0,0,3.561327561327561,7.719123085387519,SOX17;HYAL2
GO_Biological_Process_2023,Response To Organic Cyclic Compound (GO:0014070),2/58,0.1144651666427582,0.2325508860017107,0,0,3.561327561327561,7.719123085387519,SOCS2;STING1
GO_Biological_Process_2023,Muscle Organ Development (GO:0007517),2/58,0.1144651666427582,0.2325508860017107,0,0,3.561327561327561,7.719123085387519,MEF2C;VAMP5
GO_Biological_Process_2023,Positive Regulation Of Type II Interferon Production (GO:0032729),2/58,0.1144651666427582,0.2325508860017107,0,0,3.561327561327561,7.719123085387519,HLA-A;HLA-DPA1
GO_Biological_Process_2023,Regulation Of Bone Mineralization (GO:0030500),2/58,0.1144651666427582,0.2325508860017107,0,0,3.561327561327561,7.719123085387519,SRGN;MEF2C
GO_Biological_Process_2023,Positive Regulation Of Proteolysis (GO:0045862),2/59,0.1177356082636544,0.2362552714318475,0,0,3.4986709197235517,7.484754897547597,CTSH;CTSC
GO_Biological_Process_2023,Regulation Of Cell Death (GO:0010941),2/59,0.1177356082636544,0.2362552714318475,0,0,3.4986709197235517,7.484754897547597,SNCG;CCN2
GO_Biological_Process_2023,Response To Retinoic Acid (GO:0032526),2/60,0.1210294038464434,0.2362552714318475,0,0,3.438174851967956,7.260468635528234,CTSH;AQP1
GO_Biological_Process_2023,Negative Regulation Of Gene Expression (GO:0010629),6/336,0.1216894658624008,0.2362552714318475,0,0,1.824742268041237,3.843423328373996,SRGN;CLDN5;MEF2C;CD34;ENG;FOXP1
GO_Biological_Process_2023,Endocytosis (GO:0006897),4/189,0.121734806090777,0.2362552714318475,0,0,2.1638168781025926,4.556804295865727,CD93;CAV1;PECAM1;HSPG2
GO_Biological_Process_2023,GTP Metabolic Process (GO:0046039),1/13,0.1225132126107664,0.2362552714318475,0,0,8.28643216080402,17.397665920944878,GIMAP7
GO_Biological_Process_2023,Regulation Of Humoral Immune Response (GO:0002920),1/13,0.1225132126107664,0.2362552714318475,0,0,8.28643216080402,17.397665920944878,CD59
GO_Biological_Process_2023,Regulation Of Intrinsic Apoptotic Signaling Pathway In Response To DNA Damage By P53 Class Mediator (GO:1902165),1/13,0.1225132126107664,0.2362552714318475,0,0,8.28643216080402,17.397665920944878,CD74
GO_Biological_Process_2023,Regulation Of Lamellipodium Organization (GO:1902743),1/13,0.1225132126107664,0.2362552714318475,0,0,8.28643216080402,17.397665920944878,RAC1
GO_Biological_Process_2023,Atrioventricular Valve Development (GO:0003171),1/13,0.1225132126107664,0.2362552714318475,0,0,8.28643216080402,17.397665920944878,TGFBR2
GO_Biological_Process_2023,Regulation Of Nitric-Oxide Synthase Biosynthetic Process (GO:0051769),1/13,0.1225132126107664,0.2362552714318475,0,0,8.28643216080402,17.397665920944878,IL33
GO_Biological_Process_2023,Cardiac Left Ventricle Morphogenesis (GO:0003214),1/13,0.1225132126107664,0.2362552714318475,0,0,8.28643216080402,17.397665920944878,TGFBR2
GO_Biological_Process_2023,Regulation Of Vasculogenesis (GO:2001212),1/13,0.1225132126107664,0.2362552714318475,0,0,8.28643216080402,17.397665920944878,CD34
GO_Biological_Process_2023,Relaxation Of Muscle (GO:0090075),1/13,0.1225132126107664,0.2362552714318475,0,0,8.28643216080402,17.397665920944878,GSN
GO_Biological_Process_2023,Cotranslational Protein Targeting To Membrane (GO:0006613),1/13,0.1225132126107664,0.2362552714318475,0,0,8.28643216080402,17.397665920944878,SRP14
GO_Biological_Process_2023,Cytoplasmic Sequestering Of Transcription Factor (GO:0042994),1/13,0.1225132126107664,0.2362552714318475,0,0,8.28643216080402,17.397665920944878,TMSB4X
GO_Biological_Process_2023,Response To Progesterone (GO:0032570),1/13,0.1225132126107664,0.2362552714318475,0,0,8.28643216080402,17.397665920944878,CAV1
GO_Biological_Process_2023,Embryonic Hemopoiesis (GO:0035162),1/13,0.1225132126107664,0.2362552714318475,0,0,8.28643216080402,17.397665920944878,TGFBR2
GO_Biological_Process_2023,Substrate-Dependent Cell Migration (GO:0006929),1/13,0.1225132126107664,0.2362552714318475,0,0,8.28643216080402,17.397665920944878,SDCBP
GO_Biological_Process_2023,Ether Lipid Metabolic Process (GO:0046485),1/13,0.1225132126107664,0.2362552714318475,0,0,8.28643216080402,17.397665920944878,PLAAT3
GO_Biological_Process_2023,Interleukin-6-Mediated Signaling Pathway (GO:0070102),1/13,0.1225132126107664,0.2362552714318475,0,0,8.28643216080402,17.397665920944878,IL6
GO_Biological_Process_2023,Mature B Cell Differentiation Involved In Immune Response (GO:0002313),1/13,0.1225132126107664,0.2362552714318475,0,0,8.28643216080402,17.397665920944878,IL6
GO_Biological_Process_2023,Membrane Depolarization (GO:0051899),1/13,0.1225132126107664,0.2362552714318475,0,0,8.28643216080402,17.397665920944878,CAV1
GO_Biological_Process_2023,Microvillus Organization (GO:0032528),1/13,0.1225132126107664,0.2362552714318475,0,0,8.28643216080402,17.397665920944878,FXYD5
GO_Biological_Process_2023,Monoacylglycerol Metabolic Process (GO:0046462),1/13,0.1225132126107664,0.2362552714318475,0,0,8.28643216080402,17.397665920944878,MGLL
GO_Biological_Process_2023,Myeloid Dendritic Cell Activation (GO:0001773),1/13,0.1225132126107664,0.2362552714318475,0,0,8.28643216080402,17.397665920944878,TGFBR2
GO_Biological_Process_2023,ncRNA Transcription (GO:0098781),1/13,0.1225132126107664,0.2362552714318475,0,0,8.28643216080402,17.397665920944878,CAVIN1
GO_Biological_Process_2023,"Negative Regulation Of DNA Damage Response, Signal Transduction By P53 Class Mediator (GO:0043518)",1/13,0.1225132126107664,0.2362552714318475,0,0,8.28643216080402,17.397665920944878,CD74
GO_Biological_Process_2023,Negative Regulation Of Bone Mineralization (GO:0030502),1/13,0.1225132126107664,0.2362552714318475,0,0,8.28643216080402,17.397665920944878,SRGN
GO_Biological_Process_2023,Negative Regulation Of Cell Activation (GO:0050866),1/13,0.1225132126107664,0.2362552714318475,0,0,8.28643216080402,17.397665920944878,THBD
GO_Biological_Process_2023,Negative Regulation Of Cell Migration Involved In Sprouting Angiogenesis (GO:0090051),1/13,0.1225132126107664,0.2362552714318475,0,0,8.28643216080402,17.397665920944878,MMRN2
GO_Biological_Process_2023,Negative Regulation Of Fibroblast Growth Factor Receptor Signaling Pathway (GO:0040037),1/13,0.1225132126107664,0.2362552714318475,0,0,8.28643216080402,17.397665920944878,SPRY1
GO_Biological_Process_2023,Negative Regulation Of Lyase Activity (GO:0051350),1/13,0.1225132126107664,0.2362552714318475,0,0,8.28643216080402,17.397665920944878,GNAI2
GO_Biological_Process_2023,Negative Regulation Of Receptor Internalization (GO:0002091),1/13,0.1225132126107664,0.2362552714318475,0,0,8.28643216080402,17.397665920944878,SDCBP
GO_Biological_Process_2023,Negative Regulation Of Viral Transcription (GO:0032897),1/13,0.1225132126107664,0.2362552714318475,0,0,8.28643216080402,17.397665920944878,IFITM3
GO_Biological_Process_2023,Plasma Membrane Tubulation (GO:0097320),1/13,0.1225132126107664,0.2362552714318475,0,0,8.28643216080402,17.397665920944878,CAVIN2
GO_Biological_Process_2023,Positive Regulation Of T Cell Receptor Signaling Pathway (GO:0050862),1/13,0.1225132126107664,0.2362552714318475,0,0,8.28643216080402,17.397665920944878,NECTIN2
GO_Biological_Process_2023,Positive Regulation Of Alpha-Beta T Cell Differentiation (GO:0046638),1/13,0.1225132126107664,0.2362552714318475,0,0,8.28643216080402,17.397665920944878,TGFBR2
GO_Biological_Process_2023,Positive Regulation Of Cardiac Muscle Cell Proliferation (GO:0060045),1/13,0.1225132126107664,0.2362552714318475,0,0,8.28643216080402,17.397665920944878,MEF2C
GO_Biological_Process_2023,Positive Regulation Of Chromosome Separation (GO:1905820),1/13,0.1225132126107664,0.2362552714318475,0,0,8.28643216080402,17.397665920944878,PLSCR1
GO_Biological_Process_2023,Positive Regulation Of Glycoprotein Biosynthetic Process (GO:0010560),1/13,0.1225132126107664,0.2362552714318475,0,0,8.28643216080402,17.397665920944878,IL33
GO_Biological_Process_2023,Positive Regulation Of Insulin Secretion Involved In Cellular Response To Glucose Stimulus (GO:0035774),1/13,0.1225132126107664,0.2362552714318475,0,0,8.28643216080402,17.397665920944878,HLA-DRB1
GO_Biological_Process_2023,Positive Regulation Of Type 2 Immune Response (GO:0002830),1/13,0.1225132126107664,0.2362552714318475,0,0,8.28643216080402,17.397665920944878,IL6
GO_Biological_Process_2023,Regulation Of Cellular Ketone Metabolic Process (GO:0010565),1/13,0.1225132126107664,0.2362552714318475,0,0,8.28643216080402,17.397665920944878,PDK4
GO_Biological_Process_2023,Intracellular Monoatomic Cation Homeostasis (GO:0030003),4/190,0.123440554966938,0.2375713095908913,0,0,2.152073732718894,4.502128726123319,CCL14;CDH5;CAV1;B2M
GO_Biological_Process_2023,Positive Regulation Of Macromolecule Biosynthetic Process (GO:0010557),3/122,0.123480177679577,0.2375713095908913,0,0,2.5185769739367827,5.26804358631712,IL33;IL6;VIM
GO_Biological_Process_2023,Cellular Response To Lipopolysaccharide (GO:0071222),3/124,0.1279117628948558,0.242009495819736,0,0,2.476695892939548,5.093113606778357,MEF2C;IL6;VIM
GO_Biological_Process_2023,Enzyme-Linked Receptor Protein Signaling Pathway (GO:0007167),3/124,0.1279117628948558,0.242009495819736,0,0,2.476695892939548,5.093113606778357,FLT1;NEDD9;LIFR
GO_Biological_Process_2023,Protein Polymerization (GO:0051258),2/63,0.1310431018295034,0.242009495819736,0,0,3.2685875144891536,6.642518297732,GSN;RAC1
GO_Biological_Process_2023,Regulation Of Endothelial Cell Chemotaxis (GO:2001026),1/14,0.1312937743788508,0.242009495819736,0,0,7.648627754155393,15.529145947074284,TMSB4X
GO_Biological_Process_2023,Regulation Of Extracellular Matrix Disassembly (GO:0010715),1/14,0.1312937743788508,0.242009495819736,0,0,7.648627754155393,15.529145947074284,IL6
GO_Biological_Process_2023,T Cell Proliferation (GO:0042098),1/14,0.1312937743788508,0.242009495819736,0,0,7.648627754155393,15.529145947074284,MSN
GO_Biological_Process_2023,Aminoglycan Catabolic Process (GO:0006026),1/14,0.1312937743788508,0.242009495819736,0,0,7.648627754155393,15.529145947074284,HYAL2
GO_Biological_Process_2023,Regulation Of Microglial Cell Activation (GO:1903978),1/14,0.1312937743788508,0.242009495819736,0,0,7.648627754155393,15.529145947074284,IL6
GO_Biological_Process_2023,Aorta Development (GO:0035904),1/14,0.1312937743788508,0.242009495819736,0,0,7.648627754155393,15.529145947074284,TGFBR2
GO_Biological_Process_2023,"Blood Coagulation, Fibrin Clot Formation (GO:0072378)",1/14,0.1312937743788508,0.242009495819736,0,0,7.648627754155393,15.529145947074284,THBD
GO_Biological_Process_2023,Regulation Of Sensory Perception Of Pain (GO:0051930),1/14,0.1312937743788508,0.242009495819736,0,0,7.648627754155393,15.529145947074284,MGLL
GO_Biological_Process_2023,Renal Water Homeostasis (GO:0003091),1/14,0.1312937743788508,0.242009495819736,0,0,7.648627754155393,15.529145947074284,AQP1
GO_Biological_Process_2023,Contractile Actin Filament Bundle Assembly (GO:0030038),1/14,0.1312937743788508,0.242009495819736,0,0,7.648627754155393,15.529145947074284,PDLIM1
GO_Biological_Process_2023,Response To Muscle Stretch (GO:0035994),1/14,0.1312937743788508,0.242009495819736,0,0,7.648627754155393,15.529145947074284,GSN
GO_Biological_Process_2023,Embryonic Cranial Skeleton Morphogenesis (GO:0048701),1/14,0.1312937743788508,0.242009495819736,0,0,7.648627754155393,15.529145947074284,TGFBR2
GO_Biological_Process_2023,Endoderm Development (GO:0007492),1/14,0.1312937743788508,0.242009495819736,0,0,7.648627754155393,15.529145947074284,SOX17
GO_Biological_Process_2023,Establishment Of Apical/Basal Cell Polarity (GO:0035089),1/14,0.1312937743788508,0.242009495819736,0,0,7.648627754155393,15.529145947074284,MSN
GO_Biological_Process_2023,Stress Fiber Assembly (GO:0043149),1/14,0.1312937743788508,0.242009495819736,0,0,7.648627754155393,15.529145947074284,PDLIM1
GO_Biological_Process_2023,Hyaluronan Metabolic Process (GO:0030212),1/14,0.1312937743788508,0.242009495819736,0,0,7.648627754155393,15.529145947074284,HYAL2
GO_Biological_Process_2023,Membrane Raft Organization (GO:0031579),1/14,0.1312937743788508,0.242009495819736,0,0,7.648627754155393,15.529145947074284,FLOT1
GO_Biological_Process_2023,Microvillus Assembly (GO:0030033),1/14,0.1312937743788508,0.242009495819736,0,0,7.648627754155393,15.529145947074284,FXYD5
GO_Biological_Process_2023,Myotube Cell Development (GO:0014904),1/14,0.1312937743788508,0.242009495819736,0,0,7.648627754155393,15.529145947074284,CAV2
GO_Biological_Process_2023,Negative Regulation Of Androgen Receptor Signaling Pathway (GO:0060766),1/14,0.1312937743788508,0.242009495819736,0,0,7.648627754155393,15.529145947074284,FOXP1
GO_Biological_Process_2023,Negative Regulation Of Blood Pressure (GO:0045776),1/14,0.1312937743788508,0.242009495819736,0,0,7.648627754155393,15.529145947074284,PRCP
GO_Biological_Process_2023,Negative Regulation Of Leukocyte Mediated Cytotoxicity (GO:0001911),1/14,0.1312937743788508,0.242009495819736,0,0,7.648627754155393,15.529145947074284,HLA-E
GO_Biological_Process_2023,Negative Regulation Of Smooth Muscle Cell Migration (GO:0014912),1/14,0.1312937743788508,0.242009495819736,0,0,7.648627754155393,15.529145947074284,MEF2C
GO_Biological_Process_2023,Negative Regulation Of Transcription Regulatory Region DNA Binding (GO:2000678),1/14,0.1312937743788508,0.242009495819736,0,0,7.648627754155393,15.529145947074284,TMSB4X
GO_Biological_Process_2023,Pathway-Restricted SMAD Protein Phosphorylation (GO:0060389),1/14,0.1312937743788508,0.242009495819736,0,0,7.648627754155393,15.529145947074284,TGFBR2
GO_Biological_Process_2023,Polarized Epithelial Cell Differentiation (GO:0030859),1/14,0.1312937743788508,0.242009495819736,0,0,7.648627754155393,15.529145947074284,MSN
GO_Biological_Process_2023,Positive Regulation Of Acute Inflammatory Response (GO:0002675),1/14,0.1312937743788508,0.242009495819736,0,0,7.648627754155393,15.529145947074284,IL6
GO_Biological_Process_2023,Positive Regulation Of Endothelial Cell Chemotaxis (GO:2001028),1/14,0.1312937743788508,0.242009495819736,0,0,7.648627754155393,15.529145947074284,TMSB4X
GO_Biological_Process_2023,Positive Regulation Of Exosomal Secretion (GO:1903543),1/14,0.1312937743788508,0.242009495819736,0,0,7.648627754155393,15.529145947074284,SDCBP
GO_Biological_Process_2023,Positive Regulation Of Heterotypic Cell-Cell Adhesion (GO:0034116),1/14,0.1312937743788508,0.242009495819736,0,0,7.648627754155393,15.529145947074284,FLOT1
GO_Biological_Process_2023,Positive Regulation Of Response To Cytokine Stimulus (GO:0060760),1/14,0.1312937743788508,0.242009495819736,0,0,7.648627754155393,15.529145947074284,CD74
GO_Biological_Process_2023,Positive Regulation Of Type I Interferon-Mediated Signaling Pathway (GO:0060340),1/14,0.1312937743788508,0.242009495819736,0,0,7.648627754155393,15.529145947074284,STING1
GO_Biological_Process_2023,Prostanoid Biosynthetic Process (GO:0046457),1/14,0.1312937743788508,0.242009495819736,0,0,7.648627754155393,15.529145947074284,CD74
GO_Biological_Process_2023,Protein Activation Cascade (GO:0072376),1/14,0.1312937743788508,0.242009495819736,0,0,7.648627754155393,15.529145947074284,THBD
GO_Biological_Process_2023,Regulation Of ATP Biosynthetic Process (GO:2001169),1/14,0.1312937743788508,0.242009495819736,0,0,7.648627754155393,15.529145947074284,TMSB4X
GO_Biological_Process_2023,Positive Regulation Of Protein Metabolic Process (GO:0051247),4/196,0.1338866309236116,0.2464167791527732,0,0,2.084183673469388,4.19079707112378,IL6;RDX;MSN;VIM
GO_Biological_Process_2023,Response To Metal Ion (GO:0010038),2/64,0.1344225663522014,0.2464167791527732,0,0,3.215705441511893,6.45317143498723,PLSCR1;CAV1
GO_Biological_Process_2023,Positive Regulation Of T Cell Differentiation (GO:0045582),2/64,0.1344225663522014,0.2464167791527732,0,0,3.215705441511893,6.45317143498723,HLA-DRA;HLA-DRB1
GO_Biological_Process_2023,Positive Regulation Of Interleukin-1 Production (GO:0032732),2/64,0.1344225663522014,0.2464167791527732,0,0,3.215705441511893,6.45317143498723,IL6;IFI16
GO_Biological_Process_2023,Positive Regulation Of Type I Interferon Production (GO:0032481),2/64,0.1344225663522014,0.2464167791527732,0,0,3.215705441511893,6.45317143498723,STING1;FLOT1
GO_Biological_Process_2023,Regulation Of Anatomical Structure Morphogenesis (GO:0022603),3/127,0.1346639798868546,0.2465425685287521,0,0,2.4164074013427213,4.844830729741804,MEF2C;IL6;SPARC
GO_Biological_Process_2023,Positive Regulation Of Apoptotic Process (GO:0043065),5/270,0.1347864461477549,0.2465425685287521,0,0,1.8901790033865504,3.7880390013496,IL6;TNFSF10;CTSH;ITGA6;CFLAR
GO_Biological_Process_2023,Canonical Wnt Signaling Pathway (GO:0060070),2/65,0.137821576382599,0.2497629675019271,0,0,3.1645021645021645,6.271395690931595,CCL14;CAV1
GO_Biological_Process_2023,Regulation Of Tyrosine Phosphorylation Of STAT Protein (GO:0042509),2/65,0.137821576382599,0.2497629675019271,0,0,3.1645021645021645,6.271395690931595,SOCS3;IL6
GO_Biological_Process_2023,Protein Targeting (GO:0006605),3/129,0.1392329274452611,0.2497629675019271,0,0,2.3778100072516315,4.688106881874375,SDCBP;CDC37;SRP14
GO_Biological_Process_2023,B Cell Mediated Immunity (GO:0019724),1/15,0.139986908731619,0.2497629675019271,0,0,7.101938262742283,13.963876250165317,CD74
GO_Biological_Process_2023,Regulation Of Clathrin-Dependent Endocytosis (GO:2000369),1/15,0.139986908731619,0.2497629675019271,0,0,7.101938262742283,13.963876250165317,CCL14
GO_Biological_Process_2023,Regulation Of Interleukin-13 Production (GO:0032656),1/15,0.139986908731619,0.2497629675019271,0,0,7.101938262742283,13.963876250165317,HLA-E
GO_Biological_Process_2023,Amyloid-Beta Metabolic Process (GO:0050435),1/15,0.139986908731619,0.2497629675019271,0,0,7.101938262742283,13.963876250165317,BACE2
GO_Biological_Process_2023,Regulation Of Systemic Arterial Blood Pressure By Hormone (GO:0001990),1/15,0.139986908731619,0.2497629675019271,0,0,7.101938262742283,13.963876250165317,ECE1
GO_Biological_Process_2023,Digestive Tract Morphogenesis (GO:0048546),1/15,0.139986908731619,0.2497629675019271,0,0,7.101938262742283,13.963876250165317,SOX17
GO_Biological_Process_2023,Glycosaminoglycan Catabolic Process (GO:0006027),1/15,0.139986908731619,0.2497629675019271,0,0,7.101938262742283,13.963876250165317,HYAL2
GO_Biological_Process_2023,Negative Regulation Of Cation Transmembrane Transport (GO:1904063),1/15,0.139986908731619,0.2497629675019271,0,0,7.101938262742283,13.963876250165317,CAV1
GO_Biological_Process_2023,Negative Regulation Of Epithelial Cell Differentiation (GO:0030857),1/15,0.139986908731619,0.2497629675019271,0,0,7.101938262742283,13.963876250165317,SPRY1
GO_Biological_Process_2023,Negative Regulation Of Phagocytosis (GO:0050765),1/15,0.139986908731619,0.2497629675019271,0,0,7.101938262742283,13.963876250165317,PLSCR1
GO_Biological_Process_2023,Negative Regulation Of Platelet Activation (GO:0010544),1/15,0.139986908731619,0.2497629675019271,0,0,7.101938262742283,13.963876250165317,THBD
GO_Biological_Process_2023,Positive Regulation Of Collagen Biosynthetic Process (GO:0032967),1/15,0.139986908731619,0.2497629675019271,0,0,7.101938262742283,13.963876250165317,VIM
GO_Biological_Process_2023,Positive Regulation Of Endothelial Cell Apoptotic Process (GO:2000353),1/15,0.139986908731619,0.2497629675019271,0,0,7.101938262742283,13.963876250165317,ECSCR
GO_Biological_Process_2023,Positive Regulation Of Immunoglobulin Mediated Immune Response (GO:0002891),1/15,0.139986908731619,0.2497629675019271,0,0,7.101938262742283,13.963876250165317,NECTIN2
GO_Biological_Process_2023,Positive Regulation Of Secretion (GO:0051047),1/15,0.139986908731619,0.2497629675019271,0,0,7.101938262742283,13.963876250165317,AQP1
GO_Biological_Process_2023,Positive Regulation Of Syncytium Formation By Plasma Membrane Fusion (GO:0060143),1/15,0.139986908731619,0.2497629675019271,0,0,7.101938262742283,13.963876250165317,FLOT1
GO_Biological_Process_2023,Protein Localization To Cell-Cell Junction (GO:0150105),1/15,0.139986908731619,0.2497629675019271,0,0,7.101938262742283,13.963876250165317,CDH5
GO_Biological_Process_2023,Regulation Of Activin Receptor Signaling Pathway (GO:0032925),1/15,0.139986908731619,0.2497629675019271,0,0,7.101938262742283,13.963876250165317,FKBP1A
GO_Biological_Process_2023,Regulation Of Bicellular Tight Junction Assembly (GO:2000810),1/15,0.139986908731619,0.2497629675019271,0,0,7.101938262742283,13.963876250165317,CLDN5
GO_Biological_Process_2023,Regulation Of Carbohydrate Metabolic Process (GO:0006109),1/15,0.139986908731619,0.2497629675019271,0,0,7.101938262742283,13.963876250165317,PDK4
GO_Biological_Process_2023,Regulation Of Endocytosis (GO:0030100),2/66,0.1412394085870013,0.2509253322769066,0,0,3.11489898989899,6.096788351656931,MCTP1;FLOT1
GO_Biological_Process_2023,Cellular Response To Type II Interferon (GO:0071346),2/66,0.1412394085870013,0.2509253322769066,0,0,3.11489898989899,6.096788351656931,CCL14;HLA-DPA1
GO_Biological_Process_2023,Negative Regulation Of Endopeptidase Activity (GO:0010951),2/66,0.1412394085870013,0.2509253322769066,0,0,3.11489898989899,6.096788351656931,IFI16;TIMP3
GO_Biological_Process_2023,Negative Regulation Of Immune Response (GO:0050777),2/66,0.1412394085870013,0.2509253322769066,0,0,3.11489898989899,6.096788351656931,IFI16;HLA-DRB1
GO_Biological_Process_2023,Plasma Membrane Bounded Cell Projection Assembly (GO:0120031),5/275,0.1423260201169462,0.252587092024761,0,0,1.8547008547008548,3.6159895833650615,SDCBP;DUSP23;GSN;FXYD5;RAC1
GO_Biological_Process_2023,Regulation Of Neurogenesis (GO:0050767),2/67,0.1446753520694938,0.2547752716885911,0,0,3.0668220668220667,5.928973623253177,IL6;B2M
GO_Biological_Process_2023,Epithelial Cell Differentiation (GO:0030855),3/132,0.1461833943108462,0.2547752716885911,0,0,2.3221579506551766,4.465262011584285,TAGLN2;PLAAT3;CNN3
GO_Biological_Process_2023,Plasma Membrane Bounded Cell Projection Organization (GO:0120036),3/132,0.1461833943108462,0.2547752716885911,0,0,2.3221579506551766,4.465262011584285,IL6;RAB13;RAC1
GO_Biological_Process_2023,Cell-Cell Junction Organization (GO:0045216),2/68,0.1481287080780672,0.2547752716885911,0,0,3.0202020202020203,5.767600469255814,CDH5;CLDN5
GO_Biological_Process_2023,Regulation Of Fatty Acid Oxidation (GO:0046320),1/16,0.1485934818111902,0.2547752716885911,0,0,6.628140703517588,12.636822082241835,PDK4
GO_Biological_Process_2023,Regulation Of Fibrinolysis (GO:0051917),1/16,0.1485934818111902,0.2547752716885911,0,0,6.628140703517588,12.636822082241835,THBD
GO_Biological_Process_2023,Regulation Of Interleukin-1 Production (GO:0032652),1/16,0.1485934818111902,0.2547752716885911,0,0,6.628140703517588,12.636822082241835,FOXP1
GO_Biological_Process_2023,Activation Of Cysteine-Type Endopeptidase Activity (GO:0097202),1/16,0.1485934818111902,0.2547752716885911,0,0,6.628140703517588,12.636822082241835,IFI16
GO_Biological_Process_2023,Regulation Of Nucleocytoplasmic Transport (GO:0046822),1/16,0.1485934818111902,0.2547752716885911,0,0,6.628140703517588,12.636822082241835,IFI27
GO_Biological_Process_2023,Regulation Of Protein Kinase A Signaling (GO:0010738),1/16,0.1485934818111902,0.2547752716885911,0,0,6.628140703517588,12.636822082241835,RAMP3
GO_Biological_Process_2023,Cellular Response To Fatty Acid (GO:0071398),1/16,0.1485934818111902,0.2547752716885911,0,0,6.628140703517588,12.636822082241835,PDK4
GO_Biological_Process_2023,Regulation Of Transforming Growth Factor Beta Production (GO:0071634),1/16,0.1485934818111902,0.2547752716885911,0,0,6.628140703517588,12.636822082241835,LRRC32
GO_Biological_Process_2023,Response To UV-B (GO:0010224),1/16,0.1485934818111902,0.2547752716885911,0,0,6.628140703517588,12.636822082241835,HYAL2
GO_Biological_Process_2023,Reticulophagy (GO:0061709),1/16,0.1485934818111902,0.2547752716885911,0,0,6.628140703517588,12.636822082241835,STING1
GO_Biological_Process_2023,Ruffle Organization (GO:0031529),1/16,0.1485934818111902,0.2547752716885911,0,0,6.628140703517588,12.636822082241835,RAC1
GO_Biological_Process_2023,Establishment Of Protein Localization To Endoplasmic Reticulum (GO:0072599),1/16,0.1485934818111902,0.2547752716885911,0,0,6.628140703517588,12.636822082241835,SRP14
GO_Biological_Process_2023,Vasculature Development (GO:0001944),1/16,0.1485934818111902,0.2547752716885911,0,0,6.628140703517588,12.636822082241835,CDH5
GO_Biological_Process_2023,Heart Process (GO:0003015),1/16,0.1485934818111902,0.2547752716885911,0,0,6.628140703517588,12.636822082241835,RAMP3
GO_Biological_Process_2023,Innate Immune Response-Activating Signaling Pathway (GO:0002758),1/16,0.1485934818111902,0.2547752716885911,0,0,6.628140703517588,12.636822082241835,STING1
GO_Biological_Process_2023,Negative Regulation Of Biosynthetic Process (GO:0009890),1/16,0.1485934818111902,0.2547752716885911,0,0,6.628140703517588,12.636822082241835,IL6
GO_Biological_Process_2023,Negative Regulation Of Chemokine Production (GO:0032682),1/16,0.1485934818111902,0.2547752716885911,0,0,6.628140703517588,12.636822082241835,IL6
GO_Biological_Process_2023,Negative Regulation Of Inflammatory Response To Antigenic Stimulus (GO:0002862),1/16,0.1485934818111902,0.2547752716885911,0,0,6.628140703517588,12.636822082241835,HLA-DRB1
GO_Biological_Process_2023,Negative Regulation Of Intrinsic Apoptotic Signaling Pathway By P53 Class Mediator (GO:1902254),1/16,0.1485934818111902,0.2547752716885911,0,0,6.628140703517588,12.636822082241835,CD74
GO_Biological_Process_2023,Negative Regulation Of Phosphatase Activity (GO:0010923),1/16,0.1485934818111902,0.2547752716885911,0,0,6.628140703517588,12.636822082241835,FKBP1A
GO_Biological_Process_2023,Negative Regulation Of Viral-Induced Cytoplasmic Pattern Recognition Receptor Signaling Pathway (GO:0039532),1/16,0.1485934818111902,0.2547752716885911,0,0,6.628140703517588,12.636822082241835,SEC14L1
GO_Biological_Process_2023,Positive Regulation Of Cardiac Muscle Tissue Growth (GO:0055023),1/16,0.1485934818111902,0.2547752716885911,0,0,6.628140703517588,12.636822082241835,MEF2C
GO_Biological_Process_2023,Positive Regulation Of Collagen Metabolic Process (GO:0010714),1/16,0.1485934818111902,0.2547752716885911,0,0,6.628140703517588,12.636822082241835,VIM
GO_Biological_Process_2023,Positive Regulation Of Homotypic Cell-Cell Adhesion (GO:0034112),1/16,0.1485934818111902,0.2547752716885911,0,0,6.628140703517588,12.636822082241835,IL6
GO_Biological_Process_2023,Positive Regulation Of Myeloid Leukocyte Cytokine Production Involved In Immune Response (GO:0061081),1/16,0.1485934818111902,0.2547752716885911,0,0,6.628140703517588,12.636822082241835,CD74
GO_Biological_Process_2023,Regulation Of B Cell Receptor Signaling Pathway (GO:0050855),1/16,0.1485934818111902,0.2547752716885911,0,0,6.628140703517588,12.636822082241835,FOXP1
GO_Biological_Process_2023,Regulation Of NMDA Receptor Activity (GO:2000310),1/16,0.1485934818111902,0.2547752716885911,0,0,6.628140703517588,12.636822082241835,MEF2C
GO_Biological_Process_2023,Regulation Of Blood Vessel Endothelial Cell Proliferation Involved In Sprouting Angiogenesis (GO:1903587),1/16,0.1485934818111902,0.2547752716885911,0,0,6.628140703517588,12.636822082241835,MMRN2
GO_Biological_Process_2023,Regulation Of Cardiac Muscle Contraction By Regulation Of The Release Of Sequestered Calcium Ion (GO:0010881),1/16,0.1485934818111902,0.2547752716885911,0,0,6.628140703517588,12.636822082241835,CLIC2
GO_Biological_Process_2023,Regulation Of Monoatomic Ion Transmembrane Transporter Activity (GO:0032412),2/69,0.1515987898971927,0.2593954704183522,0,0,2.974973616764661,5.612340646899519,MEF2C;FXYD5
GO_Biological_Process_2023,Establishment Of Protein Localization To Membrane (GO:0090150),2/69,0.1515987898971927,0.2593954704183522,0,0,2.974973616764661,5.612340646899519,SDCBP;RDX
GO_Biological_Process_2023,Cellular Response To Metal Ion (GO:0071248),3/135,0.1532453275007154,0.2608160700705972,0,0,2.269035532994924,4.256064425015225,MEF2C;B2M;AQP1
GO_Biological_Process_2023,Negative Regulation Of Cell Differentiation (GO:0045596),4/207,0.1539305700130572,0.2608160700705972,0,0,1.9701417512817936,3.686634888531132,IL6;CCDC85B;CAV1;SPRY1
GO_Biological_Process_2023,Central Nervous System Development (GO:0007417),5/283,0.1547610630287284,0.2608160700705972,0,0,1.8005902969931746,3.3596726036690296,CCL14;GSN;HSPG2;SPTBN1;TGFBR2
GO_Biological_Process_2023,Positive Regulation Of Protein Polymerization (GO:0032273),2/70,0.1550849226995339,0.2608160700705972,0,0,2.931075460487225,5.462886925837976,CDC42EP3;RAC1
GO_Biological_Process_2023,Regulation Of Actin Filament Polymerization (GO:0030833),2/70,0.1550849226995339,0.2608160700705972,0,0,2.931075460487225,5.462886925837976,CDC42EP3;ESAM
GO_Biological_Process_2023,Regulation Of Cellular Biosynthetic Process (GO:0031326),2/70,0.1550849226995339,0.2608160700705972,0,0,2.931075460487225,5.462886925837976,PDK4;RAC1
GO_Biological_Process_2023,Regulation Of Protein Kinase B Signaling (GO:0051896),3/136,0.1556231070735254,0.2608160700705972,0,0,2.2518606160070225,4.189177232020214,RAMP3;HYAL2;ENG
GO_Biological_Process_2023,Rac Protein Signal Transduction (GO:0016601),1/17,0.157114351192228,0.2608160700705972,0,0,6.21356783919598,11.499955704952034,RAC1
GO_Biological_Process_2023,Regulation Of Inflammatory Response To Antigenic Stimulus (GO:0002861),1/17,0.157114351192228,0.2608160700705972,0,0,6.21356783919598,11.499955704952034,HLA-DRB1
GO_Biological_Process_2023,T Cell Migration (GO:0072678),1/17,0.157114351192228,0.2608160700705972,0,0,6.21356783919598,11.499955704952034,MSN
GO_Biological_Process_2023,cGMP-mediated Signaling (GO:0019934),1/17,0.157114351192228,0.2608160700705972,0,0,6.21356783919598,11.499955704952034,AQP1
GO_Biological_Process_2023,Regulation Of Receptor Signaling Pathway Via STAT (GO:1904892),1/17,0.157114351192228,0.2608160700705972,0,0,6.21356783919598,11.499955704952034,IL6
GO_Biological_Process_2023,Cellular Response To Glucocorticoid Stimulus (GO:0071385),1/17,0.157114351192228,0.2608160700705972,0,0,6.21356783919598,11.499955704952034,AQP1
GO_Biological_Process_2023,Regulation Of Viral Transcription (GO:0046782),1/17,0.157114351192228,0.2608160700705972,0,0,6.21356783919598,11.499955704952034,IFITM3
GO_Biological_Process_2023,Embryonic Digit Morphogenesis (GO:0042733),1/17,0.157114351192228,0.2608160700705972,0,0,6.21356783919598,11.499955704952034,ECE1
GO_Biological_Process_2023,Embryonic Heart Tube Development (GO:0035050),1/17,0.157114351192228,0.2608160700705972,0,0,6.21356783919598,11.499955704952034,SOX17
GO_Biological_Process_2023,Extracellular Matrix Assembly (GO:0085029),1/17,0.157114351192228,0.2608160700705972,0,0,6.21356783919598,11.499955704952034,RAMP2
GO_Biological_Process_2023,Growth Hormone Receptor Signaling Pathway (GO:0060396),1/17,0.157114351192228,0.2608160700705972,0,0,6.21356783919598,11.499955704952034,SOCS2
GO_Biological_Process_2023,Membrane Lipid Metabolic Process (GO:0006643),1/17,0.157114351192228,0.2608160700705972,0,0,6.21356783919598,11.499955704952034,MGST2
GO_Biological_Process_2023,Mesenchyme Development (GO:0060485),1/17,0.157114351192228,0.2608160700705972,0,0,6.21356783919598,11.499955704952034,MEOX1
GO_Biological_Process_2023,Negative Regulation Of Interleukin-8 Production (GO:0032717),1/17,0.157114351192228,0.2608160700705972,0,0,6.21356783919598,11.499955704952034,TMSB4X
GO_Biological_Process_2023,Negative Regulation Of Vascular Associated Smooth Muscle Cell Proliferation (GO:1904706),1/17,0.157114351192228,0.2608160700705972,0,0,6.21356783919598,11.499955704952034,MEF2C
GO_Biological_Process_2023,Neuron Maturation (GO:0042551),1/17,0.157114351192228,0.2608160700705972,0,0,6.21356783919598,11.499955704952034,RND1
GO_Biological_Process_2023,Positive Regulation By Host Of Viral Process (GO:0044794),1/17,0.157114351192228,0.2608160700705972,0,0,6.21356783919598,11.499955704952034,CAV2
GO_Biological_Process_2023,Positive Regulation Of Heart Rate (GO:0010460),1/17,0.157114351192228,0.2608160700705972,0,0,6.21356783919598,11.499955704952034,ADM5
GO_Biological_Process_2023,Positive Regulation Of Lymphocyte Chemotaxis (GO:0140131),1/17,0.157114351192228,0.2608160700705972,0,0,6.21356783919598,11.499955704952034,NEDD9
GO_Biological_Process_2023,Positive Regulation Of Macrophage Activation (GO:0043032),1/17,0.157114351192228,0.2608160700705972,0,0,6.21356783919598,11.499955704952034,IL33
GO_Biological_Process_2023,Prostaglandin Biosynthetic Process (GO:0001516),1/17,0.157114351192228,0.2608160700705972,0,0,6.21356783919598,11.499955704952034,CD74
GO_Biological_Process_2023,rRNA Transcription (GO:0009303),1/17,0.157114351192228,0.2608160700705972,0,0,6.21356783919598,11.499955704952034,CAVIN1
GO_Biological_Process_2023,Regulation Of Adenylate Cyclase Activity (GO:0045761),1/17,0.157114351192228,0.2608160700705972,0,0,6.21356783919598,11.499955704952034,GNAI2
GO_Biological_Process_2023,Regulation Of Hydrolase Activity (GO:0051336),2/71,0.1585864433775845,0.26273746075453,0,0,2.888449714536671,5.318951469597782,CAV1;RDX
GO_Biological_Process_2023,Positive Regulation Of Cell-Substrate Adhesion (GO:0010811),2/71,0.1585864433775845,0.26273746075453,0,0,2.888449714536671,5.318951469597782,NEDD9;RAC1
GO_Biological_Process_2023,Regulation Of Cellular Localization (GO:0060341),2/72,0.1621027002960182,0.2654579644398925,0,0,2.8470418470418477,5.180264363849609,FKBP1A;GSN
GO_Biological_Process_2023,Cellular Response To Hypoxia (GO:0071456),2/72,0.1621027002960182,0.2654579644398925,0,0,2.8470418470418477,5.180264363849609,EPAS1;AQP1
GO_Biological_Process_2023,Protein Targeting To Membrane (GO:0006612),2/72,0.1621027002960182,0.2654579644398925,0,0,2.8470418470418477,5.180264363849609,SDCBP;SRP14
GO_Biological_Process_2023,Regulation Of Epithelial Cell Differentiation (GO:0030856),1/18,0.1655503660358053,0.2654579644398925,0,0,5.847768253029855,10.51709310132786,CAV1
GO_Biological_Process_2023,Regulation Of Establishment Or Maintenance Of Cell Polarity (GO:0032878),1/18,0.1655503660358053,0.2654579644398925,0,0,5.847768253029855,10.51709310132786,CDH5
GO_Biological_Process_2023,Regulation Of Exosomal Secretion (GO:1903541),1/18,0.1655503660358053,0.2654579644398925,0,0,5.847768253029855,10.51709310132786,SDCBP
GO_Biological_Process_2023,Actin Filament Capping (GO:0051693),1/18,0.1655503660358053,0.2654579644398925,0,0,5.847768253029855,10.51709310132786,GSN
GO_Biological_Process_2023,Barbed-End Actin Filament Capping (GO:0051016),1/18,0.1655503660358053,0.2654579644398925,0,0,5.847768253029855,10.51709310132786,GSN
GO_Biological_Process_2023,Cardiac Atrium Morphogenesis (GO:0003209),1/18,0.1655503660358053,0.2654579644398925,0,0,5.847768253029855,10.51709310132786,ENG
GO_Biological_Process_2023,Cardiac Muscle Cell Contraction (GO:0086003),1/18,0.1655503660358053,0.2654579644398925,0,0,5.847768253029855,10.51709310132786,GSN
GO_Biological_Process_2023,Regulation Of Protein Neddylation (GO:2000434),1/18,0.1655503660358053,0.2654579644398925,0,0,5.847768253029855,10.51709310132786,EPAS1
GO_Biological_Process_2023,Cellular Response To Inorganic Substance (GO:0071241),1/18,0.1655503660358053,0.2654579644398925,0,0,5.847768253029855,10.51709310132786,AQP1
GO_Biological_Process_2023,Response To Cholesterol (GO:0070723),1/18,0.1655503660358053,0.2654579644398925,0,0,5.847768253029855,10.51709310132786,TGFBR2
GO_Biological_Process_2023,Endothelial Cell Proliferation (GO:0001935),1/18,0.1655503660358053,0.2654579644398925,0,0,5.847768253029855,10.51709310132786,CD34
GO_Biological_Process_2023,Excitatory Postsynaptic Potential (GO:0060079),1/18,0.1655503660358053,0.2654579644398925,0,0,5.847768253029855,10.51709310132786,MEF2C
GO_Biological_Process_2023,Glycerolipid Catabolic Process (GO:0046503),1/18,0.1655503660358053,0.2654579644398925,0,0,5.847768253029855,10.51709310132786,MGLL
GO_Biological_Process_2023,Icosanoid Biosynthetic Process (GO:0046456),1/18,0.1655503660358053,0.2654579644398925,0,0,5.847768253029855,10.51709310132786,MGST2
GO_Biological_Process_2023,Mesenchyme Morphogenesis (GO:0072132),1/18,0.1655503660358053,0.2654579644398925,0,0,5.847768253029855,10.51709310132786,ENG
GO_Biological_Process_2023,Myoblast Fusion (GO:0007520),1/18,0.1655503660358053,0.2654579644398925,0,0,5.847768253029855,10.51709310132786,JAM2
GO_Biological_Process_2023,Negative Regulation Of Lipid Storage (GO:0010888),1/18,0.1655503660358053,0.2654579644398925,0,0,5.847768253029855,10.51709310132786,IL6
GO_Biological_Process_2023,Negative Regulation Of Signal Transduction By P53 Class Mediator (GO:1901797),1/18,0.1655503660358053,0.2654579644398925,0,0,5.847768253029855,10.51709310132786,CD74
GO_Biological_Process_2023,Neural Crest Cell Differentiation (GO:0014033),1/18,0.1655503660358053,0.2654579644398925,0,0,5.847768253029855,10.51709310132786,MEF2C
GO_Biological_Process_2023,Positive Regulation Of Cytokine Production Involved In Inflammatory Response (GO:1900017),1/18,0.1655503660358053,0.2654579644398925,0,0,5.847768253029855,10.51709310132786,IL6
GO_Biological_Process_2023,Positive Regulation Of Extracellular Matrix Organization (GO:1903055),1/18,0.1655503660358053,0.2654579644398925,0,0,5.847768253029855,10.51709310132786,IL6
GO_Biological_Process_2023,Positive Regulation Of Focal Adhesion Assembly (GO:0051894),1/18,0.1655503660358053,0.2654579644398925,0,0,5.847768253029855,10.51709310132786,RAC1
GO_Biological_Process_2023,Positive Regulation Of Interleukin-4 Production (GO:0032753),1/18,0.1655503660358053,0.2654579644398925,0,0,5.847768253029855,10.51709310132786,HLA-E
GO_Biological_Process_2023,Positive Regulation Of Natural Killer Cell Activation (GO:0032816),1/18,0.1655503660358053,0.2654579644398925,0,0,5.847768253029855,10.51709310132786,HLA-E
GO_Biological_Process_2023,Positive Regulation Of Osteoclast Differentiation (GO:0045672),1/18,0.1655503660358053,0.2654579644398925,0,0,5.847768253029855,10.51709310132786,NEDD9
GO_Biological_Process_2023,Regulation Of RIG-I Signaling Pathway (GO:0039535),1/18,0.1655503660358053,0.2654579644398925,0,0,5.847768253029855,10.51709310132786,SEC14L1
GO_Biological_Process_2023,Regulation Of T Cell Cytokine Production (GO:0002724),1/18,0.1655503660358053,0.2654579644398925,0,0,5.847768253029855,10.51709310132786,HLA-A
GO_Biological_Process_2023,Regulation Of Cell-Cell Adhesion Mediated By Cadherin (GO:2000047),1/18,0.1655503660358053,0.2654579644398925,0,0,5.847768253029855,10.51709310132786,FLOT1
GO_Biological_Process_2023,Cellular Response To Decreased Oxygen Levels (GO:0036294),2/73,0.1656330532612982,0.2654579644398925,0,0,2.806800398349694,5.046572271238703,EPAS1;AQP1
GO_Biological_Process_2023,Cellular Response To Reactive Oxygen Species (GO:0034614),2/73,0.1656330532612982,0.2654579644398925,0,0,2.806800398349694,5.046572271238703,IL6;AQP1
GO_Biological_Process_2023,Protein Tetramerization (GO:0051262),2/73,0.1656330532612982,0.2654579644398925,0,0,2.806800398349694,5.046572271238703,B2M;HLA-DRB1
GO_Biological_Process_2023,Regulation Of GTPase Activity (GO:0043087),4/214,0.1672414640339175,0.2677787583285161,0,0,1.903790087463557,3.4045794514374683,CCL14;CAV2;RDX;ITGA6
GO_Biological_Process_2023,Gland Development (GO:0048732),2/74,0.1691768732048807,0.2706181784024433,0,0,2.767676767676768,4.917637208774679,CAV1;MSN
GO_Biological_Process_2023,Positive Regulation Of Transferase Activity (GO:0051347),3/143,0.1725795861644545,0.271671611922374,0,0,2.1385061638868748,3.7571345929995696,CD74;FLT1;HLA-DRB1
GO_Biological_Process_2023,Regulation Of Stress Fiber Assembly (GO:0051492),2/75,0.1727335422229741,0.271671611922374,0,0,2.72962501729625,4.793235424721277,CCN2;RAC1
GO_Biological_Process_2023,Defense Response To Gram-negative Bacterium (GO:0050829),2/75,0.1727335422229741,0.271671611922374,0,0,2.72962501729625,4.793235424721277,IL6;AQP1
GO_Biological_Process_2023,Regulation Of BMP Signaling Pathway (GO:0030510),2/75,0.1727335422229741,0.271671611922374,0,0,2.72962501729625,4.793235424721277,CDH5;ENG
GO_Biological_Process_2023,Arp2/3 Complex-Mediated Actin Nucleation (GO:0034314),1/19,0.1739023671527052,0.271671611922374,0,0,5.522613065326633,9.66049300943,ARPC1B
GO_Biological_Process_2023,Regulation Of Fibroblast Growth Factor Receptor Signaling Pathway (GO:0040036),1/19,0.1739023671527052,0.271671611922374,0,0,5.522613065326633,9.66049300943,SPRY1
GO_Biological_Process_2023,Regulation Of Megakaryocyte Differentiation (GO:0045652),1/19,0.1739023671527052,0.271671611922374,0,0,5.522613065326633,9.66049300943,MEF2C
GO_Biological_Process_2023,Atrioventricular Valve Morphogenesis (GO:0003181),1/19,0.1739023671527052,0.271671611922374,0,0,5.522613065326633,9.66049300943,TGFBR2
GO_Biological_Process_2023,Regulation Of Nuclear Division (GO:0051783),1/19,0.1739023671527052,0.271671611922374,0,0,5.522613065326633,9.66049300943,CAV2
GO_Biological_Process_2023,Calcium-Independent Cell-Cell Adhesion Via Plasma Membrane Cell-Adhesion Molecules (GO:0016338),1/19,0.1739023671527052,0.271671611922374,0,0,5.522613065326633,9.66049300943,CLDN5
GO_Biological_Process_2023,Cardiac Ventricle Development (GO:0003231),1/19,0.1739023671527052,0.271671611922374,0,0,5.522613065326633,9.66049300943,ENG
GO_Biological_Process_2023,Cortical Actin Cytoskeleton Organization (GO:0030866),1/19,0.1739023671527052,0.271671611922374,0,0,5.522613065326633,9.66049300943,RAB13
GO_Biological_Process_2023,Response To Fatty Acid (GO:0070542),1/19,0.1739023671527052,0.271671611922374,0,0,5.522613065326633,9.66049300943,PDK4
GO_Biological_Process_2023,Steroid Hormone Biosynthetic Process (GO:0120178),1/19,0.1739023671527052,0.271671611922374,0,0,5.522613065326633,9.66049300943,HSD17B11
GO_Biological_Process_2023,Establishment Of Epithelial Cell Polarity (GO:0090162),1/19,0.1739023671527052,0.271671611922374,0,0,5.522613065326633,9.66049300943,MSN
GO_Biological_Process_2023,Intrinsic Apoptotic Signaling Pathway In Response To DNA Damage By P53 Class Mediator (GO:0042771),1/19,0.1739023671527052,0.271671611922374,0,0,5.522613065326633,9.66049300943,IFI16
GO_Biological_Process_2023,Leukotriene Biosynthetic Process (GO:0019370),1/19,0.1739023671527052,0.271671611922374,0,0,5.522613065326633,9.66049300943,MGST2
GO_Biological_Process_2023,Multicellular Organismal-Level Water Homeostasis (GO:0050891),1/19,0.1739023671527052,0.271671611922374,0,0,5.522613065326633,9.66049300943,AQP1
GO_Biological_Process_2023,Negative Regulation Of Calcium Ion Transmembrane Transport (GO:1903170),1/19,0.1739023671527052,0.271671611922374,0,0,5.522613065326633,9.66049300943,FKBP1A
GO_Biological_Process_2023,Negative Regulation Of Cyclin-Dependent Protein Serine/Threonine Kinase Activity (GO:0045736),1/19,0.1739023671527052,0.271671611922374,0,0,5.522613065326633,9.66049300943,HHEX
GO_Biological_Process_2023,Negative Regulation Of Protein Dephosphorylation (GO:0035308),1/19,0.1739023671527052,0.271671611922374,0,0,5.522613065326633,9.66049300943,FKBP1A
GO_Biological_Process_2023,Positive Regulation Of Activated T Cell Proliferation (GO:0042104),1/19,0.1739023671527052,0.271671611922374,0,0,5.522613065326633,9.66049300943,IGFBP2
GO_Biological_Process_2023,Positive Regulation Of calcineurin-NFAT Signaling Cascade (GO:0070886),1/19,0.1739023671527052,0.271671611922374,0,0,5.522613065326633,9.66049300943,LMCD1
GO_Biological_Process_2023,Positive Regulation Of Calcineurin-Mediated Signaling (GO:0106058),1/19,0.1739023671527052,0.271671611922374,0,0,5.522613065326633,9.66049300943,LMCD1
GO_Biological_Process_2023,Regulation Of Acute Inflammatory Response (GO:0002673),1/19,0.1739023671527052,0.271671611922374,0,0,5.522613065326633,9.66049300943,IL6
GO_Biological_Process_2023,Regulation Of Ras Protein Signal Transduction (GO:0046578),2/76,0.1763024531867548,0.275163641889608,0,0,2.6926016926016927,4.673156378016087,RDX;SPRY1
GO_Biological_Process_2023,Actomyosin Structure Organization (GO:0031032),2/77,0.1798830098073791,0.2775783596904868,0,0,2.656565656565657,4.557201796283064,PDLIM1;MYH9
GO_Biological_Process_2023,Embryonic Organ Development (GO:0048568),2/77,0.1798830098073791,0.2775783596904868,0,0,2.656565656565657,4.557201796283064,SOX17;TGFBR2
GO_Biological_Process_2023,Neutrophil Migration (GO:1990266),2/77,0.1798830098073791,0.2775783596904868,0,0,2.656565656565657,4.557201796283064,CCL14;PECAM1
GO_Biological_Process_2023,Positive Regulation Of JNK Cascade (GO:0046330),2/77,0.1798830098073791,0.2775783596904868,0,0,2.656565656565657,4.557201796283064,SDCBP;CCN2
GO_Biological_Process_2023,Negative Regulation Of Cell Population Proliferation (GO:0008285),6/379,0.1803370568533067,0.2775783596904868,0,0,1.610817832564053,2.7592143900660075,IFITM1;IL6;MMRN2;IGFBP7;B2M;IFIT3
GO_Biological_Process_2023,Regulation Of Macrophage Chemotaxis (GO:0010758),1/20,0.182171186958547,0.2775783596904868,0,0,5.231684739486909,8.908556962758436,MTUS1
GO_Biological_Process_2023,Ameboidal-Type Cell Migration (GO:0001667),1/20,0.182171186958547,0.2775783596904868,0,0,5.231684739486909,8.908556962758436,PDLIM1
GO_Biological_Process_2023,Regulation Of Necroptotic Process (GO:0060544),1/20,0.182171186958547,0.2775783596904868,0,0,5.231684739486909,8.908556962758436,CFLAR
GO_Biological_Process_2023,Regulation Of Protein Localization To Cell Periphery (GO:1904375),1/20,0.182171186958547,0.2775783596904868,0,0,5.231684739486909,8.908556962758436,SPTBN1
GO_Biological_Process_2023,Cell Projection Organization (GO:0030030),1/20,0.182171186958547,0.2775783596904868,0,0,5.231684739486909,8.908556962758436,GSN
GO_Biological_Process_2023,Regulation Of Smooth Muscle Contraction (GO:0006940),1/20,0.182171186958547,0.2775783596904868,0,0,5.231684739486909,8.908556962758436,CAV1
GO_Biological_Process_2023,Cellular Response To Copper Ion (GO:0071280),1/20,0.182171186958547,0.2775783596904868,0,0,5.231684739486909,8.908556962758436,AQP1
GO_Biological_Process_2023,Cellular Response To Estradiol Stimulus (GO:0071392),1/20,0.182171186958547,0.2775783596904868,0,0,5.231684739486909,8.908556962758436,RAMP3
GO_Biological_Process_2023,Response To Fibroblast Growth Factor (GO:0071774),1/20,0.182171186958547,0.2775783596904868,0,0,5.231684739486909,8.908556962758436,HYAL2
GO_Biological_Process_2023,Response To Ketone (GO:1901654),1/20,0.182171186958547,0.2775783596904868,0,0,5.231684739486909,8.908556962758436,CAV1
GO_Biological_Process_2023,Striated Muscle Cell Differentiation (GO:0051146),1/20,0.182171186958547,0.2775783596904868,0,0,5.231684739486909,8.908556962758436,MEF2C
GO_Biological_Process_2023,Gamma-Aminobutyric Acid Signaling Pathway (GO:0007214),1/20,0.182171186958547,0.2775783596904868,0,0,5.231684739486909,8.908556962758436,GNAI2
GO_Biological_Process_2023,Leukotriene Metabolic Process (GO:0006691),1/20,0.182171186958547,0.2775783596904868,0,0,5.231684739486909,8.908556962758436,MGST2
GO_Biological_Process_2023,Myoblast Differentiation (GO:0045445),1/20,0.182171186958547,0.2775783596904868,0,0,5.231684739486909,8.908556962758436,EPAS1
GO_Biological_Process_2023,Negative Regulation Of Cyclin-Dependent Protein Kinase Activity (GO:1904030),1/20,0.182171186958547,0.2775783596904868,0,0,5.231684739486909,8.908556962758436,HHEX
GO_Biological_Process_2023,Negative Regulation Of Phosphoprotein Phosphatase Activity (GO:0032515),1/20,0.182171186958547,0.2775783596904868,0,0,5.231684739486909,8.908556962758436,FKBP1A
GO_Biological_Process_2023,Negative Regulation Of Small GTPase Mediated Signal Transduction (GO:0051058),1/20,0.182171186958547,0.2775783596904868,0,0,5.231684739486909,8.908556962758436,SPRY1
GO_Biological_Process_2023,Phosphatidylserine Metabolic Process (GO:0006658),1/20,0.182171186958547,0.2775783596904868,0,0,5.231684739486909,8.908556962758436,PLSCR1
GO_Biological_Process_2023,Positive Regulation Of Phospholipase Activity (GO:0010518),1/20,0.182171186958547,0.2775783596904868,0,0,5.231684739486909,8.908556962758436,FLT1
GO_Biological_Process_2023,Regulation Of Cardiac Muscle Cell Proliferation (GO:0060043),1/20,0.182171186958547,0.2775783596904868,0,0,5.231684739486909,8.908556962758436,MEF2C
GO_Biological_Process_2023,Regulation Of Cardiac Muscle Contraction By Calcium Ion Signaling (GO:0010882),1/20,0.182171186958547,0.2775783596904868,0,0,5.231684739486909,8.908556962758436,CLIC2
GO_Biological_Process_2023,Proteolysis Involved In Protein Catabolic Process (GO:0051603),2/78,0.1834746263330842,0.2793095952381502,0,0,2.621477937267411,4.445184817601474,CTSH;CTSC
GO_Biological_Process_2023,Regulation Of Cyclin-Dependent Protein Serine/Threonine Kinase Activity (GO:0000079),2/79,0.1870767274857147,0.282220537399407,0,0,2.5873015873015874,4.336929198982091,HHEX;CDC37
GO_Biological_Process_2023,Regulation Of Neuron Differentiation (GO:0045664),2/79,0.1870767274857147,0.282220537399407,0,0,2.5873015873015874,4.336929198982091,MEF2C;TCF4
GO_Biological_Process_2023,Cellular Response To UV (GO:0034644),2/79,0.1870767274857147,0.282220537399407,0,0,2.5873015873015874,4.336929198982091,HYAL2;AQP1
GO_Biological_Process_2023,Vesicle Fusion (GO:0006906),2/79,0.1870767274857147,0.282220537399407,0,0,2.5873015873015874,4.336929198982091,CAV2;RAB13
GO_Biological_Process_2023,Negative Regulation Of Cellular Component Organization (GO:0051129),2/79,0.1870767274857147,0.282220537399407,0,0,2.5873015873015874,4.336929198982091,MCTP1;RDX
GO_Biological_Process_2023,Positive Regulation Of Catabolic Process (GO:0009896),2/79,0.1870767274857147,0.282220537399407,0,0,2.5873015873015874,4.336929198982091,RDX;MSN
GO_Biological_Process_2023,Positive Regulation Of Cytoskeleton Organization (GO:0051495),2/79,0.1870767274857147,0.282220537399407,0,0,2.5873015873015874,4.336929198982091,GSN;CDC42EP3
GO_Biological_Process_2023,Positive Regulation Of Endocytosis (GO:0045807),2/79,0.1870767274857147,0.282220537399407,0,0,2.5873015873015874,4.336929198982091,FLOT1;B2M
GO_Biological_Process_2023,Positive Regulation Of Protein Localization To Membrane (GO:1905477),2/79,0.1870767274857147,0.282220537399407,0,0,2.5873015873015874,4.336929198982091,RAMP3;SPTBN1
GO_Biological_Process_2023,Positive Regulation Of Protein Modification By Small Protein Conjugation Or Removal (GO:1903322),2/79,0.1870767274857147,0.282220537399407,0,0,2.5873015873015874,4.336929198982091,FKBP1A;CAV1
GO_Biological_Process_2023,Neuron Development (GO:0048666),3/150,0.1900319933080969,0.2835836531882676,0,0,2.035947373873407,3.380818543405686,MEF2C;IL6;RAB13
GO_Biological_Process_2023,Regulation Of Dendritic Spine Development (GO:0060998),1/21,0.1903576498347592,0.2835836531882676,0,0,4.969849246231155,8.244237447277422,MEF2C
GO_Biological_Process_2023,Regulation Of Lipid Storage (GO:0010883),1/21,0.1903576498347592,0.2835836531882676,0,0,4.969849246231155,8.244237447277422,IL6
GO_Biological_Process_2023,Regulation Of Membrane Protein Ectodomain Proteolysis (GO:0051043),1/21,0.1903576498347592,0.2835836531882676,0,0,4.969849246231155,8.244237447277422,TIMP3
GO_Biological_Process_2023,Regulation Of Transferase Activity (GO:0051338),1/21,0.1903576498347592,0.2835836531882676,0,0,4.969849246231155,8.244237447277422,LDB2
GO_Biological_Process_2023,Lipid Catabolic Process (GO:0016042),1/21,0.1903576498347592,0.2835836531882676,0,0,4.969849246231155,8.244237447277422,PLAAT3
GO_Biological_Process_2023,Modulation By Host Of Viral Genome Replication (GO:0044827),1/21,0.1903576498347592,0.2835836531882676,0,0,4.969849246231155,8.244237447277422,IFI27
GO_Biological_Process_2023,Modulation By Symbiont Of Entry Into Host (GO:0052372),1/21,0.1903576498347592,0.2835836531882676,0,0,4.969849246231155,8.244237447277422,NECTIN2
GO_Biological_Process_2023,Negative Regulation Of GTPase Activity (GO:0034260),1/21,0.1903576498347592,0.2835836531882676,0,0,4.969849246231155,8.244237447277422,RDX
GO_Biological_Process_2023,Negative Regulation Of Biomineral Tissue Development (GO:0070168),1/21,0.1903576498347592,0.2835836531882676,0,0,4.969849246231155,8.244237447277422,SRGN
GO_Biological_Process_2023,Plasma Membrane Repair (GO:0001778),1/21,0.1903576498347592,0.2835836531882676,0,0,4.969849246231155,8.244237447277422,MYH9
GO_Biological_Process_2023,poly(A)+ mRNA Export From Nucleus (GO:0016973),1/21,0.1903576498347592,0.2835836531882676,0,0,4.969849246231155,8.244237447277422,HHEX
GO_Biological_Process_2023,Positive Regulation Of Blood Coagulation (GO:0030194),1/21,0.1903576498347592,0.2835836531882676,0,0,4.969849246231155,8.244237447277422,THBD
GO_Biological_Process_2023,Positive Regulation Of Heart Contraction (GO:0045823),1/21,0.1903576498347592,0.2835836531882676,0,0,4.969849246231155,8.244237447277422,ADM5
GO_Biological_Process_2023,Regulation Of Protein Localization To Plasma Membrane (GO:1903076),2/80,0.1906887482391839,0.2838237161848815,0,0,2.554001554001554,4.232268591096898,RAMP3;SPTBN1
GO_Biological_Process_2023,Cellular Response To Interleukin-1 (GO:0071347),2/81,0.1943101337404015,0.2889562986166256,0,0,2.521544559519243,4.131045868969444,CCL14;HYAL2
GO_Biological_Process_2023,Apoptotic Process (GO:0006915),4/228,0.1950111991581914,0.2897408386069214,0,0,1.783527696793003,2.9155296769838297,PLSCR1;IFI27;CFLAR;TGFBR2
GO_Biological_Process_2023,Negative Regulation Of Apoptotic Signaling Pathway (GO:2001234),2/82,0.1979403391192459,0.2922685142153012,0,0,2.48989898989899,4.033112516956104,ITGA6;CFLAR
GO_Biological_Process_2023,Regulation Of Mononuclear Cell Migration (GO:0071675),1/22,0.1984625719282345,0.2922685142153012,0,0,4.732950466618808,7.653913334056085,MSN
GO_Biological_Process_2023,Regulation Of Protein Export From Nucleus (GO:0046825),1/22,0.1984625719282345,0.2922685142153012,0,0,4.732950466618808,7.653913334056085,IFI27
GO_Biological_Process_2023,Regulation Of Release Of Sequestered Calcium Ion Into Cytosol By Sarcoplasmic Reticulum (GO:0010880),1/22,0.1984625719282345,0.2922685142153012,0,0,4.732950466618808,7.653913334056085,CLIC2
GO_Biological_Process_2023,Dendritic Cell Differentiation (GO:0097028),1/22,0.1984625719282345,0.2922685142153012,0,0,4.732950466618808,7.653913334056085,TGFBR2
GO_Biological_Process_2023,Glucose Transmembrane Transport (GO:1904659),1/22,0.1984625719282345,0.2922685142153012,0,0,4.732950466618808,7.653913334056085,SLC2A3
GO_Biological_Process_2023,Hexose Transmembrane Transport (GO:0008645),1/22,0.1984625719282345,0.2922685142153012,0,0,4.732950466618808,7.653913334056085,SLC2A3
GO_Biological_Process_2023,Mammary Gland Development (GO:0030879),1/22,0.1984625719282345,0.2922685142153012,0,0,4.732950466618808,7.653913334056085,CAV1
GO_Biological_Process_2023,Positive Regulation Of Cholesterol Efflux (GO:0010875),1/22,0.1984625719282345,0.2922685142153012,0,0,4.732950466618808,7.653913334056085,CAV1
GO_Biological_Process_2023,Positive Regulation Of Phosphatase Activity (GO:0010922),1/22,0.1984625719282345,0.2922685142153012,0,0,4.732950466618808,7.653913334056085,MEF2C
GO_Biological_Process_2023,Negative Regulation Of Intracellular Signal Transduction (GO:1902532),4/231,0.2011412103951675,0.2956917441548678,0,0,1.7596871347658003,2.822094860805404,TMSB4X;HYAL2;CAV1;UACA
GO_Biological_Process_2023,Negative Regulation Of Multicellular Organismal Process (GO:0051241),4/231,0.2011412103951675,0.2956917441548678,0,0,1.7596871347658003,2.822094860805404,SRGN;MEF2C;ID1;SPRY1
GO_Biological_Process_2023,Regulation Of NIK/NF-kappaB Signaling (GO:1901222),2/83,0.2015788294152306,0.2960744460188524,0,0,2.4590347923681257,3.938328060173813,TMSB4X;UACA
GO_Biological_Process_2023,Positive Regulation Of Protein Ubiquitination (GO:0031398),2/84,0.2052250792916977,0.2990744938439072,0,0,2.4289233801428924,3.84655954231675,FKBP1A;CAV1
GO_Biological_Process_2023,Regulation Of Cellular Response To Transforming Growth Factor Beta Stimulus (GO:1903844),1/23,0.2064867613185778,0.2990744938439072,0,0,4.517587939698492,7.126580711797677,ENG
GO_Biological_Process_2023,Actin Nucleation (GO:0045010),1/23,0.2064867613185778,0.2990744938439072,0,0,4.517587939698492,7.126580711797677,ARPC1B
GO_Biological_Process_2023,Adaptive Immune Response Based On Somatic Recombination Of Immune Receptors Built From Immunoglobulin Superfamily Domains (GO:0002460),1/23,0.2064867613185778,0.2990744938439072,0,0,4.517587939698492,7.126580711797677,HLA-DRB1
GO_Biological_Process_2023,Cellular Lipid Catabolic Process (GO:0044242),1/23,0.2064867613185778,0.2990744938439072,0,0,4.517587939698492,7.126580711797677,MGST2
GO_Biological_Process_2023,Cellular Response To Interleukin-6 (GO:0071354),1/23,0.2064867613185778,0.2990744938439072,0,0,4.517587939698492,7.126580711797677,IL6
GO_Biological_Process_2023,Regulation Of Toll-Like Receptor 4 Signaling Pathway (GO:0034143),1/23,0.2064867613185778,0.2990744938439072,0,0,4.517587939698492,7.126580711797677,FLOT1
GO_Biological_Process_2023,Cytosolic Pattern Recognition Receptor Signaling Pathway (GO:0002753),1/23,0.2064867613185778,0.2990744938439072,0,0,4.517587939698492,7.126580711797677,STING1
GO_Biological_Process_2023,Endocardial Cushion Development (GO:0003197),1/23,0.2064867613185778,0.2990744938439072,0,0,4.517587939698492,7.126580711797677,ENG
GO_Biological_Process_2023,Lymphocyte Activation Involved In Immune Response (GO:0002285),1/23,0.2064867613185778,0.2990744938439072,0,0,4.517587939698492,7.126580711797677,CD74
GO_Biological_Process_2023,Negative Regulation Of Neuron Differentiation (GO:0045665),1/23,0.2064867613185778,0.2990744938439072,0,0,4.517587939698492,7.126580711797677,B2M
GO_Biological_Process_2023,Positive Regulation Of Cell-Substrate Junction Organization (GO:0150117),1/23,0.2064867613185778,0.2990744938439072,0,0,4.517587939698492,7.126580711797677,RAC1
GO_Biological_Process_2023,Positive Regulation Of Lamellipodium Assembly (GO:0010592),1/23,0.2064867613185778,0.2990744938439072,0,0,4.517587939698492,7.126580711797677,RAC1
GO_Biological_Process_2023,Positive Regulation Of Morphogenesis Of An Epithelium (GO:1905332),1/23,0.2064867613185778,0.2990744938439072,0,0,4.517587939698492,7.126580711797677,MMRN2
GO_Biological_Process_2023,Protein Targeting To ER (GO:0045047),1/23,0.2064867613185778,0.2990744938439072,0,0,4.517587939698492,7.126580711797677,SRP14
GO_Biological_Process_2023,Regulation Of Cardiac Muscle Hypertrophy (GO:0010611),1/23,0.2064867613185778,0.2990744938439072,0,0,4.517587939698492,7.126580711797677,LMCD1
GO_Biological_Process_2023,Positive Regulation Of GTPase Activity (GO:0043547),4/234,0.2073286509501714,0.3000336629868165,0,0,1.7364685004436555,2.7322464644880875,CCL14;CAV2;ARHGAP29;ITGA6
GO_Biological_Process_2023,Transport Across Blood-Brain Barrier (GO:0150104),2/85,0.2088785730572049,0.3012324844607359,0,0,2.3995375441158573,3.7576810395091074,FABP5;SLC2A3
GO_Biological_Process_2023,Positive Regulation Of Amide Metabolic Process (GO:0034250),2/85,0.2088785730572049,0.3012324844607359,0,0,2.3995375441158573,3.7576810395091074,IL6;VIM
GO_Biological_Process_2023,Positive Regulation Of Canonical Wnt Signaling Pathway (GO:0090263),2/85,0.2088785730572049,0.3012324844607359,0,0,2.3995375441158573,3.7576810395091074,HHEX;CAV1
GO_Biological_Process_2023,Positive Regulation Of Protein Localization (GO:1903829),2/85,0.2088785730572049,0.3012324844607359,0,0,2.3995375441158573,3.7576810395091074,PECAM1;NEDD9
GO_Biological_Process_2023,Negative Regulation Of Binding (GO:0051100),2/86,0.2125388044387241,0.3047657875962217,0,0,2.370851370851371,3.671573213687656,IFI16;CAV1
GO_Biological_Process_2023,ERK1 And ERK2 Cascade (GO:0070371),1/24,0.2144310182188985,0.3047657875962217,0,0,4.320952589032117,6.653261007649563,CTSH
GO_Biological_Process_2023,Regulation Of Heterotypic Cell-Cell Adhesion (GO:0034114),1/24,0.2144310182188985,0.3047657875962217,0,0,4.320952589032117,6.653261007649563,FLOT1
GO_Biological_Process_2023,Acylglycerol Catabolic Process (GO:0046464),1/24,0.2144310182188985,0.3047657875962217,0,0,4.320952589032117,6.653261007649563,MGLL
GO_Biological_Process_2023,Regulation Of Proteolysis Involved In Protein Catabolic Process (GO:1903050),1/24,0.2144310182188985,0.3047657875962217,0,0,4.320952589032117,6.653261007649563,CTSC
GO_Biological_Process_2023,Cell Morphogenesis Involved In Differentiation (GO:0000904),1/24,0.2144310182188985,0.3047657875962217,0,0,4.320952589032117,6.653261007649563,MEF2C
GO_Biological_Process_2023,Regulation Of Viral Life Cycle (GO:1903900),1/24,0.2144310182188985,0.3047657875962217,0,0,4.320952589032117,6.653261007649563,NECTIN2
GO_Biological_Process_2023,Response To Copper Ion (GO:0046688),1/24,0.2144310182188985,0.3047657875962217,0,0,4.320952589032117,6.653261007649563,AQP1
GO_Biological_Process_2023,Eosinophil Chemotaxis (GO:0048245),1/24,0.2144310182188985,0.3047657875962217,0,0,4.320952589032117,6.653261007649563,CCL14
GO_Biological_Process_2023,Eosinophil Migration (GO:0072677),1/24,0.2144310182188985,0.3047657875962217,0,0,4.320952589032117,6.653261007649563,CCL14
GO_Biological_Process_2023,Peroxisome Organization (GO:0007031),1/24,0.2144310182188985,0.3047657875962217,0,0,4.320952589032117,6.653261007649563,PLAAT3
GO_Biological_Process_2023,Positive Regulation Of Cellular Response To Transforming Growth Factor Beta Stimulus (GO:1903846),1/24,0.2144310182188985,0.3047657875962217,0,0,4.320952589032117,6.653261007649563,SDCBP
GO_Biological_Process_2023,Positive Regulation Of Interleukin-17 Production (GO:0032740),1/24,0.2144310182188985,0.3047657875962217,0,0,4.320952589032117,6.653261007649563,IL6
GO_Biological_Process_2023,Positive Regulation Of Transforming Growth Factor Beta Receptor Signaling Pathway (GO:0030511),1/24,0.2144310182188985,0.3047657875962217,0,0,4.320952589032117,6.653261007649563,SDCBP
GO_Biological_Process_2023,Positive Regulation Of Vascular Endothelial Growth Factor Production (GO:0010575),1/24,0.2144310182188985,0.3047657875962217,0,0,4.320952589032117,6.653261007649563,IL6
GO_Biological_Process_2023,Regulation Of AMPA Receptor Activity (GO:2000311),1/24,0.2144310182188985,0.3047657875962217,0,0,4.320952589032117,6.653261007649563,MEF2C
GO_Biological_Process_2023,Regulation Of Actin Nucleation (GO:0051125),1/24,0.2144310182188985,0.3047657875962217,0,0,4.320952589032117,6.653261007649563,GSN
GO_Biological_Process_2023,Positive Regulation Of Plasma Membrane Bounded Cell Projection Assembly (GO:0120034),2/88,0.2198775013707891,0.3101374646543287,0,0,2.315480385247827,3.5072227118932733,CDC42EP3;RAC1
GO_Biological_Process_2023,Cellular Response To Oxygen-Containing Compound (GO:1901701),6/406,0.2220004963513989,0.3101374646543287,0,0,1.5,2.2576134919428674,MEF2C;IL6;RAMP3;PDK4;VIM;AQP1
GO_Biological_Process_2023,Regulation Of Myelination (GO:0031641),1/25,0.2222961348450487,0.3101374646543287,0,0,4.14070351758794,6.226561570384656,JAM2
GO_Biological_Process_2023,Regulation Of Platelet Aggregation (GO:0090330),1/25,0.2222961348450487,0.3101374646543287,0,0,4.14070351758794,6.226561570384656,IL6
GO_Biological_Process_2023,Regulation Of Synapse Organization (GO:0050807),1/25,0.2222961348450487,0.3101374646543287,0,0,4.14070351758794,6.226561570384656,MEF2C
GO_Biological_Process_2023,Cellular Response To Steroid Hormone Stimulus (GO:0071383),1/25,0.2222961348450487,0.3101374646543287,0,0,4.14070351758794,6.226561570384656,TFPI
GO_Biological_Process_2023,"Chemical Synaptic Transmission, Postsynaptic (GO:0099565)",1/25,0.2222961348450487,0.3101374646543287,0,0,4.14070351758794,6.226561570384656,MEF2C
GO_Biological_Process_2023,Secretory Granule Organization (GO:0033363),1/25,0.2222961348450487,0.3101374646543287,0,0,4.14070351758794,6.226561570384656,SRGN
GO_Biological_Process_2023,Sterol Transport (GO:0015918),1/25,0.2222961348450487,0.3101374646543287,0,0,4.14070351758794,6.226561570384656,CAV1
GO_Biological_Process_2023,Ventricular Cardiac Muscle Tissue Development (GO:0003229),1/25,0.2222961348450487,0.3101374646543287,0,0,4.14070351758794,6.226561570384656,FKBP1A
GO_Biological_Process_2023,Lamellipodium Assembly (GO:0030032),1/25,0.2222961348450487,0.3101374646543287,0,0,4.14070351758794,6.226561570384656,RAC1
GO_Biological_Process_2023,Negative Regulation Of Intrinsic Apoptotic Signaling Pathway In Response To DNA Damage (GO:1902230),1/25,0.2222961348450487,0.3101374646543287,0,0,4.14070351758794,6.226561570384656,CD74
GO_Biological_Process_2023,Negative Regulation Of Response To Wounding (GO:1903035),1/25,0.2222961348450487,0.3101374646543287,0,0,4.14070351758794,6.226561570384656,IL33
GO_Biological_Process_2023,Negative Regulation Of Signaling Receptor Activity (GO:2000272),1/25,0.2222961348450487,0.3101374646543287,0,0,4.14070351758794,6.226561570384656,RAMP3
GO_Biological_Process_2023,Osteoclast Differentiation (GO:0030316),1/25,0.2222961348450487,0.3101374646543287,0,0,4.14070351758794,6.226561570384656,FOXP1
GO_Biological_Process_2023,Peptide Hormone Secretion (GO:0030072),1/25,0.2222961348450487,0.3101374646543287,0,0,4.14070351758794,6.226561570384656,IL6
GO_Biological_Process_2023,Phosphatidylethanolamine Metabolic Process (GO:0046337),1/25,0.2222961348450487,0.3101374646543287,0,0,4.14070351758794,6.226561570384656,PLAAT3
GO_Biological_Process_2023,Positive Regulation Of Interleukin-2 Production (GO:0032743),1/25,0.2222961348450487,0.3101374646543287,0,0,4.14070351758794,6.226561570384656,SPTBN1
GO_Biological_Process_2023,Positive Regulation Of Peptidase Activity (GO:0010952),1/25,0.2222961348450487,0.3101374646543287,0,0,4.14070351758794,6.226561570384656,CTSH
GO_Biological_Process_2023,Positive Regulation Of Release Of Cytochrome C From Mitochondria (GO:0090200),1/25,0.2222961348450487,0.3101374646543287,0,0,4.14070351758794,6.226561570384656,TNFSF10
GO_Biological_Process_2023,Positive Regulation Of Striated Muscle Cell Differentiation (GO:0051155),1/25,0.2222961348450487,0.3101374646543287,0,0,4.14070351758794,6.226561570384656,MEF2C
GO_Biological_Process_2023,Regulation Of B Cell Activation (GO:0050864),1/25,0.2222961348450487,0.3101374646543287,0,0,4.14070351758794,6.226561570384656,IL6
GO_Biological_Process_2023,Cellular Response To Peptide Hormone Stimulus (GO:0071375),2/89,0.2235550003741977,0.311633431239491,0,0,2.2887495646116336,3.428770706989903,CAV1;RAB13
GO_Biological_Process_2023,Negative Regulation Of DNA-templated Transcription (GO:0045892),13/1025,0.2271538575433544,0.3163861068368656,0,0,1.2906300860265054,1.912878606838138,IL33;MEF2C;CAV1;LDB2;ELK3;FOXP1;SDCBP;HHEX;IFI27;IFI16;CCDC85B;ID1;LRRFIP1
GO_Biological_Process_2023,Regulation Of Fatty Acid Biosynthetic Process (GO:0042304),1/26,0.2300828957266827,0.31702841242868,0,0,3.974874371859297,5.840344997302112,PDK4
GO_Biological_Process_2023,"Wnt Signaling Pathway, Planar Cell Polarity Pathway (GO:0060071)",1/26,0.2300828957266827,0.31702841242868,0,0,3.974874371859297,5.840344997302112,RAC1
GO_Biological_Process_2023,Regulation Of Myeloid Cell Differentiation (GO:0045637),1/26,0.2300828957266827,0.31702841242868,0,0,3.974874371859297,5.840344997302112,MEF2C
GO_Biological_Process_2023,Cell-Cell Adhesion Mediated By Cadherin (GO:0044331),1/26,0.2300828957266827,0.31702841242868,0,0,3.974874371859297,5.840344997302112,CDH5
GO_Biological_Process_2023,Regulation Of Vascular Endothelial Growth Factor Production (GO:0010574),1/26,0.2300828957266827,0.31702841242868,0,0,3.974874371859297,5.840344997302112,IL6
GO_Biological_Process_2023,Cellular Response To Xenobiotic Stimulus (GO:0071466),1/26,0.2300828957266827,0.31702841242868,0,0,3.974874371859297,5.840344997302112,MEF2C
GO_Biological_Process_2023,Response To Glucocorticoid (GO:0051384),1/26,0.2300828957266827,0.31702841242868,0,0,3.974874371859297,5.840344997302112,IL6
GO_Biological_Process_2023,Negative Regulation Of Protein Polymerization (GO:0032272),1/26,0.2300828957266827,0.31702841242868,0,0,3.974874371859297,5.840344997302112,CDH5
GO_Biological_Process_2023,Nucleic Acid Phosphodiester Bond Hydrolysis (GO:0090305),1/26,0.2300828957266827,0.31702841242868,0,0,3.974874371859297,5.840344997302112,RNASE1
GO_Biological_Process_2023,Organelle Membrane Fusion (GO:0090174),1/26,0.2300828957266827,0.31702841242868,0,0,3.974874371859297,5.840344997302112,CAV2
GO_Biological_Process_2023,Positive Regulation Of Microtubule Polymerization Or Depolymerization (GO:0031112),1/26,0.2300828957266827,0.31702841242868,0,0,3.974874371859297,5.840344997302112,RAC1
GO_Biological_Process_2023,Positive Regulation Of Phosphatidylinositol 3-Kinase Activity (GO:0043552),1/26,0.2300828957266827,0.31702841242868,0,0,3.974874371859297,5.840344997302112,FLT1
GO_Biological_Process_2023,Regulation Of Cardiac Muscle Cell Contraction (GO:0086004),1/26,0.2300828957266827,0.31702841242868,0,0,3.974874371859297,5.840344997302112,CAV1
GO_Biological_Process_2023,Positive Regulation Of Programmed Cell Death (GO:0043068),4/245,0.2304644734509382,0.317292391313328,0,0,1.656279109154035,2.4308522067007057,IL6;TNFSF10;ITGA6;CFLAR
GO_Biological_Process_2023,Positive Regulation Of MAP Kinase Activity (GO:0043406),2/91,0.2309239500321694,0.3176630943605626,0,0,2.237090001134945,3.2788286401533377,MEF2C;FLT1
GO_Biological_Process_2023,B Cell Activation (GO:0042113),2/92,0.234614487227205,0.3222542525756726,0,0,2.212121212121212,3.2071589757618537,HHEX;MEF2C
GO_Biological_Process_2023,Negative Regulation Of Transcription By RNA Polymerase II (GO:0000122),10/763,0.2346474078634838,0.3222542525756726,0,0,1.3313063535332357,1.92995659042277,IL33;SDCBP;MEF2C;HHEX;IFI27;IFI16;CAV1;ID1;LRRFIP1;LDB2
GO_Biological_Process_2023,Regulation Of Insulin Secretion Involved In Cellular Response To Glucose Stimulus (GO:0061178),1/27,0.2377920775242915,0.3241736893596464,0,0,3.821801314263626,5.489477227235043,HLA-DRB1
GO_Biological_Process_2023,Activation Of Phospholipase C Activity (GO:0007202),1/27,0.2377920775242915,0.3241736893596464,0,0,3.821801314263626,5.489477227235043,SELE
GO_Biological_Process_2023,Cardiac Muscle Cell Differentiation (GO:0055007),1/27,0.2377920775242915,0.3241736893596464,0,0,3.821801314263626,5.489477227235043,MEF2C
GO_Biological_Process_2023,Ventricular Septum Morphogenesis (GO:0060412),1/27,0.2377920775242915,0.3241736893596464,0,0,3.821801314263626,5.489477227235043,TGFBR2
GO_Biological_Process_2023,Myeloid Cell Development (GO:0061515),1/27,0.2377920775242915,0.3241736893596464,0,0,3.821801314263626,5.489477227235043,FOXP1
GO_Biological_Process_2023,Negative Regulation Of Notch Signaling Pathway (GO:0045746),1/27,0.2377920775242915,0.3241736893596464,0,0,3.821801314263626,5.489477227235043,EGFL7
GO_Biological_Process_2023,Peptidyl-Proline Modification (GO:0018208),1/27,0.2377920775242915,0.3241736893596464,0,0,3.821801314263626,5.489477227235043,FKBP1A
GO_Biological_Process_2023,Regulation Of Actin Polymerization Or Depolymerization (GO:0008064),1/27,0.2377920775242915,0.3241736893596464,0,0,3.821801314263626,5.489477227235043,ESAM
GO_Biological_Process_2023,Regulation Of Androgen Receptor Signaling Pathway (GO:0060765),1/27,0.2377920775242915,0.3241736893596464,0,0,3.821801314263626,5.489477227235043,FOXP1
GO_Biological_Process_2023,Positive Regulation Of Protein Kinase B Signaling (GO:0051897),2/93,0.2383084712706434,0.3246126810945959,0,0,2.187701187701188,3.1375777372613727,RAMP3;ENG
GO_Biological_Process_2023,Brain Development (GO:0007420),3/169,0.2393627485201892,0.3257830399582037,0,0,1.8011742401076387,2.5752740819217634,CCL14;HSPG2;TGFBR2
GO_Biological_Process_2023,Regulation Of Glucose Metabolic Process (GO:0010906),1/28,0.2454244493195781,0.329468513154096,0,0,3.680067001675042,5.169633447658624,PDK4
GO_Biological_Process_2023,RNA Phosphodiester Bond Hydrolysis (GO:0090501),1/28,0.2454244493195781,0.329468513154096,0,0,3.680067001675042,5.169633447658624,RNASE1
GO_Biological_Process_2023,Regulation Of Lipid Biosynthetic Process (GO:0046890),1/28,0.2454244493195781,0.329468513154096,0,0,3.680067001675042,5.169633447658624,PDK4
GO_Biological_Process_2023,Apoptotic Cell Clearance (GO:0043277),1/28,0.2454244493195781,0.329468513154096,0,0,3.680067001675042,5.169633447658624,RAC1
GO_Biological_Process_2023,Regulation Of Platelet Activation (GO:0010543),1/28,0.2454244493195781,0.329468513154096,0,0,3.680067001675042,5.169633447658624,THBD
GO_Biological_Process_2023,Cell-Substrate Junction Assembly (GO:0007044),1/28,0.2454244493195781,0.329468513154096,0,0,3.680067001675042,5.169633447658624,ITGA6
GO_Biological_Process_2023,Regulation Of Sodium Ion Transmembrane Transport (GO:1902305),1/28,0.2454244493195781,0.329468513154096,0,0,3.680067001675042,5.169633447658624,FXYD5
GO_Biological_Process_2023,Glycosaminoglycan Metabolic Process (GO:0030203),1/28,0.2454244493195781,0.329468513154096,0,0,3.680067001675042,5.169633447658624,HYAL2
GO_Biological_Process_2023,Hematopoietic Progenitor Cell Differentiation (GO:0002244),1/28,0.2454244493195781,0.329468513154096,0,0,3.680067001675042,5.169633447658624,MEOX1
GO_Biological_Process_2023,Negative Regulation Of Type II Interferon Production (GO:0032689),1/28,0.2454244493195781,0.329468513154096,0,0,3.680067001675042,5.169633447658624,HLA-DRB1
GO_Biological_Process_2023,Positive Regulation Of Defense Response To Virus By Host (GO:0002230),1/28,0.2454244493195781,0.329468513154096,0,0,3.680067001675042,5.169633447658624,STING1
GO_Biological_Process_2023,Positive Regulation Of Protein Import Into Nucleus (GO:0042307),1/28,0.2454244493195781,0.329468513154096,0,0,3.680067001675042,5.169633447658624,HYAL2
GO_Biological_Process_2023,Protein Depolymerization (GO:0051261),1/28,0.2454244493195781,0.329468513154096,0,0,3.680067001675042,5.169633447658624,GSN
GO_Biological_Process_2023,Pyroptosis (GO:0070269),1/28,0.2454244493195781,0.329468513154096,0,0,3.680067001675042,5.169633447658624,IFI27
GO_Biological_Process_2023,"Regulation Of DNA Damage Response, Signal Transduction By P53 Class Mediator (GO:0043516)",1/28,0.2454244493195781,0.329468513154096,0,0,3.680067001675042,5.169633447658624,CD74
GO_Biological_Process_2023,Regulation Of Bone Resorption (GO:0045124),1/28,0.2454244493195781,0.329468513154096,0,0,3.680067001675042,5.169633447658624,IL6
GO_Biological_Process_2023,Regulation Of Cardiac Muscle Cell Action Potential (GO:0098901),1/28,0.2454244493195781,0.329468513154096,0,0,3.680067001675042,5.169633447658624,CAV1
GO_Biological_Process_2023,Generation Of Neurons (GO:0048699),3/172,0.2473527954934082,0.3317904967662585,0,0,1.7689304057910071,2.471089003542929,MEF2C;RAC1;CFLAR
GO_Biological_Process_2023,Regulation Of Establishment Of Planar Polarity (GO:0090175),1/29,0.252980772589684,0.3368081147749771,0,0,3.548456568557071,4.877147000705543,RAC1
GO_Biological_Process_2023,Regulation Of Muscle Contraction (GO:0006937),1/29,0.252980772589684,0.3368081147749771,0,0,3.548456568557071,4.877147000705543,CAV1
GO_Biological_Process_2023,Regulation Of Protein Modification By Small Protein Conjugation Or Removal (GO:1903320),1/29,0.252980772589684,0.3368081147749771,0,0,3.548456568557071,4.877147000705543,EPAS1
GO_Biological_Process_2023,Chondrocyte Differentiation (GO:0002062),1/29,0.252980772589684,0.3368081147749771,0,0,3.548456568557071,4.877147000705543,MEF2C
GO_Biological_Process_2023,Response To Alcohol (GO:0097305),1/29,0.252980772589684,0.3368081147749771,0,0,3.548456568557071,4.877147000705543,TGFBR2
GO_Biological_Process_2023,Negative Regulation Of DNA Binding (GO:0043392),1/29,0.252980772589684,0.3368081147749771,0,0,3.548456568557071,4.877147000705543,IFI16
GO_Biological_Process_2023,Peptidyl-Tyrosine Dephosphorylation (GO:0035335),1/29,0.252980772589684,0.3368081147749771,0,0,3.548456568557071,4.877147000705543,PTPRB
GO_Biological_Process_2023,Positive Regulation Of Dephosphorylation (GO:0035306),1/29,0.252980772589684,0.3368081147749771,0,0,3.548456568557071,4.877147000705543,CDH5
GO_Biological_Process_2023,Positive Regulation Of Microtubule Polymerization (GO:0031116),1/29,0.252980772589684,0.3368081147749771,0,0,3.548456568557071,4.877147000705543,RAC1
GO_Biological_Process_2023,Regulation Of Protein Localization (GO:0032880),2/97,0.253110289845866,0.3368081147749771,0,0,2.095162147793727,2.878606039624586,FKBP1A;NEDD9
GO_Biological_Process_2023,Phosphatidylinositol Biosynthetic Process (GO:0006661),2/98,0.2568151396703299,0.3414659898482889,0,0,2.073232323232323,2.818349436543183,SOCS2;SOCS3
GO_Biological_Process_2023,Regulation Of Vasculature Development (GO:1901342),1/30,0.2604618012849767,0.3435791533538002,0,0,3.425922717033443,4.608890626901229,IL6
GO_Biological_Process_2023,Embryonic Skeletal System Morphogenesis (GO:0048704),1/30,0.2604618012849767,0.3435791533538002,0,0,3.425922717033443,4.608890626901229,TGFBR2
GO_Biological_Process_2023,Lamellipodium Organization (GO:0097581),1/30,0.2604618012849767,0.3435791533538002,0,0,3.425922717033443,4.608890626901229,RAC1
GO_Biological_Process_2023,Negative Regulation Of Epithelial To Mesenchymal Transition (GO:0010719),1/30,0.2604618012849767,0.3435791533538002,0,0,3.425922717033443,4.608890626901229,SPRY1
GO_Biological_Process_2023,Positive Regulation Of Interleukin-10 Production (GO:0032733),1/30,0.2604618012849767,0.3435791533538002,0,0,3.425922717033443,4.608890626901229,IL6
GO_Biological_Process_2023,Positive Regulation Of Lipid Kinase Activity (GO:0090218),1/30,0.2604618012849767,0.3435791533538002,0,0,3.425922717033443,4.608890626901229,FLT1
GO_Biological_Process_2023,Positive Regulation Of Locomotion (GO:0040017),1/30,0.2604618012849767,0.3435791533538002,0,0,3.425922717033443,4.608890626901229,CAVIN1
GO_Biological_Process_2023,Prostaglandin Metabolic Process (GO:0006693),1/30,0.2604618012849767,0.3435791533538002,0,0,3.425922717033443,4.608890626901229,CD74
GO_Biological_Process_2023,Regulation Of Arp2/3 Complex-Mediated Actin Nucleation (GO:0034315),1/30,0.2604618012849767,0.3435791533538002,0,0,3.425922717033443,4.608890626901229,GMFG
GO_Biological_Process_2023,Regulation Of Cell Migration Involved In Sprouting Angiogenesis (GO:0090049),1/30,0.2604618012849767,0.3435791533538002,0,0,3.425922717033443,4.608890626901229,MMRN2
GO_Biological_Process_2023,Cellular Component Assembly (GO:0022607),4/260,0.2629656071255029,0.3466081798733937,0,0,1.5580357142857142,2.0811182023786787,CD74;GSN;NEDD9;SPTBN1
GO_Biological_Process_2023,Antimicrobial Humoral Response (GO:0019730),2/100,0.2642273190435063,0.3474485218918548,0,0,2.0307153164296023,2.702771390555414,HLA-A;HLA-E
GO_Biological_Process_2023,Regulation Of Organelle Organization (GO:0033043),2/100,0.2642273190435063,0.3474485218918548,0,0,2.0307153164296023,2.702771390555414,RDX;MSN
GO_Biological_Process_2023,Protein Complex Oligomerization (GO:0051259),2/100,0.2642273190435063,0.3474485218918548,0,0,2.0307153164296023,2.702771390555414,STING1;HLA-DRB1
GO_Biological_Process_2023,B Cell Proliferation (GO:0042100),1/31,0.2678682819607093,0.3475835515729483,0,0,3.3115577889447234,4.362182296847866,MEF2C
GO_Biological_Process_2023,Regulation Of Protein Autophosphorylation (GO:0031952),1/31,0.2678682819607093,0.3475835515729483,0,0,3.3115577889447234,4.362182296847866,ENG
GO_Biological_Process_2023,Regulation Of Response To Biotic Stimulus (GO:0002831),1/31,0.2678682819607093,0.3475835515729483,0,0,3.3115577889447234,4.362182296847866,FOXP1
GO_Biological_Process_2023,Cellular Response To cAMP (GO:0071320),1/31,0.2678682819607093,0.3475835515729483,0,0,3.3115577889447234,4.362182296847866,AQP1
GO_Biological_Process_2023,Negative Regulation Of Cell-Matrix Adhesion (GO:0001953),1/31,0.2678682819607093,0.3475835515729483,0,0,3.3115577889447234,4.362182296847866,ADAM15
GO_Biological_Process_2023,Negative Regulation Of Chemotaxis (GO:0050922),1/31,0.2678682819607093,0.3475835515729483,0,0,3.3115577889447234,4.362182296847866,ANGPT2
GO_Biological_Process_2023,Negative Regulation Of Intracellular Steroid Hormone Receptor Signaling Pathway (GO:0033144),1/31,0.2678682819607093,0.3475835515729483,0,0,3.3115577889447234,4.362182296847866,FOXP1
GO_Biological_Process_2023,Negative Regulation Of Microtubule Polymerization Or Depolymerization (GO:0031111),1/31,0.2678682819607093,0.3475835515729483,0,0,3.3115577889447234,4.362182296847866,CDH5
GO_Biological_Process_2023,Organic Cation Transport (GO:0015695),1/31,0.2678682819607093,0.3475835515729483,0,0,3.3115577889447234,4.362182296847866,SEC14L1
GO_Biological_Process_2023,Phospholipid Translocation (GO:0045332),1/31,0.2678682819607093,0.3475835515729483,0,0,3.3115577889447234,4.362182296847866,PLSCR1
GO_Biological_Process_2023,Positive Regulation Of G1/S Transition Of Mitotic Cell Cycle (GO:1900087),1/31,0.2678682819607093,0.3475835515729483,0,0,3.3115577889447234,4.362182296847866,RDX
GO_Biological_Process_2023,Positive Regulation Of Rho Protein Signal Transduction (GO:0035025),1/31,0.2678682819607093,0.3475835515729483,0,0,3.3115577889447234,4.362182296847866,RAC1
GO_Biological_Process_2023,Positive Regulation Of Cholesterol Transport (GO:0032376),1/31,0.2678682819607093,0.3475835515729483,0,0,3.3115577889447234,4.362182296847866,CAV1
GO_Biological_Process_2023,Positive Regulation Of Lamellipodium Organization (GO:1902745),1/31,0.2678682819607093,0.3475835515729483,0,0,3.3115577889447234,4.362182296847866,RAC1
GO_Biological_Process_2023,Positive Regulation Of Mononuclear Cell Migration (GO:0071677),1/31,0.2678682819607093,0.3475835515729483,0,0,3.3115577889447234,4.362182296847866,JAM2
GO_Biological_Process_2023,Presynaptic Endocytosis (GO:0140238),1/31,0.2678682819607093,0.3475835515729483,0,0,3.3115577889447234,4.362182296847866,SNCG
GO_Biological_Process_2023,Regulation Of Cell Morphogenesis (GO:0022604),1/31,0.2678682819607093,0.3475835515729483,0,0,3.3115577889447234,4.362182296847866,SPARC
GO_Biological_Process_2023,Protein Catabolic Process (GO:0030163),2/102,0.2716402584331571,0.3522043723473387,0,0,1.9898989898989896,2.593388923930461,CTSH;CTSC
GO_Biological_Process_2023,Protein Localization (GO:0008104),5/351,0.2751255656854091,0.3554412937377814,0,0,1.4416777827182452,1.8605250886135,CD74;HHEX;CAV1;ID1;ESAM
GO_Biological_Process_2023,Regulation Of Cholesterol Efflux (GO:0010874),1/32,0.2752009537742224,0.3554412937377814,0,0,3.204571243313341,4.1347099266061775,CAV1
GO_Biological_Process_2023,Negative Regulation Of Proteasomal Ubiquitin-Dependent Protein Catabolic Process (GO:0032435),1/32,0.2752009537742224,0.3554412937377814,0,0,3.204571243313341,4.1347099266061775,SDCBP
GO_Biological_Process_2023,Purine Ribonucleoside Triphosphate Metabolic Process (GO:0009205),1/32,0.2752009537742224,0.3554412937377814,0,0,3.204571243313341,4.1347099266061775,GIMAP7
GO_Biological_Process_2023,Regulation Of Calcium Ion Transmembrane Transporter Activity (GO:1901019),1/32,0.2752009537742224,0.3554412937377814,0,0,3.204571243313341,4.1347099266061775,FKBP1A
GO_Biological_Process_2023,Negative Regulation Of Signal Transduction (GO:0009968),4/267,0.2784276011201202,0.3593308298845447,0,0,1.5160239000543183,1.9383839341810445,EGFL7;HHEX;MMRN2;SPRY1
GO_Biological_Process_2023,Phosphate-Containing Compound Metabolic Process (GO:0006796),3/184,0.2796776829136736,0.3606654289311467,0,0,1.6506436323863476,2.1031138909563083,DUSP23;PTPRB;PLAAT3
GO_Biological_Process_2023,Actin Filament Bundle Assembly (GO:0051017),1/33,0.2824605485993796,0.3610094015519238,0,0,3.1042713567839195,3.9244707255325473,NEDD9
GO_Biological_Process_2023,Actin Filament Bundle Organization (GO:0061572),1/33,0.2824605485993796,0.3610094015519238,0,0,3.1042713567839195,3.9244707255325473,NEDD9
GO_Biological_Process_2023,Regulation Of Lamellipodium Assembly (GO:0010591),1/33,0.2824605485993796,0.3610094015519238,0,0,3.1042713567839195,3.9244707255325473,RAC1
GO_Biological_Process_2023,Regulation Of Potassium Ion Transmembrane Transport (GO:1901379),1/33,0.2824605485993796,0.3610094015519238,0,0,3.1042713567839195,3.9244707255325473,CAV1
GO_Biological_Process_2023,Carboxylic Acid Metabolic Process (GO:0019752),1/33,0.2824605485993796,0.3610094015519238,0,0,3.1042713567839195,3.9244707255325473,SLC2A3
GO_Biological_Process_2023,Cardiac Muscle Contraction (GO:0060048),1/33,0.2824605485993796,0.3610094015519238,0,0,3.1042713567839195,3.9244707255325473,GSN
GO_Biological_Process_2023,Regulation Of Protein Polymerization (GO:0032271),1/33,0.2824605485993796,0.3610094015519238,0,0,3.1042713567839195,3.9244707255325473,ESAM
GO_Biological_Process_2023,Signal Transduction By P53 Class Mediator (GO:0072331),1/33,0.2824605485993796,0.3610094015519238,0,0,3.1042713567839195,3.9244707255325473,IFI16
GO_Biological_Process_2023,Negative Regulation Of Epithelial Cell Migration (GO:0010633),1/33,0.2824605485993796,0.3610094015519238,0,0,3.1042713567839195,3.9244707255325473,ADAMTS9
GO_Biological_Process_2023,Positive Regulation Of Protein Dephosphorylation (GO:0035307),1/33,0.2824605485993796,0.3610094015519238,0,0,3.1042713567839195,3.9244707255325473,CDH5
GO_Biological_Process_2023,Regulation Of Activated T Cell Proliferation (GO:0046006),1/33,0.2824605485993796,0.3610094015519238,0,0,3.1042713567839195,3.9244707255325473,IGFBP2
GO_Biological_Process_2023,Cellular Response To Organonitrogen Compound (GO:0071417),2/105,0.2827546689999499,0.3610094015519238,0,0,1.931646562714524,2.440008904942008,MEF2C;AQP1
GO_Biological_Process_2023,Positive Regulation Of Stress-Activated MAPK Cascade (GO:0032874),2/105,0.2827546689999499,0.3610094015519238,0,0,1.931646562714524,2.440008904942008,SDCBP;CCN2
GO_Biological_Process_2023,Response To Calcium Ion (GO:0051592),2/106,0.2864567291305087,0.3654566368586321,0,0,1.912975912975913,2.3915408635892965,MEF2C;CAV1
GO_Biological_Process_2023,Regulation Of Interleukin-17 Production (GO:0032660),1/34,0.2896477910754225,0.3664483417393602,0,0,3.010050251256281,3.7297219848476746,IL6
GO_Biological_Process_2023,Regulation Of Metal Ion Transport (GO:0010959),1/34,0.2896477910754225,0.3664483417393602,0,0,3.010050251256281,3.7297219848476746,B2M
GO_Biological_Process_2023,Regulation Of Neuronal Synaptic Plasticity (GO:0048168),1/34,0.2896477910754225,0.3664483417393602,0,0,3.010050251256281,3.7297219848476746,MCTP1
GO_Biological_Process_2023,Regulation Of Phosphatidylinositol 3-Kinase Activity (GO:0043551),1/34,0.2896477910754225,0.3664483417393602,0,0,3.010050251256281,3.7297219848476746,FLT1
GO_Biological_Process_2023,Cellular Response To Amyloid-Beta (GO:1904646),1/34,0.2896477910754225,0.3664483417393602,0,0,3.010050251256281,3.7297219848476746,ICAM1
GO_Biological_Process_2023,Response To Estrogen (GO:0043627),1/34,0.2896477910754225,0.3664483417393602,0,0,3.010050251256281,3.7297219848476746,CAV1
GO_Biological_Process_2023,Semaphorin-Plexin Signaling Pathway (GO:0071526),1/34,0.2896477910754225,0.3664483417393602,0,0,3.010050251256281,3.7297219848476746,RAC1
GO_Biological_Process_2023,Embryonic Limb Morphogenesis (GO:0030326),1/34,0.2896477910754225,0.3664483417393602,0,0,3.010050251256281,3.7297219848476746,ECE1
GO_Biological_Process_2023,Negative Regulation Of Ras Protein Signal Transduction (GO:0046580),1/34,0.2896477910754225,0.3664483417393602,0,0,3.010050251256281,3.7297219848476746,SPRY1
GO_Biological_Process_2023,Regulation Of T Cell Receptor Signaling Pathway (GO:0050856),1/34,0.2896477910754225,0.3664483417393602,0,0,3.010050251256281,3.7297219848476746,NECTIN2
GO_Biological_Process_2023,Regulation Of Blood Circulation (GO:1903522),1/34,0.2896477910754225,0.3664483417393602,0,0,3.010050251256281,3.7297219848476746,ECE1
GO_Biological_Process_2023,Positive Regulation Of Translation (GO:0045727),2/108,0.2938547028204486,0.3714892912264566,0,0,1.8766914427291783,2.298327412458919,IL6;VIM
GO_Biological_Process_2023,Regulation Of Cellular Senescence (GO:2000772),1/35,0.2967633987534311,0.3737517917935369,0,0,2.9213715637008573,3.54894088012851,B2M
GO_Biological_Process_2023,Regulation Of Postsynaptic Membrane Potential (GO:0060078),1/35,0.2967633987534311,0.3737517917935369,0,0,2.9213715637008573,3.54894088012851,MEF2C
GO_Biological_Process_2023,Endoderm Formation (GO:0001706),1/35,0.2967633987534311,0.3737517917935369,0,0,2.9213715637008573,3.54894088012851,SOX17
GO_Biological_Process_2023,Intrinsic Apoptotic Signaling Pathway By P53 Class Mediator (GO:0072332),1/35,0.2967633987534311,0.3737517917935369,0,0,2.9213715637008573,3.54894088012851,IFI16
GO_Biological_Process_2023,Liver Development (GO:0001889),1/35,0.2967633987534311,0.3737517917935369,0,0,2.9213715637008573,3.54894088012851,IL6
GO_Biological_Process_2023,Extracellular Structure Organization (GO:0043062),2/109,0.2975499631159602,0.3741780409666066,0,0,1.8590578684036627,2.2534999856206213,COL15A1;ADAMTS9
GO_Biological_Process_2023,Positive Regulation Of Wnt Signaling Pathway (GO:0030177),2/109,0.2975499631159602,0.3741780409666066,0,0,1.8590578684036627,2.2534999856206213,HHEX;CAV1
GO_Biological_Process_2023,External Encapsulating Structure Organization (GO:0045229),2/110,0.3012423146906411,0.3782516282205795,0,0,1.8417508417508417,2.209806893363538,COL15A1;ADAMTS9
GO_Biological_Process_2023,Regulation Of JNK Cascade (GO:0046328),2/110,0.3012423146906411,0.3782516282205795,0,0,1.8417508417508417,2.209806893363538,SDCBP;CCN2
GO_Biological_Process_2023,Regulation Of Intracellular Protein Transport (GO:0033157),1/36,0.3038080819844295,0.3797601024805369,0,0,2.8377602297200286,3.380791434126185,IFI27
GO_Biological_Process_2023,Blood Vessel Diameter Maintenance (GO:0097746),1/36,0.3038080819844295,0.3797601024805369,0,0,2.8377602297200286,3.380791434126185,ECE1
GO_Biological_Process_2023,Regulation Of Trans-Synaptic Signaling (GO:0099177),1/36,0.3038080819844295,0.3797601024805369,0,0,2.8377602297200286,3.380791434126185,FABP5
GO_Biological_Process_2023,Substrate Adhesion-Dependent Cell Spreading (GO:0034446),1/36,0.3038080819844295,0.3797601024805369,0,0,2.8377602297200286,3.380791434126185,RAC1
GO_Biological_Process_2023,Negative Regulation Of T Cell Proliferation (GO:0042130),1/36,0.3038080819844295,0.3797601024805369,0,0,2.8377602297200286,3.380791434126185,HLA-DRB1
GO_Biological_Process_2023,Negative Regulation Of Protein Kinase B Signaling (GO:0051898),1/36,0.3038080819844295,0.3797601024805369,0,0,2.8377602297200286,3.380791434126185,HYAL2
GO_Biological_Process_2023,Negative Regulation Of Nucleic Acid-Templated Transcription (GO:1903507),6/456,0.3060589919641783,0.3822875965446355,0,0,1.3298969072164948,1.574567897653112,HHEX;IFI16;CCDC85B;ID1;ELK3;FOXP1
GO_Biological_Process_2023,Negative Regulation Of Defense Response (GO:0031348),2/112,0.3086170575351828,0.3841649510725901,0,0,1.808080808080808,2.1256775548508937,CDH5;IFI16
GO_Biological_Process_2023,Regulation Of Defense Response To Virus By Host (GO:0050691),1/37,0.3107825442509396,0.3841649510725901,0,0,2.758793969849246,3.2240971983470845,STING1
GO_Biological_Process_2023,Aortic Valve Morphogenesis (GO:0003180),1/37,0.3107825442509396,0.3841649510725901,0,0,2.758793969849246,3.2240971983470845,TGFBR2
GO_Biological_Process_2023,Regulation Of Ossification (GO:0030278),1/37,0.3107825442509396,0.3841649510725901,0,0,2.758793969849246,3.2240971983470845,MEF2C
GO_Biological_Process_2023,Regulation Of Phosphoprotein Phosphatase Activity (GO:0043666),1/37,0.3107825442509396,0.3841649510725901,0,0,2.758793969849246,3.2240971983470845,FKBP1A
GO_Biological_Process_2023,Regulation Of Sodium Ion Transmembrane Transporter Activity (GO:2000649),1/37,0.3107825442509396,0.3841649510725901,0,0,2.758793969849246,3.2240971983470845,FXYD5
GO_Biological_Process_2023,Regulation Of Vascular Associated Smooth Muscle Cell Proliferation (GO:1904705),1/37,0.3107825442509396,0.3841649510725901,0,0,2.758793969849246,3.2240971983470845,MEF2C
GO_Biological_Process_2023,Ventricular Septum Development (GO:0003281),1/37,0.3107825442509396,0.3841649510725901,0,0,2.758793969849246,3.2240971983470845,TGFBR2
GO_Biological_Process_2023,Melanosome Organization (GO:0032438),1/37,0.3107825442509396,0.3841649510725901,0,0,2.758793969849246,3.2240971983470845,BACE2
GO_Biological_Process_2023,Muscle Cell Differentiation (GO:0042692),1/37,0.3107825442509396,0.3841649510725901,0,0,2.758793969849246,3.2240971983470845,MEF2C
GO_Biological_Process_2023,Negative Regulation Of Smooth Muscle Cell Proliferation (GO:0048662),1/37,0.3107825442509396,0.3841649510725901,0,0,2.758793969849246,3.2240971983470845,MEF2C
GO_Biological_Process_2023,Positive Regulation Of Exocytosis (GO:0045921),1/37,0.3107825442509396,0.3841649510725901,0,0,2.758793969849246,3.2240971983470845,SDCBP
GO_Biological_Process_2023,Positive Regulation Of Receptor Signaling Pathway Via JAK-STAT (GO:0046427),1/37,0.3107825442509396,0.3841649510725901,0,0,2.758793969849246,3.2240971983470845,IL6
GO_Biological_Process_2023,Positive Regulation Of Receptor Signaling Pathway Via STAT (GO:1904894),1/37,0.3107825442509396,0.3841649510725901,0,0,2.758793969849246,3.2240971983470845,IL6
GO_Biological_Process_2023,Regulation Of Protein Ubiquitination (GO:0031396),2/113,0.3122988478346994,0.3852732061963584,0,0,1.7917007917007917,2.0851718925161022,FKBP1A;CAV1
GO_Biological_Process_2023,Positive Regulation Of Cellular Component Organization (GO:0051130),2/113,0.3122988478346994,0.3852732061963584,0,0,1.7917007917007917,2.0851718925161022,CDH5;FLOT1
GO_Biological_Process_2023,Endomembrane System Organization (GO:0010256),3/196,0.3123712102933349,0.3852732061963584,0,0,1.547066095052734,1.8001089005066375,SRGN;CAV2;SPTBN1
GO_Biological_Process_2023,Calcium-Dependent Cell-Cell Adhesion Via Plasma Membrane Cell Adhesion Molecules (GO:0016339),1/38,0.3176874819497763,0.3889575475484799,0,0,2.684096156457965,3.07781854672427,CDH5
GO_Biological_Process_2023,Regulation Of Protein Import Into Nucleus (GO:0042306),1/38,0.3176874819497763,0.3889575475484799,0,0,2.684096156457965,3.07781854672427,HYAL2
GO_Biological_Process_2023,Response To cAMP (GO:0051591),1/38,0.3176874819497763,0.3889575475484799,0,0,2.684096156457965,3.07781854672427,AQP1
GO_Biological_Process_2023,Connective Tissue Development (GO:0061448),1/38,0.3176874819497763,0.3889575475484799,0,0,2.684096156457965,3.07781854672427,HYAL2
GO_Biological_Process_2023,Response To Peptide (GO:1901652),1/38,0.3176874819497763,0.3889575475484799,0,0,2.684096156457965,3.07781854672427,RAMP3
GO_Biological_Process_2023,Membrane Assembly (GO:0071709),1/38,0.3176874819497763,0.3889575475484799,0,0,2.684096156457965,3.07781854672427,SPTBN1
GO_Biological_Process_2023,Positive Regulation Of Bone Mineralization (GO:0030501),1/38,0.3176874819497763,0.3889575475484799,0,0,2.684096156457965,3.07781854672427,MEF2C
GO_Biological_Process_2023,Positive Regulation Of Cation Channel Activity (GO:2001259),1/38,0.3176874819497763,0.3889575475484799,0,0,2.684096156457965,3.07781854672427,TMSB4X
GO_Biological_Process_2023,Positive Regulation Of Myoblast Differentiation (GO:0045663),1/38,0.3176874819497763,0.3889575475484799,0,0,2.684096156457965,3.07781854672427,MEF2C
GO_Biological_Process_2023,Positive Regulation Of Protein Tyrosine Kinase Activity (GO:0061098),1/38,0.3176874819497763,0.3889575475484799,0,0,2.684096156457965,3.07781854672427,NEDD9
GO_Biological_Process_2023,Positive Regulation Of Nucleic Acid-Templated Transcription (GO:1903508),7/557,0.3236460097569136,0.39414864477756,0,0,1.2694300518134716,1.432050290791373,CD74;MEF2C;IL6;HHEX;SOX17;TCF4;HLA-DRB1
GO_Biological_Process_2023,Retina Homeostasis (GO:0001895),1/39,0.3245235847719431,0.39414864477756,0,0,2.6133298069293835,2.941033694945818,B2M
GO_Biological_Process_2023,Negative Regulation Of Cell-Substrate Adhesion (GO:0010812),1/39,0.3245235847719431,0.39414864477756,0,0,2.6133298069293835,2.941033694945818,ADAM15
GO_Biological_Process_2023,Negative Regulation Of Lymphocyte Proliferation (GO:0050672),1/39,0.3245235847719431,0.39414864477756,0,0,2.6133298069293835,2.941033694945818,HLA-DRB1
GO_Biological_Process_2023,Negative Regulation Of Proteasomal Protein Catabolic Process (GO:1901799),1/39,0.3245235847719431,0.39414864477756,0,0,2.6133298069293835,2.941033694945818,SDCBP
GO_Biological_Process_2023,Negative Regulation Of Transport (GO:0051051),1/39,0.3245235847719431,0.39414864477756,0,0,2.6133298069293835,2.941033694945818,MCTP1
GO_Biological_Process_2023,Negative Regulation Of Ubiquitin-Dependent Protein Catabolic Process (GO:2000059),1/39,0.3245235847719431,0.39414864477756,0,0,2.6133298069293835,2.941033694945818,SDCBP
GO_Biological_Process_2023,Neuron Projection Extension (GO:1990138),1/39,0.3245235847719431,0.39414864477756,0,0,2.6133298069293835,2.941033694945818,NRN1
GO_Biological_Process_2023,Odontogenesis (GO:0042476),1/39,0.3245235847719431,0.39414864477756,0,0,2.6133298069293835,2.941033694945818,AQP1
GO_Biological_Process_2023,Positive Regulation Of ATP-dependent Activity (GO:0032781),1/39,0.3245235847719431,0.39414864477756,0,0,2.6133298069293835,2.941033694945818,PLSCR1
GO_Biological_Process_2023,Positive Regulation Of Intrinsic Apoptotic Signaling Pathway (GO:2001244),1/39,0.3245235847719431,0.39414864477756,0,0,2.6133298069293835,2.941033694945818,CAV1
GO_Biological_Process_2023,Positive Regulation Of Protein Serine/Threonine Kinase Activity (GO:0071902),2/117,0.3269820795650746,0.3968459831930774,0,0,1.7290294246815987,1.932795390467605,MEF2C;FLT1
GO_Biological_Process_2023,Regulation Of Small GTPase Mediated Signal Transduction (GO:0051056),2/118,0.3306405252999629,0.3986000462428706,0,0,1.7140369209334727,1.8969649746192256,SWAP70;ARHGAP29
GO_Biological_Process_2023,Positive Regulation Of Cell Projection Organization (GO:0031346),2/118,0.3306405252999629,0.3986000462428706,0,0,1.7140369209334727,1.8969649746192256,NEDD9;ITGA6
GO_Biological_Process_2023,Aortic Valve Development (GO:0003176),1/40,0.3312915354401823,0.3986000462428706,0,0,2.54619250096637,2.8129227654318845,TGFBR2
GO_Biological_Process_2023,Regulation Of Protein Dephosphorylation (GO:0035304),1/40,0.3312915354401823,0.3986000462428706,0,0,2.54619250096637,2.8129227654318845,CDH5
GO_Biological_Process_2023,Regulation Of Small Molecule Metabolic Process (GO:0062012),1/40,0.3312915354401823,0.3986000462428706,0,0,2.54619250096637,2.8129227654318845,PDK4
GO_Biological_Process_2023,Cyclic-Nucleotide-Mediated Signaling (GO:0019935),1/40,0.3312915354401823,0.3986000462428706,0,0,2.54619250096637,2.8129227654318845,AQP1
GO_Biological_Process_2023,Establishment Or Maintenance Of Epithelial Cell Apical/Basal Polarity (GO:0045197),1/40,0.3312915354401823,0.3986000462428706,0,0,2.54619250096637,2.8129227654318845,MSN
GO_Biological_Process_2023,Synaptic Vesicle Endocytosis (GO:0048488),1/40,0.3312915354401823,0.3986000462428706,0,0,2.54619250096637,2.8129227654318845,SNCG
GO_Biological_Process_2023,Water-Soluble Vitamin Metabolic Process (GO:0006767),1/40,0.3312915354401823,0.3986000462428706,0,0,2.54619250096637,2.8129227654318845,SLC2A3
GO_Biological_Process_2023,Positive Regulation Of Catalytic Activity (GO:0043085),1/40,0.3312915354401823,0.3986000462428706,0,0,2.54619250096637,2.8129227654318845,CAV1
GO_Biological_Process_2023,Positive Regulation Of Cell Cycle G1/S Phase Transition (GO:1902808),1/40,0.3312915354401823,0.3986000462428706,0,0,2.54619250096637,2.8129227654318845,RDX
GO_Biological_Process_2023,Positive Regulation Of Insulin Secretion (GO:0032024),1/40,0.3312915354401823,0.3986000462428706,0,0,2.54619250096637,2.8129227654318845,HLA-DRB1
GO_Biological_Process_2023,Regulation Of Protein-Containing Complex Assembly (GO:0043254),2/119,0.3342934948533607,0.4019223444241269,0,0,1.6993006993006994,1.8619848571697335,CDH5;GSN
GO_Biological_Process_2023,Regulation Of Heart Rate By Cardiac Conduction (GO:0086091),1/41,0.3379920100397979,0.4043314160218213,0,0,2.4824120603015074,2.6927543377926204,CAV1
GO_Biological_Process_2023,Regulation Of Release Of Cytochrome C From Mitochondria (GO:0090199),1/41,0.3379920100397979,0.4043314160218213,0,0,2.4824120603015074,2.6927543377926204,TNFSF10
GO_Biological_Process_2023,Cellular Response To Retinoic Acid (GO:0071300),1/41,0.3379920100397979,0.4043314160218213,0,0,2.4824120603015074,2.6927543377926204,AQP1
GO_Biological_Process_2023,Negative Regulation Of Proteolysis (GO:0045861),1/41,0.3379920100397979,0.4043314160218213,0,0,2.4824120603015074,2.6927543377926204,TIMP3
GO_Biological_Process_2023,Non-Canonical Wnt Signaling Pathway (GO:0035567),1/41,0.3379920100397979,0.4043314160218213,0,0,2.4824120603015074,2.6927543377926204,RAC1
GO_Biological_Process_2023,Positive Regulation Of Actin Filament Polymerization (GO:0030838),1/41,0.3379920100397979,0.4043314160218213,0,0,2.4824120603015074,2.6927543377926204,CDC42EP3
GO_Biological_Process_2023,Positive Regulation Of Ossification (GO:0045778),1/41,0.3379920100397979,0.4043314160218213,0,0,2.4824120603015074,2.6927543377926204,MEF2C
GO_Biological_Process_2023,Regulation Of Neurotransmitter Receptor Activity (GO:0099601),1/42,0.344625677945044,0.4110892015487311,0,0,2.4217428606446867,2.579874053958348,MEF2C
GO_Biological_Process_2023,Regulation Of Osteoclast Differentiation (GO:0045670),1/42,0.344625677945044,0.4110892015487311,0,0,2.4217428606446867,2.579874053958348,NEDD9
GO_Biological_Process_2023,Cellular Response To Glucose Starvation (GO:0042149),1/42,0.344625677945044,0.4110892015487311,0,0,2.4217428606446867,2.579874053958348,IFI16
GO_Biological_Process_2023,Lysosome Localization (GO:0032418),1/42,0.344625677945044,0.4110892015487311,0,0,2.4217428606446867,2.579874053958348,MYH9
GO_Biological_Process_2023,Protein Stabilization (GO:0050821),3/208,0.3451690561383724,0.4112071472636269,0,0,1.4556147084313482,1.5483678811241348,SOX17;CDC37;FLOT1
GO_Biological_Process_2023,Regulation Of Protein Catabolic Process (GO:0042176),2/122,0.3452170182416795,0.4112071472636269,0,0,1.6565656565656566,1.7618934494773038,RDX;MSN
GO_Biological_Process_2023,Regulation Of Intracellular Signal Transduction (GO:1902531),4/297,0.3459386493248436,0.4117730180844538,0,0,1.3587100369157905,1.4422623260219525,VWF;TMSB4X;SWAP70;ARHGAP29
GO_Biological_Process_2023,Modulation Of Chemical Synaptic Transmission (GO:0050804),2/123,0.3488455825927885,0.4149374094942712,0,0,1.642791551882461,1.73006635039327,MEF2C;MCTP1
GO_Biological_Process_2023,Learning (GO:0007612),1/43,0.3511932019412653,0.4168391238393127,0,0,2.363962670495334,2.473694919601735,CLDN5
GO_Biological_Process_2023,Positive Regulation Of Biomineral Tissue Development (GO:0070169),1/43,0.3511932019412653,0.4168391238393127,0,0,2.363962670495334,2.473694919601735,MEF2C
GO_Biological_Process_2023,Positive Regulation Of Cell-Matrix Adhesion (GO:0001954),1/43,0.3511932019412653,0.4168391238393127,0,0,2.363962670495334,2.473694919601735,RAC1
GO_Biological_Process_2023,Regulation Of Mitotic Cell Cycle (GO:0007346),2/125,0.3560823858036039,0.4223420342983086,0,0,1.6159152500615914,1.668583024830908,SDCBP;CAV2
GO_Biological_Process_2023,Embryonic Organ Morphogenesis (GO:0048562),1/44,0.3576952382847675,0.4224547722316561,0,0,2.308869931050602,2.373689018141451,SOX17
GO_Biological_Process_2023,Synaptic Vesicle Recycling (GO:0036465),1/44,0.3576952382847675,0.4224547722316561,0,0,2.308869931050602,2.373689018141451,SNCG
GO_Biological_Process_2023,Lymphocyte Chemotaxis (GO:0048247),1/44,0.3576952382847675,0.4224547722316561,0,0,2.308869931050602,2.373689018141451,CCL14
GO_Biological_Process_2023,Positive Regulation Of Biosynthetic Process (GO:0009891),1/44,0.3576952382847675,0.4224547722316561,0,0,2.308869931050602,2.373689018141451,VIM
GO_Biological_Process_2023,Positive Regulation Of Nucleocytoplasmic Transport (GO:0046824),1/44,0.3576952382847675,0.4224547722316561,0,0,2.308869931050602,2.373689018141451,HYAL2
GO_Biological_Process_2023,Regulation Of Cell-Substrate Adhesion (GO:0010810),1/44,0.3576952382847675,0.4224547722316561,0,0,2.308869931050602,2.373689018141451,RAC1
GO_Biological_Process_2023,Cellular Response To Starvation (GO:0009267),2/126,0.3596901730363681,0.424510663583558,0,0,1.6028022157054416,1.638884897548312,IFI16;PDK4
GO_Biological_Process_2023,Regulation Of Cellular Metabolic Process (GO:0031323),1/45,0.3641324366778817,0.4279388946179188,0,0,2.256281407035176,2.279380404926681,PDK4
GO_Biological_Process_2023,Regulation Of Protein Modification Process (GO:0031399),1/45,0.3641324366778817,0.4279388946179188,0,0,2.256281407035176,2.279380404926681,CDH5
GO_Biological_Process_2023,Chromosome Organization (GO:0051276),1/45,0.3641324366778817,0.4279388946179188,0,0,2.256281407035176,2.279380404926681,HHEX
GO_Biological_Process_2023,Establishment Of Protein Localization To Extracellular Region (GO:0035592),1/45,0.3641324366778817,0.4279388946179188,0,0,2.256281407035176,2.279380404926681,RAB13
GO_Biological_Process_2023,Negative Regulation Of Response To Biotic Stimulus (GO:0002832),1/45,0.3641324366778817,0.4279388946179188,0,0,2.256281407035176,2.279380404926681,IFI16
GO_Biological_Process_2023,Regulation Of Apoptotic Signaling Pathway (GO:2001233),1/45,0.3641324366778817,0.4279388946179188,0,0,2.256281407035176,2.279380404926681,CTSH
GO_Biological_Process_2023,B Cell Receptor Signaling Pathway (GO:0050853),1/46,0.3705054405101429,0.4329909626675567,0,0,2.2060301507537687,2.1903389894516705,MEF2C
GO_Biological_Process_2023,Regulation Of Cytokine Production Involved In Inflammatory Response (GO:1900015),1/46,0.3705054405101429,0.4329909626675567,0,0,2.2060301507537687,2.1903389894516705,IL6
GO_Biological_Process_2023,Regulation Of mRNA Catabolic Process (GO:0061013),1/46,0.3705054405101429,0.4329909626675567,0,0,2.2060301507537687,2.1903389894516705,VIM
GO_Biological_Process_2023,Cardiac Conduction (GO:0061337),1/46,0.3705054405101429,0.4329909626675567,0,0,2.2060301507537687,2.1903389894516705,CAV1
GO_Biological_Process_2023,Myofibril Assembly (GO:0030239),1/46,0.3705054405101429,0.4329909626675567,0,0,2.2060301507537687,2.1903389894516705,CFLAR
GO_Biological_Process_2023,Negative Regulation Of Cold-Induced Thermogenesis (GO:0120163),1/46,0.3705054405101429,0.4329909626675567,0,0,2.2060301507537687,2.1903389894516705,ID1
GO_Biological_Process_2023,Positive Regulation Of Blood Vessel Endothelial Cell Migration (GO:0043536),1/46,0.3705054405101429,0.4329909626675567,0,0,2.2060301507537687,2.1903389894516705,TMSB4X
GO_Biological_Process_2023,Positive Regulation Of Cell-Cell Adhesion (GO:0022409),1/46,0.3705054405101429,0.4329909626675567,0,0,2.2060301507537687,2.1903389894516705,FLOT1
GO_Biological_Process_2023,Regulation Of Wound Healing (GO:0061041),1/47,0.376814886705751,0.4391352831811613,0,0,2.1579637317019884,2.1061752538856453,CAV1
GO_Biological_Process_2023,Cognition (GO:0050890),1/47,0.376814886705751,0.4391352831811613,0,0,2.1579637317019884,2.1061752538856453,HLA-DRA
GO_Biological_Process_2023,Response To Organonitrogen Compound (GO:0010243),1/47,0.376814886705751,0.4391352831811613,0,0,2.1579637317019884,2.1061752538856453,IL6
GO_Biological_Process_2023,Negative Regulation Of Hydrolase Activity (GO:0051346),1/47,0.376814886705751,0.4391352831811613,0,0,2.1579637317019884,2.1061752538856453,RDX
GO_Biological_Process_2023,Regulation Of Intrinsic Apoptotic Signaling Pathway (GO:2001242),1/48,0.3830614060395898,0.444862689906895,0,0,2.111942692184326,2.026535673888961,CAV1
GO_Biological_Process_2023,Cellular Response To Mechanical Stimulus (GO:0071260),1/48,0.3830614060395898,0.444862689906895,0,0,2.111942692184326,2.026535673888961,AQP1
GO_Biological_Process_2023,Cellular Response To Radiation (GO:0071478),1/48,0.3830614060395898,0.444862689906895,0,0,2.111942692184326,2.026535673888961,IFI16
GO_Biological_Process_2023,Positive Regulation Of Reactive Oxygen Species Metabolic Process (GO:2000379),1/48,0.3830614060395898,0.444862689906895,0,0,2.111942692184326,2.026535673888961,TGFBR2
GO_Biological_Process_2023,Regulation Of DNA Binding (GO:0051101),1/48,0.3830614060395898,0.444862689906895,0,0,2.111942692184326,2.026535673888961,IFI16
GO_Biological_Process_2023,Erythrocyte Differentiation (GO:0030218),1/49,0.3892456229672477,0.4504783023945278,0,0,2.0678391959799,1.9510987409424116,CFLAR
GO_Biological_Process_2023,Unsaturated Fatty Acid Metabolic Process (GO:0033559),1/49,0.3892456229672477,0.4504783023945278,0,0,2.0678391959799,1.9510987409424116,MGLL
GO_Biological_Process_2023,Intrinsic Apoptotic Signaling Pathway In Response To DNA Damage (GO:0008630),1/49,0.3892456229672477,0.4504783023945278,0,0,2.0678391959799,1.9510987409424116,IFI16
GO_Biological_Process_2023,Negative Regulation Of T Cell Activation (GO:0050868),1/49,0.3892456229672477,0.4504783023945278,0,0,2.0678391959799,1.9510987409424116,HLA-DRB1
GO_Biological_Process_2023,Negative Regulation Of Cysteine-Type Endopeptidase Activity Involved In Apoptotic Process (GO:0043154),1/49,0.3892456229672477,0.4504783023945278,0,0,2.0678391959799,1.9510987409424116,AQP1
GO_Biological_Process_2023,"G Protein-Coupled Receptor Signaling Pathway, Coupled To Cyclic Nucleotide Second Messenger (GO:0007187)",1/50,0.3953681557510544,0.4556693030395175,0,0,2.025535842477695,1.8795714928238212,CALCRL
GO_Biological_Process_2023,Regulation Of Epithelial Cell Migration (GO:0010632),1/50,0.3953681557510544,0.4556693030395175,0,0,2.025535842477695,1.8795714928238212,CTSH
GO_Biological_Process_2023,Cell Chemotaxis (GO:0060326),1/50,0.3953681557510544,0.4556693030395175,0,0,2.025535842477695,1.8795714928238212,RAB13
GO_Biological_Process_2023,Intracellular Iron Ion Homeostasis (GO:0006879),1/50,0.3953681557510544,0.4556693030395175,0,0,2.025535842477695,1.8795714928238212,B2M
GO_Biological_Process_2023,Positive Regulation Of Fat Cell Differentiation (GO:0045600),1/50,0.3953681557510544,0.4556693030395175,0,0,2.025535842477695,1.8795714928238212,ADIRF
GO_Biological_Process_2023,Positive Regulation Of Transport (GO:0051050),1/50,0.3953681557510544,0.4556693030395175,0,0,2.025535842477695,1.8795714928238212,FLOT1
GO_Biological_Process_2023,Cilium Organization (GO:0044782),3/228,0.3994350278292476,0.460038963086099,0,0,1.3248730964467006,1.2158415530366304,DUSP23;GSN;NEDD9
GO_Biological_Process_2023,Regulation Of Synapse Assembly (GO:0051963),1/51,0.4014296166851454,0.4610642777607928,0,0,1.984924623115578,1.8116864795932897,MEF2C
GO_Biological_Process_2023,Cholesterol Transport (GO:0030301),1/51,0.4014296166851454,0.4610642777607928,0,0,1.984924623115578,1.8116864795932897,CAV1
GO_Biological_Process_2023,Positive Regulation Of Ras Protein Signal Transduction (GO:0046579),1/51,0.4014296166851454,0.4610642777607928,0,0,1.984924623115578,1.8116864795932897,RAC1
GO_Biological_Process_2023,Regulated Exocytosis (GO:0045055),1/51,0.4014296166851454,0.4610642777607928,0,0,1.984924623115578,1.8116864795932897,MYH9
GO_Biological_Process_2023,Organelle Assembly (GO:0070925),4/322,0.4025511797852142,0.4620346874510706,0,0,1.2502887947631882,1.1376790782218986,DUSP23;GSN;STING1;CD34
GO_Biological_Process_2023,Organelle Organization (GO:0006996),5/418,0.4068025836614005,0.46412627674346,0,0,1.2036381697398646,1.0825849854272211,CAV2;CAV1;NEDD9;PLAAT3;NECTIN2
GO_Biological_Process_2023,Rho Protein Signal Transduction (GO:0007266),1/52,0.4074306117999475,0.46412627674346,0,0,1.9459060005911912,1.7471991060741807,ARHGAP29
GO_Biological_Process_2023,Adenylate Cyclase-Inhibiting G Protein-Coupled Receptor Signaling Pathway (GO:0007193),1/52,0.4074306117999475,0.46412627674346,0,0,1.9459060005911912,1.7471991060741807,GNAI2
GO_Biological_Process_2023,Arachidonic Acid Metabolic Process (GO:0019369),1/52,0.4074306117999475,0.46412627674346,0,0,1.9459060005911912,1.7471991060741807,MGLL
GO_Biological_Process_2023,Regulation Of Peptide Hormone Secretion (GO:0090276),1/52,0.4074306117999475,0.46412627674346,0,0,1.9459060005911912,1.7471991060741807,IL6
GO_Biological_Process_2023,Cardiac Muscle Tissue Development (GO:0048738),1/52,0.4074306117999475,0.46412627674346,0,0,1.9459060005911912,1.7471991060741807,ADAMTS9
GO_Biological_Process_2023,Regulation Of Proteolysis (GO:0030162),1/52,0.4074306117999475,0.46412627674346,0,0,1.9459060005911912,1.7471991060741807,CAV1
GO_Biological_Process_2023,Cellular Response To Ionizing Radiation (GO:0071479),1/52,0.4074306117999475,0.46412627674346,0,0,1.9459060005911912,1.7471991060741807,IFI16
GO_Biological_Process_2023,Icosanoid Metabolic Process (GO:0006690),1/52,0.4074306117999475,0.46412627674346,0,0,1.9459060005911912,1.7471991060741807,MGLL
GO_Biological_Process_2023,Negative Regulation Of Innate Immune Response (GO:0045824),1/52,0.4074306117999475,0.46412627674346,0,0,1.9459060005911912,1.7471991060741807,IFI16
GO_Biological_Process_2023,Negative Regulation Of Response To Stimulus (GO:0048585),1/52,0.4074306117999475,0.46412627674346,0,0,1.9459060005911912,1.7471991060741807,MCTP1
GO_Biological_Process_2023,Regulation Of Cyclin-Dependent Protein Kinase Activity (GO:1904029),1/53,0.4133717413870322,0.4696127946369685,0,0,1.9083880943177425,1.6858852917962188,CDC37
GO_Biological_Process_2023,Regulation Of Proteasomal Protein Catabolic Process (GO:0061136),1/53,0.4133717413870322,0.4696127946369685,0,0,1.9083880943177425,1.6858852917962188,ECSCR
GO_Biological_Process_2023,Negative Regulation Of Metabolic Process (GO:0009892),1/53,0.4133717413870322,0.4696127946369685,0,0,1.9083880943177425,1.6858852917962188,ID1
GO_Biological_Process_2023,Protein Homotetramerization (GO:0051289),1/53,0.4133717413870322,0.4696127946369685,0,0,1.9083880943177425,1.6858852917962188,B2M
GO_Biological_Process_2023,Protein-Containing Complex Assembly (GO:0065003),4/328,0.416042993509888,0.4723261721016403,0,0,1.2267573696145124,1.0758253305765106,FKBP1A;CD74;STING1;TCF4
GO_Biological_Process_2023,Regulation Of Exocytosis (GO:0017157),1/54,0.4192535996279672,0.472757266292171,0,0,1.8722859580923483,1.627539412897697,RAB13
GO_Biological_Process_2023,Regulation Of Focal Adhesion Assembly (GO:0051893),1/54,0.4192535996279672,0.472757266292171,0,0,1.8722859580923483,1.627539412897697,RAC1
GO_Biological_Process_2023,Regulation Of Lipid Metabolic Process (GO:0019216),1/54,0.4192535996279672,0.472757266292171,0,0,1.8722859580923483,1.627539412897697,CAV1
GO_Biological_Process_2023,Regulation Of Myoblast Differentiation (GO:0045661),1/54,0.4192535996279672,0.472757266292171,0,0,1.8722859580923483,1.627539412897697,MEF2C
GO_Biological_Process_2023,Endoplasmic Reticulum Organization (GO:0007029),1/54,0.4192535996279672,0.472757266292171,0,0,1.8722859580923483,1.627539412897697,CAV2
GO_Biological_Process_2023,Mesenchymal Cell Differentiation (GO:0048762),1/54,0.4192535996279672,0.472757266292171,0,0,1.8722859580923483,1.627539412897697,MEF2C
GO_Biological_Process_2023,Negative Regulation Of Protein Catabolic Process (GO:0042177),1/54,0.4192535996279672,0.472757266292171,0,0,1.8722859580923483,1.627539412897697,TIMP3
GO_Biological_Process_2023,Negative Regulation Of Protein Modification By Small Protein Conjugation Or Removal (GO:1903321),1/54,0.4192535996279672,0.472757266292171,0,0,1.8722859580923483,1.627539412897697,CAV1
GO_Biological_Process_2023,Negative Regulation Of Protein Ubiquitination (GO:0031397),1/54,0.4192535996279672,0.472757266292171,0,0,1.8722859580923483,1.627539412897697,CAV1
GO_Biological_Process_2023,Peptidyl-Tyrosine Modification (GO:0018212),1/54,0.4192535996279672,0.472757266292171,0,0,1.8722859580923483,1.627539412897697,FLT1
GO_Biological_Process_2023,Ras Protein Signal Transduction (GO:0007265),2/144,0.4231821267362764,0.4768651495611212,0,0,1.398349694124342,1.2025145012328535,ARHGAP29;RAC1
GO_Biological_Process_2023,Cellular Response To Fibroblast Growth Factor Stimulus (GO:0044344),1/55,0.4250767749174149,0.4773895185689865,0,0,1.8375209380234503,1.5719724807707876,HYAL2
GO_Biological_Process_2023,"Regulation Of Synaptic Transmission, Glutamatergic (GO:0051966)",1/55,0.4250767749174149,0.4773895185689865,0,0,1.8375209380234503,1.5719724807707876,MEF2C
GO_Biological_Process_2023,Response To Peptide Hormone (GO:0043434),1/55,0.4250767749174149,0.4773895185689865,0,0,1.8375209380234503,1.5719724807707876,CAV1
GO_Biological_Process_2023,Phosphatidylcholine Metabolic Process (GO:0046470),1/55,0.4250767749174149,0.4773895185689865,0,0,1.8375209380234503,1.5719724807707876,PLAAT3
GO_Biological_Process_2023,Positive Regulation Of Tyrosine Phosphorylation Of STAT Protein (GO:0042531),1/55,0.4250767749174149,0.4773895185689865,0,0,1.8375209380234503,1.5719724807707876,IL6
GO_Biological_Process_2023,Positive Regulation Of Protein Kinase Activity (GO:0045860),2/145,0.4266179815542056,0.4787984067174216,0,0,1.3885003885003886,1.18281672040739,NEDD9;TGFBR2
GO_Biological_Process_2023,Negative Regulation Of Response To External Stimulus (GO:0032102),2/146,0.4300431951119408,0.4819195505965266,0,0,1.378787878787879,1.1635172055269425,CDH5;IFI16
GO_Biological_Process_2023,Regulation Of Mitotic Nuclear Division (GO:0007088),1/56,0.4308418497249187,0.4819195505965266,0,0,1.8040201005025125,1.5190105312629705,CAV2
GO_Biological_Process_2023,Pattern Recognition Receptor Signaling Pathway (GO:0002221),1/56,0.4308418497249187,0.4819195505965266,0,0,1.8040201005025125,1.5190105312629705,STING1
GO_Biological_Process_2023,Peptide Metabolic Process (GO:0006518),1/56,0.4308418497249187,0.4819195505965266,0,0,1.8040201005025125,1.5190105312629705,BACE2
GO_Biological_Process_2023,Regulation Of Cation Channel Activity (GO:2001257),1/56,0.4308418497249187,0.4819195505965266,0,0,1.8040201005025125,1.5190105312629705,FKBP1A
GO_Biological_Process_2023,Dephosphorylation (GO:0016311),2/147,0.433457636286527,0.4845209187406292,0,0,1.369209334726576,1.1446058954410874,DUSP23;PTPRB
GO_Biological_Process_2023,Chemokine-Mediated Signaling Pathway (GO:0070098),1/57,0.4365494010474847,0.4869989978285234,0,0,1.7717157214644652,1.4684931926330618,CCL14
GO_Biological_Process_2023,Endosome To Lysosome Transport (GO:0008333),1/57,0.4365494010474847,0.4869989978285234,0,0,1.7717157214644652,1.4684931926330618,CCL14
GO_Biological_Process_2023,Monoatomic Anion Transport (GO:0006820),1/57,0.4365494010474847,0.4869989978285234,0,0,1.7717157214644652,1.4684931926330618,CLIC2
GO_Biological_Process_2023,Axon Guidance (GO:0007411),2/149,0.4402536949587857,0.4901491137207814,0,0,1.3504432075860646,1.107909196685694,ROBO4;RAC1
GO_Biological_Process_2023,Negative Regulation Of DNA-binding Transcription Factor Activity (GO:0043433),2/149,0.4402536949587857,0.4901491137207814,0,0,1.3504432075860646,1.107909196685694,TMSB4X;ID1
GO_Biological_Process_2023,Negative Regulation Of Protein Phosphorylation (GO:0001933),2/149,0.4402536949587857,0.4901491137207814,0,0,1.3504432075860646,1.107909196685694,CAV1;ENG
GO_Biological_Process_2023,Regulation Of Phagocytosis (GO:0050764),1/58,0.4421999998339941,0.4903545814892232,0,0,1.740544829410209,1.4202724160163902,PLSCR1
GO_Biological_Process_2023,Selective Autophagy (GO:0061912),1/58,0.4421999998339941,0.4903545814892232,0,0,1.740544829410209,1.4202724160163902,STING1
GO_Biological_Process_2023,Inorganic Anion Transport (GO:0015698),1/58,0.4421999998339941,0.4903545814892232,0,0,1.740544829410209,1.4202724160163902,CLIC2
GO_Biological_Process_2023,mRNA Transport (GO:0051028),1/58,0.4421999998339941,0.4903545814892232,0,0,1.740544829410209,1.4202724160163902,HHEX
GO_Biological_Process_2023,Peptidyl-Threonine Phosphorylation (GO:0018107),1/58,0.4421999998339941,0.4903545814892232,0,0,1.740544829410209,1.4202724160163902,TGFBR2
GO_Biological_Process_2023,Positive Regulation Of Mitochondrion Organization (GO:0010822),1/58,0.4421999998339941,0.4903545814892232,0,0,1.740544829410209,1.4202724160163902,TNFSF10
GO_Biological_Process_2023,Anterior/Posterior Pattern Specification (GO:0009952),1/59,0.4477942115947188,0.4942606301144616,0,0,1.7104487957026513,1.3742113392020114,HHEX
GO_Biological_Process_2023,Regulation Of Multicellular Organismal Development (GO:2000026),1/59,0.4477942115947188,0.4942606301144616,0,0,1.7104487957026513,1.3742113392020114,SOX17
GO_Biological_Process_2023,Cellular Response To Chemokine (GO:1990869),1/59,0.4477942115947188,0.4942606301144616,0,0,1.7104487957026513,1.3742113392020114,CCL14
GO_Biological_Process_2023,Regulation Of Type I Interferon Production (GO:0032479),1/59,0.4477942115947188,0.4942606301144616,0,0,1.7104487957026513,1.3742113392020114,STING1
GO_Biological_Process_2023,Mitotic Cytokinesis (GO:0000281),1/59,0.4477942115947188,0.4942606301144616,0,0,1.7104487957026513,1.3742113392020114,SPTBN1
GO_Biological_Process_2023,Negative Regulation Of Cytokine-Mediated Signaling Pathway (GO:0001960),1/59,0.4477942115947188,0.4942606301144616,0,0,1.7104487957026513,1.3742113392020114,IL6
GO_Biological_Process_2023,protein-DNA Complex Assembly (GO:0065004),1/59,0.4477942115947188,0.4942606301144616,0,0,1.7104487957026513,1.3742113392020114,TCF4
GO_Biological_Process_2023,Negative Regulation Of Peptidase Activity (GO:0010466),1/60,0.4533325962584122,0.4997131589119131,0,0,1.681372966527553,1.330183274831934,TIMP3
GO_Biological_Process_2023,protein-DNA Complex Organization (GO:0071824),1/60,0.4533325962584122,0.4997131589119131,0,0,1.681372966527553,1.330183274831934,TCF4
GO_Biological_Process_2023,BMP Signaling Pathway (GO:0030509),1/61,0.4588157080798082,0.504757728915204,0,0,1.6532663316582914,1.288070804786777,ENG
GO_Biological_Process_2023,Autophagosome Organization (GO:1905037),1/61,0.4588157080798082,0.504757728915204,0,0,1.6532663316582914,1.288070804786777,STING1
GO_Biological_Process_2023,Positive Regulation Of Organelle Assembly (GO:1902117),1/61,0.4588157080798082,0.504757728915204,0,0,1.6532663316582914,1.288070804786777,SDCBP
GO_Biological_Process_2023,Regulation Of Embryonic Development (GO:0045995),1/62,0.4642440960951576,0.5093874116155803,0,0,1.6260812258011368,1.2477649663473405,SOX17
GO_Biological_Process_2023,Cell Junction Organization (GO:0034330),1/62,0.4642440960951576,0.5093874116155803,0,0,1.6260812258011368,1.2477649663473405,SNCG
GO_Biological_Process_2023,Fat Cell Differentiation (GO:0045444),1/62,0.4642440960951576,0.5093874116155803,0,0,1.6260812258011368,1.2477649663473405,PSMB8
GO_Biological_Process_2023,mRNA Export From Nucleus (GO:0006406),1/62,0.4642440960951576,0.5093874116155803,0,0,1.6260812258011368,1.2477649663473405,HHEX
GO_Biological_Process_2023,Positive Regulation Of Mitotic Cell Cycle Phase Transition (GO:1901992),1/63,0.4696183035751055,0.5146079835763951,0,0,1.5997730588426,1.2091645247691418,RDX
GO_Biological_Process_2023,Regulation Of Cellular Catabolic Process (GO:0031329),1/63,0.4696183035751055,0.5146079835763951,0,0,1.5997730588426,1.2091645247691418,IFI16
GO_Biological_Process_2023,Cellular Response To Virus (GO:0098586),1/64,0.4749388686968527,0.5190758578034974,0,0,1.574300071787509,1.1721753146425786,IL6
GO_Biological_Process_2023,Endocytic Recycling (GO:0032456),1/64,0.4749388686968527,0.5190758578034974,0,0,1.574300071787509,1.1721753146425786,RAB13
GO_Biological_Process_2023,Negative Regulation Of Cell Death (GO:0060548),1/64,0.4749388686968527,0.5190758578034974,0,0,1.574300071787509,1.1721753146425786,CCN2
GO_Biological_Process_2023,Positive Regulation Of Macroautophagy (GO:0016239),1/64,0.4749388686968527,0.5190758578034974,0,0,1.574300071787509,1.1721753146425786,STING1
GO_Biological_Process_2023,RNA Export From Nucleus (GO:0006405),1/65,0.4802063242660991,0.5238044164104413,0,0,1.5496231155778897,1.1367096495006708,HHEX
GO_Biological_Process_2023,Autophagosome Assembly (GO:0000045),1/65,0.4802063242660991,0.5238044164104413,0,0,1.5496231155778897,1.1367096495006708,STING1
GO_Biological_Process_2023,Regulation Of Cell-Matrix Adhesion (GO:0001952),1/65,0.4802063242660991,0.5238044164104413,0,0,1.5496231155778897,1.1367096495006708,ADAM15
GO_Biological_Process_2023,Cellular Response To BMP Stimulus (GO:0071773),1/66,0.4854211976341649,0.5284572360163334,0,0,1.525705450328566,1.1026857881843173,ENG
GO_Biological_Process_2023,Response To Reactive Oxygen Species (GO:0000302),1/66,0.4854211976341649,0.5284572360163334,0,0,1.525705450328566,1.1026857881843173,HYAL2
GO_Biological_Process_2023,Peptidyl-Threonine Modification (GO:0018210),1/66,0.4854211976341649,0.5284572360163334,0,0,1.525705450328566,1.1026857881843173,TGFBR2
GO_Biological_Process_2023,Extrinsic Apoptotic Signaling Pathway (GO:0097191),1/67,0.4905840112592053,0.5326887508471215,0,0,1.5025125628140703,1.0700274503610792,IFI27
GO_Biological_Process_2023,Negative Regulation Of Cellular Catabolic Process (GO:0031330),1/67,0.4905840112592053,0.5326887508471215,0,0,1.5025125628140703,1.0700274503610792,TIMP3
GO_Biological_Process_2023,Peptidyl-Tyrosine Phosphorylation (GO:0018108),1/67,0.4905840112592053,0.5326887508471215,0,0,1.5025125628140703,1.0700274503610792,FLT1
GO_Biological_Process_2023,Protein Secretion (GO:0009306),1/67,0.4905840112592053,0.5326887508471215,0,0,1.5025125628140703,1.0700274503610792,RAB13
GO_Biological_Process_2023,B Cell Differentiation (GO:0030183),1/68,0.4956952821636893,0.5375396890995852,0,0,1.4800120003000077,1.0386633811930914,HHEX
GO_Biological_Process_2023,Intermediate Filament Organization (GO:0045109),1/68,0.4956952821636893,0.5375396890995852,0,0,1.4800120003000077,1.0386633811930914,VIM
GO_Biological_Process_2023,Membrane Organization (GO:0061024),2/167,0.4993126955468189,0.541111097704859,0,0,1.202020202020202,0.8348303583619261,PLAAT3;SPTBN1
GO_Biological_Process_2023,DNA-templated DNA Replication (GO:0006261),1/69,0.500755522308534,0.5412697231425578,0,0,1.4581732190363583,1.0085269537658983,POLE4
GO_Biological_Process_2023,Cellular Response To Calcium Ion (GO:0071277),1/69,0.500755522308534,0.5412697231425578,0,0,1.4581732190363583,1.0085269537658983,MEF2C
GO_Biological_Process_2023,Phospholipid Metabolic Process (GO:0006644),1/69,0.500755522308534,0.5412697231425578,0,0,1.4581732190363583,1.0085269537658983,PLAAT3
GO_Biological_Process_2023,Positive Regulation Of Phosphatidylinositol 3-Kinase Signaling (GO:0014068),1/69,0.500755522308534,0.5412697231425578,0,0,1.4581732190363583,1.0085269537658983,FLT1
GO_Biological_Process_2023,Sensory Organ Development (GO:0007423),1/70,0.5057652387756465,0.5452730463236473,0,0,1.4369674459252786,0.9795558086095748,ECE1
GO_Biological_Process_2023,Neutrophil Chemotaxis (GO:0030593),1/70,0.5057652387756465,0.5452730463236473,0,0,1.4369674459252786,0.9795558086095748,CCL14
GO_Biological_Process_2023,Protein K48-linked Ubiquitination (GO:0070936),1/70,0.5057652387756465,0.5452730463236473,0,0,1.4369674459252786,0.9795558086095748,IFI27
GO_Biological_Process_2023,Regulation Of Notch Signaling Pathway (GO:0008593),1/70,0.5057652387756465,0.5452730463236473,0,0,1.4369674459252786,0.9795558086095748,EGFL7
GO_Biological_Process_2023,Negative Regulation Of Supramolecular Fiber Organization (GO:1902904),1/71,0.5107249334696091,0.5502649283188692,0,0,1.416367552045944,0.9516915272016224,CDH5
GO_Biological_Process_2023,Cholesterol Homeostasis (GO:0042632),1/72,0.5156351033007534,0.5541252397118778,0,0,1.396347936867436,0.9248793332622998,CAV1
GO_Biological_Process_2023,Response To Ionizing Radiation (GO:0010212),1/72,0.5156351033007534,0.5541252397118778,0,0,1.396347936867436,0.9248793332622998,IFI16
GO_Biological_Process_2023,Negative Regulation Of Cell Adhesion (GO:0007162),1/72,0.5156351033007534,0.5541252397118778,0,0,1.396347936867436,0.9248793332622998,RND1
GO_Biological_Process_2023,Positive Regulation Of Protein Localization To Nucleus (GO:1900182),1/72,0.5156351033007534,0.5541252397118778,0,0,1.396347936867436,0.9248793332622998,HYAL2
GO_Biological_Process_2023,Neuron Differentiation (GO:0030182),2/173,0.518102407998783,0.5564186632527123,0,0,1.1594896331738438,0.7624599263901536,MEF2C;CFLAR
GO_Biological_Process_2023,DNA Replication (GO:0006260),1/73,0.5204962404113022,0.5575553056362249,0,0,1.3768844221105527,0.8990678202624621,POLE4
GO_Biological_Process_2023,Sterol Homeostasis (GO:0055092),1/73,0.5204962404113022,0.5575553056362249,0,0,1.3768844221105527,0.8990678202624621,CAV1
GO_Biological_Process_2023,Granulocyte Chemotaxis (GO:0071621),1/73,0.5204962404113022,0.5575553056362249,0,0,1.3768844221105527,0.8990678202624621,CCL14
GO_Biological_Process_2023,Regulation Of Rho Protein Signal Transduction (GO:0035023),1/73,0.5204962404113022,0.5575553056362249,0,0,1.3768844221105527,0.8990678202624621,RAC1
GO_Biological_Process_2023,Positive Regulation Of Cellular Biosynthetic Process (GO:0031328),2/174,0.521188450322183,0.5579389179731061,0,0,1.1526896875734085,0.7511428504980086,IL6;VIM
GO_Biological_Process_2023,Regulation Of mRNA Stability (GO:0043488),1/74,0.5253088319278648,0.5616298011008541,0,0,1.3579541543333105,0.8742087038575203,VIM
GO_Biological_Process_2023,Negative Regulation Of Neuron Apoptotic Process (GO:0043524),1/74,0.5253088319278648,0.5616298011008541,0,0,1.3579541543333105,0.8742087038575203,MEF2C
GO_Biological_Process_2023,Endosomal Transport (GO:0016197),2/180,0.5394267994620252,0.574552565589315,0,0,1.1134944955169674,0.6873024571147923,TINAGL1;RAB13
GO_Biological_Process_2023,Cell Morphogenesis Involved In Neuron Differentiation (GO:0048667),1/77,0.5394601334395485,0.574552565589315,0,0,1.3041523406506217,0.8049050782659102,MEF2C
GO_Biological_Process_2023,Chloride Transport (GO:0006821),1/77,0.5394601334395485,0.574552565589315,0,0,1.3041523406506217,0.8049050782659102,CLIC2
GO_Biological_Process_2023,Monoatomic Cation Homeostasis (GO:0055080),1/77,0.5394601334395485,0.574552565589315,0,0,1.3041523406506217,0.8049050782659102,CAV1
GO_Biological_Process_2023,Positive Regulation Of Endothelial Cell Proliferation (GO:0001938),1/77,0.5394601334395485,0.574552565589315,0,0,1.3041523406506217,0.8049050782659102,EGFL7
GO_Biological_Process_2023,Positive Regulation Of Synaptic Transmission (GO:0050806),1/77,0.5394601334395485,0.574552565589315,0,0,1.3041523406506217,0.8049050782659102,FLOT1
GO_Biological_Process_2023,Cellular Response To Nutrient Levels (GO:0031669),1/78,0.544083319204552,0.5787383076889183,0,0,1.2871500358937544,0.7834275809102157,PDK4
GO_Biological_Process_2023,Long-Chain Fatty Acid Metabolic Process (GO:0001676),1/78,0.544083319204552,0.5787383076889183,0,0,1.2871500358937544,0.7834275809102157,MGLL
GO_Biological_Process_2023,Response To Insulin (GO:0032868),1/79,0.5486603241296241,0.5832353541034196,0,0,1.2705836876691148,0.7627005714660321,RAB13
GO_Biological_Process_2023,Calcium Ion Transmembrane Transport (GO:0070588),1/80,0.5531916072648388,0.5876781069543772,0,0,1.254436740665352,0.7426903392796255,FKBP1A
GO_Biological_Process_2023,Regulation Of DNA-templated Transcription (GO:0006355),19/1922,0.5565729147245606,0.5905653965161967,0,0,0.9872257528821896,0.5784719323780813,CD74;MEF2C;EPAS1;HOXD1;TSHZ2;MEOX1;ELK3;FOXP1;IL6;HHEX;IFI16;SOX17;CCDC85B;ID1;TCF4;ERG;LRRFIP1;HLA-DRB1;ENG
GO_Biological_Process_2023,Activation Of Protein Kinase Activity (GO:0032147),1/81,0.5576776229377498,0.5905653965161967,0,0,1.2386934673366834,0.7233650516865618,TGFBR2
GO_Biological_Process_2023,Cytoskeleton-Dependent Cytokinesis (GO:0061640),1/81,0.5576776229377498,0.5905653965161967,0,0,1.2386934673366834,0.7233650516865618,SPTBN1
GO_Biological_Process_2023,Negative Regulation Of NF-kappaB Transcription Factor Activity (GO:0032088),1/81,0.5576776229377498,0.5905653965161967,0,0,1.2386934673366834,0.7233650516865618,TMSB4X
GO_Biological_Process_2023,Positive Regulation Of Growth (GO:0045927),1/81,0.5576776229377498,0.5905653965161967,0,0,1.2386934673366834,0.7233650516865618,SDCBP
GO_Biological_Process_2023,Protein Phosphorylation (GO:0006468),5/500,0.5626004121727441,0.5954009431739434,0,0,1.0,0.5751856503053476,FLT1;GMFG;PDK4;ERG;TGFBR2
GO_Biological_Process_2023,Epigenetic Regulation Of Gene Expression (GO:0040029),1/83,0.5665156476761636,0.5976507464429521,0,0,1.208358867508273,0.6866506239569532,IFI16
GO_Biological_Process_2023,Vascular Transport (GO:0010232),1/83,0.5665156476761636,0.5976507464429521,0,0,1.208358867508273,0.6866506239569532,SLC2A3
GO_Biological_Process_2023,Vesicle-Mediated Transport To The Plasma Membrane (GO:0098876),1/83,0.5665156476761636,0.5976507464429521,0,0,1.208358867508273,0.6866506239569532,RAB13
GO_Biological_Process_2023,Positive Regulation Of Proteasomal Ubiquitin-Dependent Protein Catabolic Process (GO:0032436),1/83,0.5665156476761636,0.5976507464429521,0,0,1.208358867508273,0.6866506239569532,CAV1
GO_Biological_Process_2023,Regulation Of Cell Division (GO:0051302),1/83,0.5665156476761636,0.5976507464429521,0,0,1.208358867508273,0.6866506239569532,TXNIP
GO_Biological_Process_2023,Purine Ribonucleotide Metabolic Process (GO:0009150),1/84,0.5708685433147935,0.6018626687725411,0,0,1.1937397832536174,0.6692061267801053,GIMAP7
GO_Biological_Process_2023,Neuron Projection Development (GO:0031175),2/192,0.5744500370339674,0.6052565058969878,0,0,1.0425305688463584,0.5779186403259151,IL6;RAB13
GO_Biological_Process_2023,Negative Regulation Of Cell Cycle (GO:0045786),1/85,0.5751779449472499,0.6056413417792607,0,0,1.1794687724335966,0.6523356544527062,HHEX
GO_Biological_Process_2023,Exocytosis (GO:0006887),1/86,0.5794442849420854,0.6097491845326293,0,0,1.1655335501034585,0.636015065932131,MYH9
GO_Biological_Process_2023,Regulation Of Insulin Secretion (GO:0050796),1/87,0.5836679914950987,0.6138070187637373,0,0,1.1519224027112305,0.6202214761277236,IL6
GO_Biological_Process_2023,Negative Regulation Of Neuron Death (GO:1901215),1/88,0.5878494885157634,0.6174268212712735,0,0,1.138624155259054,0.6049331780092367,MEF2C
GO_Biological_Process_2023,Positive Regulation Of Cell Adhesion (GO:0045785),1/88,0.5878494885157634,0.6174268212712735,0,0,1.138624155259054,0.6049331780092367,RAC1
GO_Biological_Process_2023,Vesicle-Mediated Transport (GO:0016192),4/411,0.5909584129233456,0.6202145275131768,0,0,0.9724214009928296,0.5115030226588431,CCL14;TINAGL1;CAV2;RAB13
GO_Biological_Process_2023,Cellular Response To Chemical Stress (GO:0062197),1/89,0.591989195722158,0.6202145275131768,0,0,1.1256281407035176,0.5901295699518402,CAV1
GO_Biological_Process_2023,Regulation Of Vesicle-Mediated Transport (GO:0060627),1/89,0.591989195722158,0.6202145275131768,0,0,1.1256281407035176,0.5901295699518402,RAB13
GO_Biological_Process_2023,Organic Anion Transport (GO:0015711),1/89,0.591989195722158,0.6202145275131768,0,0,1.1256281407035176,0.5901295699518402,SLC2A3
GO_Biological_Process_2023,Anterograde Trans-Synaptic Signaling (GO:0098916),2/199,0.5939725563145565,0.6219023003418866,0,0,1.005127416294929,0.523593146960198,SDCBP;SNCG
GO_Biological_Process_2023,Regulation Of Phosphatidylinositol 3-Kinase Signaling (GO:0014066),1/90,0.5960875287025766,0.6233351114172216,0,0,1.1129241714188922,0.5757910883551692,FLT1
GO_Biological_Process_2023,Positive Regulation Of Proteasomal Protein Catabolic Process (GO:1901800),1/90,0.5960875287025766,0.6233351114172216,0,0,1.1129241714188922,0.5757910883551692,ECSCR
GO_Biological_Process_2023,Regulation Of Epithelial Cell Proliferation (GO:0050678),1/91,0.6001448988156681,0.6264012381388536,0,0,1.100502512562814,0.5618991453376235,B2M
GO_Biological_Process_2023,Lymphocyte Differentiation (GO:0030098),1/91,0.6001448988156681,0.6264012381388536,0,0,1.100502512562814,0.5618991453376235,HHEX
GO_Biological_Process_2023,rRNA Metabolic Process (GO:0016072),1/91,0.6001448988156681,0.6264012381388536,0,0,1.100502512562814,0.5618991453376235,CAVIN1
GO_Biological_Process_2023,Regulation Of Translation (GO:0006417),2/202,0.6021333969171315,0.6280841804194939,0,0,0.98989898989899,0.5021522659436054,IL6;VIM
GO_Biological_Process_2023,Positive Regulation Of Neuron Projection Development (GO:0010976),1/92,0.6041617136020576,0.6298065304091363,0,0,1.0883538571980782,0.5484360698708618,ITGA6
GO_Biological_Process_2023,Muscle Contraction (GO:0006936),1/94,0.6120752863236749,0.6376579714039532,0,0,1.0648403306856864,0.5227301046685241,TPM3
GO_Biological_Process_2023,Regulation Of Macroautophagy (GO:0016241),1/96,0.6198314260741546,0.6449336333606468,0,0,1.0423168473948692,0.4985482066164667,STING1
GO_Biological_Process_2023,Regulation Of Protein Metabolic Process (GO:0051246),1/96,0.6198314260741546,0.6449336333606468,0,0,1.0423168473948692,0.4985482066164667,FKBP1A
GO_Biological_Process_2023,Phosphorylation (GO:0016310),4/429,0.6247296602079585,0.6496254872648136,0,0,0.9303721488595438,0.4376808001529695,GMFG;PDK4;ERG;TGFBR2
GO_Biological_Process_2023,Positive Regulation Of Protein-Containing Complex Assembly (GO:0031334),1/98,0.6274332493027582,0.6520308191260774,0,0,1.0207221675387246,0.4757769643136218,CDH5
GO_Biological_Process_2023,Nervous System Development (GO:0007399),4/433,0.6319926324013455,0.6563605075312482,0,0,0.9215070643642072,0.4228588970881854,MEF2C;GSN;LDB2;SPTBN1
GO_Biological_Process_2023,Response To UV (GO:0009411),1/100,0.6348838112697764,0.658953365332832,0,0,1.0,0.454313271209604,AQP1
GO_Biological_Process_2023,Activation Of GTPase Activity (GO:0090630),1/102,0.642186106799596,0.6657050269120578,0,0,0.9800985123637992,0.4340632175669919,ARHGAP29
GO_Biological_Process_2023,Regulation Of Protein Secretion (GO:0050708),1/102,0.642186106799596,0.6657050269120578,0,0,0.9800985123637992,0.4340632175669919,IL6
GO_Biological_Process_2023,Regulation Of Neuron Apoptotic Process (GO:0043523),1/105,0.6528679573920863,0.675520129395777,0,0,0.9516814843448008,0.4057783123183748,MEF2C
GO_Biological_Process_2023,Intrinsic Apoptotic Signaling Pathway (GO:0097193),1/105,0.6528679573920863,0.675520129395777,0,0,0.9516814843448008,0.4057783123183748,IFI16
GO_Biological_Process_2023,Lysosomal Transport (GO:0007041),1/105,0.6528679573920863,0.675520129395777,0,0,0.9516814843448008,0.4057783123183748,CCL14
GO_Biological_Process_2023,Positive Regulation Of Cell Growth (GO:0030307),1/106,0.6563575850020138,0.6782903260850018,0,0,0.9425699928212492,0.3968686613882323,SDCBP
GO_Biological_Process_2023,Regulation Of G1/S Transition Of Mitotic Cell Cycle (GO:2000045),1/106,0.6563575850020138,0.6782903260850018,0,0,0.9425699928212492,0.3968686613882323,RDX
GO_Biological_Process_2023,Positive Regulation Of Autophagy (GO:0010508),1/107,0.6598123057378238,0.6814388067916919,0,0,0.933630416232104,0.388203405372955,STING1
GO_Biological_Process_2023,Glycerophospholipid Biosynthetic Process (GO:0046474),1/108,0.6632324670568477,0.684547725577834,0,0,0.9248579345324754,0.3797741558133871,PLSCR1
GO_Biological_Process_2023,Regulation Of Proteasomal Ubiquitin-Dependent Protein Catabolic Process (GO:0032434),1/109,0.6666184129739804,0.6867691237918243,0,0,0.916247906197655,0.3715728772578474,SDCBP
GO_Biological_Process_2023,Cellular Response To Salt (GO:1902075),1/109,0.6666184129739804,0.6867691237918243,0,0,0.916247906197655,0.3715728772578474,MEF2C
GO_Biological_Process_2023,Regulation Of Wnt Signaling Pathway (GO:0030111),1/109,0.6666184129739804,0.6867691237918243,0,0,0.916247906197655,0.3715728772578474,HHEX
GO_Biological_Process_2023,RNA Metabolic Process (GO:0016070),1/111,0.6732890175997336,0.6932137234226603,0,0,0.8994974874371859,0.3558237511616551,RNASE1
GO_Biological_Process_2023,Regulation Of Protein Serine/Threonine Kinase Activity (GO:0071900),1/112,0.6765743473112501,0.6957383990208051,0,0,0.8913486350672281,0.3482614435144341,CDC37
GO_Biological_Process_2023,Small GTPase Mediated Signal Transduction (GO:0007264),1/112,0.6765743473112501,0.6957383990208051,0,0,0.8913486350672281,0.3482614435144341,RAC1
GO_Biological_Process_2023,Positive Regulation Of Developmental Process (GO:0051094),2/233,0.6792780767789255,0.6980888542897264,0,0,0.8556998556998557,0.3309202670412199,MMRN2;CCN2
GO_Biological_Process_2023,Response To Endoplasmic Reticulum Stress (GO:0034976),1/114,0.683046714602197,0.7015301435336219,0,0,0.8754836127540356,0.3337273716848506,FLOT1
GO_Biological_Process_2023,Positive Regulation Of Cell Cycle Process (GO:0090068),1/118,0.6956073317848006,0.7139915452247185,0,0,0.845380749903363,0.3068478138715934,PLSCR1
GO_Biological_Process_2023,Cilium Assembly (GO:0060271),2/243,0.7014312313249126,0.7195271230421401,0,0,0.819774508571189,0.2907186138474013,DUSP23;GSN
GO_Biological_Process_2023,Potassium Ion Transport (GO:0006813),1/122,0.7076725687660174,0.7250387667725454,0,0,0.8172681589767017,0.2825898889623316,AQP1
GO_Biological_Process_2023,Protein Localization To Nucleus (GO:0034504),1/122,0.7076725687660174,0.7250387667725454,0,0,0.8172681589767017,0.2825898889623316,HHEX
GO_Biological_Process_2023,Positive Regulation Of Epithelial Cell Proliferation (GO:0050679),1/123,0.7106137702230504,0.7276057610499657,0,0,0.8105280500864981,0.2768976317492876,EGFL7
GO_Biological_Process_2023,Neuron Projection Guidance (GO:0097485),1/124,0.7135255255654438,0.729692362335757,0,0,0.8038975364628018,0.2713452170770706,ROBO4
GO_Biological_Process_2023,Protein Dephosphorylation (GO:0006470),1/124,0.7135255255654438,0.729692362335757,0,0,0.8038975364628018,0.2713452170770706,PTPRB
GO_Biological_Process_2023,Positive Regulation Of Intracellular Protein Transport (GO:0090316),1/126,0.7192618685309876,0.7346589115882259,0,0,0.7909547738693468,0.2606431490060761,HYAL2
GO_Biological_Process_2023,Protein-Containing Complex Organization (GO:0043933),1/126,0.7192618685309876,0.7346589115882259,0,0,0.7909547738693468,0.2606431490060761,CD74
GO_Biological_Process_2023,Protein Homooligomerization (GO:0051260),1/129,0.7276527766729426,0.7427751448923069,0,0,0.7722989949748744,0.2455380232172469,B2M
GO_Biological_Process_2023,Regulation Of Cell Cycle Process (GO:0010564),1/130,0.7303939147263233,0.7451177993848258,0,0,0.7662732265981068,0.2407410413206643,CAV2
GO_Biological_Process_2023,Synapse Organization (GO:0050808),1/131,0.7331076000158043,0.7474296044117175,0,0,0.7603401623502126,0.2360573310794884,SNCG
GO_Biological_Process_2023,Negative Regulation Of Cellular Biosynthetic Process (GO:0031327),1/137,0.7488283343138599,0.762526413600089,0,0,0.7265740467041087,0.210158284256341,CAV1
GO_Biological_Process_2023,Protein Localization To Organelle (GO:0033365),1/137,0.7488283343138599,0.762526413600089,0,0,0.7265740467041087,0.210158284256341,HHEX
GO_Biological_Process_2023,Chemical Synaptic Transmission (GO:0007268),2/273,0.7603836959122781,0.7738213115012215,0,0,0.7279063699727907,0.1993969278525846,SDCBP;SNCG
GO_Biological_Process_2023,Regulation Of Cell Adhesion (GO:0030155),1/144,0.7660081552523519,0.7790704136854005,0,0,0.690761499806726,0.1841310865645969,RND1
GO_Biological_Process_2023,Neuron Projection Morphogenesis (GO:0048812),1/146,0.7706982785234464,0.7833634358698451,0,0,0.6811644429041761,0.1774149463430572,NRN1
GO_Biological_Process_2023,Skeletal System Development (GO:0001501),1/149,0.777558641095328,0.7898557972197067,0,0,0.6672551948933858,0.1678788815691765,HYAL2
GO_Biological_Process_2023,Inorganic Cation Transmembrane Transport (GO:0098662),2/284,0.7793483018632932,0.7911925009797566,0,0,0.6991188480550182,0.17428838454512,FKBP1A;AQP1
GO_Biological_Process_2023,Regulation Of Cellular Component Organization (GO:0051128),1/153,0.7863891079150508,0.7978552917485631,0,0,0.6495636075112404,0.1560924478581284,SOCS2
GO_Biological_Process_2023,Peptidyl-Serine Phosphorylation (GO:0018105),1/158,0.7969382105229577,0.8080672808581295,0,0,0.6287168325704958,0.1427049714417737,TGFBR2
GO_Biological_Process_2023,Gene Expression (GO:0010467),2/296,0.798532552495655,0.8091925744343107,0,0,0.6701710987425273,0.1507747889344095,HHEX;ANGPT2
GO_Biological_Process_2023,Regulation Of Macromolecule Metabolic Process (GO:0060255),1/162,0.8050029422478624,0.8142670584820898,0,0,0.6129716907518962,0.1329592889277211,FOXP1
GO_Biological_Process_2023,Mitochondrion Organization (GO:0007005),1/162,0.8050029422478624,0.8142670584820898,0,0,0.6129716907518962,0.1329592889277211,CAV2
GO_Biological_Process_2023,Protein Autophosphorylation (GO:0046777),1/162,0.8050029422478624,0.8142670584820898,0,0,0.6129716907518962,0.1329592889277211,FLT1
GO_Biological_Process_2023,Peptidyl-Serine Modification (GO:0018209),1/166,0.8127489127472175,0.8216045304405891,0,0,0.5979899497487438,0.1239830846623929,TGFBR2
GO_Biological_Process_2023,Regulation Of Neuron Projection Development (GO:0010975),1/174,0.8273342321436886,0.8358428116636176,0,0,0.5701048595579051,0.1080613895941531,ITGA6
GO_Biological_Process_2023,Regulation Of Nucleic Acid-Templated Transcription (GO:1903506),3/452,0.8332437541333216,0.8413041532059535,0,0,0.6563146529795485,0.1197308636399891,MEF2C;SOX17;ENG
GO_Biological_Process_2023,Intracellular Protein Transport (GO:0006886),2/325,0.8389351569857832,0.8465387988919988,0,0,0.6090940363386184,0.1069702285350596,CD74;CDC37
GO_Biological_Process_2023,Protein Modification Process (GO:0036211),5/711,0.843017674584552,0.8501446356015712,0,0,0.693469891770175,0.1184220191256534,PTPRB;GMFG;PDK4;ERG;TGFBR2
GO_Biological_Process_2023,Axonogenesis (GO:0007409),1/188,0.8501901851438446,0.8568603555764758,0,0,0.5270469997044044,0.0855372020724991,ROBO4
GO_Biological_Process_2023,Transcription By RNA Polymerase II (GO:0006366),1/192,0.8561488312819886,0.8623453246326422,0,0,0.5159041279696914,0.0801256116253105,TSC22D1
GO_Biological_Process_2023,Regulation Of Cell Differentiation (GO:0045595),1/193,0.8576012689701117,0.8632875944424874,0,0,0.5131909547738693,0.0788343463225011,CCN2
GO_Biological_Process_2023,Golgi Vesicle Transport (GO:0048193),1/197,0.8632665450936166,0.8684669459676746,0,0,0.5026151163983181,0.0739003936329984,RAB13
GO_Biological_Process_2023,DNA-templated Transcription (GO:0006351),1/199,0.8660145054493834,0.870706938049651,0,0,0.4974874371859296,0.0715653690513794,TSC22D1
GO_Biological_Process_2023,Proteasomal Protein Catabolic Process (GO:0010498),1/220,0.8917506349336075,0.8960430567624094,0,0,0.4493013010256763,0.0514758851676479,IFI27
GO_Biological_Process_2023,Protein Polyubiquitination (GO:0000209),1/226,0.8981547293522425,0.9019352964631658,0,0,0.4371859296482412,0.0469594177767252,IFI27
GO_Biological_Process_2023,Chromatin Remodeling (GO:0006338),1/228,0.9002045097002905,0.9034504394227676,0,0,0.4332897970026343,0.0455531898856198,IFI16
GO_Biological_Process_2023,Regulation Of Autophagy (GO:0010506),1/241,0.9125631604074556,0.9153035903185892,0,0,0.4095477386934673,0.0374727904092101,IFI16
GO_Biological_Process_2023,Monoatomic Cation Transmembrane Transport (GO:0098655),1/281,0.941817631809925,0.944078898632998,0,0,0.3503230437903805,0.0209996313976804,FKBP1A
GO_Biological_Process_2023,Regulation Of Cell Cycle (GO:0051726),1/298,0.9510785632071088,0.9527901623010626,0,0,0.3299832495812395,0.0165515006917235,SDCBP
GO_Biological_Process_2023,Proteasome-Mediated Ubiquitin-Dependent Protein Catabolic Process (GO:0043161),1/319,0.9605177458115964,0.9616694457466224,0,0,0.3078600549919408,0.0124014715949614,IFI27
GO_Biological_Process_2023,Ubiquitin-Dependent Protein Catabolic Process (GO:0006511),1/367,0.9758321428247156,0.9764168235573846,0,0,0.2668259329434055,0.0065278143126657,IFI27
GO_Biological_Process_2023,DNA Damage Response (GO:0006974),1/384,0.9796942288774292,0.9796942288774292,0,0,0.2547594368710392,0.0052263305783269,FOXP1
