Gene_set,Term,Overlap,P-value,Adjusted P-value,Old P-value,Old Adjusted P-value,Odds Ratio,Combined Score,Genes
Reactome_2022,Interleukin-4 And Interleukin-13 Signaling R-HSA-6785807,13/107,5.374753237146886e-11,3.91819510988008e-08,0,0,14.573785413585163,344.6222719734717,ITGB1;CDKN1A;CEBPD;STAT3;FOS;HSP90B1;SOCS3;COL1A2;MYC;CCL2;TIMP1;VIM;MCL1
Reactome_2022,Scavenging By Class A Receptors R-HSA-3000480,7/19,4.0963560716579326e-10,1.4931217881193165e-07,0,0,59.80829015544042,1292.8012341958631,COL1A1;COL1A2;FTH1;APOE;CALR;HSP90B1;FTL
Reactome_2022,Immune System R-HSA-168256,49/1943,8.308570247119514e-10,2.0189825700500417e-07,0,0,3.06787554983671,64.1448704001558,IFITM3;ITGB1;CDKN1A;IFITM2;DDX3X;TNFAIP3;MT2A;MYC;FTH1;TIMP1;B2M;MYLIP;WSB1;TUBB;FOS;YWHAZ;HLA-E;PSME1;POLR1D;SERPING1;TXNIP;SQSTM1;CD44;FTL;CEBPD;C1R;HSP90B1;CST3;SOCS3;IFI16;PCBP2;FLNA;CCL2;CD99;MCL1;EGR1;JUN;HSPA5;STAT3;MSN;COL1A2;REL;DEGS1;VIM;CALR;CALM1;HSPA1B;EIF4G2;HSPA1A
Reactome_2022,Cytokine Signaling In Immune System R-HSA-1280215,27/702,2.0629528254722253e-09,3.7597315244231314e-07,0,0,4.421965317919075,88.43544806130794,IFITM3;ITGB1;CDKN1A;IFITM2;CEBPD;HSP90B1;SOCS3;MT2A;MYC;FLNA;CCL2;TIMP1;B2M;MCL1;EGR1;JUN;STAT3;MSN;FOS;YWHAZ;HLA-E;COL1A2;PSME1;VIM;SQSTM1;CD44;EIF4G2
Reactome_2022,Binding And Uptake Of Ligands By Scavenger Receptors R-HSA-2173782,8/41,6.258000136958335e-09,9.124164199685252e-07,0,0,24.95833333333333,471.44807069661766,COL1A1;SPARC;COL1A2;FTH1;APOE;CALR;HSP90B1;FTL
Reactome_2022,mRNA Splicing - Major Pathway R-HSA-72163,13/181,3.597221710957865e-08,4.370624378813807e-06,0,0,8.12375859434683,139.24543807798145,SRRM2;FUS;HNRNPU;SRRM1;HNRNPH1;PCBP1;PCBP2;SRSF2;RNPS1;SRSF7;SRSF11;SF1;HNRNPA0
Reactome_2022,mRNA Splicing R-HSA-72172,13/189,5.999999210568547e-08,6.248570606434957e-06,0,0,7.751336898395722,128.89637207714642,SRRM2;FUS;HNRNPU;SRRM1;HNRNPH1;PCBP1;PCBP2;SRSF2;RNPS1;SRSF7;SRSF11;SF1;HNRNPA0
Reactome_2022,Cellular Responses To Stimuli R-HSA-8953897,25/736,9.669733440224852e-08,8.811544597404896e-06,0,0,3.835443037974684,61.94884860955432,CDKN1A;ETS2;HSP90B1;DNAJB1;MT2A;SERP1;DNAJB6;MYC;LMNA;SERPINH1;CCL2;IGFBP7;JUN;HSPA5;STAT3;FOS;SOD3;PSME1;TXNIP;CALR;SQSTM1;HSPA1B;HSPA1A;ATF4;NFE2L2
Reactome_2022,Post-translational Protein Phosphorylation R-HSA-8957275,10/106,1.1053074546895795e-07,8.952990382985593e-06,0,0,10.802631578947368,173.03625140183897,CST3;LGALS1;IGFBP4;SPARCL1;IGFBP7;APOE;TIMP1;GAS6;MFGE8;HSP90B1
Reactome_2022,Cellular Responses To Stress R-HSA-2262752,24/722,2.64326297046289e-07,1.9269387054674472e-05,0,0,3.73183120604324,56.52261967802502,JUN;CDKN1A;HSPA5;STAT3;FOS;SOD3;ETS2;HSP90B1;DNAJB1;SERP1;DNAJB6;MYC;LMNA;PSME1;SERPINH1;TXNIP;CCL2;IGFBP7;CALR;SQSTM1;HSPA1B;HSPA1A;ATF4;NFE2L2
Reactome_2022,Regulation Of IGF Transport And Uptake By IGFBPs R-HSA-381426,10/123,4.493906546579007e-07,2.978234429505541e-05,0,0,9.16953889147648,134.01623363623213,CST3;LGALS1;IGFBP4;SPARCL1;IGFBP7;APOE;TIMP1;GAS6;MFGE8;HSP90B1
Reactome_2022,Signaling By Interleukins R-HSA-449147,18/453,7.438009960495921e-07,4.518591051001272e-05,0,0,4.402804092459265,62.13013612100126,ITGB1;JUN;CDKN1A;CEBPD;STAT3;MSN;FOS;YWHAZ;HSP90B1;SOCS3;COL1A2;MYC;PSME1;CCL2;VIM;TIMP1;SQSTM1;MCL1
Reactome_2022,Processing Of Capped Intron-Containing Pre-mRNA R-HSA-72203,13/242,1.0326632663670302e-06,5.790857855242808e-05,0,0,5.941269878336408,81.8907174226378,SRRM2;FUS;HNRNPU;SRRM1;HNRNPH1;PCBP1;PCBP2;SRSF2;RNPS1;SRSF7;SRSF11;SF1;HNRNPA0
Reactome_2022,ATF6 (ATF6-alpha) Activates Chaperone Genes R-HSA-381183,4/9,1.1756320457022156e-06,6.121684009406536e-05,0,0,80.79591836734694,1103.1636058086635,HSPA5;CALR;ATF4;HSP90B1
Reactome_2022,ATF6 (ATF6-alpha) Activates Chaperones R-HSA-381033,4/11,3.031048397200008e-06,0.0001473089521039204,0,0,57.70553935860058,733.2413213987782,HSPA5;CALR;ATF4;HSP90B1
Reactome_2022,Metabolism Of RNA R-HSA-8953854,21/666,3.562493363729343e-06,0.0001623161038849182,0,0,3.48408470832792,43.70801643533985,SRRM2;FUS;HNRNPU;YWHAZ;SRRM1;ZFP36L1;TRMT112;ZFP36;HNRNPH1;MYC;PCBP1;PCBP2;PSME1;SRSF2;RNPS1;SRSF7;CD44;SRSF11;HSPA1A;SF1;HNRNPA0
Reactome_2022,Attenuation Phase R-HSA-3371568,5/26,5.273783818881518e-06,0.00022615225905674277,0,0,24.15018315018315,293.4914392101124,DNAJB1;DNAJB6;SERPINH1;HSPA1B;HSPA1A
Reactome_2022,HSF1 Activation R-HSA-3371511,5/29,9.2917445078737e-06,0.0003763156525688849,0,0,21.128205128205128,244.79950290336265,DNAJB1;DNAJB6;SERPINH1;HSPA1B;HSPA1A
Reactome_2022,HSF1-dependent Transactivation R-HSA-3371571,5/36,2.7868095991564837e-05,0.0010692548409395,0,0,16.351530190239867,171.49530707153963,DNAJB1;DNAJB6;SERPINH1;HSPA1B;HSPA1A
Reactome_2022,Unfolded Protein Response (UPR) R-HSA-381119,7/89,3.102233446486186e-05,0.0011307640912442,0,0,8.721470997093391,90.53587356683563,SERP1;HSPA5;LMNA;CCL2;CALR;ATF4;HSP90B1
Reactome_2022,Interferon Signaling R-HSA-913531,10/200,3.46009496704238e-05,0.0012011472528447,0,0,5.43213296398892,55.79685681599258,IFITM3;EGR1;SOCS3;MT2A;IFITM2;FLNA;B2M;CD44;EIF4G2;HLA-E
Reactome_2022,Platelet Degranulation R-HSA-114608,8/125,3.76364685638781e-05,0.0012471357083212,0,0,7.009615384615385,71.41071657028667,SPARC;HSPA5;SELENOP;SERPING1;FLNA;TIMP1;CALM1;GAS6
Reactome_2022,Signaling By Receptor Tyrosine Kinases R-HSA-9006934,16/496,4.137120247062217e-05,0.0012617350859869,0,0,3.5,35.325239290833665,ITGB1;EGR1;JUND;SPARC;CAV1;STAT3;FOS;HNRNPH1;MYC;COL6A2;CDC37;COL6A1;ID3;FOSB;APOE;CALM1
Reactome_2022,NGF-stimulated Transcription R-HSA-9031628,5/39,4.153860365388976e-05,0.0012617350859869,0,0,14.906485671191554,150.38985478925275,EGR1;JUND;FOSB;ID3;FOS
Reactome_2022,Response To Elevated Platelet Cytosolic Ca2+ R-HSA-76005,8/130,4.98102004066244e-05,0.0014250674715271,0,0,6.720628415300546,66.58321985047465,SPARC;HSPA5;SELENOP;SERPING1;FLNA;TIMP1;CALM1;GAS6
Reactome_2022,RHO GTPases Activate PAKs R-HSA-5627123,4/21,5.082545165940558e-05,0.0014250674715271,0,0,23.74909963985594,234.8100391955592,PPP1R12A;FLNA;CALM1;MYL9
Reactome_2022,Regulation Of HSF1-mediated Heat Shock Response R-HSA-3371453,6/81,0.00016146440379841284,0.0042857147469731,0,0,8.1340206185567,71.01997108520867,DNAJB1;DNAJB6;HSPA5;SERPINH1;HSPA1B;HSPA1A
Reactome_2022,"Antigen Presentation: Folding, Assembly, Peptide Loading Of Class I MHC R-HSA-983170",4/28,0.00016460907121433117,0.0042857147469731,0,0,16.816326530612244,146.50278000651662,HSPA5;CALR;B2M;HLA-E
Reactome_2022,Extracellular Matrix Organization R-HSA-1474244,11/291,0.0001750240385191574,0.0043997422096712,0,0,4.057445200302343,35.0992836382197,COL1A1;ITGB1;COL1A2;SPARC;DST;COL6A2;COL6A1;SERPINH1;TIMP1;CD44;DCN
Reactome_2022,Assembly Of Collagen Fibrils And Other Multimeric Structures R-HSA-2022090,5/57,0.00026114908025227007,0.0063459226501301,0,0,9.73767258382643,80.33988011860673,COL1A1;COL1A2;DST;COL6A2;COL6A1
Reactome_2022,mRNA 3-End Processing R-HSA-72187,5/58,0.00028348784410563496,0.0063528945405661,0,0,9.553459119496855,78.0359148140527,SRSF2;RNPS1;SRSF7;SRSF11;SRRM1
Reactome_2022,Innate Immune System R-HSA-168249,23/1035,0.00028593077324467786,0.0063528945405661,0,0,2.412429378531073,19.68484674334029,JUN;DDX3X;C1R;TUBB;TNFAIP3;FOS;HLA-E;HSP90B1;CST3;IFI16;FTH1;PCBP2;PSME1;POLR1D;SERPING1;TXNIP;DEGS1;CALM1;B2M;HSPA1B;CD44;HSPA1A;FTL
Reactome_2022,Collagen Formation R-HSA-1474290,6/90,0.00028757958825608007,0.0063528945405661,0,0,7.25920471281296,59.19163440674612,COL1A1;COL1A2;DST;COL6A2;COL6A1;SERPINH1
Reactome_2022,Signaling By Nuclear Receptors R-HSA-9006931,10/260,0.00030030916789058995,0.0064389818644776,0,0,4.11578947368421,33.38192567626217,MYLIP;JUN;JUND;CAV2;MYC;CAV1;FOSB;APOE;FOS;CALM1
Reactome_2022,Nuclear Events (Kinase And Transcription Factor Activation) R-HSA-198725,5/61,0.0003592601567844897,0.0074828758370255,0,0,9.04029304029304,71.70275663984069,EGR1;JUND;FOSB;ID3;FOS
Reactome_2022,Transcriptional Regulation By AP-2 (TFAP2) Family Of Transcription Factors R-HSA-8864260,4/36,0.0004448946011773135,0.0090091156738405,0,0,12.607142857142858,97.2978079915696,CDKN1A;MYC;APOE;DEK
Reactome_2022,Cellular Response To Heat Stress R-HSA-3371556,6/99,0.0004805502438833025,0.0092654057852734,0,0,6.553708014632524,50.074122316048125,DNAJB1;HSPA5;DNAJB6;SERPINH1;HSPA1B;HSPA1A
Reactome_2022,FOXO-mediated Transcription R-HSA-9614085,5/65,0.0004829703975862702,0.0092654057852734,0,0,8.435897435897436,64.41276048972978,CDKN1A;BTG1;CAV1;TXNIP;YWHAZ
Reactome_2022,Cellular Response To Chemical Stress R-HSA-9711123,8/182,0.0005041579575838623,0.0094238756686829,0,0,4.699712643678161,35.68313658850108,MYC;STAT3;PSME1;TXNIP;SQSTM1;SOD3;ATF4;NFE2L2
Reactome_2022,RNA Polymerase II Transcription Termination R-HSA-73856,5/67,0.0005556717726770651,0.0098801151775995,0,0,8.16294458229942,61.18398606775132,SRSF2;RNPS1;SRSF7;SRSF11;SRRM1
Reactome_2022,Collagen Biosynthesis And Modifying Enzymes R-HSA-1650814,5/67,0.0005556717726770651,0.0098801151775995,0,0,8.16294458229942,61.18398606775132,COL1A1;COL1A2;COL6A2;COL6A1;SERPINH1
Reactome_2022,Gene Expression (Transcription) R-HSA-74160,28/1449,0.0005978533889630935,0.010240575295623,0,0,2.105510367739718,15.627445364955618,KMT2E;CDKN1A;BTG1;ARID4B;SOCS3;MYC;APOE;SRSF11;BRD2;JUN;CAVIN1;CAV1;DEK;FOS;YWHAZ;SRRM1;COL1A1;COL1A2;DDIT4;PSME1;SRSF2;POLR1D;TXNIP;RNPS1;INTS6;CALM1;MYL9;SRSF7
Reactome_2022,FOXO-mediated Transcription Of Cell Cycle Genes R-HSA-9617828,3/17,0.0006040394207294829,0.010240575295623,0,0,21.5221174764322,159.51916044937724,CDKN1A;BTG1;CAV1
Reactome_2022,ESR-mediated Signaling R-HSA-8939211,8/188,0.0006243441343839183,0.010344247135588,0,0,4.541666666666667,33.51209016742436,JUN;JUND;CAV2;MYC;CAV1;FOSB;FOS;CALM1
Reactome_2022,Interferon Alpha/Beta Signaling R-HSA-909733,5/72,0.0007732638317856864,0.0125268740749281,0,0,7.55185610409491,54.10822023534692,IFITM3;SOCS3;EGR1;IFITM2;HLA-E
Reactome_2022,RHO GTPases Activate ROCKs R-HSA-5627117,3/19,0.0008481701801219675,0.0131312785341446,0,0,18.82994923857868,133.17348392535672,PPP1R12A;RHOC;MYL9
Reactome_2022,RHO GTPases Activate CIT R-HSA-5625900,3/19,0.0008481701801219675,0.0131312785341446,0,0,18.82994923857868,133.17348392535672,PPP1R12A;RHOC;MYL9
Reactome_2022,Transport Of Mature mRNA Derived From An Intron-Containing Transcript R-HSA-159236,5/74,0.0008760638830943262,0.0131312785341446,0,0,7.332218506131549,51.61934285779443,SRSF2;RNPS1;SRSF7;SRSF11;SRRM1
Reactome_2022,Smooth Muscle Contraction R-HSA-445355,4/43,0.0008826236600453894,0.0131312785341446,0,0,10.34065934065934,72.72184139201934,TPM4;CALD1;CALM1;MYL9
Reactome_2022,Collagen Chain Trimerization R-HSA-8948216,4/44,0.0009633623018811156,0.0139434569822788,0,0,10.081632653061224,70.017755335544,COL1A1;COL1A2;COL6A2;COL6A1
Reactome_2022,TFAP2 (AP-2) Family Regulates Transcription Of Cell Cycle Factors R-HSA-8866911,2/5,0.0009754681839454336,0.0139434569822788,0,0,66.65656565656566,462.1028413784856,CDKN1A;MYC
Reactome_2022,Signaling By NTRK1 (TRKA) R-HSA-187037,6/114,0.001010944314872,0.0141726616450333,0,0,5.639175257731959,38.89266102665064,EGR1;JUND;STAT3;ID3;FOSB;FOS
Reactome_2022,"Platelet Activation, Signaling And Aggregation R-HSA-76002",9/254,0.0010718411402432,0.0147428715327801,0,0,3.760978737044556,25.71899206267566,SPARC;HSPA5;SELENOP;SERPING1;FLNA;TIMP1;CALM1;GAS6;YWHAZ
Reactome_2022,Nuclear Events Mediated By NFE2L2 R-HSA-9759194,5/78,0.001111774407674,0.0150089545036,0,0,6.929048120828943,47.12998547368564,MYC;PSME1;SQSTM1;ATF4;NFE2L2
Reactome_2022,Signal Transduction R-HSA-162582,40/2465,0.0012845508650814,0.0170261378298972,0,0,1.791237113402062,11.924885488229622,ITGB1;CDKN1A;SPARC;TNFAIP3;SOCS3;DNAJB1;GPNMB;MYC;FLNA;CCL2;APOE;EGR1;MYLIP;PRPF38B;JUN;JUND;PPP1R12A;CAVIN1;TPM4;DST;CAV2;CAV1;STAT3;FOS;RHOC;YWHAZ;SEPTIN7;SRRM1;COL1A2;HNRNPH1;COL6A2;CDC37;COL6A1;PSME1;ID3;FOSB;VIM;CALM1;MYL9;SQSTM1
Reactome_2022,Senescence-Associated Secretory Phenotype (SASP) R-HSA-2559582,5/81,0.0013171792082121,0.0171468507640472,0,0,6.654520917678813,44.13453148372894,CDKN1A;JUN;STAT3;IGFBP7;FOS
Reactome_2022,RNA Polymerase II Transcription R-HSA-73857,25/1312,0.0014509384379812,0.0184619169698127,0,0,2.0549450549450547,13.43018533103531,KMT2E;CDKN1A;BTG1;SOCS3;MYC;APOE;SRSF11;BRD2;JUN;CAV1;DEK;FOS;YWHAZ;SRRM1;COL1A1;COL1A2;DDIT4;PSME1;SRSF2;TXNIP;RNPS1;INTS6;CALM1;MYL9;SRSF7
Reactome_2022,Transport Of Mature Transcript To Cytoplasm R-HSA-72202,5/83,0.0014688493611099,0.0184619169698127,0,0,6.483234714003944,42.29192897294149,SRSF2;RNPS1;SRSF7;SRSF11;SRRM1
Reactome_2022,Regulation Of mRNA Stability By Proteins That Bind AU-rich Elements R-HSA-450531,5/88,0.0019039709857819,0.0235253364175434,0,0,6.091133765832561,38.15372640786974,ZFP36;PSME1;YWHAZ;ZFP36L1;HSPA1A
Reactome_2022,Interferon Gamma Signaling R-HSA-877300,5/89,0.0020011939426603,0.0241599368290931,0,0,6.018315018315018,37.39787756211575,SOCS3;MT2A;B2M;CD44;HLA-E
Reactome_2022,Insulin-like Growth Factor-2 mRNA Binding Proteins (IGF2BPs/IMPs/VICKZs) Bind RNA R-HSA-428359,2/7,0.0020216133697869,0.0241599368290931,0,0,39.98989898989899,248.09171029141777,MYC;CD44
Reactome_2022,MAPK6/MAPK4 Signaling R-HSA-5687128,5/90,0.0021019951537622,0.0243906669562754,0,0,5.947209653092006,36.66376433556312,DNAJB1;JUN;MYC;PSME1;SEPTIN7
Reactome_2022,Signaling By NTRKs R-HSA-166520,6/132,0.0021411000582919,0.0243906669562754,0,0,4.829160530191458,29.682123892270933,EGR1;JUND;STAT3;ID3;FOSB;FOS
Reactome_2022,Signaling By Rho GTPases R-HSA-194315,15/644,0.0021412931209898,0.0243906669562754,0,0,2.4712327589911056,15.189050027149849,ITGB1;PRPF38B;PPP1R12A;CAVIN1;TPM4;DST;CAV1;RHOC;YWHAZ;SRRM1;CDC37;FLNA;VIM;CALM1;MYL9
Reactome_2022,Signaling By ALK Fusions And Activated Point Mutants R-HSA-9725370,4/55,0.0022221695468688,0.0249224861487289,0,0,7.902761104441777,48.28011150302565,TPM4;STAT3;MSN;SQSTM1
Reactome_2022,Cell Surface Interactions At Vascular Wall R-HSA-202733,6/134,0.0023092218454287,0.025506404929054,0,0,4.753221649484536,28.85607033820631,ITGB1;CAV1;SELENOP;GAS6;CD99;CD44
Reactome_2022,"Signaling By Rho GTPases, Miro GTPases And RHOBTB3 R-HSA-9716542",15/660,0.0027030677850272,0.0294109912729088,0,0,2.4079195474544317,14.238914240292925,ITGB1;PRPF38B;PPP1R12A;CAVIN1;TPM4;DST;CAV1;RHOC;YWHAZ;SRRM1;CDC37;FLNA;VIM;CALM1;MYL9
Reactome_2022,Transcriptional Regulation Of Granulopoiesis R-HSA-9616222,4/59,0.0028749370578511,0.0308210163996105,0,0,7.326530612244898,42.87283866824234,CDKN1A;MYC;STAT3;DEK
Reactome_2022,Post-translational Protein Modification R-HSA-597592,25/1383,0.002943953742644,0.0311035112809786,0,0,1.9400378708184305,11.306544185070353,TNFAIP3;PARK7;HSP90B1;CST3;SOCS3;LGALS1;TUBA1A;MYC;IGFBP7;APOE;TIMP1;DDX17;WSB1;IGFBP4;TUBB;COMMD6;RAB13;PSME1;SPARCL1;CALR;CALM1;GAS6;MFGE8;SQSTM1;NFE2L2
Reactome_2022,KEAP1-NFE2L2 Pathway R-HSA-9755511,5/100,0.0033238214487381,0.0346152262304301,0,0,5.318488529014845,30.350700013257832,MYC;PSME1;SQSTM1;ATF4;NFE2L2
Reactome_2022,GP1b-IX-V Activation Signaling R-HSA-430116,2/9,0.0034202318391573,0.0348597910948223,0,0,28.561327561327563,162.17255858986445,FLNA;YWHAZ
Reactome_2022,RHO GTPases Activate PKNs R-HSA-5625740,4/62,0.0034429423303528,0.0348597910948223,0,0,6.946516537649543,39.39667426105362,PPP1R12A;RHOC;YWHAZ;MYL9
Reactome_2022,Diseases Of Signal Transduction By Growth Factor Receptors And Second Messengers R-HSA-5663202,11/424,0.0037189576657618,0.0371386320320601,0,0,2.7320675916317563,15.28403809558703,CDKN1A;TPM4;MYC;CDC37;AKAP9;STAT3;LMNA;PSME1;MSN;CALM1;SQSTM1
Reactome_2022,PERK Regulates Gene Expression R-HSA-381042,3/32,0.0039464456405227,0.038877822593798,0,0,10.382110974969368,57.46436072810552,HSPA5;CCL2;ATF4
Reactome_2022,Activation Of AP-1 Family Of Transcription Factors R-HSA-450341,2/10,0.0042472321345398,0.0412830963477272,0,0,24.98989898989899,136.4820277236255,JUN;FOS
Reactome_2022,Programmed Cell Death R-HSA-5357801,7/208,0.0050297138001585,0.0464131848551811,0,0,3.53654009744026,18.716757209231154,CDC37;STAT3;LMNA;PSME1;HMGB2;VIM;YWHAZ
Reactome_2022,RHOBTB GTPase Cycle R-HSA-9706574,3/35,0.0050945877067937,0.0464131848551811,0,0,9.407360406091373,49.666879272481374,CDC37;VIM;SRRM1
Reactome_2022,Endosomal/Vacuolar Pathway R-HSA-1236977,2/11,0.0051570205394645,0.0464131848551811,0,0,22.21212121212121,117.00004466783103,B2M;HLA-E
Reactome_2022,Signaling By Leptin R-HSA-2586552,2/11,0.0051570205394645,0.0464131848551811,0,0,22.21212121212121,117.00004466783103,SOCS3;STAT3
Reactome_2022,eNOS Activation R-HSA-203615,2/11,0.0051570205394645,0.0464131848551811,0,0,22.21212121212121,117.00004466783103,CAV1;CALM1
Reactome_2022,Interleukin-6 Signaling R-HSA-1059683,2/11,0.0051570205394645,0.0464131848551811,0,0,22.21212121212121,117.00004466783103,SOCS3;STAT3
Reactome_2022,Hemostasis R-HSA-109582,13/576,0.0054154475193424,0.0481446492878127,0,0,2.375366875314634,12.395851462944217,ITGB1;SPARC;HSPA5;CAV1;YWHAZ;SELENOP;SERPING1;FLNA;TIMP1;CALM1;GAS6;CD44;CD99
Reactome_2022,NCAM1 Interactions R-HSA-419037,3/37,0.0059604378312344,0.0523513154092764,0,0,8.853090474768587,45.35094165112317,PRNP;COL6A2;COL6A1
Reactome_2022,Extra-nuclear Estrogen Signaling R-HSA-9009391,4/73,0.0061707911267906,0.0535536515646469,0,0,5.835847382431234,29.692372629986004,CAV2;CAV1;FOS;CALM1
Reactome_2022,Cellular Senescence R-HSA-2559583,6/165,0.0063851430622705,0.0544570378870836,0,0,3.820462944952344,19.307784508525263,JUN;CDKN1A;STAT3;IGFBP7;FOS;ETS2
Reactome_2022,HSP90 Chaperone Cycle For Steroid Hormone Receptors (SHR) In Presence Of Ligand R-HSA-3371497,3/38,0.0064242870484076,0.0544570378870836,0,0,8.599709934735316,43.40849457481817,DNAJB1;HSPA1B;HSPA1A
Reactome_2022,Estrogen-dependent Gene Expression R-HSA-9018519,5/119,0.0069291682629882,0.0580616513071088,0,0,4.427800269905533,22.01509154079102,JUN;JUND;MYC;FOSB;FOS
Reactome_2022,SARS-CoV-2 Targets Host Intracellular Signaling And Regulatory Pathways R-HSA-9755779,2/13,0.0072181010363148,0.0597954051758356,0,0,18.171717171717173,89.6077061786221,CAV1;YWHAZ
Reactome_2022,Disease R-HSA-1643685,28/1736,0.0079764120615246,0.0653348808185554,0,0,1.7243614182234084,8.330849700288818,ITGB1;CDKN1A;CEBPD;ARID4B;MYC;LMNA;B2M;PRNP;JUN;TPM4;TUBB;CAV1;STAT3;ATRX;MSN;YWHAZ;DCN;HLA-E;CDC37;AKAP9;PSME1;SERPING1;TXNIP;CALR;CALM1;SQSTM1;HSPA1A;NFE2L2
Reactome_2022,Amyloid Fiber Formation R-HSA-977225,4/79,0.0081338984677975,0.0658845775891603,0,0,5.36734693877551,25.826143528716216,CST3;APOE;MFGE8;B2M
Reactome_2022,Apoptosis R-HSA-109581,6/178,0.009116387262003,0.0730312781758268,0,0,3.529369455766003,16.5798542587614,LMNA;STAT3;PSME1;HMGB2;VIM;YWHAZ
Reactome_2022,Metabolism Of Nitric Oxide: NOS3 Activation And Regulation R-HSA-202131,2/15,0.0095900084936835,0.0759903933901667,0,0,15.374514374514376,71.44588341233826,CAV1;CALM1
Reactome_2022,G2/M Transition R-HSA-69275,6/182,0.0101029757140239,0.0791942935002523,0,0,3.448453608247423,15.845386638605929,CDKN1A;TUBA1A;PPP1R12A;TUBB;AKAP9;PSME1
Reactome_2022,Interleukin-10 Signaling R-HSA-6783783,3/45,0.0102691253206439,0.0796403442420153,0,0,7.163886874546773,32.800668633723014,STAT3;CCL2;TIMP1
Reactome_2022,Mitotic G2-G2/M Phases R-HSA-453274,6/184,0.0106237470488794,0.0815232799856119,0,0,3.4093594347272096,15.494391367532057,CDKN1A;TUBA1A;PPP1R12A;TUBB;AKAP9;PSME1
Reactome_2022,Cell-extracellular Matrix Interactions R-HSA-446353,2/16,0.0108884250018907,0.0826839773581079,0,0,14.275613275613276,64.52655688502057,ITGB1;FLNA
Reactome_2022,Regulation Of PLK1 Activity At G2/M Transition R-HSA-2565942,4/87,0.0113321247206512,0.0851661744469561,0,0,4.848045242193263,21.71979386421627,TUBA1A;PPP1R12A;TUBB;AKAP9
Reactome_2022,ER-Phagosome Pathway R-HSA-1236974,4/89,0.0122413166965711,0.090183165162169,0,0,4.733493397358943,20.841280008372543,PSME1;CALR;B2M;HLA-E
Reactome_2022,IRE1alpha Activates Chaperones R-HSA-381070,3/48,0.0122470965035044,0.090183165162169,0,0,6.685279187817259,29.431716933517144,SERP1;HSPA5;LMNA
Reactome_2022,RHO GTPase Cycle R-HSA-9012999,10/441,0.013577957534174,0.0989833104241287,0,0,2.3652460617902062,10.168920299914292,ITGB1;PRPF38B;CAVIN1;TPM4;DST;CAV1;CDC37;VIM;RHOC;SRRM1
Reactome_2022,Muscle Contraction R-HSA-397014,6/196,0.0141544812924423,0.1021645233880248,0,0,3.192078133478025,13.590987697678283,TPM4;CALD1;AKAP9;VIM;CALM1;MYL9
Reactome_2022,Translocation Of SLC2A4 (GLUT4) To Plasma Membrane R-HSA-1445148,3/51,0.0144285702203611,0.1031218401043461,0,0,6.266497461928934,26.5608314530226,RAB13;CALM1;YWHAZ
Reactome_2022,Apoptotic Execution Phase R-HSA-75153,3/52,0.0152014163710364,0.1048423796830882,0,0,6.1382989744121,25.69717025640832,LMNA;HMGB2;VIM
Reactome_2022,Signaling By Non-Receptor Tyrosine Kinases R-HSA-9006927,3/52,0.0152014163710364,0.1048423796830882,0,0,6.1382989744121,25.69717025640832,SOCS3;GPNMB;STAT3
Reactome_2022,Signaling By PDGF R-HSA-186797,3/52,0.0152014163710364,0.1048423796830882,0,0,6.1382989744121,25.69717025640832,COL6A2;COL6A1;STAT3
Reactome_2022,Transcriptional Regulation By RUNX3 R-HSA-8878159,4/95,0.0152445709827261,0.1048423796830882,0,0,4.4200493384166855,18.491417143603503,BRD2;CDKN1A;MYC;PSME1
Reactome_2022,Potential Therapeutics For SARS R-HSA-9679191,4/97,0.0163398709129806,0.1113249149118029,0,0,4.324555628703094,17.79185795383184,ITGB1;TUBB;ARID4B;NFE2L2
Reactome_2022,Chaperone Mediated Autophagy R-HSA-9613829,2/20,0.0167948882548689,0.1123254453009126,0,0,11.1010101010101,45.36628383483138,PLIN2;PARK7
Reactome_2022,Sema4D Induced Cell Migration And Growth-Cone Collapse R-HSA-416572,2/20,0.0167948882548689,0.1123254453009126,0,0,11.1010101010101,45.36628383483138,RHOC;MYL9
Reactome_2022,ECM Proteoglycans R-HSA-3000178,3/55,0.0176580617409628,0.1159705135960535,0,0,5.783287778211636,23.34460456181631,ITGB1;SPARC;DCN
Reactome_2022,Golgi Associated Vesicle Biogenesis R-HSA-432722,3/55,0.0176580617409628,0.1159705135960535,0,0,5.783287778211636,23.34460456181631,FTH1;AP3S1;FTL
Reactome_2022,Deregulated CDK5 Triggers Neurodegenerative Pathways In Alzheimers Disease Models R-HSA-8862803,2/21,0.0184420232483939,0.1200378120364214,0,0,10.516214779372676,41.9925427496273,JUN;LMNA
Reactome_2022,RHO GTPase Effectors R-HSA-195258,7/269,0.0188395673299646,0.121540217553489,0,0,2.704702764703556,10.742527556039567,ITGB1;PPP1R12A;FLNA;CALM1;RHOC;MYL9;YWHAZ
Reactome_2022,Cytoprotection By HMOX1 R-HSA-9707564,3/57,0.0194114444537247,0.1230516783196988,0,0,5.568527918781726,21.95053825283205,STAT3;TXNIP;NFE2L2
Reactome_2022,NCAM Signaling For Neurite Out-Growth R-HSA-375165,3/57,0.0194114444537247,0.1230516783196988,0,0,5.568527918781726,21.95053825283205,PRNP;COL6A2;COL6A1
Reactome_2022,Neutrophil Degranulation R-HSA-6798695,10/468,0.0196918246335158,0.1237529323951124,0,0,2.222707423580786,8.729798370307766,CST3;DDX3X;FTH1;TUBB;DEGS1;B2M;HSPA1B;CD44;HSPA1A;FTL
Reactome_2022,Insertion Of Tail-Anchored Proteins Into Endoplasmic Reticulum Membrane R-HSA-9609523,2/22,0.0201543754357544,0.1255772623304701,0,0,9.98989898989899,39.00390099361183,PRNP;SERP1
Reactome_2022,Antigen processing-Cross Presentation R-HSA-1236975,4/104,0.0205564585653846,0.1269971041878426,0,0,4.020408163265306,15.617597552926842,PSME1;CALR;B2M;HLA-E
Reactome_2022,Post-chaperonin Tubulin Folding Pathway R-HSA-389977,2/23,0.02193048949736,0.1321266681287229,0,0,9.513708513708512,36.34120010270031,TUBA1A;TUBB
Reactome_2022,RHOBTB1 GTPase Cycle R-HSA-9013422,2/23,0.02193048949736,0.1321266681287229,0,0,9.513708513708512,36.34120010270031,VIM;SRRM1
Reactome_2022,RHOBTB2 GTPase Cycle R-HSA-9013418,2/23,0.02193048949736,0.1321266681287229,0,0,9.513708513708512,36.34120010270031,CDC37;SRRM1
Reactome_2022,Metabolism Of Proteins R-HSA-392499,28/1890,0.0227094494335499,0.1356982675168679,0,0,1.56828116803637,5.935903706837545,TNFAIP3;PARK7;HSP90B1;CST3;TRMT112;SOCS3;LGALS1;TUBA1A;MYC;IGFBP7;APOE;TIMP1;B2M;DDX17;WSB1;IGFBP4;TUBB;STAT3;COMMD6;RAB13;PSME1;SPARCL1;CALR;CALM1;GAS6;MFGE8;SQSTM1;NFE2L2
Reactome_2022,Selective Autophagy R-HSA-9663891,3/61,0.0231968013804758,0.1364374153845135,0,0,5.183441274286714,19.50912983009035,PLIN2;PARK7;SQSTM1
Reactome_2022,Defective Intrinsic Pathway For Apoptosis R-HSA-9734009,2/24,0.0237689324469591,0.1364374153845135,0,0,9.08080808080808,33.956554984338226,JUN;LMNA
Reactome_2022,Sema4D In Semaphorin Signaling R-HSA-400685,2/24,0.0237689324469591,0.1364374153845135,0,0,9.08080808080808,33.956554984338226,RHOC;MYL9
Reactome_2022,Growth Hormone Receptor Signaling R-HSA-982772,2/24,0.0237689324469591,0.1364374153845135,0,0,9.08080808080808,33.956554984338226,SOCS3;STAT3
Reactome_2022,Interleukin-6 Family Signaling R-HSA-6783589,2/24,0.0237689324469591,0.1364374153845135,0,0,9.08080808080808,33.956554984338226,SOCS3;STAT3
Reactome_2022,Signaling By BRAF And RAF1 Fusions R-HSA-6802952,3/62,0.0242012368323431,0.1378336066467043,0,0,5.095328228512432,18.96150754157799,AKAP9;LMNA;CALM1
Reactome_2022,Basigin Interactions R-HSA-210991,2/25,0.0256682933201663,0.1439398910030866,0,0,8.685551163812033,31.810820468950148,ITGB1;CAV1
Reactome_2022,Inactivation Of CSF3 (G-CSF) Signaling R-HSA-9705462,2/25,0.0256682933201663,0.1439398910030866,0,0,8.685551163812033,31.810820468950148,SOCS3;STAT3
Reactome_2022,Semaphorin Interactions R-HSA-373755,3/64,0.0262797663190797,0.1462438904321306,0,0,4.927768993925272,17.931934435559224,ITGB1;RHOC;MYL9
Reactome_2022,Vesicle-mediated Transport R-HSA-5653656,12/637,0.0269021901412515,0.1485734591891845,0,0,1.9582978723404256,7.080319128947813,COL1A1;COL1A2;SPARC;FTH1;RAB13;APOE;CALR;AP3S1;CALM1;YWHAZ;HSP90B1;FTL
Reactome_2022,Signaling By ALK R-HSA-201556,2/26,0.0276271829006745,0.1491867876636423,0,0,8.323232323232324,29.871707121892776,MYC;STAT3
Reactome_2022,Formation Of Tubulin Folding Intermediates By CCT/TriC R-HSA-389960,2/26,0.0276271829006745,0.1491867876636423,0,0,8.323232323232324,29.871707121892776,TUBA1A;TUBB
Reactome_2022,Interleukin-20 Family Signaling R-HSA-8854691,2/26,0.0276271829006745,0.1491867876636423,0,0,8.323232323232324,29.871707121892776,SOCS3;STAT3
Reactome_2022,ATF4 Activates Genes In Response To Endoplasmic Reticulum Stress R-HSA-380994,2/27,0.0296442334084981,0.1575385664098996,0,0,7.98989898989899,28.11236101024157,CCL2;ATF4
Reactome_2022,VEGFR2 Mediated Vascular Permeability R-HSA-5218920,2/27,0.0296442334084981,0.1575385664098996,0,0,7.98989898989899,28.11236101024157,CAV1;CALM1
Reactome_2022,Generic Transcription Pathway R-HSA-212436,19/1190,0.0298221154520797,0.1575385664098996,0,0,1.669966171426415,5.86576457948342,KMT2E;BRD2;JUN;CDKN1A;BTG1;CAV1;DEK;FOS;YWHAZ;COL1A1;SOCS3;COL1A2;MYC;DDIT4;PSME1;TXNIP;APOE;CALM1;MYL9
Reactome_2022,Prefoldin Mediated Transfer Of Substrate To CCT/TriC R-HSA-389957,2/28,0.0317180982356202,0.163670904060982,0,0,7.682206682206682,26.51027997028578,TUBA1A;TUBB
Reactome_2022,DAP12 Signaling R-HSA-2424491,2/28,0.0317180982356202,0.163670904060982,0,0,7.682206682206682,26.51027997028578,B2M;HLA-E
Reactome_2022,RHOB GTPase Cycle R-HSA-9013026,3/69,0.0318810265797797,0.163670904060982,0,0,4.553299492385787,15.689505426965288,PRPF38B;CAVIN1;CAV1
Reactome_2022,Loss Of Nlp From Mitotic Centrosomes R-HSA-380259,3/69,0.0318810265797797,0.163670904060982,0,0,4.553299492385787,15.689505426965288,TUBA1A;TUBB;AKAP9
Reactome_2022,Neddylation R-HSA-8951664,6/237,0.0322281906616632,0.164296160785682,0,0,2.620029455081001,8.999575130077547,SOCS3;WSB1;PSME1;COMMD6;SQSTM1;NFE2L2
Reactome_2022,SARS-CoV Infections R-HSA-9679506,8/369,0.032614495995171,0.1651108859755536,0,0,2.24365189289012,7.680016900129762,ITGB1;TUBB;CAV1;ARID4B;B2M;YWHAZ;HLA-E;NFE2L2
Reactome_2022,Adaptive Immune System R-HSA-1280218,13/733,0.033194551551402,0.1668884695239455,0,0,1.8422459893048129,6.27352835215678,ITGB1;MYLIP;WSB1;HSPA5;YWHAZ;HLA-E;SOCS3;PSME1;REL;CALR;CALM1;B2M;CD99
Reactome_2022,FCERI Mediated MAPK Activation R-HSA-2871796,2/29,0.0338474516440146,0.1690054263594976,0,0,7.397306397306397,25.046477343523872,JUN;FOS
Reactome_2022,trans-Golgi Network Vesicle Budding R-HSA-199992,3/71,0.0342825169101805,0.1700132981464054,0,0,4.418931024186325,14.905583581524706,FTH1;AP3S1;FTL
Reactome_2022,Immunoregulatory Interactions Between A Lymphoid And A non-Lymphoid Cell R-HSA-198933,4/123,0.0351336225048488,0.1728065171972052,0,0,3.375235808609158,11.30230349342956,ITGB1;B2M;CD99;HLA-E
Reactome_2022,AURKA Activation By TPX2 R-HSA-8854518,3/72,0.0355175071354049,0.1728065171972052,0,0,4.354667843743103,14.534703522115317,TUBA1A;TUBB;AKAP9
Reactome_2022,RNA Polymerase I Transcription Termination R-HSA-73863,2/30,0.0360309884965366,0.1728065171972052,0,0,7.132756132756133,23.70482996930019,CAVIN1;POLR1D
Reactome_2022,Signaling By CSF3 (G-CSF) R-HSA-9674555,2/30,0.0360309884965366,0.1728065171972052,0,0,7.132756132756133,23.70482996930019,SOCS3;STAT3
Reactome_2022,MAPK Targets/ Nuclear Events Mediated By MAP Kinases R-HSA-450282,2/30,0.0360309884965366,0.1728065171972052,0,0,7.132756132756133,23.70482996930019,JUN;FOS
Reactome_2022,RHOC GTPase Cycle R-HSA-9013106,3/73,0.0367752254746638,0.1741268222754132,0,0,4.292240754169688,14.17697453700434,CAVIN1;CAV1;RHOC
Reactome_2022,Class I MHC Mediated Antigen Processing And Presentation R-HSA-983169,8/378,0.0367839926343122,0.1741268222754132,0,0,2.188063063063063,7.226499492418168,SOCS3;MYLIP;WSB1;HSPA5;PSME1;CALR;B2M;HLA-E
Reactome_2022,Sealing Of Nuclear Envelope (NE) By ESCRT-III R-HSA-9668328,2/31,0.0382674239788824,0.1788266159013158,0,0,6.886450714036921,22.47156498788087,TUBA1A;TUBB
Reactome_2022,Late Endosomal Microautophagy R-HSA-9615710,2/31,0.0382674239788824,0.1788266159013158,0,0,6.886450714036921,22.47156498788087,PLIN2;PARK7
Reactome_2022,Nuclear Envelope (NE) Reassembly R-HSA-2995410,3/75,0.0393585070908985,0.1827538322883124,0,0,4.1725888324873095,13.498504866555718,TUBA1A;TUBB;LMNA
Reactome_2022,Nuclear Signaling By ERBB4 R-HSA-1251985,2/32,0.0405554933220173,0.187119966023738,0,0,6.656565656565657,21.334852328849312,SPARC;APOE
Reactome_2022,Fc Epsilon Receptor (FCERI) Signaling R-HSA-2454202,4/130,0.0416931251530952,0.1911590455132482,0,0,3.186588921282799,10.125128273545416,JUN;PSME1;FOS;CALM1
Reactome_2022,Cooperation Of Prefoldin And TriC/CCT In Actin And Tubulin Folding R-HSA-389958,2/33,0.0428939515536669,0.1942216812585293,0,0,6.4415118931247966,20.28447846195992,TUBA1A;TUBB
Reactome_2022,Striated Muscle Contraction R-HSA-390522,2/33,0.0428939515536669,0.1942216812585293,0,0,6.4415118931247966,20.28447846195992,TPM4;VIM
Reactome_2022,Oncogenic MAPK Signaling R-HSA-6802957,3/78,0.0434016299293596,0.1953073346821184,0,0,4.00507614213198,12.564958299367063,AKAP9;LMNA;CALM1
Reactome_2022,Downstream Signaling Events Of B Cell Receptor (BCR) R-HSA-1168372,3/79,0.044793779119631,0.2003353679644847,0,0,3.952177397809244,12.274222046062532,PSME1;REL;CALM1
Reactome_2022,Recruitment Of NuMA To Mitotic Centrosomes R-HSA-380320,3/80,0.0462079634844281,0.205400032805781,0,0,3.90065264684554,11.99295882125826,TUBA1A;TUBB;AKAP9
Reactome_2022,Centrosome Maturation R-HSA-380287,3/81,0.047644064808467,0.2069094174608149,0,0,3.850449043342445,11.720756163276285,TUBA1A;TUBB;AKAP9
Reactome_2022,Plasma Lipoprotein Clearance R-HSA-8964043,2/35,0.0477171520360592,0.2069094174608149,0,0,6.05050505050505,18.408446001894514,MYLIP;APOE
Reactome_2022,Negative Regulators Of DDX58/IFIH1 Signaling R-HSA-936440,2/35,0.0477171520360592,0.2069094174608149,0,0,6.05050505050505,18.408446001894514,PCBP2;TNFAIP3
Reactome_2022,Chylomicron Clearance R-HSA-8964026,1/5,0.049014519870416,0.2069094174608149,0,0,24.86934673366834,74.99696447567176,APOE
Reactome_2022,Regulation Of HMOX1 Expression And Activity R-HSA-9707587,1/5,0.049014519870416,0.2069094174608149,0,0,24.86934673366834,74.99696447567176,NFE2L2
Reactome_2022,MET Interacts With TNS Proteins R-HSA-8875513,1/5,0.049014519870416,0.2069094174608149,0,0,24.86934673366834,74.99696447567176,ITGB1
Reactome_2022,NOSTRIN Mediated eNOS Trafficking R-HSA-203641,1/5,0.049014519870416,0.2069094174608149,0,0,24.86934673366834,74.99696447567176,CAV1
Reactome_2022,NR1H2 And NR1H3 Regulate Gene Expression To Limit Cholesterol Uptake R-HSA-9031525,1/5,0.049014519870416,0.2069094174608149,0,0,24.86934673366834,74.99696447567176,MYLIP
Reactome_2022,Cyclin E Associated Events During G1/S Transition R-HSA-69202,3/82,0.049101960522251,0.2069094174608149,0,0,3.801516417143224,11.457224263457675,CDKN1A;MYC;PSME1
Reactome_2022,SMAD2/SMAD3:SMAD4 Heterotrimer Regulates Transcription R-HSA-2173796,2/36,0.0501995008461569,0.2103185983726919,0,0,5.872251931075461,17.568310863627904,COL1A2;MYC
Reactome_2022,Cyclin A:Cdk2-associated Events At S Phase Entry R-HSA-69656,3/84,0.0520826238943719,0.2169613303942694,0,0,3.707275803722504,10.954717877625804,CDKN1A;MYC;PSME1
Reactome_2022,RHOV GTPase Cycle R-HSA-9013424,2/37,0.0527274511453542,0.218399499346382,0,0,5.704184704184704,16.785242657704043,DST;TPM4
Reactome_2022,Cell Junction Organization R-HSA-446728,3/86,0.055148891178145,0.2252156021442027,0,0,3.617576906611216,10.482720030479646,ITGB1;DST;FLNA
Reactome_2022,Apoptotic Cleavage Of Cellular Proteins R-HSA-111465,2/38,0.0552998529270401,0.2252156021442027,0,0,5.545454545454546,16.054007893661755,LMNA;VIM
Reactome_2022,Diseases Of Mitotic Cell Cycle R-HSA-9675126,2/38,0.0552998529270401,0.2252156021442027,0,0,5.545454545454546,16.054007893661755,CDKN1A;ATRX
Reactome_2022,PTK6 Promotes HIF1A Stabilization R-HSA-8857538,1/6,0.0585267307609904,0.2318803626345761,0,0,19.894472361809044,56.46591775214154,GPNMB
Reactome_2022,Classical Antibody-Mediated Complement Activation R-HSA-173623,1/6,0.0585267307609904,0.2318803626345761,0,0,19.894472361809044,56.46591775214154,C1R
Reactome_2022,Scavenging By Class F Receptors R-HSA-3000484,1/6,0.0585267307609904,0.2318803626345761,0,0,19.894472361809044,56.46591775214154,CALR
Reactome_2022,Fibronectin Matrix Formation R-HSA-1566977,1/6,0.0585267307609904,0.2318803626345761,0,0,19.894472361809044,56.46591775214154,ITGB1
Reactome_2022,Virus Assembly And Release R-HSA-168268,1/6,0.0585267307609904,0.2318803626345761,0,0,19.894472361809044,56.46591775214154,CALR
Reactome_2022,Infectious Disease R-HSA-5663205,15/961,0.0590496816205146,0.2326876643316498,0,0,1.6159648020113135,4.572172234574252,ITGB1;JUN;CEBPD;TUBB;CAV1;ARID4B;YWHAZ;HLA-E;PSME1;TXNIP;CALR;CALM1;B2M;HSPA1A;NFE2L2
Reactome_2022,Chaperonin-mediated Protein Folding R-HSA-390466,3/90,0.0615336873024211,0.2411723550723924,0,0,3.450551374059163,9.62072552614985,TUBA1A;TUBB;STAT3
Reactome_2022,Signaling By TGF-beta Receptor Complex R-HSA-170834,3/91,0.063181565752201,0.2453493675269936,0,0,3.411167512690356,9.420766981809484,ITGB1;COL1A2;MYC
Reactome_2022,Carboxyterminal Post-Translational Modifications Of Tubulin R-HSA-8955332,2/41,0.0632725392250683,0.2453493675269936,0,0,5.118104118104118,14.127522570834804,TUBA1A;TUBB
Reactome_2022,RND1 GTPase Cycle R-HSA-9696273,2/42,0.0660116079502312,0.2532761168195713,0,0,4.98989898989899,13.5621695873434,DST;CAV1
Reactome_2022,RND3 GTPase Cycle R-HSA-9696264,2/42,0.0660116079502312,0.2532761168195713,0,0,4.98989898989899,13.5621695873434,DST;CAV1
Reactome_2022,Activation Of RAC1 Downstream Of NMDARs R-HSA-9619229,1/7,0.0679442688885301,0.2558553699057057,0,0,16.57788944723618,44.57906348265406,CALM1
Reactome_2022,RUNX3 Regulates CDKN1A Transcription R-HSA-8941855,1/7,0.0679442688885301,0.2558553699057057,0,0,16.57788944723618,44.57906348265406,CDKN1A
Reactome_2022,Modulation By Mtb Of Host Immune System R-HSA-9637628,1/7,0.0679442688885301,0.2558553699057057,0,0,16.57788944723618,44.57906348265406,B2M
Reactome_2022,RND2 GTPase Cycle R-HSA-9696270,2/43,0.0687896467784887,0.2558553699057057,0,0,4.867947770386794,13.030045670347697,DST;CAV1
Reactome_2022,DAP12 Interactions R-HSA-2172127,2/43,0.0687896467784887,0.2558553699057057,0,0,4.867947770386794,13.030045670347697,B2M;HLA-E
Reactome_2022,SUMOylation Of Transcription Cofactors R-HSA-3899300,2/43,0.0687896467784887,0.2558553699057057,0,0,4.867947770386794,13.030045670347697,DDX17;PARK7
Reactome_2022,Protein Folding R-HSA-391251,3/96,0.0717230639353225,0.2654117442073612,0,0,3.2269526772556083,8.502836079014903,TUBA1A;TUBB;STAT3
Reactome_2022,Anchoring Of Basal Body To Plasma Membrane R-HSA-5620912,3/97,0.0734906143235922,0.2703084582381725,0,0,3.1924613889188898,8.33423196719981,TUBA1A;TUBB;AKAP9
Reactome_2022,Regulation Of Complement Cascade R-HSA-977606,2/45,0.0744584746361064,0.2703084582381725,0,0,4.641061780596664,12.055221541075596,C1R;SERPING1
Reactome_2022,Binding Of TCF/LEF:CTNNB1 To Target Gene Promoters R-HSA-4411364,1/8,0.0772680713380291,0.2703084582381725,0,0,14.208901651112706,36.38152974515558,MYC
Reactome_2022,CREB1 Phosphorylation Thru Activation Of CaMKII/CaMKK/CaMKIV Cascasde R-HSA-442729,1/8,0.0772680713380291,0.2703084582381725,0,0,14.208901651112706,36.38152974515558,CALM1
Reactome_2022,RUNX1 Regulates Transcription Of Genes Involved In Differentiation Of Keratinocytes R-HSA-8939242,1/8,0.0772680713380291,0.2703084582381725,0,0,14.208901651112706,36.38152974515558,SOCS3
Reactome_2022,RUNX3 Regulates WNT Signaling R-HSA-8951430,1/8,0.0772680713380291,0.2703084582381725,0,0,14.208901651112706,36.38152974515558,MYC
Reactome_2022,"Defective CHST14 Causes EDS, Musculocontractural Type R-HSA-3595174",1/8,0.0772680713380291,0.2703084582381725,0,0,14.208901651112706,36.38152974515558,DCN
Reactome_2022,Defective CHST3 Causes SEDCJD R-HSA-3595172,1/8,0.0772680713380291,0.2703084582381725,0,0,14.208901651112706,36.38152974515558,DCN
Reactome_2022,Defective CHSY1 Causes TPBS R-HSA-3595177,1/8,0.0772680713380291,0.2703084582381725,0,0,14.208901651112706,36.38152974515558,DCN
Reactome_2022,XBP1(S) Activates Chaperone Genes R-HSA-381038,2/46,0.0773472253700272,0.2703084582381725,0,0,4.535353535353536,11.608013208044897,SERP1;LMNA
Reactome_2022,NR1H2 And NR1H3-mediated Signaling R-HSA-9024446,2/46,0.0773472253700272,0.2703084582381725,0,0,4.535353535353536,11.608013208044897,MYLIP;APOE
Reactome_2022,Axon Guidance R-HSA-422475,9/519,0.0774958405648533,0.2703084582381725,0,0,1.782260548198337,4.558186627391743,ITGB1;PRNP;COL6A2;COL6A1;PSME1;MSN;RNPS1;RHOC;MYL9
Reactome_2022,mRNA Splicing - Minor Pathway R-HSA-72165,2/49,0.0862189382580095,0.281508121231056,0,0,4.24521813883516,10.404458354124063,SRSF2;SRSF7
Reactome_2022,OAS Antiviral Response R-HSA-8983711,1/9,0.0864990660572792,0.281508121231056,0,0,12.4321608040201,30.429226090981548,FLNA
Reactome_2022,Activation Of Ca-permeable Kainate Receptor R-HSA-451308,1/9,0.0864990660572792,0.281508121231056,0,0,12.4321608040201,30.429226090981548,CALM1
Reactome_2022,Phase 3 - Rapid Repolarisation R-HSA-5576890,1/9,0.0864990660572792,0.281508121231056,0,0,12.4321608040201,30.429226090981548,AKAP9
Reactome_2022,BH3-only Proteins Associate With And Inactivate Anti-Apoptotic BCL-2 Members R-HSA-111453,1/9,0.0864990660572792,0.281508121231056,0,0,12.4321608040201,30.429226090981548,STAT3
Reactome_2022,RHO GTPases Activate Rhotekin And Rhophilins R-HSA-5666185,1/9,0.0864990660572792,0.281508121231056,0,0,12.4321608040201,30.429226090981548,RHOC
Reactome_2022,CHL1 Interactions R-HSA-447041,1/9,0.0864990660572792,0.281508121231056,0,0,12.4321608040201,30.429226090981548,ITGB1
Reactome_2022,Calcineurin Activates NFAT R-HSA-2025928,1/9,0.0864990660572792,0.281508121231056,0,0,12.4321608040201,30.429226090981548,CALM1
Reactome_2022,Chylomicron Assembly R-HSA-8963888,1/9,0.0864990660572792,0.281508121231056,0,0,12.4321608040201,30.429226090981548,APOE
Reactome_2022,Chylomicron Remodeling R-HSA-8963901,1/9,0.0864990660572792,0.281508121231056,0,0,12.4321608040201,30.429226090981548,APOE
Reactome_2022,Transport Of Gamma-Carboxylated Protein Precursors From Endoplasmic Reticulum To Golgi Apparatus R-HSA-159763,1/9,0.0864990660572792,0.281508121231056,0,0,12.4321608040201,30.429226090981548,GAS6
Reactome_2022,Type I Hemidesmosome Assembly R-HSA-446107,1/9,0.0864990660572792,0.281508121231056,0,0,12.4321608040201,30.429226090981548,DST
Reactome_2022,Interleukin-23 Signaling R-HSA-9020933,1/9,0.0864990660572792,0.281508121231056,0,0,12.4321608040201,30.429226090981548,STAT3
Reactome_2022,Interleukin-9 Signaling R-HSA-8985947,1/9,0.0864990660572792,0.281508121231056,0,0,12.4321608040201,30.429226090981548,STAT3
Reactome_2022,Lipophagy R-HSA-9613354,1/9,0.0864990660572792,0.281508121231056,0,0,12.4321608040201,30.429226090981548,PLIN2
Reactome_2022,GSK3B And BTRC:CUL1-mediated-degradation Of NFE2L2 R-HSA-9762114,2/51,0.0922950442929787,0.2884748142520548,0,0,4.071531642960214,9.7015024039535,PSME1;NFE2L2
Reactome_2022,Transcriptional Activity Of SMAD2/SMAD3:SMAD4 Heterotrimer R-HSA-2173793,2/51,0.0922950442929787,0.2884748142520548,0,0,4.071531642960214,9.7015024039535,COL1A2;MYC
Reactome_2022,Acetylcholine Regulates Insulin Secretion R-HSA-399997,1/10,0.0956381720564831,0.2884748142520548,0,0,11.050251256281408,25.93696464958489,MARCKS
Reactome_2022,Activation Of AMPK Downstream Of NMDARs R-HSA-9619483,1/10,0.0956381720564831,0.2884748142520548,0,0,11.050251256281408,25.93696464958489,CALM1
Reactome_2022,CaMK IV-mediated Phosphorylation Of CREB R-HSA-111932,1/10,0.0956381720564831,0.2884748142520548,0,0,11.050251256281408,25.93696464958489,CALM1
Reactome_2022,RUNX3 Regulates p14-ARF R-HSA-8951936,1/10,0.0956381720564831,0.2884748142520548,0,0,11.050251256281408,25.93696464958489,BRD2
Reactome_2022,Regulation Of FOXO Transcriptional Activity By Acetylation R-HSA-9617629,1/10,0.0956381720564831,0.2884748142520548,0,0,11.050251256281408,25.93696464958489,TXNIP
Reactome_2022,Constitutive Signaling By Overexpressed ERBB2 R-HSA-9634285,1/10,0.0956381720564831,0.2884748142520548,0,0,11.050251256281408,25.93696464958489,CDC37
Reactome_2022,Removal Of Aminoterminal Propeptides From Gamma-Carboxylated Proteins R-HSA-159782,1/10,0.0956381720564831,0.2884748142520548,0,0,11.050251256281408,25.93696464958489,GAS6
Reactome_2022,STAT3 Nuclear Events Downstream Of ALK Signaling R-HSA-9701898,1/10,0.0956381720564831,0.2884748142520548,0,0,11.050251256281408,25.93696464958489,STAT3
Reactome_2022,STAT5 Activation Downstream Of FLT3 ITD Mutants R-HSA-9702518,1/10,0.0956381720564831,0.2884748142520548,0,0,11.050251256281408,25.93696464958489,CDKN1A
Reactome_2022,Sodium/Calcium Exchangers R-HSA-425561,1/10,0.0956381720564831,0.2884748142520548,0,0,11.050251256281408,25.93696464958489,CALM1
Reactome_2022,Gamma-carboxylation Of Protein Precursors R-HSA-159740,1/10,0.0956381720564831,0.2884748142520548,0,0,11.050251256281408,25.93696464958489,GAS6
Reactome_2022,"Tetrahydrobiopterin (BH4) Synthesis, Recycling, Salvage And Regulation R-HSA-1474151",1/10,0.0956381720564831,0.2884748142520548,0,0,11.050251256281408,25.93696464958489,CALM1
Reactome_2022,HDL Remodeling R-HSA-8964058,1/10,0.0956381720564831,0.2884748142520548,0,0,11.050251256281408,25.93696464958489,APOE
Reactome_2022,Interleukin-21 Signaling R-HSA-9020958,1/10,0.0956381720564831,0.2884748142520548,0,0,11.050251256281408,25.93696464958489,STAT3
Reactome_2022,Nef Mediated Downregulation Of MHC Class I Complex Cell Surface Expression R-HSA-164940,1/10,0.0956381720564831,0.2884748142520548,0,0,11.050251256281408,25.93696464958489,B2M
Reactome_2022,Degradation Of Extracellular Matrix R-HSA-1474228,3/109,0.0961582714173515,0.2884748142520548,0,0,2.829326692845513,6.625603466421482,TIMP1;DCN;CD44
Reactome_2022,Signaling By B Cell Receptor (BCR) R-HSA-983705,3/109,0.0961582714173515,0.2884748142520548,0,0,2.829326692845513,6.625603466421482,PSME1;REL;CALM1
Reactome_2022,Nervous System Development R-HSA-9675108,9/545,0.0974546834742733,0.2893965631212525,0,0,1.6935219191998123,3.943141894934583,ITGB1;PRNP;COL6A2;COL6A1;PSME1;MSN;RNPS1;RHOC;MYL9
Reactome_2022,"Nucleotide-binding Domain, Leucine Rich Repeat Containing NLR Signaling Pathways R-HSA-168643",2/53,0.0984917971521169,0.2893965631212525,0,0,3.9114676173499694,9.065929283683165,TNFAIP3;TXNIP
Reactome_2022,Negative Regulation Of NOTCH4 Signaling R-HSA-9604323,2/53,0.0984917971521169,0.2893965631212525,0,0,3.9114676173499694,9.065929283683165,PSME1;YWHAZ
Reactome_2022,MAPK Family Signaling Cascades R-HSA-5683057,6/318,0.100456294876664,0.2893965631212525,0,0,1.9318001586042823,4.43933959225172,DNAJB1;JUN;MYC;PSME1;CALM1;SEPTIN7
Reactome_2022,AUF1 (hnRNP D0) Binds And Destabilizes mRNA R-HSA-450408,2/54,0.1016331727713355,0.2893965631212525,0,0,3.836052836052836,8.77069478933889,PSME1;HSPA1A
Reactome_2022,Interleukin-12 Family Signaling R-HSA-447115,2/54,0.1016331727713355,0.2893965631212525,0,0,3.836052836052836,8.77069478933889,STAT3;MSN
Reactome_2022,Pexophagy R-HSA-9664873,1/11,0.1046862992439068,0.2893965631212525,0,0,9.944723618090451,22.4431232477853,SQSTM1
Reactome_2022,RHO GTPases Activate IQGAPs R-HSA-5626467,1/11,0.1046862992439068,0.2893965631212525,0,0,9.944723618090451,22.4431232477853,CALM1
Reactome_2022,CLEC7A (Dectin-1) Induces NFAT Activation R-HSA-5607763,1/11,0.1046862992439068,0.2893965631212525,0,0,9.944723618090451,22.4431232477853,CALM1
Reactome_2022,Reduction Of Cytosolic Ca++ Levels R-HSA-418359,1/11,0.1046862992439068,0.2893965631212525,0,0,9.944723618090451,22.4431232477853,CALM1
Reactome_2022,Dermatan Sulfate Biosynthesis R-HSA-2022923,1/11,0.1046862992439068,0.2893965631212525,0,0,9.944723618090451,22.4431232477853,DCN
Reactome_2022,Ethanol Oxidation R-HSA-71384,1/11,0.1046862992439068,0.2893965631212525,0,0,9.944723618090451,22.4431232477853,ADH5
Reactome_2022,Signaling By PDGFRA Extracellular Domain Mutants R-HSA-9673770,1/11,0.1046862992439068,0.2893965631212525,0,0,9.944723618090451,22.4431232477853,STAT3
Reactome_2022,"Gamma-carboxylation, Transport, And Amino-Terminal Cleavage Of Proteins R-HSA-159854",1/11,0.1046862992439068,0.2893965631212525,0,0,9.944723618090451,22.4431232477853,GAS6
Reactome_2022,Uptake And Function Of Anthrax Toxins R-HSA-5210891,1/11,0.1046862992439068,0.2893965631212525,0,0,9.944723618090451,22.4431232477853,CALM1
Reactome_2022,Interleukin-27 Signaling R-HSA-9020956,1/11,0.1046862992439068,0.2893965631212525,0,0,9.944723618090451,22.4431232477853,STAT3
Reactome_2022,Killing Mechanisms R-HSA-9664420,1/11,0.1046862992439068,0.2893965631212525,0,0,9.944723618090451,22.4431232477853,JUN
Reactome_2022,Metallothioneins Bind Metals R-HSA-5661231,1/11,0.1046862992439068,0.2893965631212525,0,0,9.944723618090451,22.4431232477853,MT2A
Reactome_2022,NOTCH4 Activation And Transmission Of Signal To Nucleus R-HSA-9013700,1/11,0.1046862992439068,0.2893965631212525,0,0,9.944723618090451,22.4431232477853,YWHAZ
Reactome_2022,Complement Cascade R-HSA-166658,2/55,0.1048020475500832,0.2893965631212525,0,0,3.763483895559368,8.489222766072233,C1R;SERPING1
Reactome_2022,Intrinsic Pathway For Apoptosis R-HSA-109606,2/55,0.1048020475500832,0.2893965631212525,0,0,3.763483895559368,8.489222766072233,STAT3;YWHAZ
Reactome_2022,Macroautophagy R-HSA-1632852,3/114,0.1063487931507688,0.2925595102147565,0,0,2.7011935793661683,6.0534587787747896,PLIN2;PARK7;SQSTM1
Reactome_2022,Epigenetic Regulation Of Gene Expression R-HSA-212165,3/116,0.1105391091889974,0.3001693123419527,0,0,2.6531153137774584,5.843183735135943,POLR1D;ARID4B;DEK
Reactome_2022,Signaling By ERBB4 R-HSA-1236394,2/57,0.111218880351375,0.3001693123419527,0,0,3.6262626262626254,7.964197874788815,SPARC;APOE
Reactome_2022,"POU5F1 (OCT4), SOX2, NANOG Activate Genes Related To Proliferation R-HSA-2892247",1/12,0.1136443487055952,0.3001693123419527,0,0,9.040201005025123,19.659557478207127,STAT3
Reactome_2022,Platelet Adhesion To Exposed Collagen R-HSA-75892,1/12,0.1136443487055952,0.3001693123419527,0,0,9.040201005025123,19.659557478207127,ITGB1
Reactome_2022,CREB1 Phosphorylation Thru Activation Of Adenylate Cyclase R-HSA-442720,1/12,0.1136443487055952,0.3001693123419527,0,0,9.040201005025123,19.659557478207127,CALM1
Reactome_2022,Caspase-mediated Cleavage Of Cytoskeletal Proteins R-HSA-264870,1/12,0.1136443487055952,0.3001693123419527,0,0,9.040201005025123,19.659557478207127,VIM
Reactome_2022,Regulation Of Localization Of FOXO Transcription Factors R-HSA-9614399,1/12,0.1136443487055952,0.3001693123419527,0,0,9.040201005025123,19.659557478207127,YWHAZ
Reactome_2022,Disorders Of Developmental Biology R-HSA-9675151,1/12,0.1136443487055952,0.3001693123419527,0,0,9.040201005025123,19.659557478207127,CALM1
Reactome_2022,Glutathione Synthesis And Recycling R-HSA-174403,1/12,0.1136443487055952,0.3001693123419527,0,0,9.040201005025123,19.659557478207127,PRNP
Reactome_2022,Hyaluronan Uptake And Degradation R-HSA-2160916,1/12,0.1136443487055952,0.3001693123419527,0,0,9.040201005025123,19.659557478207127,CD44
Reactome_2022,Interleukin-35 Signaling R-HSA-8984722,1/12,0.1136443487055952,0.3001693123419527,0,0,9.040201005025123,19.659557478207127,STAT3
Reactome_2022,Signaling By TGFB Family Members R-HSA-9006936,3/119,0.1169417814626649,0.3043590724262557,0,0,2.584106423945388,5.545696691343623,ITGB1;COL1A2;MYC
Reactome_2022,Transcriptional Regulation By RUNX2 R-HSA-8878166,3/119,0.1169417814626649,0.3043590724262557,0,0,2.584106423945388,5.545696691343623,COL1A1;CDKN1A;PSME1
Reactome_2022,B-WICH Complex Positively Regulates rRNA Expression R-HSA-5250924,2/59,0.1177356082636544,0.3043590724262557,0,0,3.4986709197235517,7.484754897547597,POLR1D;DEK
Reactome_2022,SCF(Skp2)-mediated Degradation Of P27/P21 R-HSA-187577,2/59,0.1177356082636544,0.3043590724262557,0,0,3.4986709197235517,7.484754897547597,CDKN1A;PSME1
Reactome_2022,Role Of GTSE1 In G2/M Progression After G2 Checkpoint R-HSA-8852276,2/59,0.1177356082636544,0.3043590724262557,0,0,3.4986709197235517,7.484754897547597,CDKN1A;PSME1
Reactome_2022,Iron Uptake And Transport R-HSA-917937,2/59,0.1177356082636544,0.3043590724262557,0,0,3.4986709197235517,7.484754897547597,FTH1;FTL
Reactome_2022,Cell-Cell Communication R-HSA-1500931,3/120,0.1191064405928344,0.3058634657303039,0,0,2.561889886762984,5.451029764221877,ITGB1;DST;FLNA
Reactome_2022,Developmental Biology R-HSA-1266738,15/1073,0.1198335031492332,0.3058634657303039,0,0,1.4363153323455782,3.0473612592805277,ITGB1;PRNP;JUN;CDKN1A;CEBPD;STAT3;MSN;DEK;RHOC;MYC;COL6A2;COL6A1;PSME1;RNPS1;MYL9
Reactome_2022,Cell Cycle R-HSA-1640170,10/654,0.1214078308406734,0.3058634657303039,0,0,1.5655442955214125,3.301106541824958,CDKN1A;TUBA1A;PPP1R12A;MYC;TUBB;AKAP9;LMNA;ATRX;PSME1;YWHAZ
Reactome_2022,Apoptosis Induced DNA Fragmentation R-HSA-140342,1/13,0.1225132126107664,0.3058634657303039,0,0,8.28643216080402,17.397665920944878,HMGB2
Reactome_2022,Chk1/Chk2(Cds1) Mediated Inactivation Of Cyclin B:Cdk1 Complex R-HSA-75035,1/13,0.1225132126107664,0.3058634657303039,0,0,8.28643216080402,17.397665920944878,YWHAZ
Reactome_2022,TNFR1-induced Proapoptotic Signaling R-HSA-5357786,1/13,0.1225132126107664,0.3058634657303039,0,0,8.28643216080402,17.397665920944878,TNFAIP3
Reactome_2022,Trafficking And Processing Of Endosomal TLR R-HSA-1679131,1/13,0.1225132126107664,0.3058634657303039,0,0,8.28643216080402,17.397665920944878,HSP90B1
Reactome_2022,IRF3-mediated Induction Of Type I IFN R-HSA-3270619,1/13,0.1225132126107664,0.3058634657303039,0,0,8.28643216080402,17.397665920944878,IFI16
Reactome_2022,p75NTR Recruits Signaling Complexes R-HSA-209543,1/13,0.1225132126107664,0.3058634657303039,0,0,8.28643216080402,17.397665920944878,SQSTM1
Reactome_2022,NF-kB Is Activated And Signals Survival R-HSA-209560,1/13,0.1225132126107664,0.3058634657303039,0,0,8.28643216080402,17.397665920944878,SQSTM1
Reactome_2022,Ca2+ Pathway R-HSA-4086398,2/61,0.1243457655234195,0.3083267451243975,0,0,3.379729498373566,7.045685456427677,MYC;CALM1
Reactome_2022,Regulation Of PTEN Gene Transcription R-HSA-8943724,2/61,0.1243457655234195,0.3083267451243975,0,0,3.379729498373566,7.045685456427677,EGR1;JUN
Reactome_2022,TP53 Regulates Transcription Of DNA Repair Genes R-HSA-6796648,2/62,0.1276839186856092,0.3097513317869975,0,0,3.323232323232323,6.839868307696459,JUN;FOS
Reactome_2022,MAP Kinase Activation R-HSA-450294,2/62,0.1276839186856092,0.3097513317869975,0,0,3.323232323232323,6.839868307696459,JUN;FOS
Reactome_2022,Cytosolic Sensors Of Pathogen-Associated DNA R-HSA-1834949,2/63,0.1310431018295034,0.3097513317869975,0,0,3.2685875144891536,6.642518297732,IFI16;POLR1D
Reactome_2022,Signaling By MET R-HSA-6806834,2/63,0.1310431018295034,0.3097513317869975,0,0,3.2685875144891536,6.642518297732,ITGB1;STAT3
Reactome_2022,AKT Phosphorylates Targets In Cytosol R-HSA-198323,1/14,0.1312937743788508,0.3097513317869975,0,0,7.648627754155393,15.529145947074284,CDKN1A
Reactome_2022,CS/DS Degradation R-HSA-2024101,1/14,0.1312937743788508,0.3097513317869975,0,0,7.648627754155393,15.529145947074284,DCN
Reactome_2022,Regulation Of IFNG Signaling R-HSA-877312,1/14,0.1312937743788508,0.3097513317869975,0,0,7.648627754155393,15.529145947074284,SOCS3
Reactome_2022,Constitutive Signaling By EGFRvIII R-HSA-5637810,1/14,0.1312937743788508,0.3097513317869975,0,0,7.648627754155393,15.529145947074284,CDC37
Reactome_2022,Creation Of C4 And C2 Activators R-HSA-166786,1/14,0.1312937743788508,0.3097513317869975,0,0,7.648627754155393,15.529145947074284,C1R
Reactome_2022,Repression Of WNT Target Genes R-HSA-4641265,1/14,0.1312937743788508,0.3097513317869975,0,0,7.648627754155393,15.529145947074284,MYC
Reactome_2022,Response To Metal Ions R-HSA-5660526,1/14,0.1312937743788508,0.3097513317869975,0,0,7.648627754155393,15.529145947074284,MT2A
Reactome_2022,TP53 Regulates Transcription Of Genes Involved In G1 Cell Cycle Arrest R-HSA-6804116,1/14,0.1312937743788508,0.3097513317869975,0,0,7.648627754155393,15.529145947074284,CDKN1A
Reactome_2022,Glycogen Breakdown (Glycogenolysis) R-HSA-70221,1/14,0.1312937743788508,0.3097513317869975,0,0,7.648627754155393,15.529145947074284,CALM1
Reactome_2022,Interleukin-15 Signaling R-HSA-8983432,1/14,0.1312937743788508,0.3097513317869975,0,0,7.648627754155393,15.529145947074284,STAT3
Reactome_2022,Methylation R-HSA-156581,1/14,0.1312937743788508,0.3097513317869975,0,0,7.648627754155393,15.529145947074284,TRMT112
Reactome_2022,SARS-CoV-2-host Interactions R-HSA-9705683,4/196,0.1338866309236116,0.3148495288493963,0,0,2.084183673469388,4.19079707112378,CAV1;B2M;YWHAZ;HLA-E
Reactome_2022,Autophagy R-HSA-9612973,3/128,0.1369418453141825,0.3168108580305353,0,0,2.396954314720812,4.7656220038630535,PLIN2;PARK7;SQSTM1
Reactome_2022,TCF Dependent Signaling In Response To WNT R-HSA-201681,4/198,0.137447184110002,0.3168108580305353,0,0,2.062486850410268,4.093037228847409,MYC;CAV1;PSME1;YWHAZ
Reactome_2022,p53-Dependent G1 DNA Damage Response R-HSA-69563,2/65,0.137821576382599,0.3168108580305353,0,0,3.1645021645021645,6.271395690931595,CDKN1A;PSME1
Reactome_2022,G1/S Transition R-HSA-69206,3/129,0.1392329274452611,0.3168108580305353,0,0,2.3778100072516315,4.688106881874375,CDKN1A;MYC;PSME1
Reactome_2022,Activation Of BAD And Translocation To Mitochondria R-HSA-111447,1/15,0.139986908731619,0.3168108580305353,0,0,7.101938262742283,13.963876250165317,YWHAZ
Reactome_2022,Phase 2 - Plateau Phase R-HSA-5576893,1/15,0.139986908731619,0.3168108580305353,0,0,7.101938262742283,13.963876250165317,AKAP9
Reactome_2022,Response Of EIF2AK1 (HRI) To Heme Deficiency R-HSA-9648895,1/15,0.139986908731619,0.3168108580305353,0,0,7.101938262742283,13.963876250165317,ATF4
Reactome_2022,Defects Of Contact Activation System (CAS) And Kallikrein/Kinin System (KKS) R-HSA-9651496,1/15,0.139986908731619,0.3168108580305353,0,0,7.101938262742283,13.963876250165317,SERPING1
Reactome_2022,Depolymerisation Of Nuclear Lamina R-HSA-4419969,1/15,0.139986908731619,0.3168108580305353,0,0,7.101938262742283,13.963876250165317,LMNA
Reactome_2022,Signaling By ERBB2 ECD Mutants R-HSA-9665348,1/15,0.139986908731619,0.3168108580305353,0,0,7.101938262742283,13.963876250165317,CDC37
Reactome_2022,EPHA-mediated Growth Cone Collapse R-HSA-3928663,1/15,0.139986908731619,0.3168108580305353,0,0,7.101938262742283,13.963876250165317,MYL9
Reactome_2022,Signaling By FLT3 ITD And TKD Mutants R-HSA-9703648,1/15,0.139986908731619,0.3168108580305353,0,0,7.101938262742283,13.963876250165317,CDKN1A
Reactome_2022,Activation Of NF-kappaB In B Cells R-HSA-1169091,2/66,0.1412394085870013,0.3168108580305353,0,0,3.11489898989899,6.096788351656931,PSME1;REL
Reactome_2022,RUNX1 Regulates Genes Involved In Megakaryocyte Differentiation And Platelet Function R-HSA-8936459,2/66,0.1412394085870013,0.3168108580305353,0,0,3.11489898989899,6.096788351656931,KMT2E;MYL9
Reactome_2022,Integrin Cell Surface Interactions R-HSA-216083,2/66,0.1412394085870013,0.3168108580305353,0,0,3.11489898989899,6.096788351656931,ITGB1;CD44
Reactome_2022,G1/S DNA Damage Checkpoints R-HSA-69615,2/67,0.1446753520694938,0.322394786429636,0,0,3.0668220668220667,5.928973623253177,CDKN1A;PSME1
Reactome_2022,Signaling By NOTCH R-HSA-157118,4/203,0.1465136299892268,0.322394786429636,0,0,2.010152804840529,3.860773485543645,JUN;MYC;PSME1;YWHAZ
Reactome_2022,Transcriptional Regulation By RUNX1 R-HSA-8878171,4/204,0.1483544918227803,0.322394786429636,0,0,2.0,3.816301308308897,KMT2E;SOCS3;PSME1;MYL9
Reactome_2022,Plasma Lipoprotein Assembly R-HSA-8963898,1/16,0.1485934818111902,0.322394786429636,0,0,6.628140703517588,12.636822082241835,APOE
Reactome_2022,Rap1 Signaling R-HSA-392517,1/16,0.1485934818111902,0.322394786429636,0,0,6.628140703517588,12.636822082241835,YWHAZ
Reactome_2022,STING Mediated Induction Of Host Immune Responses R-HSA-1834941,1/16,0.1485934818111902,0.322394786429636,0,0,6.628140703517588,12.636822082241835,IFI16
Reactome_2022,NLRP3 Inflammasome R-HSA-844456,1/16,0.1485934818111902,0.322394786429636,0,0,6.628140703517588,12.636822082241835,TXNIP
Reactome_2022,Hyaluronan Metabolism R-HSA-2142845,1/16,0.1485934818111902,0.322394786429636,0,0,6.628140703517588,12.636822082241835,CD44
Reactome_2022,VLDLR Internalisation And Degradation R-HSA-8866427,1/16,0.1485934818111902,0.322394786429636,0,0,6.628140703517588,12.636822082241835,MYLIP
Reactome_2022,p75NTR Signals Via NF-kB R-HSA-193639,1/16,0.1485934818111902,0.322394786429636,0,0,6.628140703517588,12.636822082241835,SQSTM1
Reactome_2022,NRIF Signals Cell Death From Nucleus R-HSA-205043,1/16,0.1485934818111902,0.322394786429636,0,0,6.628140703517588,12.636822082241835,SQSTM1
Reactome_2022,Interleukin-17 Signaling R-HSA-448424,2/69,0.1515987898971927,0.3279392220624732,0,0,2.974973616764661,5.612340646899519,JUN;FOS
Reactome_2022,"Cell Cycle, Mitotic R-HSA-69278",8/523,0.1547577070331023,0.3291274770664777,0,0,1.560275080906149,2.9113087942036224,CDKN1A;TUBA1A;PPP1R12A;MYC;TUBB;AKAP9;LMNA;PSME1
Reactome_2022,Aberrant Regulation Of Mitotic G1/S Transition In Cancer Due To RB1 Defects R-HSA-9659787,1/17,0.157114351192228,0.3291274770664777,0,0,6.21356783919598,11.499955704952034,CDKN1A
Reactome_2022,PKA Activation R-HSA-163615,1/17,0.157114351192228,0.3291274770664777,0,0,6.21356783919598,11.499955704952034,CALM1
Reactome_2022,Protein Methylation R-HSA-8876725,1/17,0.157114351192228,0.3291274770664777,0,0,6.21356783919598,11.499955704952034,CALM1
Reactome_2022,Butyrate Response Factor 1 Binds And Destabilizes mRNA R-HSA-450385,1/17,0.157114351192228,0.3291274770664777,0,0,6.21356783919598,11.499955704952034,ZFP36L1
Reactome_2022,RNA Polymerase III Chain Elongation R-HSA-73780,1/17,0.157114351192228,0.3291274770664777,0,0,6.21356783919598,11.499955704952034,POLR1D
Reactome_2022,Signaling By Cytosolic FGFR1 Fusion Mutants R-HSA-1839117,1/17,0.157114351192228,0.3291274770664777,0,0,6.21356783919598,11.499955704952034,STAT3
Reactome_2022,Formation Of Senescence-Associated Heterochromatin Foci (SAHF) R-HSA-2559584,1/17,0.157114351192228,0.3291274770664777,0,0,6.21356783919598,11.499955704952034,CDKN1A
Reactome_2022,"Tristetraprolin (TTP, ZFP36) Binds And Destabilizes mRNA R-HSA-450513",1/17,0.157114351192228,0.3291274770664777,0,0,6.21356783919598,11.499955704952034,ZFP36
Reactome_2022,KSRP (KHSRP) Binds And Destabilizes mRNA R-HSA-450604,1/17,0.157114351192228,0.3291274770664777,0,0,6.21356783919598,11.499955704952034,YWHAZ
Reactome_2022,MET Activates PTK2 Signaling R-HSA-8874081,1/17,0.157114351192228,0.3291274770664777,0,0,6.21356783919598,11.499955704952034,ITGB1
Reactome_2022,"Plasma Lipoprotein Assembly, Remodeling, And Clearance R-HSA-174824",2/71,0.1585864433775845,0.3303129063493117,0,0,2.888449714536671,5.318951469597782,MYLIP;APOE
Reactome_2022,Diseases Of Programmed Cell Death R-HSA-9645723,2/71,0.1585864433775845,0.3303129063493117,0,0,2.888449714536671,5.318951469597782,JUN;LMNA
Reactome_2022,PTEN Regulation R-HSA-6807070,3/139,0.1628249548680123,0.3372141820988097,0,0,2.2018512988951926,3.9965352685762503,EGR1;JUN;PSME1
Reactome_2022,Death Receptor Signaling R-HSA-73887,3/139,0.1628249548680123,0.3372141820988097,0,0,2.2018512988951926,3.9965352685762503,PRPF38B;TNFAIP3;SQSTM1
Reactome_2022,Constitutive Signaling By Ligand-Responsive EGFR Cancer Variants R-HSA-1236382,1/18,0.1655503660358053,0.3399611741974707,0,0,5.847768253029855,10.51709310132786,CDC37
Reactome_2022,Signaling By FLT3 Fusion Proteins R-HSA-9703465,1/18,0.1655503660358053,0.3399611741974707,0,0,5.847768253029855,10.51709310132786,CDKN1A
Reactome_2022,VEGFR2 Mediated Cell Proliferation R-HSA-5218921,1/18,0.1655503660358053,0.3399611741974707,0,0,5.847768253029855,10.51709310132786,CALM1
Reactome_2022,Positive Epigenetic Regulation Of rRNA Expression R-HSA-5250913,2/74,0.1691768732048807,0.3417111203620542,0,0,2.767676767676768,4.917637208774679,POLR1D;DEK
Reactome_2022,RHOG GTPase Cycle R-HSA-9013408,2/74,0.1691768732048807,0.3417111203620542,0,0,2.767676767676768,4.917637208774679,ITGB1;CAV1
Reactome_2022,"Cell Death Signaling Via NRAGE, NRIF And NADE R-HSA-204998",2/74,0.1691768732048807,0.3417111203620542,0,0,2.767676767676768,4.917637208774679,PRPF38B;SQSTM1
Reactome_2022,NoRC Negatively Regulates rRNA Expression R-HSA-427413,2/74,0.1691768732048807,0.3417111203620542,0,0,2.767676767676768,4.917637208774679,POLR1D;ARID4B
Reactome_2022,Beta-catenin Independent WNT Signaling R-HSA-3858494,3/142,0.1701252400646478,0.3417111203620542,0,0,2.1540006573421464,3.815209920769243,MYC;PSME1;CALM1
Reactome_2022,Signaling By WNT R-HSA-195721,5/294,0.1725638036809147,0.3417111203620542,0,0,1.7310797622216307,3.041486775182028,MYC;CAV1;PSME1;CALM1;YWHAZ
Reactome_2022,Other Semaphorin Interactions R-HSA-416700,1/19,0.1739023671527052,0.3417111203620542,0,0,5.522613065326633,9.66049300943,ITGB1
Reactome_2022,PKA-mediated Phosphorylation Of CREB R-HSA-111931,1/19,0.1739023671527052,0.3417111203620542,0,0,5.522613065326633,9.66049300943,CALM1
Reactome_2022,RAS Processing R-HSA-9648002,1/19,0.1739023671527052,0.3417111203620542,0,0,5.522613065326633,9.66049300943,CALM1
Reactome_2022,Ras Activation Upon Ca2+ Influx Thru NMDA Receptor R-HSA-442982,1/19,0.1739023671527052,0.3417111203620542,0,0,5.522613065326633,9.66049300943,CALM1
Reactome_2022,Signaling By KIT In Disease R-HSA-9669938,1/19,0.1739023671527052,0.3417111203620542,0,0,5.522613065326633,9.66049300943,STAT3
Reactome_2022,Signaling By PDGFR In Disease R-HSA-9671555,1/19,0.1739023671527052,0.3417111203620542,0,0,5.522613065326633,9.66049300943,STAT3
Reactome_2022,Transcription Of E2F Targets Under Negative Control By DREAM Complex R-HSA-1362277,1/19,0.1739023671527052,0.3417111203620542,0,0,5.522613065326633,9.66049300943,MYC
Reactome_2022,Initiation Of Nuclear Envelope (NE) Reformation R-HSA-2995383,1/19,0.1739023671527052,0.3417111203620542,0,0,5.522613065326633,9.66049300943,LMNA
Reactome_2022,Metabolism Of Cofactors R-HSA-8978934,1/19,0.1739023671527052,0.3417111203620542,0,0,5.522613065326633,9.66049300943,CALM1
Reactome_2022,Nuclear Events Stimulated By ALK Signaling In Cancer R-HSA-9725371,1/19,0.1739023671527052,0.3417111203620542,0,0,5.522613065326633,9.66049300943,STAT3
Reactome_2022,Negative Epigenetic Regulation Of rRNA Expression R-HSA-5250941,2/77,0.1798830098073791,0.3491855041761195,0,0,2.656565656565657,4.557201796283064,POLR1D;ARID4B
Reactome_2022,Chondroitin Sulfate Biosynthesis R-HSA-2022870,1/20,0.182171186958547,0.3491855041761195,0,0,5.231684739486909,8.908556962758436,DCN
Reactome_2022,Defective B3GALT6 Causes EDSP2 And SEMDJL1 R-HSA-4420332,1/20,0.182171186958547,0.3491855041761195,0,0,5.231684739486909,8.908556962758436,DCN
Reactome_2022,Defective B3GAT3 Causes JDSSDHD R-HSA-3560801,1/20,0.182171186958547,0.3491855041761195,0,0,5.231684739486909,8.908556962758436,DCN
Reactome_2022,"Defective B4GALT7 Causes EDS, Progeroid Type R-HSA-3560783",1/20,0.182171186958547,0.3491855041761195,0,0,5.231684739486909,8.908556962758436,DCN
Reactome_2022,Signal Transduction By L1 R-HSA-445144,1/20,0.182171186958547,0.3491855041761195,0,0,5.231684739486909,8.908556962758436,ITGB1
Reactome_2022,Syndecan Interactions R-HSA-3000170,1/20,0.182171186958547,0.3491855041761195,0,0,5.231684739486909,8.908556962758436,ITGB1
Reactome_2022,Nef-mediated Downmodulation Of Cell Surface Receptors By Recruitment To Clathrin Adapters R-HSA-164938,1/20,0.182171186958547,0.3491855041761195,0,0,5.231684739486909,8.908556962758436,B2M
Reactome_2022,RHOA GTPase Cycle R-HSA-8980692,3/147,0.1824961276969842,0.3491855041761195,0,0,2.078680203045685,3.5358897451475038,PRPF38B;CAVIN1;CAV1
Reactome_2022,Mitotic G1 Phase And G1/S Transition R-HSA-453279,3/147,0.1824961276969842,0.3491855041761195,0,0,2.078680203045685,3.5358897451475038,CDKN1A;MYC;PSME1
Reactome_2022,G Alpha (12/13) Signaling Events R-HSA-416482,2/78,0.1834746263330842,0.3501387502534514,0,0,2.621477937267411,4.445184817601474,PRPF38B;RHOC
Reactome_2022,RNA Polymerase I Transcription R-HSA-73864,2/79,0.1870767274857147,0.3558223762295885,0,0,2.5873015873015874,4.336929198982091,CAVIN1;POLR1D
Reactome_2022,Signaling By ERBB2 TMD/JMD Mutants R-HSA-9665686,1/21,0.1903576498347592,0.3558223762295885,0,0,4.969849246231155,8.244237447277422,CDC37
Reactome_2022,"Unblocking Of NMDA Receptors, Glutamate Binding And Activation R-HSA-438066",1/21,0.1903576498347592,0.3558223762295885,0,0,4.969849246231155,8.244237447277422,CALM1
Reactome_2022,Inflammasomes R-HSA-622312,1/21,0.1903576498347592,0.3558223762295885,0,0,4.969849246231155,8.244237447277422,TXNIP
Reactome_2022,Initial Triggering Of Complement R-HSA-166663,1/21,0.1903576498347592,0.3558223762295885,0,0,4.969849246231155,8.244237447277422,C1R
Reactome_2022,Interleukin-37 Signaling R-HSA-9008059,1/21,0.1903576498347592,0.3558223762295885,0,0,4.969849246231155,8.244237447277422,STAT3
Reactome_2022,Intrinsic Pathway Of Fibrin Clot Formation R-HSA-140837,1/21,0.1903576498347592,0.3558223762295885,0,0,4.969849246231155,8.244237447277422,SERPING1
Reactome_2022,Negative Regulation Of NMDA Receptor-Mediated Neuronal Transmission R-HSA-9617324,1/21,0.1903576498347592,0.3558223762295885,0,0,4.969849246231155,8.244237447277422,CALM1
Reactome_2022,Intracellular Signaling By Second Messengers R-HSA-9006925,5/306,0.1928387489930575,0.3595230647125704,0,0,1.6610443819746146,2.7339145042671533,EGR1;JUN;CDKN1A;PSME1;CALM1
Reactome_2022,DDX58/IFIH1-mediated Induction Of Interferon-Alpha/Beta R-HSA-168928,2/81,0.1943101337404015,0.3595230647125704,0,0,2.521544559519243,4.131045868969444,PCBP2;TNFAIP3
Reactome_2022,Signaling By NOTCH4 R-HSA-9013694,2/81,0.1943101337404015,0.3595230647125704,0,0,2.521544559519243,4.131045868969444,PSME1;YWHAZ
Reactome_2022,TP53 Regulates Metabolic Genes R-HSA-5628897,2/81,0.1943101337404015,0.3595230647125704,0,0,2.521544559519243,4.131045868969444,DDIT4;YWHAZ
Reactome_2022,Interleukin-1 Family Signaling R-HSA-446652,3/152,0.1950997857095987,0.360070237423538,0,0,2.0084148127959662,3.2822401178455567,STAT3;PSME1;SQSTM1
Reactome_2022,PINK1-PRKN Mediated Mitophagy R-HSA-5205685,1/22,0.1984625719282345,0.3635156154162888,0,0,4.732950466618808,7.653913334056085,SQSTM1
Reactome_2022,RNA Polymerase III Transcription Termination R-HSA-73980,1/22,0.1984625719282345,0.3635156154162888,0,0,4.732950466618808,7.653913334056085,POLR1D
Reactome_2022,Laminin Interactions R-HSA-3000157,1/22,0.1984625719282345,0.3635156154162888,0,0,4.732950466618808,7.653913334056085,ITGB1
Reactome_2022,Antiviral Mechanism By IFN-stimulated Genes R-HSA-1169410,2/83,0.2015788294152306,0.3682981620142936,0,0,2.4590347923681257,3.938328060173813,FLNA;EIF4G2
Reactome_2022,Mitotic Anaphase R-HSA-68882,4/232,0.2031974404061652,0.3703273351402362,0,0,1.7518796992481205,2.791755475410188,TUBA1A;TUBB;LMNA;PSME1
Reactome_2022,Degradation Of Beta-Catenin By Destruction Complex R-HSA-195253,2/84,0.2052250792916977,0.3716761703734402,0,0,2.4289233801428924,3.84655954231675,MYC;PSME1
Reactome_2022,Mitotic Metaphase And Anaphase R-HSA-2555396,4/233,0.2052599533097722,0.3716761703734402,0,0,1.7441404509402014,2.761808099658144,TUBA1A;TUBB;LMNA;PSME1
Reactome_2022,Glutamate Neurotransmitter Release Cycle R-HSA-210500,1/23,0.2064867613185778,0.3716761703734402,0,0,4.517587939698492,7.126580711797677,SLC38A2
Reactome_2022,Triglyceride Catabolism R-HSA-163560,1/23,0.2064867613185778,0.3716761703734402,0,0,4.517587939698492,7.126580711797677,CAV1
Reactome_2022,Long-term Potentiation R-HSA-9620244,1/23,0.2064867613185778,0.3716761703734402,0,0,4.517587939698492,7.126580711797677,CALM1
Reactome_2022,Aggrephagy R-HSA-9646399,1/24,0.2144310182188985,0.3794179909747014,0,0,4.320952589032117,6.653261007649563,PARK7
Reactome_2022,RUNX2 Regulates Osteoblast Differentiation R-HSA-8940973,1/24,0.2144310182188985,0.3794179909747014,0,0,4.320952589032117,6.653261007649563,COL1A1
Reactome_2022,DARPP-32 Events R-HSA-180024,1/24,0.2144310182188985,0.3794179909747014,0,0,4.320952589032117,6.653261007649563,CALM1
Reactome_2022,Signaling By EGFR In Cancer R-HSA-1643713,1/24,0.2144310182188985,0.3794179909747014,0,0,4.320952589032117,6.653261007649563,CDC37
Reactome_2022,Signaling By ERBB2 KD Mutants R-HSA-9664565,1/24,0.2144310182188985,0.3794179909747014,0,0,4.320952589032117,6.653261007649563,CDC37
Reactome_2022,Estrogen-dependent Nuclear Events Downstream Of ESR-membrane Signaling R-HSA-9634638,1/24,0.2144310182188985,0.3794179909747014,0,0,4.320952589032117,6.653261007649563,FOS
Reactome_2022,Glycogen Metabolism R-HSA-8982491,1/24,0.2144310182188985,0.3794179909747014,0,0,4.320952589032117,6.653261007649563,CALM1
Reactome_2022,Chromatin Modifying Enzymes R-HSA-3247509,4/238,0.2156633260335206,0.3806744907468198,0,0,1.706436420722135,2.617736203225105,KMT2E;MORF4L1;ARID5B;ARID4B
Reactome_2022,RAC2 GTPase Cycle R-HSA-9013404,2/87,0.2162052764803214,0.3807092911936096,0,0,2.342840166369578,3.588122897733772,ITGB1;CAV1
Reactome_2022,S Phase R-HSA-69242,3/161,0.2182938646346285,0.3834607887196247,0,0,1.8931439953736424,2.8812006865434734,CDKN1A;MYC;PSME1
Reactome_2022,Toll-like Receptor Cascades R-HSA-168898,3/162,0.2209064137985626,0.3858425769096203,0,0,1.8811416530983625,2.8405542467562497,JUN;FOS;HSP90B1
Reactome_2022,Cell Recruitment (Pro-Inflammatory Response) R-HSA-9664424,1/25,0.2222961348450487,0.3858425769096203,0,0,4.14070351758794,6.226561570384656,TXNIP
Reactome_2022,Regulation Of IFNA/IFNB Signaling R-HSA-912694,1/25,0.2222961348450487,0.3858425769096203,0,0,4.14070351758794,6.226561570384656,SOCS3
Reactome_2022,Signaling By ERBB2 In Cancer R-HSA-1227990,1/25,0.2222961348450487,0.3858425769096203,0,0,4.14070351758794,6.226561570384656,CDC37
Reactome_2022,Interleukin-7 Signaling R-HSA-1266695,1/25,0.2222961348450487,0.3858425769096203,0,0,4.14070351758794,6.226561570384656,STAT3
Reactome_2022,Protein Localization R-HSA-9609507,3/164,0.2261504916436758,0.3891657331432754,0,0,1.857584260806508,2.7614004446731983,PRNP;SERP1;CCNI
Reactome_2022,GAG Synthesis Requires Tetrasaccharide Linker Sequence R-HSA-1971475,1/26,0.2300828957266827,0.3891657331432754,0,0,3.974874371859297,5.840344997302112,DCN
Reactome_2022,Platelet Calcium Homeostasis R-HSA-418360,1/26,0.2300828957266827,0.3891657331432754,0,0,3.974874371859297,5.840344997302112,CALM1
Reactome_2022,RNA Polymerase III Transcription Initiation From Type 2 Promoter R-HSA-76066,1/26,0.2300828957266827,0.3891657331432754,0,0,3.974874371859297,5.840344997302112,POLR1D
Reactome_2022,Calnexin/calreticulin Cycle R-HSA-901042,1/26,0.2300828957266827,0.3891657331432754,0,0,3.974874371859297,5.840344997302112,CALR
Reactome_2022,Constitutive Signaling By AKT1 E17K In Cancer R-HSA-5674400,1/26,0.2300828957266827,0.3891657331432754,0,0,3.974874371859297,5.840344997302112,CDKN1A
Reactome_2022,FGFR2 Alternative Splicing R-HSA-6803529,1/26,0.2300828957266827,0.3891657331432754,0,0,3.974874371859297,5.840344997302112,HNRNPH1
Reactome_2022,Synthesis Of IP3 And IP4 In Cytosol R-HSA-1855204,1/26,0.2300828957266827,0.3891657331432754,0,0,3.974874371859297,5.840344997302112,CALM1
Reactome_2022,TNFR1-induced NFkappaB Signaling Pathway R-HSA-5357956,1/26,0.2300828957266827,0.3891657331432754,0,0,3.974874371859297,5.840344997302112,TNFAIP3
Reactome_2022,HDMs Demethylate Histones R-HSA-3214842,1/26,0.2300828957266827,0.3891657331432754,0,0,3.974874371859297,5.840344997302112,ARID5B
Reactome_2022,Infection With Mycobacterium Tuberculosis R-HSA-9635486,1/26,0.2300828957266827,0.3891657331432754,0,0,3.974874371859297,5.840344997302112,B2M
Reactome_2022,CREB1 Phosphorylation Thru NMDA Receptor-Mediated Activation Of RAS Signaling R-HSA-442742,1/27,0.2377920775242915,0.3948338080824978,0,0,3.821801314263626,5.489477227235043,CALM1
Reactome_2022,RNA Polymerase III Transcription Initiation From Type 1 Promoter R-HSA-76061,1/27,0.2377920775242915,0.3948338080824978,0,0,3.821801314263626,5.489477227235043,POLR1D
Reactome_2022,RNA Polymerase III Transcription Initiation From Type 3 Promoter R-HSA-76071,1/27,0.2377920775242915,0.3948338080824978,0,0,3.821801314263626,5.489477227235043,POLR1D
Reactome_2022,FLT3 Signaling In Disease R-HSA-9682385,1/27,0.2377920775242915,0.3948338080824978,0,0,3.821801314263626,5.489477227235043,CDKN1A
Reactome_2022,G0 And Early G1 R-HSA-1538133,1/27,0.2377920775242915,0.3948338080824978,0,0,3.821801314263626,5.489477227235043,MYC
Reactome_2022,Role Of Nef In HIV-1 Replication And Disease Pathogenesis R-HSA-164952,1/27,0.2377920775242915,0.3948338080824978,0,0,3.821801314263626,5.489477227235043,B2M
Reactome_2022,Oxidative Stress Induced Senescence R-HSA-2559580,2/93,0.2383084712706434,0.3948338080824978,0,0,2.187701187701188,3.1375777372613727,JUN;FOS
Reactome_2022,RAC3 GTPase Cycle R-HSA-9013423,2/93,0.2383084712706434,0.3948338080824978,0,0,2.187701187701188,3.1375777372613727,ITGB1;CAV1
Reactome_2022,VEGFA-VEGFR2 Pathway R-HSA-4420097,2/93,0.2383084712706434,0.3948338080824978,0,0,2.187701187701188,3.1375777372613727,CAV1;CALM1
Reactome_2022,Recycling Pathway Of L1 R-HSA-437239,1/28,0.2454244493195781,0.4016120599888753,0,0,3.680067001675042,5.169633447658624,MSN
Reactome_2022,Downstream Signal Transduction R-HSA-186763,1/28,0.2454244493195781,0.4016120599888753,0,0,3.680067001675042,5.169633447658624,STAT3
Reactome_2022,MET Promotes Cell Motility R-HSA-8875878,1/28,0.2454244493195781,0.4016120599888753,0,0,3.680067001675042,5.169633447658624,ITGB1
Reactome_2022,Mitophagy R-HSA-5205647,1/28,0.2454244493195781,0.4016120599888753,0,0,3.680067001675042,5.169633447658624,SQSTM1
Reactome_2022,Molecules Associated With Elastic Fibres R-HSA-2129379,1/28,0.2454244493195781,0.4016120599888753,0,0,3.680067001675042,5.169633447658624,ITGB1
Reactome_2022,P75 NTR Receptor-Mediated Signaling R-HSA-193704,2/95,0.2457050463032076,0.4016120599888753,0,0,2.140436624307592,3.004367063071291,PRPF38B;SQSTM1
Reactome_2022,MyD88 Cascade Initiated On Plasma Membrane R-HSA-975871,2/96,0.2494067909928498,0.4067506725588087,0,0,2.117558564367075,2.9405900871231445,JUN;FOS
Reactome_2022,Activation Of Kainate Receptors Upon Glutamate Binding R-HSA-451326,1/29,0.252980772589684,0.4071147532403524,0,0,3.548456568557071,4.877147000705543,CALM1
Reactome_2022,Regulation Of Necroptotic Cell Death R-HSA-5675482,1/29,0.252980772589684,0.4071147532403524,0,0,3.548456568557071,4.877147000705543,CDC37
Reactome_2022,Disassembly Of Destruction Complex And Recruitment Of AXIN To Membrane R-HSA-4641262,1/29,0.252980772589684,0.4071147532403524,0,0,3.548456568557071,4.877147000705543,CAV1
Reactome_2022,Downregulation Of ERBB2 Signaling R-HSA-8863795,1/29,0.252980772589684,0.4071147532403524,0,0,3.548456568557071,4.877147000705543,CDC37
Reactome_2022,FCERI Mediated Ca+2 Mobilization R-HSA-2871809,1/29,0.252980772589684,0.4071147532403524,0,0,3.548456568557071,4.877147000705543,CALM1
Reactome_2022,Uptake And Actions Of Bacterial Toxins R-HSA-5339562,1/29,0.252980772589684,0.4071147532403524,0,0,3.548456568557071,4.877147000705543,CALM1
Reactome_2022,Visual Phototransduction R-HSA-2187338,2/98,0.2568151396703299,0.4123749709684371,0,0,2.073232323232323,2.818349436543183,APOE;CALM1
Reactome_2022,Activation Of BH3-only Proteins R-HSA-114452,1/30,0.2604618012849767,0.4137685601233588,0,0,3.425922717033443,4.608890626901229,YWHAZ
Reactome_2022,FGFR1 Mutant Receptor Activation R-HSA-1839124,1/30,0.2604618012849767,0.4137685601233588,0,0,3.425922717033443,4.608890626901229,STAT3
Reactome_2022,Transcriptional Regulation Of Pluripotent Stem Cells R-HSA-452723,1/30,0.2604618012849767,0.4137685601233588,0,0,3.425922717033443,4.608890626901229,STAT3
Reactome_2022,CLEC7A (Dectin-1) Signaling R-HSA-5607764,2/99,0.2605209452628556,0.4137685601233588,0,0,2.0517546600020826,2.7597577787968723,PSME1;CALM1
Reactome_2022,L1CAM Interactions R-HSA-373760,2/99,0.2605209452628556,0.4137685601233588,0,0,2.0517546600020826,2.7597577787968723,ITGB1;MSN
Reactome_2022,Antigen Activates B Cell Receptor Leading To Second Messenger Generation R-HSA-983695,1/31,0.2678682819607093,0.4200511810486297,0,0,3.3115577889447234,4.362182296847866,CALM1
Reactome_2022,Pyruvate Metabolism R-HSA-70268,1/31,0.2678682819607093,0.4200511810486297,0,0,3.3115577889447234,4.362182296847866,LDHB
Reactome_2022,RIPK1-mediated Regulated Necrosis R-HSA-5213460,1/31,0.2678682819607093,0.4200511810486297,0,0,3.3115577889447234,4.362182296847866,CDC37
Reactome_2022,RUNX2 Regulates Bone Development R-HSA-8941326,1/31,0.2678682819607093,0.4200511810486297,0,0,3.3115577889447234,4.362182296847866,COL1A1
Reactome_2022,Regulation Of MECP2 Expression And Activity R-HSA-9022692,1/31,0.2678682819607093,0.4200511810486297,0,0,3.3115577889447234,4.362182296847866,CALM1
Reactome_2022,TRAF6 Mediated Induction Of NFkB And MAP Kinases Upon TLR7/8 Or 9 Activation R-HSA-975138,2/101,0.2679338809157927,0.4200511810486297,0,0,2.01010101010101,2.647333266062948,JUN;FOS
Reactome_2022,Signaling By VEGF R-HSA-194138,2/102,0.2716402584331571,0.4240380051344143,0,0,1.9898989898989896,2.593388923930461,CAV1;CALM1
Reactome_2022,MyD88 Dependent Cascade Initiated On Endosome R-HSA-975155,2/102,0.2716402584331571,0.4240380051344143,0,0,1.9898989898989896,2.593388923930461,JUN;FOS
Reactome_2022,Phase 0 - Rapid Depolarisation R-HSA-5576892,1/32,0.2752009537742224,0.4252696969662022,0,0,3.204571243313341,4.1347099266061775,CALM1
Reactome_2022,RAF Activation R-HSA-5673000,1/32,0.2752009537742224,0.4252696969662022,0,0,3.204571243313341,4.1347099266061775,CALM1
Reactome_2022,"Inactivation, Recovery And Regulation Of Phototransduction Cascade R-HSA-2514859",1/32,0.2752009537742224,0.4252696969662022,0,0,3.204571243313341,4.1347099266061775,CALM1
Reactome_2022,Toll Like Receptor 3 (TLR3) Cascade R-HSA-168164,2/103,0.2753460863759224,0.4252696969662022,0,0,1.97009700970097,2.5408862749711147,JUN;FOS
Reactome_2022,Toll Like Receptor 7/8 (TLR7/8) Cascade R-HSA-168181,2/103,0.2753460863759224,0.4252696969662022,0,0,1.97009700970097,2.5408862749711147,JUN;FOS
Reactome_2022,Transport Of Inorganic Cations/Anions And Amino Acids/Oligopeptides R-HSA-425393,2/104,0.2790510068326582,0.4272069293131695,0,0,1.95068330362448,2.4897754945672688,CALM1;SLC38A2
Reactome_2022,PIP3 Activates AKT Signaling R-HSA-1257604,4/268,0.2806488927885696,0.4272069293131695,0,0,1.510204081632653,1.9189421494891188,EGR1;JUN;CDKN1A;PSME1
Reactome_2022,Transcriptional Regulation By TP53 R-HSA-3700989,5/354,0.2808767047611167,0.4272069293131695,0,0,1.4290647270589965,1.8146828085081488,JUN;CDKN1A;DDIT4;FOS;YWHAZ
Reactome_2022,Oncogene Induced Senescence R-HSA-2559585,1/33,0.2824605485993796,0.4272069293131695,0,0,3.1042713567839195,3.9244707255325473,ETS2
Reactome_2022,Activation Of Matrix Metalloproteinases R-HSA-1592389,1/33,0.2824605485993796,0.4272069293131695,0,0,3.1042713567839195,3.9244707255325473,TIMP1
Reactome_2022,Amino Acid Transport Across Plasma Membrane R-HSA-352230,1/33,0.2824605485993796,0.4272069293131695,0,0,3.1042713567839195,3.9244707255325473,SLC38A2
Reactome_2022,Plasma Lipoprotein Remodeling R-HSA-8963899,1/33,0.2824605485993796,0.4272069293131695,0,0,3.1042713567839195,3.9244707255325473,APOE
Reactome_2022,CaM Pathway R-HSA-111997,1/33,0.2824605485993796,0.4272069293131695,0,0,3.1042713567839195,3.9244707255325473,CALM1
Reactome_2022,Phototransduction Cascade R-HSA-2514856,1/33,0.2824605485993796,0.4272069293131695,0,0,3.1042713567839195,3.9244707255325473,CALM1
Reactome_2022,NOD1/2 Signaling Pathway R-HSA-168638,1/33,0.2824605485993796,0.4272069293131695,0,0,3.1042713567839195,3.9244707255325473,TNFAIP3
Reactome_2022,Cilium Assembly R-HSA-5617833,3/186,0.2851084853622991,0.4294299293990001,0,0,1.632437380377798,2.0485220321646063,TUBA1A;TUBB;AKAP9
Reactome_2022,Mitotic Prometaphase R-HSA-68877,3/186,0.2851084853622991,0.4294299293990001,0,0,1.632437380377798,2.0485220321646063,TUBA1A;TUBB;AKAP9
Reactome_2022,Toll Like Receptor 9 (TLR9) Cascade R-HSA-168138,2/106,0.2864567291305087,0.4305710423425584,0,0,1.912975912975913,2.3915408635892965,JUN;FOS
Reactome_2022,Detoxification Of Reactive Oxygen Species R-HSA-3299685,1/34,0.2896477910754225,0.4325651205180026,0,0,3.010050251256281,3.7297219848476746,SOD3
Reactome_2022,Metabolic Disorders Of Biological Oxidation Enzymes R-HSA-5579029,1/34,0.2896477910754225,0.4325651205180026,0,0,3.010050251256281,3.7297219848476746,PRNP
Reactome_2022,Phase II - Conjugation Of Compounds R-HSA-156580,2/107,0.290156850388619,0.4325651205180026,0,0,1.8946608946608947,2.344327659095108,PRNP;TRMT112
Reactome_2022,MyD88-independent TLR4 Cascade R-HSA-166166,2/107,0.290156850388619,0.4325651205180026,0,0,1.8946608946608947,2.344327659095108,JUN;FOS
Reactome_2022,Organelle Biogenesis And Maintenance R-HSA-1852241,4/275,0.2962721631240577,0.4370515508914168,0,0,1.4706679719858422,1.7890334347425676,TUBA1A;TUBB;AKAP9;CALM1
Reactome_2022,Ca-dependent Events R-HSA-111996,1/35,0.2967633987534311,0.4370515508914168,0,0,2.9213715637008573,3.54894088012851,CALM1
Reactome_2022,RNA Polymerase III Transcription Initiation R-HSA-76046,1/35,0.2967633987534311,0.4370515508914168,0,0,2.9213715637008573,3.54894088012851,POLR1D
Reactome_2022,Regulation Of TNFR1 Signaling R-HSA-5357905,1/35,0.2967633987534311,0.4370515508914168,0,0,2.9213715637008573,3.54894088012851,TNFAIP3
Reactome_2022,Gene And Protein Expression By JAK-STAT Signaling After Interleukin-12 Stimulation R-HSA-8950505,1/35,0.2967633987534311,0.4370515508914168,0,0,2.9213715637008573,3.54894088012851,MSN
Reactome_2022,N-glycan Trimming In ER And Calnexin/Calreticulin Cycle R-HSA-532668,1/35,0.2967633987534311,0.4370515508914168,0,0,2.9213715637008573,3.54894088012851,CALR
Reactome_2022,Aberrant Regulation Of Mitotic Cell Cycle Due To RB1 Defects R-HSA-9687139,1/36,0.3038080819844295,0.4420680474384214,0,0,2.8377602297200286,3.380791434126185,CDKN1A
Reactome_2022,RHOH GTPase Cycle R-HSA-9013407,1/36,0.3038080819844295,0.4420680474384214,0,0,2.8377602297200286,3.380791434126185,CAV1
Reactome_2022,Signaling By FGFR1 In Disease R-HSA-5655302,1/36,0.3038080819844295,0.4420680474384214,0,0,2.8377602297200286,3.380791434126185,STAT3
Reactome_2022,Export Of Viral Ribonucleoproteins From Nucleus R-HSA-168274,1/36,0.3038080819844295,0.4420680474384214,0,0,2.8377602297200286,3.380791434126185,HSPA1A
Reactome_2022,Glutathione Conjugation R-HSA-156590,1/36,0.3038080819844295,0.4420680474384214,0,0,2.8377602297200286,3.380791434126185,PRNP
Reactome_2022,NR1H3 And NR1H2 Regulate Gene Expression Linked To Cholesterol Transport And Efflux R-HSA-9029569,1/36,0.3038080819844295,0.4420680474384214,0,0,2.8377602297200286,3.380791434126185,APOE
Reactome_2022,MyD88:MAL(TIRAP) Cascade Initiated On Plasma Membrane R-HSA-166058,2/112,0.3086170575351828,0.4481709859425265,0,0,1.808080808080808,2.1256775548508937,JUN;FOS
Reactome_2022,Formation Of Fibrin Clot (Clotting Cascade) R-HSA-140877,1/37,0.3107825442509396,0.4495247515058234,0,0,2.758793969849246,3.2240971983470845,SERPING1
Reactome_2022,Triglyceride Metabolism R-HSA-8979227,1/37,0.3107825442509396,0.4495247515058234,0,0,2.758793969849246,3.2240971983470845,CAV1
Reactome_2022,SARS-CoV-2 Infection R-HSA-9694516,4/283,0.3142577573411092,0.453651297231027,0,0,1.4279131007241606,1.6528690245514766,CAV1;B2M;YWHAZ;HLA-E
Reactome_2022,Interleukin-1 Signaling R-HSA-9020702,2/114,0.3159765270928876,0.4549983778809174,0,0,1.7756132756132756,2.045661592448686,PSME1;SQSTM1
Reactome_2022,Association Of TriC/CCT With Target Proteins During Biosynthesis R-HSA-390471,1/38,0.3176874819497763,0.4549983778809174,0,0,2.684096156457965,3.07781854672427,STAT3
Reactome_2022,Signaling By RAF1 Mutants R-HSA-9656223,1/38,0.3176874819497763,0.4549983778809174,0,0,2.684096156457965,3.07781854672427,CALM1
Reactome_2022,FCGR3A-mediated IL10 Synthesis R-HSA-9664323,1/38,0.3176874819497763,0.4549983778809174,0,0,2.684096156457965,3.07781854672427,CALM1
Reactome_2022,Ovarian Tumor Domain Proteases R-HSA-5689896,1/39,0.3245235847719431,0.4611650941496033,0,0,2.6133298069293835,2.941033694945818,TNFAIP3
Reactome_2022,RHOU GTPase Cycle R-HSA-9013420,1/39,0.3245235847719431,0.4611650941496033,0,0,2.6133298069293835,2.941033694945818,DST
Reactome_2022,DAG And IP3 Signaling R-HSA-1489509,1/39,0.3245235847719431,0.4611650941496033,0,0,2.6133298069293835,2.941033694945818,CALM1
Reactome_2022,Elastic Fibre Formation R-HSA-1566948,1/39,0.3245235847719431,0.4611650941496033,0,0,2.6133298069293835,2.941033694945818,ITGB1
Reactome_2022,RNA Polymerase III Abortive And Retractive Initiation R-HSA-749476,1/40,0.3312915354401823,0.4684197627263047,0,0,2.54619250096637,2.8129227654318845,POLR1D
Reactome_2022,Diseases Associated With Glycosaminoglycan Metabolism R-HSA-3560782,1/40,0.3312915354401823,0.4684197627263047,0,0,2.54619250096637,2.8129227654318845,DCN
Reactome_2022,M Phase R-HSA-68886,5/380,0.3315563752630634,0.4684197627263047,0,0,1.328205128205128,1.466281910136435,TUBA1A;TUBB;AKAP9;LMNA;PSME1
Reactome_2022,RHO GTPases Activate Formins R-HSA-5663220,2/119,0.3342934948533607,0.4713732258183751,0,0,1.6993006993006994,1.8619848571697335,ITGB1;RHOC
Reactome_2022,Glycosaminoglycan Metabolism R-HSA-1630316,2/120,0.337940732613065,0.473838798690409,0,0,1.684814244136278,1.827829273598234,DCN;CD44
Reactome_2022,Paradoxical Activation Of RAF Signaling By Kinase Inactive BRAF R-HSA-6802955,1/41,0.3379920100397979,0.473838798690409,0,0,2.4824120603015074,2.6927543377926204,CALM1
Reactome_2022,Non-integrin membrane-ECM Interactions R-HSA-3000171,1/41,0.3379920100397979,0.473838798690409,0,0,2.4824120603015074,2.6927543377926204,ITGB1
Reactome_2022,SARS-CoV-2 Activates/Modulates Innate And Adaptive Immune Responses R-HSA-9705671,2/121,0.3415819885568875,0.4767212888461805,0,0,1.6705712588065529,1.794473428095151,B2M;HLA-E
Reactome_2022,HCMV Infection R-HSA-9609646,2/121,0.3415819885568875,0.4767212888461805,0,0,1.6705712588065529,1.794473428095151,ITGB1;CEBPD
Reactome_2022,RHOF GTPase Cycle R-HSA-9035034,1/42,0.344625677945044,0.4767212888461805,0,0,2.4217428606446867,2.579874053958348,CAV1
Reactome_2022,Deactivation Of Beta-Catenin Transactivating Complex R-HSA-3769402,1/42,0.344625677945044,0.4767212888461805,0,0,2.4217428606446867,2.579874053958348,YWHAZ
Reactome_2022,Signaling By SCF-KIT R-HSA-1433557,1/42,0.344625677945044,0.4767212888461805,0,0,2.4217428606446867,2.579874053958348,STAT3
Reactome_2022,"Gamma Carboxylation, Hypusine Formation And Arylsulfatase Activation R-HSA-163841",1/42,0.344625677945044,0.4767212888461805,0,0,2.4217428606446867,2.579874053958348,GAS6
Reactome_2022,tRNA Modification In Nucleus And Cytosol R-HSA-6782315,1/42,0.344625677945044,0.4767212888461805,0,0,2.4217428606446867,2.579874053958348,TRMT112
Reactome_2022,Retinoid Metabolism And Transport R-HSA-975634,1/43,0.3511932019412653,0.4839694597640499,0,0,2.363962670495334,2.473694919601735,APOE
Reactome_2022,GPER1 Signaling R-HSA-9634597,1/43,0.3511932019412653,0.4839694597640499,0,0,2.363962670495334,2.473694919601735,ITGB1
Reactome_2022,Sphingolipid De Novo Biosynthesis R-HSA-1660661,1/44,0.3576952382847675,0.4874015489898981,0,0,2.308869931050602,2.373689018141451,DEGS1
Reactome_2022,TGF-beta Receptor Signaling Activates SMADs R-HSA-2173789,1/44,0.3576952382847675,0.4874015489898981,0,0,2.308869931050602,2.373689018141451,ITGB1
Reactome_2022,TNF Signaling R-HSA-75893,1/44,0.3576952382847675,0.4874015489898981,0,0,2.308869931050602,2.373689018141451,TNFAIP3
Reactome_2022,Interleukin-12 Signaling R-HSA-9020591,1/44,0.3576952382847675,0.4874015489898981,0,0,2.308869931050602,2.373689018141451,MSN
Reactome_2022,Interleukin-2 Family Signaling R-HSA-451927,1/44,0.3576952382847675,0.4874015489898981,0,0,2.308869931050602,2.373689018141451,STAT3
Reactome_2022,"Interleukin-3, Interleukin-5 And GM-CSF Signaling R-HSA-512988",1/44,0.3576952382847675,0.4874015489898981,0,0,2.308869931050602,2.373689018141451,YWHAZ
Reactome_2022,Cardiac Conduction R-HSA-5576891,2/126,0.3596901730363681,0.4892054778796871,0,0,1.6028022157054416,1.638884897548312,AKAP9;CALM1
Reactome_2022,Heme Signaling R-HSA-9707616,1/45,0.3641324366778817,0.4943250397358953,0,0,2.256281407035176,2.279380404926681,NFE2L2
Reactome_2022,Antigen Processing: Ubiquitination And Proteasome Degradation R-HSA-983168,4/307,0.368623395030058,0.4994915520016957,0,0,1.313194584764599,1.310541624143939,SOCS3;MYLIP;WSB1;PSME1
Reactome_2022,RNA Polymerase I Transcription Initiation R-HSA-73762,1/46,0.3705054405101429,0.5011103267753139,0,0,2.2060301507537687,2.1903389894516705,POLR1D
Reactome_2022,Biological Oxidations R-HSA-211859,3/218,0.3724089860761,0.5027521312027351,0,0,1.3872033998347302,1.3702276420797843,TRMT112;PRNP;ADH5
Reactome_2022,Host Interactions Of HIV Factors R-HSA-162909,2/130,0.3740455278662269,0.5040280772910896,0,0,1.5523989898989898,1.5265946362115397,PSME1;B2M
Reactome_2022,PKMTs Methylate Histone Lysines R-HSA-3214841,1/47,0.376814886705751,0.5040331236853073,0,0,2.1579637317019884,2.1061752538856453,KMT2E
Reactome_2022,PLC Beta Mediated Events R-HSA-112043,1/47,0.376814886705751,0.5040331236853073,0,0,2.1579637317019884,2.1061752538856453,CALM1
Reactome_2022,Cyclin D Associated Events In G1 R-HSA-69231,1/47,0.376814886705751,0.5040331236853073,0,0,2.1579637317019884,2.1061752538856453,CDKN1A
Reactome_2022,Metabolism Of Fat-Soluble Vitamins R-HSA-6806667,1/47,0.376814886705751,0.5040331236853073,0,0,2.1579637317019884,2.1061752538856453,APOE
Reactome_2022,Cross-presentation Of Soluble Exogenous Antigens (Endosomes) R-HSA-1236978,1/48,0.3830614060395898,0.5086553096591274,0,0,2.111942692184326,2.026535673888961,PSME1
Reactome_2022,Inhibition Of DNA Recombination At Telomere R-HSA-9670095,1/48,0.3830614060395898,0.5086553096591274,0,0,2.111942692184326,2.026535673888961,ATRX
Reactome_2022,Inositol Phosphate Metabolism R-HSA-1483249,1/48,0.3830614060395898,0.5086553096591274,0,0,2.111942692184326,2.026535673888961,CALM1
Reactome_2022,NOTCH1 Intracellular Domain Regulates Transcription R-HSA-2122947,1/48,0.3830614060395898,0.5086553096591274,0,0,2.111942692184326,2.026535673888961,MYC
Reactome_2022,Regulation Of Activated PAK-2p34 By Proteasome Mediated Degradation R-HSA-211733,1/49,0.3892456229672477,0.5140580781578326,0,0,2.0678391959799,1.9510987409424116,PSME1
Reactome_2022,Signaling By ERBB2 R-HSA-1227986,1/49,0.3892456229672477,0.5140580781578326,0,0,2.0678391959799,1.9510987409424116,CDC37
Reactome_2022,TP53 Regulates Transcription Of Cell Cycle Genes R-HSA-6791312,1/49,0.3892456229672477,0.5140580781578326,0,0,2.0678391959799,1.9510987409424116,CDKN1A
Reactome_2022,Chondroitin Sulfate/Dermatan Sulfate Metabolism R-HSA-1793185,1/50,0.3953681557510544,0.5183873840692782,0,0,2.025535842477695,1.8795714928238212,DCN
Reactome_2022,Regulation Of Ornithine Decarboxylase (ODC) R-HSA-350562,1/50,0.3953681557510544,0.5183873840692782,0,0,2.025535842477695,1.8795714928238212,PSME1
Reactome_2022,Ion Homeostasis R-HSA-5578775,1/50,0.3953681557510544,0.5183873840692782,0,0,2.025535842477695,1.8795714928238212,CALM1
Reactome_2022,Neurotransmitter Release Cycle R-HSA-112310,1/50,0.3953681557510544,0.5183873840692782,0,0,2.025535842477695,1.8795714928238212,SLC38A2
Reactome_2022,Autodegradation Of E3 Ubiquitin Ligase COP1 R-HSA-349425,1/51,0.4014296166851454,0.5225753402919124,0,0,1.984924623115578,1.8116864795932897,PSME1
Reactome_2022,Ubiquitin Mediated Degradation Of Phosphorylated Cdc25A R-HSA-69601,1/51,0.4014296166851454,0.5225753402919124,0,0,1.984924623115578,1.8116864795932897,PSME1
Reactome_2022,Ubiquitin-dependent Degradation Of Cyclin D R-HSA-75815,1/51,0.4014296166851454,0.5225753402919124,0,0,1.984924623115578,1.8116864795932897,PSME1
Reactome_2022,Vpu Mediated Degradation Of CD4 R-HSA-180534,1/51,0.4014296166851454,0.5225753402919124,0,0,1.984924623115578,1.8116864795932897,PSME1
Reactome_2022,RHOD GTPase Cycle R-HSA-9013405,1/52,0.4074306117999475,0.5256936566409943,0,0,1.9459060005911912,1.7471991060741807,CAV1
Reactome_2022,Regulation Of Apoptosis R-HSA-169911,1/52,0.4074306117999475,0.5256936566409943,0,0,1.9459060005911912,1.7471991060741807,PSME1
Reactome_2022,SARS-CoV-1 Infection R-HSA-9678108,1/52,0.4074306117999475,0.5256936566409943,0,0,1.9459060005911912,1.7471991060741807,CAV1
Reactome_2022,G-protein Mediated Events R-HSA-112040,1/52,0.4074306117999475,0.5256936566409943,0,0,1.9459060005911912,1.7471991060741807,CALM1
Reactome_2022,Transcriptional Activation Of Mitochondrial Biogenesis R-HSA-2151201,1/52,0.4074306117999475,0.5256936566409943,0,0,1.9459060005911912,1.7471991060741807,CALM1
Reactome_2022,Toll Like Receptor 4 (TLR4) Cascade R-HSA-166016,2/140,0.4093350504017323,0.5268321669075987,0,0,1.4391743522178304,1.28550113423387,JUN;FOS
Reactome_2022,C-type Lectin Receptors (CLRs) R-HSA-5621481,2/141,0.4128120829524558,0.5268321669075987,0,0,1.4287479107622991,1.264102994197814,PSME1;CALM1
Reactome_2022,Sensory Processing Of Sound By Outer Hair Cells Of Cochlea R-HSA-9662361,1/53,0.4133717413870322,0.5268321669075987,0,0,1.9083880943177425,1.6858852917962188,MSN
Reactome_2022,Heparan Sulfate/Heparin (HS-GAG) Metabolism R-HSA-1638091,1/53,0.4133717413870322,0.5268321669075987,0,0,1.9083880943177425,1.6858852917962188,DCN
Reactome_2022,Vif-mediated Degradation Of APOBEC3G R-HSA-180585,1/53,0.4133717413870322,0.5268321669075987,0,0,1.9083880943177425,1.6858852917962188,PSME1
Reactome_2022,Ion Transport By P-type ATPases R-HSA-936837,1/53,0.4133717413870322,0.5268321669075987,0,0,1.9083880943177425,1.6858852917962188,CALM1
Reactome_2022,Nuclear Envelope Breakdown R-HSA-2980766,1/53,0.4133717413870322,0.5268321669075987,0,0,1.9083880943177425,1.6858852917962188,LMNA
Reactome_2022,Pyruvate Metabolism And Citric Acid (TCA) Cycle R-HSA-71406,1/54,0.4192535996279672,0.5287817891501524,0,0,1.8722859580923483,1.627539412897697,LDHB
Reactome_2022,RHOJ GTPase Cycle R-HSA-9013409,1/54,0.4192535996279672,0.5287817891501524,0,0,1.8722859580923483,1.627539412897697,CAV1
Reactome_2022,Regulation Of RUNX3 Expression And Activity R-HSA-8941858,1/54,0.4192535996279672,0.5287817891501524,0,0,1.8722859580923483,1.627539412897697,PSME1
Reactome_2022,SCF-beta-TrCP Mediated Degradation Of Emi1 R-HSA-174113,1/54,0.4192535996279672,0.5287817891501524,0,0,1.8722859580923483,1.627539412897697,PSME1
Reactome_2022,Degradation Of AXIN R-HSA-4641257,1/54,0.4192535996279672,0.5287817891501524,0,0,1.8722859580923483,1.627539412897697,PSME1
Reactome_2022,FBXL7 Down-Regulates AURKA During Mitotic Entry And In Early Mitosis R-HSA-8854050,1/54,0.4192535996279672,0.5287817891501524,0,0,1.8722859580923483,1.627539412897697,PSME1
Reactome_2022,Degradation Of DVL R-HSA-4641258,1/55,0.4250767749174149,0.5342775326117164,0,0,1.8375209380234503,1.5719724807707876,PSME1
Reactome_2022,Hh Mutants Are Degraded By ERAD R-HSA-5362768,1/55,0.4250767749174149,0.5342775326117164,0,0,1.8375209380234503,1.5719724807707876,PSME1
Reactome_2022,Chemokine Receptors Bind Chemokines R-HSA-380108,1/56,0.4308418497249187,0.5396627292946147,0,0,1.8040201005025125,1.5190105312629705,CCL2
Reactome_2022,Stabilization Of P53 R-HSA-69541,1/56,0.4308418497249187,0.5396627292946147,0,0,1.8040201005025125,1.5190105312629705,PSME1
Reactome_2022,Regulated Necrosis R-HSA-5218859,1/57,0.4365494010474847,0.5443962366442104,0,0,1.7717157214644652,1.4684931926330618,CDC37
Reactome_2022,NRAGE Signals Death Thru JNK R-HSA-193648,1/57,0.4365494010474847,0.5443962366442104,0,0,1.7717157214644652,1.4684931926330618,PRPF38B
Reactome_2022,G2/M Checkpoints R-HSA-69481,2/148,0.436861177553996,0.5443962366442104,0,0,1.35976200359762,1.1260730416696714,PSME1;YWHAZ
Reactome_2022,Constitutive Signaling By NOTCH1 HD+PEST Domain Mutants R-HSA-2894862,1/58,0.4421999998339941,0.5473069607453,0,0,1.740544829410209,1.4202724160163902,MYC
Reactome_2022,Hh Mutants Abrogate Ligand Secretion R-HSA-5387390,1/58,0.4421999998339941,0.5473069607453,0,0,1.740544829410209,1.4202724160163902,PSME1
Reactome_2022,Metabolism Of Polyamines R-HSA-351202,1/58,0.4421999998339941,0.5473069607453,0,0,1.740544829410209,1.4202724160163902,PSME1
Reactome_2022,NIK To Noncanonical NF-kB Signaling R-HSA-5676590,1/58,0.4421999998339941,0.5473069607453,0,0,1.740544829410209,1.4202724160163902,PSME1
Reactome_2022,RHOQ GTPase Cycle R-HSA-9013406,1/59,0.4477942115947188,0.5495656233207913,0,0,1.7104487957026513,1.3742113392020114,CAV1
Reactome_2022,RNA Polymerase I Promoter Escape R-HSA-73772,1/59,0.4477942115947188,0.5495656233207913,0,0,1.7104487957026513,1.3742113392020114,POLR1D
Reactome_2022,Degradation Of GLI1 By Proteasome R-HSA-5610780,1/59,0.4477942115947188,0.5495656233207913,0,0,1.7104487957026513,1.3742113392020114,PSME1
Reactome_2022,Degradation Of GLI2 By Proteasome R-HSA-5610783,1/59,0.4477942115947188,0.5495656233207913,0,0,1.7104487957026513,1.3742113392020114,PSME1
Reactome_2022,GLI3 Is Processed To GLI3R By Proteasome R-HSA-5610785,1/59,0.4477942115947188,0.5495656233207913,0,0,1.7104487957026513,1.3742113392020114,PSME1
Reactome_2022,Leishmania Infection R-HSA-9658195,3/247,0.4498174108345097,0.549882633398307,0,0,1.220520928684364,0.9750906863314656,JUN;TXNIP;CALM1
Reactome_2022,Defective CFTR Causes Cystic Fibrosis R-HSA-5678895,1/60,0.4533325962584122,0.549882633398307,0,0,1.681372966527553,1.330183274831934,PSME1
Reactome_2022,Formation Of beta-catenin:TCF Transactivating Complex R-HSA-201722,1/60,0.4533325962584122,0.549882633398307,0,0,1.681372966527553,1.330183274831934,MYC
Reactome_2022,HDACs Deacetylate Histones R-HSA-3214815,1/60,0.4533325962584122,0.549882633398307,0,0,1.681372966527553,1.330183274831934,ARID4B
Reactome_2022,Transcriptional Regulation By MECP2 R-HSA-8986944,1/60,0.4533325962584122,0.549882633398307,0,0,1.681372966527553,1.330183274831934,CALM1
Reactome_2022,rRNA Modification In Nucleus And Cytosol R-HSA-6790901,1/60,0.4533325962584122,0.549882633398307,0,0,1.681372966527553,1.330183274831934,TRMT112
Reactome_2022,Meiotic Synapsis R-HSA-1221632,1/60,0.4533325962584122,0.549882633398307,0,0,1.681372966527553,1.330183274831934,LMNA
Reactome_2022,Post NMDA Receptor Activation Events R-HSA-438064,1/61,0.4588157080798082,0.5528539689093888,0,0,1.6532663316582914,1.288070804786777,CALM1
Reactome_2022,DNA Damage/Telomere Stress Induced Senescence R-HSA-2559586,1/61,0.4588157080798082,0.5528539689093888,0,0,1.6532663316582914,1.288070804786777,CDKN1A
Reactome_2022,Dectin-1 Mediated Noncanonical NF-kB Signaling R-HSA-5607761,1/61,0.4588157080798082,0.5528539689093888,0,0,1.6532663316582914,1.288070804786777,PSME1
Reactome_2022,Signaling By FGFR In Disease R-HSA-1226099,1/61,0.4588157080798082,0.5528539689093888,0,0,1.6532663316582914,1.288070804786777,STAT3
Reactome_2022,Pre-NOTCH Transcription And Translation R-HSA-1912408,1/62,0.4642440960951576,0.5566347796930426,0,0,1.6260812258011368,1.2477649663473405,JUN
Reactome_2022,Asymmetric Localization Of PCP Proteins R-HSA-4608870,1/62,0.4642440960951576,0.5566347796930426,0,0,1.6260812258011368,1.2477649663473405,PSME1
Reactome_2022,RAB Geranylgeranylation R-HSA-8873719,1/62,0.4642440960951576,0.5566347796930426,0,0,1.6260812258011368,1.2477649663473405,RAB13
Reactome_2022,Influenza Infection R-HSA-168255,2/157,0.4669832454160993,0.5589996484537544,0,0,1.280221570544151,0.9748399482603152,CALR;HSPA1A
Reactome_2022,Autodegradation Of Cdh1 By Cdh1:APC/C R-HSA-174084,1/63,0.4696183035751055,0.5612323660758228,0,0,1.5997730588426,1.2091645247691418,PSME1
Reactome_2022,Oxygen-dependent Proline Hydroxylation Of Hypoxia-inducible Factor Alpha R-HSA-1234176,1/64,0.4749388686968527,0.5657360053594863,0,0,1.574300071787509,1.1721753146425786,PSME1
Reactome_2022,Hedgehog Ligand Biogenesis R-HSA-5358346,1/64,0.4749388686968527,0.5657360053594863,0,0,1.574300071787509,1.1721753146425786,PSME1
Reactome_2022,Regulation Of RAS By GAPs R-HSA-5658442,1/65,0.4802063242660991,0.5701472481921601,0,0,1.5496231155778897,1.1367096495006708,PSME1
Reactome_2022,Mitochondrial Protein Import R-HSA-1268020,1/65,0.4802063242660991,0.5701472481921601,0,0,1.5496231155778897,1.1367096495006708,CCNI
Reactome_2022,Citric Acid (TCA) Cycle And Respiratory Electron Transport R-HSA-1428517,2/163,0.4865301078782612,0.576716176655695,0,0,1.2321350147437105,0.8876996710994104,LDHB;CCNI
Reactome_2022,APC/C:Cdc20 Mediated Degradation Of Securin R-HSA-174154,1/67,0.4905840112592053,0.5786986152232373,0,0,1.5025125628140703,1.0700274503610792,PSME1
Reactome_2022,Regulation Of PTEN Stability And Activity R-HSA-8948751,1/67,0.4905840112592053,0.5786986152232373,0,0,1.5025125628140703,1.0700274503610792,PSME1
Reactome_2022,Sensory Processing Of Sound By Inner Hair Cells Of Cochlea R-HSA-9662360,1/67,0.4905840112592053,0.5786986152232373,0,0,1.5025125628140703,1.0700274503610792,MSN
Reactome_2022,Regulation Of Expression Of SLITs And ROBOs R-HSA-9010553,2/167,0.4993126955468189,0.5880435461286446,0,0,1.202020202020202,0.8348303583619261,PSME1;RNPS1
Reactome_2022,Orc1 Removal From Chromatin R-HSA-68949,1/69,0.500755522308534,0.5887915738111634,0,0,1.4581732190363583,1.0085269537658983,PSME1
Reactome_2022,SUMO E3 Ligases SUMOylate Target Proteins R-HSA-3108232,2/168,0.5024765895852316,0.5898638225565762,0,0,1.1947182670074237,0.8222125520888384,DDX17;PARK7
Reactome_2022,Cell Cycle Checkpoints R-HSA-69620,3/271,0.5108657366379951,0.598747784580544,0,0,1.109856807333889,0.7454336261293657,CDKN1A;PSME1;YWHAZ
Reactome_2022,CDK-mediated Phosphorylation And Removal Of Cdc6 R-HSA-69017,1/72,0.5156351033007534,0.6004760228534332,0,0,1.396347936867436,0.9248793332622998,PSME1
Reactome_2022,Cdc20:Phospho-APC/C Mediated Degradation Of Cyclin A R-HSA-174184,1/72,0.5156351033007534,0.6004760228534332,0,0,1.396347936867436,0.9248793332622998,PSME1
Reactome_2022,Regulation Of RUNX2 Expression And Activity R-HSA-8939902,1/72,0.5156351033007534,0.6004760228534332,0,0,1.396347936867436,0.9248793332622998,PSME1
Reactome_2022,Signaling By FGFR2 R-HSA-5654738,1/72,0.5156351033007534,0.6004760228534332,0,0,1.396347936867436,0.9248793332622998,HNRNPH1
Reactome_2022,APC/C:Cdh1 Mediated Degradation Of Cdc20 And APC/C:Cdh1 Targets In Late Mitosis/Early G1 R-HSA-174178,1/73,0.5204962404113022,0.6030894925156689,0,0,1.3768844221105527,0.8990678202624621,PSME1
Reactome_2022,APC:Cdc20 Mediated Degradation Of Cell Cycle Proteins Before Cycle Checkpoint Satisfied R-HSA-179419,1/73,0.5204962404113022,0.6030894925156689,0,0,1.3768844221105527,0.8990678202624621,PSME1
Reactome_2022,Cellular Response To Hypoxia R-HSA-1234174,1/73,0.5204962404113022,0.6030894925156689,0,0,1.3768844221105527,0.8990678202624621,PSME1
Reactome_2022,SUMOylation R-HSA-2990846,2/174,0.521188450322183,0.6030894925156689,0,0,1.1526896875734085,0.7511428504980086,DDX17;PARK7
Reactome_2022,Activation Of NMDA Receptors And Postsynaptic Events R-HSA-442755,1/74,0.5253088319278648,0.6049765220780623,0,0,1.3579541543333105,0.8742087038575203,CALM1
Reactome_2022,RNA Polymerase II Transcribes snRNA Genes R-HSA-6807505,1/74,0.5253088319278648,0.6049765220780623,0,0,1.3579541543333105,0.8742087038575203,INTS6
Reactome_2022,Signaling By NOTCH1 R-HSA-1980143,1/74,0.5253088319278648,0.6049765220780623,0,0,1.3579541543333105,0.8742087038575203,MYC
Reactome_2022,APC/C:Cdc20 Mediated Degradation Of Mitotic Proteins R-HSA-176409,1/75,0.5300733603880184,0.6070318804359871,0,0,1.3395355154149124,0.8502565938086776,PSME1
Reactome_2022,Sensory Processing Of Sound R-HSA-9659379,1/75,0.5300733603880184,0.6070318804359871,0,0,1.3395355154149124,0.8502565938086776,MSN
Reactome_2022,ISG15 Antiviral Mechanism R-HSA-1169408,1/75,0.5300733603880184,0.6070318804359871,0,0,1.3395355154149124,0.8502565938086776,EIF4G2
Reactome_2022,Deubiquitination R-HSA-5688426,3/279,0.5304242905867267,0.6070318804359871,0,0,1.0772456411388214,0.6830578095007958,MYC;PSME1;TNFAIP3
Reactome_2022,RAC1 GTPase Cycle R-HSA-9013149,2/178,0.5334005682638644,0.609481213580497,0,0,1.1262626262626263,0.7078364657460958,ITGB1;CAV1
Reactome_2022,Activation Of APC/C And APC/C:Cdc20 Mediated Degradation Of Mitotic Proteins R-HSA-176814,1/76,0.5347903032317255,0.6101128811516868,0,0,1.321608040201005,0.8271687875669174,PSME1
Reactome_2022,ABC Transporter Disorders R-HSA-5619084,1/77,0.5394601334395485,0.6125645440458425,0,0,1.3041523406506217,0.8049050782659102,PSME1
Reactome_2022,Regulation Of Insulin Secretion R-HSA-422356,1/77,0.5394601334395485,0.6125645440458425,0,0,1.3041523406506217,0.8049050782659102,MARCKS
Reactome_2022,G2/M DNA Damage Checkpoint R-HSA-69473,1/77,0.5394601334395485,0.6125645440458425,0,0,1.3041523406506217,0.8049050782659102,YWHAZ
Reactome_2022,Pre-NOTCH Expression And Processing R-HSA-1912422,1/78,0.544083319204552,0.6148039338908038,0,0,1.2871500358937544,0.7834275809102157,JUN
Reactome_2022,RNA Polymerase I Promoter Clearance R-HSA-73854,1/78,0.544083319204552,0.6148039338908038,0,0,1.2871500358937544,0.7834275809102157,POLR1D
Reactome_2022,FCERI Mediated NF-kB Activation R-HSA-2871837,1/78,0.544083319204552,0.6148039338908038,0,0,1.2871500358937544,0.7834275809102157,PSME1
Reactome_2022,Metabolism Of Carbohydrates R-HSA-71387,3/285,0.5448056807866383,0.6148039338908038,0,0,1.0540015120423372,0.640122624449019,CALM1;CD44;DCN
Reactome_2022,Regulation Of APC/C Activators Between G1/S And Early Anaphase R-HSA-176408,1/80,0.5531916072648388,0.623302444661619,0,0,1.254436740665352,0.7426903392796255,PSME1
Reactome_2022,Membrane Trafficking R-HSA-199991,6/599,0.555925560866811,0.6254162559751624,0,0,1.0017384955059891,0.5881415840339872,FTH1;RAB13;AP3S1;CALM1;YWHAZ;FTL
Reactome_2022,Metabolism Of Vitamins And Cofactors R-HSA-196854,2/186,0.5571827441654297,0.6258647465278864,0,0,1.0768555116381204,0.6298118751293473,APOE;CALM1
Reactome_2022,Transport Of Small Molecules R-HSA-382551,7/706,0.5627831303519881,0.6311829261947682,0,0,0.9911049834330315,0.569747531205701,MYLIP;FTH1;PSME1;APOE;CALM1;SLC38A2;FTL
Reactome_2022,Platelet Homeostasis R-HSA-418346,1/83,0.5665156476761636,0.6343930985498053,0,0,1.208358867508273,0.6866506239569532,CALM1
Reactome_2022,Transcriptional Regulation Of White Adipocyte Differentiation R-HSA-381340,1/84,0.5708685433147935,0.6382870676019701,0,0,1.1937397832536174,0.6692061267801053,CEBPD
Reactome_2022,Hedgehog On State R-HSA-5632684,1/85,0.5751779449472499,0.6421205541600998,0,0,1.1794687724335966,0.6523356544527062,PSME1
Reactome_2022,Signaling By FGFR R-HSA-190236,1/86,0.5794442849420854,0.6458943176189301,0,0,1.1655335501034585,0.636015065932131,HNRNPH1
Reactome_2022,APC/C-mediated Degradation Of Cell Cycle Proteins R-HSA-174143,1/87,0.5836679914950987,0.6496091080914915,0,0,1.1519224027112305,0.6202214761277236,PSME1
Reactome_2022,Peptide Ligand-Binding Receptors R-HSA-375276,2/196,0.5856880874581174,0.6502917710591677,0,0,1.0208268249505363,0.5461095879886158,GPNMB;CCL2
Reactome_2022,Opioid Signaling R-HSA-111885,1/88,0.5878494885157634,0.6502917710591677,0,0,1.138624155259054,0.6049331780092367,CALM1
Reactome_2022,PCP/CE Pathway R-HSA-4086400,1/88,0.5878494885157634,0.6502917710591677,0,0,1.138624155259054,0.6049331780092367,PSME1
Reactome_2022,Meiosis R-HSA-1500620,1/88,0.5878494885157634,0.6502917710591677,0,0,1.138624155259054,0.6049331780092367,LMNA
Reactome_2022,RAB GEFs Exchange GTP For GDP On RABs R-HSA-8876198,1/89,0.591989195722158,0.6519035100928297,0,0,1.1256281407035176,0.5901295699518402,RAB13
Reactome_2022,Sphingolipid Metabolism R-HSA-428157,1/89,0.591989195722158,0.6519035100928297,0,0,1.1256281407035176,0.5901295699518402,DEGS1
Reactome_2022,Mitochondrial Biogenesis R-HSA-1592230,1/89,0.591989195722158,0.6519035100928297,0,0,1.1256281407035176,0.5901295699518402,CALM1
Reactome_2022,Respiratory Electron Transport R-HSA-611105,1/90,0.5960875287025766,0.653455351013802,0,0,1.1129241714188922,0.5757910883551692,CCNI
Reactome_2022,Eukaryotic Translation Termination R-HSA-72764,1/90,0.5960875287025766,0.653455351013802,0,0,1.1129241714188922,0.5757910883551692,TRMT112
Reactome_2022,Switching Of Origins To A Post-Replicative State R-HSA-69052,1/90,0.5960875287025766,0.653455351013802,0,0,1.1129241714188922,0.5757910883551692,PSME1
Reactome_2022,Ub-specific Processing Proteases R-HSA-5689880,2/201,0.599426855548892,0.6539695534179703,0,0,0.9949241155271306,0.5091835781900128,MYC;PSME1
Reactome_2022,Activation Of HOX Genes During Differentiation R-HSA-5619507,1/91,0.6001448988156681,0.6539695534179703,0,0,1.100502512562814,0.5618991453376235,JUN
Reactome_2022,EPH-Ephrin Signaling R-HSA-2682334,1/91,0.6001448988156681,0.6539695534179703,0,0,1.100502512562814,0.5618991453376235,MYL9
Reactome_2022,HCMV Late Events R-HSA-9610379,1/91,0.6001448988156681,0.6539695534179703,0,0,1.100502512562814,0.5618991453376235,CEBPD
Reactome_2022,Telomere Maintenance R-HSA-157579,1/92,0.6041617136020576,0.6573640137550746,0,0,1.0883538571980782,0.5484360698708618,ATRX
Reactome_2022,Downstream TCR Signaling R-HSA-202424,1/94,0.6120752863236749,0.6649819429656617,0,0,1.0648403306856864,0.5227301046685241,PSME1
Reactome_2022,UCH Proteinases R-HSA-5689603,1/95,0.6159728391110465,0.6682205352856442,0,0,1.0534587832780926,0.5104559909803796,PSME1
Reactome_2022,HCMV Early Events R-HSA-9609690,1/96,0.6198314260741546,0.6713449472266716,0,0,1.0423168473948692,0.4985482066164667,ITGB1
Reactome_2022,Signaling By ROBO Receptors R-HSA-376176,2/209,0.6206947797404343,0.6713449472266716,0,0,0.956082564778217,0.4559708964259402,PSME1;RNPS1
Reactome_2022,RUNX1 Regulates Transcription Of Genes Involved In Differentiation Of HSCs R-HSA-8939236,1/98,0.6274332493027582,0.67562605427136,0,0,1.0207221675387246,0.4757769643136218,PSME1
Reactome_2022,Response Of EIF2AK4 (GCN2) To Amino Acid Deficiency R-HSA-9633012,1/98,0.6274332493027582,0.67562605427136,0,0,1.0207221675387246,0.4757769643136218,ATF4
Reactome_2022,Hedgehog Off State R-HSA-5610787,1/98,0.6274332493027582,0.67562605427136,0,0,1.0207221675387246,0.4757769643136218,PSME1
Reactome_2022,Stimuli-sensing Channels R-HSA-2672351,1/100,0.6348838112697764,0.6816351964884639,0,0,1.0,0.454313271209604,CALM1
Reactome_2022,TNFR2 Non-Canonical NF-kB Pathway R-HSA-5668541,1/100,0.6348838112697764,0.6816351964884639,0,0,1.0,0.454313271209604,PSME1
Reactome_2022,ABC-family Proteins Mediated Transport R-HSA-382556,1/102,0.642186106799596,0.688461282142508,0,0,0.9800985123637992,0.4340632175669919,PSME1
Reactome_2022,Phase I - Functionalization Of Compounds R-HSA-211945,1/104,0.6493430720264805,0.6951117467067611,0,0,0.9609698980338586,0.4149411183845573,ADH5
Reactome_2022,PI3K/AKT Signaling In Cancer R-HSA-2219528,1/105,0.6528679573920863,0.6958197966941972,0,0,0.9516814843448008,0.4057783123183748,CDKN1A
Reactome_2022,Integration Of Energy Metabolism R-HSA-163685,1/105,0.6528679573920863,0.6958197966941972,0,0,0.9516814843448008,0.4057783123183748,MARCKS
Reactome_2022,tRNA Processing R-HSA-72306,1/105,0.6528679573920863,0.6958197966941972,0,0,0.9516814843448008,0.4057783123183748,TRMT112
Reactome_2022,HATs Acetylate Histones R-HSA-3214847,1/106,0.6563575850020138,0.6985177802430191,0,0,0.9425699928212492,0.3968686613882323,MORF4L1
Reactome_2022,Assembly Of Pre-Replicative Complex R-HSA-68867,1/110,0.6699704840956059,0.7110143460763109,0,0,0.9077958600341156,0.3635918695397154,PSME1
Reactome_2022,HIV Infection R-HSA-162906,2/229,0.6700505565904329,0.7110143460763109,0,0,0.8709562586214569,0.3487327252777362,PSME1;B2M
Reactome_2022,"Respiratory Electron Transport, ATP Synthesis By Chemiosmotic Coupling, Heat Production By Uncoupling Proteins R-HSA-163200",1/112,0.6765743473112501,0.7148155060723207,0,0,0.8913486350672281,0.3482614435144341,CCNI
Reactome_2022,Mitotic Prophase R-HSA-68875,1/112,0.6765743473112501,0.7148155060723207,0,0,0.8913486350672281,0.3482614435144341,LMNA
Reactome_2022,Nonsense Mediated Decay (NMD) Enhanced By Exon Junction Complex (EJC) R-HSA-975957,1/112,0.6765743473112501,0.7148155060723207,0,0,0.8913486350672281,0.3482614435144341,RNPS1
Reactome_2022,Reproduction R-HSA-1474165,1/113,0.6798268039735822,0.7172123590401467,0,0,0.8833452979181622,0.3408981557475202,LMNA
Reactome_2022,PPARA Activates Gene Expression R-HSA-1989781,1/116,0.6893901914288371,0.7252026689056598,0,0,0.8601704173039109,0.3199385396662478,PLIN2
Reactome_2022,TCR Signaling R-HSA-202403,1/116,0.6893901914288371,0.7252026689056598,0,0,0.8601704173039109,0.3199385396662478,PSME1
Reactome_2022,Signaling By GPCR R-HSA-372790,6/689,0.6906343305515746,0.7254645921788155,0,0,0.8656624050957722,0.3204204240085406,ITGB1;PRPF38B;GPNMB;CCL2;CALM1;RHOC
Reactome_2022,Chromosome Maintenance R-HSA-73886,1/118,0.6956073317848006,0.7285887138952868,0,0,0.845380749903363,0.3068478138715934,ATRX
Reactome_2022,Regulation Of Lipid Metabolism By PPARalpha R-HSA-400206,1/118,0.6956073317848006,0.7285887138952868,0,0,0.845380749903363,0.3068478138715934,PLIN2
Reactome_2022,Synthesis Of DNA R-HSA-69239,1/119,0.6986693101557254,0.7307459499333196,0,0,0.8381739204497062,0.3005505089455322,PSME1
Reactome_2022,Rab Regulation Of Trafficking R-HSA-9007101,1/122,0.7076725687660174,0.73820481774023,0,0,0.8172681589767017,0.2825898889623316,RAB13
Reactome_2022,Transmission Across Chemical Synapses R-HSA-112315,2/246,0.7078260186562699,0.73820481774023,0,0,0.8095711210465308,0.2797529288928009,CALM1;SLC38A2
Reactome_2022,SLC-mediated Transmembrane Transport R-HSA-425407,2/247,0.7099322090701349,0.7382889877491131,0,0,0.8062255205112348,0.2762014098360295,CALM1;SLC38A2
Reactome_2022,Diseases Of Metabolism R-HSA-5668914,2/247,0.7099322090701349,0.7382889877491131,0,0,0.8062255205112348,0.2762014098360295,PRNP;DCN
Reactome_2022,DNA Replication Pre-Initiation R-HSA-69002,1/127,0.7220870340624399,0.7498596122956107,0,0,0.7846374730796841,0.2554854949797123,PSME1
Reactome_2022,Signaling By Hedgehog R-HSA-5358351,1/135,0.743693243928707,0.7711982572176777,0,0,0.7374934373359334,0.2183914504625392,PSME1
Reactome_2022,GPCR Downstream Signaling R-HSA-388396,5/619,0.74525499113285,0.7717200121247835,0,0,0.8012194103399315,0.2355816211682196,ITGB1;PRPF38B;GPNMB;CALM1;RHOC
Reactome_2022,RAF/MAP Kinase Cascade R-HSA-5673001,2/271,0.7567884767091018,0.7825514886821776,0,0,0.7333934136908115,0.2043758336597719,PSME1;CALM1
Reactome_2022,Diseases Of Glycosylation R-HSA-3781865,1/143,0.76362742236206,0.7885048029772547,0,0,0.6956614056196475,0.1876026814442347,DCN
Reactome_2022,MAPK1/MAPK3 Signaling R-HSA-5684996,2/277,0.7674369654461646,0.7913176065208684,0,0,0.7171717171717171,0.1898345880301726,PSME1;CALM1
Reactome_2022,CDC42 GTPase Cycle R-HSA-9013148,1/149,0.777558641095328,0.8006218211278165,0,0,0.6672551948933858,0.1678788815691765,CAV1
Reactome_2022,Cellular Response To Starvation R-HSA-9711097,1/153,0.7863891079150508,0.8074333234789747,0,0,0.6495636075112404,0.1560924478581284,ATF4
Reactome_2022,G Alpha (S) Signaling Events R-HSA-418555,1/153,0.7863891079150508,0.8074333234789747,0,0,0.6495636075112404,0.1560924478581284,ITGB1
Reactome_2022,DNA Replication R-HSA-69306,1/155,0.7906726445156229,0.8106896734907019,0,0,0.6410624551328069,0.1505671382701188,PSME1
Reactome_2022,Anti-inflammatory Response Favoring Leishmania Infection R-HSA-9662851,1/165,0.8108416098036432,0.8302015920601908,0,0,0.6016668709400662,0.1261590415104338,CALM1
Reactome_2022,Separation Of Sister Chromatids R-HSA-2467813,1/170,0.8201886602032219,0.8385940158319057,0,0,0.5837174035859772,0.1157049842793753,PSME1
Reactome_2022,Ion Channel Transport R-HSA-983712,1/175,0.8290760267785648,0.8464935903663497,0,0,0.5667995148154565,0.1062428389619336,CALM1
Reactome_2022,Disorders Of Transmembrane Transporters R-HSA-5619115,1/176,0.8308003376270978,0.8470677568253907,0,0,0.5635319454414932,0.1044595389554742,PSME1
Reactome_2022,Neurotransmitter Receptors And Postsynaptic Signal Transmission R-HSA-112314,1/182,0.840788699468915,0.855515862432586,0,0,0.544684749715428,0.0944564512523902,CALM1
Reactome_2022,Class A/1 (Rhodopsin-like Receptors) R-HSA-373076,2/327,0.8414332967958356,0.855515862432586,0,0,0.6052836052836053,0.1045013280272035,GPNMB;CCL2
Reactome_2022,rRNA Processing In Nucleus And Cytosol R-HSA-8868773,1/189,0.8517024816274591,0.864750848337629,0,0,0.5242168288249759,0.0841462437992407,TRMT112
Reactome_2022,rRNA Processing R-HSA-72312,1/199,0.8660145054493834,0.8780592134528518,0,0,0.4974874371859296,0.0715653690513794,TRMT112
Reactome_2022,G Alpha (Q) Signaling Events R-HSA-416476,1/212,0.8825844796760208,0.893616785671971,0,0,0.4665269475338779,0.0582695736095748,GPNMB
Reactome_2022,Neuronal System R-HSA-112316,2/386,0.9010106066544562,0.9110079504176124,0,0,0.5107323232323232,0.0532378432609992,CALM1;SLC38A2
Reactome_2022,Translation R-HSA-72766,1/281,0.941817631809925,0.950228536302611,0,0,0.3503230437903805,0.0209996313976804,TRMT112
Reactome_2022,Asparagine N-linked Glycosylation R-HSA-446203,1/282,0.9424077253042356,0.950228536302611,0,0,0.3490584595575743,0.020705194416427,CALR
Reactome_2022,GPCR Ligand Binding R-HSA-500792,2/458,0.945524734785077,0.9520546017380126,0,0,0.4284954811270601,0.0240022732256469,GPNMB;CCL2
Reactome_2022,Sensory Perception R-HSA-9709957,3/616,0.9481761375428598,0.953407454163786,0,0,0.4766522304386349,0.025365046006997,MSN;APOE;CALM1
Reactome_2022,Metabolism R-HSA-1430728,14/2049,0.9555714764810342,0.959520118945832,0,0,0.6570764312699796,0.0298613067712625,PRNP;CCNI;CAV1;ADH5;DCN;TRMT112;LDHB;MARCKS;PSME1;PLIN2;DEGS1;APOE;CALM1;CD44
Reactome_2022,G Alpha (I) Signaling Events R-HSA-418594,1/312,0.9575922411690538,0.9602266077197252,0,0,0.3149024867100777,0.0136457409844075,CALM1
Reactome_2022,Metabolism Of Amino Acids And Derivatives R-HSA-71291,1/364,0.9750783988975512,0.97641779230263,0,0,0.2690726359068067,0.006790694304129,PSME1
Reactome_2022,Metabolism Of Lipids R-HSA-556833,3/732,0.9789051392136716,0.9789051392136716,0,0,0.3983831547283324,0.0084937426870247,CAV1;PLIN2;DEGS1
