Gene_set,Term,Overlap,P-value,Adjusted P-value,Old P-value,Old Adjusted P-value,Odds Ratio,Combined Score,Genes
GO_Biological_Process_2023,Cytoplasmic Translation (GO:0002181),76/93,1.1807196858730804e-141,1.582164379069928e-138,0,0,713.2390891840607,231444.9246823116,RPL4;RPL5;RPL30;RPL3;RPL32;RPL31;RPL34;RPLP1;RPLP0;RPL10A;RPL8;RPL9;RPL6;RPS15;RPS4X;RPL7A;RPS14;RPS17;RPS16;RPL18A;RPS19;RPS18;RACK1;RPL36;RPL35;RPLP2;RPL38;RPL37;RPS11;RPL39;RPS10;RPS13;RPS9;RPL21;RPS7;RPS8;RPS5;RPL22;RPS6;RPL13A;RPS3A;RPSA;RPL37A;RPL24;RPL27;RPL26;RPL29;RPL28;UBA52;RPL10;RPL12;RPL11;RPS15A;RPL14;RPS3;RPL13;RPL15;RPS2;RPL18;RPS27A;RPL17;RPL19;RPL41;RPL35A;RPL23A;RPS26;RPS25;RPS28;RPS27;RPS29;RPL27A;RPS20;FAU;RPS21;RPS24;RPS23
GO_Biological_Process_2023,Peptide Biosynthetic Process (GO:0043043),75/158,1.3951452843424306e-111,6.9457437272961945e-109,0,0,142.53253012048194,36381.990855797725,RPL4;RPL5;RPL30;RPL3;RPL32;RPL31;RPL34;RPLP1;RPLP0;RPL10A;RPL8;RPL9;RPL6;RPS15;RPS4X;RPS14;RPL7A;RPS17;RPS16;RPL18A;RPS19;RPS18;RPL36;RPL35;RPLP2;RPL38;RPL37;RPS11;RPL39;RPS10;RPS13;RPS9;RPL21;RPS7;RPS8;RPS5;RPL22;RPS6;RPL13A;RPSA;RPS3A;EEF1A1;RPL37A;RPL24;RPL27;RPL26;RPL29;RPL28;RPL10;RPL12;RPL11;RPS15A;RPL14;RPS3;RPL13;RPL15;RPS2;RPL18;RPS27A;RPL17;RPL19;RPL41;RPL35A;RPL23A;RPS26;RPS25;RPS28;RPS27;RPS29;RPL27A;RPS20;FAU;RPS21;RPS24;RPS23
GO_Biological_Process_2023,Macromolecule Biosynthetic Process (GO:0009059),78/183,1.555017252379745e-111,6.9457437272961945e-109,0,0,119.92271662763466,30597.736540348327,RPL4;RPL5;RPL30;RPL3;RPL32;RPL31;RPL34;RPLP1;RPLP0;RPL10A;RPL8;RPL9;RPL6;EEF1B2;RPS15;RPS4X;RPS14;RPL7A;RPS17;RPS16;RPL18A;RPS19;RPS18;RPL36;RPL35;RPLP2;RPL38;RPL37;RPS11;RPL39;RPS10;RPS13;RPS9;RPL21;RPS7;RPS8;RPS5;RPL22;RPS6;RPL13A;RPSA;RPS3A;EEF1A1;RPL37A;RPL24;RPL27;RPL26;RPL29;RPL28;RPL10;RPL12;RPL11;RPS15A;RPL14;RPS3;RPL13;APOE;RPL15;RPS2;RPL18;RPS27A;RPL17;RPL19;RPL41;RPL35A;RPL23A;EEF2;RPS26;RPS25;RPS28;RPS27;RPS29;RPL27A;RPS20;FAU;RPS21;RPS24;RPS23
GO_Biological_Process_2023,Translation (GO:0006412),79/234,3.8006549091390644e-103,1.2732193945615863e-100,0,0,82.74886696880831,19514.7555913277,RPL4;RPL5;RPL30;RPL3;RPL32;RPL31;RPL34;RPLP1;RPLP0;RPL8;RPL10A;RPL9;RPL6;RPS15;EEF1B2;RPS4X;RPS14;RPL7A;RPS17;RPS16;RPS19;RPL18A;RPS18;RPL36;RACK1;RPL35;RPLP2;RPL38;RPL37;RPS11;RPS10;RPL39;RPS13;RPS9;RPL21;RPS7;RPS8;RPS5;RPL22;RPS6;RPL13A;RPSA;RPS3A;EEF1A1;RPL37A;RPL24;RPL27;RPL26;RPL29;RPL28;UBA52;RPL10;RPL12;RPL11;RPS15A;RPL14;RPS3;RPL13;RPL15;RPS2;RPL18;RPS27A;RPL17;RPL19;RPL41;RPL35A;RPL23A;EEF2;RPS26;RPS25;RPS28;RPS27;RPS29;RPL27A;RPS20;FAU;RPS21;RPS24;RPS23
GO_Biological_Process_2023,Gene Expression (GO:0010467),75/296,9.686581748311035e-87,2.5960039085473573e-84,0,0,53.155656108597285,10527.698898909664,RPL4;RPL5;RPL30;RPL3;RPL32;RPL31;RPL34;RPLP1;RPLP0;RPL8;RPL10A;RPL9;RPL6;RPS15;RPS4X;RPS14;RPL7A;RPS17;RPS16;RPS19;RPL18A;RPS18;RPL36;RPL35;RPLP2;RPL38;RPL37;RPS11;RPS10;RPL39;RPS13;RPS9;RPL21;RPS7;RPS8;RPS5;RPL22;RPS6;RPL13A;RPSA;RPS3A;EEF1A1;RPL37A;RPL24;RPL27;RPL26;RPL29;RPL28;RPL10;RPL12;RPL11;RPS15A;RPL14;RPS3;RPL13;RPL15;RPS2;RPL18;RPS27A;RPL17;RPL19;RPL41;RPL35A;RPL23A;RPS26;RPS25;RPS28;RPS27;RPS29;RPL27A;RPS20;FAU;RPS21;RPS24;RPS23
GO_Biological_Process_2023,Ribonucleoprotein Complex Biogenesis (GO:0022613),27/118,2.3939516829576178e-29,5.34649209193868e-27,0,0,33.801880200724135,2227.6122618388963,RPL5;RPL11;RPS15;RPS4X;FBL;RPS14;RPS17;RPS16;RPS15A;RPS19;RPL14;RPL38;RPS11;RPS13;RPS9;RPS7;RPS8;RPS5;RPS6;RPL35A;RPS3A;RPS25;RPS28;RPS27;RPL26;RPS24;RPS23
GO_Biological_Process_2023,Ribosome Biogenesis (GO:0042254),28/155,2.5216551947196357e-27,4.827168515606159e-25,0,0,25.217176341329427,1544.422989438978,RPL5;RPL11;RPS15;RPS4X;FBL;RPS14;RPS17;RPS16;RPS15A;RPS19;RPL14;RPS11;RPS13;RPS9;RPS7;RPS8;RPS5;RPS6;RPL35A;RPS3A;RPS25;RPS28;RPS27;RPL27;RPL26;NOP53;RPS24;RPS23
GO_Biological_Process_2023,Ribosomal Small Subunit Biogenesis (GO:0042274),22/84,1.677886800081722e-25,2.8104603901368845e-23,0,0,39.34722725625227,2244.644900326496,RPS9;RPS7;RPS8;RPS5;RPS6;RPS3A;RPSA;RPS15;RPS4X;FBL;RPS14;RPS25;RPS17;RPS28;RPS16;RPS15A;RPS27;RPS19;RPS11;RPS13;RPS24;RPS23
GO_Biological_Process_2023,rRNA Processing (GO:0006364),19/101,3.342705853728293e-19,4.976917604439903e-17,0,0,25.242015900821997,1073.8543256077662,RPL5;RPS7;RPS6;RPL11;RPL35A;RPS15;FBL;RPS14;RPS25;RPS17;RPS28;RPS16;RPS27;RPS19;RPL14;RPL27;RPL26;NOP53;RPS24
GO_Biological_Process_2023,rRNA Metabolic Process (GO:0016072),18/91,1.1479797857843448e-18,1.5382929129510222e-16,0,0,26.726328466054493,1104.0252873590027,RPL5;RPS7;RPS6;RPL11;RPL35A;RPS15;FBL;RPS25;RPS17;RPS28;RPS16;RPS27;RPS19;RPL14;RPL27;RPL26;NOP53;RPS24
GO_Biological_Process_2023,ncRNA Processing (GO:0034470),18/100,6.892080606864378e-18,8.395807284725696e-16,0,0,23.78209595282766,939.7770769293176,RPL5;RPS7;RPS6;RPL11;RPL35A;RPS15;FBL;RPS25;RPS17;RPS28;RPS16;RPS27;RPS19;RPL14;RPL27;RPL26;NOP53;RPS24
GO_Biological_Process_2023,Ribosome Assembly (GO:0042255),14/50,4.317095930483523e-17,4.820757122373267e-15,0,0,41.32258064516129,1557.0911879579394,RPL5;RPL10;RPS5;RPLP0;RPL11;RPSA;RPL23A;RPL6;RPS15;RPS14;RPS28;RPS27;RPS19;NOP53
GO_Biological_Process_2023,protein-RNA Complex Assembly (GO:0022618),17/150,1.6983327041179657e-13,1.750589095013903e-11,0,0,13.736759932618432,403.9151286182209,RPL5;RPL10;RPS5;RPLP0;RPL11;RPSA;RPL23A;RPL6;RPS15;RPS14;RPS28;RPS27;RPS19;EIF3L;RPL38;EIF3E;NOP53
GO_Biological_Process_2023,Positive Regulation Of Signal Transduction By P53 Class Mediator (GO:1901798),8/21,1.5814702935114246e-11,1.5136929952180775e-09,0,0,63.4198717948718,1577.2573512808224,RPS15;RPS7;UBB;MYC;PMAIP1;RPS20;RPL37;RPL17
GO_Biological_Process_2023,Ribosomal Large Subunit Biogenesis (GO:0042273),10/54,1.3025431123038723e-10,1.1636051803247929e-08,0,0,23.63157894736842,537.8909483656437,RPL5;RPL10;RPLP0;RPL11;RPL14;RPL35A;RPL23A;RPL26;NOP53;RPL6
GO_Biological_Process_2023,Ribosomal Small Subunit Assembly (GO:0000028),7/17,1.6080434779744834e-10,1.34673641280363e-08,0,0,71.77720207253886,1618.6356771198032,RPS15;RPS14;RPS28;RPS27;RPS19;RPS5;RPSA
GO_Biological_Process_2023,Ribosomal Large Subunit Assembly (GO:0000027),7/22,1.351695293815181e-09,1.065453937477849e-07,0,0,47.83937823834197,976.971297878164,RPL5;RPL10;RPL11;RPLP0;RPL23A;NOP53;RPL6
GO_Biological_Process_2023,Regulation Of Signal Transduction By P53 Class Mediator (GO:1901796),8/47,1.9565699312861265e-08,1.4565576155130051e-06,0,0,21.112179487179485,374.7303730596972,RPS15;RPL5;RPL11;RPS20;RPL37;SGK1;RPL17;NOP53
GO_Biological_Process_2023,Positive Regulation Of Intrinsic Apoptotic Signaling Pathway By P53 Class Mediator (GO:1902255),4/5,4.8141201780116036e-08,3.395221599229236e-06,0,0,404.0612244897959,6808.079065245498,RPS7;UBB;MYC;RPL26
GO_Biological_Process_2023,Positive Regulation Of Intrinsic Apoptotic Signaling Pathway (GO:2001244),7/39,1.0557617279730362e-07,7.073603577419342e-06,0,0,22.405440414507773,359.9172559673157,UBB;RPS7;MYC;RACK1;RPS3;PMAIP1;NUPR1
GO_Biological_Process_2023,Negative Regulation Of Ubiquitin Protein Ligase Activity (GO:1904667),4/8,6.582799366366558e-07,4.2004529290148514e-05,0,0,101.0,1437.5971916079902,RPL5;RPS7;RPL11;RPL17
GO_Biological_Process_2023,Regulation Of Translation (GO:0006417),11/202,6.255604630238231e-06,0.0003810231911145104,0,0,5.975207069447907,71.59512682528542,RPS4X;RPL5;RPL10;SERBP1;RACK1;RPS3;RPL13A;EIF3E;RPL26;EEF2;GAPDH
GO_Biological_Process_2023,"Maturation Of SSU-rRNA From Tricistronic rRNA Transcript (SSU-rRNA, 5.8S rRNA, LSU-rRNA) (GO:0000462)",5/30,1.105992394212401e-05,0.0006443607861933119,0,0,20.28205128205128,231.46246946256952,RPS14;RPS16;RPS19;RPS8;RPS21
GO_Biological_Process_2023,"Mitochondrial Electron Transport, Cytochrome C To Oxygen (GO:0006123)",4/16,1.6073421914510297e-05,0.0008974327235601583,0,0,33.6530612244898,371.4740483715657,COX7B;COX4I1;COX5A;COX7C
GO_Biological_Process_2023,Cardiac Muscle Cell-Cardiac Muscle Cell Adhesion (GO:0086042),3/6,1.9269523068842994e-05,0.0010328464364899,0,0,100.49238578680205,1091.0444080855816,DSP;CXADR;JUP
GO_Biological_Process_2023,Negative Regulation Of Ubiquitin-Protein Transferase Activity (GO:0051444),4/17,2.085489875667761e-05,0.0010350209012573,0,0,31.06279434850864,334.7923648041761,RPL5;RPS7;RPL11;RPL17
GO_Biological_Process_2023,Regulation Of Ubiquitin Protein Ligase Activity (GO:1904666),4/17,2.085489875667761e-05,0.0010350209012573,0,0,31.06279434850864,334.7923648041761,RPL5;RPS7;RPL11;RPL17
GO_Biological_Process_2023,Maturation Of SSU-rRNA (GO:0030490),5/38,3.65078559882961e-05,0.0017471616794398,0,0,15.35897435897436,156.9377402487027,RPS14;RPS28;RPS16;RPS19;RPS8
GO_Biological_Process_2023,Negative Regulation Of Ubiquitin-Dependent Protein Catabolic Process (GO:2000059),5/39,4.153860365388976e-05,0.0019193699619383,0,0,14.906485671191554,150.38985478925275,RPL5;RPS7;RPL11;RPL17;NOP53
GO_Biological_Process_2023,Antimicrobial Humoral Immune Response Mediated By Antimicrobial Peptide (GO:0061844),6/65,4.6909610793144606e-05,0.0020850439478705,0,0,10.348243928009785,103.14392734407448,RPL30;RPS19;FAU;CXCL14;RPL39;GAPDH
GO_Biological_Process_2023,Protein Stabilization (GO:0050821),10/208,4.823609133133452e-05,0.0020850439478705,0,0,5.2105263157894735,51.789521073447126,UXT;RPL5;RPS7;RPL11;ATP1B3;PFN1;RPL17;PFDN5;NOP53;GAPDH
GO_Biological_Process_2023,Regulation Of Intrinsic Apoptotic Signaling Pathway By P53 Class Mediator (GO:1902253),3/8,5.316209909646768e-05,0.0021587034178565,0,0,60.28934010152284,593.3776232841345,RPS7;UBB;MYC
GO_Biological_Process_2023,Modification-Dependent Macromolecule Catabolic Process (GO:0043632),3/8,5.316209909646768e-05,0.0021587034178565,0,0,60.28934010152284,593.3776232841345,UBB;RPS27A;UBA52
GO_Biological_Process_2023,Intermediate Filament Organization (GO:0045109),6/68,6.063573890742817e-05,0.0023897614745868,0,0,9.84602593947456,95.61107634878178,DSP;KRT1;KRT14;KRT5;KRT10;BBLN
GO_Biological_Process_2023,Energy Derivation By Oxidation Of Organic Compounds (GO:0015980),5/43,6.723327393029232e-05,0.0025740739161883,0,0,13.334682860998653,128.110862510313,COX7B;COX4I1;COX5A;COX7C;UQCRH
GO_Biological_Process_2023,Negative Regulation Of Proteolysis Involved In Protein Catabolic Process (GO:1903051),4/25,0.00010411396073230693,0.0038753529828136,0,0,19.221574344023324,176.26230732641343,RPL5;RPS7;RPL11;RPL17
GO_Biological_Process_2023,Positive Regulation Of Translation (GO:0045727),7/108,0.00010701408354868132,0.0038756451879792,0,0,7.073975273174986,64.67417341341343,RPS4X;RPL5;EIF3E;RPL26;PABPC1;EEF2;YBX3
GO_Biological_Process_2023,Negative Regulation Of Protein Metabolic Process (GO:0051248),8/147,0.0001182654339186378,0.0041704126697624,0,0,5.8935851318944845,53.29320926455938,CSTA;SERBP1;RACK1;RPS3;RPL13A;APOE;GAPDH;PFDN5
GO_Biological_Process_2023,Peptide Cross-Linking (GO:0018149),4/27,0.00014220084233688404,0.0048858750956775,0,0,17.54835847382431,155.44809947118517,DSP;CSTA;KRT1;KRT10
GO_Biological_Process_2023,Negative Regulation Of Gene Expression (GO:0010629),12/336,0.00015150327441154925,0.0050071132693191,0,0,3.8368794326241136,33.74498366031373,RPS26;GPNMB;SERBP1;ZC3H12A;REL;RACK1;RPS3;RPL13A;APOE;PABPC1;GAPDH;RPS13
GO_Biological_Process_2023,Negative Regulation Of Leukocyte Chemotaxis (GO:0002689),3/11,0.00015320271943439296,0.0050071132693191,0,0,37.6751269035533,330.92884130781977,UXT;DUSP1;NBL1
GO_Biological_Process_2023,Cellular Respiration (GO:0045333),6/85,0.0002105199505203156,0.0067165888975529,0,0,7.7206055069816,65.36210680281118,COX7B;NDUFB11;COX4I1;COX7C;COX5A;UQCRH
GO_Biological_Process_2023,Regulation Of Apoptotic Process (GO:0042981),18/705,0.0002667422046642597,0.0083124314941885,0,0,2.751523585584721,22.642914634850897,RPL10;RPS6;RPS3A;HIGD2A;PYCARD;PRDX2;UBB;MYC;RACK1;RPS3;PMAIP1;NUPR1;SGK1;PPIA;NOP53;CD44;TPT1;MCL1
GO_Biological_Process_2023,Negative Regulation Of Amide Metabolic Process (GO:0034249),6/93,0.0003434688414948694,0.0104601874455255,0,0,7.007820831852115,55.89728130909484,SERBP1;RACK1;RPS3;RPL13A;APOE;GAPDH
GO_Biological_Process_2023,Positive Regulation Of Gene Expression (GO:0010628),14/480,0.00035332328662551705,0.0105211823128487,0,0,3.1228483086436847,24.82079525241184,RPL5;RPS7;RPL11;EEF2;UXT;RPS4X;MYC;ZC3H12A;RPS3;EIF3E;RPL26;RPL17;SLC38A2;GAPDH
GO_Biological_Process_2023,Positive Regulation Of Apoptotic Signaling Pathway (GO:2001235),5/62,0.0003876347839922823,0.0112919697945577,0,0,8.881241565452092,69.76612187866111,PYCARD;RACK1;RPS3;PMAIP1;NUPR1
GO_Biological_Process_2023,Antimicrobial Humoral Response (GO:0019730),6/100,0.0005070298275322483,0.0144557440190045,0,0,6.483658697082694,49.19113421381613,RPL30;RPS19;FAU;CXCL14;RPL39;GAPDH
GO_Biological_Process_2023,Aerobic Electron Transport Chain (GO:0019646),5/68,0.0005949605404203094,0.0166093150867336,0,0,8.032967032967033,59.66097044986614,COX7B;COX4I1;COX7C;COX5A;UQCRH
GO_Biological_Process_2023,Positive Regulation Of Inflammatory Response (GO:0050729),6/104,0.0006244951835763466,0.0170780315508633,0,0,6.217757205975174,45.87813776640311,PYCARD;VAMP8;RPS19;NFKBIZ;MGST2;NUPR1
GO_Biological_Process_2023,Mitochondrial ATP Synthesis Coupled Electron Transport (GO:0042775),5/70,0.0006797468732941558,0.0182172162042833,0,0,7.785009861932939,56.7822276589064,COX7B;COX4I1;COX7C;COX5A;UQCRH
GO_Biological_Process_2023,Regulation Of Mitochondrial Outer Membrane Permeabilization Involved In Apoptotic Signaling Pathway (GO:1901028),3/18,0.0007195272026923491,0.0186995531566818,0,0,20.086294416243653,145.36282995258424,CHCHD10;SLC25A5;SLC25A6
GO_Biological_Process_2023,Negative Regulation Of Translation (GO:0017148),6/107,0.0007256543016025789,0.0186995531566818,0,0,6.032152699806063,43.60303471011706,SERBP1;RACK1;RPS3;RPL13A;EIF3E;GAPDH
GO_Biological_Process_2023,Cellular Response To Hypoxia (GO:0071456),5/72,0.0007732638317856864,0.0191883987887559,0,0,7.55185610409491,54.10822023534692,MYC;PMAIP1;RORA;AQP3;NOP53
GO_Biological_Process_2023,Negative Regulation Of Catabolic Process (GO:0009895),5/72,0.0007732638317856864,0.0191883987887559,0,0,7.55185610409491,54.10822023534692,RPL5;RPS7;RPL11;NUPR1;RPL17
GO_Biological_Process_2023,Regulation Of Ubiquitin-Dependent Protein Catabolic Process (GO:2000058),4/42,0.0008067730463282587,0.0193049264657119,0,0,10.613319011815252,75.59302673955138,RPL5;RPS7;RPL11;RPL17
GO_Biological_Process_2023,Translational Elongation (GO:0006414),4/42,0.0008067730463282587,0.0193049264657119,0,0,10.613319011815252,75.59302673955138,EEF1B2;EEF1A1;RACK1;EEF2
GO_Biological_Process_2023,Cellular Response To Decreased Oxygen Levels (GO:0036294),5/73,0.0008234685243405408,0.0193587337301109,0,0,7.440422322775264,52.84176944790253,MYC;PMAIP1;RORA;AQP3;NOP53
GO_Biological_Process_2023,Negative Regulation Of Monocyte Chemotaxis (GO:0090027),2/5,0.0009754681839454336,0.0217854561081146,0,0,66.65656565656566,462.1028413784856,DUSP1;NBL1
GO_Biological_Process_2023,Bundle Of His cell-Purkinje Myocyte Adhesion Involved In Cell Communication (GO:0086073),2/5,0.0009754681839454336,0.0217854561081146,0,0,66.65656565656566,462.1028413784856,DSP;JUP
GO_Biological_Process_2023,"Establishment Of Mitochondrion Localization, Microtubule-Mediated (GO:0034643)",2/5,0.0009754681839454336,0.0217854561081146,0,0,66.65656565656566,462.1028413784856,UXT;UBB
GO_Biological_Process_2023,Regulation Of Intrinsic Apoptotic Signaling Pathway (GO:2001242),4/48,0.0013385699216315,0.0294046507374805,0,0,9.16326530612245,60.625569437732594,PYCARD;RACK1;PMAIP1;NUPR1
GO_Biological_Process_2023,Regulation Of Digestive System Process (GO:0044058),2/6,0.0014535707837741,0.0299659207731896,0,0,49.98989898989899,326.6206097208578,SGK1;TYMP
GO_Biological_Process_2023,Negative Regulation Of Ruffle Assembly (GO:1900028),2/6,0.0014535707837741,0.0299659207731896,0,0,49.98989898989899,326.6206097208578,UXT;TACSTD2
GO_Biological_Process_2023,Negative Regulation Of Stress-Activated Protein Kinase Signaling Cascade (GO:0070303),2/6,0.0014535707837741,0.0299659207731896,0,0,49.98989898989899,326.6206097208578,MYC;PPIA
GO_Biological_Process_2023,Desmosome Organization (GO:0002934),2/6,0.0014535707837741,0.0299659207731896,0,0,49.98989898989899,326.6206097208578,DSP;JUP
GO_Biological_Process_2023,Regulation Of Cysteine-Type Endopeptidase Activity Involved In Apoptotic Process (GO:0043281),5/84,0.0015493286238675,0.0314560659997355,0,0,6.40084388185654,41.41303482134472,PYCARD;MYC;PMAIP1;SFN;CD44
GO_Biological_Process_2023,Positive Regulation Of Amide Metabolic Process (GO:0034250),5/85,0.0016330044910439,0.0322216650702888,0,0,6.32051282051282,40.560840018013536,RPS4X;RPL5;EIF3E;RPL26;EEF2
GO_Biological_Process_2023,Positive Regulation Of Apoptotic Process (GO:0043065),9/270,0.0016351292722236,0.0322216650702888,0,0,3.527532045495577,22.632763466429097,PYCARD;BTG1;ZC3H12A;RPS6;RACK1;RPS3;PMAIP1;NUPR1;MCL1
GO_Biological_Process_2023,Regulation Of Ruffle Assembly (GO:1900027),3/24,0.0017076659731305,0.03316336817384,0,0,14.343002175489485,91.40261395182884,UXT;TACSTD2;PFN1
GO_Biological_Process_2023,Regulation Of Monocyte Chemotaxis (GO:0090025),3/25,0.0019263332020576,0.0368755212965315,0,0,13.690355329949238,85.59397680666795,DUSP1;S100A14;NBL1
GO_Biological_Process_2023,Positive Regulation Of Intracellular Signal Transduction (GO:1902533),13/525,0.0024880251749182,0.0469570948505692,0,0,2.618900401069519,15.70362339466008,ADRB2;RPS15;PYCARD;REL;RACK1;RPS3;PMAIP1;RPS20;RPL37;NUPR1;RPL17;PPIA;GAPDH
GO_Biological_Process_2023,Negative Regulation Of Cellular Biosynthetic Process (GO:0031327),6/137,0.0025798129561998,0.0480131855737185,0,0,4.643660974266153,27.67639763160527,ZC3H12A;SERBP1;RACK1;RPS3;RPL13A;GAPDH
GO_Biological_Process_2023,Bundle Of His Cell To Purkinje Myocyte Communication (GO:0086069),2/8,0.0026777674677022,0.0486030080678328,0,0,33.323232323232325,197.36590289038227,DSP;JUP
GO_Biological_Process_2023,Regulation Of Cardiac Muscle Cell Action Potential (GO:0098901),3/28,0.0026840467141937,0.0486030080678328,0,0,12.045685279187817,71.31563234569973,DSP;CXADR;JUP
GO_Biological_Process_2023,Aerobic Respiration (GO:0009060),4/59,0.0028749370578511,0.0513655421002746,0,0,7.326530612244898,42.87283866824234,NDUFB11;CHCHD10;ATP5F1D;UQCRH
GO_Biological_Process_2023,Heterotypic Cell-Cell Adhesion (GO:0034113),3/29,0.002971884860348,0.0523990225377151,0,0,11.581803982819212,67.38940857682955,DSP;CXADR;JUP
GO_Biological_Process_2023,Negative Regulation Of Macromolecule Biosynthetic Process (GO:0010558),5/98,0.003046494595945,0.0525098152973695,0,0,5.433416046319272,31.47992845042133,SERBP1;RACK1;RPS3;RPL13A;GAPDH
GO_Biological_Process_2023,Negative Regulation Of Peptidase Activity (GO:0010466),4/60,0.0030565414874588,0.0525098152973695,0,0,7.19533527696793,41.66438194796197,CSTA;SERPINB2;GAPDH;SERPINB5
GO_Biological_Process_2023,Negative Regulation Of Blood Coagulation (GO:0030195),3/30,0.0032779948419926,0.0556014314970896,0,0,11.152284263959393,63.79690278522437,SERPINB2;KRT1;APOE
GO_Biological_Process_2023,Negative Regulation Of Muscle Cell Apoptotic Process (GO:0010656),2/9,0.0034202318391573,0.056560758625499,0,0,28.561327561327563,162.17255858986445,ZC3H12A;LYPD3
GO_Biological_Process_2023,Positive Regulation Of Epidermis Development (GO:0045684),2/9,0.0034202318391573,0.056560758625499,0,0,28.561327561327563,162.17255858986445,SFN;KRT10
GO_Biological_Process_2023,Negative Regulation Of Apoptotic Process (GO:0043066),12/482,0.0034611807517096,0.056560758625499,0,0,2.625169760072431,14.874593797590189,PRDX2;RPL10;MYC;ZC3H12A;SFN;RPS3A;APOE;NUPR1;CD44;TPT1;HIGD2A;MCL1
GO_Biological_Process_2023,Positive Regulation Of Protein Metabolic Process (GO:0051247),7/196,0.0036421691636645,0.0581950238685821,0,0,3.763385146804836,21.13206939337988,RPS4X;RPL5;PERP;EIF3E;RPL26;APOE;EEF2
GO_Biological_Process_2023,Oxidative Phosphorylation (GO:0006119),4/63,0.0036480462723588,0.0581950238685821,0,0,6.828433068142512,38.33184278744158,NDUFB11;CHCHD10;ATP5F1D;UQCRH
GO_Biological_Process_2023,Positive Regulation Of Cysteine-Type Endopeptidase Activity (GO:2001056),4/64,0.0038612882755342,0.0608720739907757,0,0,6.714285714285714,37.30963669275872,PYCARD;MYC;PERP;PMAIP1
GO_Biological_Process_2023,Cellular Response To Cytokine Stimulus (GO:0071345),9/308,0.0039404582784668,0.061397838292391,0,0,3.0732283878197832,17.014800656053993,PYCARD;DUSP1;ZC3H12A;RPS3;RPL13A;MT1X;PLP2;GAPDH;YBX3
GO_Biological_Process_2023,Intrinsic Apoptotic Signaling Pathway (GO:0097193),5/105,0.0040960318506073,0.0630883066645262,0,0,5.051282051282051,27.770618287278307,PYCARD;HINT1;PMAIP1;SFN;MCL1
GO_Biological_Process_2023,Negative Regulation Of Interferon-Beta Production (GO:0032688),2/10,0.0042472321345398,0.063236567336482,0,0,24.98989898989899,136.4820277236255,PYCARD;REL
GO_Biological_Process_2023,Negative Regulation Of Mitochondrial Outer Membrane Permeabilization Involved In Apoptotic Signaling Pathway (GO:1901029),2/10,0.0042472321345398,0.063236567336482,0,0,24.98989898989899,136.4820277236255,SLC25A5;SLC25A6
GO_Biological_Process_2023,Negative Regulation Of Programmed Necrotic Cell Death (GO:0062099),2/10,0.0042472321345398,0.063236567336482,0,0,24.98989898989899,136.4820277236255,NUPR1;YBX3
GO_Biological_Process_2023,Signal Transduction By P53 Class Mediator (GO:0072331),3/33,0.0043094538934011,0.0634578924962362,0,0,10.03553299492386,54.6629871343117,PYCARD;HINT1;PMAIP1
GO_Biological_Process_2023,Positive Regulation Of Cysteine-Type Endopeptidase Activity Involved In Apoptotic Process (GO:0043280),5/109,0.004800042097825,0.0699136566422342,0,0,4.856015779092703,25.9269023952046,PYCARD;MYC;RACK1;RPS3;PMAIP1
GO_Biological_Process_2023,Intrinsic Apoptotic Signaling Pathway By P53 Class Mediator (GO:0072332),3/35,0.0050945877067937,0.071241314668892,0,0,9.407360406091373,49.666879272481374,PYCARD;HINT1;PMAIP1
GO_Biological_Process_2023,Regulation Of Ventricular Cardiac Muscle Cell Action Potential (GO:0098911),2/11,0.0051570205394645,0.071241314668892,0,0,22.21212121212121,117.00004466783103,DSP;JUP
GO_Biological_Process_2023,Epithelial Cell-Cell Adhesion (GO:0090136),2/11,0.0051570205394645,0.071241314668892,0,0,22.21212121212121,117.00004466783103,DSP;JUP
GO_Biological_Process_2023,Regulation Of T-helper 17 Cell Differentiation (GO:2000319),2/11,0.0051570205394645,0.071241314668892,0,0,22.21212121212121,117.00004466783103,NFKBIZ;ZC3H12A
GO_Biological_Process_2023,Negative Regulation Of RNA Metabolic Process (GO:0051253),2/11,0.0051570205394645,0.071241314668892,0,0,22.21212121212121,117.00004466783103,RPS26;RPS13
GO_Biological_Process_2023,Mitochondrion Organization (GO:0007005),6/162,0.0058508682994154,0.0769920848450997,0,0,3.894528152260111,20.02241261266993,CXADR;CHCHD10;ATP5F1D;MCL1;HIGD2A;TYMP
GO_Biological_Process_2023,Protein-Containing Complex Assembly (GO:0065003),9/328,0.0059038332175317,0.0769920848450997,0,0,2.8775952337967143,14.768260281355216,VAMP8;ZC3H12A;CHCHD10;RPL38;CAPG;ADRB2;PFDN5;HOPX;HIGD2A
GO_Biological_Process_2023,Negative Regulation Of Stress-Activated MAPK Cascade (GO:0032873),3/37,0.0059604378312344,0.0769920848450997,0,0,8.853090474768587,45.35094165112317,DUSP1;MYC;PPIA
GO_Biological_Process_2023,Negative Regulation Of Locomotion (GO:0040013),2/12,0.0061478754316609,0.0769920848450997,0,0,19.98989898989899,101.78154350719132,TACSTD2;SPINT2
GO_Biological_Process_2023,Negative Regulation Of Mitochondrial Membrane Permeability (GO:0035795),2/12,0.0061478754316609,0.0769920848450997,0,0,19.98989898989899,101.78154350719132,SLC25A5;SLC25A6
GO_Biological_Process_2023,Negative Regulation Of Mononuclear Cell Migration (GO:0071676),2/12,0.0061478754316609,0.0769920848450997,0,0,19.98989898989899,101.78154350719132,DUSP1;NBL1
GO_Biological_Process_2023,Sodium Ion Export Across Plasma Membrane (GO:0036376),2/12,0.0061478754316609,0.0769920848450997,0,0,19.98989898989899,101.78154350719132,ATP1B3;ATP1A1
GO_Biological_Process_2023,Fibrinolysis (GO:0042730),2/12,0.0061478754316609,0.0769920848450997,0,0,19.98989898989899,101.78154350719132,SERPINB2;KRT1
GO_Biological_Process_2023,Positive Regulation Of Neuroinflammatory Response (GO:0150078),2/12,0.0061478754316609,0.0769920848450997,0,0,19.98989898989899,101.78154350719132,UXT;NUPR1
GO_Biological_Process_2023,Protein Heterotetramerization (GO:0051290),2/12,0.0061478754316609,0.0769920848450997,0,0,19.98989898989899,101.78154350719132,KRT1;KRT10
GO_Biological_Process_2023,Regulation Of Intrinsic Apoptotic Signaling Pathway In Response To DNA Damage By P53 Class Mediator (GO:1902165),2/13,0.0072181010363148,0.0879295944423811,0,0,18.171717171717173,89.6077061786221,RPL26;CD44
GO_Biological_Process_2023,Response To Chemokine (GO:1990868),2/13,0.0072181010363148,0.0879295944423811,0,0,18.171717171717173,89.6077061786221,DUSP1;ZC3H12A
GO_Biological_Process_2023,Intracellular Potassium Ion Homeostasis (GO:0030007),2/13,0.0072181010363148,0.0879295944423811,0,0,18.171717171717173,89.6077061786221,ATP1B3;ATP1A1
GO_Biological_Process_2023,Positive Regulation Of Macromolecule Biosynthetic Process (GO:0010557),5/122,0.0076789367656166,0.0927006780714079,0,0,4.313609467455621,21.004147217080448,RPS4X;RPL5;EIF3E;RPL26;EEF2
GO_Biological_Process_2023,Proteolysis Involved In Protein Catabolic Process (GO:0051603),4/78,0.0077816695485545,0.0931021178130636,0,0,5.44015444015444,26.41730492570561,UBB;PMAIP1;RPS27A;UBA52
GO_Biological_Process_2023,Positive Regulation Of Cytoplasmic Translation (GO:2000767),2/14,0.0083660270881822,0.0964258920705841,0,0,16.656565656565657,79.67795051677446,PABPC1;YBX3
GO_Biological_Process_2023,Formation Of Cytoplasmic Translation Initiation Complex (GO:0001732),2/14,0.0083660270881822,0.0964258920705841,0,0,16.656565656565657,79.67795051677446,EIF3L;EIF3E
GO_Biological_Process_2023,Mitochondrion Transport Along Microtubule (GO:0047497),2/14,0.0083660270881822,0.0964258920705841,0,0,16.656565656565657,79.67795051677446,UXT;UBB
GO_Biological_Process_2023,Cellular Response To Glucose Starvation (GO:0042149),3/42,0.0084912352718872,0.0964258920705841,0,0,7.716126513080828,36.79605293636041,ZC3H12A;PMAIP1;PLIN2
GO_Biological_Process_2023,Keratinocyte Differentiation (GO:0030216),3/42,0.0084912352718872,0.0964258920705841,0,0,7.716126513080828,36.79605293636041,DSP;CSTA;KRT10
GO_Biological_Process_2023,Negative Regulation Of I-kappaB kinase/NF-kappaB Signaling (GO:0043124),3/42,0.0084912352718872,0.0964258920705841,0,0,7.716126513080828,36.79605293636041,PYCARD;ZC3H12A;RORA
GO_Biological_Process_2023,Negative Regulation Of Intracellular Signal Transduction (GO:1902532),7/231,0.008754531092666,0.0985804341527096,0,0,3.1696891191709846,15.018569868411172,PYCARD;MAP2K3;DUSP1;ZC3H12A;RACK1;RORA;NOP53
GO_Biological_Process_2023,Regulation Of Gene Expression (GO:0010468),20/1127,0.0093033693068047,0.1038876239259861,0,0,1.876242095754291,8.775894727254473,RPL5;BTG1;RPS7;RPL11;RORA;BAZ1A;YBX3;RPL6;UXT;HINT1;MYC;ZC3H12A;NFKBIZ;REL;RACK1;RPS3;APOE;RPL17;SLC38A2;PFDN5
GO_Biological_Process_2023,Negative Regulation Of Immune Effector Process (GO:0002698),2/15,0.0095900084936835,0.1044765152970408,0,0,15.374514374514376,71.44588341233826,RPS19;CD55
GO_Biological_Process_2023,Regulation Of Intrinsic Apoptotic Signaling Pathway In Response To DNA Damage (GO:1902229),2/15,0.0095900084936835,0.1044765152970408,0,0,15.374514374514376,71.44588341233826,RPS3;TPT1
GO_Biological_Process_2023,"Positive Regulation Of DNA Damage Response, Signal Transduction By P53 Class Mediator (GO:0043517)",2/15,0.0095900084936835,0.1044765152970408,0,0,15.374514374514376,71.44588341233826,PMAIP1;RPL26
GO_Biological_Process_2023,Regulation Of Apoptotic Signaling Pathway (GO:2001233),3/45,0.0102691253206439,0.1109728058843781,0,0,7.163886874546773,32.800668633723014,PYCARD;RPS3;PPIA
GO_Biological_Process_2023,Epidermis Development (GO:0008544),4/85,0.0104676198849292,0.112212885166441,0,0,4.968253968253968,22.65259800022629,DSP;KRTDAP;KRT14;KRT5
GO_Biological_Process_2023,Positive Regulation Of Macromolecule Metabolic Process (GO:0010604),9/364,0.0112485600908688,0.1196275438235263,0,0,2.5810043507115994,11.5822961271857,UXT;RPL5;RPS7;MYC;RPL11;ZC3H12A;RPS3;RPL17;SLC38A2
GO_Biological_Process_2023,Erythrocyte Differentiation (GO:0030218),3/49,0.0129514996055504,0.1355860114956061,0,0,6.539615978812624,28.42472661929245,RPS14;RPS19;SLC25A5
GO_Biological_Process_2023,Intrinsic Apoptotic Signaling Pathway In Response To DNA Damage (GO:0008630),3/49,0.0129514996055504,0.1355860114956061,0,0,6.539615978812624,28.42472661929245,PYCARD;SFN;MCL1
GO_Biological_Process_2023,Plasma Membrane Bounded Cell Projection Morphogenesis (GO:0120039),3/50,0.0136786260429923,0.1360070675417652,0,0,6.400151204233719,27.468942123223947,UBB;SGK1;NBL1
GO_Biological_Process_2023,Positive Regulation Of Transport (GO:0051050),3/50,0.0136786260429923,0.1360070675417652,0,0,6.400151204233719,27.468942123223947,CHCHD10;APOE;SGK1
GO_Biological_Process_2023,Regulation Of Epidermal Cell Differentiation (GO:0045604),2/18,0.0137022045657748,0.1360070675417652,0,0,12.48989898989899,53.58414643474309,SFN;AQP3
GO_Biological_Process_2023,Regulation Of Mitochondrial Membrane Permeability (GO:0046902),2/18,0.0137022045657748,0.1360070675417652,0,0,12.48989898989899,53.58414643474309,PMAIP1;SLC25A5
GO_Biological_Process_2023,Regulation Of Protein Neddylation (GO:2000434),2/18,0.0137022045657748,0.1360070675417652,0,0,12.48989898989899,53.58414643474309,RPL5;RPL11
GO_Biological_Process_2023,Icosanoid Biosynthetic Process (GO:0046456),2/18,0.0137022045657748,0.1360070675417652,0,0,12.48989898989899,53.58414643474309,PYCARD;MGST2
GO_Biological_Process_2023,Intracellular Sodium Ion Homeostasis (GO:0006883),2/18,0.0137022045657748,0.1360070675417652,0,0,12.48989898989899,53.58414643474309,ATP1B3;ATP1A1
GO_Biological_Process_2023,Negative Regulation Of Programmed Cell Death (GO:0043069),9/381,0.0147691427848743,0.1455194950862618,0,0,2.4609018746833304,10.373231041294362,PRDX2;RPL10;MYC;RPS3A;NUPR1;CD44;TPT1;HIGD2A;MCL1
GO_Biological_Process_2023,Release Of Cytochrome C From Mitochondria (GO:0001836),2/19,0.0152144484017713,0.14562400613124,0,0,11.754604872251932,49.19901329869125,SFN;MCL1
GO_Biological_Process_2023,Positive Regulation Of Activated T Cell Proliferation (GO:0042104),2/19,0.0152144484017713,0.14562400613124,0,0,11.754604872251932,49.19901329869125,PYCARD;RPS3
GO_Biological_Process_2023,Protein Heterooligomerization (GO:0051291),2/19,0.0152144484017713,0.14562400613124,0,0,11.754604872251932,49.19901329869125,KRT1;KRT10
GO_Biological_Process_2023,Negative Regulation Of RNA Splicing (GO:0033119),2/19,0.0152144484017713,0.14562400613124,0,0,11.754604872251932,49.19901329869125,RPS26;RPS13
GO_Biological_Process_2023,Positive Regulation Of Supramolecular Fiber Organization (GO:1902905),4/96,0.0157862373617276,0.1491544436146279,0,0,4.371783496007098,18.13685433330235,PYCARD;RPS3;APOE;PFN1
GO_Biological_Process_2023,Regulation Of Proteasomal Protein Catabolic Process (GO:0061136),3/53,0.0159972388139271,0.1491544436146279,0,0,6.01522842639594,24.875009582390742,UBB;NUPR1;APOE
GO_Biological_Process_2023,Negative Regulation Of Reproductive Process (GO:2000242),2/20,0.0167948882548689,0.1491544436146279,0,0,11.1010101010101,45.36628383483138,DUSP1;ARHGDIB
GO_Biological_Process_2023,Positive Regulation Of Antigen Receptor-Mediated Signaling Pathway (GO:0050857),2/20,0.0167948882548689,0.1491544436146279,0,0,11.1010101010101,45.36628383483138,UXT;RPS3
GO_Biological_Process_2023,Positive Regulation Of Epithelial Cell Differentiation (GO:0030858),2/20,0.0167948882548689,0.1491544436146279,0,0,11.1010101010101,45.36628383483138,BTG1;SFN
GO_Biological_Process_2023,Positive Regulation Of Lipid Storage (GO:0010884),2/20,0.0167948882548689,0.1491544436146279,0,0,11.1010101010101,45.36628383483138,ZC3H12A;PLIN2
GO_Biological_Process_2023,protein-DNA Complex Disassembly (GO:0032986),2/20,0.0167948882548689,0.1491544436146279,0,0,11.1010101010101,45.36628383483138,MYC;RPL17
GO_Biological_Process_2023,Negative Regulation Of Cytokine Production Involved In Inflammatory Response (GO:1900016),2/20,0.0167948882548689,0.1491544436146279,0,0,11.1010101010101,45.36628383483138,PYCARD;ZC3H12A
GO_Biological_Process_2023,Negative Regulation Of Protein Modification By Small Protein Conjugation Or Removal (GO:1903321),3/54,0.0168161021964705,0.1491544436146279,0,0,5.896984174380412,24.09164757699128,RPL5;RPL11;RPS3
GO_Biological_Process_2023,Epidermal Cell Differentiation (GO:0009913),3/54,0.0168161021964705,0.1491544436146279,0,0,5.896984174380412,24.09164757699128,DSP;CSTA;KRT10
GO_Biological_Process_2023,Regulation Of Blood Vessel Endothelial Cell Migration (GO:0043535),3/54,0.0168161021964705,0.1491544436146279,0,0,5.896984174380412,24.09164757699128,MAP2K3;JUP;APOE
GO_Biological_Process_2023,Defense Response To Bacterium (GO:0042742),6/204,0.0169190115144951,0.1491544436146279,0,0,3.061855670103093,12.490280951020742,PYCARD;RPL30;RPS19;S100A14;FAU;RPL39
GO_Biological_Process_2023,Regulation Of Steroid Metabolic Process (GO:0019218),2/21,0.0184420232483939,0.158737187882684,0,0,10.516214779372676,41.9925427496273,RORA;APOE
GO_Biological_Process_2023,Innate Immune Response In Mucosa (GO:0002227),2/21,0.0184420232483939,0.158737187882684,0,0,10.516214779372676,41.9925427496273,FAU;RPL39
GO_Biological_Process_2023,Modulation By Host Of Viral Genome Replication (GO:0044827),2/21,0.0184420232483939,0.158737187882684,0,0,10.516214779372676,41.9925427496273,EEF1A1;ZC3H12A
GO_Biological_Process_2023,Cellular Response To Organic Cyclic Compound (GO:0071407),5/152,0.0184798517236557,0.158737187882684,0,0,3.4280481423338567,13.681594622050351,H2AZ1;JUP;ZC3H12A;RORA;ATP1A1
GO_Biological_Process_2023,Myeloid Cell Differentiation (GO:0030099),3/57,0.0194114444537247,0.165677296611409,0,0,5.568527918781726,21.95053825283205,RPS14;RPS19;SLC25A5
GO_Biological_Process_2023,Negative Regulation Of Cellular Process (GO:0048523),11/537,0.019588510833602,0.1661304083356122,0,0,2.132637254310258,8.387261527382083,VAMP8;BTG1;GPNMB;DUSP1;MYC;RACK1;TACSTD2;SPINT2;NUPR1;IRF6;HOPX
GO_Biological_Process_2023,Response To Gamma Radiation (GO:0010332),2/22,0.0201543754357544,0.1698544848044716,0,0,9.98989898989899,39.00390099361183,MYC;RPL26
GO_Biological_Process_2023,Positive Regulation Of Mitochondrion Organization (GO:0010822),3/58,0.0203229330271079,0.1702045641020287,0,0,5.467005076142132,21.29948088737429,PYCARD;PMAIP1;CHCHD10
GO_Biological_Process_2023,Negative Regulation Of MAPK Cascade (GO:0043409),4/105,0.0212083578189702,0.1758348746292364,0,0,3.980400080824409,15.337914209660529,DUSP1;MYC;APOE;PPIA
GO_Biological_Process_2023,Positive Regulation Of Proteolysis (GO:0045862),3/59,0.0212576490223405,0.1758348746292364,0,0,5.369108049311095,20.676641778420727,PERP;ZC3H12A;APOE
GO_Biological_Process_2023,Positive Regulation Of Neuron Apoptotic Process (GO:0043525),2/23,0.02193048949736,0.1791881458930637,0,0,9.513708513708512,36.34120010270031,NUPR1;MCL1
GO_Biological_Process_2023,Potassium Ion Homeostasis (GO:0055075),2/23,0.02193048949736,0.1791881458930637,0,0,9.513708513708512,36.34120010270031,ATP1B3;ATP1A1
GO_Biological_Process_2023,Proton Motive Force-Driven ATP Synthesis (GO:0015986),3/60,0.0222156039824466,0.1804176323422943,0,0,5.274646005877639,20.080368230600836,NDUFB11;ATP5MC2;ATP5F1D
GO_Biological_Process_2023,Negative Regulation Of Intrinsic Apoptotic Signaling Pathway (GO:2001243),3/61,0.0231968013804758,0.1851765667379375,0,0,5.183441274286714,19.50912983009035,YBX3;PPIA;TPT1
GO_Biological_Process_2023,Negative Regulation Of Autophagy (GO:0010507),3/61,0.0231968013804758,0.1851765667379375,0,0,5.183441274286714,19.50912983009035,DAPL1;NUPR1;MCL1
GO_Biological_Process_2023,Response To Tumor Necrosis Factor (GO:0034612),4/108,0.0232396426983522,0.1851765667379375,0,0,3.864992150706436,14.53969743553625,PYCARD;ZC3H12A;RPS3;YBX3
GO_Biological_Process_2023,Regulation Of Macromolecule Metabolic Process (GO:0060255),5/162,0.0235849453451751,0.1851765667379375,0,0,3.208067940552017,12.02110113138322,MYC;ZC3H12A;NFKBIZ;APOE;YBX3
GO_Biological_Process_2023,Regulation Of Cytoplasmic Translation (GO:2000765),2/24,0.0237689324469591,0.1851765667379375,0,0,9.08080808080808,33.956554984338226,PABPC1;YBX3
GO_Biological_Process_2023,Acylglycerol Homeostasis (GO:0055090),2/24,0.0237689324469591,0.1851765667379375,0,0,9.08080808080808,33.956554984338226,RORA;APOE
GO_Biological_Process_2023,Response To Copper Ion (GO:0046688),2/24,0.0237689324469591,0.1851765667379375,0,0,9.08080808080808,33.956554984338226,MT1X;ATP5F1D
GO_Biological_Process_2023,Protein-Containing Complex Disassembly (GO:0032984),3/62,0.0242012368323431,0.1874546667938718,0,0,5.095328228512432,18.96150754157799,VAMP8;MYC;RPL17
GO_Biological_Process_2023,ATP Biosynthetic Process (GO:0006754),2/25,0.0256682933201663,0.1932332193765331,0,0,8.685551163812033,31.810820468950148,ATP5MC2;ATP5F1D
GO_Biological_Process_2023,Negative Regulation Of Intrinsic Apoptotic Signaling Pathway In Response To DNA Damage (GO:1902230),2/25,0.0256682933201663,0.1932332193765331,0,0,8.685551163812033,31.810820468950148,CD44;TPT1
GO_Biological_Process_2023,Negative Regulation Of Stress Fiber Assembly (GO:0051497),2/25,0.0256682933201663,0.1932332193765331,0,0,8.685551163812033,31.810820468950148,TACSTD2;PFN1
GO_Biological_Process_2023,Sodium Ion Homeostasis (GO:0055078),2/25,0.0256682933201663,0.1932332193765331,0,0,8.685551163812033,31.810820468950148,ATP1B3;ATP1A1
GO_Biological_Process_2023,Positive Regulation Of Release Of Cytochrome C From Mitochondria (GO:0090200),2/25,0.0256682933201663,0.1932332193765331,0,0,8.685551163812033,31.810820468950148,PYCARD;PMAIP1
GO_Biological_Process_2023,Response To Metal Ion (GO:0010038),3/64,0.0262797663190797,0.1967312115506526,0,0,4.927768993925272,17.931934435559224,MT1X;AQP3;ATP5F1D
GO_Biological_Process_2023,Apoptotic Process (GO:0006915),6/228,0.0273926779852129,0.2027966215479855,0,0,2.7275006965728616,9.81212791884465,PYCARD;MYC;PMAIP1;PHLDA2;PPIA;GAPDH
GO_Biological_Process_2023,Cellular Response To Lipid (GO:0071396),6/228,0.0273926779852129,0.2027966215479855,0,0,2.7275006965728616,9.81212791884465,H2AZ1;UXT;PYCARD;ZC3H12A;RORA;ATP1A1
GO_Biological_Process_2023,Regulation Of Cardiac Muscle Cell Contraction (GO:0086004),2/26,0.0276271829006745,0.2034089290489222,0,0,8.323232323232324,29.871707121892776,DSP;JUP
GO_Biological_Process_2023,Negative Regulation Of Endopeptidase Activity (GO:0010951),3/66,0.0284510080327513,0.2083297855950098,0,0,4.7708484408992025,16.982177034654356,SERPINB2;GAPDH;SERPINB5
GO_Biological_Process_2023,Negative Regulation Of Cellular Catabolic Process (GO:0031330),3/67,0.0295713073395418,0.2153562599727505,0,0,4.696065989847716,16.534616995789808,DAPL1;NUPR1;MCL1
GO_Biological_Process_2023,Cellular Response To Oxidative Stress (GO:0034599),4/117,0.0300246964217091,0.2168482226312814,0,0,3.555535488531696,12.46476528381739,PRDX2;ZC3H12A;RPS3;PPIA
GO_Biological_Process_2023,Skin Development (GO:0043588),3/68,0.0307146647785553,0.2168482226312814,0,0,4.623584537290121,16.10401456697529,DSP;CSTA;KRT10
GO_Biological_Process_2023,Positive Regulation Of Cellular Biosynthetic Process (GO:0031328),5/174,0.0308142270217084,0.2168482226312814,0,0,2.97845546957973,10.36436613832377,RPS4X;RPL5;EIF3E;RPL26;EEF2
GO_Biological_Process_2023,Regulation Of Protein-Containing Complex Assembly (GO:0043254),4/119,0.0316752226302636,0.2168482226312814,0,0,3.4933451641526174,12.059797873871938,RACK1;RPS3;APOE;NOP53
GO_Biological_Process_2023,Cellular Response To Tumor Necrosis Factor (GO:0071356),4/119,0.0316752226302636,0.2168482226312814,0,0,3.4933451641526174,12.059797873871938,PYCARD;ZC3H12A;RPS3;YBX3
GO_Biological_Process_2023,Regulation Of Glucose Metabolic Process (GO:0010906),2/28,0.0317180982356202,0.2168482226312814,0,0,7.682206682206682,26.51027997028578,PMAIP1;RORA
GO_Biological_Process_2023,"Nuclear-Transcribed mRNA Catabolic Process, Nonsense-Mediated Decay (GO:0000184)",2/28,0.0317180982356202,0.2168482226312814,0,0,7.682206682206682,26.51027997028578,ZC3H12A;EIF3E
GO_Biological_Process_2023,Cellular Response To Osmotic Stress (GO:0071470),2/28,0.0317180982356202,0.2168482226312814,0,0,7.682206682206682,26.51027997028578,PYCARD;YBX3
GO_Biological_Process_2023,Positive Regulation Of Protein Import Into Nucleus (GO:0042307),2/28,0.0317180982356202,0.2168482226312814,0,0,7.682206682206682,26.51027997028578,JUP;ZC3H12A
GO_Biological_Process_2023,Mucosal Immune Response (GO:0002385),2/28,0.0317180982356202,0.2168482226312814,0,0,7.682206682206682,26.51027997028578,FAU;RPL39
GO_Biological_Process_2023,"Regulation Of DNA Damage Response, Signal Transduction By P53 Class Mediator (GO:0043516)",2/28,0.0317180982356202,0.2168482226312814,0,0,7.682206682206682,26.51027997028578,PMAIP1;CD44
GO_Biological_Process_2023,Negative Regulation Of Actin Filament Bundle Assembly (GO:0032232),2/28,0.0317180982356202,0.2168482226312814,0,0,7.682206682206682,26.51027997028578,TACSTD2;PFN1
GO_Biological_Process_2023,Regulation Of Endopeptidase Activity (GO:0052548),3/69,0.0318810265797797,0.2168557137913954,0,0,4.553299492385787,15.689505426965288,SERPINB2;GAPDH;SERPINB5
GO_Biological_Process_2023,Positive Regulation Of Protein Polymerization (GO:0032273),3/70,0.0330703326834923,0.2238093222014125,0,0,4.485112508523373,15.290280888801105,PYCARD;RPS3;PFN1
GO_Biological_Process_2023,Negative Regulation Of Plasma Membrane Bounded Cell Projection Assembly (GO:0120033),2/29,0.0338474516440146,0.2245326000147504,0,0,7.397306397306397,25.046477343523872,UXT;TACSTD2
GO_Biological_Process_2023,Glycolytic Process (GO:0006096),2/29,0.0338474516440146,0.2245326000147504,0,0,7.397306397306397,25.046477343523872,LDHA;GAPDH
GO_Biological_Process_2023,Positive Regulation Of Viral Genome Replication (GO:0045070),2/29,0.0338474516440146,0.2245326000147504,0,0,7.397306397306397,25.046477343523872,PABPC1;PPIA
GO_Biological_Process_2023,Lipid Droplet Organization (GO:0034389),2/29,0.0338474516440146,0.2245326000147504,0,0,7.397306397306397,25.046477343523872,PLIN2;PPIA
GO_Biological_Process_2023,Negative Regulation Of Supramolecular Fiber Organization (GO:1902904),3/71,0.0342825169101805,0.2262983874859206,0,0,4.418931024186325,14.905583581524706,APOE;PFN1;PFDN5
GO_Biological_Process_2023,Regulation Of Autophagy (GO:0010506),6/241,0.0345449269791902,0.2269127556476221,0,0,2.5749067778021497,8.665834781090904,EEF1A1;DAPL1;ZC3H12A;NUPR1;GAPDH;MCL1
GO_Biological_Process_2023,Regulation Of Cell Motility (GO:2000145),4/123,0.0351336225048488,0.2296539227146214,0,0,3.375235808609158,11.30230349342956,TACSTD2;SPINT2;KRT5;SGK1
GO_Biological_Process_2023,Regulation Of Vasculature Development (GO:1901342),2/30,0.0360309884965366,0.2332440801225076,0,0,7.132756132756133,23.70482996930019,GPNMB;KRT1
GO_Biological_Process_2023,Cytoplasmic Translational Initiation (GO:0002183),2/30,0.0360309884965366,0.2332440801225076,0,0,7.132756132756133,23.70482996930019,EIF3L;EIF3E
GO_Biological_Process_2023,Cellular Response To Starvation (GO:0009267),4/126,0.037865638640637,0.2439420950887194,0,0,3.2917363666778185,10.7761942449666,DAPL1;ZC3H12A;PMAIP1;PLIN2
GO_Biological_Process_2023,Positive Regulation Of Extrinsic Apoptotic Signaling Pathway (GO:2001238),2/31,0.0382674239788824,0.2441826101509639,0,0,6.886450714036921,22.47156498788087,PYCARD;PMAIP1
GO_Biological_Process_2023,Triglyceride Homeostasis (GO:0070328),2/31,0.0382674239788824,0.2441826101509639,0,0,6.886450714036921,22.47156498788087,RORA;APOE
GO_Biological_Process_2023,Negative Regulation Of Phosphorylation (GO:0042326),3/75,0.0393585070908985,0.2487754693481323,0,0,4.1725888324873095,13.498504866555718,UXT;ZC3H12A;PPIA
GO_Biological_Process_2023,Defense Response To Gram-negative Bacterium (GO:0050829),3/75,0.0393585070908985,0.2487754693481323,0,0,4.1725888324873095,13.498504866555718,PYCARD;RPL30;RPS19
GO_Biological_Process_2023,Negative Regulation Of Proteasomal Ubiquitin-Dependent Protein Catabolic Process (GO:0032435),2/32,0.0405554933220173,0.2539456123902018,0,0,6.656565656565657,21.334852328849312,RPL11;NOP53
GO_Biological_Process_2023,Mitochondrial Membrane Organization (GO:0007006),2/32,0.0405554933220173,0.2539456123902018,0,0,6.656565656565657,21.334852328849312,PMAIP1;SLC25A5
GO_Biological_Process_2023,Negative Regulation Of Epithelial Cell Migration (GO:0010633),2/33,0.0428939515536669,0.2624561419265467,0,0,6.4415118931247966,20.28447846195992,TACSTD2;APOE
GO_Biological_Process_2023,Positive Regulation Of Ion Transmembrane Transporter Activity (GO:0032414),2/33,0.0428939515536669,0.2624561419265467,0,0,6.4415118931247966,20.28447846195992,ATP1B3;ADRB2
GO_Biological_Process_2023,Positive Regulation Of Small Molecule Metabolic Process (GO:0062013),2/33,0.0428939515536669,0.2624561419265467,0,0,6.4415118931247966,20.28447846195992,PMAIP1;APOE
GO_Biological_Process_2023,Regulation Of Activated T Cell Proliferation (GO:0046006),2/33,0.0428939515536669,0.2624561419265467,0,0,6.4415118931247966,20.28447846195992,PYCARD;RPS3
GO_Biological_Process_2023,Negative Regulation Of Blood Vessel Endothelial Cell Migration (GO:0043537),2/33,0.0428939515536669,0.2624561419265467,0,0,6.4415118931247966,20.28447846195992,JUP;APOE
GO_Biological_Process_2023,Negative Regulation Of Protein Modification Process (GO:0031400),3/78,0.0434016299293596,0.2643553822970087,0,0,4.00507614213198,12.564958299367063,ENSA;ZC3H12A;PPIA
GO_Biological_Process_2023,Regulation Of Cell Population Proliferation (GO:0042127),13/766,0.0445895088813978,0.2669896610827542,0,0,1.7584634723139527,5.469272751630303,RPS9;BTG1;JUP;RPS6;RPS4X;RPS15A;GPNMB;MYC;NUPR1;IRF6;SGK1;SLC25A5;RPL17
GO_Biological_Process_2023,Apoptotic Mitochondrial Changes (GO:0008637),2/34,0.0452815731960364,0.2669896610827542,0,0,6.23989898989899,19.311583224616665,SFN;MCL1
GO_Biological_Process_2023,Negative Regulation Of Protein Serine/Threonine Kinase Activity (GO:0071901),3/80,0.0462079634844281,0.2669896610827542,0,0,3.90065264684554,11.99295882125826,PYCARD;DUSP1;APOE
GO_Biological_Process_2023,Regulation Of Programmed Cell Death (GO:0043067),5/195,0.0465167003712424,0.2669896610827542,0,0,2.6464237516869096,8.119079561073892,PRDX2;RPS3;SGK1;NOP53;TPT1
GO_Biological_Process_2023,His-Purkinje System Development (GO:0003164),1/5,0.049014519870416,0.2669896610827542,0,0,24.86934673366834,74.99696447567176,HOPX
GO_Biological_Process_2023,Negative Regulation Of Meiotic Cell Cycle (GO:0051447),1/5,0.049014519870416,0.2669896610827542,0,0,24.86934673366834,74.99696447567176,DUSP1
GO_Biological_Process_2023,Negative Regulation Of Morphogenesis Of An Epithelium (GO:1905331),1/5,0.049014519870416,0.2669896610827542,0,0,24.86934673366834,74.99696447567176,TACSTD2
GO_Biological_Process_2023,PML Body Organization (GO:0030578),1/5,0.049014519870416,0.2669896610827542,0,0,24.86934673366834,74.99696447567176,SERBP1
GO_Biological_Process_2023,"Negative Regulation Of Nuclear-Transcribed mRNA Catabolic Process, Nonsense-Mediated Decay (GO:2000623)",1/5,0.049014519870416,0.2669896610827542,0,0,24.86934673366834,74.99696447567176,PABPC1
GO_Biological_Process_2023,Negative Regulation Of Protein Polyubiquitination (GO:1902915),1/5,0.049014519870416,0.2669896610827542,0,0,24.86934673366834,74.99696447567176,PPIA
GO_Biological_Process_2023,Regulation Of mRNA Binding (GO:1902415),1/5,0.049014519870416,0.2669896610827542,0,0,24.86934673366834,74.99696447567176,EIF3E
GO_Biological_Process_2023,Negative Regulation Of Trophoblast Cell Migration (GO:1901164),1/5,0.049014519870416,0.2669896610827542,0,0,24.86934673366834,74.99696447567176,ARHGDIB
GO_Biological_Process_2023,Regulation Of Mitotic Spindle Checkpoint (GO:1903504),1/5,0.049014519870416,0.2669896610827542,0,0,24.86934673366834,74.99696447567176,DUSP1
GO_Biological_Process_2023,Neutrophil Degranulation (GO:0043312),1/5,0.049014519870416,0.2669896610827542,0,0,24.86934673366834,74.99696447567176,VAMP8
GO_Biological_Process_2023,Regulation Of Protein Deubiquitination (GO:0090085),1/5,0.049014519870416,0.2669896610827542,0,0,24.86934673366834,74.99696447567176,ZC3H12A
GO_Biological_Process_2023,Osmosensory Signaling Pathway (GO:0007231),1/5,0.049014519870416,0.2669896610827542,0,0,24.86934673366834,74.99696447567176,PYCARD
GO_Biological_Process_2023,Regulation Of Transmission Of Nerve Impulse (GO:0051969),1/5,0.049014519870416,0.2669896610827542,0,0,24.86934673366834,74.99696447567176,TYMP
GO_Biological_Process_2023,Regulation Of Type B Pancreatic Cell Proliferation (GO:0061469),1/5,0.049014519870416,0.2669896610827542,0,0,24.86934673366834,74.99696447567176,NUPR1
GO_Biological_Process_2023,Embryonic Brain Development (GO:1990403),1/5,0.049014519870416,0.2669896610827542,0,0,24.86934673366834,74.99696447567176,RPL10
GO_Biological_Process_2023,Positive Regulation Of Extrinsic Apoptotic Signaling Pathway Via Death Domain Receptors (GO:1902043),1/5,0.049014519870416,0.2669896610827542,0,0,24.86934673366834,74.99696447567176,PMAIP1
GO_Biological_Process_2023,Positive Regulation Of Microglial Cell Activation (GO:1903980),1/5,0.049014519870416,0.2669896610827542,0,0,24.86934673366834,74.99696447567176,UXT
GO_Biological_Process_2023,Ventricular Compact Myocardium Morphogenesis (GO:0003223),1/5,0.049014519870416,0.2669896610827542,0,0,24.86934673366834,74.99696447567176,DSP
GO_Biological_Process_2023,Lipid Droplet Disassembly (GO:1905691),1/5,0.049014519870416,0.2669896610827542,0,0,24.86934673366834,74.99696447567176,PLIN2
GO_Biological_Process_2023,Lipoprotein Metabolic Process (GO:0042157),1/5,0.049014519870416,0.2669896610827542,0,0,24.86934673366834,74.99696447567176,APOE
GO_Biological_Process_2023,"Regulation Of DNA Damage Response, Signal Transduction By P53 Class Mediator Resulting In Transcription Of P21 Class Mediator (GO:1902162)",1/5,0.049014519870416,0.2669896610827542,0,0,24.86934673366834,74.99696447567176,RPL26
GO_Biological_Process_2023,Negative Regulation Of Cardiac Muscle Cell Apoptotic Process (GO:0010667),1/5,0.049014519870416,0.2669896610827542,0,0,24.86934673366834,74.99696447567176,NUPR1
GO_Biological_Process_2023,Negative Regulation Of Protein Kinase B Signaling (GO:0051898),2/36,0.0501995008461569,0.2704338593783695,0,0,5.872251931075461,17.568310863627904,RACK1;NOP53
GO_Biological_Process_2023,Regulation Of NIK/NF-kappaB Signaling (GO:1901222),3/83,0.0505815238385671,0.2704338593783695,0,0,3.753807106598985,11.201994465025969,PYCARD;ZC3H12A;RPS3
GO_Biological_Process_2023,Regulation Of Cell Division (GO:0051302),3/83,0.0505815238385671,0.2704338593783695,0,0,3.753807106598985,11.201994465025969,MYC;RACK1;SFN
GO_Biological_Process_2023,Negative Regulation Of Endothelial Cell Migration (GO:0010596),2/37,0.0527274511453542,0.2704338593783695,0,0,5.704184704184704,16.785242657704043,JUP;APOE
GO_Biological_Process_2023,Regulation Of p38MAPK Cascade (GO:1900744),2/37,0.0527274511453542,0.2704338593783695,0,0,5.704184704184704,16.785242657704043,DUSP1;ZC3H12A
GO_Biological_Process_2023,Negative Regulation Of Cell Cycle (GO:0045786),3/85,0.0536051258792773,0.2704338593783695,0,0,3.661879410672279,10.71506409870918,BTG1;DUSP1;NUPR1
GO_Biological_Process_2023,Negative Regulation Of Type I Interferon Production (GO:0032480),2/38,0.0552998529270401,0.2704338593783695,0,0,5.545454545454546,16.054007893661755,PYCARD;REL
GO_Biological_Process_2023,Regulation Of Protein Import Into Nucleus (GO:0042306),2/38,0.0552998529270401,0.2704338593783695,0,0,5.545454545454546,16.054007893661755,JUP;ZC3H12A
GO_Biological_Process_2023,Regulation Of Angiogenesis (GO:0045765),5/205,0.0554001135421681,0.2704338593783695,0,0,2.5128205128205128,7.270026059022339,BTG1;JUP;GPNMB;KRT1;ZC3H12A
GO_Biological_Process_2023,Negative Regulation Of Mitochondrion Organization (GO:0010823),2/39,0.0579155744332589,0.2704338593783695,0,0,5.395304395304395,15.369975594462096,SLC25A5;SLC25A6
GO_Biological_Process_2023,Negative Regulation Of Proteasomal Protein Catabolic Process (GO:1901799),2/39,0.0579155744332589,0.2704338593783695,0,0,5.395304395304395,15.369975594462096,RPL11;NOP53
GO_Biological_Process_2023,Regulation Of Mitochondrial Membrane Potential (GO:0051881),2/39,0.0579155744332589,0.2704338593783695,0,0,5.395304395304395,15.369975594462096,UBB;PMAIP1
GO_Biological_Process_2023,Organelle Transport Along Microtubule (GO:0072384),2/39,0.0579155744332589,0.2704338593783695,0,0,5.395304395304395,15.369975594462096,UXT;UBB
GO_Biological_Process_2023,Positive Regulation Of ATP-dependent Activity (GO:0032781),2/39,0.0579155744332589,0.2704338593783695,0,0,5.395304395304395,15.369975594462096,ATP1B3;PFN1
GO_Biological_Process_2023,Negative Regulation Of Protein Kinase Activity (GO:0006469),3/88,0.0582996390300356,0.2704338593783695,0,0,3.532099134069872,10.038788675236006,PYCARD;SFN;PPIA
GO_Biological_Process_2023,AV Node Cell To Bundle Of His Cell Communication (GO:0086067),1/6,0.0585267307609904,0.2704338593783695,0,0,19.894472361809044,56.46591775214154,CXADR
GO_Biological_Process_2023,Regulation Of Histamine Secretion By Mast Cell (GO:1903593),1/6,0.0585267307609904,0.2704338593783695,0,0,19.894472361809044,56.46591775214154,VAMP8
GO_Biological_Process_2023,Negative Regulation Of p38MAPK Cascade (GO:1903753),1/6,0.0585267307609904,0.2704338593783695,0,0,19.894472361809044,56.46591775214154,DUSP1
GO_Biological_Process_2023,Negative Regulation Of Smooth Muscle Cell Apoptotic Process (GO:0034392),1/6,0.0585267307609904,0.2704338593783695,0,0,19.894472361809044,56.46591775214154,LYPD3
GO_Biological_Process_2023,Autophagosome Membrane Docking (GO:0016240),1/6,0.0585267307609904,0.2704338593783695,0,0,19.894472361809044,56.46591775214154,VAMP8
GO_Biological_Process_2023,Regulation Of Oxidative Stress-Induced Neuron Intrinsic Apoptotic Signaling Pathway (GO:1903376),1/6,0.0585267307609904,0.2704338593783695,0,0,19.894472361809044,56.46591775214154,MCL1
GO_Biological_Process_2023,Cellular Hyperosmotic Response (GO:0071474),1/6,0.0585267307609904,0.2704338593783695,0,0,19.894472361809044,56.46591775214154,YBX3
GO_Biological_Process_2023,Polyamine Biosynthetic Process (GO:0006596),1/6,0.0585267307609904,0.2704338593783695,0,0,19.894472361809044,56.46591775214154,SLC38A2
GO_Biological_Process_2023,Positive Regulation Of B Cell Receptor Signaling Pathway (GO:0050861),1/6,0.0585267307609904,0.2704338593783695,0,0,19.894472361809044,56.46591775214154,UXT
GO_Biological_Process_2023,Positive Regulation Of RNA Binding (GO:1905216),1/6,0.0585267307609904,0.2704338593783695,0,0,19.894472361809044,56.46591775214154,EIF3E
GO_Biological_Process_2023,Cholesterol Catabolic Process (GO:0006707),1/6,0.0585267307609904,0.2704338593783695,0,0,19.894472361809044,56.46591775214154,APOE
GO_Biological_Process_2023,Positive Regulation Of T-helper 17 Cell Differentiation (GO:2000321),1/6,0.0585267307609904,0.2704338593783695,0,0,19.894472361809044,56.46591775214154,NFKBIZ
GO_Biological_Process_2023,Positive Regulation Of Amyloid-Beta Clearance (GO:1900223),1/6,0.0585267307609904,0.2704338593783695,0,0,19.894472361809044,56.46591775214154,APOE
GO_Biological_Process_2023,Ribosomal Small Subunit Export From Nucleus (GO:0000056),1/6,0.0585267307609904,0.2704338593783695,0,0,19.894472361809044,56.46591775214154,RPS15
GO_Biological_Process_2023,Serine Transport (GO:0032329),1/6,0.0585267307609904,0.2704338593783695,0,0,19.894472361809044,56.46591775214154,SLC38A2
GO_Biological_Process_2023,Positive Regulation Of Endoplasmic Reticulum Stress-Induced Intrinsic Apoptotic Signaling Pathway (GO:1902237),1/6,0.0585267307609904,0.2704338593783695,0,0,19.894472361809044,56.46591775214154,PMAIP1
GO_Biological_Process_2023,Positive Regulation Of Fibroblast Apoptotic Process (GO:2000271),1/6,0.0585267307609904,0.2704338593783695,0,0,19.894472361809044,56.46591775214154,BTG1
GO_Biological_Process_2023,Positive Regulation Of Gastrulation (GO:2000543),1/6,0.0585267307609904,0.2704338593783695,0,0,19.894472361809044,56.46591775214154,RACK1
GO_Biological_Process_2023,Sterol Catabolic Process (GO:0016127),1/6,0.0585267307609904,0.2704338593783695,0,0,19.894472361809044,56.46591775214154,APOE
GO_Biological_Process_2023,Positive Regulation Of Kidney Development (GO:0090184),1/6,0.0585267307609904,0.2704338593783695,0,0,19.894472361809044,56.46591775214154,MYC
GO_Biological_Process_2023,Positive Regulation Of mRNA Binding (GO:1902416),1/6,0.0585267307609904,0.2704338593783695,0,0,19.894472361809044,56.46591775214154,EIF3E
GO_Biological_Process_2023,Positive Regulation Of Membrane Depolarization (GO:1904181),1/6,0.0585267307609904,0.2704338593783695,0,0,19.894472361809044,56.46591775214154,RACK1
GO_Biological_Process_2023,Positive Regulation Of Mitophagy (GO:1901526),1/6,0.0585267307609904,0.2704338593783695,0,0,19.894472361809044,56.46591775214154,SLC25A5
GO_Biological_Process_2023,Glutathione Biosynthetic Process (GO:0006750),1/6,0.0585267307609904,0.2704338593783695,0,0,19.894472361809044,56.46591775214154,MGST2
GO_Biological_Process_2023,Positive Regulation Of Receptor Catabolic Process (GO:2000646),1/6,0.0585267307609904,0.2704338593783695,0,0,19.894472361809044,56.46591775214154,APOE
GO_Biological_Process_2023,Positive Regulation Of Steroid Metabolic Process (GO:0045940),1/6,0.0585267307609904,0.2704338593783695,0,0,19.894472361809044,56.46591775214154,APOE
GO_Biological_Process_2023,Macropinocytosis (GO:0044351),1/6,0.0585267307609904,0.2704338593783695,0,0,19.894472361809044,56.46591775214154,PYCARD
GO_Biological_Process_2023,Maintenance Of Protein Location In Extracellular Region (GO:0071694),1/6,0.0585267307609904,0.2704338593783695,0,0,19.894472361809044,56.46591775214154,NBL1
GO_Biological_Process_2023,Negative Regulation Of T-helper 17 Type Immune Response (GO:2000317),1/6,0.0585267307609904,0.2704338593783695,0,0,19.894472361809044,56.46591775214154,ZC3H12A
GO_Biological_Process_2023,Cellular Response To Chemical Stress (GO:0062197),3/89,0.0599063264776533,0.2734093703021932,0,0,3.490851139180734,9.82665226973149,PRDX2;ZC3H12A;PPIA
GO_Biological_Process_2023,Negative Regulation Of Secretion By Cell (GO:1903531),2/40,0.0605735018773766,0.2734093703021932,0,0,5.253056884635832,14.729034349424168,VAMP8;APOE
GO_Biological_Process_2023,Regulation Of Protein Dephosphorylation (GO:0035304),2/40,0.0605735018773766,0.2734093703021932,0,0,5.253056884635832,14.729034349424168,ENSA;PPIA
GO_Biological_Process_2023,Regulation Of Small Molecule Metabolic Process (GO:0062012),2/40,0.0605735018773766,0.2734093703021932,0,0,5.253056884635832,14.729034349424168,RORA;APOE
GO_Biological_Process_2023,Positive Regulation Of Proteasomal Protein Catabolic Process (GO:1901800),3/90,0.0615336873024211,0.2734093703021932,0,0,3.450551374059163,9.62072552614985,RACK1;NUPR1;NOP53
GO_Biological_Process_2023,Negative Regulation Of Protein Phosphorylation (GO:0001933),4/149,0.0627473419326677,0.2734093703021932,0,0,2.7663617171006334,7.659057108220177,ZC3H12A;RACK1;SFN;PPIA
GO_Biological_Process_2023,Regulation Of Heart Rate By Cardiac Conduction (GO:0086091),2/41,0.0632725392250683,0.2734093703021932,0,0,5.118104118104118,14.127522570834804,DSP;JUP
GO_Biological_Process_2023,Carbohydrate Catabolic Process (GO:0016052),2/41,0.0632725392250683,0.2734093703021932,0,0,5.118104118104118,14.127522570834804,LDHA;GAPDH
GO_Biological_Process_2023,Regulation Of Release Of Cytochrome C From Mitochondria (GO:0090199),2/41,0.0632725392250683,0.2734093703021932,0,0,5.118104118104118,14.127522570834804,PYCARD;PMAIP1
GO_Biological_Process_2023,Positive Regulation Of Actin Filament Polymerization (GO:0030838),2/41,0.0632725392250683,0.2734093703021932,0,0,5.118104118104118,14.127522570834804,PYCARD;PFN1
GO_Biological_Process_2023,Positive Regulation Of Viral Process (GO:0048524),2/41,0.0632725392250683,0.2734093703021932,0,0,5.118104118104118,14.127522570834804,PABPC1;PPIA
GO_Biological_Process_2023,Potassium Ion Import Across Plasma Membrane (GO:1990573),2/42,0.0660116079502312,0.2734093703021932,0,0,4.98989898989899,13.5621695873434,ATP1B3;ATP1A1
GO_Biological_Process_2023,Positive Regulation Of Cellular Component Biogenesis (GO:0044089),3/93,0.0665382374289198,0.2734093703021932,0,0,3.33502538071066,9.037847070802028,RACK1;RPS3;PFN1
GO_Biological_Process_2023,ADP Transport (GO:0015866),1/7,0.0679442688885301,0.2734093703021932,0,0,16.57788944723618,44.57906348265406,SLC25A5
GO_Biological_Process_2023,Regulation Of Chaperone-Mediated Autophagy (GO:1904714),1/7,0.0679442688885301,0.2734093703021932,0,0,16.57788944723618,44.57906348265406,EEF1A1
GO_Biological_Process_2023,Regulation Of Cyclic-Nucleotide Phosphodiesterase Activity (GO:0051342),1/7,0.0679442688885301,0.2734093703021932,0,0,16.57788944723618,44.57906348265406,RACK1
GO_Biological_Process_2023,Regulation Of Endodeoxyribonuclease Activity (GO:0032071),1/7,0.0679442688885301,0.2734093703021932,0,0,16.57788944723618,44.57906348265406,RPS3
GO_Biological_Process_2023,Regulation Of Extent Of Cell Growth (GO:0061387),1/7,0.0679442688885301,0.2734093703021932,0,0,16.57788944723618,44.57906348265406,APOE
GO_Biological_Process_2023,Negative Regulation Of Macrophage Migration (GO:1905522),1/7,0.0679442688885301,0.2734093703021932,0,0,16.57788944723618,44.57906348265406,UXT
GO_Biological_Process_2023,Negative Regulation Of Mitochondrial Membrane Potential (GO:0010917),1/7,0.0679442688885301,0.2734093703021932,0,0,16.57788944723618,44.57906348265406,PMAIP1
GO_Biological_Process_2023,Negative Regulation Of Nitric Oxide Biosynthetic Process (GO:0045019),1/7,0.0679442688885301,0.2734093703021932,0,0,16.57788944723618,44.57906348265406,ZC3H12A
GO_Biological_Process_2023,Negative Regulation Of Nitric Oxide Metabolic Process (GO:1904406),1/7,0.0679442688885301,0.2734093703021932,0,0,16.57788944723618,44.57906348265406,ZC3H12A
GO_Biological_Process_2023,Negative Regulation Of Striated Muscle Cell Apoptotic Process (GO:0010664),1/7,0.0679442688885301,0.2734093703021932,0,0,16.57788944723618,44.57906348265406,NUPR1
GO_Biological_Process_2023,Regulation Of Mitophagy (GO:1901524),1/7,0.0679442688885301,0.2734093703021932,0,0,16.57788944723618,44.57906348265406,SLC25A5
GO_Biological_Process_2023,Nonribosomal Peptide Biosynthetic Process (GO:0019184),1/7,0.0679442688885301,0.2734093703021932,0,0,16.57788944723618,44.57906348265406,MGST2
GO_Biological_Process_2023,Positive Regulation Of CoA-transferase Activity (GO:1905920),1/7,0.0679442688885301,0.2734093703021932,0,0,16.57788944723618,44.57906348265406,APOE
GO_Biological_Process_2023,"Endonucleolytic Cleavage In ITS1 To Separate SSU-rRNA From 5.8S rRNA And LSU-rRNA From Tricistronic rRNA Transcript (SSU-rRNA, 5.8S rRNA, LSU-rRNA) (GO:0000447)",1/7,0.0679442688885301,0.2734093703021932,0,0,16.57788944723618,44.57906348265406,RPS21
GO_Biological_Process_2023,Positive Regulation Of Execution Phase Of Apoptosis (GO:1900119),1/7,0.0679442688885301,0.2734093703021932,0,0,16.57788944723618,44.57906348265406,ZC3H12A
GO_Biological_Process_2023,Spermidine Metabolic Process (GO:0008216),1/7,0.0679442688885301,0.2734093703021932,0,0,16.57788944723618,44.57906348265406,SLC38A2
GO_Biological_Process_2023,Very-Low-Density Lipoprotein Particle Remodeling (GO:0034372),1/7,0.0679442688885301,0.2734093703021932,0,0,16.57788944723618,44.57906348265406,APOE
GO_Biological_Process_2023,Hyperosmotic Response (GO:0006972),1/7,0.0679442688885301,0.2734093703021932,0,0,16.57788944723618,44.57906348265406,YBX3
GO_Biological_Process_2023,Intermediate Filament Bundle Assembly (GO:0045110),1/7,0.0679442688885301,0.2734093703021932,0,0,16.57788944723618,44.57906348265406,KRT14
GO_Biological_Process_2023,Leukocyte Aggregation (GO:0070486),1/7,0.0679442688885301,0.2734093703021932,0,0,16.57788944723618,44.57906348265406,CD44
GO_Biological_Process_2023,Mammary Gland Epithelial Cell Differentiation (GO:0060644),1/7,0.0679442688885301,0.2734093703021932,0,0,16.57788944723618,44.57906348265406,IRF6
GO_Biological_Process_2023,Proton-Transporting ATP Synthase Complex Assembly (GO:0043461),1/7,0.0679442688885301,0.2734093703021932,0,0,16.57788944723618,44.57906348265406,ATP5F1D
GO_Biological_Process_2023,Mitochondrial Proton-Transporting ATP Synthase Complex Assembly (GO:0033615),1/7,0.0679442688885301,0.2734093703021932,0,0,16.57788944723618,44.57906348265406,ATP5F1D
GO_Biological_Process_2023,Purine Nucleotide Catabolic Process (GO:0006195),1/7,0.0679442688885301,0.2734093703021932,0,0,16.57788944723618,44.57906348265406,HINT1
GO_Biological_Process_2023,"Regulation Of CD4-positive, Alpha-Beta T Cell Activation (GO:2000514)",1/7,0.0679442688885301,0.2734093703021932,0,0,16.57788944723618,44.57906348265406,CD55
GO_Biological_Process_2023,Regulation Of Cdc42 Protein Signal Transduction (GO:0032489),1/7,0.0679442688885301,0.2734093703021932,0,0,16.57788944723618,44.57906348265406,APOE
GO_Biological_Process_2023,Regulation Of CoA-transferase Activity (GO:1905918),1/7,0.0679442688885301,0.2734093703021932,0,0,16.57788944723618,44.57906348265406,APOE
GO_Biological_Process_2023,Regulation Of Golgi To Plasma Membrane Protein Transport (GO:0042996),1/7,0.0679442688885301,0.2734093703021932,0,0,16.57788944723618,44.57906348265406,RACK1
GO_Biological_Process_2023,"Negative Regulation Of CD8-positive, Alpha-Beta T Cell Activation (GO:2001186)",1/7,0.0679442688885301,0.2734093703021932,0,0,16.57788944723618,44.57906348265406,DAPL1
GO_Biological_Process_2023,Negative Regulation Of T-helper 17 Cell Differentiation (GO:2000320),1/7,0.0679442688885301,0.2734093703021932,0,0,16.57788944723618,44.57906348265406,ZC3H12A
GO_Biological_Process_2023,Cellular Response To Growth Factor Stimulus (GO:0071363),4/155,0.0703673025895698,0.2801223837725311,0,0,2.655629139072848,7.0481103099362015,MAP2K3;EEF1A1;RACK1;CD44
GO_Biological_Process_2023,Positive Regulation Of Leukocyte Cell-Cell Adhesion (GO:1903039),2/44,0.0716056114889121,0.2801223837725311,0,0,4.751803751803752,12.52851945708889,PYCARD;CD44
GO_Biological_Process_2023,Positive Regulation Of Nucleocytoplasmic Transport (GO:0046824),2/44,0.0716056114889121,0.2801223837725311,0,0,4.751803751803752,12.52851945708889,JUP;ZC3H12A
GO_Biological_Process_2023,Positive Regulation Of mRNA Catabolic Process (GO:0061014),2/45,0.0744584746361064,0.2801223837725311,0,0,4.641061780596664,12.055221541075596,ZC3H12A;PABPC1
GO_Biological_Process_2023,Positive Regulation Of Protein-Containing Complex Assembly (GO:0031334),3/98,0.0752775128137596,0.2801223837725311,0,0,3.158696232968208,8.170200992229566,RACK1;RPS3;CAPG
GO_Biological_Process_2023,Response To Lipopolysaccharide (GO:0032496),4/159,0.075699453982716,0.2801223837725311,0,0,2.586570111915734,6.675896931115287,PYCARD;UXT;ZC3H12A;S100A14
GO_Biological_Process_2023,AMP Biosynthetic Process (GO:0006167),1/8,0.0772680713380291,0.2801223837725311,0,0,14.208901651112706,36.38152974515558,APRT
GO_Biological_Process_2023,Regulation Of Endothelial Cell Differentiation (GO:0045601),1/8,0.0772680713380291,0.2801223837725311,0,0,14.208901651112706,36.38152974515558,BTG1
GO_Biological_Process_2023,Regulation Of Epidermis Development (GO:0045682),1/8,0.0772680713380291,0.2801223837725311,0,0,14.208901651112706,36.38152974515558,KRT10
GO_Biological_Process_2023,Negative Regulation Of Long-Term Synaptic Potentiation (GO:1900272),1/8,0.0772680713380291,0.2801223837725311,0,0,14.208901651112706,36.38152974515558,APOE
GO_Biological_Process_2023,Negative Regulation Of Membrane Potential (GO:0045837),1/8,0.0772680713380291,0.2801223837725311,0,0,14.208901651112706,36.38152974515558,PMAIP1
GO_Biological_Process_2023,Regulation Of Fibroblast Apoptotic Process (GO:2000269),1/8,0.0772680713380291,0.2801223837725311,0,0,14.208901651112706,36.38152974515558,BTG1
GO_Biological_Process_2023,Negative Regulation Of Oxidative Stress-Induced Neuron Death (GO:1903204),1/8,0.0772680713380291,0.2801223837725311,0,0,14.208901651112706,36.38152974515558,RACK1
GO_Biological_Process_2023,Alcohol Catabolic Process (GO:0046164),1/8,0.0772680713380291,0.2801223837725311,0,0,14.208901651112706,36.38152974515558,APOE
GO_Biological_Process_2023,Negative Regulation Of Systemic Arterial Blood Pressure (GO:0003085),1/8,0.0772680713380291,0.2801223837725311,0,0,14.208901651112706,36.38152974515558,ADRB2
GO_Biological_Process_2023,Regulation Of Mitotic Sister Chromatid Segregation (GO:0033047),1/8,0.0772680713380291,0.2801223837725311,0,0,14.208901651112706,36.38152974515558,DUSP1
GO_Biological_Process_2023,p38MAPK Cascade (GO:0038066),1/8,0.0772680713380291,0.2801223837725311,0,0,14.208901651112706,36.38152974515558,MAP2K3
GO_Biological_Process_2023,Positive Regulation Of Adaptive Immune Response (GO:0002821),1/8,0.0772680713380291,0.2801223837725311,0,0,14.208901651112706,36.38152974515558,PYCARD
GO_Biological_Process_2023,"Complement Activation, Lectin Pathway (GO:0001867)",1/8,0.0772680713380291,0.2801223837725311,0,0,14.208901651112706,36.38152974515558,KRT1
GO_Biological_Process_2023,Response To Vitamin (GO:0033273),1/8,0.0772680713380291,0.2801223837725311,0,0,14.208901651112706,36.38152974515558,AQP3
GO_Biological_Process_2023,Response To Vitamin D (GO:0033280),1/8,0.0772680713380291,0.2801223837725311,0,0,14.208901651112706,36.38152974515558,AQP3
GO_Biological_Process_2023,Positive Regulation Of Mast Cell Degranulation (GO:0043306),1/8,0.0772680713380291,0.2801223837725311,0,0,14.208901651112706,36.38152974515558,VAMP8
GO_Biological_Process_2023,Positive Regulation Of Membrane Invagination (GO:1905155),1/8,0.0772680713380291,0.2801223837725311,0,0,14.208901651112706,36.38152974515558,UXT
GO_Biological_Process_2023,Triglyceride-Rich Lipoprotein Particle Remodeling (GO:0034370),1/8,0.0772680713380291,0.2801223837725311,0,0,14.208901651112706,36.38152974515558,APOE
GO_Biological_Process_2023,Glutamine Transport (GO:0006868),1/8,0.0772680713380291,0.2801223837725311,0,0,14.208901651112706,36.38152974515558,SLC38A2
GO_Biological_Process_2023,Glycerol Transmembrane Transport (GO:0015793),1/8,0.0772680713380291,0.2801223837725311,0,0,14.208901651112706,36.38152974515558,AQP3
GO_Biological_Process_2023,Positive Regulation Of Respiratory Burst (GO:0060267),1/8,0.0772680713380291,0.2801223837725311,0,0,14.208901651112706,36.38152974515558,RPS19
GO_Biological_Process_2023,Positive Regulation Of Sequestering Of Triglyceride (GO:0010890),1/8,0.0772680713380291,0.2801223837725311,0,0,14.208901651112706,36.38152974515558,PLIN2
GO_Biological_Process_2023,Proline Transport (GO:0015824),1/8,0.0772680713380291,0.2801223837725311,0,0,14.208901651112706,36.38152974515558,SLC38A2
GO_Biological_Process_2023,Membrane Lipid Catabolic Process (GO:0046466),1/8,0.0772680713380291,0.2801223837725311,0,0,14.208901651112706,36.38152974515558,MGST2
GO_Biological_Process_2023,Pyrimidine-Containing Compound Metabolic Process (GO:0072527),1/8,0.0772680713380291,0.2801223837725311,0,0,14.208901651112706,36.38152974515558,TYMP
GO_Biological_Process_2023,Regulation Of DNA Methylation (GO:0044030),1/8,0.0772680713380291,0.2801223837725311,0,0,14.208901651112706,36.38152974515558,MYC
GO_Biological_Process_2023,Negative Regulation By Host Of Viral Genome Replication (GO:0044828),1/8,0.0772680713380291,0.2801223837725311,0,0,14.208901651112706,36.38152974515558,ZC3H12A
GO_Biological_Process_2023,Regulation Of Cytokine Production Involved In Inflammatory Response (GO:1900015),2/46,0.0773472253700272,0.2801223837725311,0,0,4.535353535353536,11.608013208044897,PYCARD;ZC3H12A
GO_Biological_Process_2023,Regulation Of mRNA Catabolic Process (GO:0061013),2/46,0.0773472253700272,0.2801223837725311,0,0,4.535353535353536,11.608013208044897,ZC3H12A;SERBP1
GO_Biological_Process_2023,Cardiac Conduction (GO:0061337),2/46,0.0773472253700272,0.2801223837725311,0,0,4.535353535353536,11.608013208044897,DSP;JUP
GO_Biological_Process_2023,Homotypic Cell-Cell Adhesion (GO:0034109),2/46,0.0773472253700272,0.2801223837725311,0,0,4.535353535353536,11.608013208044897,CXADR;PPIA
GO_Biological_Process_2023,Regulation Of Cell Cycle (GO:0051726),6/298,0.0793941562444897,0.2867605643331974,0,0,2.066233582827284,5.234452581067133,RPS15A;MYC;CKS2;RACK1;NUPR1;NOP53
GO_Biological_Process_2023,Regulation Of Protein Secretion (GO:0050708),3/102,0.0826150134639867,0.2904981165833437,0,0,3.030456852791878,7.5566376689451715,ENSA;APOE;PPIA
GO_Biological_Process_2023,Regulation Of RNA Splicing (GO:0043484),3/102,0.0826150134639867,0.2904981165833437,0,0,3.030456852791878,7.5566376689451715,RPS26;SLC38A2;RPS13
GO_Biological_Process_2023,Regulation Of I-kappaB kinase/NF-kappaB Signaling (GO:0043122),5/232,0.0839361180778257,0.2904981165833437,0,0,2.210888964192929,5.477917969400538,PYCARD;ZC3H12A;REL;RORA;GAPDH
GO_Biological_Process_2023,Antibacterial Humoral Response (GO:0019731),2/49,0.0862189382580095,0.2904981165833437,0,0,4.24521813883516,10.404458354124063,FAU;RPL39
GO_Biological_Process_2023,Positive Regulation Of miRNA Metabolic Process (GO:2000630),2/49,0.0862189382580095,0.2904981165833437,0,0,4.24521813883516,10.404458354124063,MYC;ZC3H12A
GO_Biological_Process_2023,Regulation Of Cell Communication (GO:0010646),2/49,0.0862189382580095,0.2904981165833437,0,0,4.24521813883516,10.404458354124063,CXADR;TYMP
GO_Biological_Process_2023,Negative Regulation Of Cysteine-Type Endopeptidase Activity Involved In Apoptotic Process (GO:0043154),2/49,0.0862189382580095,0.2904981165833437,0,0,4.24521813883516,10.404458354124063,SFN;CD44
GO_Biological_Process_2023,Positive Regulation Of Vasculature Development (GO:1904018),3/104,0.0863951479385647,0.2904981165833437,0,0,2.9701462532040006,7.273364724037877,BTG1;JUP;ZC3H12A
GO_Biological_Process_2023,Regulation Of Complement Activation (GO:0030449),1/9,0.0864990660572792,0.2904981165833437,0,0,12.4321608040201,30.429226090981548,CD55
GO_Biological_Process_2023,Regulation Of Endoplasmic Reticulum Unfolded Protein Response (GO:1900101),1/9,0.0864990660572792,0.2904981165833437,0,0,12.4321608040201,30.429226090981548,RACK1
GO_Biological_Process_2023,Negative Regulation Of Necroptotic Process (GO:0060546),1/9,0.0864990660572792,0.2904981165833437,0,0,12.4321608040201,30.429226090981548,YBX3
GO_Biological_Process_2023,SNARE Complex Assembly (GO:0035493),1/9,0.0864990660572792,0.2904981165833437,0,0,12.4321608040201,30.429226090981548,VAMP8
GO_Biological_Process_2023,Negative Regulation Of Phosphatidylinositol 3-Kinase Signaling (GO:0014067),1/9,0.0864990660572792,0.2904981165833437,0,0,12.4321608040201,30.429226090981548,NOP53
GO_Biological_Process_2023,Negative Regulation Of Transcription By RNA Polymerase I (GO:0016479),1/9,0.0864990660572792,0.2904981165833437,0,0,12.4321608040201,30.429226090981548,NOP53
GO_Biological_Process_2023,Nucleoside Metabolic Process (GO:0009116),1/9,0.0864990660572792,0.2904981165833437,0,0,12.4321608040201,30.429226090981548,TYMP
GO_Biological_Process_2023,Pinocytosis (GO:0006907),1/9,0.0864990660572792,0.2904981165833437,0,0,12.4321608040201,30.429226090981548,PYCARD
GO_Biological_Process_2023,Regulation Of Viral-Induced Cytoplasmic Pattern Recognition Receptor Signaling Pathway (GO:0039531),1/9,0.0864990660572792,0.2904981165833437,0,0,12.4321608040201,30.429226090981548,NOP53
GO_Biological_Process_2023,Sequestering Of Extracellular Ligand From Receptor (GO:0035581),1/9,0.0864990660572792,0.2904981165833437,0,0,12.4321608040201,30.429226090981548,NBL1
GO_Biological_Process_2023,Positive Regulation Of Mesenchymal Cell Proliferation (GO:0002053),1/9,0.0864990660572792,0.2904981165833437,0,0,12.4321608040201,30.429226090981548,MYC
GO_Biological_Process_2023,Positive Regulation Of Mitochondrial Membrane Permeability (GO:0035794),1/9,0.0864990660572792,0.2904981165833437,0,0,12.4321608040201,30.429226090981548,CHCHD10
GO_Biological_Process_2023,"Positive Regulation Of Phagocytosis, Engulfment (GO:0060100)",1/9,0.0864990660572792,0.2904981165833437,0,0,12.4321608040201,30.429226090981548,UXT
GO_Biological_Process_2023,High-Density Lipoprotein Particle Assembly (GO:0034380),1/9,0.0864990660572792,0.2904981165833437,0,0,12.4321608040201,30.429226090981548,APOE
GO_Biological_Process_2023,Positive Regulation Of Protein Kinase A Signaling (GO:0010739),1/9,0.0864990660572792,0.2904981165833437,0,0,12.4321608040201,30.429226090981548,ADRB2
GO_Biological_Process_2023,Histone Methylation (GO:0016571),1/9,0.0864990660572792,0.2904981165833437,0,0,12.4321608040201,30.429226090981548,FBL
GO_Biological_Process_2023,Positive Regulation Of Sodium Ion Transmembrane Transport (GO:1902307),1/9,0.0864990660572792,0.2904981165833437,0,0,12.4321608040201,30.429226090981548,ATP1B3
GO_Biological_Process_2023,rRNA 3'-End Processing (GO:0031125),1/9,0.0864990660572792,0.2904981165833437,0,0,12.4321608040201,30.429226090981548,RPS21
GO_Biological_Process_2023,"Regulation Of CD4-positive, Alpha-Beta T Cell Proliferation (GO:2000561)",1/9,0.0864990660572792,0.2904981165833437,0,0,12.4321608040201,30.429226090981548,CD55
GO_Biological_Process_2023,"Regulation Of CD8-positive, Alpha-Beta T Cell Activation (GO:2001185)",1/9,0.0864990660572792,0.2904981165833437,0,0,12.4321608040201,30.429226090981548,DAPL1
GO_Biological_Process_2023,Regulation Of Neuron Apoptotic Process (GO:0043523),3/105,0.0883124080071284,0.2906012484255951,0,0,2.9408778739922363,7.137141991170913,UBB;NUPR1;APOE
GO_Biological_Process_2023,Regulation Of Epithelial Cell Migration (GO:0010632),2/50,0.0892414542606553,0.2906012484255951,0,0,4.156565656565657,10.043965211617904,TACSTD2;PFN1
GO_Biological_Process_2023,Regulation Of Interferon-Beta Production (GO:0032648),2/50,0.0892414542606553,0.2906012484255951,0,0,4.156565656565657,10.043965211617904,PYCARD;REL
GO_Biological_Process_2023,Pyruvate Metabolic Process (GO:0006090),2/50,0.0892414542606553,0.2906012484255951,0,0,4.156565656565657,10.043965211617904,LDHA;GAPDH
GO_Biological_Process_2023,Positive Regulation Of MAPK Cascade (GO:0043410),6/310,0.0917051006651356,0.2906012484255951,0,0,1.983450895279436,4.738815810779813,PYCARD;GPNMB;APOE;ADRB2;PPIA;CD44
GO_Biological_Process_2023,Regulation Of Smoothened Signaling Pathway (GO:0008589),2/51,0.0922950442929787,0.2906012484255951,0,0,4.071531642960214,9.7015024039535,RACK1;RORA
GO_Biological_Process_2023,Regulation Of Stress-Activated MAPK Cascade (GO:0032872),2/51,0.0922950442929787,0.2906012484255951,0,0,4.071531642960214,9.7015024039535,MYC;PPIA
GO_Biological_Process_2023,Negative Regulation Of MAP Kinase Activity (GO:0043407),2/51,0.0922950442929787,0.2906012484255951,0,0,4.071531642960214,9.7015024039535,DUSP1;APOE
GO_Biological_Process_2023,Regulation Of Inflammatory Response (GO:0050727),5/240,0.0936404862538112,0.2906012484255951,0,0,2.1347517730496453,5.055716493016906,PYCARD;NFKBIZ;MGST2;RORA;APOE
GO_Biological_Process_2023,Positive Regulation Of DNA Metabolic Process (GO:0051054),3/108,0.0941706690966622,0.2906012484255951,0,0,2.856417693981146,6.748705308028375,MYC;RPS3;BAZ1A
GO_Biological_Process_2023,Regulation Of Proteolysis (GO:0030162),2/52,0.0953787922697506,0.2906012484255951,0,0,3.98989898989899,9.375859760148904,CSTA;PERP
GO_Biological_Process_2023,Negative Regulation Of Dephosphorylation (GO:0035305),1/10,0.0956381720564831,0.2906012484255951,0,0,11.050251256281408,25.93696464958489,ENSA
GO_Biological_Process_2023,CRD-mediated mRNA Stabilization (GO:0070934),1/10,0.0956381720564831,0.2906012484255951,0,0,11.050251256281408,25.93696464958489,PABPC1
GO_Biological_Process_2023,Negative Regulation Of Glycolytic Process (GO:0045820),1/10,0.0956381720564831,0.2906012484255951,0,0,11.050251256281408,25.93696464958489,NUPR1
GO_Biological_Process_2023,Negative Regulation Of Hemostasis (GO:1900047),1/10,0.0956381720564831,0.2906012484255951,0,0,11.050251256281408,25.93696464958489,APOE
GO_Biological_Process_2023,Negative Regulation Of Hydrogen Peroxide-Induced Cell Death (GO:1903206),1/10,0.0956381720564831,0.2906012484255951,0,0,11.050251256281408,25.93696464958489,RACK1
GO_Biological_Process_2023,Actin Filament Depolymerization (GO:0030042),1/10,0.0956381720564831,0.2906012484255951,0,0,11.050251256281408,25.93696464958489,DSTN
GO_Biological_Process_2023,Regulation Of Lamellipodium Morphogenesis (GO:2000392),1/10,0.0956381720564831,0.2906012484255951,0,0,11.050251256281408,25.93696464958489,CD44
GO_Biological_Process_2023,Regulation Of Mitochondrial Depolarization (GO:0051900),1/10,0.0956381720564831,0.2906012484255951,0,0,11.050251256281408,25.93696464958489,RACK1
GO_Biological_Process_2023,Regulation Of Mitotic Sister Chromatid Separation (GO:0010965),1/10,0.0956381720564831,0.2906012484255951,0,0,11.050251256281408,25.93696464958489,DUSP1
GO_Biological_Process_2023,"Regulation Of Nuclear-Transcribed mRNA Catabolic Process, Nonsense-Mediated Decay (GO:2000622)",1/10,0.0956381720564831,0.2906012484255951,0,0,11.050251256281408,25.93696464958489,PABPC1
GO_Biological_Process_2023,"Regulation Of Phagocytosis, Engulfment (GO:0060099)",1/10,0.0956381720564831,0.2906012484255951,0,0,11.050251256281408,25.93696464958489,UXT
GO_Biological_Process_2023,Regulation Of Programmed Necrotic Cell Death (GO:0062098),1/10,0.0956381720564831,0.2906012484255951,0,0,11.050251256281408,25.93696464958489,NUPR1
GO_Biological_Process_2023,Regulation Of Smooth Muscle Cell Apoptotic Process (GO:0034391),1/10,0.0956381720564831,0.2906012484255951,0,0,11.050251256281408,25.93696464958489,LYPD3
GO_Biological_Process_2023,Removal Of Superoxide Radicals (GO:0019430),1/10,0.0956381720564831,0.2906012484255951,0,0,11.050251256281408,25.93696464958489,PRDX2
GO_Biological_Process_2023,Positive Regulation Of Autophagy Of Mitochondrion (GO:1903599),1/10,0.0956381720564831,0.2906012484255951,0,0,11.050251256281408,25.93696464958489,SLC25A5
GO_Biological_Process_2023,Response To Sterol (GO:0036314),1/10,0.0956381720564831,0.2906012484255951,0,0,11.050251256281408,25.93696464958489,RORA
GO_Biological_Process_2023,Positive Regulation Of Cellular Respiration (GO:1901857),1/10,0.0956381720564831,0.2906012484255951,0,0,11.050251256281408,25.93696464958489,NUPR1
GO_Biological_Process_2023,Positive Regulation Of Cholesterol Metabolic Process (GO:0090205),1/10,0.0956381720564831,0.2906012484255951,0,0,11.050251256281408,25.93696464958489,APOE
GO_Biological_Process_2023,Fatty Acid Homeostasis (GO:0055089),1/10,0.0956381720564831,0.2906012484255951,0,0,11.050251256281408,25.93696464958489,APOE
GO_Biological_Process_2023,Positive Regulation Of Lipid Localization (GO:1905954),1/10,0.0956381720564831,0.2906012484255951,0,0,11.050251256281408,25.93696464958489,ZC3H12A
GO_Biological_Process_2023,Positive Regulation Of Mitochondrial Outer Membrane Permeabilization Involved In Apoptotic Signaling Pathway (GO:1901030),1/10,0.0956381720564831,0.2906012484255951,0,0,11.050251256281408,25.93696464958489,CHCHD10
GO_Biological_Process_2023,Positive Regulation Of Phospholipid Transport (GO:2001140),1/10,0.0956381720564831,0.2906012484255951,0,0,11.050251256281408,25.93696464958489,APOE
GO_Biological_Process_2023,Lipoprotein Catabolic Process (GO:0042159),1/10,0.0956381720564831,0.2906012484255951,0,0,11.050251256281408,25.93696464958489,APOE
GO_Biological_Process_2023,Maintenance Of Synapse Structure (GO:0099558),1/10,0.0956381720564831,0.2906012484255951,0,0,11.050251256281408,25.93696464958489,CHCHD10
GO_Biological_Process_2023,miRNA Catabolic Process (GO:0010587),1/10,0.0956381720564831,0.2906012484255951,0,0,11.050251256281408,25.93696464958489,ZC3H12A
GO_Biological_Process_2023,Mitochondrial Respirasome Assembly (GO:0097250),1/10,0.0956381720564831,0.2906012484255951,0,0,11.050251256281408,25.93696464958489,HIGD2A
GO_Biological_Process_2023,Muscle Filament Sliding (GO:0030049),1/10,0.0956381720564831,0.2906012484255951,0,0,11.050251256281408,25.93696464958489,MYL6
GO_Biological_Process_2023,Negative Regulation Of T-helper Cell Differentiation (GO:0045623),1/10,0.0956381720564831,0.2906012484255951,0,0,11.050251256281408,25.93696464958489,ZC3H12A
GO_Biological_Process_2023,Negative Regulation Of Alpha-Beta T Cell Activation (GO:0046636),1/10,0.0956381720564831,0.2906012484255951,0,0,11.050251256281408,25.93696464958489,DAPL1
GO_Biological_Process_2023,Negative Regulation Of Autophagosome Assembly (GO:1902902),1/10,0.0956381720564831,0.2906012484255951,0,0,11.050251256281408,25.93696464958489,NUPR1
GO_Biological_Process_2023,Regulation Of Cardiac Muscle Cell Apoptotic Process (GO:0010665),1/10,0.0956381720564831,0.2906012484255951,0,0,11.050251256281408,25.93696464958489,NUPR1
GO_Biological_Process_2023,Regulation Of Proteasomal Ubiquitin-Dependent Protein Catabolic Process (GO:0032434),3/109,0.0961582714173515,0.2915205513557717,0,0,2.829326692845513,6.625603466421482,RPL11;RACK1;NOP53
GO_Biological_Process_2023,Actin Polymerization Or Depolymerization (GO:0008154),2/53,0.0984917971521169,0.2945960004103497,0,0,3.9114676173499694,9.065929283683165,DSTN;CAPG
GO_Biological_Process_2023,Positive Regulation Of NIK/NF-kappaB Signaling (GO:1901224),2/53,0.0984917971521169,0.2945960004103497,0,0,3.9114676173499694,9.065929283683165,PYCARD;RPS3
GO_Biological_Process_2023,mRNA Stabilization (GO:0048255),2/53,0.0984917971521169,0.2945960004103497,0,0,3.9114676173499694,9.065929283683165,PABPC1;YBX3
GO_Biological_Process_2023,Proton Motive Force-Driven Mitochondrial ATP Synthesis (GO:0042776),2/53,0.0984917971521169,0.2945960004103497,0,0,3.9114676173499694,9.065929283683165,NDUFB11;ATP5F1D
GO_Biological_Process_2023,Mitochondrial Transport (GO:0006839),2/53,0.0984917971521169,0.2945960004103497,0,0,3.9114676173499694,9.065929283683165,PMAIP1;SLC25A5
GO_Biological_Process_2023,Negative Regulation Of Cysteine-Type Endopeptidase Activity (GO:2000117),2/53,0.0984917971521169,0.2945960004103497,0,0,3.9114676173499694,9.065929283683165,SFN;CD44
GO_Biological_Process_2023,Positive Regulation Of Programmed Cell Death (GO:0043068),5/245,0.0999859696707735,0.2983273975567179,0,0,2.08974358974359,4.812105656399324,PYCARD;RPS6;RACK1;PMAIP1;MCL1
GO_Biological_Process_2023,Negative Regulation Of Inflammatory Response (GO:0050728),3/111,0.1001845738063604,0.2983273975567179,0,0,2.7766497461928936,6.3883520697862,RPS19;RORA;APOE
GO_Biological_Process_2023,Positive Regulation Of DNA-binding Transcription Factor Activity (GO:0051091),5/246,0.1012805157724002,0.2984673212485854,0,0,2.0809660602191724,4.765123498204115,PYCARD;JUP;RPS3;ARID5B;PPIA
GO_Biological_Process_2023,Positive Regulation Of Cellular Component Organization (GO:0051130),3/113,0.1042776844975899,0.2984673212485854,0,0,2.7258883248730963,6.162409997576357,RACK1;RPS3;APOE
GO_Biological_Process_2023,Negative Regulation Of Heart Contraction (GO:0045822),1/11,0.1046862992439068,0.2984673212485854,0,0,9.944723618090451,22.4431232477853,ZC3H12A
GO_Biological_Process_2023,Regulation Of Epithelial Cell Apoptotic Process (GO:1904035),1/11,0.1046862992439068,0.2984673212485854,0,0,9.944723618090451,22.4431232477853,NUPR1
GO_Biological_Process_2023,Negative Regulation Of Nitrogen Compound Metabolic Process (GO:0051172),1/11,0.1046862992439068,0.2984673212485854,0,0,9.944723618090451,22.4431232477853,APOE
GO_Biological_Process_2023,"Negative Regulation Of Nuclear-Transcribed mRNA Catabolic Process, Deadenylation-Dependent Decay (GO:1900152)",1/11,0.1046862992439068,0.2984673212485854,0,0,9.944723618090451,22.4431232477853,PABPC1
GO_Biological_Process_2023,Regulation Of Mesenchymal Cell Proliferation (GO:0010464),1/11,0.1046862992439068,0.2984673212485854,0,0,9.944723618090451,22.4431232477853,MYC
GO_Biological_Process_2023,Neutrophil Activation Involved In Immune Response (GO:0002283),1/11,0.1046862992439068,0.2984673212485854,0,0,9.944723618090451,22.4431232477853,VAMP8
GO_Biological_Process_2023,Biogenic Amine Biosynthetic Process (GO:0042401),1/11,0.1046862992439068,0.2984673212485854,0,0,9.944723618090451,22.4431232477853,SLC38A2
GO_Biological_Process_2023,Phospholipid Efflux (GO:0033700),1/11,0.1046862992439068,0.2984673212485854,0,0,9.944723618090451,22.4431232477853,APOE
GO_Biological_Process_2023,Polyamine Metabolic Process (GO:0006595),1/11,0.1046862992439068,0.2984673212485854,0,0,9.944723618090451,22.4431232477853,SLC38A2
GO_Biological_Process_2023,Cellular Response To Superoxide (GO:0071451),1/11,0.1046862992439068,0.2984673212485854,0,0,9.944723618090451,22.4431232477853,PRDX2
GO_Biological_Process_2023,Desensitization Of G Protein-Coupled Receptor Signaling Pathway (GO:0002029),1/11,0.1046862992439068,0.2984673212485854,0,0,9.944723618090451,22.4431232477853,ADRB2
GO_Biological_Process_2023,Positive Regulation Of Circadian Rhythm (GO:0042753),1/11,0.1046862992439068,0.2984673212485854,0,0,9.944723618090451,22.4431232477853,RORA
GO_Biological_Process_2023,sno(s)RNA 3'-End Processing (GO:0031126),1/11,0.1046862992439068,0.2984673212485854,0,0,9.944723618090451,22.4431232477853,FBL
GO_Biological_Process_2023,Positive Regulation Of Lipid Transport (GO:0032370),1/11,0.1046862992439068,0.2984673212485854,0,0,9.944723618090451,22.4431232477853,APOE
GO_Biological_Process_2023,Mitochondrial Genome Maintenance (GO:0000002),1/11,0.1046862992439068,0.2984673212485854,0,0,9.944723618090451,22.4431232477853,TYMP
GO_Biological_Process_2023,Regulation Of Amyloid Precursor Protein Catabolic Process (GO:1902991),1/11,0.1046862992439068,0.2984673212485854,0,0,9.944723618090451,22.4431232477853,APOE
GO_Biological_Process_2023,Negative Regulation Of Amyloid Fibril Formation (GO:1905907),1/11,0.1046862992439068,0.2984673212485854,0,0,9.944723618090451,22.4431232477853,PFDN5
GO_Biological_Process_2023,Negative Regulation Of Cell Division (GO:0051782),1/11,0.1046862992439068,0.2984673212485854,0,0,9.944723618090451,22.4431232477853,MYC
GO_Biological_Process_2023,Positive Regulation Of ERK1 And ERK2 Cascade (GO:0070374),4/179,0.1052573746759501,0.2994583483349748,0,0,2.2886297376093294,5.152499100422719,PYCARD;GPNMB;APOE;CD44
GO_Biological_Process_2023,Cellular Response To Peptide (GO:1901653),2/56,0.1079975643594305,0.3066032547492308,0,0,3.6936026936026938,8.220654292796869,ADRB2;RPL17
GO_Biological_Process_2023,Cellular Response To Molecule Of Bacterial Origin (GO:0071219),3/117,0.1126579108224949,0.3098652995985778,0,0,2.629708789740849,5.741704566820334,PYCARD;UXT;ZC3H12A
GO_Biological_Process_2023,Negative Regulation Of Hippo Signaling (GO:0035331),1/12,0.1136443487055952,0.3098652995985778,0,0,9.040201005025123,19.659557478207127,MAP2K3
GO_Biological_Process_2023,Negative Regulation Of Intrinsic Apoptotic Signaling Pathway In Response To DNA Damage By P53 Class Mediator (GO:1902166),1/12,0.1136443487055952,0.3098652995985778,0,0,9.040201005025123,19.659557478207127,CD44
GO_Biological_Process_2023,Actin-Myosin Filament Sliding (GO:0033275),1/12,0.1136443487055952,0.3098652995985778,0,0,9.040201005025123,19.659557478207127,MYL6
GO_Biological_Process_2023,Alanine Transport (GO:0032328),1/12,0.1136443487055952,0.3098652995985778,0,0,9.040201005025123,19.659557478207127,SLC38A2
GO_Biological_Process_2023,Negative Regulation Of Substrate Adhesion-Dependent Cell Spreading (GO:1900025),1/12,0.1136443487055952,0.3098652995985778,0,0,9.040201005025123,19.659557478207127,TACSTD2
GO_Biological_Process_2023,Neutrophil Mediated Immunity (GO:0002446),1/12,0.1136443487055952,0.3098652995985778,0,0,9.040201005025123,19.659557478207127,VAMP8
GO_Biological_Process_2023,Nuclear Body Organization (GO:0030575),1/12,0.1136443487055952,0.3098652995985778,0,0,9.040201005025123,19.659557478207127,SERBP1
GO_Biological_Process_2023,Positive Regulation Of T-helper Cell Differentiation (GO:0045624),1/12,0.1136443487055952,0.3098652995985778,0,0,9.040201005025123,19.659557478207127,NFKBIZ
GO_Biological_Process_2023,Defense Response To Tumor Cell (GO:0002357),1/12,0.1136443487055952,0.3098652995985778,0,0,9.040201005025123,19.659557478207127,PRDX2
GO_Biological_Process_2023,Positive Regulation Of mRNA Metabolic Process (GO:1903313),1/12,0.1136443487055952,0.3098652995985778,0,0,9.040201005025123,19.659557478207127,ZC3H12A
GO_Biological_Process_2023,Gamma-Delta T Cell Activation (GO:0046629),1/12,0.1136443487055952,0.3098652995985778,0,0,9.040201005025123,19.659557478207127,CXADR
GO_Biological_Process_2023,Positive Regulation Of Myeloid Leukocyte Mediated Immunity (GO:0002888),1/12,0.1136443487055952,0.3098652995985778,0,0,9.040201005025123,19.659557478207127,UXT
GO_Biological_Process_2023,Positive Regulation Of Nuclear-Transcribed mRNA poly(A) Tail Shortening (GO:0060213),1/12,0.1136443487055952,0.3098652995985778,0,0,9.040201005025123,19.659557478207127,PABPC1
GO_Biological_Process_2023,Positive Regulation Of Ruffle Assembly (GO:1900029),1/12,0.1136443487055952,0.3098652995985778,0,0,9.040201005025123,19.659557478207127,PFN1
GO_Biological_Process_2023,"Mitochondrial Electron Transport, Ubiquinol To Cytochrome C (GO:0006122)",1/12,0.1136443487055952,0.3098652995985778,0,0,9.040201005025123,19.659557478207127,UQCRH
GO_Biological_Process_2023,Negative Regulation By Host Of Viral Process (GO:0044793),1/12,0.1136443487055952,0.3098652995985778,0,0,9.040201005025123,19.659557478207127,ZC3H12A
GO_Biological_Process_2023,Negative Regulation Of Coagulation (GO:0050819),1/12,0.1136443487055952,0.3098652995985778,0,0,9.040201005025123,19.659557478207127,APOE
GO_Biological_Process_2023,Negative Regulation Of Complement Activation (GO:0045916),1/12,0.1136443487055952,0.3098652995985778,0,0,9.040201005025123,19.659557478207127,CD55
GO_Biological_Process_2023,Regulation Of Neuron Death (GO:1901214),2/58,0.1144651666427582,0.3098652995985778,0,0,3.561327561327561,7.719123085387519,GPNMB;UBB
GO_Biological_Process_2023,Regulation Of Phagocytosis (GO:0050764),2/58,0.1144651666427582,0.3098652995985778,0,0,3.561327561327561,7.719123085387519,PYCARD;RACK1
GO_Biological_Process_2023,Response To Organic Cyclic Compound (GO:0014070),2/58,0.1144651666427582,0.3098652995985778,0,0,3.561327561327561,7.719123085387519,PMAIP1;AQP3
GO_Biological_Process_2023,Memory (GO:0007613),2/58,0.1144651666427582,0.3098652995985778,0,0,3.561327561327561,7.719123085387519,APOE;SGK1
GO_Biological_Process_2023,Negative Regulation Of Macromolecule Metabolic Process (GO:0010605),4/186,0.1166797006411275,0.312700390282718,0,0,2.1998205875756898,4.725924503393204,ZC3H12A;REL;RACK1;APOE
GO_Biological_Process_2023,Regulation Of Protein Kinase Activity (GO:0045859),3/119,0.1169417814626649,0.312700390282718,0,0,2.584106423945388,5.545696691343623,MAP2K3;SFN;PPIA
GO_Biological_Process_2023,Positive Regulation Of Angiogenesis (GO:0045766),3/119,0.1169417814626649,0.312700390282718,0,0,2.584106423945388,5.545696691343623,BTG1;JUP;ZC3H12A
GO_Biological_Process_2023,Negative Regulation Of Protein-Containing Complex Assembly (GO:0031333),2/59,0.1177356082636544,0.312700390282718,0,0,3.4986709197235517,7.484754897547597,RPL13A;NOP53
GO_Biological_Process_2023,Cellular Response To Chemokine (GO:1990869),2/59,0.1177356082636544,0.312700390282718,0,0,3.4986709197235517,7.484754897547597,DUSP1;ZC3H12A
GO_Biological_Process_2023,Positive Regulation Of Protein Binding (GO:0032092),2/59,0.1177356082636544,0.312700390282718,0,0,3.4986709197235517,7.484754897547597,RPL11;APOE
GO_Biological_Process_2023,Positive Regulation Of Phagocytosis (GO:0050766),2/60,0.1210294038464434,0.312700390282718,0,0,3.438174851967956,7.260468635528234,PYCARD;UXT
GO_Biological_Process_2023,protein-DNA Complex Organization (GO:0071824),2/60,0.1210294038464434,0.312700390282718,0,0,3.438174851967956,7.260468635528234,MYC;RPL17
GO_Biological_Process_2023,Negative Regulation Of Endoplasmic Reticulum Unfolded Protein Response (GO:1900102),1/13,0.1225132126107664,0.312700390282718,0,0,8.28643216080402,17.397665920944878,RACK1
GO_Biological_Process_2023,ATP Transport (GO:0015867),1/13,0.1225132126107664,0.312700390282718,0,0,8.28643216080402,17.397665920944878,SLC25A5
GO_Biological_Process_2023,Regulation Of Gastrulation (GO:0010470),1/13,0.1225132126107664,0.312700390282718,0,0,8.28643216080402,17.397665920944878,RACK1
GO_Biological_Process_2023,Regulation Of Humoral Immune Response (GO:0002920),1/13,0.1225132126107664,0.312700390282718,0,0,8.28643216080402,17.397665920944878,CD55
GO_Biological_Process_2023,Regulation Of Immune Effector Process (GO:0002697),1/13,0.1225132126107664,0.312700390282718,0,0,8.28643216080402,17.397665920944878,CD55
GO_Biological_Process_2023,Regulation Of Lamellipodium Organization (GO:1902743),1/13,0.1225132126107664,0.312700390282718,0,0,8.28643216080402,17.397665920944878,CD44
GO_Biological_Process_2023,Negative Regulation Of Secretion (GO:0051048),1/13,0.1225132126107664,0.312700390282718,0,0,8.28643216080402,17.397665920944878,VAMP8
GO_Biological_Process_2023,Negative Regulation Of Translational Initiation (GO:0045947),1/13,0.1225132126107664,0.312700390282718,0,0,8.28643216080402,17.397665920944878,EIF3E
GO_Biological_Process_2023,Regulation Of Nitrogen Compound Metabolic Process (GO:0051171),1/13,0.1225132126107664,0.312700390282718,0,0,8.28643216080402,17.397665920944878,APOE
GO_Biological_Process_2023,Regulation Of Response To Endoplasmic Reticulum Stress (GO:1905897),1/13,0.1225132126107664,0.312700390282718,0,0,8.28643216080402,17.397665920944878,NUPR1
GO_Biological_Process_2023,Regulation Of Response To Stress (GO:0080134),1/13,0.1225132126107664,0.312700390282718,0,0,8.28643216080402,17.397665920944878,SLC38A2
GO_Biological_Process_2023,Cellular Response To Arsenic-Containing Substance (GO:0071243),1/13,0.1225132126107664,0.312700390282718,0,0,8.28643216080402,17.397665920944878,ZC3H12A
GO_Biological_Process_2023,Regulation Of Transcription Of Nucleolar Large rRNA By RNA Polymerase I (GO:1901836),1/13,0.1225132126107664,0.312700390282718,0,0,8.28643216080402,17.397665920944878,NOP53
GO_Biological_Process_2023,Regulation Of Trophoblast Cell Migration (GO:1901163),1/13,0.1225132126107664,0.312700390282718,0,0,8.28643216080402,17.397665920944878,ARHGDIB
GO_Biological_Process_2023,Positive Regulation Of T Cell Receptor Signaling Pathway (GO:0050862),1/13,0.1225132126107664,0.312700390282718,0,0,8.28643216080402,17.397665920944878,RPS3
GO_Biological_Process_2023,Positive Regulation Of T-helper 17 Type Immune Response (GO:2000318),1/13,0.1225132126107664,0.312700390282718,0,0,8.28643216080402,17.397665920944878,NFKBIZ
GO_Biological_Process_2023,"Endonucleolytic Cleavage Of Tricistronic rRNA Transcript (SSU-rRNA, 5.8S rRNA, LSU-rRNA) (GO:0000479)",1/13,0.1225132126107664,0.312700390282718,0,0,8.28643216080402,17.397665920944878,RPS21
GO_Biological_Process_2023,Positive Regulation Of Potassium Ion Transmembrane Transporter Activity (GO:1901018),1/13,0.1225132126107664,0.312700390282718,0,0,8.28643216080402,17.397665920944878,ATP1B3
GO_Biological_Process_2023,Killing By Host Of Symbiont Cells (GO:0051873),1/13,0.1225132126107664,0.312700390282718,0,0,8.28643216080402,17.397665920944878,GAPDH
GO_Biological_Process_2023,Myeloid Dendritic Cell Activation (GO:0001773),1/13,0.1225132126107664,0.312700390282718,0,0,8.28643216080402,17.397665920944878,PYCARD
GO_Biological_Process_2023,"Negative Regulation Of DNA Damage Response, Signal Transduction By P53 Class Mediator (GO:0043518)",1/13,0.1225132126107664,0.312700390282718,0,0,8.28643216080402,17.397665920944878,CD44
GO_Biological_Process_2023,Regulation Of cAMP-dependent Protein Kinase Activity (GO:2000479),1/13,0.1225132126107664,0.312700390282718,0,0,8.28643216080402,17.397665920944878,ADRB2
GO_Biological_Process_2023,Intracellular Monoatomic Cation Homeostasis (GO:0030003),4/190,0.123440554966938,0.3133777236565023,0,0,2.152073732718894,4.502128726123319,MYC;ATP1B3;ATP1A1;TPT1
GO_Biological_Process_2023,Regulation Of Protein Catabolic Process (GO:0042176),3/122,0.123480177679577,0.3133777236565023,0,0,2.5185769739367827,5.26804358631712,EEF1A1;UBB;APOE
GO_Biological_Process_2023,Protein Localization To Nucleus (GO:0034504),3/122,0.123480177679577,0.3133777236565023,0,0,2.5185769739367827,5.26804358631712,RPL11;CHCHD10;NOP53
GO_Biological_Process_2023,Neuron Projection Development (GO:0031175),4/192,0.126882620786053,0.3181440464152985,0,0,2.128962223187147,4.395227321074526,UBB;APOE;SGK1;NBL1
GO_Biological_Process_2023,Regulation Of Protein Phosphorylation (GO:0001932),5/265,0.1274327801928374,0.3181440464152985,0,0,1.9270216962524656,3.969985095521329,GPNMB;ZC3H12A;RACK1;PPIA;NOP53
GO_Biological_Process_2023,Negative Regulation Of Kinase Activity (GO:0033673),2/62,0.1276839186856092,0.3181440464152985,0,0,3.323232323232323,6.839868307696459,SFN;PPIA
GO_Biological_Process_2023,Regulation Of T Cell Activation (GO:0050863),2/62,0.1276839186856092,0.3181440464152985,0,0,3.323232323232323,6.839868307696459,PYCARD;GPNMB
GO_Biological_Process_2023,Negative Regulation Of Growth (GO:0045926),3/124,0.1279117628948558,0.3181440464152985,0,0,2.476695892939548,5.093113606778357,BTG1;RACK1;MT1X
GO_Biological_Process_2023,Cellular Response To Lipopolysaccharide (GO:0071222),3/124,0.1279117628948558,0.3181440464152985,0,0,2.476695892939548,5.093113606778357,PYCARD;UXT;ZC3H12A
GO_Biological_Process_2023,Positive Regulation Of Defense Response (GO:0031349),3/124,0.1279117628948558,0.3181440464152985,0,0,2.476695892939548,5.093113606778357,PYCARD;NFKBIZ;MGST2
GO_Biological_Process_2023,"RNA Phosphodiester Bond Hydrolysis, Endonucleolytic (GO:0090502)",1/14,0.1312937743788508,0.3181440464152985,0,0,7.648627754155393,15.529145947074284,ZC3H12A
GO_Biological_Process_2023,Regulation Of Microglial Cell Activation (GO:1903978),1/14,0.1312937743788508,0.3181440464152985,0,0,7.648627754155393,15.529145947074284,UXT
GO_Biological_Process_2023,Regulation Of Nuclear-Transcribed mRNA poly(A) Tail Shortening (GO:0060211),1/14,0.1312937743788508,0.3181440464152985,0,0,7.648627754155393,15.529145947074284,PABPC1
GO_Biological_Process_2023,Cardiac Cell Development (GO:0055006),1/14,0.1312937743788508,0.3181440464152985,0,0,7.648627754155393,15.529145947074284,CXADR
GO_Biological_Process_2023,Regulation Of Sequestering Of Triglyceride (GO:0010889),1/14,0.1312937743788508,0.3181440464152985,0,0,7.648627754155393,15.529145947074284,PLIN2
GO_Biological_Process_2023,Renal Water Homeostasis (GO:0003091),1/14,0.1312937743788508,0.3181440464152985,0,0,7.648627754155393,15.529145947074284,AQP3
GO_Biological_Process_2023,Contractile Actin Filament Bundle Assembly (GO:0030038),1/14,0.1312937743788508,0.3181440464152985,0,0,7.648627754155393,15.529145947074284,PDLIM1
GO_Biological_Process_2023,Endoderm Development (GO:0007492),1/14,0.1312937743788508,0.3181440464152985,0,0,7.648627754155393,15.529145947074284,DUSP1
GO_Biological_Process_2023,Positive Regulation Of Heterotypic Cell-Cell Adhesion (GO:0034116),1/14,0.1312937743788508,0.3181440464152985,0,0,7.648627754155393,15.529145947074284,CD44
GO_Biological_Process_2023,Stress Fiber Assembly (GO:0043149),1/14,0.1312937743788508,0.3181440464152985,0,0,7.648627754155393,15.529145947074284,PDLIM1
GO_Biological_Process_2023,Positive Regulation Of Membrane Protein Ectodomain Proteolysis (GO:0051044),1/14,0.1312937743788508,0.3181440464152985,0,0,7.648627754155393,15.529145947074284,APOE
GO_Biological_Process_2023,"Positive Regulation Of Nuclear-Transcribed mRNA Catabolic Process, Deadenylation-Dependent Decay (GO:1900153)",1/14,0.1312937743788508,0.3181440464152985,0,0,7.648627754155393,15.529145947074284,PABPC1
GO_Biological_Process_2023,Hyaluronan Metabolic Process (GO:0030212),1/14,0.1312937743788508,0.3181440464152985,0,0,7.648627754155393,15.529145947074284,CD44
GO_Biological_Process_2023,Positive Regulation Of Transporter Activity (GO:0032411),1/14,0.1312937743788508,0.3181440464152985,0,0,7.648627754155393,15.529145947074284,SGK1
GO_Biological_Process_2023,Lipoprotein Biosynthetic Process (GO:0042158),1/14,0.1312937743788508,0.3181440464152985,0,0,7.648627754155393,15.529145947074284,APOE
GO_Biological_Process_2023,Mammary Gland Epithelium Development (GO:0061180),1/14,0.1312937743788508,0.3181440464152985,0,0,7.648627754155393,15.529145947074284,IRF6
GO_Biological_Process_2023,"Maturation Of LSU-rRNA From Tricistronic rRNA Transcript (SSU-rRNA, 5.8S rRNA, LSU-rRNA) (GO:0000463)",1/14,0.1312937743788508,0.3181440464152985,0,0,7.648627754155393,15.529145947074284,RPL35
GO_Biological_Process_2023,Regulation Of Branching Involved In Ureteric Bud Morphogenesis (GO:0090189),1/14,0.1312937743788508,0.3181440464152985,0,0,7.648627754155393,15.529145947074284,TACSTD2
GO_Biological_Process_2023,Cellular Response To Light Stimulus (GO:0071482),2/65,0.137821576382599,0.3262303612180339,0,0,3.1645021645021645,6.271395690931595,MYC;RPL26
GO_Biological_Process_2023,Positive Regulation Of T Cell Proliferation (GO:0042102),2/65,0.137821576382599,0.3262303612180339,0,0,3.1645021645021645,6.271395690931595,PYCARD;RPS3
GO_Biological_Process_2023,Positive Regulation Of Cell Cycle (GO:0045787),2/65,0.137821576382599,0.3262303612180339,0,0,3.1645021645021645,6.271395690931595,RPS15A;NUPR1
GO_Biological_Process_2023,3'-UTR-mediated mRNA Destabilization (GO:0061158),1/15,0.139986908731619,0.3262303612180339,0,0,7.101938262742283,13.963876250165317,ZC3H12A
GO_Biological_Process_2023,Regulation Of Cholesterol Biosynthetic Process (GO:0045540),1/15,0.139986908731619,0.3262303612180339,0,0,7.101938262742283,13.963876250165317,APOE
GO_Biological_Process_2023,Negative Regulation Of Macrophage Activation (GO:0043031),1/15,0.139986908731619,0.3262303612180339,0,0,7.101938262742283,13.963876250165317,ZC3H12A
GO_Biological_Process_2023,Negative Regulation Of Phagocytosis (GO:0050765),1/15,0.139986908731619,0.3262303612180339,0,0,7.101938262742283,13.963876250165317,RACK1
GO_Biological_Process_2023,T Cell Homeostasis (GO:0043029),1/15,0.139986908731619,0.3262303612180339,0,0,7.101938262742283,13.963876250165317,PMAIP1
GO_Biological_Process_2023,Negative Regulation Of Platelet Activation (GO:0010544),1/15,0.139986908731619,0.3262303612180339,0,0,7.101938262742283,13.963876250165317,APOE
GO_Biological_Process_2023,Adenylate Cyclase-Activating Adrenergic Receptor Signaling Pathway (GO:0071880),1/15,0.139986908731619,0.3262303612180339,0,0,7.101938262742283,13.963876250165317,ADRB2
GO_Biological_Process_2023,Regulation Of Monocyte Differentiation (GO:0045655),1/15,0.139986908731619,0.3262303612180339,0,0,7.101938262742283,13.963876250165317,MYC
GO_Biological_Process_2023,Cellular Response To Sterol (GO:0036315),1/15,0.139986908731619,0.3262303612180339,0,0,7.101938262742283,13.963876250165317,RORA
GO_Biological_Process_2023,Cellular Response To Zinc Ion (GO:0071294),1/15,0.139986908731619,0.3262303612180339,0,0,7.101938262742283,13.963876250165317,MT1X
GO_Biological_Process_2023,Epiboly Involved In Wound Healing (GO:0090505),1/15,0.139986908731619,0.3262303612180339,0,0,7.101938262742283,13.963876250165317,CD44
GO_Biological_Process_2023,Positive Regulation Of Glucose Metabolic Process (GO:0010907),1/15,0.139986908731619,0.3262303612180339,0,0,7.101938262742283,13.963876250165317,PMAIP1
GO_Biological_Process_2023,Vasodilation (GO:0042311),1/15,0.139986908731619,0.3262303612180339,0,0,7.101938262742283,13.963876250165317,ADRB2
GO_Biological_Process_2023,High-Density Lipoprotein Particle Remodeling (GO:0034375),1/15,0.139986908731619,0.3262303612180339,0,0,7.101938262742283,13.963876250165317,APOE
GO_Biological_Process_2023,Protein Localization To Cell-Cell Junction (GO:0150105),1/15,0.139986908731619,0.3262303612180339,0,0,7.101938262742283,13.963876250165317,DSP
GO_Biological_Process_2023,miRNA Metabolic Process (GO:0010586),1/15,0.139986908731619,0.3262303612180339,0,0,7.101938262742283,13.963876250165317,ZC3H12A
GO_Biological_Process_2023,Regulation Of Amyloid Fibril Formation (GO:1905906),1/15,0.139986908731619,0.3262303612180339,0,0,7.101938262742283,13.963876250165317,PFDN5
GO_Biological_Process_2023,Regulation Of Amyloid-Beta Clearance (GO:1900221),1/15,0.139986908731619,0.3262303612180339,0,0,7.101938262742283,13.963876250165317,APOE
GO_Biological_Process_2023,Regulation Of Carbohydrate Metabolic Process (GO:0006109),1/15,0.139986908731619,0.3262303612180339,0,0,7.101938262742283,13.963876250165317,RORA
GO_Biological_Process_2023,Cellular Response To Type II Interferon (GO:0071346),2/66,0.1412394085870013,0.3280083319004884,0,0,3.11489898989899,6.096788351656931,RPL13A;GAPDH
GO_Biological_Process_2023,Response To Reactive Oxygen Species (GO:0000302),2/66,0.1412394085870013,0.3280083319004884,0,0,3.11489898989899,6.096788351656931,RPS3;APOE
GO_Biological_Process_2023,Activation Of Cysteine-Type Endopeptidase Activity Involved In Apoptotic Process (GO:0006919),2/67,0.1446753520694938,0.3340860161526761,0,0,3.0668220668220667,5.928973623253177,PYCARD;RACK1
GO_Biological_Process_2023,Regulation Of Viral Genome Replication (GO:0045069),2/67,0.1446753520694938,0.3340860161526761,0,0,3.0668220668220667,5.928973623253177,PABPC1;PPIA
GO_Biological_Process_2023,Epithelial Cell Differentiation (GO:0030855),3/132,0.1461833943108462,0.3340860161526761,0,0,2.3221579506551766,4.465262011584285,KRT14;IRF6;KRT10
GO_Biological_Process_2023,Cell-Cell Junction Organization (GO:0045216),2/68,0.1481287080780672,0.3340860161526761,0,0,3.0202020202020203,5.767600469255814,DSP;CXADR
GO_Biological_Process_2023,Negative Regulation Of Intrinsic Apoptotic Signaling Pathway By P53 Class Mediator (GO:1902254),1/16,0.1485934818111902,0.3340860161526761,0,0,6.628140703517588,12.636822082241835,CD44
GO_Biological_Process_2023,Activation Of Cysteine-Type Endopeptidase Activity (GO:0097202),1/16,0.1485934818111902,0.3340860161526761,0,0,6.628140703517588,12.636822082241835,PERP
GO_Biological_Process_2023,Regulation Of Protein Kinase A Signaling (GO:0010738),1/16,0.1485934818111902,0.3340860161526761,0,0,6.628140703517588,12.636822082241835,ADRB2
GO_Biological_Process_2023,Cell Surface Toll-Like Receptor Signaling Pathway (GO:0140895),1/16,0.1485934818111902,0.3340860161526761,0,0,6.628140703517588,12.636822082241835,S100A14
GO_Biological_Process_2023,Regulation Of Secretion (GO:0051046),1/16,0.1485934818111902,0.3340860161526761,0,0,6.628140703517588,12.636822082241835,SGK1
GO_Biological_Process_2023,Cellular Response To Fatty Acid (GO:0071398),1/16,0.1485934818111902,0.3340860161526761,0,0,6.628140703517588,12.636822082241835,ZC3H12A
GO_Biological_Process_2023,Cellular Response To Gamma Radiation (GO:0071480),1/16,0.1485934818111902,0.3340860161526761,0,0,6.628140703517588,12.636822082241835,RPL26
GO_Biological_Process_2023,Reverse Cholesterol Transport (GO:0043691),1/16,0.1485934818111902,0.3340860161526761,0,0,6.628140703517588,12.636822082241835,APOE
GO_Biological_Process_2023,"Synaptic Transmission, Cholinergic (GO:0007271)",1/16,0.1485934818111902,0.3340860161526761,0,0,6.628140703517588,12.636822082241835,APOE
GO_Biological_Process_2023,Extrinsic Apoptotic Signaling Pathway In Absence Of Ligand (GO:0097192),1/16,0.1485934818111902,0.3340860161526761,0,0,6.628140703517588,12.636822082241835,MCL1
GO_Biological_Process_2023,Positive Regulation Of Lymphocyte Migration (GO:2000403),1/16,0.1485934818111902,0.3340860161526761,0,0,6.628140703517588,12.636822082241835,PYCARD
GO_Biological_Process_2023,Innate Immune Response-Activating Signaling Pathway (GO:0002758),1/16,0.1485934818111902,0.3340860161526761,0,0,6.628140703517588,12.636822082241835,PYCARD
GO_Biological_Process_2023,Regulation Of B Cell Receptor Signaling Pathway (GO:0050855),1/16,0.1485934818111902,0.3340860161526761,0,0,6.628140703517588,12.636822082241835,UXT
GO_Biological_Process_2023,Negative Regulation Of Amyloid-Beta Formation (GO:1902430),1/16,0.1485934818111902,0.3340860161526761,0,0,6.628140703517588,12.636822082241835,APOE
GO_Biological_Process_2023,Negative Regulation Of Anoikis (GO:2000811),1/16,0.1485934818111902,0.3340860161526761,0,0,6.628140703517588,12.636822082241835,MCL1
GO_Biological_Process_2023,Negative Regulation Of Epithelial Cell Proliferation (GO:0050680),2/70,0.1550849226995339,0.3367955862976322,0,0,2.931075460487225,5.462886925837976,NUPR1;APOE
GO_Biological_Process_2023,Neutrophil Chemotaxis (GO:0030593),2/70,0.1550849226995339,0.3367955862976322,0,0,2.931075460487225,5.462886925837976,CXADR;PPIA
GO_Biological_Process_2023,Positive Regulation Of Protein Transport (GO:0051222),2/70,0.1550849226995339,0.3367955862976322,0,0,2.931075460487225,5.462886925837976,RACK1;PPIA
GO_Biological_Process_2023,Regulation Of Actin Filament Polymerization (GO:0030833),2/70,0.1550849226995339,0.3367955862976322,0,0,2.931075460487225,5.462886925837976,PYCARD;PFN1
GO_Biological_Process_2023,Regulation Of Cellular Respiration (GO:0043457),1/17,0.157114351192228,0.3367955862976322,0,0,6.21356783919598,11.499955704952034,NOP53
GO_Biological_Process_2023,Negative Regulation Of Fibroblast Proliferation (GO:0048147),1/17,0.157114351192228,0.3367955862976322,0,0,6.21356783919598,11.499955704952034,MYC
GO_Biological_Process_2023,"DNA Damage Response, Signal Transduction By P53 Class Mediator Resulting In Cell Cycle Arrest (GO:0006977)",1/17,0.157114351192228,0.3367955862976322,0,0,6.21356783919598,11.499955704952034,RPL26
GO_Biological_Process_2023,Negative Regulation Of Leukocyte Activation (GO:0002695),1/17,0.157114351192228,0.3367955862976322,0,0,6.21356783919598,11.499955704952034,ZC3H12A
GO_Biological_Process_2023,Regulation Of Establishment Of Cell Polarity (GO:2000114),1/17,0.157114351192228,0.3367955862976322,0,0,6.21356783919598,11.499955704952034,RACK1
GO_Biological_Process_2023,Negative Regulation Of Oxidative Stress-Induced Intrinsic Apoptotic Signaling Pathway (GO:1902176),1/17,0.157114351192228,0.3367955862976322,0,0,6.21356783919598,11.499955704952034,PPIA
GO_Biological_Process_2023,Amyloid Precursor Protein Metabolic Process (GO:0042982),1/17,0.157114351192228,0.3367955862976322,0,0,6.21356783919598,11.499955704952034,APOE
GO_Biological_Process_2023,Regulation Of Mitotic Cell Cycle Spindle Assembly Checkpoint (GO:0090266),1/17,0.157114351192228,0.3367955862976322,0,0,6.21356783919598,11.499955704952034,DUSP1
GO_Biological_Process_2023,Regulation Of Oxidative Phosphorylation (GO:0002082),1/17,0.157114351192228,0.3367955862976322,0,0,6.21356783919598,11.499955704952034,NUPR1
GO_Biological_Process_2023,Carboxylic Acid Biosynthetic Process (GO:0046394),1/17,0.157114351192228,0.3367955862976322,0,0,6.21356783919598,11.499955704952034,PYCARD
GO_Biological_Process_2023,Positive Chemotaxis (GO:0050918),1/17,0.157114351192228,0.3367955862976322,0,0,6.21356783919598,11.499955704952034,GPNMB
GO_Biological_Process_2023,Positive Regulation By Host Of Viral Process (GO:0044794),1/17,0.157114351192228,0.3367955862976322,0,0,6.21356783919598,11.499955704952034,EEF1A1
GO_Biological_Process_2023,Positive Regulation Of Alpha-Beta T Cell Proliferation (GO:0046641),1/17,0.157114351192228,0.3367955862976322,0,0,6.21356783919598,11.499955704952034,CD55
GO_Biological_Process_2023,Positive Regulation Of Macrophage Activation (GO:0043032),1/17,0.157114351192228,0.3367955862976322,0,0,6.21356783919598,11.499955704952034,UXT
GO_Biological_Process_2023,Toll-Like Receptor 4 Signaling Pathway (GO:0034142),1/17,0.157114351192228,0.3367955862976322,0,0,6.21356783919598,11.499955704952034,S100A14
GO_Biological_Process_2023,Transepithelial Transport (GO:0070633),1/17,0.157114351192228,0.3367955862976322,0,0,6.21356783919598,11.499955704952034,CXADR
GO_Biological_Process_2023,Positive Regulation Of Nitric-Oxide Synthase Activity (GO:0051000),1/17,0.157114351192228,0.3367955862976322,0,0,6.21356783919598,11.499955704952034,APOE
GO_Biological_Process_2023,Positive Regulation Of Potassium Ion Transmembrane Transport (GO:1901381),1/17,0.157114351192228,0.3367955862976322,0,0,6.21356783919598,11.499955704952034,ATP1B3
GO_Biological_Process_2023,Positive Regulation Of Stem Cell Differentiation (GO:2000738),1/17,0.157114351192228,0.3367955862976322,0,0,6.21356783919598,11.499955704952034,TACSTD2
GO_Biological_Process_2023,Membrane Lipid Metabolic Process (GO:0006643),1/17,0.157114351192228,0.3367955862976322,0,0,6.21356783919598,11.499955704952034,MGST2
GO_Biological_Process_2023,rRNA Modification (GO:0000154),1/17,0.157114351192228,0.3367955862976322,0,0,6.21356783919598,11.499955704952034,FBL
GO_Biological_Process_2023,Myeloid Cell Activation Involved In Immune Response (GO:0002275),1/17,0.157114351192228,0.3367955862976322,0,0,6.21356783919598,11.499955704952034,PYCARD
GO_Biological_Process_2023,Regulation Of Aerobic Respiration (GO:1903715),1/17,0.157114351192228,0.3367955862976322,0,0,6.21356783919598,11.499955704952034,NOP53
GO_Biological_Process_2023,Negative Regulation Of Protein Binding (GO:0032091),2/71,0.1585864433775845,0.3367955862976322,0,0,2.888449714536671,5.318951469597782,RACK1;ADRB2
GO_Biological_Process_2023,Regulation Of Cellular Localization (GO:0060341),2/72,0.1621027002960182,0.3367955862976322,0,0,2.8470418470418477,5.180264363849609,RACK1;KRT5
GO_Biological_Process_2023,Cholesterol Homeostasis (GO:0042632),2/72,0.1621027002960182,0.3367955862976322,0,0,2.8470418470418477,5.180264363849609,RORA;APOE
GO_Biological_Process_2023,Positive Regulation Of Protein Localization To Nucleus (GO:1900182),2/72,0.1621027002960182,0.3367955862976322,0,0,2.8470418470418477,5.180264363849609,JUP;ZC3H12A
GO_Biological_Process_2023,Negative Regulation Of Cell Adhesion (GO:0007162),2/72,0.1621027002960182,0.3367955862976322,0,0,2.8470418470418477,5.180264363849609,DUSP1;SPINT2
GO_Biological_Process_2023,Negative Regulation Of Wnt Signaling Pathway (GO:0030178),3/140,0.1652477197553054,0.3367955862976322,0,0,2.1856682352069363,3.934879504297894,RACK1;APOE;PFDN5
GO_Biological_Process_2023,3'-UTR-mediated mRNA Stabilization (GO:0070935),1/18,0.1655503660358053,0.3367955862976322,0,0,5.847768253029855,10.51709310132786,YBX3
GO_Biological_Process_2023,Regulation Of Establishment Or Maintenance Of Cell Polarity (GO:0032878),1/18,0.1655503660358053,0.3367955862976322,0,0,5.847768253029855,10.51709310132786,RACK1
GO_Biological_Process_2023,Actin Filament Capping (GO:0051693),1/18,0.1655503660358053,0.3367955862976322,0,0,5.847768253029855,10.51709310132786,CAPG
GO_Biological_Process_2023,Negative Regulation Of Signal Transduction By P53 Class Mediator (GO:1901797),1/18,0.1655503660358053,0.3367955862976322,0,0,5.847768253029855,10.51709310132786,CD44
GO_Biological_Process_2023,Adrenergic Receptor Signaling Pathway (GO:0071875),1/18,0.1655503660358053,0.3367955862976322,0,0,5.847768253029855,10.51709310132786,ADRB2
GO_Biological_Process_2023,Regulation Of Nervous System Process (GO:0031644),1/18,0.1655503660358053,0.3367955862976322,0,0,5.847768253029855,10.51709310132786,TYMP
GO_Biological_Process_2023,Nitric Oxide Mediated Signal Transduction (GO:0007263),1/18,0.1655503660358053,0.3367955862976322,0,0,5.847768253029855,10.51709310132786,APOE
GO_Biological_Process_2023,Barbed-End Actin Filament Capping (GO:0051016),1/18,0.1655503660358053,0.3367955862976322,0,0,5.847768253029855,10.51709310132786,CAPG
GO_Biological_Process_2023,Regulation Of Oxidative Stress-Induced Intrinsic Apoptotic Signaling Pathway (GO:1902175),1/18,0.1655503660358053,0.3367955862976322,0,0,5.847768253029855,10.51709310132786,PPIA
GO_Biological_Process_2023,Branching Involved In Ureteric Bud Morphogenesis (GO:0001658),1/18,0.1655503660358053,0.3367955862976322,0,0,5.847768253029855,10.51709310132786,MYC
GO_Biological_Process_2023,Cell Junction Maintenance (GO:0034331),1/18,0.1655503660358053,0.3367955862976322,0,0,5.847768253029855,10.51709310132786,CHCHD10
GO_Biological_Process_2023,Positive Regulation Of DNA Replication (GO:0045740),1/18,0.1655503660358053,0.3367955862976322,0,0,5.847768253029855,10.51709310132786,BAZ1A
GO_Biological_Process_2023,Renal Absorption (GO:0070293),1/18,0.1655503660358053,0.3367955862976322,0,0,5.847768253029855,10.51709310132786,SGK1
GO_Biological_Process_2023,Detection Of Mechanical Stimulus (GO:0050982),1/18,0.1655503660358053,0.3367955862976322,0,0,5.847768253029855,10.51709310132786,JUP
GO_Biological_Process_2023,Positive Regulation Of Epidermal Cell Differentiation (GO:0045606),1/18,0.1655503660358053,0.3367955862976322,0,0,5.847768253029855,10.51709310132786,SFN
GO_Biological_Process_2023,Positive Regulation Of Monocyte Chemotaxis (GO:0090026),1/18,0.1655503660358053,0.3367955862976322,0,0,5.847768253029855,10.51709310132786,S100A14
GO_Biological_Process_2023,Ureteric Bud Morphogenesis (GO:0060675),1/18,0.1655503660358053,0.3367955862976322,0,0,5.847768253029855,10.51709310132786,MYC
GO_Biological_Process_2023,Positive Regulation Of Response To Endoplasmic Reticulum Stress (GO:1905898),1/18,0.1655503660358053,0.3367955862976322,0,0,5.847768253029855,10.51709310132786,PMAIP1
GO_Biological_Process_2023,Maintenance Of Protein Localization In Organelle (GO:0072595),1/18,0.1655503660358053,0.3367955862976322,0,0,5.847768253029855,10.51709310132786,CHCHD10
GO_Biological_Process_2023,Maintenance Of Protein Location In Nucleus (GO:0051457),1/18,0.1655503660358053,0.3367955862976322,0,0,5.847768253029855,10.51709310132786,CHCHD10
GO_Biological_Process_2023,Membrane Repolarization (GO:0086009),1/18,0.1655503660358053,0.3367955862976322,0,0,5.847768253029855,10.51709310132786,ATP1B3
GO_Biological_Process_2023,Mitochondrial Fusion (GO:0008053),1/18,0.1655503660358053,0.3367955862976322,0,0,5.847768253029855,10.51709310132786,MCL1
GO_Biological_Process_2023,Regulation Of RIG-I Signaling Pathway (GO:0039535),1/18,0.1655503660358053,0.3367955862976322,0,0,5.847768253029855,10.51709310132786,NOP53
GO_Biological_Process_2023,Regulation Of T Cell Cytokine Production (GO:0002724),1/18,0.1655503660358053,0.3367955862976322,0,0,5.847768253029855,10.51709310132786,CD55
GO_Biological_Process_2023,Regulation Of Adaptive Immune Response (GO:0002819),1/18,0.1655503660358053,0.3367955862976322,0,0,5.847768253029855,10.51709310132786,PYCARD
GO_Biological_Process_2023,Negative Regulation Of Amyloid Precursor Protein Catabolic Process (GO:1902992),1/18,0.1655503660358053,0.3367955862976322,0,0,5.847768253029855,10.51709310132786,APOE
GO_Biological_Process_2023,Sterol Homeostasis (GO:0055092),2/73,0.1656330532612982,0.3367955862976322,0,0,2.806800398349694,5.046572271238703,RORA;APOE
GO_Biological_Process_2023,Granulocyte Chemotaxis (GO:0071621),2/73,0.1656330532612982,0.3367955862976322,0,0,2.806800398349694,5.046572271238703,CXADR;PPIA
GO_Biological_Process_2023,Protein Tetramerization (GO:0051262),2/73,0.1656330532612982,0.3367955862976322,0,0,2.806800398349694,5.046572271238703,KRT1;KRT10
GO_Biological_Process_2023,Regulation Of Rho Protein Signal Transduction (GO:0035023),2/73,0.1656330532612982,0.3367955862976322,0,0,2.806800398349694,5.046572271238703,ARHGDIB;APOE
GO_Biological_Process_2023,Regulation Of mRNA Stability (GO:0043488),2/74,0.1691768732048807,0.3421867430023863,0,0,2.767676767676768,4.917637208774679,SERBP1;PABPC1
GO_Biological_Process_2023,Positive Regulation Of Transferase Activity (GO:0051347),3/143,0.1725795861644545,0.3421867430023863,0,0,2.1385061638868748,3.7571345929995696,MYC;APOE;RPS2
GO_Biological_Process_2023,Regulation Of Fat Cell Differentiation (GO:0045598),2/75,0.1727335422229741,0.3421867430023863,0,0,2.72962501729625,4.793235424721277,ZC3H12A;RORA
GO_Biological_Process_2023,Regulation Of Stress Fiber Assembly (GO:0051492),2/75,0.1727335422229741,0.3421867430023863,0,0,2.72962501729625,4.793235424721277,TACSTD2;PFN1
GO_Biological_Process_2023,Arp2/3 Complex-Mediated Actin Nucleation (GO:0034314),1/19,0.1739023671527052,0.3421867430023863,0,0,5.522613065326633,9.66049300943,ARPC2
GO_Biological_Process_2023,Negative Regulation Of Leukocyte Cell-Cell Adhesion (GO:1903038),1/19,0.1739023671527052,0.3421867430023863,0,0,5.522613065326633,9.66049300943,GPNMB
GO_Biological_Process_2023,Regulation Of Granulocyte Chemotaxis (GO:0071622),1/19,0.1739023671527052,0.3421867430023863,0,0,5.522613065326633,9.66049300943,S100A14
GO_Biological_Process_2023,Negative Regulation Of Peptidyl-Serine Phosphorylation (GO:0033137),1/19,0.1739023671527052,0.3421867430023863,0,0,5.522613065326633,9.66049300943,RACK1
GO_Biological_Process_2023,Negative Regulation Of Protein Dephosphorylation (GO:0035308),1/19,0.1739023671527052,0.3421867430023863,0,0,5.522613065326633,9.66049300943,ENSA
GO_Biological_Process_2023,Neuron Apoptotic Process (GO:0051402),1/19,0.1739023671527052,0.3421867430023863,0,0,5.522613065326633,9.66049300943,GAPDH
GO_Biological_Process_2023,Regulation Of Neuroinflammatory Response (GO:0150077),1/19,0.1739023671527052,0.3421867430023863,0,0,5.522613065326633,9.66049300943,NUPR1
GO_Biological_Process_2023,Regulation Of Tissue Remodeling (GO:0034103),1/19,0.1739023671527052,0.3421867430023863,0,0,5.522613065326633,9.66049300943,GPNMB
GO_Biological_Process_2023,Positive Regulation Of Alpha-Beta T Cell Activation (GO:0046635),1/19,0.1739023671527052,0.3421867430023863,0,0,5.522613065326633,9.66049300943,CD55
GO_Biological_Process_2023,Epithelial Structure Maintenance (GO:0010669),1/19,0.1739023671527052,0.3421867430023863,0,0,5.522613065326633,9.66049300943,CXADR
GO_Biological_Process_2023,Positive Regulation Of Hormone Secretion (GO:0046887),1/19,0.1739023671527052,0.3421867430023863,0,0,5.522613065326633,9.66049300943,VAMP8
GO_Biological_Process_2023,Establishment Of Skin Barrier (GO:0061436),1/19,0.1739023671527052,0.3421867430023863,0,0,5.522613065326633,9.66049300943,SFN
GO_Biological_Process_2023,Fluid Transport (GO:0042044),1/19,0.1739023671527052,0.3421867430023863,0,0,5.522613065326633,9.66049300943,AQP3
GO_Biological_Process_2023,Water Transport (GO:0006833),1/19,0.1739023671527052,0.3421867430023863,0,0,5.522613065326633,9.66049300943,AQP3
GO_Biological_Process_2023,Intrinsic Apoptotic Signaling Pathway In Response To DNA Damage By P53 Class Mediator (GO:0042771),1/19,0.1739023671527052,0.3421867430023863,0,0,5.522613065326633,9.66049300943,PYCARD
GO_Biological_Process_2023,Leukotriene Biosynthetic Process (GO:0019370),1/19,0.1739023671527052,0.3421867430023863,0,0,5.522613065326633,9.66049300943,MGST2
GO_Biological_Process_2023,Multicellular Organismal-Level Water Homeostasis (GO:0050891),1/19,0.1739023671527052,0.3421867430023863,0,0,5.522613065326633,9.66049300943,AQP3
GO_Biological_Process_2023,Regulation Of Behavior (GO:0050795),1/19,0.1739023671527052,0.3421867430023863,0,0,5.522613065326633,9.66049300943,APOE
GO_Biological_Process_2023,Wnt Signaling Pathway (GO:0016055),2/76,0.1763024531867548,0.3462544546446142,0,0,2.6926016926016927,4.673156378016087,JUP;CPE
GO_Biological_Process_2023,Regulation Of Intracellular Signal Transduction (GO:1902531),5/297,0.1775525042680905,0.3462544546446142,0,0,1.7130312609764664,2.9609555458398797,PYCARD;RPL5;RPL11;SGK1;NOP53
GO_Biological_Process_2023,Neutrophil Migration (GO:1990266),2/77,0.1798830098073791,0.3462544546446142,0,0,2.656565656565657,4.557201796283064,CXADR;PPIA
GO_Biological_Process_2023,Neuron Projection Morphogenesis (GO:0048812),3/146,0.1800025240475294,0.3462544546446142,0,0,2.093322920734088,3.589597500577494,UBB;SGK1;NBL1
GO_Biological_Process_2023,Negative Regulation Of Cell Population Proliferation (GO:0008285),6/379,0.1803370568533067,0.3462544546446142,0,0,1.610817832564053,2.7592143900660075,BTG1;GPNMB;MYC;APOE;NUPR1;IRF6
GO_Biological_Process_2023,Negative Regulation Of Phosphate Metabolic Process (GO:0045936),1/20,0.182171186958547,0.3462544546446142,0,0,5.231684739486909,8.908556962758436,UXT
GO_Biological_Process_2023,Activation Of Adenylate Cyclase Activity (GO:0007190),1/20,0.182171186958547,0.3462544546446142,0,0,5.231684739486909,8.908556962758436,ADRB2
GO_Biological_Process_2023,Adenine Nucleotide Transport (GO:0051503),1/20,0.182171186958547,0.3462544546446142,0,0,5.231684739486909,8.908556962758436,SLC25A5
GO_Biological_Process_2023,Regulation Of Macrophage Chemotaxis (GO:0010758),1/20,0.182171186958547,0.3462544546446142,0,0,5.231684739486909,8.908556962758436,UXT
GO_Biological_Process_2023,Ameboidal-Type Cell Migration (GO:0001667),1/20,0.182171186958547,0.3462544546446142,0,0,5.231684739486909,8.908556962758436,PDLIM1
GO_Biological_Process_2023,Regulation Of Meiotic Cell Cycle (GO:0051445),1/20,0.182171186958547,0.3462544546446142,0,0,5.231684739486909,8.908556962758436,DUSP1
GO_Biological_Process_2023,Negative Regulation Of Viral Life Cycle (GO:1903901),1/20,0.182171186958547,0.3462544546446142,0,0,5.231684739486909,8.908556962758436,PPIA
GO_Biological_Process_2023,Regulation Of Necroptotic Process (GO:0060544),1/20,0.182171186958547,0.3462544546446142,0,0,5.231684739486909,8.908556962758436,YBX3
GO_Biological_Process_2023,Regulation Of Protein Localization To Cell Periphery (GO:1904375),1/20,0.182171186958547,0.3462544546446142,0,0,5.231684739486909,8.908556962758436,VAMP8
GO_Biological_Process_2023,Cell Projection Organization (GO:0030030),1/20,0.182171186958547,0.3462544546446142,0,0,5.231684739486909,8.908556962758436,CAPG
GO_Biological_Process_2023,Cellular Response To Copper Ion (GO:0071280),1/20,0.182171186958547,0.3462544546446142,0,0,5.231684739486909,8.908556962758436,MT1X
GO_Biological_Process_2023,Cellular Response To Estradiol Stimulus (GO:0071392),1/20,0.182171186958547,0.3462544546446142,0,0,5.231684739486909,8.908556962758436,H2AZ1
GO_Biological_Process_2023,Response To Fibroblast Growth Factor (GO:0071774),1/20,0.182171186958547,0.3462544546446142,0,0,5.231684739486909,8.908556962758436,CD44
GO_Biological_Process_2023,Positive Regulation Of Embryonic Development (GO:0040019),1/20,0.182171186958547,0.3462544546446142,0,0,5.231684739486909,8.908556962758436,RACK1
GO_Biological_Process_2023,Stress-Activated Protein Kinase Signaling Cascade (GO:0031098),1/20,0.182171186958547,0.3462544546446142,0,0,5.231684739486909,8.908556962758436,MAP2K3
GO_Biological_Process_2023,Hydrogen Peroxide Catabolic Process (GO:0042744),1/20,0.182171186958547,0.3462544546446142,0,0,5.231684739486909,8.908556962758436,PRDX2
GO_Biological_Process_2023,Leukotriene Metabolic Process (GO:0006691),1/20,0.182171186958547,0.3462544546446142,0,0,5.231684739486909,8.908556962758436,MGST2
GO_Biological_Process_2023,Long-Term Memory (GO:0007616),1/20,0.182171186958547,0.3462544546446142,0,0,5.231684739486909,8.908556962758436,SGK1
GO_Biological_Process_2023,Maturation Of LSU-rRNA (GO:0000470),1/20,0.182171186958547,0.3462544546446142,0,0,5.231684739486909,8.908556962758436,RPL35
GO_Biological_Process_2023,Cellular Response To UV (GO:0034644),2/79,0.1870767274857147,0.3532953611891654,0,0,2.5873015873015874,4.336929198982091,MYC;RPL26
GO_Biological_Process_2023,Positive Regulation Of Cytoskeleton Organization (GO:0051495),2/79,0.1870767274857147,0.3532953611891654,0,0,2.5873015873015874,4.336929198982091,PYCARD;PFN1
GO_Biological_Process_2023,Positive Regulation Of Endocytosis (GO:0045807),2/79,0.1870767274857147,0.3532953611891654,0,0,2.5873015873015874,4.336929198982091,PYCARD;APOE
GO_Biological_Process_2023,Positive Regulation Of Protein Modification By Small Protein Conjugation Or Removal (GO:1903322),2/79,0.1870767274857147,0.3532953611891654,0,0,2.5873015873015874,4.336929198982091,UBB;ZC3H12A
GO_Biological_Process_2023,Skeletal System Development (GO:0001501),3/149,0.187511062593512,0.3532953611891654,0,0,2.049996523190321,3.4315249214751327,RPL13;ETS2;CD44
GO_Biological_Process_2023,Negative Regulation Of DNA-binding Transcription Factor Activity (GO:0043433),3/149,0.187511062593512,0.3532953611891654,0,0,2.049996523190321,3.4315249214751327,PYCARD;ZC3H12A;NUPR1
GO_Biological_Process_2023,DNA Damage Response (GO:0006974),6/384,0.1878022691026878,0.3532953611891654,0,0,1.589101620029455,2.6575589314887718,MYC;ZC3H12A;RPS3;SFN;NOP53;MCL1
GO_Biological_Process_2023,Regulation Of Lipid Storage (GO:0010883),1/21,0.1903576498347592,0.3532953611891654,0,0,4.969849246231155,8.244237447277422,ZC3H12A
GO_Biological_Process_2023,Regulation Of Lipopolysaccharide-Mediated Signaling Pathway (GO:0031664),1/21,0.1903576498347592,0.3532953611891654,0,0,4.969849246231155,8.244237447277422,CD55
GO_Biological_Process_2023,Regulation Of Membrane Protein Ectodomain Proteolysis (GO:0051043),1/21,0.1903576498347592,0.3532953611891654,0,0,4.969849246231155,8.244237447277422,APOE
GO_Biological_Process_2023,Chaperone-Mediated Protein Complex Assembly (GO:0051131),1/21,0.1903576498347592,0.3532953611891654,0,0,4.969849246231155,8.244237447277422,HOPX
GO_Biological_Process_2023,Positive Regulation Of T Cell Cytokine Production (GO:0002726),1/21,0.1903576498347592,0.3532953611891654,0,0,4.969849246231155,8.244237447277422,CD55
GO_Biological_Process_2023,Response To Cadmium Ion (GO:0046686),1/21,0.1903576498347592,0.3532953611891654,0,0,4.969849246231155,8.244237447277422,MT1X
GO_Biological_Process_2023,Skin Epidermis Development (GO:0098773),1/21,0.1903576498347592,0.3532953611891654,0,0,4.969849246231155,8.244237447277422,SFN
GO_Biological_Process_2023,Positive Regulation Of Granulocyte Chemotaxis (GO:0071624),1/21,0.1903576498347592,0.3532953611891654,0,0,4.969849246231155,8.244237447277422,S100A14
GO_Biological_Process_2023,"Maturation Of 5.8S rRNA From Tricistronic rRNA Transcript (SSU-rRNA, 5.8S rRNA, LSU-rRNA) (GO:0000466)",1/21,0.1903576498347592,0.3532953611891654,0,0,4.969849246231155,8.244237447277422,RPS21
GO_Biological_Process_2023,Regulation Of Anoikis (GO:2000209),1/21,0.1903576498347592,0.3532953611891654,0,0,4.969849246231155,8.244237447277422,MCL1
GO_Biological_Process_2023,Response To Type II Interferon (GO:0034341),2/80,0.1906887482391839,0.3534203632648774,0,0,2.554001554001554,4.232268591096898,RPL13A;GAPDH
GO_Biological_Process_2023,Activation Of Protein Kinase Activity (GO:0032147),2/81,0.1943101337404015,0.3581507279396672,0,0,2.521544559519243,4.131045868969444,ADRB2;PPIA
GO_Biological_Process_2023,Cellular Response To Interleukin-1 (GO:0071347),2/81,0.1943101337404015,0.3581507279396672,0,0,2.521544559519243,4.131045868969444,PYCARD;ZC3H12A
GO_Biological_Process_2023,Macromolecule Modification (GO:0043412),2/81,0.1943101337404015,0.3581507279396672,0,0,2.521544559519243,4.131045868969444,CPE;UBA52
GO_Biological_Process_2023,Negative Regulation Of NF-kappaB Transcription Factor Activity (GO:0032088),2/81,0.1943101337404015,0.3581507279396672,0,0,2.521544559519243,4.131045868969444,PYCARD;ZC3H12A
GO_Biological_Process_2023,Positive Regulation Of NF-kappaB Transcription Factor Activity (GO:0051092),3/152,0.1950997857095987,0.3588931800051744,0,0,2.0084148127959662,3.2822401178455567,PYCARD;RPS3;PPIA
GO_Biological_Process_2023,Regulation Of Phosphorylation (GO:0042325),2/82,0.1979403391192459,0.3588931800051744,0,0,2.48989898989899,4.033112516956104,UXT;NOP53
GO_Biological_Process_2023,Sodium Ion Transmembrane Transport (GO:0035725),2/82,0.1979403391192459,0.3588931800051744,0,0,2.48989898989899,4.033112516956104,ATP1B3;ATP1A1
GO_Biological_Process_2023,Negative Regulation Of Apoptotic Signaling Pathway (GO:2001234),2/82,0.1979403391192459,0.3588931800051744,0,0,2.48989898989899,4.033112516956104,SLC25A5;SLC25A6
GO_Biological_Process_2023,Negative Regulation Of Extrinsic Apoptotic Signaling Pathway In Absence Of Ligand (GO:2001240),1/22,0.1984625719282345,0.3588931800051744,0,0,4.732950466618808,7.653913334056085,MCL1
GO_Biological_Process_2023,Negative Regulation Of Macroautophagy (GO:0016242),1/22,0.1984625719282345,0.3588931800051744,0,0,4.732950466618808,7.653913334056085,NUPR1
GO_Biological_Process_2023,Negative Regulation Of Signal Transduction In Absence Of Ligand (GO:1901099),1/22,0.1984625719282345,0.3588931800051744,0,0,4.732950466618808,7.653913334056085,MCL1
GO_Biological_Process_2023,Cellular Response To Cadmium Ion (GO:0071276),1/22,0.1984625719282345,0.3588931800051744,0,0,4.732950466618808,7.653913334056085,MT1X
GO_Biological_Process_2023,Placenta Development (GO:0001890),1/22,0.1984625719282345,0.3588931800051744,0,0,4.732950466618808,7.653913334056085,PHLDA2
GO_Biological_Process_2023,Cytoskeleton-Dependent Intracellular Transport (GO:0030705),1/22,0.1984625719282345,0.3588931800051744,0,0,4.732950466618808,7.653913334056085,TUBA1C
GO_Biological_Process_2023,Positive Regulation Of Cholesterol Efflux (GO:0010875),1/22,0.1984625719282345,0.3588931800051744,0,0,4.732950466618808,7.653913334056085,APOE
GO_Biological_Process_2023,Positive Regulation Of Protein Autophosphorylation (GO:0031954),1/22,0.1984625719282345,0.3588931800051744,0,0,4.732950466618808,7.653913334056085,GPNMB
GO_Biological_Process_2023,Protein Peptidyl-Prolyl Isomerization (GO:0000413),1/22,0.1984625719282345,0.3588931800051744,0,0,4.732950466618808,7.653913334056085,PPIA
GO_Biological_Process_2023,rRNA Methylation (GO:0031167),1/22,0.1984625719282345,0.3588931800051744,0,0,4.732950466618808,7.653913334056085,FBL
GO_Biological_Process_2023,Negative Regulation Of Multicellular Organismal Process (GO:0051241),4/231,0.2011412103951675,0.3630586443768939,0,0,1.7596871347658003,2.822094860805404,RPS19;GPNMB;ARHGDIB;TACSTD2
GO_Biological_Process_2023,Positive Regulation Of Proteasomal Ubiquitin-Dependent Protein Catabolic Process (GO:0032436),2/83,0.2015788294152306,0.3630586443768939,0,0,2.4590347923681257,3.938328060173813,RACK1;NOP53
GO_Biological_Process_2023,Positive Regulation Of Ubiquitin-Dependent Protein Catabolic Process (GO:2000060),2/83,0.2015788294152306,0.3630586443768939,0,0,2.4590347923681257,3.938328060173813,RACK1;NOP53
GO_Biological_Process_2023,Positive Regulation Of Response To External Stimulus (GO:0032103),3/155,0.2027633389651177,0.3635903550156298,0,0,1.9684744857066525,3.141125834684901,PYCARD;NFKBIZ;MGST2
GO_Biological_Process_2023,Regulation Of Interleukin-1 Beta Production (GO:0032651),2/84,0.2052250792916977,0.3635903550156298,0,0,2.4289233801428924,3.84655954231675,PYCARD;ZC3H12A
GO_Biological_Process_2023,Positive Regulation Of Protein Ubiquitination (GO:0031398),2/84,0.2052250792916977,0.3635903550156298,0,0,2.4289233801428924,3.84655954231675,UBB;RPS2
GO_Biological_Process_2023,Regulation Of Cholesterol Metabolic Process (GO:0090181),1/23,0.2064867613185778,0.3635903550156298,0,0,4.517587939698492,7.126580711797677,APOE
GO_Biological_Process_2023,Negative Regulation Of Lymphocyte Activation (GO:0051250),1/23,0.2064867613185778,0.3635903550156298,0,0,4.517587939698492,7.126580711797677,GPNMB
GO_Biological_Process_2023,Negative Regulation Of Oxidative Stress-Induced Cell Death (GO:1903202),1/23,0.2064867613185778,0.3635903550156298,0,0,4.517587939698492,7.126580711797677,PPIA
GO_Biological_Process_2023,Actin Nucleation (GO:0045010),1/23,0.2064867613185778,0.3635903550156298,0,0,4.517587939698492,7.126580711797677,ARPC2
GO_Biological_Process_2023,"Regulation Of Nuclear-Transcribed mRNA Catabolic Process, Deadenylation-Dependent Decay (GO:1900151)",1/23,0.2064867613185778,0.3635903550156298,0,0,4.517587939698492,7.126580711797677,PABPC1
GO_Biological_Process_2023,Cell-Cell Signaling By Wnt (GO:0198738),1/23,0.2064867613185778,0.3635903550156298,0,0,4.517587939698492,7.126580711797677,CPE
GO_Biological_Process_2023,Cellular Lipid Catabolic Process (GO:0044242),1/23,0.2064867613185778,0.3635903550156298,0,0,4.517587939698492,7.126580711797677,MGST2
GO_Biological_Process_2023,Cholesterol Efflux (GO:0033344),1/23,0.2064867613185778,0.3635903550156298,0,0,4.517587939698492,7.126580711797677,APOE
GO_Biological_Process_2023,Rescue Of Stalled Ribosome (GO:0072344),1/23,0.2064867613185778,0.3635903550156298,0,0,4.517587939698492,7.126580711797677,RACK1
GO_Biological_Process_2023,Positive Regulation Of Lamellipodium Assembly (GO:0010592),1/23,0.2064867613185778,0.3635903550156298,0,0,4.517587939698492,7.126580711797677,ARPC2
GO_Biological_Process_2023,Long-Chain Fatty Acid Transport (GO:0015909),1/23,0.2064867613185778,0.3635903550156298,0,0,4.517587939698492,7.126580711797677,APOE
GO_Biological_Process_2023,Protein Localization To Cell Junction (GO:1902414),1/23,0.2064867613185778,0.3635903550156298,0,0,4.517587939698492,7.126580711797677,DSP
GO_Biological_Process_2023,Regulation Of T Cell Migration (GO:2000404),1/23,0.2064867613185778,0.3635903550156298,0,0,4.517587939698492,7.126580711797677,PYCARD
GO_Biological_Process_2023,Negative Regulation Of Actin Filament Polymerization (GO:0030837),1/23,0.2064867613185778,0.3635903550156298,0,0,4.517587939698492,7.126580711797677,PFN1
GO_Biological_Process_2023,Nuclear-Transcribed mRNA Catabolic Process (GO:0000956),2/85,0.2088785730572049,0.3658788077080452,0,0,2.3995375441158573,3.7576810395091074,ZC3H12A;EIF3E
GO_Biological_Process_2023,Response To Interleukin-1 (GO:0070555),2/85,0.2088785730572049,0.3658788077080452,0,0,2.3995375441158573,3.7576810395091074,PYCARD;ZC3H12A
GO_Biological_Process_2023,Defense Response To Gram-positive Bacterium (GO:0050830),2/85,0.2088785730572049,0.3658788077080452,0,0,2.3995375441158573,3.7576810395091074,FAU;RPL39
GO_Biological_Process_2023,Positive Regulation Of Endothelial Cell Migration (GO:0010595),2/85,0.2088785730572049,0.3658788077080452,0,0,2.3995375441158573,3.7576810395091074,MAP2K3;ZC3H12A
GO_Biological_Process_2023,Supramolecular Fiber Organization (GO:0097435),5/316,0.2103468308223388,0.3677896657576875,0,0,1.606810124495012,2.5050130237361263,DSP;KRT1;KRT14;KRT5;KRT10
GO_Biological_Process_2023,Positive Regulation Of Cell Population Proliferation (GO:0008284),7/483,0.2105184131613032,0.3677896657576875,0,0,1.4724169460530323,2.294293811877733,RPS4X;RPS9;RPS15A;MYC;RPS6;SLC25A5;RPL17
GO_Biological_Process_2023,Regulation Of Cysteine-Type Endopeptidase Activity (GO:2000116),1/24,0.2144310182188985,0.3679098135894033,0,0,4.320952589032117,6.653261007649563,PYCARD
GO_Biological_Process_2023,ERK1 And ERK2 Cascade (GO:0070371),1/24,0.2144310182188985,0.3679098135894033,0,0,4.320952589032117,6.653261007649563,MYC
GO_Biological_Process_2023,Regulation Of Endoplasmic Reticulum Stress-Induced Intrinsic Apoptotic Signaling Pathway (GO:1902235),1/24,0.2144310182188985,0.3679098135894033,0,0,4.320952589032117,6.653261007649563,PMAIP1
GO_Biological_Process_2023,Regulation Of Execution Phase Of Apoptosis (GO:1900117),1/24,0.2144310182188985,0.3679098135894033,0,0,4.320952589032117,6.653261007649563,ZC3H12A
GO_Biological_Process_2023,Regulation Of Heterotypic Cell-Cell Adhesion (GO:0034114),1/24,0.2144310182188985,0.3679098135894033,0,0,4.320952589032117,6.653261007649563,CD44
GO_Biological_Process_2023,Regulation Of Proteolysis Involved In Protein Catabolic Process (GO:1903050),1/24,0.2144310182188985,0.3679098135894033,0,0,4.320952589032117,6.653261007649563,UBB
GO_Biological_Process_2023,Regulation Of Supramolecular Fiber Organization (GO:1902903),1/24,0.2144310182188985,0.3679098135894033,0,0,4.320952589032117,6.653261007649563,APOE
GO_Biological_Process_2023,Regulation Of Viral Life Cycle (GO:1903900),1/24,0.2144310182188985,0.3679098135894033,0,0,4.320952589032117,6.653261007649563,PPIA
GO_Biological_Process_2023,Stress Granule Assembly (GO:0034063),1/24,0.2144310182188985,0.3679098135894033,0,0,4.320952589032117,6.653261007649563,RPS23
GO_Biological_Process_2023,Positive Regulation Of Lipid Metabolic Process (GO:0045834),1/24,0.2144310182188985,0.3679098135894033,0,0,4.320952589032117,6.653261007649563,APOE
GO_Biological_Process_2023,Positive Regulation Of p38MAPK Cascade (GO:1900745),1/24,0.2144310182188985,0.3679098135894033,0,0,4.320952589032117,6.653261007649563,ZC3H12A
GO_Biological_Process_2023,Positive Regulation Of Vascular Endothelial Growth Factor Production (GO:0010575),1/24,0.2144310182188985,0.3679098135894033,0,0,4.320952589032117,6.653261007649563,RORA
GO_Biological_Process_2023,mRNA Polyadenylation (GO:0006378),1/24,0.2144310182188985,0.3679098135894033,0,0,4.320952589032117,6.653261007649563,PABPC1
GO_Biological_Process_2023,Mononuclear Cell Differentiation (GO:1903131),1/24,0.2144310182188985,0.3679098135894033,0,0,4.320952589032117,6.653261007649563,LY6D
GO_Biological_Process_2023,Regulation Of Type II Interferon Production (GO:0032649),2/87,0.2162052764803214,0.3704796297744639,0,0,2.342840166369578,3.588122897733772,PYCARD;ZC3H12A
GO_Biological_Process_2023,Regulation Of Endothelial Cell Migration (GO:0010594),2/88,0.2198775013707891,0.3709549448223728,0,0,2.315480385247827,3.5072227118932733,ZC3H12A;APOE
GO_Biological_Process_2023,Negative Regulation Of Neuron Death (GO:1901215),2/88,0.2198775013707891,0.3709549448223728,0,0,2.315480385247827,3.5072227118932733,GPNMB;APOE
GO_Biological_Process_2023,Positive Regulation Of Plasma Membrane Bounded Cell Projection Assembly (GO:0120034),2/88,0.2198775013707891,0.3709549448223728,0,0,2.315480385247827,3.5072227118932733,ARPC2;PFN1
GO_Biological_Process_2023,Cellular Response To Oxygen-Containing Compound (GO:1901701),6/406,0.2220004963513989,0.3709549448223728,0,0,1.5,2.2576134919428674,H2AZ1;UXT;PYCARD;ZC3H12A;RPS3;RORA
GO_Biological_Process_2023,RNA Polyadenylation (GO:0043631),1/25,0.2222961348450487,0.3709549448223728,0,0,4.14070351758794,6.226561570384656,PABPC1
GO_Biological_Process_2023,Regulation Of Hippo Signaling (GO:0035330),1/25,0.2222961348450487,0.3709549448223728,0,0,4.14070351758794,6.226561570384656,MAP2K3
GO_Biological_Process_2023,Negative Regulation Of Protein Transport (GO:0051224),1/25,0.2222961348450487,0.3709549448223728,0,0,4.14070351758794,6.226561570384656,APOE
GO_Biological_Process_2023,Activation Of Protein Kinase B Activity (GO:0032148),1/25,0.2222961348450487,0.3709549448223728,0,0,4.14070351758794,6.226561570384656,PPIA
GO_Biological_Process_2023,Negative Regulation Of Response To Endoplasmic Reticulum Stress (GO:1903573),1/25,0.2222961348450487,0.3709549448223728,0,0,4.14070351758794,6.226561570384656,RACK1
GO_Biological_Process_2023,Negative Regulation Of Smoothened Signaling Pathway (GO:0045879),1/25,0.2222961348450487,0.3709549448223728,0,0,4.14070351758794,6.226561570384656,RACK1
GO_Biological_Process_2023,Regulation Of Myelination (GO:0031641),1/25,0.2222961348450487,0.3709549448223728,0,0,4.14070351758794,6.226561570384656,TYMP
GO_Biological_Process_2023,Cellular Response To Hexose Stimulus (GO:0071331),1/25,0.2222961348450487,0.3709549448223728,0,0,4.14070351758794,6.226561570384656,RACK1
GO_Biological_Process_2023,Cellular Response To Steroid Hormone Stimulus (GO:0071383),1/25,0.2222961348450487,0.3709549448223728,0,0,4.14070351758794,6.226561570384656,ATP1A1
GO_Biological_Process_2023,Positive Regulation Of T Cell Migration (GO:2000406),1/25,0.2222961348450487,0.3709549448223728,0,0,4.14070351758794,6.226561570384656,PYCARD
GO_Biological_Process_2023,Response To dsRNA (GO:0043331),1/25,0.2222961348450487,0.3709549448223728,0,0,4.14070351758794,6.226561570384656,PMAIP1
GO_Biological_Process_2023,Response To Zinc Ion (GO:0010043),1/25,0.2222961348450487,0.3709549448223728,0,0,4.14070351758794,6.226561570384656,MT1X
GO_Biological_Process_2023,Positive Regulation Of Interleukin-2 Production (GO:0032743),1/25,0.2222961348450487,0.3709549448223728,0,0,4.14070351758794,6.226561570384656,RPS3
GO_Biological_Process_2023,Ventricular Cardiac Muscle Tissue Development (GO:0003229),1/25,0.2222961348450487,0.3709549448223728,0,0,4.14070351758794,6.226561570384656,HOPX
GO_Biological_Process_2023,"Wound Healing, Spreading Of Cells (GO:0044319)",1/25,0.2222961348450487,0.3709549448223728,0,0,4.14070351758794,6.226561570384656,CD44
GO_Biological_Process_2023,Purine Ribonucleotide Catabolic Process (GO:0009154),1/25,0.2222961348450487,0.3709549448223728,0,0,4.14070351758794,6.226561570384656,HINT1
GO_Biological_Process_2023,Regulation Of Actin Cytoskeleton Reorganization (GO:2000249),1/25,0.2222961348450487,0.3709549448223728,0,0,4.14070351758794,6.226561570384656,ARHGDIB
GO_Biological_Process_2023,Sodium Ion Transport (GO:0006814),2/89,0.2235550003741977,0.3725916672903295,0,0,2.2887495646116336,3.428770706989903,ATP1B3;SGK1
GO_Biological_Process_2023,Regulation Of ERK1 And ERK2 Cascade (GO:0070372),4/244,0.228334211985267,0.3755311574588975,0,0,1.663265306122449,2.4565511800960915,PYCARD;GPNMB;APOE;CD44
GO_Biological_Process_2023,Negative Regulation Of Interleukin-1 Beta Production (GO:0032691),1/26,0.2300828957266827,0.3755311574588975,0,0,3.974874371859297,5.840344997302112,ZC3H12A
GO_Biological_Process_2023,L-amino Acid Transport (GO:0015807),1/26,0.2300828957266827,0.3755311574588975,0,0,3.974874371859297,5.840344997302112,SLC38A2
GO_Biological_Process_2023,Negative Regulation Of Protein Polymerization (GO:0032272),1/26,0.2300828957266827,0.3755311574588975,0,0,3.974874371859297,5.840344997302112,PFN1
GO_Biological_Process_2023,Regulation Of Keratinocyte Differentiation (GO:0045616),1/26,0.2300828957266827,0.3755311574588975,0,0,3.974874371859297,5.840344997302112,AQP3
GO_Biological_Process_2023,Nucleic Acid Phosphodiester Bond Hydrolysis (GO:0090305),1/26,0.2300828957266827,0.3755311574588975,0,0,3.974874371859297,5.840344997302112,ZC3H12A
GO_Biological_Process_2023,Regulation Of Potassium Ion Transmembrane Transporter Activity (GO:1901016),1/26,0.2300828957266827,0.3755311574588975,0,0,3.974874371859297,5.840344997302112,ATP1B3
GO_Biological_Process_2023,Organelle Fusion (GO:0048284),1/26,0.2300828957266827,0.3755311574588975,0,0,3.974874371859297,5.840344997302112,MCL1
GO_Biological_Process_2023,Organelle Membrane Fusion (GO:0090174),1/26,0.2300828957266827,0.3755311574588975,0,0,3.974874371859297,5.840344997302112,VAMP8
GO_Biological_Process_2023,Cardiac Muscle Cell Development (GO:0055013),1/26,0.2300828957266827,0.3755311574588975,0,0,3.974874371859297,5.840344997302112,CXADR
GO_Biological_Process_2023,Regulation Of Vascular Endothelial Growth Factor Production (GO:0010574),1/26,0.2300828957266827,0.3755311574588975,0,0,3.974874371859297,5.840344997302112,RORA
GO_Biological_Process_2023,Cellular Response To Xenobiotic Stimulus (GO:0071466),1/26,0.2300828957266827,0.3755311574588975,0,0,3.974874371859297,5.840344997302112,MYC
GO_Biological_Process_2023,Positive Regulation Of Adenylate Cyclase Activity (GO:0045762),1/26,0.2300828957266827,0.3755311574588975,0,0,3.974874371859297,5.840344997302112,ADRB2
GO_Biological_Process_2023,Positive Regulation Of Microtubule Polymerization Or Depolymerization (GO:0031112),1/26,0.2300828957266827,0.3755311574588975,0,0,3.974874371859297,5.840344997302112,RPS3
GO_Biological_Process_2023,Positive Regulation Of Monooxygenase Activity (GO:0032770),1/26,0.2300828957266827,0.3755311574588975,0,0,3.974874371859297,5.840344997302112,APOE
GO_Biological_Process_2023,Mitotic G1 DNA Damage Checkpoint Signaling (GO:0031571),1/26,0.2300828957266827,0.3755311574588975,0,0,3.974874371859297,5.840344997302112,RPL26
GO_Biological_Process_2023,Regulation Of Actin Filament Bundle Assembly (GO:0032231),1/26,0.2300828957266827,0.3755311574588975,0,0,3.974874371859297,5.840344997302112,PFN1
GO_Biological_Process_2023,Regulation Of Epithelial Cell Proliferation (GO:0050678),2/91,0.2309239500321694,0.3755316663144503,0,0,2.237090001134945,3.2788286401533377,MYC;NUPR1
GO_Biological_Process_2023,Positive Regulation Of Binding (GO:0051099),2/91,0.2309239500321694,0.3755316663144503,0,0,2.237090001134945,3.2788286401533377,RPL11;APOE
GO_Biological_Process_2023,Lymphocyte Differentiation (GO:0030098),2/91,0.2309239500321694,0.3755316663144503,0,0,2.237090001134945,3.2788286401533377,LY6D;SLC25A5
GO_Biological_Process_2023,Positive Regulation Of Protein Catabolic Process (GO:0045732),2/92,0.234614487227205,0.3806946043997021,0,0,2.212121212121212,3.2071589757618537,NUPR1;APOE
GO_Biological_Process_2023,Regulation Of Extrinsic Apoptotic Signaling Pathway In Absence Of Ligand (GO:2001239),1/27,0.2377920775242915,0.3806946043997021,0,0,3.821801314263626,5.489477227235043,MCL1
GO_Biological_Process_2023,Amino Acid Import Across Plasma Membrane (GO:0089718),1/27,0.2377920775242915,0.3806946043997021,0,0,3.821801314263626,5.489477227235043,SLC38A2
GO_Biological_Process_2023,Regulation Of Peptidase Activity (GO:0052547),1/27,0.2377920775242915,0.3806946043997021,0,0,3.821801314263626,5.489477227235043,CSTA
GO_Biological_Process_2023,Cardiac Muscle Cell Differentiation (GO:0055007),1/27,0.2377920775242915,0.3806946043997021,0,0,3.821801314263626,5.489477227235043,CXADR
GO_Biological_Process_2023,Peptidyl-Proline Modification (GO:0018208),1/27,0.2377920775242915,0.3806946043997021,0,0,3.821801314263626,5.489477227235043,PPIA
GO_Biological_Process_2023,Cell Surface Receptor Signaling Pathway Involved In Cell-Cell Signaling (GO:1905114),1/27,0.2377920775242915,0.3806946043997021,0,0,3.821801314263626,5.489477227235043,CPE
GO_Biological_Process_2023,Cellular Response To Epidermal Growth Factor Stimulus (GO:0071364),1/27,0.2377920775242915,0.3806946043997021,0,0,3.821801314263626,5.489477227235043,EEF1A1
GO_Biological_Process_2023,Dorsal/Ventral Pattern Formation (GO:0009953),1/27,0.2377920775242915,0.3806946043997021,0,0,3.821801314263626,5.489477227235043,NBL1
GO_Biological_Process_2023,Positive Regulation Of Immune System Process (GO:0002684),1/27,0.2377920775242915,0.3806946043997021,0,0,3.821801314263626,5.489477227235043,AQP3
GO_Biological_Process_2023,Positive Regulation Of Ubiquitin-Protein Transferase Activity (GO:0051443),1/27,0.2377920775242915,0.3806946043997021,0,0,3.821801314263626,5.489477227235043,RPS2
GO_Biological_Process_2023,Negative Regulation Of NIK/NF-kappaB Signaling (GO:1901223),1/27,0.2377920775242915,0.3806946043997021,0,0,3.821801314263626,5.489477227235043,ZC3H12A
GO_Biological_Process_2023,Regulation Of Actin Polymerization Or Depolymerization (GO:0008064),1/27,0.2377920775242915,0.3806946043997021,0,0,3.821801314263626,5.489477227235043,PFN1
GO_Biological_Process_2023,Regulation Of Peptidyl-Serine Phosphorylation (GO:0033135),2/93,0.2383084712706434,0.3810660519124847,0,0,2.187701187701188,3.1375777372613727,RACK1;CD44
GO_Biological_Process_2023,Organelle Organization (GO:0006996),6/418,0.2414780840056608,0.3855325082509347,0,0,1.455409868881994,2.068103308097456,CXADR;MYC;CHCHD10;SH3BGRL3;APOE;PPIA
GO_Biological_Process_2023,Positive Regulation Of Cellular Process (GO:0048522),8/594,0.2448407604181118,0.3855325082509347,0,0,1.3661831626848693,1.922420862920018,RPS4X;RPS9;RPS15A;MYC;RPS6;NUPR1;SLC25A5;RPL17
GO_Biological_Process_2023,RNA Phosphodiester Bond Hydrolysis (GO:0090501),1/28,0.2454244493195781,0.3855325082509347,0,0,3.680067001675042,5.169633447658624,ZC3H12A
GO_Biological_Process_2023,Regulation Of Lipid Biosynthetic Process (GO:0046890),1/28,0.2454244493195781,0.3855325082509347,0,0,3.680067001675042,5.169633447658624,APOE
GO_Biological_Process_2023,Negative Regulation Of Type II Interferon Production (GO:0032689),1/28,0.2454244493195781,0.3855325082509347,0,0,3.680067001675042,5.169633447658624,ZC3H12A
GO_Biological_Process_2023,Negative Regulation Of Wound Healing (GO:0061045),1/28,0.2454244493195781,0.3855325082509347,0,0,3.680067001675042,5.169633447658624,APOE
GO_Biological_Process_2023,Regulation Of Nitric-Oxide Synthase Activity (GO:0050999),1/28,0.2454244493195781,0.3855325082509347,0,0,3.680067001675042,5.169633447658624,APOE
GO_Biological_Process_2023,Regulation Of Protein Localization To Membrane (GO:1905475),1/28,0.2454244493195781,0.3855325082509347,0,0,3.680067001675042,5.169633447658624,VAMP8
GO_Biological_Process_2023,Regulation Of Sodium Ion Transmembrane Transport (GO:1902305),1/28,0.2454244493195781,0.3855325082509347,0,0,3.680067001675042,5.169633447658624,FXYD3
GO_Biological_Process_2023,Positive Regulation Of Defense Response To Virus By Host (GO:0002230),1/28,0.2454244493195781,0.3855325082509347,0,0,3.680067001675042,5.169633447658624,ZC3H12A
GO_Biological_Process_2023,Positive Regulation Of Fibroblast Proliferation (GO:0048146),1/28,0.2454244493195781,0.3855325082509347,0,0,3.680067001675042,5.169633447658624,MYC
GO_Biological_Process_2023,Protein Depolymerization (GO:0051261),1/28,0.2454244493195781,0.3855325082509347,0,0,3.680067001675042,5.169633447658624,DSTN
GO_Biological_Process_2023,Pyroptosis (GO:0070269),1/28,0.2454244493195781,0.3855325082509347,0,0,3.680067001675042,5.169633447658624,PYCARD
GO_Biological_Process_2023,Negative Regulation Of Cytoskeleton Organization (GO:0051494),1/28,0.2454244493195781,0.3855325082509347,0,0,3.680067001675042,5.169633447658624,PFN1
GO_Biological_Process_2023,T Cell Receptor Signaling Pathway (GO:0050852),2/95,0.2457050463032076,0.3855325082509347,0,0,2.140436624307592,3.004367063071291,NFKBIZ;ZC3H12A
GO_Biological_Process_2023,Positive Regulation Of Epithelial Cell Migration (GO:0010634),2/95,0.2457050463032076,0.3855325082509347,0,0,2.140436624307592,3.004367063071291,ZC3H12A;PFN1
GO_Biological_Process_2023,Regulation Of Protein Metabolic Process (GO:0051246),2/96,0.2494067909928498,0.3908831578133552,0,0,2.117558564367075,2.9405900871231445,RPL10;APOE
GO_Biological_Process_2023,Regulation Of Developmental Growth (GO:0048638),1/29,0.252980772589684,0.3911969877663904,0,0,3.548456568557071,4.877147000705543,APOE
GO_Biological_Process_2023,RNA-mediated Gene Silencing (GO:0031047),1/29,0.252980772589684,0.3911969877663904,0,0,3.548456568557071,4.877147000705543,PABPC1
GO_Biological_Process_2023,TOR Signaling (GO:0031929),1/29,0.252980772589684,0.3911969877663904,0,0,3.548456568557071,4.877147000705543,RPS6
GO_Biological_Process_2023,Cardiac Muscle Cell Action Potential (GO:0086001),1/29,0.252980772589684,0.3911969877663904,0,0,3.548456568557071,4.877147000705543,ATP1A1
GO_Biological_Process_2023,Peptidyl-Tyrosine Dephosphorylation (GO:0035335),1/29,0.252980772589684,0.3911969877663904,0,0,3.548456568557071,4.877147000705543,DUSP1
GO_Biological_Process_2023,Defense Response To Fungus (GO:0050832),1/29,0.252980772589684,0.3911969877663904,0,0,3.548456568557071,4.877147000705543,GAPDH
GO_Biological_Process_2023,Response To Steroid Hormone (GO:0048545),1/29,0.252980772589684,0.3911969877663904,0,0,3.548456568557071,4.877147000705543,ATP1A1
GO_Biological_Process_2023,Positive Regulation Of Dephosphorylation (GO:0035306),1/29,0.252980772589684,0.3911969877663904,0,0,3.548456568557071,4.877147000705543,PPIA
GO_Biological_Process_2023,Positive Regulation Of Endopeptidase Activity (GO:0010950),1/29,0.252980772589684,0.3911969877663904,0,0,3.548456568557071,4.877147000705543,PYCARD
GO_Biological_Process_2023,Positive Regulation Of Microtubule Polymerization (GO:0031116),1/29,0.252980772589684,0.3911969877663904,0,0,3.548456568557071,4.877147000705543,RPS3
GO_Biological_Process_2023,Regulation Of Blood Coagulation (GO:0030193),1/29,0.252980772589684,0.3911969877663904,0,0,3.548456568557071,4.877147000705543,APOE
GO_Biological_Process_2023,Regulation Of Protein Localization (GO:0032880),2/97,0.253110289845866,0.3911969877663904,0,0,2.095162147793727,2.878606039624586,RACK1;KRT5
GO_Biological_Process_2023,MAPK Cascade (GO:0000165),2/98,0.2568151396703299,0.3964657686154862,0,0,2.073232323232323,2.818349436543183,MAP2K3;MYC
GO_Biological_Process_2023,Negative Regulation Of Interleukin-1 Production (GO:0032692),1/30,0.2604618012849767,0.3984233033354666,0,0,3.425922717033443,4.608890626901229,ZC3H12A
GO_Biological_Process_2023,Negative Regulation Of Myeloid Leukocyte Differentiation (GO:0002762),1/30,0.2604618012849767,0.3984233033354666,0,0,3.425922717033443,4.608890626901229,MYC
GO_Biological_Process_2023,Cardiac Muscle Cell Action Potential Involved In Contraction (GO:0086002),1/30,0.2604618012849767,0.3984233033354666,0,0,3.425922717033443,4.608890626901229,ATP1A1
GO_Biological_Process_2023,Positive Regulation Of JUN Kinase Activity (GO:0043507),1/30,0.2604618012849767,0.3984233033354666,0,0,3.425922717033443,4.608890626901229,RPS3
GO_Biological_Process_2023,Response To Epidermal Growth Factor (GO:0070849),1/30,0.2604618012849767,0.3984233033354666,0,0,3.425922717033443,4.608890626901229,EEF1A1
GO_Biological_Process_2023,Positive Regulation Of Interleukin-10 Production (GO:0032733),1/30,0.2604618012849767,0.3984233033354666,0,0,3.425922717033443,4.608890626901229,PYCARD
GO_Biological_Process_2023,Mitotic G2 DNA Damage Checkpoint Signaling (GO:0007095),1/30,0.2604618012849767,0.3984233033354666,0,0,3.425922717033443,4.608890626901229,NOP53
GO_Biological_Process_2023,Negative Regulation Of Carbohydrate Metabolic Process (GO:0045912),1/30,0.2604618012849767,0.3984233033354666,0,0,3.425922717033443,4.608890626901229,NUPR1
GO_Biological_Process_2023,Cellular Component Assembly (GO:0022607),4/260,0.2629656071255029,0.4017946562692975,0,0,1.5580357142857142,2.0811182023786787,KRT14;CHCHD10;CAPG;BBLN
GO_Biological_Process_2023,Negative Regulation Of Cytokine Production (GO:0001818),3/178,0.2634515635145014,0.4020786960244099,0,0,1.707759245830312,2.277955718305796,PYCARD;GPNMB;ZC3H12A
GO_Biological_Process_2023,Response To UV (GO:0009411),2/100,0.2642273190435063,0.4023461449071573,0,0,2.0307153164296023,2.702771390555414,MYC;RPL26
GO_Biological_Process_2023,Protein Complex Oligomerization (GO:0051259),2/100,0.2642273190435063,0.4023461449071573,0,0,2.0307153164296023,2.702771390555414,PYCARD;ZC3H12A
GO_Biological_Process_2023,Regulation Of Extrinsic Apoptotic Signaling Pathway Via Death Domain Receptors (GO:1902041),1/31,0.2678682819607093,0.4028546552495515,0,0,3.3115577889447234,4.362182296847866,PMAIP1
GO_Biological_Process_2023,Regulation Of Long-Term Synaptic Potentiation (GO:1900271),1/31,0.2678682819607093,0.4028546552495515,0,0,3.3115577889447234,4.362182296847866,APOE
GO_Biological_Process_2023,Regulation Of Macrophage Activation (GO:0043030),1/31,0.2678682819607093,0.4028546552495515,0,0,3.3115577889447234,4.362182296847866,ZC3H12A
GO_Biological_Process_2023,Regulation Of Protein Autophosphorylation (GO:0031952),1/31,0.2678682819607093,0.4028546552495515,0,0,3.3115577889447234,4.362182296847866,GPNMB
GO_Biological_Process_2023,Regulation Of Response To Biotic Stimulus (GO:0002831),1/31,0.2678682819607093,0.4028546552495515,0,0,3.3115577889447234,4.362182296847866,CD55
GO_Biological_Process_2023,Response To Estradiol (GO:0032355),1/31,0.2678682819607093,0.4028546552495515,0,0,3.3115577889447234,4.362182296847866,H2AZ1
GO_Biological_Process_2023,Positive Regulation Of Cholesterol Transport (GO:0032376),1/31,0.2678682819607093,0.4028546552495515,0,0,3.3115577889447234,4.362182296847866,APOE
GO_Biological_Process_2023,Positive Regulation Of Lamellipodium Organization (GO:1902745),1/31,0.2678682819607093,0.4028546552495515,0,0,3.3115577889447234,4.362182296847866,ARPC2
GO_Biological_Process_2023,Positive Regulation Of Mononuclear Cell Migration (GO:0071677),1/31,0.2678682819607093,0.4028546552495515,0,0,3.3115577889447234,4.362182296847866,S100A14
GO_Biological_Process_2023,Positive Regulation Of Proteolysis Involved In Protein Catabolic Process (GO:1903052),1/31,0.2678682819607093,0.4028546552495515,0,0,3.3115577889447234,4.362182296847866,NUPR1
GO_Biological_Process_2023,Regulation Of Cell Morphogenesis (GO:0022604),1/31,0.2678682819607093,0.4028546552495515,0,0,3.3115577889447234,4.362182296847866,CD44
GO_Biological_Process_2023,Calcium Ion Homeostasis (GO:0055074),2/102,0.2716402584331571,0.4076124818593846,0,0,1.9898989898989896,2.593388923930461,S100A14;TPT1
GO_Biological_Process_2023,Protein Catabolic Process (GO:0030163),2/102,0.2716402584331571,0.4076124818593846,0,0,1.9898989898989896,2.593388923930461,PMAIP1;APOE
GO_Biological_Process_2023,Regulation Of Cholesterol Efflux (GO:0010874),1/32,0.2752009537742224,0.4099597286041512,0,0,3.204571243313341,4.1347099266061775,APOE
GO_Biological_Process_2023,Negative Regulation Of Fat Cell Differentiation (GO:0045599),1/32,0.2752009537742224,0.4099597286041512,0,0,3.204571243313341,4.1347099266061775,RORA
GO_Biological_Process_2023,NIK/NF-kappaB Signaling (GO:0038061),1/32,0.2752009537742224,0.4099597286041512,0,0,3.204571243313341,4.1347099266061775,REL
GO_Biological_Process_2023,Regulation Of Ubiquitin-Protein Transferase Activity (GO:0051438),1/32,0.2752009537742224,0.4099597286041512,0,0,3.204571243313341,4.1347099266061775,RPS2
GO_Biological_Process_2023,Muscle Cell Development (GO:0055001),1/32,0.2752009537742224,0.4099597286041512,0,0,3.204571243313341,4.1347099266061775,CXADR
GO_Biological_Process_2023,Negative Regulation Of G1/S Transition Of Mitotic Cell Cycle (GO:2000134),1/32,0.2752009537742224,0.4099597286041512,0,0,3.204571243313341,4.1347099266061775,GPNMB
GO_Biological_Process_2023,Inorganic Cation Import Across Plasma Membrane (GO:0098659),2/103,0.2753460863759224,0.4099597286041512,0,0,1.97009700970097,2.5408862749711147,ATP1B3;ATP1A1
GO_Biological_Process_2023,Negative Regulation Of Endocytosis (GO:0045806),1/33,0.2824605485993796,0.4154509391008035,0,0,3.1042713567839195,3.9244707255325473,RACK1
GO_Biological_Process_2023,Regulation Of Lamellipodium Assembly (GO:0010591),1/33,0.2824605485993796,0.4154509391008035,0,0,3.1042713567839195,3.9244707255325473,ARPC2
GO_Biological_Process_2023,Negative Regulation Of Small Molecule Metabolic Process (GO:0062014),1/33,0.2824605485993796,0.4154509391008035,0,0,3.1042713567839195,3.9244707255325473,NUPR1
GO_Biological_Process_2023,Regulation Of Protein Polymerization (GO:0032271),1/33,0.2824605485993796,0.4154509391008035,0,0,3.1042713567839195,3.9244707255325473,PFN1
GO_Biological_Process_2023,Positive Regulation Of RNA Metabolic Process (GO:0051254),1/33,0.2824605485993796,0.4154509391008035,0,0,3.1042713567839195,3.9244707255325473,SLC38A2
GO_Biological_Process_2023,Positive Regulation Of Cytokine Production Involved In Immune Response (GO:0002720),1/33,0.2824605485993796,0.4154509391008035,0,0,3.1042713567839195,3.9244707255325473,CD55
GO_Biological_Process_2023,Ventricular Cardiac Muscle Tissue Morphogenesis (GO:0055010),1/33,0.2824605485993796,0.4154509391008035,0,0,3.1042713567839195,3.9244707255325473,DSP
GO_Biological_Process_2023,Positive Regulation Of Protein Dephosphorylation (GO:0035307),1/33,0.2824605485993796,0.4154509391008035,0,0,3.1042713567839195,3.9244707255325473,PPIA
GO_Biological_Process_2023,Positive Regulation Of Telomerase Activity (GO:0051973),1/33,0.2824605485993796,0.4154509391008035,0,0,3.1042713567839195,3.9244707255325473,MYC
GO_Biological_Process_2023,ncRNA Catabolic Process (GO:0034661),1/33,0.2824605485993796,0.4154509391008035,0,0,3.1042713567839195,3.9244707255325473,ZC3H12A
GO_Biological_Process_2023,Regulation Of Amyloid-Beta Formation (GO:1902003),1/33,0.2824605485993796,0.4154509391008035,0,0,3.1042713567839195,3.9244707255325473,APOE
GO_Biological_Process_2023,Positive Regulation Of Stress-Activated MAPK Cascade (GO:0032874),2/105,0.2827546689999499,0.4154509391008035,0,0,1.931646562714524,2.440008904942008,PYCARD;ZC3H12A
GO_Biological_Process_2023,Negative Regulation Of Interleukin-6 Production (GO:0032715),1/34,0.2896477910754225,0.4200519913864352,0,0,3.010050251256281,3.7297219848476746,ZC3H12A
GO_Biological_Process_2023,Negative Regulation Of Mitotic Cell Cycle (GO:0045930),1/34,0.2896477910754225,0.4200519913864352,0,0,3.010050251256281,3.7297219848476746,BTG1
GO_Biological_Process_2023,Regulation Of Metal Ion Transport (GO:0010959),1/34,0.2896477910754225,0.4200519913864352,0,0,3.010050251256281,3.7297219848476746,ATP1A1
GO_Biological_Process_2023,Regulation Of Neuronal Synaptic Plasticity (GO:0048168),1/34,0.2896477910754225,0.4200519913864352,0,0,3.010050251256281,3.7297219848476746,APOE
GO_Biological_Process_2023,Cellular Response To Amyloid-Beta (GO:1904646),1/34,0.2896477910754225,0.4200519913864352,0,0,3.010050251256281,3.7297219848476746,ADRB2
GO_Biological_Process_2023,Cellular Response To Glucose Stimulus (GO:0071333),1/34,0.2896477910754225,0.4200519913864352,0,0,3.010050251256281,3.7297219848476746,RACK1
GO_Biological_Process_2023,Cellular Response To Hydrogen Peroxide (GO:0070301),1/34,0.2896477910754225,0.4200519913864352,0,0,3.010050251256281,3.7297219848476746,RPS3
GO_Biological_Process_2023,Cellular Response To Vascular Endothelial Growth Factor Stimulus (GO:0035924),1/34,0.2896477910754225,0.4200519913864352,0,0,3.010050251256281,3.7297219848476746,MAP2K3
GO_Biological_Process_2023,Positive Regulation Of Carbohydrate Metabolic Process (GO:0045913),1/34,0.2896477910754225,0.4200519913864352,0,0,3.010050251256281,3.7297219848476746,PMAIP1
GO_Biological_Process_2023,Superoxide Metabolic Process (GO:0006801),1/34,0.2896477910754225,0.4200519913864352,0,0,3.010050251256281,3.7297219848476746,PRDX2
GO_Biological_Process_2023,Positive Regulation Of Neuron Death (GO:1901216),1/34,0.2896477910754225,0.4200519913864352,0,0,3.010050251256281,3.7297219848476746,NUPR1
GO_Biological_Process_2023,Regulation Of T Cell Receptor Signaling Pathway (GO:0050856),1/34,0.2896477910754225,0.4200519913864352,0,0,3.010050251256281,3.7297219848476746,RPS3
GO_Biological_Process_2023,Regulation Of Cellular Response To Stress (GO:0080135),2/107,0.290156850388619,0.4203353292116211,0,0,1.8946608946608947,2.344327659095108,NUPR1;SLC38A2
GO_Biological_Process_2023,Neutral Amino Acid Transport (GO:0015804),1/35,0.2967633987534311,0.4257633343999976,0,0,2.9213715637008573,3.54894088012851,SLC38A2
GO_Biological_Process_2023,Regulation Of Sodium Ion Transport (GO:0002028),1/35,0.2967633987534311,0.4257633343999976,0,0,2.9213715637008573,3.54894088012851,ATP1A1
GO_Biological_Process_2023,Platelet Aggregation (GO:0070527),1/35,0.2967633987534311,0.4257633343999976,0,0,2.9213715637008573,3.54894088012851,PPIA
GO_Biological_Process_2023,Endoderm Formation (GO:0001706),1/35,0.2967633987534311,0.4257633343999976,0,0,2.9213715637008573,3.54894088012851,DUSP1
GO_Biological_Process_2023,Skeletal Muscle Organ Development (GO:0060538),1/35,0.2967633987534311,0.4257633343999976,0,0,2.9213715637008573,3.54894088012851,MYL6
GO_Biological_Process_2023,Liver Development (GO:0001889),1/35,0.2967633987534311,0.4257633343999976,0,0,2.9213715637008573,3.54894088012851,ARID5B
GO_Biological_Process_2023,Regulation Of Axon Extension (GO:0030516),1/35,0.2967633987534311,0.4257633343999976,0,0,2.9213715637008573,3.54894088012851,APOE
GO_Biological_Process_2023,Negative Regulation Of Cell Cycle G1/S Phase Transition (GO:1902807),1/35,0.2967633987534311,0.4257633343999976,0,0,2.9213715637008573,3.54894088012851,GPNMB
GO_Biological_Process_2023,Regulation Of Cardiac Muscle Contraction (GO:0055117),1/35,0.2967633987534311,0.4257633343999976,0,0,2.9213715637008573,3.54894088012851,ZC3H12A
GO_Biological_Process_2023,Regulation Of Nucleic Acid-Templated Transcription (GO:1903506),6/452,0.2990968175337528,0.4286521235243088,0,0,1.3421016134251769,1.6199004798362744,HINT1;BTG1;RORA;BAZ1A;PFDN5;RPL6
GO_Biological_Process_2023,Response To Lipid (GO:0033993),2/110,0.3012423146906411,0.4306418515582885,0,0,1.8417508417508417,2.209806893363538,S100A14;AQP3
GO_Biological_Process_2023,Protein Localization To Membrane (GO:0072657),3/192,0.3014492960908019,0.4306418515582885,0,0,1.580130529369108,1.8948189743642063,JUP;CPE;ATP1B3
GO_Biological_Process_2023,Modification-Dependent Protein Catabolic Process (GO:0019941),3/192,0.3014492960908019,0.4306418515582885,0,0,1.580130529369108,1.8948189743642063,UBB;RPS27A;UBA52
GO_Biological_Process_2023,"DNA Damage Response, Signal Transduction By P53 Class Mediator (GO:0030330)",1/36,0.3038080819844295,0.4314763880743538,0,0,2.8377602297200286,3.380791434126185,RPL26
GO_Biological_Process_2023,Negative Regulation Of Organelle Assembly (GO:1902116),1/36,0.3038080819844295,0.4314763880743538,0,0,2.8377602297200286,3.380791434126185,NUPR1
GO_Biological_Process_2023,Positive Regulation Of RNA Splicing (GO:0033120),1/36,0.3038080819844295,0.4314763880743538,0,0,2.8377602297200286,3.380791434126185,SLC38A2
GO_Biological_Process_2023,Positive Regulation Of Signaling Receptor Activity (GO:2000273),1/36,0.3038080819844295,0.4314763880743538,0,0,2.8377602297200286,3.380791434126185,ADRB2
GO_Biological_Process_2023,Negative Regulation Of T Cell Proliferation (GO:0042130),1/36,0.3038080819844295,0.4314763880743538,0,0,2.8377602297200286,3.380791434126185,GPNMB
GO_Biological_Process_2023,Regulation Of Signal Transduction (GO:0009966),3/193,0.3041781989818723,0.4314763880743538,0,0,1.5717339032861342,1.870585852845177,RORA;PPIA;CD55
GO_Biological_Process_2023,T Cell Activation (GO:0042110),2/111,0.3049314473928455,0.4314763880743538,0,0,1.8247613752200909,2.167211222684004,CXADR;CD44
GO_Biological_Process_2023,Cytoskeleton Organization (GO:0007010),2/111,0.3049314473928455,0.4314763880743538,0,0,1.8247613752200909,2.167211222684004,SH3BGRL3;APOE
GO_Biological_Process_2023,Mitotic Cell Cycle Phase Transition (GO:0044772),2/111,0.3049314473928455,0.4314763880743538,0,0,1.8247613752200909,2.167211222684004,MYC;ENSA
GO_Biological_Process_2023,Regulation Of Protein Serine/Threonine Kinase Activity (GO:0071900),2/112,0.3086170575351828,0.4342529815393735,0,0,1.808080808080808,2.1256775548508937,PYCARD;ADRB2
GO_Biological_Process_2023,Negative Regulation Of Defense Response (GO:0031348),2/112,0.3086170575351828,0.4342529815393735,0,0,1.808080808080808,2.1256775548508937,RORA;APOE
GO_Biological_Process_2023,Negative Regulation Of Endothelial Cell Proliferation (GO:0001937),1/37,0.3107825442509396,0.4342529815393735,0,0,2.758793969849246,3.2240971983470845,APOE
GO_Biological_Process_2023,Regulation Of Defense Response To Virus By Host (GO:0050691),1/37,0.3107825442509396,0.4342529815393735,0,0,2.758793969849246,3.2240971983470845,ZC3H12A
GO_Biological_Process_2023,RNA Stabilization (GO:0043489),1/37,0.3107825442509396,0.4342529815393735,0,0,2.758793969849246,3.2240971983470845,PABPC1
GO_Biological_Process_2023,Negative Regulation Of Smooth Muscle Cell Proliferation (GO:0048662),1/37,0.3107825442509396,0.4342529815393735,0,0,2.758793969849246,3.2240971983470845,APOE
GO_Biological_Process_2023,Regulation Of Sodium Ion Transmembrane Transporter Activity (GO:2000649),1/37,0.3107825442509396,0.4342529815393735,0,0,2.758793969849246,3.2240971983470845,FXYD3
GO_Biological_Process_2023,Positive Regulation Of Immune Effector Process (GO:0002699),1/37,0.3107825442509396,0.4342529815393735,0,0,2.758793969849246,3.2240971983470845,RPS19
GO_Biological_Process_2023,Melanosome Organization (GO:0032438),1/37,0.3107825442509396,0.4342529815393735,0,0,2.758793969849246,3.2240971983470845,APOE
GO_Biological_Process_2023,Muscle Cell Differentiation (GO:0042692),1/37,0.3107825442509396,0.4342529815393735,0,0,2.758793969849246,3.2240971983470845,RORA
GO_Biological_Process_2023,Muscle Tissue Development (GO:0060537),1/37,0.3107825442509396,0.4342529815393735,0,0,2.758793969849246,3.2240971983470845,MYL6
GO_Biological_Process_2023,Regulation Of Cellular Component Biogenesis (GO:0044087),1/37,0.3107825442509396,0.4342529815393735,0,0,2.758793969849246,3.2240971983470845,APOE
GO_Biological_Process_2023,Regulation Of Protein Ubiquitination (GO:0031396),2/113,0.3122988478346994,0.4359171417692679,0,0,1.7917007917007917,2.0851718925161022,UBB;RPS3
GO_Biological_Process_2023,Positive Regulation Of Cell Differentiation (GO:0045597),4/283,0.3142577573411092,0.4370649135654008,0,0,1.4279131007241606,1.6528690245514766,BTG1;ZC3H12A;TACSTD2;NBL1
GO_Biological_Process_2023,Regulation Of Interleukin-6 Production (GO:0032675),2/114,0.3159765270928876,0.4370649135654008,0,0,1.7756132756132756,2.045661592448686,PYCARD;ZC3H12A
GO_Biological_Process_2023,Protein Modification By Small Protein Removal (GO:0070646),2/114,0.3159765270928876,0.4370649135654008,0,0,1.7756132756132756,2.045661592448686,HINT1;ZC3H12A
GO_Biological_Process_2023,Regulation Of MAP Kinase Activity (GO:0043405),2/114,0.3159765270928876,0.4370649135654008,0,0,1.7756132756132756,2.045661592448686,DUSP1;APOE
GO_Biological_Process_2023,Negative Regulation Of Canonical Wnt Signaling Pathway (GO:0090090),2/114,0.3159765270928876,0.4370649135654008,0,0,1.7756132756132756,2.045661592448686,APOE;PFDN5
GO_Biological_Process_2023,Negative Regulation Of Epithelial Cell Apoptotic Process (GO:1904036),1/38,0.3176874819497763,0.4370649135654008,0,0,2.684096156457965,3.07781854672427,NUPR1
GO_Biological_Process_2023,G2/M Transition Of Mitotic Cell Cycle (GO:0000086),1/38,0.3176874819497763,0.4370649135654008,0,0,2.684096156457965,3.07781854672427,ENSA
GO_Biological_Process_2023,Regulation Of Neurotransmitter Secretion (GO:0046928),1/38,0.3176874819497763,0.4370649135654008,0,0,2.684096156457965,3.07781854672427,SLC38A2
GO_Biological_Process_2023,Regulation Of Telomere Maintenance (GO:0032204),1/38,0.3176874819497763,0.4370649135654008,0,0,2.684096156457965,3.07781854672427,MYC
GO_Biological_Process_2023,Connective Tissue Development (GO:0061448),1/38,0.3176874819497763,0.4370649135654008,0,0,2.684096156457965,3.07781854672427,CD44
GO_Biological_Process_2023,Fatty Acid Transport (GO:0015908),1/38,0.3176874819497763,0.4370649135654008,0,0,2.684096156457965,3.07781854672427,APOE
GO_Biological_Process_2023,Tumor Necrosis Factor-Mediated Signaling Pathway (GO:0033209),1/38,0.3176874819497763,0.4370649135654008,0,0,2.684096156457965,3.07781854672427,PYCARD
GO_Biological_Process_2023,Positive Regulation Of Myoblast Differentiation (GO:0045663),1/38,0.3176874819497763,0.4370649135654008,0,0,2.684096156457965,3.07781854672427,BTG1
GO_Biological_Process_2023,Membrane Assembly (GO:0071709),1/38,0.3176874819497763,0.4370649135654008,0,0,2.684096156457965,3.07781854672427,DMKN
GO_Biological_Process_2023,Negative Regulation Of Lymphocyte Proliferation (GO:0050672),1/39,0.3245235847719431,0.4428325902183337,0,0,2.6133298069293835,2.941033694945818,GPNMB
GO_Biological_Process_2023,Negative Regulation Of Protein Secretion (GO:0050709),1/39,0.3245235847719431,0.4428325902183337,0,0,2.6133298069293835,2.941033694945818,APOE
GO_Biological_Process_2023,Regulation Of Nitric Oxide Biosynthetic Process (GO:0045428),1/39,0.3245235847719431,0.4428325902183337,0,0,2.6133298069293835,2.941033694945818,ZC3H12A
GO_Biological_Process_2023,Odontogenesis (GO:0042476),1/39,0.3245235847719431,0.4428325902183337,0,0,2.6133298069293835,2.941033694945818,AQP3
GO_Biological_Process_2023,Carboxylic Acid Transmembrane Transport (GO:1905039),1/39,0.3245235847719431,0.4428325902183337,0,0,2.6133298069293835,2.941033694945818,SLC38A2
GO_Biological_Process_2023,Retina Homeostasis (GO:0001895),1/39,0.3245235847719431,0.4428325902183337,0,0,2.6133298069293835,2.941033694945818,KRT1
GO_Biological_Process_2023,Positive Regulation Of Lipid Biosynthetic Process (GO:0046889),1/39,0.3245235847719431,0.4428325902183337,0,0,2.6133298069293835,2.941033694945818,APOE
GO_Biological_Process_2023,Negative Regulation Of Cell-Substrate Adhesion (GO:0010812),1/39,0.3245235847719431,0.4428325902183337,0,0,2.6133298069293835,2.941033694945818,TACSTD2
GO_Biological_Process_2023,Positive Regulation Of Protein Phosphorylation (GO:0001934),5/377,0.3256494750423488,0.4439168835775661,0,0,1.339123242349049,1.5024075021078962,MAP2K3;GPNMB;RACK1;PPIA;CD44
GO_Biological_Process_2023,Regulation Of Protein Binding (GO:0043393),2/118,0.3306405252999629,0.4457135115359882,0,0,1.7140369209334727,1.8969649746192256,RPL11;RACK1
GO_Biological_Process_2023,Regulation Of Cytokine-Mediated Signaling Pathway (GO:0001959),1/40,0.3312915354401823,0.4457135115359882,0,0,2.54619250096637,2.8129227654318845,PYCARD
GO_Biological_Process_2023,L-alpha-amino Acid Transmembrane Transport (GO:1902475),1/40,0.3312915354401823,0.4457135115359882,0,0,2.54619250096637,2.8129227654318845,SLC38A2
GO_Biological_Process_2023,Negative Regulation Of Mitotic Cell Cycle Phase Transition (GO:1901991),1/40,0.3312915354401823,0.4457135115359882,0,0,2.54619250096637,2.8129227654318845,GPNMB
GO_Biological_Process_2023,Regulation Of Glycolytic Process (GO:0006110),1/40,0.3312915354401823,0.4457135115359882,0,0,2.54619250096637,2.8129227654318845,NUPR1
GO_Biological_Process_2023,Negative Regulation Of Protein Localization (GO:1903828),1/40,0.3312915354401823,0.4457135115359882,0,0,2.54619250096637,2.8129227654318845,BTF3
GO_Biological_Process_2023,Regulation Of Microtubule Polymerization (GO:0031113),1/40,0.3312915354401823,0.4457135115359882,0,0,2.54619250096637,2.8129227654318845,RPS3
GO_Biological_Process_2023,Cell Cycle G2/M Phase Transition (GO:0044839),1/40,0.3312915354401823,0.4457135115359882,0,0,2.54619250096637,2.8129227654318845,ENSA
GO_Biological_Process_2023,Cyclic-Nucleotide-Mediated Signaling (GO:0019935),1/40,0.3312915354401823,0.4457135115359882,0,0,2.54619250096637,2.8129227654318845,APOE
GO_Biological_Process_2023,Endothelial Cell Migration (GO:0043542),1/40,0.3312915354401823,0.4457135115359882,0,0,2.54619250096637,2.8129227654318845,S100A2
GO_Biological_Process_2023,mRNA 3'-End Processing (GO:0031124),1/40,0.3312915354401823,0.4457135115359882,0,0,2.54619250096637,2.8129227654318845,PABPC1
GO_Biological_Process_2023,Regulation Of Autophagosome Assembly (GO:2000785),1/40,0.3312915354401823,0.4457135115359882,0,0,2.54619250096637,2.8129227654318845,NUPR1
GO_Biological_Process_2023,Negative Regulation Of Cell-Cell Adhesion (GO:0022408),1/40,0.3312915354401823,0.4457135115359882,0,0,2.54619250096637,2.8129227654318845,SPINT2
GO_Biological_Process_2023,Regulation Of MAPK Cascade (GO:0043408),3/204,0.3342400155319526,0.4492293087390336,0,0,1.484885218577165,1.6272796745414015,DUSP1;ADRB2;PPIA
GO_Biological_Process_2023,Regulation Of Chemokine Production (GO:0032642),1/41,0.3379920100397979,0.4515546295646353,0,0,2.4824120603015074,2.6927543377926204,PYCARD
GO_Biological_Process_2023,Negative Regulation Of mRNA Catabolic Process (GO:1902373),1/41,0.3379920100397979,0.4515546295646353,0,0,2.4824120603015074,2.6927543377926204,PABPC1
GO_Biological_Process_2023,Negative Regulation Of Proteolysis (GO:0045861),1/41,0.3379920100397979,0.4515546295646353,0,0,2.4824120603015074,2.6927543377926204,CSTA
GO_Biological_Process_2023,Acylglycerol Metabolic Process (GO:0006639),1/41,0.3379920100397979,0.4515546295646353,0,0,2.4824120603015074,2.6927543377926204,APOE
GO_Biological_Process_2023,Response To Amino Acid Starvation (GO:1990928),1/41,0.3379920100397979,0.4515546295646353,0,0,2.4824120603015074,2.6927543377926204,DAPL1
GO_Biological_Process_2023,Regulation Of Amide Metabolic Process (GO:0034248),1/41,0.3379920100397979,0.4515546295646353,0,0,2.4824120603015074,2.6927543377926204,RPL10
GO_Biological_Process_2023,Regulation Of Canonical Wnt Signaling Pathway (GO:0060828),3/207,0.3424378699290966,0.4563225379904733,0,0,1.4628247237981489,1.5676581152673636,JUP;APOE;PFDN5
GO_Biological_Process_2023,Amino Acid Transmembrane Transport (GO:0003333),1/42,0.344625677945044,0.4563225379904733,0,0,2.4217428606446867,2.579874053958348,SLC38A2
GO_Biological_Process_2023,Branching Morphogenesis Of An Epithelial Tube (GO:0048754),1/42,0.344625677945044,0.4563225379904733,0,0,2.4217428606446867,2.579874053958348,MYC
GO_Biological_Process_2023,Cardiac Ventricle Morphogenesis (GO:0003208),1/42,0.344625677945044,0.4563225379904733,0,0,2.4217428606446867,2.579874053958348,CPE
GO_Biological_Process_2023,Cellular Response To Amino Acid Starvation (GO:0034198),1/42,0.344625677945044,0.4563225379904733,0,0,2.4217428606446867,2.579874053958348,DAPL1
GO_Biological_Process_2023,Skeletal Muscle Tissue Development (GO:0007519),1/42,0.344625677945044,0.4563225379904733,0,0,2.4217428606446867,2.579874053958348,MYL6
GO_Biological_Process_2023,Stress-Activated MAPK Cascade (GO:0051403),1/42,0.344625677945044,0.4563225379904733,0,0,2.4217428606446867,2.579874053958348,MAP2K3
GO_Biological_Process_2023,Positive Regulation Of Neuron Differentiation (GO:0045666),1/42,0.344625677945044,0.4563225379904733,0,0,2.4217428606446867,2.579874053958348,NBL1
GO_Biological_Process_2023,Monocyte Chemotaxis (GO:0002548),1/42,0.344625677945044,0.4563225379904733,0,0,2.4217428606446867,2.579874053958348,RPS19
GO_Biological_Process_2023,Receptor-Mediated Endocytosis (GO:0006898),2/122,0.3452170182416795,0.4566542985625376,0,0,1.6565656565656566,1.7618934494773038,ADRB2;APOE
GO_Biological_Process_2023,Regulation Of Chromosome Organization (GO:0033044),1/43,0.3511932019412653,0.4595692291028276,0,0,2.363962670495334,2.473694919601735,MYC
GO_Biological_Process_2023,Regulation Of Primary Metabolic Process (GO:0080090),1/43,0.3511932019412653,0.4595692291028276,0,0,2.363962670495334,2.473694919601735,APOE
GO_Biological_Process_2023,Positive Regulation Of T Cell Mediated Immunity (GO:0002711),1/43,0.3511932019412653,0.4595692291028276,0,0,2.363962670495334,2.473694919601735,CD55
GO_Biological_Process_2023,Response To Amyloid-Beta (GO:1904645),1/43,0.3511932019412653,0.4595692291028276,0,0,2.363962670495334,2.473694919601735,ADRB2
GO_Biological_Process_2023,Positive Regulation Of Cell-Matrix Adhesion (GO:0001954),1/43,0.3511932019412653,0.4595692291028276,0,0,2.363962670495334,2.473694919601735,JUP
GO_Biological_Process_2023,Positive Regulation Of miRNA Transcription (GO:1902895),1/43,0.3511932019412653,0.4595692291028276,0,0,2.363962670495334,2.473694919601735,MYC
GO_Biological_Process_2023,Intracellular Glucose Homeostasis (GO:0001678),1/43,0.3511932019412653,0.4595692291028276,0,0,2.363962670495334,2.473694919601735,RACK1
GO_Biological_Process_2023,mRNA Destabilization (GO:0061157),1/43,0.3511932019412653,0.4595692291028276,0,0,2.363962670495334,2.473694919601735,ZC3H12A
GO_Biological_Process_2023,Regulation Of JUN Kinase Activity (GO:0043506),1/43,0.3511932019412653,0.4595692291028276,0,0,2.363962670495334,2.473694919601735,RPS3
GO_Biological_Process_2023,Negative Regulation Of BMP Signaling Pathway (GO:0030514),1/43,0.3511932019412653,0.4595692291028276,0,0,2.363962670495334,2.473694919601735,NBL1
GO_Biological_Process_2023,Regulation Of Cell-Cell Adhesion (GO:0022407),1/43,0.3511932019412653,0.4595692291028276,0,0,2.363962670495334,2.473694919601735,SPINT2
GO_Biological_Process_2023,Regulation Of DNA Metabolic Process (GO:0051052),2/124,0.3524674479014492,0.46078671237848,0,0,1.6292432521940718,1.698969987670421,MYC;BAZ1A
GO_Biological_Process_2023,Negative Regulation Of Transcription By RNA Polymerase II (GO:0000122),9/763,0.3546402123409866,0.4631753260593783,0,0,1.190259280347744,1.233884056214468,UXT;RPS14;RPL10;MYC;ARID5B;LRRFIP1;RPL17;NOP53;ETS2
GO_Biological_Process_2023,Regulation Of Mitotic Cell Cycle (GO:0007346),2/125,0.3560823858036039,0.463550889073103,0,0,1.6159152500615914,1.668583024830908,BTG1;CKS2
GO_Biological_Process_2023,Response To Cytokine (GO:0034097),2/125,0.3560823858036039,0.463550889073103,0,0,1.6159152500615914,1.668583024830908,REL;MCL1
GO_Biological_Process_2023,Negative Regulation Of Cell Growth (GO:0030308),2/125,0.3560823858036039,0.463550889073103,0,0,1.6159152500615914,1.668583024830908,BTG1;RACK1
GO_Biological_Process_2023,Autophagosome Maturation (GO:0097352),1/44,0.3576952382847675,0.463550889073103,0,0,2.308869931050602,2.373689018141451,VAMP8
GO_Biological_Process_2023,Bone Development (GO:0060348),1/44,0.3576952382847675,0.463550889073103,0,0,2.308869931050602,2.373689018141451,RPL13
GO_Biological_Process_2023,Nucleus Organization (GO:0006997),1/44,0.3576952382847675,0.463550889073103,0,0,2.308869931050602,2.373689018141451,RPS19
GO_Biological_Process_2023,Positive Regulation Of Biosynthetic Process (GO:0009891),1/44,0.3576952382847675,0.463550889073103,0,0,2.308869931050602,2.373689018141451,APOE
GO_Biological_Process_2023,Extracellular Matrix Disassembly (GO:0022617),1/44,0.3576952382847675,0.463550889073103,0,0,2.308869931050602,2.373689018141451,CAPG
GO_Biological_Process_2023,Positive Regulation Of Intracellular Protein Transport (GO:0090316),2/126,0.3596901730363681,0.4652363241976189,0,0,1.6028022157054416,1.638884897548312,JUP;ZC3H12A
GO_Biological_Process_2023,Protein-Containing Complex Organization (GO:0043933),2/126,0.3596901730363681,0.4652363241976189,0,0,1.6028022157054416,1.638884897548312,CHCHD10;CAPG
GO_Biological_Process_2023,Regulation Of Tumor Necrosis Factor Production (GO:0032680),2/127,0.3632905914777368,0.4664794121877261,0,0,1.58989898989899,1.6098557795920132,PYCARD;ZC3H12A
GO_Biological_Process_2023,Regulation Of Anatomical Structure Morphogenesis (GO:0022603),2/127,0.3632905914777368,0.4664794121877261,0,0,1.58989898989899,1.6098557795920132,GPNMB;KRT1
GO_Biological_Process_2023,I-kappaB kinase/NF-kappaB Signaling (GO:0007249),1/45,0.3641324366778817,0.4664794121877261,0,0,2.256281407035176,2.279380404926681,REL
GO_Biological_Process_2023,Regulation Of Protein Modification Process (GO:0031399),1/45,0.3641324366778817,0.4664794121877261,0,0,2.256281407035176,2.279380404926681,NOP53
GO_Biological_Process_2023,Regulation Of Stem Cell Differentiation (GO:2000736),1/45,0.3641324366778817,0.4664794121877261,0,0,2.256281407035176,2.279380404926681,TACSTD2
GO_Biological_Process_2023,Regulation Of Telomerase Activity (GO:0051972),1/45,0.3641324366778817,0.4664794121877261,0,0,2.256281407035176,2.279380404926681,MYC
GO_Biological_Process_2023,Chromosome Organization (GO:0051276),1/45,0.3641324366778817,0.4664794121877261,0,0,2.256281407035176,2.279380404926681,MYC
GO_Biological_Process_2023,Positive Regulation Of Innate Immune Response (GO:0045089),1/45,0.3641324366778817,0.4664794121877261,0,0,2.256281407035176,2.279380404926681,RPS19
GO_Biological_Process_2023,Triglyceride Metabolic Process (GO:0006641),1/45,0.3641324366778817,0.4664794121877261,0,0,2.256281407035176,2.279380404926681,APOE
GO_Biological_Process_2023,Zymogen Activation (GO:0031638),1/45,0.3641324366778817,0.4664794121877261,0,0,2.256281407035176,2.279380404926681,PERP
GO_Biological_Process_2023,Protein Targeting (GO:0006605),2/129,0.3704684745885532,0.4688170824207663,0,0,1.5647021395052891,1.5537287687021244,NACA;RPL11
GO_Biological_Process_2023,Regulation Of Fibroblast Proliferation (GO:0048145),1/46,0.3705054405101429,0.4688170824207663,0,0,2.2060301507537687,2.1903389894516705,MYC
GO_Biological_Process_2023,Regulation Of Interleukin-10 Production (GO:0032653),1/46,0.3705054405101429,0.4688170824207663,0,0,2.2060301507537687,2.1903389894516705,PYCARD
GO_Biological_Process_2023,Amino Acid Transport (GO:0006865),1/46,0.3705054405101429,0.4688170824207663,0,0,2.2060301507537687,2.1903389894516705,SLC38A2
GO_Biological_Process_2023,Regulation Of Nervous System Development (GO:0051960),1/46,0.3705054405101429,0.4688170824207663,0,0,2.2060301507537687,2.1903389894516705,TYMP
GO_Biological_Process_2023,Cellular Component Disassembly (GO:0022411),1/46,0.3705054405101429,0.4688170824207663,0,0,2.2060301507537687,2.1903389894516705,CAPG
GO_Biological_Process_2023,Response To Glucose (GO:0009749),1/46,0.3705054405101429,0.4688170824207663,0,0,2.2060301507537687,2.1903389894516705,RACK1
GO_Biological_Process_2023,Positive Regulation Of Blood Vessel Endothelial Cell Migration (GO:0043536),1/46,0.3705054405101429,0.4688170824207663,0,0,2.2060301507537687,2.1903389894516705,MAP2K3
GO_Biological_Process_2023,Response To Hydrogen Peroxide (GO:0042542),1/46,0.3705054405101429,0.4688170824207663,0,0,2.2060301507537687,2.1903389894516705,RPS3
GO_Biological_Process_2023,Positive Regulation Of Cell-Cell Adhesion (GO:0022409),1/46,0.3705054405101429,0.4688170824207663,0,0,2.2060301507537687,2.1903389894516705,CD44
GO_Biological_Process_2023,Epithelial Cell Migration (GO:0010631),1/46,0.3705054405101429,0.4688170824207663,0,0,2.2060301507537687,2.1903389894516705,S100A2
GO_Biological_Process_2023,Mitotic G2/M Transition Checkpoint (GO:0044818),1/46,0.3705054405101429,0.4688170824207663,0,0,2.2060301507537687,2.1903389894516705,NOP53
GO_Biological_Process_2023,Negative Regulation Of Cellular Metabolic Process (GO:0031324),1/46,0.3705054405101429,0.4688170824207663,0,0,2.2060301507537687,2.1903389894516705,NUPR1
GO_Biological_Process_2023,Regulation Of Cell Cycle Process (GO:0010564),2/130,0.3740455278662269,0.4728500069252302,0,0,1.5523989898989898,1.5265946362115397,MYC;RPL17
GO_Biological_Process_2023,Negative Regulation Of Hydrolase Activity (GO:0051346),1/47,0.376814886705751,0.4741145053386913,0,0,2.1579637317019884,2.1061752538856453,CSTA
GO_Biological_Process_2023,Regulation Of Interleukin-2 Production (GO:0032663),1/47,0.376814886705751,0.4741145053386913,0,0,2.1579637317019884,2.1061752538856453,RPS3
GO_Biological_Process_2023,Negative Regulation Of Tumor Necrosis Factor Production (GO:0032720),1/47,0.376814886705751,0.4741145053386913,0,0,2.1579637317019884,2.1061752538856453,ZC3H12A
GO_Biological_Process_2023,Secondary Alcohol Metabolic Process (GO:1902652),1/47,0.376814886705751,0.4741145053386913,0,0,2.1579637317019884,2.1061752538856453,APOE
GO_Biological_Process_2023,Positive Regulation Of Lymphocyte Activation (GO:0051251),1/47,0.376814886705751,0.4741145053386913,0,0,2.1579637317019884,2.1061752538856453,PYCARD
GO_Biological_Process_2023,Circulatory System Development (GO:0072359),2/132,0.3811748654446817,0.4791503937109508,0,0,1.5283605283605284,1.4740992128790684,PDLIM1;CXADR
GO_Biological_Process_2023,Regulation Of Tumor Necrosis Factor-Mediated Signaling Pathway (GO:0010803),1/48,0.3830614060395898,0.4806201161919947,0,0,2.111942692184326,2.026535673888961,PYCARD
GO_Biological_Process_2023,Positive Regulation Of Reactive Oxygen Species Metabolic Process (GO:2000379),1/48,0.3830614060395898,0.4806201161919947,0,0,2.111942692184326,2.026535673888961,ZC3H12A
GO_Biological_Process_2023,Negative Regulation Of Cell Motility (GO:2000146),2/133,0.3847267669681982,0.4822580614942803,0,0,1.5166165471508983,1.4487053288734584,TACSTD2;SPINT2
GO_Biological_Process_2023,Antigen Receptor-Mediated Signaling Pathway (GO:0050851),2/134,0.3882699094247467,0.48474826652055,0,0,1.505050505050505,1.423859860762401,ZC3H12A;NFKBIZ
GO_Biological_Process_2023,Negative Regulation Of Tumor Necrosis Factor Superfamily Cytokine Production (GO:1903556),1/49,0.3892456229672477,0.48474826652055,0,0,2.0678391959799,1.9510987409424116,ZC3H12A
GO_Biological_Process_2023,Regulation Of Mitotic Metaphase/Anaphase Transition (GO:0030071),1/49,0.3892456229672477,0.48474826652055,0,0,2.0678391959799,1.9510987409424116,DUSP1
GO_Biological_Process_2023,Heterophilic Cell-Cell Adhesion Via Plasma Membrane Cell Adhesion Molecules (GO:0007157),1/49,0.3892456229672477,0.48474826652055,0,0,2.0678391959799,1.9510987409424116,CXADR
GO_Biological_Process_2023,Proton Transmembrane Transport (GO:1902600),1/49,0.3892456229672477,0.48474826652055,0,0,2.0678391959799,1.9510987409424116,ATP1A1
GO_Biological_Process_2023,Negative Regulation Of DNA Metabolic Process (GO:0051053),1/49,0.3892456229672477,0.48474826652055,0,0,2.0678391959799,1.9510987409424116,RPS3
GO_Biological_Process_2023,Negative Regulation Of T Cell Activation (GO:0050868),1/49,0.3892456229672477,0.48474826652055,0,0,2.0678391959799,1.9510987409424116,GPNMB
GO_Biological_Process_2023,Positive Regulation Of Protein Modification Process (GO:0031401),3/225,0.391356378475756,0.4869243706197893,0,0,1.3429825764851149,1.2599012158923015,GPNMB;RACK1;PPIA
GO_Biological_Process_2023,Non-Membrane-Bounded Organelle Assembly (GO:0140694),2/135,0.3918041128092912,0.4870292311358536,0,0,1.4936583883952306,1.3995478670313066,RPS3;RPS23
GO_Biological_Process_2023,Regulation Of Protein Kinase B Signaling (GO:0051896),2/136,0.3953292015314795,0.4896426328155387,0,0,1.4824363033318255,1.375754908856019,RACK1;NOP53
GO_Biological_Process_2023,Positive Regulation Of Fat Cell Differentiation (GO:0045600),1/50,0.3953681557510544,0.4896426328155387,0,0,2.025535842477695,1.8795714928238212,ZC3H12A
GO_Biological_Process_2023,Intracellular Iron Ion Homeostasis (GO:0006879),1/50,0.3953681557510544,0.4896426328155387,0,0,2.025535842477695,1.8795714928238212,MYC
GO_Biological_Process_2023,Negative Regulation Of Cell Projection Organization (GO:0031345),1/50,0.3953681557510544,0.4896426328155387,0,0,2.025535842477695,1.8795714928238212,APOE
GO_Biological_Process_2023,Regulation Of Cell Growth (GO:0001558),3/227,0.3967452413447178,0.4908943891061143,0,0,1.3308556925308197,1.2303240695701096,BTG1;RACK1;SGK1
GO_Biological_Process_2023,Positive Regulation Of Cytokine Production (GO:0001819),4/320,0.3980414990255422,0.4920439194596185,0,0,1.2583311805734951,1.1591734380794672,PYCARD;RPS3;RORA;GAPDH
GO_Biological_Process_2023,Potassium Ion Transmembrane Transport (GO:0071805),2/137,0.3988450044858849,0.4921291952219942,0,0,1.4713804713804717,1.3524670293145111,ATP1B3;ATP1A1
GO_Biological_Process_2023,Protein Localization To Plasma Membrane (GO:0072659),2/137,0.3988450044858849,0.4921291952219942,0,0,1.4713804713804717,1.3524670293145111,JUP;ATP1B3
GO_Biological_Process_2023,Regulation Of Substrate Adhesion-Dependent Cell Spreading (GO:1900024),1/51,0.4014296166851454,0.4930482918039366,0,0,1.984924623115578,1.8116864795932897,TACSTD2
GO_Biological_Process_2023,Cholesterol Transport (GO:0030301),1/51,0.4014296166851454,0.4930482918039366,0,0,1.984924623115578,1.8116864795932897,APOE
GO_Biological_Process_2023,Positive Regulation Of Actin Filament Bundle Assembly (GO:0032233),1/51,0.4014296166851454,0.4930482918039366,0,0,1.984924623115578,1.8116864795932897,PFN1
GO_Biological_Process_2023,Positive Regulation Of Leukocyte Mediated Cytotoxicity (GO:0001912),1/51,0.4014296166851454,0.4930482918039366,0,0,1.984924623115578,1.8116864795932897,UXT
GO_Biological_Process_2023,Positive Regulation Of Protein Localization To Plasma Membrane (GO:1903078),1/51,0.4014296166851454,0.4930482918039366,0,0,1.984924623115578,1.8116864795932897,RACK1
GO_Biological_Process_2023,Negative Regulation Of Innate Immune Response (GO:0045824),1/52,0.4074306117999475,0.4954894191862649,0,0,1.9459060005911912,1.7471991060741807,RPS19
GO_Biological_Process_2023,Rho Protein Signal Transduction (GO:0007266),1/52,0.4074306117999475,0.4954894191862649,0,0,1.9459060005911912,1.7471991060741807,ARHGDIB
GO_Biological_Process_2023,Negative Regulation Of Response To Stimulus (GO:0048585),1/52,0.4074306117999475,0.4954894191862649,0,0,1.9459060005911912,1.7471991060741807,RPS3
GO_Biological_Process_2023,Neurotransmitter Transport (GO:0006836),1/52,0.4074306117999475,0.4954894191862649,0,0,1.9459060005911912,1.7471991060741807,SLC38A2
GO_Biological_Process_2023,Regulation Of Peptide Hormone Secretion (GO:0090276),1/52,0.4074306117999475,0.4954894191862649,0,0,1.9459060005911912,1.7471991060741807,ENSA
GO_Biological_Process_2023,Cartilage Development (GO:0051216),1/52,0.4074306117999475,0.4954894191862649,0,0,1.9459060005911912,1.7471991060741807,CD44
GO_Biological_Process_2023,Cell Cycle G1/S Phase Transition (GO:0044843),1/52,0.4074306117999475,0.4954894191862649,0,0,1.9459060005911912,1.7471991060741807,MYC
GO_Biological_Process_2023,Cellular Response To Ionizing Radiation (GO:0071479),1/52,0.4074306117999475,0.4954894191862649,0,0,1.9459060005911912,1.7471991060741807,RPL26
GO_Biological_Process_2023,Icosanoid Metabolic Process (GO:0006690),1/52,0.4074306117999475,0.4954894191862649,0,0,1.9459060005911912,1.7471991060741807,PYCARD
GO_Biological_Process_2023,Regulation Of Cell Development (GO:0060284),1/52,0.4074306117999475,0.4954894191862649,0,0,1.9459060005911912,1.7471991060741807,RPS19
GO_Biological_Process_2023,Positive Regulation Of Phosphorylation (GO:0042327),3/231,0.4074845820472119,0.4954894191862649,0,0,1.3072401816724553,1.1735777261271798,GPNMB;RACK1;PPIA
GO_Biological_Process_2023,NADH Dehydrogenase Complex Assembly (GO:0010257),1/53,0.4133717413870322,0.4994753232268919,0,0,1.9083880943177425,1.6858852917962188,NDUFB11
GO_Biological_Process_2023,Actin Cytoskeleton Reorganization (GO:0031532),1/53,0.4133717413870322,0.4994753232268919,0,0,1.9083880943177425,1.6858852917962188,CXADR
GO_Biological_Process_2023,Regulation Of Macromolecule Biosynthetic Process (GO:0010556),1/53,0.4133717413870322,0.4994753232268919,0,0,1.9083880943177425,1.6858852917962188,RPL10
GO_Biological_Process_2023,Carboxylic Acid Transport (GO:0046942),1/53,0.4133717413870322,0.4994753232268919,0,0,1.9083880943177425,1.6858852917962188,SLC38A2
GO_Biological_Process_2023,Cellular Response To Alcohol (GO:0097306),1/53,0.4133717413870322,0.4994753232268919,0,0,1.9083880943177425,1.6858852917962188,JUP
GO_Biological_Process_2023,Positive Regulation Of Chemokine Production (GO:0032722),1/53,0.4133717413870322,0.4994753232268919,0,0,1.9083880943177425,1.6858852917962188,PYCARD
GO_Biological_Process_2023,Mitochondrial Respiratory Chain Complex I Assembly (GO:0032981),1/53,0.4133717413870322,0.4994753232268919,0,0,1.9083880943177425,1.6858852917962188,NDUFB11
GO_Biological_Process_2023,Protein Localization To Cell Periphery (GO:1990778),2/142,0.4162790368686154,0.5025043144020359,0,0,1.4184704184704184,1.2431467398061158,JUP;ATP1B3
GO_Biological_Process_2023,Negative Regulation Of Neuron Projection Development (GO:0010977),1/54,0.4192535996279672,0.5025043144020359,0,0,1.8722859580923483,1.627539412897697,APOE
GO_Biological_Process_2023,Negative Regulation Of Protein Ubiquitination (GO:0031397),1/54,0.4192535996279672,0.5025043144020359,0,0,1.8722859580923483,1.627539412897697,RPS3
GO_Biological_Process_2023,Regulation Of Lipid Metabolic Process (GO:0019216),1/54,0.4192535996279672,0.5025043144020359,0,0,1.8722859580923483,1.627539412897697,RORA
GO_Biological_Process_2023,Regulation Of Myoblast Differentiation (GO:0045661),1/54,0.4192535996279672,0.5025043144020359,0,0,1.8722859580923483,1.627539412897697,BTG1
GO_Biological_Process_2023,Nucleosome Assembly (GO:0006334),1/54,0.4192535996279672,0.5025043144020359,0,0,1.8722859580923483,1.627539412897697,BAZ1A
GO_Biological_Process_2023,Organelle Disassembly (GO:1903008),1/54,0.4192535996279672,0.5025043144020359,0,0,1.8722859580923483,1.627539412897697,PLIN2
GO_Biological_Process_2023,Regulation Of Smooth Muscle Cell Proliferation (GO:0048660),1/54,0.4192535996279672,0.5025043144020359,0,0,1.8722859580923483,1.627539412897697,APOE
GO_Biological_Process_2023,Positive Regulation Of Leukocyte Chemotaxis (GO:0002690),1/54,0.4192535996279672,0.5025043144020359,0,0,1.8722859580923483,1.627539412897697,S100A14
GO_Biological_Process_2023,Actin Filament Organization (GO:0007015),2/144,0.4231821267362764,0.5067596513195803,0,0,1.398349694124342,1.2025145012328535,DSTN;CAPG
GO_Biological_Process_2023,Cellular Response To Fibroblast Growth Factor Stimulus (GO:0044344),1/55,0.4250767749174149,0.5081203197050278,0,0,1.8375209380234503,1.5719724807707876,CD44
GO_Biological_Process_2023,"Regulation Of Synaptic Transmission, Glutamatergic (GO:0051966)",1/55,0.4250767749174149,0.5081203197050278,0,0,1.8375209380234503,1.5719724807707876,SLC38A2
GO_Biological_Process_2023,Positive Regulation Of Protein Kinase Activity (GO:0045860),2/145,0.4266179815542056,0.5095081063125094,0,0,1.3885003885003886,1.18281672040739,MAP2K3;ADRB2
GO_Biological_Process_2023,Negative Regulation Of Response To External Stimulus (GO:0032102),2/146,0.4300431951119408,0.5104580712921228,0,0,1.378787878787879,1.1635172055269425,RORA;APOE
GO_Biological_Process_2023,Positive Regulation Of Cellular Catabolic Process (GO:0031331),2/146,0.4300431951119408,0.5104580712921228,0,0,1.378787878787879,1.1635172055269425,ZC3H12A;APOE
GO_Biological_Process_2023,Regulation Of Mitotic Nuclear Division (GO:0007088),1/56,0.4308418497249187,0.5104580712921228,0,0,1.8040201005025125,1.5190105312629705,DUSP1
GO_Biological_Process_2023,Pattern Recognition Receptor Signaling Pathway (GO:0002221),1/56,0.4308418497249187,0.5104580712921228,0,0,1.8040201005025125,1.5190105312629705,PYCARD
GO_Biological_Process_2023,Peptide Metabolic Process (GO:0006518),1/56,0.4308418497249187,0.5104580712921228,0,0,1.8040201005025125,1.5190105312629705,CPE
GO_Biological_Process_2023,Regulation Of Reactive Oxygen Species Metabolic Process (GO:2000377),1/56,0.4308418497249187,0.5104580712921228,0,0,1.8040201005025125,1.5190105312629705,ZC3H12A
GO_Biological_Process_2023,Regulation Of Stem Cell Population Maintenance (GO:2000036),1/56,0.4308418497249187,0.5104580712921228,0,0,1.8040201005025125,1.5190105312629705,MYC
GO_Biological_Process_2023,Positive Regulation Of Cellular Metabolic Process (GO:0031325),1/56,0.4308418497249187,0.5104580712921228,0,0,1.8040201005025125,1.5190105312629705,ZC3H12A
GO_Biological_Process_2023,Mitotic DNA Damage Checkpoint Signaling (GO:0044773),1/56,0.4308418497249187,0.5104580712921228,0,0,1.8040201005025125,1.5190105312629705,NOP53
GO_Biological_Process_2023,Positive Regulation Of Interleukin-1 Beta Production (GO:0032731),1/57,0.4365494010474847,0.51576561931485,0,0,1.7717157214644652,1.4684931926330618,PYCARD
GO_Biological_Process_2023,Post-Transcriptional Regulation Of Gene Expression (GO:0010608),1/57,0.4365494010474847,0.51576561931485,0,0,1.7717157214644652,1.4684931926330618,RPL10
GO_Biological_Process_2023,Monoatomic Anion Transport (GO:0006820),1/57,0.4365494010474847,0.51576561931485,0,0,1.7717157214644652,1.4684931926330618,FXYD3
GO_Biological_Process_2023,Defense Response To Symbiont (GO:0140546),2/148,0.436861177553996,0.51576561931485,0,0,1.35976200359762,1.1260730416696714,PYCARD;PMAIP1
GO_Biological_Process_2023,Inorganic Anion Transport (GO:0015698),1/58,0.4421999998339941,0.5211503955827195,0,0,1.740544829410209,1.4202724160163902,FXYD3
GO_Biological_Process_2023,Positive Regulation Of Type II Interferon Production (GO:0032729),1/58,0.4421999998339941,0.5211503955827195,0,0,1.740544829410209,1.4202724160163902,PYCARD
GO_Biological_Process_2023,Regulation Of miRNA Transcription (GO:1902893),1/59,0.4477942115947188,0.525432787685572,0,0,1.7104487957026513,1.3742113392020114,MYC
GO_Biological_Process_2023,Phospholipid Transport (GO:0015914),1/59,0.4477942115947188,0.525432787685572,0,0,1.7104487957026513,1.3742113392020114,APOE
GO_Biological_Process_2023,Regulation Of Type I Interferon Production (GO:0032479),1/59,0.4477942115947188,0.525432787685572,0,0,1.7104487957026513,1.3742113392020114,GAPDH
GO_Biological_Process_2023,protein-DNA Complex Assembly (GO:0065004),1/59,0.4477942115947188,0.525432787685572,0,0,1.7104487957026513,1.3742113392020114,BAZ1A
GO_Biological_Process_2023,Negative Regulation Of Cytokine-Mediated Signaling Pathway (GO:0001960),1/59,0.4477942115947188,0.525432787685572,0,0,1.7104487957026513,1.3742113392020114,UXT
GO_Biological_Process_2023,Regulation Of Extrinsic Apoptotic Signaling Pathway (GO:2001236),1/60,0.4533325962584122,0.530517424028566,0,0,1.681372966527553,1.330183274831934,PYCARD
GO_Biological_Process_2023,Response To Retinoic Acid (GO:0032526),1/60,0.4533325962584122,0.530517424028566,0,0,1.681372966527553,1.330183274831934,AQP3
GO_Biological_Process_2023,Sterol Metabolic Process (GO:0016125),1/60,0.4533325962584122,0.530517424028566,0,0,1.681372966527553,1.330183274831934,APOE
GO_Biological_Process_2023,Regulation Of Cellular Component Organization (GO:0051128),2/153,0.4537111701020423,0.530517424028566,0,0,1.314402301157268,1.0387648733741028,APOE;SGK1
GO_Biological_Process_2023,Epithelium Development (GO:0060429),2/154,0.4570468311439537,0.5339518341176094,0,0,1.3056884635832005,1.022314136665567,KRT14;KRT10
GO_Biological_Process_2023,Negative Regulation Of Viral Process (GO:0048525),1/61,0.4588157080798082,0.5346200424582113,0,0,1.6532663316582914,1.288070804786777,PPIA
GO_Biological_Process_2023,Positive Regulation Of Interleukin-8 Production (GO:0032757),1/61,0.4588157080798082,0.5346200424582113,0,0,1.6532663316582914,1.288070804786777,PYCARD
GO_Biological_Process_2023,Positive Regulation Of Organelle Assembly (GO:1902117),1/61,0.4588157080798082,0.5346200424582113,0,0,1.6532663316582914,1.288070804786777,CAPG
GO_Biological_Process_2023,RNA Methylation (GO:0001510),1/62,0.4642440960951576,0.5400061534440201,0,0,1.6260812258011368,1.2477649663473405,FBL
GO_Biological_Process_2023,Cell Junction Organization (GO:0034330),1/62,0.4642440960951576,0.5400061534440201,0,0,1.6260812258011368,1.2477649663473405,CXADR
GO_Biological_Process_2023,G1/S Transition Of Mitotic Cell Cycle (GO:0000082),1/63,0.4696183035751055,0.5448385513338887,0,0,1.5997730588426,1.2091645247691418,MYC
GO_Biological_Process_2023,Protein Polymerization (GO:0051258),1/63,0.4696183035751055,0.5448385513338887,0,0,1.5997730588426,1.2091645247691418,KRT5
GO_Biological_Process_2023,Regulation Of Cellular Catabolic Process (GO:0031329),1/63,0.4696183035751055,0.5448385513338887,0,0,1.5997730588426,1.2091645247691418,NUPR1
GO_Biological_Process_2023,Regulation Of Secretion By Cell (GO:1903530),1/64,0.4749388686968527,0.5481637244218628,0,0,1.574300071787509,1.1721753146425786,VAMP8
GO_Biological_Process_2023,Cellular Response To Virus (GO:0098586),1/64,0.4749388686968527,0.5481637244218628,0,0,1.574300071787509,1.1721753146425786,ZC3H12A
GO_Biological_Process_2023,Positive Regulation Of Interleukin-1 Production (GO:0032732),1/64,0.4749388686968527,0.5481637244218628,0,0,1.574300071787509,1.1721753146425786,PYCARD
GO_Biological_Process_2023,Positive Regulation Of Macroautophagy (GO:0016239),1/64,0.4749388686968527,0.5481637244218628,0,0,1.574300071787509,1.1721753146425786,SLC25A5
GO_Biological_Process_2023,Positive Regulation Of Type I Interferon Production (GO:0032481),1/64,0.4749388686968527,0.5481637244218628,0,0,1.574300071787509,1.1721753146425786,GAPDH
GO_Biological_Process_2023,Negative Regulation Of Cell Death (GO:0060548),1/64,0.4749388686968527,0.5481637244218628,0,0,1.574300071787509,1.1721753146425786,GPNMB
GO_Biological_Process_2023,Canonical Wnt Signaling Pathway (GO:0060070),1/65,0.4802063242660991,0.552340321473453,0,0,1.5496231155778897,1.1367096495006708,JUP
GO_Biological_Process_2023,Regulation Of Translational Initiation (GO:0006446),1/65,0.4802063242660991,0.552340321473453,0,0,1.5496231155778897,1.1367096495006708,EIF3E
GO_Biological_Process_2023,Positive Regulation Of DNA Biosynthetic Process (GO:2000573),1/65,0.4802063242660991,0.552340321473453,0,0,1.5496231155778897,1.1367096495006708,MYC
GO_Biological_Process_2023,Regulation Of Cell-Matrix Adhesion (GO:0001952),1/65,0.4802063242660991,0.552340321473453,0,0,1.5496231155778897,1.1367096495006708,JUP
GO_Biological_Process_2023,Regulation Of Endocytosis (GO:0030100),1/66,0.4854211976341649,0.5578596953943235,0,0,1.525705450328566,1.1026857881843173,APOE
GO_Biological_Process_2023,Negative Regulation Of Cell Migration (GO:0030336),2/163,0.4865301078782612,0.5586549653443617,0,0,1.2321350147437105,0.8876996710994104,ARHGDIB;TACSTD2
GO_Biological_Process_2023,Cholesterol Metabolic Process (GO:0008203),1/67,0.4905840112592053,0.5623460864733406,0,0,1.5025125628140703,1.0700274503610792,APOE
GO_Biological_Process_2023,Extrinsic Apoptotic Signaling Pathway (GO:0097191),1/67,0.4905840112592053,0.5623460864733406,0,0,1.5025125628140703,1.0700274503610792,MCL1
GO_Biological_Process_2023,Protein Modification By Small Protein Conjugation (GO:0032446),4/364,0.4951585484143796,0.5667505785830577,0,0,1.1020408163265305,0.7745994380624209,UBB;RACK1;RPS27A;UBA52
GO_Biological_Process_2023,B Cell Differentiation (GO:0030183),1/68,0.4956952821636893,0.5667505785830577,0,0,1.4800120003000077,1.0386633811930914,SLC25A5
GO_Biological_Process_2023,Neuropeptide Signaling Pathway (GO:0007218),1/68,0.4956952821636893,0.5667505785830577,0,0,1.4800120003000077,1.0386633811930914,CPE
GO_Biological_Process_2023,Regulation Of Cytokine Production (GO:0001817),2/167,0.4993126955468189,0.5703998397551043,0,0,1.202020202020202,0.8348303583619261,GPNMB;GAPDH
GO_Biological_Process_2023,Regulation Of Monoatomic Ion Transmembrane Transporter Activity (GO:0032412),1/69,0.500755522308534,0.5705887754195881,0,0,1.4581732190363583,1.0085269537658983,FXYD3
GO_Biological_Process_2023,Response To Molecule Of Bacterial Origin (GO:0002237),1/69,0.500755522308534,0.5705887754195881,0,0,1.4581732190363583,1.0085269537658983,S100A14
GO_Biological_Process_2023,Establishment Of Protein Localization To Membrane (GO:0090150),1/69,0.500755522308534,0.5705887754195881,0,0,1.4581732190363583,1.0085269537658983,NACA
GO_Biological_Process_2023,Negative Regulation Of Extrinsic Apoptotic Signaling Pathway (GO:2001237),1/70,0.5057652387756465,0.5753186926649969,0,0,1.4369674459252786,0.9795558086095748,MCL1
GO_Biological_Process_2023,Regulation Of Cellular Biosynthetic Process (GO:0031326),1/70,0.5057652387756465,0.5753186926649969,0,0,1.4369674459252786,0.9795558086095748,RPL10
GO_Biological_Process_2023,Cell-Cell Junction Assembly (GO:0007043),1/71,0.5107249334696091,0.5794846831915971,0,0,1.416367552045944,0.9516915272016224,JUP
GO_Biological_Process_2023,Positive Regulation Of Cell-Substrate Adhesion (GO:0010811),1/71,0.5107249334696091,0.5794846831915971,0,0,1.416367552045944,0.9516915272016224,JUP
GO_Biological_Process_2023,Negative Regulation Of Cellular Response To Growth Factor Stimulus (GO:0090288),1/71,0.5107249334696091,0.5794846831915971,0,0,1.416367552045944,0.9516915272016224,NBL1
GO_Biological_Process_2023,Heart Development (GO:0007507),2/171,0.5118910416934445,0.5798258629494637,0,0,1.1733309425617118,0.7857134223531504,PDLIM1;CXADR
GO_Biological_Process_2023,Metal Ion Transport (GO:0030001),2/171,0.5118910416934445,0.5798258629494637,0,0,1.1733309425617118,0.7857134223531504,SGK1;TPT1
GO_Biological_Process_2023,Positive Regulation Of Cell Migration (GO:0030335),3/272,0.5133338127146672,0.5809690110115321,0,0,1.1056743343460458,0.7372956425695988,GPNMB;RACK1;PFN1
GO_Biological_Process_2023,Plasma Membrane Organization (GO:0007009),1/72,0.5156351033007534,0.5816086182011865,0,0,1.396347936867436,0.9248793332622998,DMKN
GO_Biological_Process_2023,Response To Ionizing Radiation (GO:0010212),1/72,0.5156351033007534,0.5816086182011865,0,0,1.396347936867436,0.9248793332622998,MYC
GO_Biological_Process_2023,Second-Messenger-Mediated Signaling (GO:0019932),1/72,0.5156351033007534,0.5816086182011865,0,0,1.396347936867436,0.9248793332622998,APOE
GO_Biological_Process_2023,Protein Targeting To Membrane (GO:0006612),1/72,0.5156351033007534,0.5816086182011865,0,0,1.396347936867436,0.9248793332622998,NACA
GO_Biological_Process_2023,DNA Replication (GO:0006260),1/73,0.5204962404113022,0.5856128985316078,0,0,1.3768844221105527,0.8990678202624621,BAZ1A
GO_Biological_Process_2023,Cellular Response To Reactive Oxygen Species (GO:0034614),1/73,0.5204962404113022,0.5856128985316078,0,0,1.3768844221105527,0.8990678202624621,RPS3
GO_Biological_Process_2023,Positive Regulation Of Secretion By Cell (GO:1903532),1/73,0.5204962404113022,0.5856128985316078,0,0,1.3768844221105527,0.8990678202624621,PPIA
GO_Biological_Process_2023,Positive Regulation Of I-kappaB kinase/NF-kappaB Signaling (GO:0043123),2/175,0.5242613328384474,0.5893541828888588,0,0,1.1459683540608396,0.7400262452135655,REL;GAPDH
GO_Biological_Process_2023,Negative Regulation Of Neuron Apoptotic Process (GO:0043524),1/74,0.5253088319278648,0.5895425751954261,0,0,1.3579541543333105,0.8742087038575203,APOE
GO_Biological_Process_2023,Gland Development (GO:0048732),1/74,0.5253088319278648,0.5895425751954261,0,0,1.3579541543333105,0.8742087038575203,ARID5B
GO_Biological_Process_2023,Positive Regulation Of Hydrolase Activity (GO:0051345),2/176,0.5273210092073617,0.5913055668099286,0,0,1.1393242772553118,0.729105774961238,RACK1;RPS3
GO_Biological_Process_2023,Nucleosome Organization (GO:0034728),1/75,0.5300733603880184,0.5929034248079672,0,0,1.3395355154149124,0.8502565938086776,BAZ1A
GO_Biological_Process_2023,Regulation Of BMP Signaling Pathway (GO:0030510),1/75,0.5300733603880184,0.5929034248079672,0,0,1.3395355154149124,0.8502565938086776,NBL1
GO_Biological_Process_2023,Regulation Of DNA Replication (GO:0006275),1/75,0.5300733603880184,0.5929034248079672,0,0,1.3395355154149124,0.8502565938086776,BAZ1A
GO_Biological_Process_2023,Positive Regulation Of Interleukin-6 Production (GO:0032755),1/76,0.5347903032317255,0.5966852675524664,0,0,1.321608040201005,0.8271687875669174,PYCARD
GO_Biological_Process_2023,Positive Regulation Of Protein Secretion (GO:0050714),1/76,0.5347903032317255,0.5966852675524664,0,0,1.321608040201005,0.8271687875669174,PPIA
GO_Biological_Process_2023,Regulation Of Ras Protein Signal Transduction (GO:0046578),1/76,0.5347903032317255,0.5966852675524664,0,0,1.321608040201005,0.8271687875669174,ARHGDIB
GO_Biological_Process_2023,Actomyosin Structure Organization (GO:0031032),1/77,0.5394601334395485,0.5984077639147309,0,0,1.3041523406506217,0.8049050782659102,PDLIM1
GO_Biological_Process_2023,Positive Regulation Of JNK Cascade (GO:0046330),1/77,0.5394601334395485,0.5984077639147309,0,0,1.3041523406506217,0.8049050782659102,PYCARD
GO_Biological_Process_2023,Chloride Transport (GO:0006821),1/77,0.5394601334395485,0.5984077639147309,0,0,1.3041523406506217,0.8049050782659102,FXYD3
GO_Biological_Process_2023,Embryonic Organ Development (GO:0048568),1/77,0.5394601334395485,0.5984077639147309,0,0,1.3041523406506217,0.8049050782659102,RPL10
GO_Biological_Process_2023,Positive Regulation Of Response To Stimulus (GO:0048584),1/77,0.5394601334395485,0.5984077639147309,0,0,1.3041523406506217,0.8049050782659102,RPS3
GO_Biological_Process_2023,Monoatomic Cation Homeostasis (GO:0055080),1/77,0.5394601334395485,0.5984077639147309,0,0,1.3041523406506217,0.8049050782659102,S100A14
GO_Biological_Process_2023,Regulation Of T Cell Proliferation (GO:0042129),1/77,0.5394601334395485,0.5984077639147309,0,0,1.3041523406506217,0.8049050782659102,GPNMB
GO_Biological_Process_2023,Positive Regulation Of Multicellular Organismal Process (GO:0051240),4/387,0.5433117339418887,0.6021817398528791,0,0,1.034635264027282,0.6312020338904396,RPS19;APOE;ADRB2;GAPDH
GO_Biological_Process_2023,Positive Regulation Of Tumor Necrosis Factor Production (GO:0032760),1/78,0.544083319204552,0.6025385518463634,0,0,1.2871500358937544,0.7834275809102157,PYCARD
GO_Biological_Process_2023,Regulation Of Neuron Differentiation (GO:0045664),1/79,0.5486603241296241,0.6056053001101287,0,0,1.2705836876691148,0.7627005714660321,NBL1
GO_Biological_Process_2023,Vesicle Fusion (GO:0006906),1/79,0.5486603241296241,0.6056053001101287,0,0,1.2705836876691148,0.7627005714660321,VAMP8
GO_Biological_Process_2023,Protein Import Into Nucleus (GO:0006606),1/79,0.5486603241296241,0.6056053001101287,0,0,1.2705836876691148,0.7627005714660321,RPL17
GO_Biological_Process_2023,Negative Regulation Of Cellular Component Organization (GO:0051129),1/79,0.5486603241296241,0.6056053001101287,0,0,1.2705836876691148,0.7627005714660321,NOP53
GO_Biological_Process_2023,Regulation Of Protein Localization To Plasma Membrane (GO:1903076),1/80,0.5531916072648388,0.6091016875389351,0,0,1.254436740665352,0.7426903392796255,VAMP8
GO_Biological_Process_2023,Positive Regulation Of Immune Response (GO:0050778),1/80,0.5531916072648388,0.6091016875389351,0,0,1.254436740665352,0.7426903392796255,PYCARD
GO_Biological_Process_2023,Wound Healing (GO:0042060),1/80,0.5531916072648388,0.6091016875389351,0,0,1.254436740665352,0.7426903392796255,DSP
GO_Biological_Process_2023,Regulation Of Interleukin-8 Production (GO:0032677),1/81,0.5576776229377498,0.6130336462154099,0,0,1.2386934673366834,0.7233650516865618,PYCARD
GO_Biological_Process_2023,Spindle Assembly (GO:0051225),1/81,0.5576776229377498,0.6130336462154099,0,0,1.2386934673366834,0.7233650516865618,RPS3
GO_Biological_Process_2023,Positive Regulation Of Tumor Necrosis Factor Superfamily Cytokine Production (GO:1903557),1/82,0.5621188211968801,0.6174091970523109,0,0,1.2233389168062534,0.7046946278996441,PYCARD
GO_Biological_Process_2023,Defense Response To Virus (GO:0051607),2/189,0.5658777669000009,0.6205206281882171,0,0,1.05941770647653,0.603208270014294,PYCARD;PMAIP1
GO_Biological_Process_2023,Endocytosis (GO:0006897),2/189,0.5658777669000009,0.6205206281882171,0,0,1.05941770647653,0.603208270014294,ADRB2;APOE
GO_Biological_Process_2023,Vascular Transport (GO:0010232),1/83,0.5665156476761636,0.6207121568978408,0,0,1.208358867508273,0.6866506239569532,SLC38A2
GO_Biological_Process_2023,Protein Modification Process (GO:0036211),7/711,0.5703034243089017,0.624351788050595,0,0,0.9838082901554404,0.55249368694944,DSP;CSTA;KRT1;CPE;KRT10;SGK1;UBA52
GO_Biological_Process_2023,Purine Ribonucleotide Metabolic Process (GO:0009150),1/84,0.5708685433147935,0.6244602841157741,0,0,1.1937397832536174,0.6692061267801053,HINT1
GO_Biological_Process_2023,Positive Regulation Of Canonical Wnt Signaling Pathway (GO:0090263),1/85,0.5751779449472499,0.6281486929334269,0,0,1.1794687724335966,0.6523356544527062,JUP
GO_Biological_Process_2023,Transport Across Blood-Brain Barrier (GO:0150104),1/85,0.5751779449472499,0.6281486929334269,0,0,1.1794687724335966,0.6523356544527062,SLC38A2
GO_Biological_Process_2023,Negative Regulation Of DNA-templated Transcription (GO:0045892),10/1025,0.5777015645988285,0.6303909581127282,0,0,0.9740731138190304,0.5344718407063692,UXT;RPS14;RPL10;MYC;ARID5B;LRRFIP1;RPL17;PFDN5;NOP53;ETS2
GO_Biological_Process_2023,Negative Regulation Of Binding (GO:0051100),1/86,0.5794442849420854,0.6317781463160248,0,0,1.1655335501034585,0.636015065932131,RACK1
GO_Biological_Process_2023,Regulation Of Insulin Secretion (GO:0050796),1/87,0.5836679914950987,0.6353493977282147,0,0,1.1519224027112305,0.6202214761277236,ENSA
GO_Biological_Process_2023,Glucose Homeostasis (GO:0042593),1/87,0.5836679914950987,0.6353493977282147,0,0,1.1519224027112305,0.6202214761277236,RPS6
GO_Biological_Process_2023,Positive Regulation Of DNA Repair (GO:0045739),1/89,0.591989195722158,0.6433621429583876,0,0,1.1256281407035176,0.5901295699518402,RPS3
GO_Biological_Process_2023,Positive Regulation Of Peptidyl-Serine Phosphorylation (GO:0033138),1/89,0.591989195722158,0.6433621429583876,0,0,1.1256281407035176,0.5901295699518402,CD44
GO_Biological_Process_2023,Regulation Of Peptidyl-Tyrosine Phosphorylation (GO:0050730),1/90,0.5960875287025766,0.646243760891143,0,0,1.1129241714188922,0.5757910883551692,CD44
GO_Biological_Process_2023,Regulation Of Phosphatidylinositol 3-Kinase Signaling (GO:0014066),1/90,0.5960875287025766,0.646243760891143,0,0,1.1129241714188922,0.5757910883551692,NOP53
GO_Biological_Process_2023,Mitochondrial Respiratory Chain Complex Assembly (GO:0033108),1/90,0.5960875287025766,0.646243760891143,0,0,1.1129241714188922,0.5757910883551692,NDUFB11
GO_Biological_Process_2023,Organic Substance Transport (GO:0071702),2/201,0.599426855548892,0.6490671222058073,0,0,0.9949241155271306,0.5091835781900128,AQP3;TPT1
GO_Biological_Process_2023,Positive Regulation Of MAP Kinase Activity (GO:0043406),1/91,0.6001448988156681,0.6490671222058073,0,0,1.100502512562814,0.5618991453376235,RPS3
GO_Biological_Process_2023,Regulation Of Actin Cytoskeleton Organization (GO:0032956),1/91,0.6001448988156681,0.6490671222058073,0,0,1.100502512562814,0.5618991453376235,ARHGDIB
GO_Biological_Process_2023,B Cell Activation (GO:0042113),1/92,0.6041617136020576,0.6523583370078624,0,0,1.0883538571980782,0.5484360698708618,SLC25A5
GO_Biological_Process_2023,Positive Regulation Of Neuron Projection Development (GO:0010976),1/92,0.6041617136020576,0.6523583370078624,0,0,1.0883538571980782,0.5484360698708618,APOE
GO_Biological_Process_2023,Regulation Of Endothelial Cell Proliferation (GO:0001936),1/93,0.6081383763355012,0.6561235300238095,0,0,1.0764693030369237,0.5353850545471538,APOE
GO_Biological_Process_2023,Peptidyl-Lysine Modification (GO:0018205),1/94,0.6120752863236749,0.6582511104925557,0,0,1.0648403306856864,0.5227301046685241,HINT1
GO_Biological_Process_2023,Cellular Response To Hormone Stimulus (GO:0032870),1/94,0.6120752863236749,0.6582511104925557,0,0,1.0648403306856864,0.5227301046685241,ATP1A1
GO_Biological_Process_2023,Vesicle Organization (GO:0016050),1/94,0.6120752863236749,0.6582511104925557,0,0,1.0648403306856864,0.5227301046685241,VAMP8
GO_Biological_Process_2023,Muscle Contraction (GO:0006936),1/94,0.6120752863236749,0.6582511104925557,0,0,1.0648403306856864,0.5227301046685241,MYL6
GO_Biological_Process_2023,Negative Regulation Of Cell Differentiation (GO:0045596),2/207,0.6154601156600987,0.6613605092097292,0,0,0.9655087459965508,0.4686435933664049,RORA;HOPX
GO_Biological_Process_2023,Regulation Of Macroautophagy (GO:0016241),1/96,0.6198314260741546,0.6655241273552622,0,0,1.0423168473948692,0.4985482066164667,GAPDH
GO_Biological_Process_2023,Regulation Of Defense Response (GO:0031347),1/97,0.6236514348962008,0.6685543382087272,0,0,1.0314070351758795,0.4869929254325685,APOE
GO_Biological_Process_2023,Monocarboxylic Acid Metabolic Process (GO:0032787),1/97,0.6236514348962008,0.6685543382087272,0,0,1.0314070351758795,0.4869929254325685,LDHA
GO_Biological_Process_2023,Positive Regulation Of Cold-Induced Thermogenesis (GO:0120162),1/98,0.6274332493027582,0.6720707866232581,0,0,1.0207221675387246,0.4757769643136218,ADRB2
GO_Biological_Process_2023,Protein Ubiquitination (GO:0016567),4/434,0.6337943554913835,0.677800827101719,0,0,0.9193165638348364,0.4192366106795396,UBB;RACK1;RPS27A;UBA52
GO_Biological_Process_2023,Regulation Of Cell Migration (GO:0030334),4/434,0.6337943554913835,0.677800827101719,0,0,0.9193165638348364,0.4192366106795396,GPNMB;RACK1;KRT5;SGK1
GO_Biological_Process_2023,Positive Regulation Of Kinase Activity (GO:0033674),1/104,0.6493430720264805,0.6933224832792699,0,0,0.9609698980338586,0.4149411183845573,MAP2K3
GO_Biological_Process_2023,Macroautophagy (GO:0016236),1/104,0.6493430720264805,0.6933224832792699,0,0,0.9609698980338586,0.4149411183845573,VAMP8
GO_Biological_Process_2023,Positive Regulation Of Cell Motility (GO:2000147),2/221,0.6509566170228185,0.6944919321740262,0,0,0.90314099903141,0.3877295210150006,GPNMB;RACK1
GO_Biological_Process_2023,Cellular Response To Organonitrogen Compound (GO:0071417),1/105,0.6528679573920863,0.6959769792405692,0,0,0.9516814843448008,0.4057783123183748,JUP
GO_Biological_Process_2023,Response To Calcium Ion (GO:0051592),1/106,0.6563575850020138,0.6985855154111982,0,0,0.9425699928212492,0.3968686613882323,AQP3
GO_Biological_Process_2023,Regulation Of G1/S Transition Of Mitotic Cell Cycle (GO:2000045),1/106,0.6563575850020138,0.6985855154111982,0,0,0.9425699928212492,0.3968686613882323,GPNMB
GO_Biological_Process_2023,Positive Regulation Of Nucleic Acid-Templated Transcription (GO:1903508),5/557,0.6578741499522384,0.6996439372507932,0,0,0.8940914158305463,0.3743932945274834,MAP2K3;MYC;RORA;APOE;IRF6
GO_Biological_Process_2023,Positive Regulation Of T Cell Activation (GO:0050870),1/107,0.6598123057378238,0.7000383924692668,0,0,0.933630416232104,0.388203405372955,PYCARD
GO_Biological_Process_2023,Positive Regulation Of Autophagy (GO:0010508),1/107,0.6598123057378238,0.7000383924692668,0,0,0.933630416232104,0.388203405372955,ZC3H12A
GO_Biological_Process_2023,Monoatomic Ion Transport (GO:0006811),1/107,0.6598123057378238,0.7000383924692668,0,0,0.933630416232104,0.388203405372955,PLP2
GO_Biological_Process_2023,Positive Regulation Of Metabolic Process (GO:0009893),1/108,0.6632324670568477,0.7025545500839336,0,0,0.9248579345324754,0.3797741558133871,ADRB2
GO_Biological_Process_2023,Lipid Transport (GO:0006869),1/108,0.6632324670568477,0.7025545500839336,0,0,0.9248579345324754,0.3797741558133871,APOE
GO_Biological_Process_2023,Negative Regulation Of Developmental Process (GO:0051093),1/109,0.6666184129739804,0.7033611601457745,0,0,0.916247906197655,0.3715728772578474,HOPX
GO_Biological_Process_2023,Cell-Matrix Adhesion (GO:0007160),1/109,0.6666184129739804,0.7033611601457745,0,0,0.916247906197655,0.3715728772578474,CD44
GO_Biological_Process_2023,Cellular Response To Salt (GO:1902075),1/109,0.6666184129739804,0.7033611601457745,0,0,0.916247906197655,0.3715728772578474,ZC3H12A
GO_Biological_Process_2023,Positive Regulation Of Wnt Signaling Pathway (GO:0030177),1/109,0.6666184129739804,0.7033611601457745,0,0,0.916247906197655,0.3715728772578474,JUP
GO_Biological_Process_2023,Regulation Of Wnt Signaling Pathway (GO:0030111),1/109,0.6666184129739804,0.7033611601457745,0,0,0.916247906197655,0.3715728772578474,RACK1
GO_Biological_Process_2023,Chromatin Remodeling (GO:0006338),2/228,0.667710567646942,0.7039592137269097,0,0,0.8748547421113793,0.3533542514106607,MYC;BAZ1A
GO_Biological_Process_2023,Adenylate Cyclase-Activating G Protein-Coupled Receptor Signaling Pathway (GO:0007189),1/110,0.6699704840956059,0.7052320885216904,0,0,0.9077958600341156,0.3635918695397154,ADRB2
GO_Biological_Process_2023,Regulation Of JNK Cascade (GO:0046328),1/110,0.6699704840956059,0.7052320885216904,0,0,0.9077958600341156,0.3635918695397154,PYCARD
GO_Biological_Process_2023,RNA Metabolic Process (GO:0016070),1/111,0.6732890175997336,0.7076135557518769,0,0,0.8994974874371859,0.3558237511616551,ZC3H12A
GO_Biological_Process_2023,Negative Regulation Of Transmembrane Receptor Protein Serine/Threonine Kinase Signaling Pathway (GO:0090101),1/111,0.6732890175997336,0.7076135557518769,0,0,0.8994974874371859,0.3558237511616551,NBL1
GO_Biological_Process_2023,Calcium Ion Transport (GO:0006816),1/112,0.6765743473112501,0.7099527215325568,0,0,0.8913486350672281,0.3482614435144341,TPT1
GO_Biological_Process_2023,Protein Deubiquitination (GO:0016579),1/112,0.6765743473112501,0.7099527215325568,0,0,0.8913486350672281,0.3482614435144341,ZC3H12A
GO_Biological_Process_2023,Positive Regulation Of Developmental Process (GO:0051094),2/233,0.6792780767789255,0.7122320992830674,0,0,0.8556998556998557,0.3309202670412199,APOE;KRT10
GO_Biological_Process_2023,Inflammatory Response (GO:0006954),2/236,0.6860605393564587,0.7187811749317082,0,0,0.8445998445998446,0.3182362732133152,REL;CD44
GO_Biological_Process_2023,Positive Regulation Of Protein Serine/Threonine Kinase Activity (GO:0071902),1/117,0.692514396042861,0.7238450005440201,0,0,0.8527118350372552,0.3133087141185804,ADRB2
GO_Biological_Process_2023,Protein Maturation (GO:0051604),1/117,0.692514396042861,0.7238450005440201,0,0,0.8527118350372552,0.3133087141185804,CPE
GO_Biological_Process_2023,Protein Processing (GO:0016485),1/117,0.692514396042861,0.7238450005440201,0,0,0.8527118350372552,0.3133087141185804,CPE
GO_Biological_Process_2023,Positive Regulation Of Cell Projection Organization (GO:0031346),1/118,0.6956073317848006,0.7265111649194331,0,0,0.845380749903363,0.3068478138715934,APOE
GO_Biological_Process_2023,Positive Regulation Of DNA-templated Transcription (GO:0045893),11/1243,0.7049512813727249,0.7356968201241832,0,0,0.8771730914588057,0.3066830306606232,H2AZ1;MAP2K3;JUP;MYC;ZC3H12A;REL;CHCHD10;RORA;APOE;IRF6;ETS2
GO_Biological_Process_2023,Potassium Ion Transport (GO:0006813),1/122,0.7076725687660174,0.7379620561451077,0,0,0.8172681589767017,0.2825898889623316,ATP1B3
GO_Biological_Process_2023,Organonitrogen Compound Biosynthetic Process (GO:1901566),1/123,0.7106137702230504,0.7398775851584207,0,0,0.8105280500864981,0.2768976317492876,APOE
GO_Biological_Process_2023,Positive Regulation Of Epithelial Cell Proliferation (GO:0050679),1/123,0.7106137702230504,0.7398775851584207,0,0,0.8105280500864981,0.2768976317492876,MYC
GO_Biological_Process_2023,Enzyme-Linked Receptor Protein Signaling Pathway (GO:0007167),1/124,0.7135255255654438,0.7417565587724552,0,0,0.8038975364628018,0.2713452170770706,UXT
GO_Biological_Process_2023,Protein Dephosphorylation (GO:0006470),1/124,0.7135255255654438,0.7417565587724552,0,0,0.8038975364628018,0.2713452170770706,DUSP1
GO_Biological_Process_2023,Regulation Of Response To External Stimulus (GO:0032101),1/127,0.7220870340624399,0.7500749035997438,0,0,0.7846374730796841,0.2554854949797123,CD55
GO_Biological_Process_2023,Positive Regulation Of Transcription By RNA Polymerase II (GO:0045944),8/938,0.7260892756251702,0.7536480475117956,0,0,0.8454301075268817,0.2706072154511012,H2AZ1;JUP;MYC;ZC3H12A;REL;RORA;IRF6;ETS2
GO_Biological_Process_2023,Protein Homooligomerization (GO:0051260),1/129,0.7276527766729426,0.7541026455852614,0,0,0.7722989949748744,0.2455380232172469,PYCARD
GO_Biological_Process_2023,Regulation Of DNA Repair (GO:0006282),1/129,0.7276527766729426,0.7541026455852614,0,0,0.7722989949748744,0.2455380232172469,RPS3
GO_Biological_Process_2023,Cytokine-Mediated Signaling Pathway (GO:0019221),2/257,0.7303059752798987,0.7557743982496318,0,0,0.774212715389186,0.2433286215291094,PYCARD;PLP2
GO_Biological_Process_2023,Positive Regulation Of Peptidyl-Tyrosine Phosphorylation (GO:0050731),1/130,0.7303939147263233,0.7557743982496318,0,0,0.7662732265981068,0.2407410413206643,CD44
GO_Biological_Process_2023,Synapse Organization (GO:0050808),1/131,0.7331076000158043,0.7579970555718964,0,0,0.7603401623502126,0.2360573310794884,CHCHD10
GO_Biological_Process_2023,Plasma Membrane Bounded Cell Projection Organization (GO:0120036),1/132,0.7357941059880472,0.7601882051071575,0,0,0.7544976792358741,0.2314836202546984,APOE
GO_Biological_Process_2023,Cellular Response To Metal Ion (GO:0071248),1/135,0.743693243928707,0.7677572780157684,0,0,0.7374934373359334,0.2183914504625392,MT1X
GO_Biological_Process_2023,Protein Localization To Organelle (GO:0033365),1/137,0.7488283343138599,0.7724634087610256,0,0,0.7265740467041087,0.210158284256341,RPL11
GO_Biological_Process_2023,Chromatin Organization (GO:0006325),2/268,0.7513088273379281,0.7744260220252489,0,0,0.7417786891471102,0.2121030784801347,MYC;BAZ1A
GO_Biological_Process_2023,Intracellular Calcium Ion Homeostasis (GO:0006874),1/139,0.7538610468365632,0.7764594948201342,0,0,0.715971160148569,0.202295658016559,TPT1
GO_Biological_Process_2023,Ras Protein Signal Transduction (GO:0007265),1/144,0.7660081552523519,0.7877597298834624,0,0,0.690761499806726,0.1841310865645969,ARHGDIB
GO_Biological_Process_2023,Regulation Of Cell Adhesion (GO:0030155),1/144,0.7660081552523519,0.7877597298834624,0,0,0.690761499806726,0.1841310865645969,DUSP1
GO_Biological_Process_2023,Regulation Of Cold-Induced Thermogenesis (GO:0120161),1/146,0.7706982785234464,0.7919752248630508,0,0,0.6811644429041761,0.1774149463430572,ADRB2
GO_Biological_Process_2023,Monoatomic Cation Transmembrane Transport (GO:0098655),2/281,0.7743099579914263,0.79507689173066,0,0,0.7067448680351907,0.1807733388604437,ATP1B3;ATP1A1
GO_Biological_Process_2023,Central Nervous System Development (GO:0007417),2/283,0.7776798400305526,0.7979257164172592,0,0,0.7016427621409828,0.1764213060169772,COX7B;CAPG
GO_Biological_Process_2023,Transmembrane Receptor Protein Tyrosine Kinase Signaling Pathway (GO:0007169),2/284,0.7793483018632932,0.7982671087899357,0,0,0.6991188480550182,0.17428838454512,UXT;ADRB2
GO_Biological_Process_2023,Inorganic Cation Transmembrane Transport (GO:0098662),2/284,0.7793483018632932,0.7982671087899357,0,0,0.6991188480550182,0.17428838454512,ATP1B3;ATP1A1
GO_Biological_Process_2023,Neuron Development (GO:0048666),1/150,0.7797997353776313,0.7982671087899357,0,0,0.6627432464335098,0.164836268730291,APOE
GO_Biological_Process_2023,DNA Metabolic Process (GO:0006259),2/288,0.7859134587550115,0.8039114768944392,0,0,0.6891996891996892,0.1660341294748642,RPS3;NOP53
GO_Biological_Process_2023,DNA Repair (GO:0006281),2/291,0.7907246116547657,0.8082158502039558,0,0,0.6819405123903394,0.1601233993327284,RPS3;NOP53
GO_Biological_Process_2023,Peptidyl-Serine Phosphorylation (GO:0018105),1/158,0.7969382105229577,0.8139460381865573,0,0,0.6287168325704958,0.1427049714417737,SGK1
GO_Biological_Process_2023,Adenylate Cyclase-Modulating G Protein-Coupled Receptor Signaling Pathway (GO:0007188),1/163,0.8069688204409236,0.8229362400234685,0,0,0.6091568955890564,0.1306460303698868,ADRB2
GO_Biological_Process_2023,Nitrogen Compound Transport (GO:0071705),1/163,0.8069688204409236,0.8229362400234685,0,0,0.6091568955890564,0.1306460303698868,SLC38A2
GO_Biological_Process_2023,Nervous System Development (GO:0007399),3/433,0.8109486510303924,0.8263659257648105,0,0,0.6859874867193956,0.1437490499857656,COX7B;CAPG;NBL1
GO_Biological_Process_2023,Regulation Of Transcription By RNA Polymerase II (GO:0006357),17/2028,0.8116925130440908,0.8264954160175394,0,0,0.8217454274713122,0.1714437799969279,H2AZ1;RPL10;JUP;ARID5B;RORA;BAZ1A;HOPX;ETS2;UXT;RPS14;MYC;ZC3H12A;REL;LRRFIP1;IRF6;RPL17;NOP53
GO_Biological_Process_2023,Peptidyl-Serine Modification (GO:0018209),1/166,0.8127489127472175,0.8269427054527497,0,0,0.5979899497487438,0.1239830846623929,SGK1
GO_Biological_Process_2023,Cell-Cell Adhesion Via Plasma-Membrane Adhesion Molecules (GO:0098742),1/172,0.8237974838089034,0.8375482764066241,0,0,0.5768315260513092,0.1118075727341318,CXADR
GO_Biological_Process_2023,Regulation Of Neuron Projection Development (GO:0010975),1/174,0.8273342321436886,0.8405063465296002,0,0,0.5701048595579051,0.1080613895941531,APOE
GO_Biological_Process_2023,Extracellular Matrix Organization (GO:0030198),1/176,0.8308003376270978,0.8433882215305387,0,0,0.5635319454414932,0.1044595389554742,CAPG
GO_Biological_Process_2023,"RNA Splicing, Via Transesterification Reactions With Bulged Adenosine As Nucleophile (GO:0000377)",1/180,0.8375262086141492,0.8495723842111732,0,0,0.5508267594958031,0.0976630837566713,PABPC1
GO_Biological_Process_2023,Phosphate-Containing Compound Metabolic Process (GO:0006796),1/184,0.8439859992638473,0.8554774879073792,0,0,0.5386769915149519,0.0913700535900012,PPA1
GO_Biological_Process_2023,Regulation Of Cell Differentiation (GO:0045595),1/193,0.8576012689701117,0.8686210887527964,0,0,0.5131909547738693,0.0788343463225011,HOPX
GO_Biological_Process_2023,Regulation Of DNA-templated Transcription (GO:0006355),15/1922,0.8750161872418504,0.8855904009849542,0,0,0.7607675845746114,0.1015722811861559,MAP2K3;BTG1;ARID5B;RORA;BAZ1A;RPL6;HOPX;ETS2;HINT1;MYC;REL;APOE;LRRFIP1;IRF6;PFDN5
GO_Biological_Process_2023,"mRNA Splicing, Via Spliceosome (GO:0000398)",1/211,0.8813857079808011,0.8913636593919044,0,0,0.4687724335965542,0.0591871802020121,PABPC1
GO_Biological_Process_2023,mRNA Processing (GO:0006397),1/214,0.8849459769149011,0.8936153798537809,0,0,0.4620992285370514,0.0564817782115859,PABPC1
GO_Biological_Process_2023,Regulation Of GTPase Activity (GO:0043087),1/214,0.8849459769149011,0.8936153798537809,0,0,0.4620992285370514,0.0564817782115859,RACK1
GO_Biological_Process_2023,Proteasomal Protein Catabolic Process (GO:0010498),1/220,0.8917506349336075,0.8998086225986701,0,0,0.4493013010256763,0.0514758851676479,PMAIP1
GO_Biological_Process_2023,Positive Regulation Of GTPase Activity (GO:0043547),1/234,0.906110786202554,0.913610574500694,0,0,0.4220027174499104,0.0416068092550969,RACK1
GO_Biological_Process_2023,Vesicle-Mediated Transport (GO:0016192),2/411,0.9193489785899608,0.9262613769252236,0,0,0.4788965449112148,0.0402701668929634,VAMP8;ADRB2
GO_Biological_Process_2023,Positive Regulation Of Signal Transduction (GO:0009967),1/266,0.9322090093169548,0.9384990153828884,0,0,0.3704370911159571,0.0260040283134818,RPS3
GO_Biological_Process_2023,Negative Regulation Of Signal Transduction (GO:0009968),1/267,0.9328960361865728,0.9384990153828884,0,0,0.3690255790229342,0.0256330754014875,RACK1
GO_Biological_Process_2023,Chemical Synaptic Transmission (GO:0007268),1/273,0.9368751094862604,0.9417949337671334,0,0,0.360774460537984,0.0235244045008293,APOE
GO_Biological_Process_2023,Negative Regulation Of Nucleic Acid-Templated Transcription (GO:1903507),2/456,0.944597688622537,0.9488462539386804,0,0,0.4304276242602233,0.0245327253825745,ARID5B;PFDN5
GO_Biological_Process_2023,Protein Transport (GO:0015031),1/313,0.9580230168337824,0.961611118020426,0,0,0.3138770776961732,0.0134601399329033,APOE
GO_Biological_Process_2023,Intracellular Protein Transport (GO:0006886),1/325,0.9628648992116902,0.965747728251246,0,0,0.3020658849804578,0.011430828148476,RPL11
GO_Biological_Process_2023,Proteolysis (GO:0006508),1/330,0.9647144128791107,0.9668790675078598,0,0,0.2973988483450688,0.0106835083895974,CPE
GO_Biological_Process_2023,Protein Localization (GO:0008104),1/351,0.971532463962775,0.9729846799029288,0,0,0.2792534099066762,0.0080650044648875,CPE
GO_Biological_Process_2023,Phosphorylation (GO:0016310),1/429,0.98720195959379,0.9879392276741438,0,0,0.2274456394120133,0.0029296455898821,SGK1
GO_Biological_Process_2023,Protein Phosphorylation (GO:0006468),1/500,0.9938349118863172,0.9938349118863172,0,0,0.1943686367710295,0.0012020088364004,SGK1
