Gene_set,Term,Overlap,P-value,Adjusted P-value,Old P-value,Old Adjusted P-value,Odds Ratio,Combined Score,Genes
Reactome_2022,Peptide Chain Elongation R-HSA-156902,74/86,2.718573483581864e-141,1.679109600532695e-138,0,0,968.4603174603176,313456.118688004,RPL4;RPL5;RPL30;RPL3;RPL32;RPL31;RPL34;RPLP1;RPLP0;RPL10A;RPL8;RPL9;RPL6;RPS15;RPS4X;RPL7A;RPS14;RPS17;RPS16;RPL18A;RPS19;RPL36;RPL35;RPLP2;RPL38;RPL37;RPS11;RPL39;RPS10;RPS13;RPS12;RPS9;RPL21;RPS7;RPS8;RPL23;RPS5;RPL22;RPS6;RPL13A;RPS3A;RPSA;EEF1A1;RPL37A;RPL27;RPL26;RPL29;RPL28;UBA52;RPL12;RPL11;RPL36A;RPS15A;RPL14;RPS3;RPL15;RPS2;RPL18;RPS27A;RPL19;RPL41;RPL35A;RPL23A;EEF2;RPS25;RPS28;RPS27;RPS29;RPL27A;RPS20;FAU;RPS21;RPS24;RPS23
Reactome_2022,Eukaryotic Translation Elongation R-HSA-156842,75/90,5.0575590377490814e-141,1.679109600532695e-138,0,0,791.4,255656.71623740945,RPL4;RPL5;RPL30;RPL3;RPL32;RPL31;RPL34;RPLP1;RPLP0;RPL10A;RPL8;RPL9;RPL6;EEF1B2;RPS15;RPS4X;RPL7A;RPS14;RPS17;RPS16;RPL18A;RPS19;RPL36;RPL35;RPLP2;RPL38;RPL37;RPS11;RPL39;RPS10;RPS13;RPS12;RPS9;RPL21;RPS7;RPS8;RPL23;RPS5;RPL22;RPS6;RPL13A;RPS3A;RPSA;EEF1A1;RPL37A;RPL27;RPL26;RPL29;RPL28;UBA52;RPL12;RPL11;RPL36A;RPS15A;RPL14;RPS3;RPL15;RPS2;RPL18;RPS27A;RPL19;RPL41;RPL35A;RPL23A;EEF2;RPS25;RPS28;RPS27;RPS29;RPL27A;RPS20;FAU;RPS21;RPS24;RPS23
Reactome_2022,Nonsense Mediated Decay (NMD) Independent Of Exon Junction Complex (EJC) R-HSA-975956,73/92,6.133197290692915e-134,1.3574810003400322e-131,0,0,598.4305843348528,183558.22067698085,RPL4;RPL5;RPL30;RPL3;RPL32;RPL31;RPL34;RPLP1;RPLP0;RPL10A;RPL8;RPL9;RPL6;RPS15;RPS4X;RPL7A;RPS14;RPS17;RPS16;RPL18A;RPS19;RPL36;RPL35;RPLP2;RPL38;RPL37;RPS11;RPL39;RPS10;RPS13;RPS12;RPS9;RPL21;RPS7;RPS8;RPL23;RPS5;RPL22;RPS6;RPL13A;RPS3A;RPSA;RPL37A;RPL27;PABPC1;RPL26;RPL29;RPL28;UBA52;RPL12;RPL11;RPL36A;RPS15A;RPL14;RPS3;RPL15;RPS2;RPL18;RPS27A;RPL19;RPL41;RPL35A;RPL23A;RPS25;RPS28;RPS27;RPS29;RPL27A;RPS20;FAU;RPS21;RPS24;RPS23
Reactome_2022,Formation Of A Pool Of Free 40S Subunits R-HSA-72689,74/98,7.619433700810636e-133,1.2648259943345657e-130,0,0,483.936507936508,147219.8326958421,RPL4;RPL5;RPL30;RPL3;RPL32;RPL31;RPL34;RPLP1;RPLP0;RPL10A;RPL8;RPL9;RPL6;RPS15;RPS4X;RPS14;RPL7A;RPS17;RPS16;RPL18A;RPS19;RPL36;RPL35;RPLP2;RPL38;RPL37;RPS11;RPL39;RPS10;RPS13;RPS12;RPS9;RPL21;RPS7;RPS8;RPL23;RPS5;RPL22;RPS6;RPL13A;RPSA;RPS3A;RPL37A;RPL27;RPL26;RPL29;RPL28;UBA52;RPL12;RPL11;RPL36A;RPS15A;RPL14;RPS3;RPL15;RPS2;RPL18;RPS27A;RPL19;RPL41;RPL35A;RPL23A;RPS25;RPS28;RPS27;RPS29;EIF3L;RPL27A;RPS20;EIF3E;FAU;RPS21;RPS24;RPS23
Reactome_2022,Selenocysteine Synthesis R-HSA-2408557,72/90,1.5920737573436455e-132,1.510195678394544e-130,0,0,618.1875,187605.19020932095,RPL4;RPL5;RPL30;RPL3;RPL32;RPL31;RPL34;RPLP1;RPLP0;RPL10A;RPL8;RPL9;RPL6;RPS15;RPS4X;RPL7A;RPS14;RPS17;RPS16;RPL18A;RPS19;RPL36;RPL35;RPLP2;RPL38;RPL37;RPS11;RPL39;RPS10;RPS13;RPS12;RPS9;RPL21;RPS7;RPS8;RPL23;RPS5;RPL22;RPS6;RPL13A;RPS3A;RPSA;RPL37A;RPL27;RPL26;RPL29;RPL28;UBA52;RPL12;RPL11;RPL36A;RPS15A;RPL14;RPS3;RPL15;RPS2;RPL18;RPS27A;RPL19;RPL41;RPL35A;RPL23A;RPS25;RPS28;RPS27;RPS29;RPL27A;RPS20;FAU;RPS21;RPS24;RPS23
Reactome_2022,Eukaryotic Translation Termination R-HSA-72764,72/90,1.5920737573436455e-132,1.510195678394544e-130,0,0,618.1875,187605.19020932095,RPL4;RPL5;RPL30;RPL3;RPL32;RPL31;RPL34;RPLP1;RPLP0;RPL10A;RPL8;RPL9;RPL6;RPS15;RPS4X;RPL7A;RPS14;RPS17;RPS16;RPL18A;RPS19;RPL36;RPL35;RPLP2;RPL38;RPL37;RPS11;RPL39;RPS10;RPS13;RPS12;RPS9;RPL21;RPS7;RPS8;RPL23;RPS5;RPL22;RPS6;RPL13A;RPS3A;RPSA;RPL37A;RPL27;RPL26;RPL29;RPL28;UBA52;RPL12;RPL11;RPL36A;RPS15A;RPL14;RPS3;RPL15;RPS2;RPL18;RPS27A;RPL19;RPL41;RPL35A;RPL23A;RPS25;RPS28;RPS27;RPS29;RPL27A;RPS20;FAU;RPS21;RPS24;RPS23
Reactome_2022,Viral mRNA Translation R-HSA-192823,72/90,1.5920737573436455e-132,1.510195678394544e-130,0,0,618.1875,187605.19020932095,RPL4;RPL5;RPL30;RPL3;RPL32;RPL31;RPL34;RPLP1;RPLP0;RPL10A;RPL8;RPL9;RPL6;RPS15;RPS4X;RPL7A;RPS14;RPS17;RPS16;RPL18A;RPS19;RPL36;RPL35;RPLP2;RPL38;RPL37;RPS11;RPL39;RPS10;RPS13;RPS12;RPS9;RPL21;RPS7;RPS8;RPL23;RPS5;RPL22;RPS6;RPL13A;RPS3A;RPSA;RPL37A;RPL27;RPL26;RPL29;RPL28;UBA52;RPL12;RPL11;RPL36A;RPS15A;RPL14;RPS3;RPL15;RPS2;RPL18;RPS27A;RPL19;RPL41;RPL35A;RPL23A;RPS25;RPS28;RPS27;RPS29;RPL27A;RPS20;FAU;RPS21;RPS24;RPS23
Reactome_2022,L13a-mediated Translational Silencing Of Ceruloplasmin Expression R-HSA-156827,75/108,6.117764904217201e-130,5.077744870500277e-128,0,0,359.4,106930.4365784466,RPL4;RPL5;RPL30;RPL3;RPL32;RPL31;RPL34;RPLP1;RPLP0;RPL10A;RPL8;RPL9;RPL6;RPS15;RPS4X;RPS14;RPL7A;RPS17;RPS16;RPL18A;RPS19;RPL36;RPL35;RPLP2;RPL38;RPL37;RPS11;RPL39;RPS10;RPS13;RPS12;RPS9;RPL21;RPS7;RPS8;RPL23;RPS5;RPL22;RPS6;RPL13A;RPSA;RPS3A;RPL37A;RPL27;RPL26;PABPC1;RPL29;RPL28;UBA52;RPL12;RPL11;RPL36A;RPS15A;RPL14;RPS3;RPL15;RPS2;RPL18;RPS27A;RPL19;RPL41;RPL35A;RPL23A;RPS25;RPS28;RPS27;RPS29;EIF3L;RPL27A;RPS20;EIF3E;FAU;RPS21;RPS24;RPS23
Reactome_2022,Response Of EIF2AK4 (GCN2) To Amino Acid Deficiency R-HSA-9633012,72/98,1.5290734966083671e-127,1.1281164463866174e-125,0,0,427.80288461538464,124920.0015705064,RPL4;RPL5;RPL30;RPL3;RPL32;RPL31;RPL34;RPLP1;RPLP0;RPL10A;RPL8;RPL9;RPL6;RPS15;RPS4X;RPS14;RPL7A;RPS17;RPS16;RPL18A;RPS19;RPL36;RPL35;RPLP2;RPL38;RPL37;RPS11;RPL39;RPS10;RPS13;RPS12;RPS9;RPL21;RPS7;RPS8;RPL23;RPS5;RPL22;RPS6;RPL13A;RPSA;RPS3A;RPL37A;RPL27;RPL26;RPL29;RPL28;UBA52;RPL12;RPL11;RPL36A;RPS15A;RPL14;RPS3;RPL15;RPS2;RPL18;RPS27A;RPL19;RPL41;RPL35A;RPL23A;RPS25;RPS28;RPS27;RPS29;RPL27A;RPS20;FAU;RPS21;RPS24;RPS23
Reactome_2022,GTP Hydrolysis And Joining Of 60S Ribosomal Subunit R-HSA-72706,74/109,6.5658890825714995e-127,4.3597503508274766e-125,0,0,331.6575963718821,96361.9269215258,RPL4;RPL5;RPL30;RPL3;RPL32;RPL31;RPL34;RPLP1;RPLP0;RPL10A;RPL8;RPL9;RPL6;RPS15;RPS4X;RPS14;RPL7A;RPS17;RPS16;RPL18A;RPS19;RPL36;RPL35;RPLP2;RPL38;RPL37;RPS11;RPL39;RPS10;RPS13;RPS12;RPS9;RPL21;RPS7;RPS8;RPL23;RPS5;RPL22;RPS6;RPL13A;RPSA;RPS3A;RPL37A;RPL27;RPL26;RPL29;RPL28;UBA52;RPL12;RPL11;RPL36A;RPS15A;RPL14;RPS3;RPL15;RPS2;RPL18;RPS27A;RPL19;RPL41;RPL35A;RPL23A;RPS25;RPS28;RPS27;RPS29;EIF3L;RPL27A;RPS20;EIF3E;FAU;RPS21;RPS24;RPS23
Reactome_2022,Cap-dependent Translation Initiation R-HSA-72737,75/116,3.879684523875056e-126,2.341918658048216e-124,0,0,289.1560975609756,83499.59700360108,RPL4;RPL5;RPL30;RPL3;RPL32;RPL31;RPL34;RPLP1;RPLP0;RPL10A;RPL8;RPL9;RPL6;RPS15;RPS4X;RPS14;RPL7A;RPS17;RPS16;RPL18A;RPS19;RPL36;RPL35;RPLP2;RPL38;RPL37;RPS11;RPL39;RPS10;RPS13;RPS12;RPS9;RPL21;RPS7;RPS8;RPL23;RPS5;RPL22;RPS6;RPL13A;RPSA;RPS3A;RPL37A;RPL27;RPL26;PABPC1;RPL29;RPL28;UBA52;RPL12;RPL11;RPL36A;RPS15A;RPL14;RPS3;RPL15;RPS2;RPL18;RPS27A;RPL19;RPL41;RPL35A;RPL23A;RPS25;RPS28;RPS27;RPS29;EIF3L;RPL27A;RPS20;EIF3E;FAU;RPS21;RPS24;RPS23
Reactome_2022,Nonsense Mediated Decay (NMD) Enhanced By Exon Junction Complex (EJC) R-HSA-975957,73/112,5.153420532189321e-123,2.851559361144757e-121,0,0,291.24833434282255,82009.21254056373,RPL4;RPL5;RPL30;RPL3;RPL32;RPL31;RPL34;RPLP1;RPLP0;RPL10A;RPL8;RPL9;RPL6;RPS15;RPS4X;RPS14;RPL7A;RPS17;RPS16;RPL18A;RPS19;RPL36;RPL35;RPLP2;RPL38;RPL37;RPS11;RPL39;RPS10;RPS13;RPS12;RPS9;RPL21;RPS7;RPS8;RPL23;RPS5;RPL22;RPS6;RPL13A;RPSA;RPS3A;RPL37A;RPL27;RPL26;PABPC1;RPL29;RPL28;UBA52;RPL12;RPL11;RPL36A;RPS15A;RPL14;RPS3;RPL15;RPS2;RPL18;RPS27A;RPL19;RPL41;RPL35A;RPL23A;RPS25;RPS28;RPS27;RPS29;RPL27A;RPS20;FAU;RPS21;RPS24;RPS23
Reactome_2022,SRP-dependent Cotranslational Protein Targeting To Membrane R-HSA-1799339,72/108,2.192839235811408e-122,1.1200348096759805e-120,0,0,308.8125,86507.70250406527,RPL4;RPL5;RPL30;RPL3;RPL32;RPL31;RPL34;RPLP1;RPLP0;RPL10A;RPL8;RPL9;RPL6;RPS15;RPS4X;RPS14;RPL7A;RPS17;RPS16;RPL18A;RPS19;RPL36;RPL35;RPLP2;RPL38;RPL37;RPS11;RPL39;RPS10;RPS13;RPS12;RPS9;RPL21;RPS7;RPS8;RPL23;RPS5;RPL22;RPS6;RPL13A;RPSA;RPS3A;RPL37A;RPL27;RPL26;RPL29;RPL28;UBA52;RPL12;RPL11;RPL36A;RPS15A;RPL14;RPS3;RPL15;RPS2;RPL18;RPS27A;RPL19;RPL41;RPL35A;RPL23A;RPS25;RPS28;RPS27;RPS29;RPL27A;RPS20;FAU;RPS21;RPS24;RPS23
Reactome_2022,Selenoamino Acid Metabolism R-HSA-2408522,72/114,1.0747965286946923e-119,5.097606393237684e-118,0,0,264.61607142857144,72487.7344318957,RPL4;RPL5;RPL30;RPL3;RPL32;RPL31;RPL34;RPLP1;RPLP0;RPL10A;RPL8;RPL9;RPL6;RPS15;RPS4X;RPS14;RPL7A;RPS17;RPS16;RPL18A;RPS19;RPL36;RPL35;RPLP2;RPL38;RPL37;RPS11;RPL39;RPS10;RPS13;RPS12;RPS9;RPL21;RPS7;RPS8;RPL23;RPS5;RPL22;RPS6;RPL13A;RPSA;RPS3A;RPL37A;RPL27;RPL26;RPL29;RPL28;UBA52;RPL12;RPL11;RPL36A;RPS15A;RPL14;RPS3;RPL15;RPS2;RPL18;RPS27A;RPL19;RPL41;RPL35A;RPL23A;RPS25;RPS28;RPS27;RPS29;RPL27A;RPS20;FAU;RPS21;RPS24;RPS23
Reactome_2022,Influenza Viral RNA Transcription And Replication R-HSA-168273,72/137,3.1318920648056054e-111,1.386384220687281e-109,0,0,170.78365384615384,43455.09940542354,RPL4;RPL5;RPL30;RPL3;RPL32;RPL31;RPL34;RPLP1;RPLP0;RPL10A;RPL8;RPL9;RPL6;RPS15;RPS4X;RPS14;RPL7A;RPS17;RPS16;RPL18A;RPS19;RPL36;RPL35;RPLP2;RPL38;RPL37;RPS11;RPL39;RPS10;RPS13;RPS12;RPS9;RPL21;RPS7;RPS8;RPL23;RPS5;RPL22;RPS6;RPL13A;RPSA;RPS3A;RPL37A;RPL27;RPL26;RPL29;RPL28;UBA52;RPL12;RPL11;RPL36A;RPS15A;RPL14;RPS3;RPL15;RPS2;RPL18;RPS27A;RPL19;RPL41;RPL35A;RPL23A;RPS25;RPS28;RPS27;RPS29;RPL27A;RPS20;FAU;RPS21;RPS24;RPS23
Reactome_2022,Influenza Infection R-HSA-168255,73/157,1.4301389215097602e-107,5.935076524265505e-106,0,0,134.91451068616422,33191.51052273672,RPL4;RPL5;RPL30;RPL3;RPL32;RPL31;RPL34;RPLP1;RPLP0;RPL10A;RPL8;RPL9;RPL6;RPS15;RPS4X;RPS14;RPL7A;RPS17;RPS16;RPL18A;RPS19;RPL36;RPL35;RPLP2;RPL38;RPL37;RPS11;RPL39;RPS10;RPS13;RPS12;RPS9;RPL21;RPS7;RPS8;RPL23;RPS5;RPL22;RPS6;RPL13A;RPSA;RPS3A;RPL37A;RPL27;RPL26;RPL29;RPL28;UBA52;SLC25A6;RPL12;RPL11;RPL36A;RPS15A;RPL14;RPS3;RPL15;RPS2;RPL18;RPS27A;RPL19;RPL41;RPL35A;RPL23A;RPS25;RPS28;RPS27;RPS29;RPL27A;RPS20;FAU;RPS21;RPS24;RPS23
Reactome_2022,Regulation Of Expression Of SLITs And ROBOs R-HSA-9010553,74/167,4.293487535115933e-107,1.6769857195982232e-105,0,0,124.4511008704557,30480.50209687084,RPL4;RPL5;RPL30;RPL3;RPL32;RPL31;RPL34;RPLP1;RPLP0;RPL10A;RPL8;RPL9;RPL6;RPS15;RPS4X;RPS14;RPL7A;RPS17;RPS16;RPL18A;RPS19;RPL36;RPL35;RPLP2;RPL38;RPL37;RPS11;RPL39;RPS10;RPS13;RPS12;RPS9;RPL21;RPS7;RPS8;RPL23;RPS5;RPL22;RPS6;RPL13A;RPSA;RPS3A;RPL37A;RPL27;RPL26;PABPC1;RPL29;RPL28;UBA52;RPL12;RPL11;RPL36A;RPS15A;UBB;RPL14;RPS3;RPL15;RPS2;RPL18;RPS27A;RPL19;RPL41;RPL35A;RPL23A;RPS25;RPS28;RPS27;RPS29;RPL27A;RPS20;FAU;RPS21;RPS24;RPS23
Reactome_2022,Cellular Response To Starvation R-HSA-9711097,72/153,1.614519402646136e-106,5.9557826853168566e-105,0,0,136.9375,33357.28791999398,RPL4;RPL5;RPL30;RPL3;RPL32;RPL31;RPL34;RPLP1;RPLP0;RPL10A;RPL8;RPL9;RPL6;RPS15;RPS4X;RPS14;RPL7A;RPS17;RPS16;RPL18A;RPS19;RPL36;RPL35;RPLP2;RPL38;RPL37;RPS11;RPL39;RPS10;RPS13;RPS12;RPS9;RPL21;RPS7;RPS8;RPL23;RPS5;RPL22;RPS6;RPL13A;RPSA;RPS3A;RPL37A;RPL27;RPL26;RPL29;RPL28;UBA52;RPL12;RPL11;RPL36A;RPS15A;RPL14;RPS3;RPL15;RPS2;RPL18;RPS27A;RPL19;RPL41;RPL35A;RPL23A;RPS25;RPS28;RPS27;RPS29;RPL27A;RPS20;FAU;RPS21;RPS24;RPS23
Reactome_2022,Major Pathway Of rRNA Processing In Nucleolus And Cytosol R-HSA-6791226,73/179,3.4322623188955295e-102,1.199485357761385e-100,0,0,106.79408705987224,24950.35167156248,RPL4;RPL5;RPL30;RPL3;RPL32;RPL31;RPL34;RPLP1;RPLP0;RPL10A;RPL8;RPL9;RPL6;RPS15;RPS4X;FBL;RPS14;RPL7A;RPS17;RPS16;RPL18A;RPS19;RPL36;RPL35;RPLP2;RPL38;RPL37;RPS11;RPL39;RPS10;RPS13;RPS12;RPS9;RPL21;RPS7;RPS8;RPL23;RPS5;RPL22;RPS6;RPL13A;RPSA;RPS3A;RPL37A;RPL27;RPL26;RPL29;RPL28;UBA52;RPL12;RPL11;RPL36A;RPS15A;RPL14;RPS3;RPL15;RPS2;RPL18;RPS27A;RPL19;RPL41;RPL35A;RPL23A;RPS25;RPS28;RPS27;RPS29;RPL27A;RPS20;FAU;RPS21;RPS24;RPS23
Reactome_2022,rRNA Processing In Nucleus And Cytosol R-HSA-8868773,73/189,4.973344434230598e-100,1.6511503521645585e-98,0,0,97.53814824871029,22302.52839977784,RPL4;RPL5;RPL30;RPL3;RPL32;RPL31;RPL34;RPLP1;RPLP0;RPL10A;RPL8;RPL9;RPL6;RPS15;RPS4X;FBL;RPS14;RPL7A;RPS17;RPS16;RPL18A;RPS19;RPL36;RPL35;RPLP2;RPL38;RPL37;RPS11;RPL39;RPS10;RPS13;RPS12;RPS9;RPL21;RPS7;RPS8;RPL23;RPS5;RPL22;RPS6;RPL13A;RPSA;RPS3A;RPL37A;RPL27;RPL26;RPL29;RPL28;UBA52;RPL12;RPL11;RPL36A;RPS15A;RPL14;RPS3;RPL15;RPS2;RPL18;RPS27A;RPL19;RPL41;RPL35A;RPL23A;RPS25;RPS28;RPS27;RPS29;RPL27A;RPS20;FAU;RPS21;RPS24;RPS23
Reactome_2022,Signaling By ROBO Receptors R-HSA-376176,75/209,5.496050139889449e-100,1.737798710898378e-98,0,0,88.05671641791045,20125.75699807772,RPL4;RPL5;RPL30;RPL3;RPL32;RPL31;RPL34;RPLP1;RPLP0;RPL8;RPL10A;RPL9;RPL6;RPS15;RPS4X;RPS14;RPL7A;RPS17;RPS16;RPS19;RPL18A;RPL36;RPL35;RPLP2;RPL38;RPL37;RPS11;RPS10;RPL39;RPS13;RPS12;RPS9;RPL21;RPS7;RPS8;RPL23;RPS5;RPL22;RPS6;RPL13A;RPSA;RPS3A;RPL37A;RPL27;RPL26;PABPC1;PFN1;RPL29;RPL28;UBA52;RPL12;RPL11;RPL36A;RPS15A;UBB;RPL14;RPS3;RPL15;RPS2;RPL18;RPS27A;RPL19;RPL41;RPL35A;RPL23A;RPS25;RPS28;RPS27;RPS29;RPL27A;RPS20;FAU;RPS21;RPS24;RPS23
Reactome_2022,rRNA Processing R-HSA-72312,73/199,5.1725596405608206e-98,1.5611725460601748e-96,0,0,89.75140607424072,20105.209912515013,RPL4;RPL5;RPL30;RPL3;RPL32;RPL31;RPL34;RPLP1;RPLP0;RPL8;RPL10A;RPL9;RPL6;RPS15;RPS4X;RPS14;FBL;RPL7A;RPS17;RPS16;RPL18A;RPS19;RPL36;RPL35;RPLP2;RPL38;RPL37;RPS11;RPL39;RPS10;RPS13;RPS12;RPS9;RPL21;RPS7;RPS8;RPL23;RPS5;RPL22;RPS6;RPL13A;RPSA;RPS3A;RPL37A;RPL27;RPL26;RPL29;RPL28;UBA52;RPL12;RPL11;RPL36A;RPS15A;RPL14;RPS3;RPL15;RPS2;RPL18;RPS27A;RPL19;RPL41;RPL35A;RPL23A;RPS25;RPS28;RPS27;RPS29;RPL27A;RPS20;FAU;RPS21;RPS24;RPS23
Reactome_2022,Translation R-HSA-72766,79/281,8.917550214326062e-96,2.574457974918481e-94,0,0,63.343507077980526,13863.36931227546,RPL4;RPL5;RPL30;RPL3;RPL32;RPL31;RPL34;RPLP1;RPLP0;RPL8;RPL10A;RPL9;RPL6;RPS15;EEF1B2;RPS4X;RPS14;RPL7A;RPS17;RPS16;RPS19;RPL18A;RPL36;RPL35;RPLP2;RPL38;RPL37;RPS11;RPS10;RPL39;RPS13;RPS12;RPS9;RPL21;RPS7;RPS8;RPL23;RPS5;RPL22;RPS6;RPL13A;RPSA;RPS3A;EEF1A1;PPA1;RPL37A;RPL27;RPL26;PABPC1;RPL29;RPL28;UBA52;RPL12;RPL11;RPL36A;RPS15A;RPL14;RPS3;RPL15;RPS2;RPL18;RPS27A;RPL19;RPL41;RPL35A;RPL23A;EEF2;RPS25;RPS28;RPS27;RPS29;EIF3L;RPL27A;RPS20;EIF3E;FAU;RPS21;RPS24;RPS23
Reactome_2022,Metabolism Of Amino Acids And Derivatives R-HSA-71291,72/364,1.641449115623112e-74,4.5413425532239435e-73,0,0,37.57962328767123,6384.617058936975,RPL4;RPL5;RPL30;RPL3;RPL32;RPL31;RPL34;RPLP1;RPLP0;RPL8;RPL10A;RPL9;RPL6;RPS15;RPS4X;RPS14;RPL7A;RPS17;RPS16;RPS19;RPL18A;RPL36;RPL35;RPLP2;RPL38;RPL37;RPS11;RPS10;RPL39;RPS13;RPS12;RPS9;RPL21;RPS7;RPS8;RPL23;RPS5;RPL22;RPS6;RPL13A;RPSA;RPS3A;RPL37A;RPL27;RPL26;RPL29;RPL28;UBA52;RPL12;RPL11;RPL36A;RPS15A;RPL14;RPS3;RPL15;RPS2;RPL18;RPS27A;RPL19;RPL41;RPL35A;RPL23A;RPS25;RPS28;RPS27;RPS29;RPL27A;RPS20;FAU;RPS21;RPS24;RPS23
Reactome_2022,Axon Guidance R-HSA-422475,77/519,6.803156344024499e-70,1.806918324972907e-68,0,0,27.41724607291322,4366.568484667653,RPL4;RPL5;RPL30;RPL3;RPL32;RPL31;RPL34;RPLP1;RPLP0;RPL8;RPL10A;RPL9;RPL6;RPS15;RPS4X;RPS14;RPL7A;RPS17;RPS16;RPS19;RPL18A;RPL36;RPL35;RPLP2;RPL38;RPL37;RPS11;RPS10;RPL39;RPS13;RPS12;RPS9;RPL21;RPS7;RPS8;RPL23;RPS5;RPL22;RPS6;RPL13A;RPSA;RPS3A;MYL6;RPL37A;RPL27;RPL26;PABPC1;PFN1;RPL29;RPL28;UBA52;RPL12;RPL11;RPL36A;RPS15A;UBB;RPL14;RPS3;RPL15;RPS2;RPL18;RPS27A;RPL19;RPL41;RPL35A;RPL23A;RPS25;RPS28;RPS27;ARPC2;RPS29;RPL27A;RPS20;FAU;RPS21;RPS24;RPS23
Reactome_2022,Cellular Responses To Stimuli R-HSA-8953897,85/736,2.0600890849072788e-68,5.2611505860708985e-67,0,0,21.741334401923464,3388.452997073173,RPL4;RPL5;RPL30;COX7B;RPL3;RPL32;RPL31;RPL34;RPLP1;COX4I1;RPLP0;MT1X;RORA;RPL8;RPL10A;RPL9;COX7C;RPL6;ETS2;RPS15;RPS4X;RPS14;RPL7A;RPS17;RPS16;RPS19;RPL18A;MYC;RPL36;RPL35;RPLP2;RPL38;RPL37;RPS11;RPS10;RPL39;RPS13;RPS12;MAP2K3;RPS9;RPL21;RPS7;RPS8;RPL23;RPS5;RPL22;RPS6;RPL13A;RPSA;RPS3A;EEF1A1;RPL37A;RPL27;RPL26;RPL29;RPL28;UBA52;RPL12;RPL11;RPL36A;COX5A;PRDX2;RPS15A;UBB;RPL14;RPS3;RPL15;RPS2;RPL18;RPS27A;RPL19;H2AZ1;RPL41;RPL35A;RPL23A;RPS25;RPS28;RPS27;RPS29;RPL27A;RPS20;FAU;RPS21;RPS24;RPS23
Reactome_2022,Nervous System Development R-HSA-9675108,77/545,3.3604535409408437e-68,8.264226485869335e-67,0,0,25.859287054409005,4017.5947844589714,RPL4;RPL5;RPL30;RPL3;RPL32;RPL31;RPL34;RPLP1;RPLP0;RPL8;RPL10A;RPL9;RPL6;RPS15;RPS4X;RPS14;RPL7A;RPS17;RPS16;RPS19;RPL18A;RPL36;RPL35;RPLP2;RPL38;RPL37;RPS11;RPS10;RPL39;RPS13;RPS12;RPS9;RPL21;RPS7;RPS8;RPL23;RPS5;RPL22;RPS6;RPL13A;RPSA;RPS3A;MYL6;RPL37A;RPL27;RPL26;PABPC1;PFN1;RPL29;RPL28;UBA52;RPL12;RPL11;RPL36A;RPS15A;UBB;RPL14;RPS3;RPL15;RPS2;RPL18;RPS27A;RPL19;RPL41;RPL35A;RPL23A;RPS25;RPS28;RPS27;ARPC2;RPS29;RPL27A;RPS20;FAU;RPS21;RPS24;RPS23
Reactome_2022,Cellular Responses To Stress R-HSA-2262752,84/722,8.703697185272714e-68,2.0640196182218152e-66,0,0,21.749108204518432,3358.324131772135,RPL4;RPL5;RPL30;COX7B;RPL3;RPL32;RPL31;RPL34;RPLP1;COX4I1;RPLP0;RORA;RPL8;RPL10A;RPL9;COX7C;RPL6;ETS2;RPS15;RPS4X;RPS14;RPL7A;RPS17;RPS16;RPS19;RPL18A;MYC;RPL36;RPL35;RPLP2;RPL38;RPL37;RPS11;RPS10;RPL39;RPS13;RPS12;MAP2K3;RPS9;RPL21;RPS7;RPS8;RPL23;RPS5;RPL22;RPS6;RPL13A;RPSA;RPS3A;EEF1A1;RPL37A;RPL27;RPL26;RPL29;RPL28;UBA52;RPL12;RPL11;RPL36A;COX5A;PRDX2;RPS15A;UBB;RPL14;RPS3;RPL15;RPS2;RPL18;RPS27A;RPL19;H2AZ1;RPL41;RPL35A;RPL23A;RPS25;RPS28;RPS27;RPS29;RPL27A;RPS20;FAU;RPS21;RPS24;RPS23
Reactome_2022,Metabolism Of RNA R-HSA-8953854,77/666,2.3235110134086878e-61,5.320039010011616e-60,0,0,20.418333402349305,2850.697680609309,RPL4;RPL5;RPL30;RPL3;RPL32;RPL31;RPL34;RPLP1;RPLP0;RPL8;RPL10A;RPL9;RPL6;RPS15;RPS4X;RPS14;FBL;RPL7A;RPS17;RPS16;RPS19;RPL18A;MYC;RPL36;RPL35;RPLP2;RPL38;RPL37;RPS11;RPS10;RPL39;RPS13;RPS12;RPS9;RPL21;RPS7;RPS8;RPL23;RPS5;RPL22;RPS6;RPL13A;RPSA;RPS3A;RPL37A;RPL27;RPL26;PABPC1;RPL29;RPL28;UBA52;CD44;RPL12;RPL11;RPL36A;RPS15A;UBB;RPL14;RPS3;RPL15;RPS2;RPL18;RPS27A;RPL19;RPL41;RPL35A;RPL23A;RPS25;RPS28;RPS27;RPS29;RPL27A;RPS20;FAU;RPS21;RPS24;RPS23
Reactome_2022,Developmental Biology R-HSA-1266738,87/1073,5.612702544171387e-57,1.2422781631099338e-55,0,0,14.690786048932848,1902.7846617150776,RPL4;RPL5;RPL30;RPL3;RPL32;RPL31;RPL34;RPLP1;RPLP0;RPL8;RPL10A;RPL9;RPL6;RPS15;RPS4X;RPS14;RPL7A;RPS17;RPS16;RPS19;RPL18A;MYC;RPL36;RPL35;RPLP2;RPL38;RPL37;RPS11;RPS10;RPL39;RPS13;RPS12;RPS9;RPL21;RPS7;RPS8;RPL23;RPS5;KRT1;RPL22;RPS6;RPL13A;RPSA;RPS3A;KRT5;MYL6;RPL37A;RPL27;RPL26;PABPC1;PFN1;RPL29;RPL28;UBA52;DSC3;CSTA;RPL12;RPL11;RPL36A;RPS15A;UBB;PERP;RPL14;RPS3;RPL15;RPS2;RPL18;RPS27A;RPL19;H2AZ1;RPL41;JUP;RPL35A;RPL23A;KRT10;RPS25;RPS28;RPS27;ARPC2;RPS29;RPL27A;KRT14;RPS20;FAU;RPS21;RPS24;RPS23
Reactome_2022,Infectious Disease R-HSA-5663205,83/961,3.166329506326585e-56,6.782073523228554e-55,0,0,15.28849560968012,1953.7503690201552,RPL4;RPL5;RPL30;RPL3;RPL32;RPL31;RPL34;RPLP1;RPLP0;RPL8;RPL10A;RPL9;RPL6;RPS15;PYCARD;RPS4X;RPS14;RPL7A;RPS17;RPS16;RPS19;RPL18A;RPL36;RPL35;RPLP2;RPL38;RPL37;RPS11;RPS10;RPL39;RPS13;RPS12;MAP2K3;RPS9;RPL21;RPS7;RPS8;RPL23;RPS5;RPL22;RPS6;RPL13A;ATP1B3;RPSA;RPS3A;RPL37A;RPL27;RPL26;RPL29;SLC25A5;RPL28;PPIA;UBA52;SLC25A6;RPL12;RPL11;RPL36A;ADRB2;RPS15A;UBB;RPL14;RPS3;RPL15;RPS2;RPL18;RPS27A;RPL19;RPL41;RPL35A;RPL23A;EEF2;RPS25;RPS28;RPS27;ARPC2;RPS29;FXYD3;RPL27A;RPS20;FAU;RPS21;RPS24;RPS23
Reactome_2022,"Formation Of Ternary Complex, And Subsequently, 43S Complex R-HSA-72695",32/50,1.1529114200472634e-52,2.3922911965980717e-51,0,0,209.33333333333331,25034.620139211707,RPS15;RPS4X;RPS14;RPS17;RPS16;RPS15A;RPS19;RPS3;RPS2;RPS11;RPS27A;RPS10;RPS13;RPS12;RPS9;RPS7;RPS8;RPS5;RPS6;RPS3A;RPSA;RPS25;RPS28;RPS27;EIF3L;RPS29;EIF3E;RPS20;FAU;RPS21;RPS24;RPS23
Reactome_2022,Translation Initiation Complex Formation R-HSA-72649,33/57,3.8519701604217124e-52,7.750630868242476e-51,0,0,162.82634730538922,19276.33391425783,RPS15;RPS4X;RPS14;RPS17;RPS16;RPS15A;RPS19;RPS3;RPS2;RPS11;RPS27A;RPS10;RPS13;RPS12;RPS9;RPS7;RPS8;RPS5;RPS6;RPS3A;RPSA;RPS25;RPS28;RPS27;EIF3L;RPS29;EIF3E;RPS20;PABPC1;FAU;RPS21;RPS24;RPS23
Reactome_2022,"mRNA Activation Upon Binding Of Cap-Binding Complex And eIFs, Subsequent Binding To 43S R-HSA-72662",33/58,8.86478323120608e-52,1.7312400192708346e-50,0,0,156.30538922155688,18374.063999492664,RPS15;RPS4X;RPS14;RPS17;RPS16;RPS15A;RPS19;RPS3;RPS2;RPS11;RPS27A;RPS10;RPS13;RPS12;RPS9;RPS7;RPS8;RPS5;RPS6;RPS3A;RPSA;RPS25;RPS28;RPS27;EIF3L;RPS29;EIF3E;RPS20;PABPC1;FAU;RPS21;RPS24;RPS23
Reactome_2022,Ribosomal Scanning And Start Codon Recognition R-HSA-72702,32/57,5.99150065006709e-50,1.1366732661841566e-48,0,0,150.66666666666666,17076.396186621587,RPS15;RPS4X;RPS14;RPS17;RPS16;RPS15A;RPS19;RPS3;RPS2;RPS11;RPS27A;RPS10;RPS13;RPS12;RPS9;RPS7;RPS8;RPS5;RPS6;RPS3A;RPSA;RPS25;RPS28;RPS27;EIF3L;RPS29;EIF3E;RPS20;FAU;RPS21;RPS24;RPS23
Reactome_2022,SARS-CoV-2 Modulates Host Translation Machinery R-HSA-9754678,30/47,2.4485364104553804e-49,4.516189379284368e-48,0,0,205.3598615916955,22986.171446568656,RPS15;RPS4X;RPS14;RPS17;RPS15A;RPS16;RPS19;RPS3;RPS2;RPS11;RPS27A;RPS10;RPS13;RPS12;RPS9;RPS7;RPS8;RPS5;RPS6;RPS3A;RPSA;RPS25;RPS28;RPS27;RPS29;RPS20;FAU;RPS21;RPS24;RPS23
Reactome_2022,Metabolism Of Proteins R-HSA-392499,92/1890,1.355754603024929e-41,2.433029882185279e-40,0,0,8.528941622378774,802.5873140504673,RPL4;RPL5;RPL30;RPL3;RPL32;RPL31;RPL34;RPLP1;RPLP0;RORA;RPL8;RPL10A;RPL9;RPL6;RPS15;EEF1B2;RPS4X;RPS14;TUBA1C;RPL7A;RPS17;RPS16;RPS19;RPL18A;MYC;RPL36;RPL35;RPLP2;RPL38;RPL37;RPS11;RPS10;RPL39;RPS13;RPS12;RPS9;RPL21;RPS7;RPS8;RPL23;RPS5;RPL22;RPS6;RPL13A;RPSA;RPS3A;TUBA4A;EEF1A1;PPA1;RPL37A;LY6D;RPL27;RPL26;PABPC1;RPL29;RPL28;UBA52;PFDN5;RPL12;RPL11;RPL36A;LYPD3;ADRB2;RPS15A;UBB;RPL14;RPS3;RPL15;APOE;RPS2;RPL18;RPS27A;CD55;RPL19;H2AZ1;RPL41;RPL35A;RPL23A;EEF2;RPS25;RPS28;RPS27;RPS29;EIF3L;RPL27A;CPE;RPS20;EIF3E;FAU;RPS21;RPS24;RPS23
Reactome_2022,Disease R-HSA-1643685,88/1736,7.384117397982317e-41,1.2902773558579629e-39,0,0,8.654299583911234,799.7148968320904,RPL4;RPL5;RPL30;RPL3;RPL32;RPL31;RPL34;RPLP1;RPLP0;RPL8;RPL10A;RPL9;RPL6;RPS15;PYCARD;RPS4X;RPS14;RPL7A;RPS17;RPS16;RPS19;RPL18A;MYC;RPL36;RPL35;RPLP2;RPL38;RPL37;LRRFIP1;RPS11;RPS10;RPL39;RPS13;RPS12;MAP2K3;RPS9;RPL21;RPS7;RPS8;RPL23;RPS5;RPL22;RPS6;RPL13A;ATP1B3;RPSA;RPS3A;APRT;RPL37A;RPL27;RPL26;RPL29;SLC25A5;RPL28;PPIA;UBA52;SLC25A6;RPL12;RPL11;RPL36A;ADRB2;PRDX2;RPS15A;UBB;RPL14;RPS3;RPL15;RPS2;RPL18;RPS27A;RPL19;H2AZ1;RPL41;RPL35A;RPL23A;EEF2;RPS25;RPS28;RPS27;ARPC2;RPS29;FXYD3;RPL27A;RPS20;FAU;RPS21;RPS24;RPS23
Reactome_2022,Metabolism R-HSA-1430728,89/2049,4.602496593264869e-36,7.836045481866341e-35,0,0,7.298032726604156,593.815120432294,RPL4;RPL5;RPL30;COX7B;RPL3;RPL32;RPL31;RPL34;RPLP1;COX4I1;RPLP0;RORA;RPL8;RPL10A;RPL9;COX7C;RPL6;RPS15;RPS4X;RPS14;RPL7A;RPS17;RPS16;RPS19;RPL18A;RPL36;RPL35;RPLP2;RPL38;RPL37;RPS11;RPS10;RPL39;RPS13;RPS12;RPS9;RPL21;RPS7;RPS8;RPL23;RPS5;RPL22;RPS6;RPL13A;RPSA;RPS3A;APRT;PPA1;RPL37A;RPL27;PLIN2;RPL26;RPL29;RPL28;UBA52;CD44;NDUFB11;RPL12;RPL11;ATP5MC2;RPL36A;MGST2;COX5A;UQCRH;LDHA;RPS15A;UBB;RPL14;RPS3;RPL15;APOE;RPS2;RPL18;RPS27A;RPL19;RPL41;RPL35A;RPL23A;ATP5F1D;RPS25;RPS28;RPS27;RPS29;RPL27A;RPS20;FAU;RPS21;RPS24;RPS23
Reactome_2022,SARS-CoV-2-host Interactions R-HSA-9705683,30/196,5.5380031488774345e-27,9.193085227136544e-26,0,0,20.87243090007087,1261.9088403641194,RPS15;RPS4X;RPS14;RPS17;RPS16;RPS15A;RPS19;RPS3;RPS2;RPS11;RPS27A;RPS10;RPS13;RPS12;RPS9;RPS7;RPS8;RPS5;RPS6;RPSA;RPS3A;RPS25;RPS28;RPS27;RPS29;RPS20;FAU;RPS21;RPS24;RPS23
Reactome_2022,SARS-CoV-2 Infection R-HSA-9694516,32/283,1.6594151084527347e-24,2.687443004908819e-23,0,0,14.835135647884652,812.3064128055082,RPS15;RPS4X;RPS14;RPS17;RPS16;RPS15A;RPS19;UBB;RPS3;RPS2;RPS11;RPS27A;RPS10;RPS13;RPS12;RPS9;RPS7;RPS8;RPS5;RPS6;RPSA;RPS3A;RPS25;RPS28;RPS27;RPS29;RPS20;FAU;RPS21;UBA52;RPS24;RPS23
Reactome_2022,SARS-CoV Infections R-HSA-9679506,34/369,4.554834995702434e-23,7.20097723130099e-22,0,0,11.900917101240784,612.2220659055581,RPS15;RPS4X;RPS14;RPS17;RPS16;RPS15A;RPS19;UBB;RPS3;RPS2;RPS11;RPS27A;RPS10;RPS13;RPS12;RPS9;RPS7;RPS8;RPS5;RPS6;ATP1B3;RPSA;RPS3A;RPS25;RPS28;RPS27;RPS29;FXYD3;RPS20;FAU;RPS21;UBA52;RPS24;RPS23
Reactome_2022,Chaperone Mediated Autophagy R-HSA-9613829,5/20,1.3051359438883009e-06,2.0153727133530974e-05,0,0,33.82051282051282,458.2410056420293,EEF1A1;UBB;PLIN2;RPS27A;UBA52
Reactome_2022,"Respiratory Electron Transport, ATP Synthesis By Chemiosmotic Coupling, Heat Production By Uncoupling Proteins R-HSA-163200",8/112,1.699386550853364e-05,0.0002564528794924167,0,0,7.891025641025641,86.66443692204982,COX7B;NDUFB11;COX4I1;ATP5MC2;COX7C;COX5A;ATP5F1D;UQCRH
Reactome_2022,Assembly Of HIV Virion R-HSA-175474,4/18,2.660404294293577e-05,0.0003925574336468745,0,0,28.84256559766764,303.8404891137544,UBB;RPS27A;PPIA;UBA52
Reactome_2022,rRNA Modification In Nucleus And Cytosol R-HSA-6790901,6/60,2.963485145494461e-05,0.00042777263839311353,0,0,11.309278350515465,117.91686334351428,FBL;RPS14;RPS9;RPS7;RPS6;RPS2
Reactome_2022,FLT3 Signaling By CBL Mutants R-HSA-9706377,3/7,3.3473033797170354e-05,0.0004630436341941899,0,0,75.36548223350253,776.6239908457204,UBB;RPS27A;UBA52
Reactome_2022,Modulation By Mtb Of Host Immune System R-HSA-9637628,3/7,3.3473033797170354e-05,0.0004630436341941899,0,0,75.36548223350253,776.6239908457204,UBB;RPS27A;UBA52
Reactome_2022,Citric Acid (TCA) Cycle And Respiratory Electron Transport R-HSA-1428517,9/163,3.965913590609415e-05,0.0005374217600336024,0,0,6.011219147344802,60.924843517166735,LDHA;COX7B;NDUFB11;COX4I1;ATP5MC2;COX7C;COX5A;ATP5F1D;UQCRH
Reactome_2022,InlA-mediated Entry Of Listeria Monocytogenes Into Host Cells R-HSA-8876493,3/8,5.316209909646768e-05,0.0006921496823540105,0,0,60.28934010152284,593.3776232841345,UBB;RPS27A;UBA52
Reactome_2022,Myoclonic Epilepsy Of Lafora R-HSA-3785653,3/8,5.316209909646768e-05,0.0006921496823540105,0,0,60.28934010152284,593.3776232841345,UBB;RPS27A;UBA52
Reactome_2022,PTK6 Regulates RTKs And Their Effectors AKT1 And DOK1 R-HSA-8849469,3/9,7.91555905106562e-05,0.0009556238563468312,0,0,50.23857868020305,474.45791686900793,UBB;RPS27A;UBA52
Reactome_2022,Prevention Of Phagosomal-Lysosomal Fusion R-HSA-9636383,3/9,7.91555905106562e-05,0.0009556238563468312,0,0,50.23857868020305,474.45791686900793,UBB;RPS27A;UBA52
Reactome_2022,Regulation Of PTEN Localization R-HSA-8948747,3/9,7.91555905106562e-05,0.0009556238563468312,0,0,50.23857868020305,474.45791686900793,UBB;RPS27A;UBA52
Reactome_2022,Downregulation Of ERBB4 Signaling R-HSA-1253288,3/9,7.91555905106562e-05,0.0009556238563468312,0,0,50.23857868020305,474.45791686900793,UBB;RPS27A;UBA52
Reactome_2022,Cellular Response To Chemical Stress R-HSA-9711123,9/182,9.311572900755358e-05,0.0011040865010895,0,0,5.3458523741791,49.61842392314692,PRDX2;COX7B;UBB;MYC;COX4I1;RPS27A;UBA52;COX7C;COX5A
Reactome_2022,IRAK2 Mediated Activation Of TAK1 Complex R-HSA-937042,3/10,0.00011224655254723088,0.001307573875287,0,0,43.059463379260336,391.61775629527256,UBB;RPS27A;UBA52
Reactome_2022,Pexophagy R-HSA-9664873,3/11,0.00015320271943439296,0.0016676492738432,0,0,37.6751269035533,330.92884130781977,UBB;RPS27A;UBA52
Reactome_2022,Alpha-protein Kinase 1 Signaling Pathway R-HSA-9645460,3/11,0.00015320271943439296,0.0016676492738432,0,0,37.6751269035533,330.92884130781977,UBB;RPS27A;UBA52
Reactome_2022,Regulation Of BACH1 Activity R-HSA-9708530,3/11,0.00015320271943439296,0.0016676492738432,0,0,37.6751269035533,330.92884130781977,UBB;RPS27A;UBA52
Reactome_2022,"TICAM1,TRAF6-dependent Induction Of TAK1 Complex R-HSA-9014325",3/11,0.00015320271943439296,0.0016676492738432,0,0,37.6751269035533,330.92884130781977,UBB;RPS27A;UBA52
Reactome_2022,Budding And Maturation Of HIV Virion R-HSA-162588,4/29,0.00018946001545207968,0.0020290556493577,0,0,16.142857142857142,138.36579697475634,UBB;RPS27A;PPIA;UBA52
Reactome_2022,TICAM1-dependent Activation Of IRF3/IRF7 R-HSA-9013973,3/12,0.00020276702349047895,0.0021037078687137,0,0,33.48730964467005,284.75776049641166,UBB;RPS27A;UBA52
Reactome_2022,Josephin Domain DUBs R-HSA-5689877,3/12,0.00020276702349047895,0.0021037078687137,0,0,33.48730964467005,284.75776049641166,UBB;RPS27A;UBA52
Reactome_2022,Late Endosomal Microautophagy R-HSA-9615710,4/31,0.00024710303456243254,0.0024820139311463,0,0,14.945578231292515,124.13356629968176,UBB;PLIN2;RPS27A;UBA52
Reactome_2022,Downregulation Of ERBB2:ERBB3 Signaling R-HSA-1358803,3/13,0.00026165809515097364,0.0024820139311463,0,0,30.13705583756345,248.5846578261998,UBB;RPS27A;UBA52
Reactome_2022,Suppression Of Phagosomal Maturation R-HSA-9637687,3/13,0.00026165809515097364,0.0024820139311463,0,0,30.13705583756345,248.5846578261998,UBB;RPS27A;UBA52
Reactome_2022,Glycogen Synthesis R-HSA-3322077,3/13,0.00026165809515097364,0.0024820139311463,0,0,30.13705583756345,248.5846578261998,UBB;RPS27A;UBA52
Reactome_2022,p75NTR Recruits Signaling Complexes R-HSA-209543,3/13,0.00026165809515097364,0.0024820139311463,0,0,30.13705583756345,248.5846578261998,UBB;RPS27A;UBA52
Reactome_2022,NF-kB Is Activated And Signals Survival R-HSA-209560,3/13,0.00026165809515097364,0.0024820139311463,0,0,30.13705583756345,248.5846578261998,UBB;RPS27A;UBA52
Reactome_2022,Respiratory Electron Transport R-HSA-611105,6/90,0.00028757958825608007,0.0026894767127047,0,0,7.25920471281296,59.19163440674612,COX7B;NDUFB11;COX4I1;COX7C;COX5A;UQCRH
Reactome_2022,Oncogene Induced Senescence R-HSA-2559585,4/33,0.000316376872754873,0.0029176978265171,0,0,13.913441238564392,112.12252948199962,UBB;RPS27A;UBA52;ETS2
Reactome_2022,Plasma Lipoprotein Clearance R-HSA-8964043,4/35,0.000398558082417591,0.0033624344933953,0,0,13.014483212639895,101.8729147560068,UBB;APOE;RPS27A;UBA52
Reactome_2022,Regulation Of TNFR1 Signaling R-HSA-5357905,4/35,0.000398558082417591,0.0033624344933953,0,0,13.014483212639895,101.8729147560068,UBB;RACK1;RPS27A;UBA52
Reactome_2022,Constitutive Signaling By NOTCH1 HD Domain Mutants R-HSA-2691232,3/15,0.00041017649693527065,0.0033624344933953,0,0,25.111675126903556,195.84402098106767,UBB;RPS27A;UBA52
Reactome_2022,Regulation Of Innate Immune Responses To Cytosolic DNA R-HSA-3134975,3/15,0.00041017649693527065,0.0033624344933953,0,0,25.111675126903556,195.84402098106767,UBB;RPS27A;UBA52
Reactome_2022,Glycogen Storage Diseases R-HSA-3229121,3/15,0.00041017649693527065,0.0033624344933953,0,0,25.111675126903556,195.84402098106767,UBB;RPS27A;UBA52
Reactome_2022,IRAK2 Mediated Activation Of TAK1 Complex Upon TLR7/8 Or 9 Stimulation R-HSA-975163,3/15,0.00041017649693527065,0.0033624344933953,0,0,25.111675126903556,195.84402098106767,UBB;RPS27A;UBA52
Reactome_2022,InlB-mediated Entry Of Listeria Monocytogenes Into Host Cell R-HSA-8875360,3/15,0.00041017649693527065,0.0033624344933953,0,0,25.111675126903556,195.84402098106767,UBB;RPS27A;UBA52
Reactome_2022,Membrane Binding And Targetting Of GAG Proteins R-HSA-174490,3/15,0.00041017649693527065,0.0033624344933953,0,0,25.111675126903556,195.84402098106767,UBB;RPS27A;UBA52
Reactome_2022,Negative Regulation Of FLT3 R-HSA-9706369,3/15,0.00041017649693527065,0.0033624344933953,0,0,25.111675126903556,195.84402098106767,UBB;RPS27A;UBA52
Reactome_2022,Cytosolic Sensors Of Pathogen-Associated DNA R-HSA-1834949,5/63,0.0004176696447701974,0.0033821054161879,0,0,8.72767462422635,67.90846318747721,UBB;POLR1D;LRRFIP1;RPS27A;UBA52
Reactome_2022,Regulation Of TP53 Degradation R-HSA-6804757,4/36,0.0004448946011773135,0.0035167858950206,0,0,12.607142857142858,97.2978079915696,UBB;RPS27A;SGK1;UBA52
Reactome_2022,SMAD2/SMAD3:SMAD4 Heterotrimer Regulates Transcription R-HSA-2173796,4/36,0.0004448946011773135,0.0035167858950206,0,0,12.607142857142858,97.2978079915696,UBB;MYC;RPS27A;UBA52
Reactome_2022,Regulation Of TP53 Expression And Degradation R-HSA-6806003,4/37,0.0004949472916124923,0.0035779173427287,0,0,12.224489795918368,93.04131653695896,UBB;RPS27A;SGK1;UBA52
Reactome_2022,Spry Regulation Of FGF Signaling R-HSA-1295596,3/16,0.0005011239651713426,0.0035779173427287,0,0,23.178836392034363,176.1280286078286,UBB;RPS27A;UBA52
Reactome_2022,TGF-beta Receptor Signaling In EMT (Epithelial To Mesenchymal Transition) R-HSA-2173791,3/16,0.0005011239651713426,0.0035779173427287,0,0,23.178836392034363,176.1280286078286,UBB;RPS27A;UBA52
Reactome_2022,TRAF6-mediated Induction Of TAK1 Complex Within TLR4 Complex R-HSA-937072,3/16,0.0005011239651713426,0.0035779173427287,0,0,23.178836392034363,176.1280286078286,UBB;RPS27A;UBA52
Reactome_2022,Translesion Synthesis By REV1 R-HSA-110312,3/16,0.0005011239651713426,0.0035779173427287,0,0,23.178836392034363,176.1280286078286,UBB;RPS27A;UBA52
Reactome_2022,VLDLR Internalisation And Degradation R-HSA-8866427,3/16,0.0005011239651713426,0.0035779173427287,0,0,23.178836392034363,176.1280286078286,UBB;RPS27A;UBA52
Reactome_2022,p75NTR Signals Via NF-kB R-HSA-193639,3/16,0.0005011239651713426,0.0035779173427287,0,0,23.178836392034363,176.1280286078286,UBB;RPS27A;UBA52
Reactome_2022,MAP3K8 (TPL2)-dependent MAPK1/3 Activation R-HSA-5684264,3/16,0.0005011239651713426,0.0035779173427287,0,0,23.178836392034363,176.1280286078286,UBB;RPS27A;UBA52
Reactome_2022,NRIF Signals Cell Death From Nucleus R-HSA-205043,3/16,0.0005011239651713426,0.0035779173427287,0,0,23.178836392034363,176.1280286078286,UBB;RPS27A;UBA52
Reactome_2022,Activation Of IRF3/IRF7 Mediated By TBK1/IKK Epsilon R-HSA-936964,3/17,0.0006040394207294829,0.0041348677872616,0,0,21.5221174764322,159.51916044937724,UBB;RPS27A;UBA52
Reactome_2022,Protein Methylation R-HSA-8876725,3/17,0.0006040394207294829,0.0041348677872616,0,0,21.5221174764322,159.51916044937724,EEF1A1;RPS2;EEF2
Reactome_2022,Translesion Synthesis By POLI R-HSA-5656121,3/17,0.0006040394207294829,0.0041348677872616,0,0,21.5221174764322,159.51916044937724,UBB;RPS27A;UBA52
Reactome_2022,Translesion Synthesis By POLK R-HSA-5655862,3/17,0.0006040394207294829,0.0041348677872616,0,0,21.5221174764322,159.51916044937724,UBB;RPS27A;UBA52
Reactome_2022,Regulation Of NF-kappa B Signaling R-HSA-9758274,3/18,0.0007195272026923491,0.0048259198241183,0,0,20.086294416243653,145.36282995258424,UBB;RPS27A;UBA52
Reactome_2022,Constitutive Signaling By Ligand-Responsive EGFR Cancer Variants R-HSA-1236382,3/18,0.0007195272026923491,0.0048259198241183,0,0,20.086294416243653,145.36282995258424,UBB;RPS27A;UBA52
Reactome_2022,Regulation Of TP53 Activity Thru Methylation R-HSA-6804760,3/19,0.0008481701801219675,0.0054678155301066,0,0,18.82994923857868,133.17348392535672,UBB;RPS27A;UBA52
Reactome_2022,"TICAM1, RIP1-mediated IKK Complex Recruitment R-HSA-168927",3/19,0.0008481701801219675,0.0054678155301066,0,0,18.82994923857868,133.17348392535672,UBB;RPS27A;UBA52
Reactome_2022,Translesion Synthesis By POLH R-HSA-110320,3/19,0.0008481701801219675,0.0054678155301066,0,0,18.82994923857868,133.17348392535672,UBB;RPS27A;UBA52
Reactome_2022,Listeria Monocytogenes Entry Into Host Cells R-HSA-8876384,3/19,0.0008481701801219675,0.0054678155301066,0,0,18.82994923857868,133.17348392535672,UBB;RPS27A;UBA52
Reactome_2022,Transcriptional Regulation By TP53 R-HSA-3700989,11/354,0.0009084723106175016,0.0058002462908655,0,0,3.30151017323029,23.122939160734912,PRDX2;COX7B;UBB;PERP;COX4I1;PMAIP1;SGK1;RPS27A;COX7C;COX5A;UBA52
Reactome_2022,TNF Signaling R-HSA-75893,4/44,0.0009633623018811156,0.0060921196995148,0,0,10.081632653061224,70.017755335544,UBB;RACK1;RPS27A;UBA52
Reactome_2022,Regulation Of FZD By Ubiquitination R-HSA-4641263,3/20,0.0009905301969888136,0.0062048306679299,0,0,17.721409375933113,122.5837770787782,UBB;RPS27A;UBA52
Reactome_2022,ER Quality Control Compartment (ERQC) R-HSA-901032,3/21,0.0011471485105092,0.006988134045671,0,0,16.736040609137056,113.3109608085056,UBB;RPS27A;UBA52
Reactome_2022,NOTCH2 Activation And Transmission Of Signal To Nucleus R-HSA-2979096,3/21,0.0011471485105092,0.006988134045671,0,0,16.736040609137056,113.3109608085056,UBB;RPS27A;UBA52
Reactome_2022,Negative Regulation Of MET Activity R-HSA-6807004,3/21,0.0011471485105092,0.006988134045671,0,0,16.736040609137056,113.3109608085056,UBB;RPS27A;UBA52
Reactome_2022,Amyloid Fiber Formation R-HSA-977225,5/79,0.0011773948684188,0.0070431548885593,0,0,6.835065835065835,46.09876674157659,H2AZ1;UBB;APOE;RPS27A;UBA52
Reactome_2022,Downstream Signaling Events Of B Cell Receptor (BCR) R-HSA-1168372,5/79,0.0011773948684188,0.0070431548885593,0,0,6.835065835065835,46.09876674157659,UBB;REL;RPS27A;PPIA;UBA52
Reactome_2022,Keratinization R-HSA-6805567,8/208,0.0012015041451903,0.0071232031464859,0,0,4.083333333333333,27.45707263218862,CSTA;JUP;PERP;KRT1;KRT14;KRT5;KRT10;DSC3
Reactome_2022,TP53 Regulates Metabolic Genes R-HSA-5628897,5/81,0.0013171792082121,0.0076131712201157,0,0,6.654520917678813,44.13453148372894,PRDX2;COX7B;COX4I1;COX7C;COX5A
Reactome_2022,PINK1-PRKN Mediated Mitophagy R-HSA-5205685,3/22,0.0013185462203513,0.0076131712201157,0,0,15.854394870424793,105.13406751270358,UBB;RPS27A;UBA52
Reactome_2022,Response Of Mtb To Phagocytosis R-HSA-9637690,3/22,0.0013185462203513,0.0076131712201157,0,0,15.854394870424793,105.13406751270358,UBB;RPS27A;UBA52
Reactome_2022,NOTCH1 Intracellular Domain Regulates Transcription R-HSA-2122947,4/48,0.0013385699216315,0.0076621588617531,0,0,9.16326530612245,60.625569437732594,UBB;MYC;RPS27A;UBA52
Reactome_2022,IKK Complex Recruitment Mediated By RIP1 R-HSA-937041,3/23,0.0015052246919242,0.0085424717558775,0,0,15.060913705583756,97.87806321199126,UBB;RPS27A;UBA52
Reactome_2022,Transcriptional Activity Of SMAD2/SMAD3:SMAD4 Heterotrimer R-HSA-2173793,4/51,0.0016795486223,0.0092941820176942,0,0,8.577073382544507,54.80089627367308,UBB;MYC;RPS27A;UBA52
Reactome_2022,APC/C:Cdc20 Mediated Degradation Of Cyclin B R-HSA-174048,3/24,0.0017076659731305,0.0092941820176942,0,0,14.343002175489485,91.40261395182884,UBB;RPS27A;UBA52
Reactome_2022,Aggrephagy R-HSA-9646399,3/24,0.0017076659731305,0.0092941820176942,0,0,14.343002175489485,91.40261395182884,UBB;RPS27A;UBA52
Reactome_2022,Signaling By EGFR In Cancer R-HSA-1643713,3/24,0.0017076659731305,0.0092941820176942,0,0,14.343002175489485,91.40261395182884,UBB;RPS27A;UBA52
Reactome_2022,Glycogen Metabolism R-HSA-8982491,3/24,0.0017076659731305,0.0092941820176942,0,0,14.343002175489485,91.40261395182884,UBB;RPS27A;UBA52
Reactome_2022,Signaling By Non-Receptor Tyrosine Kinases R-HSA-9006927,4/52,0.0018054466882107,0.0097464764306661,0,0,8.39795918367347,53.04946512994202,GPNMB;UBB;RPS27A;UBA52
Reactome_2022,PCP/CE Pathway R-HSA-4086400,5/88,0.0019039709857819,0.0100715373713878,0,0,6.091133765832561,38.15372640786974,UBB;RORA;PFN1;RPS27A;UBA52
Reactome_2022,Gap-filling DNA Repair Synthesis And Ligation In GG-NER R-HSA-5696397,3/25,0.0019263332020576,0.0100715373713878,0,0,13.690355329949238,85.59397680666795,UBB;RPS27A;UBA52
Reactome_2022,Inactivation Of CSF3 (G-CSF) Signaling R-HSA-9705462,3/25,0.0019263332020576,0.0100715373713878,0,0,13.690355329949238,85.59397680666795,UBB;RPS27A;UBA52
Reactome_2022,NOTCH3 Activation And Transmission Of Signal To Nucleus R-HSA-9013507,3/25,0.0019263332020576,0.0100715373713878,0,0,13.690355329949238,85.59397680666795,UBB;RPS27A;UBA52
Reactome_2022,Host Interactions Of HIV Factors R-HSA-162909,6/130,0.001982388977067,0.0102836428185352,0,0,4.907549052211507,30.5418989454338,UBB;SLC25A5;RPS27A;PPIA;UBA52;SLC25A6
Reactome_2022,Insulin-like Growth Factor-2 mRNA Binding Proteins (IGF2BPs/IMPs/VICKZs) Bind RNA R-HSA-428359,2/7,0.0020216133697869,0.0104058238568878,0,0,39.98989898989899,248.09171029141777,MYC;CD44
Reactome_2022,AUF1 (hnRNP D0) Binds And Destabilizes mRNA R-HSA-450408,4/54,0.0020765932331265,0.0106065992830464,0,0,8.061224489795919,49.79439807569174,UBB;PABPC1;RPS27A;UBA52
Reactome_2022,APC-Cdc20 Mediated Degradation Of Nek2A R-HSA-179409,3/26,0.0021616710096346,0.010711563808936,0,0,13.094460384021188,80.35905008065508,UBB;RPS27A;UBA52
Reactome_2022,Calnexin/calreticulin Cycle R-HSA-901042,3/26,0.0021616710096346,0.010711563808936,0,0,13.094460384021188,80.35905008065508,UBB;RPS27A;UBA52
Reactome_2022,Downregulation Of TGF-beta Receptor Signaling R-HSA-2173788,3/26,0.0021616710096346,0.010711563808936,0,0,13.094460384021188,80.35905008065508,UBB;RPS27A;UBA52
Reactome_2022,Infection With Mycobacterium Tuberculosis R-HSA-9635486,3/26,0.0021616710096346,0.010711563808936,0,0,13.094460384021188,80.35905008065508,UBB;RPS27A;UBA52
Reactome_2022,FLT3 Signaling In Disease R-HSA-9682385,3/27,0.0024141059150854,0.0118477100145179,0,0,12.548223350253808,75.62094298941223,UBB;RPS27A;UBA52
Reactome_2022,Oxidative Stress Induced Senescence R-HSA-2559580,5/93,0.0024266394005639,0.0118477100145179,0,0,5.743589743589744,34.583577920617785,MAP2K3;H2AZ1;UBB;RPS27A;UBA52
Reactome_2022,Cytoprotection By HMOX1 R-HSA-9707564,4/57,0.0025341401417975,0.0121932540156053,0,0,7.60377358490566,45.45460491125239,COX7B;COX4I1;COX7C;COX5A
Reactome_2022,Signaling By ERBB4 R-HSA-1236394,4/57,0.0025341401417975,0.0121932540156053,0,0,7.60377358490566,45.45460491125239,UBB;APOE;RPS27A;UBA52
Reactome_2022,Prefoldin Mediated Transfer Of Substrate To CCT/TriC R-HSA-389957,3/28,0.0026840467141937,0.0127189235591376,0,0,12.045685279187817,71.31563234569973,TUBA1C;PFDN5;TUBA4A
Reactome_2022,Mitophagy R-HSA-5205647,3/28,0.0026840467141937,0.0127189235591376,0,0,12.045685279187817,71.31563234569973,UBB;RPS27A;UBA52
Reactome_2022,Constitutive Signaling By NOTCH1 HD+PEST Domain Mutants R-HSA-2894862,4/58,0.0027008557557807,0.0127189235591376,0,0,7.462585034013605,44.13512048118966,UBB;MYC;RPS27A;UBA52
Reactome_2022,Regulation Of Necroptotic Cell Death R-HSA-5675482,3/29,0.002971884860348,0.0137036913004936,0,0,11.581803982819212,67.38940857682955,UBB;RPS27A;UBA52
Reactome_2022,Downregulation Of ERBB2 Signaling R-HSA-8863795,3/29,0.002971884860348,0.0137036913004936,0,0,11.581803982819212,67.38940857682955,UBB;RPS27A;UBA52
Reactome_2022,Negative Regulation Of FGFR3 Signaling R-HSA-5654732,3/29,0.002971884860348,0.0137036913004936,0,0,11.581803982819212,67.38940857682955,UBB;RPS27A;UBA52
Reactome_2022,Beta-catenin Independent WNT Signaling R-HSA-3858494,6/142,0.0030828339204064,0.0140205597476017,0,0,4.471801091570649,25.855533566652312,UBB;MYC;RORA;PFN1;RPS27A;UBA52
Reactome_2022,Clathrin-mediated Endocytosis R-HSA-8856828,6/142,0.0030828339204064,0.0140205597476017,0,0,4.471801091570649,25.855533566652312,VAMP8;UBB;ARPC2;ADRB2;RPS27A;UBA52
Reactome_2022,Selective Autophagy R-HSA-9663891,4/61,0.0032458250655199,0.0143196616781781,0,0,7.0687432867884,40.50662547348915,UBB;PLIN2;RPS27A;UBA52
Reactome_2022,Recognition Of DNA Damage By PCNA-containing Replication Complex R-HSA-110314,3/30,0.0032779948419926,0.0143196616781781,0,0,11.152284263959393,63.79690278522437,UBB;RPS27A;UBA52
Reactome_2022,Signaling By CSF3 (G-CSF) R-HSA-9674555,3/30,0.0032779948419926,0.0143196616781781,0,0,11.152284263959393,63.79690278522437,UBB;RPS27A;UBA52
Reactome_2022,Endosomal Sorting Complex Required For Transport (ESCRT) R-HSA-917729,3/30,0.0032779948419926,0.0143196616781781,0,0,11.152284263959393,63.79690278522437,UBB;RPS27A;UBA52
Reactome_2022,Synthesis Of Active Ubiquitin: Roles Of E1 And E2 Enzymes R-HSA-8866652,3/30,0.0032779948419926,0.0143196616781781,0,0,11.152284263959393,63.79690278522437,UBB;RPS27A;UBA52
Reactome_2022,Translation Of Structural Proteins R-HSA-9683701,3/30,0.0032779948419926,0.0143196616781781,0,0,11.152284263959393,63.79690278522437,UBB;RPS27A;UBA52
Reactome_2022,MAP Kinase Activation R-HSA-450294,4/62,0.0034429423303528,0.0149419196559103,0,0,6.946516537649543,39.39667426105362,MAP2K3;UBB;RPS27A;UBA52
Reactome_2022,Activated NOTCH1 Transmits Signal To Nucleus R-HSA-2122948,3/31,0.00360273455,0.0150453820201258,0,0,10.753444525018129,60.49954695168429,UBB;RPS27A;UBA52
Reactome_2022,RIPK1-mediated Regulated Necrosis R-HSA-5213460,3/31,0.00360273455,0.0150453820201258,0,0,10.753444525018129,60.49954695168429,UBB;RPS27A;UBA52
Reactome_2022,Downregulation Of SMAD2/3:SMAD4 Transcriptional Activity R-HSA-2173795,3/31,0.00360273455,0.0150453820201258,0,0,10.753444525018129,60.49954695168429,UBB;RPS27A;UBA52
Reactome_2022,EGFR Downregulation R-HSA-182971,3/31,0.00360273455,0.0150453820201258,0,0,10.753444525018129,60.49954695168429,UBB;RPS27A;UBA52
Reactome_2022,Metalloprotease DUBs R-HSA-5689901,3/31,0.00360273455,0.0150453820201258,0,0,10.753444525018129,60.49954695168429,UBB;RPS27A;UBA52
Reactome_2022,Negative Regulation Of FGFR4 Signaling R-HSA-5654733,3/31,0.00360273455,0.0150453820201258,0,0,10.753444525018129,60.49954695168429,UBB;RPS27A;UBA52
Reactome_2022,Signaling By MET R-HSA-6806834,4/63,0.0036480462723588,0.0151393920302893,0,0,6.828433068142512,38.33184278744158,UBB;SPINT2;RPS27A;UBA52
Reactome_2022,Cargo Recognition For Clathrin-Mediated Endocytosis R-HSA-8856825,5/104,0.0039322638791335,0.0160763184374667,0,0,5.102564102564102,28.260755222784237,VAMP8;UBB;ADRB2;RPS27A;UBA52
Reactome_2022,Signaling By NOTCH2 R-HSA-1980145,3/32,0.0039464456405227,0.0160763184374667,0,0,10.382110974969368,57.46436072810552,UBB;RPS27A;UBA52
Reactome_2022,Termination Of Translesion DNA Synthesis R-HSA-5656169,3/32,0.0039464456405227,0.0160763184374667,0,0,10.382110974969368,57.46436072810552,UBB;RPS27A;UBA52
Reactome_2022,Cooperation Of Prefoldin And TriC/CCT In Actin And Tubulin Folding R-HSA-389958,3/33,0.0043094538934011,0.0171478342495616,0,0,10.03553299492386,54.6629871343117,TUBA1C;PFDN5;TUBA4A
Reactome_2022,Diseases Of Carbohydrate Metabolism R-HSA-5663084,3/33,0.0043094538934011,0.0171478342495616,0,0,10.03553299492386,54.6629871343117,UBB;RPS27A;UBA52
Reactome_2022,Negative Regulation Of FGFR1 Signaling R-HSA-5654726,3/33,0.0043094538934011,0.0171478342495616,0,0,10.03553299492386,54.6629871343117,UBB;RPS27A;UBA52
Reactome_2022,Activation Of NF-kappaB In B Cells R-HSA-1169091,4/66,0.004312783613971,0.0171478342495616,0,0,6.497037524687294,35.3839821166775,UBB;REL;RPS27A;UBA52
Reactome_2022,Negative Regulation Of FGFR2 Signaling R-HSA-5654727,3/34,0.0046920695585813,0.0185448463505832,0,0,9.711314884558703,52.07091984713094,UBB;RPS27A;UBA52
Reactome_2022,Signaling By B Cell Receptor (BCR) R-HSA-983705,5/109,0.004800042097825,0.0188593369997386,0,0,4.856015779092703,25.9269023952046,UBB;REL;RPS27A;PPIA;UBA52
Reactome_2022,Circadian Clock R-HSA-400253,4/69,0.0050547479900121,0.0194414151569599,0,0,6.196232339089482,32.76212791134876,UBB;RORA;RPS27A;UBA52
Reactome_2022,Interleukin-17 Signaling R-HSA-448424,4/69,0.0050547479900121,0.0194414151569599,0,0,6.196232339089482,32.76212791134876,MAP2K3;UBB;RPS27A;UBA52
Reactome_2022,Gene And Protein Expression By JAK-STAT Signaling After Interleukin-12 Stimulation R-HSA-8950505,3/35,0.0050945877067937,0.0194414151569599,0,0,9.407360406091373,49.666879272481374,SERPINB2;RPLP0;PPIA
Reactome_2022,N-glycan Trimming In ER And Calnexin/Calreticulin Cycle R-HSA-532668,3/35,0.0050945877067937,0.0194414151569599,0,0,9.407360406091373,49.666879272481374,UBB;RPS27A;UBA52
Reactome_2022,Negative Regulators Of DDX58/IFIH1 Signaling R-HSA-936440,3/35,0.0050945877067937,0.0194414151569599,0,0,9.407360406091373,49.666879272481374,UBB;RPS27A;UBA52
Reactome_2022,"Plasma Lipoprotein Assembly, Remodeling, And Clearance R-HSA-174824",4/71,0.0055942009572442,0.0212259967749153,0,0,6.0106609808102345,31.17143667727425,UBB;APOE;RPS27A;UBA52
Reactome_2022,DNA Damage Recognition In GG-NER R-HSA-5696394,3/37,0.0059604378312344,0.022360060564631,0,0,8.853090474768587,45.35094165112317,UBB;RPS27A;UBA52
Reactome_2022,FLT3 Signaling R-HSA-9607240,3/37,0.0059604378312344,0.022360060564631,0,0,8.853090474768587,45.35094165112317,UBB;RPS27A;UBA52
Reactome_2022,Transport Of Nucleosides And Free Purine And Pyrimidine Bases Across Plasma Membrane R-HSA-83936,2/12,0.0061478754316609,0.0229336476776565,0,0,19.98989898989899,101.78154350719132,SLC25A5;SLC25A6
Reactome_2022,Cellular Senescence R-HSA-2559583,6/165,0.0063851430622705,0.0236170492638436,0,0,3.820462944952344,19.307784508525263,MAP2K3;H2AZ1;UBB;RPS27A;UBA52;ETS2
Reactome_2022,Fanconi Anemia Pathway R-HSA-6783310,3/38,0.0064242870484076,0.0236170492638436,0,0,8.599709934735316,43.40849457481817,UBB;RPS27A;UBA52
Reactome_2022,Signaling By NOTCH1 R-HSA-1980143,4/74,0.0064733478403908,0.0236170492638436,0,0,5.752186588921282,28.99137625994184,UBB;MYC;RPS27A;UBA52
Reactome_2022,Formation Of Cornified Envelope R-HSA-6809371,4/74,0.0064733478403908,0.0236170492638436,0,0,5.752186588921282,28.99137625994184,CSTA;JUP;PERP;DSC3
Reactome_2022,Ovarian Tumor Domain Proteases R-HSA-5689896,3/39,0.006909073873999,0.0247979732558669,0,0,8.360406091370558,41.59234877252794,UBB;RPS27A;UBA52
Reactome_2022,Signaling By FGFR3 R-HSA-5654741,3/39,0.006909073873999,0.0247979732558669,0,0,8.360406091370558,41.59234877252794,UBB;RPS27A;UBA52
Reactome_2022,Translesion Synthesis By Y Family DNA Polymerases Bypasses Lesions On DNA Template R-HSA-110313,3/39,0.006909073873999,0.0247979732558669,0,0,8.360406091370558,41.59234877252794,UBB;RPS27A;UBA52
Reactome_2022,Signaling By FGFR4 R-HSA-5654743,3/40,0.0074150224240263,0.0264708327395349,0,0,8.134037590890383,39.89133172446582,UBB;RPS27A;UBA52
Reactome_2022,Nuclear Events Mediated By NFE2L2 R-HSA-9759194,4/78,0.0077816695485545,0.02763116887829,0,0,5.44015444015444,26.41730492570561,UBB;MYC;RPS27A;UBA52
Reactome_2022,Dual Incision In GG-NER R-HSA-5696400,3/41,0.0079423435743089,0.0279032599647679,0,0,7.919583222014427,38.29551599382337,UBB;RPS27A;UBA52
Reactome_2022,Negative Regulation Of MAPK Pathway R-HSA-5675221,3/41,0.0079423435743089,0.0279032599647679,0,0,7.919583222014427,38.29551599382337,UBB;RPS27A;UBA52
Reactome_2022,Ion Channel Transport R-HSA-983712,6/175,0.0084231551190676,0.0293655219819434,0,0,3.592569999389984,17.160883483291265,UBB;FXYD3;ATP1B3;SGK1;RPS27A;UBA52
Reactome_2022,Deactivation Of Beta-Catenin Transactivating Complex R-HSA-3769402,3/42,0.0084912352718872,0.0293655219819434,0,0,7.716126513080828,36.79605293636041,UBB;RPS27A;UBA52
Reactome_2022,Formation Of Incision Complex In GG-NER R-HSA-5696395,3/42,0.0084912352718872,0.0293655219819434,0,0,7.716126513080828,36.79605293636041,UBB;RPS27A;UBA52
Reactome_2022,Senescence-Associated Secretory Phenotype (SASP) R-HSA-2559582,4/81,0.0088693778840417,0.0305143363471693,0,0,5.227405247813411,24.700277159233604,H2AZ1;UBB;RPS27A;UBA52
Reactome_2022,Cyclin E Associated Events During G1/S Transition R-HSA-69202,4/82,0.0092528602217495,0.0316695834393902,0,0,5.160125588697017,24.16395252997982,UBB;MYC;RPS27A;UBA52
Reactome_2022,Autophagy R-HSA-9612973,5/128,0.0093444922395605,0.0318191940875292,0,0,4.101938711694809,19.168229053648297,EEF1A1;UBB;PLIN2;RPS27A;UBA52
Reactome_2022,TGF-beta Receptor Signaling Activates SMADs R-HSA-2173789,3/44,0.0096544592002155,0.0325409183195081,0,0,7.338987247740498,34.05536215760635,UBB;RPS27A;UBA52
Reactome_2022,Interleukin-12 Signaling R-HSA-9020591,3/44,0.0096544592002155,0.0325409183195081,0,0,7.338987247740498,34.05536215760635,SERPINB2;RPLP0;PPIA
Reactome_2022,Cyclin A:Cdk2-associated Events At S Phase Entry R-HSA-69656,4/84,0.010051872319132,0.0335399156779078,0,0,5.030612244897959,23.14079802223381,UBB;MYC;RPS27A;UBA52
Reactome_2022,Degradation Of Beta-Catenin By Destruction Complex R-HSA-195253,4/84,0.010051872319132,0.0335399156779078,0,0,5.030612244897959,23.14079802223381,UBB;MYC;RPS27A;UBA52
Reactome_2022,TAK1-dependent IKK And NF-kappa-B Activation R-HSA-445989,3/45,0.0102691253206439,0.0340934960645379,0,0,7.163886874546773,32.800668633723014,UBB;RPS27A;UBA52
Reactome_2022,Formation Of ATP By Chemiosmotic Coupling R-HSA-163210,2/16,0.0108884250018907,0.0359697223943057,0,0,14.275613275613276,64.52655688502057,ATP5MC2;ATP5F1D
Reactome_2022,Regulation Of PLK1 Activity At G2/M Transition R-HSA-2565942,4/87,0.0113321247206512,0.0372501525470911,0,0,4.848045242193263,21.71979386421627,UBB;RPS27A;UBA52;TUBA4A
Reactome_2022,Cyclin D Associated Events In G1 R-HSA-69231,3/47,0.0115653119162109,0.0378293946421874,0,0,6.83756345177665,30.49378950483647,UBB;RPS27A;UBA52
Reactome_2022,Regulation Of mRNA Stability By Proteins That Bind AU-rich Elements R-HSA-450531,4/88,0.0117810854608779,0.0383462781667792,0,0,4.790087463556851,21.274023659747563,UBB;PABPC1;RPS27A;UBA52
Reactome_2022,ER-Phagosome Pathway R-HSA-1236974,4/89,0.0122413166965711,0.0394760780501308,0,0,4.733493397358943,20.841280008372543,VAMP8;UBB;RPS27A;UBA52
Reactome_2022,DNA Damage Bypass R-HSA-73893,3/48,0.0122470965035044,0.0394760780501308,0,0,6.685279187817259,29.431716933517144,UBB;RPS27A;UBA52
Reactome_2022,MAPK6/MAPK4 Signaling R-HSA-5687128,4/90,0.0127129141043288,0.0405650742362523,0,0,4.678215472235406,20.421051187786546,UBB;MYC;RPS27A;UBA52
Reactome_2022,Regulation Of Activated PAK-2p34 By Proteasome Mediated Degradation R-HSA-211733,3/49,0.0129514996055504,0.0405650742362523,0,0,6.539615978812624,28.42472661929245,UBB;RPS27A;UBA52
Reactome_2022,Signaling By EGFR R-HSA-177929,3/49,0.0129514996055504,0.0405650742362523,0,0,6.539615978812624,28.42472661929245,UBB;RPS27A;UBA52
Reactome_2022,Signaling By ERBB2 R-HSA-1227986,3/49,0.0129514996055504,0.0405650742362523,0,0,6.539615978812624,28.42472661929245,UBB;RPS27A;UBA52
Reactome_2022,Signaling By FGFR1 R-HSA-5654736,3/49,0.0129514996055504,0.0405650742362523,0,0,6.539615978812624,28.42472661929245,UBB;RPS27A;UBA52
Reactome_2022,Signaling By NOTCH3 R-HSA-9012852,3/49,0.0129514996055504,0.0405650742362523,0,0,6.539615978812624,28.42472661929245,UBB;RPS27A;UBA52
Reactome_2022,Signaling By TGF-beta Receptor Complex R-HSA-170834,4/91,0.0131959709139781,0.041136735619162,0,0,4.62420830401126,20.012850913677784,UBB;MYC;RPS27A;UBA52
Reactome_2022,Autodegradation Of E3 Ubiquitin Ligase COP1 R-HSA-349425,3/51,0.0144285702203611,0.0439475716803662,0,0,6.266497461928934,26.5608314530226,UBB;RPS27A;UBA52
Reactome_2022,GSK3B And BTRC:CUL1-mediated-degradation Of NFE2L2 R-HSA-9762114,3/51,0.0144285702203611,0.0439475716803662,0,0,6.266497461928934,26.5608314530226,UBB;RPS27A;UBA52
Reactome_2022,Ubiquitin Mediated Degradation Of Phosphorylated Cdc25A R-HSA-69601,3/51,0.0144285702203611,0.0439475716803662,0,0,6.266497461928934,26.5608314530226,UBB;RPS27A;UBA52
Reactome_2022,Ubiquitin-dependent Degradation Of Cyclin D R-HSA-75815,3/51,0.0144285702203611,0.0439475716803662,0,0,6.266497461928934,26.5608314530226,UBB;RPS27A;UBA52
Reactome_2022,Vpu Mediated Degradation Of CD4 R-HSA-180534,3/51,0.0144285702203611,0.0439475716803662,0,0,6.266497461928934,26.5608314530226,UBB;RPS27A;UBA52
Reactome_2022,Regulation Of Apoptosis R-HSA-169911,3/52,0.0152014163710364,0.0455963744708565,0,0,6.1382989744121,25.69717025640832,UBB;RPS27A;UBA52
Reactome_2022,SARS-CoV-1 Infection R-HSA-9678108,3/52,0.0152014163710364,0.0455963744708565,0,0,6.1382989744121,25.69717025640832,UBB;RPS27A;UBA52
Reactome_2022,Formation Of TC-NER Pre-Incision Complex R-HSA-6781823,3/52,0.0152014163710364,0.0455963744708565,0,0,6.1382989744121,25.69717025640832,UBB;RPS27A;UBA52
Reactome_2022,Transcriptional Regulation By RUNX3 R-HSA-8878159,4/95,0.0152445709827261,0.0455963744708565,0,0,4.4200493384166855,18.491417143603503,UBB;MYC;RPS27A;UBA52
Reactome_2022,MyD88 Cascade Initiated On Plasma Membrane R-HSA-975871,4/96,0.0157862373617276,0.0470047605748301,0,0,4.371783496007098,18.13685433330235,MAP2K3;UBB;RPS27A;UBA52
Reactome_2022,Vif-mediated Degradation Of APOBEC3G R-HSA-180585,3/53,0.0159972388139271,0.0472096292108783,0,0,6.01522842639594,24.875009582390742,UBB;RPS27A;UBA52
Reactome_2022,Negative Regulation Of NOTCH4 Signaling R-HSA-9604323,3/53,0.0159972388139271,0.0472096292108783,0,0,6.01522842639594,24.875009582390742,UBB;RPS27A;UBA52
Reactome_2022,Signaling By Interleukins R-HSA-449147,10/453,0.016087722174137,0.0472665819629514,0,0,2.299750504930498,9.49727712082026,MAP2K3;SERPINB2;UBB;MYC;RPLP0;RORA;RPS27A;PPIA;UBA52;MCL1
Reactome_2022,Regulation Of RUNX3 Expression And Activity R-HSA-8941858,3/54,0.0168161021964705,0.048337194192452,0,0,5.896984174380412,24.09164757699128,UBB;RPS27A;UBA52
Reactome_2022,SCF-beta-TrCP Mediated Degradation Of Emi1 R-HSA-174113,3/54,0.0168161021964705,0.048337194192452,0,0,5.896984174380412,24.09164757699128,UBB;RPS27A;UBA52
Reactome_2022,Degradation Of AXIN R-HSA-4641257,3/54,0.0168161021964705,0.048337194192452,0,0,5.896984174380412,24.09164757699128,UBB;RPS27A;UBA52
Reactome_2022,FBXL7 Down-Regulates AURKA During Mitotic Entry And In Early Mitosis R-HSA-8854050,3/54,0.0168161021964705,0.048337194192452,0,0,5.896984174380412,24.09164757699128,UBB;RPS27A;UBA52
Reactome_2022,Interleukin-12 Family Signaling R-HSA-447115,3/54,0.0168161021964705,0.048337194192452,0,0,5.896984174380412,24.09164757699128,SERPINB2;RPLP0;PPIA
Reactome_2022,RUNX1 Regulates Transcription Of Genes Involved In Differentiation Of HSCs R-HSA-8939236,4/98,0.0169055476223315,0.0483848431949489,0,0,4.278332609639601,17.456082420924414,H2AZ1;UBB;RPS27A;UBA52
Reactome_2022,CLEC7A (Dectin-1) Signaling R-HSA-5607764,4/99,0.0174833410127952,0.0498237700965495,0,0,4.233082706766917,17.129197930647717,PYCARD;UBB;RPS27A;UBA52
Reactome_2022,Degradation Of DVL R-HSA-4641258,3/55,0.0176580617409628,0.0498934170042525,0,0,5.783287778211636,23.34460456181631,UBB;RPS27A;UBA52
Reactome_2022,Hh Mutants Are Degraded By ERAD R-HSA-5362768,3/55,0.0176580617409628,0.0498934170042525,0,0,5.783287778211636,23.34460456181631,UBB;RPS27A;UBA52
Reactome_2022,Stimuli-sensing Channels R-HSA-2672351,4/100,0.0180733221304631,0.0506358054625633,0,0,4.188775510204081,16.81088959163861,UBB;SGK1;RPS27A;UBA52
Reactome_2022,KEAP1-NFE2L2 Pathway R-HSA-9755511,4/100,0.0180733221304631,0.0506358054625633,0,0,4.188775510204081,16.81088959163861,UBB;MYC;RPS27A;UBA52
Reactome_2022,E3 Ubiquitin Ligases Ubiquitinate Target Proteins R-HSA-8866654,3/56,0.018523163468073,0.0514618432753158,0,0,5.6738818120869645,22.631601044641528,UBB;RPS27A;UBA52
Reactome_2022,Stabilization Of P53 R-HSA-69541,3/56,0.018523163468073,0.0514618432753158,0,0,5.6738818120869645,22.631601044641528,UBB;RPS27A;UBA52
Reactome_2022,TRAF6 Mediated Induction Of NFkB And MAP Kinases Upon TLR7/8 Or 9 Activation R-HSA-975138,4/101,0.018675559558893,0.0516690481129373,0,0,4.145381864085841,16.500856606672546,MAP2K3;UBB;RPS27A;UBA52
Reactome_2022,MyD88 Dependent Cascade Initiated On Endosome R-HSA-975155,4/102,0.0192901194103944,0.0531478808651531,0,0,4.102873802582257,16.19881151232085,MAP2K3;UBB;RPS27A;UBA52
Reactome_2022,Regulated Necrosis R-HSA-5218859,3/57,0.0194114444537247,0.0532611533771622,0,0,5.568527918781726,21.95053825283205,UBB;RPS27A;UBA52
Reactome_2022,Neutrophil Degranulation R-HSA-6798695,10/468,0.0196918246335158,0.0538081134018704,0,0,2.222707423580786,8.729798370307766,VAMP8;EEF1A1;PYCARD;JUP;KRT1;EEF2;PPIA;CD44;CD55;APRT
Reactome_2022,Toll Like Receptor 3 (TLR3) Cascade R-HSA-168164,4/103,0.0199170653478517,0.0539793117998922,0,0,4.061224489795919,15.904479460309156,MAP2K3;UBB;RPS27A;UBA52
Reactome_2022,Toll Like Receptor 7/8 (TLR7/8) Cascade R-HSA-168181,4/103,0.0199170653478517,0.0539793117998922,0,0,4.061224489795919,15.904479460309156,MAP2K3;UBB;RPS27A;UBA52
Reactome_2022,Hh Mutants Abrogate Ligand Secretion R-HSA-5387390,3/58,0.0203229330271079,0.0544130142338695,0,0,5.467005076142132,21.29948088737429,UBB;RPS27A;UBA52
Reactome_2022,Late SARS-CoV-2 Infection Events R-HSA-9772573,3/58,0.0203229330271079,0.0544130142338695,0,0,5.467005076142132,21.29948088737429,UBB;RPS27A;UBA52
Reactome_2022,NIK To Noncanonical NF-kB Signaling R-HSA-5676590,3/58,0.0203229330271079,0.0544130142338695,0,0,5.467005076142132,21.29948088737429,UBB;RPS27A;UBA52
Reactome_2022,Antigen processing-Cross Presentation R-HSA-1236975,4/104,0.0205564585653846,0.0548172228410258,0,0,4.020408163265306,15.617597552926842,VAMP8;UBB;RPS27A;UBA52
Reactome_2022,SCF(Skp2)-mediated Degradation Of P27/P21 R-HSA-187577,3/59,0.0212576490223405,0.0553532507875847,0,0,5.369108049311095,20.676641778420727,UBB;RPS27A;UBA52
Reactome_2022,Degradation Of GLI1 By Proteasome R-HSA-5610780,3/59,0.0212576490223405,0.0553532507875847,0,0,5.369108049311095,20.676641778420727,UBB;RPS27A;UBA52
Reactome_2022,Degradation Of GLI2 By Proteasome R-HSA-5610783,3/59,0.0212576490223405,0.0553532507875847,0,0,5.369108049311095,20.676641778420727,UBB;RPS27A;UBA52
Reactome_2022,GLI3 Is Processed To GLI3R By Proteasome R-HSA-5610785,3/59,0.0212576490223405,0.0553532507875847,0,0,5.369108049311095,20.676641778420727,UBB;RPS27A;UBA52
Reactome_2022,Role Of GTSE1 In G2/M Progression After G2 Checkpoint R-HSA-8852276,3/59,0.0212576490223405,0.0553532507875847,0,0,5.369108049311095,20.676641778420727,UBB;RPS27A;UBA52
Reactome_2022,Iron Uptake And Transport R-HSA-917937,3/59,0.0212576490223405,0.0553532507875847,0,0,5.369108049311095,20.676641778420727,UBB;RPS27A;UBA52
Reactome_2022,Toll Like Receptor 9 (TLR9) Cascade R-HSA-168138,4/106,0.0218728194145835,0.05666087558851,0,0,3.941176470588236,15.06518858152958,MAP2K3;UBB;RPS27A;UBA52
Reactome_2022,Post-chaperonin Tubulin Folding Pathway R-HSA-389977,2/23,0.02193048949736,0.05666087558851,0,0,9.513708513708512,36.34120010270031,TUBA1C;TUBA4A
Reactome_2022,Recruitment And ATM-mediated Phosphorylation Of Repair And Signal Proteins At DNA Double Strand Breaks R-HSA-5693565,3/60,0.0222156039824466,0.0569542897465042,0,0,5.274646005877639,20.080368230600836,UBB;RPS27A;UBA52
Reactome_2022,Defective CFTR Causes Cystic Fibrosis R-HSA-5678895,3/60,0.0222156039824466,0.0569542897465042,0,0,5.274646005877639,20.080368230600836,UBB;RPS27A;UBA52
Reactome_2022,MyD88-independent TLR4 Cascade R-HSA-166166,4/107,0.0225498972268369,0.0575889683023836,0,0,3.902714483851793,14.799189995392384,MAP2K3;UBB;RPS27A;UBA52
Reactome_2022,DNA Double Strand Break Response R-HSA-5693606,3/61,0.0231968013804758,0.0587888401398319,0,0,5.183441274286714,19.50912983009035,UBB;RPS27A;UBA52
Reactome_2022,Dectin-1 Mediated Noncanonical NF-kB Signaling R-HSA-5607761,3/61,0.0231968013804758,0.0587888401398319,0,0,5.183441274286714,19.50912983009035,UBB;RPS27A;UBA52
Reactome_2022,Asymmetric Localization Of PCP Proteins R-HSA-4608870,3/62,0.0242012368323431,0.0611012215082732,0,0,5.095328228512432,18.96150754157799,UBB;RPS27A;UBA52
Reactome_2022,Assembly Of Pre-Replicative Complex R-HSA-68867,4/110,0.0246573303185438,0.0619015976144596,0,0,3.791682710820177,14.03939170843531,H2AZ1;UBB;RPS27A;UBA52
Reactome_2022,Protein Localization R-HSA-9609507,5/164,0.0247047038672165,0.0619015976144596,0,0,3.167392356071601,11.721764046278937,UBB;CHCHD10;RPS27A;UBA52;SLC25A6
Reactome_2022,Peroxisomal Protein Import R-HSA-9033241,3/63,0.0252288983054118,0.0627415298681403,0,0,5.01015228426396,18.43618393885774,UBB;RPS27A;UBA52
Reactome_2022,Autodegradation Of Cdh1 By Cdh1:APC/C R-HSA-174084,3/63,0.0252288983054118,0.0627415298681403,0,0,5.01015228426396,18.43618393885774,UBB;RPS27A;UBA52
Reactome_2022,Basigin Interactions R-HSA-210991,2/25,0.0256682933201663,0.0635960700171285,0,0,8.685551163812033,31.810820468950148,ATP1B3;PPIA
Reactome_2022,MyD88:MAL(TIRAP) Cascade Initiated On Plasma Membrane R-HSA-166058,4/112,0.0261262456633504,0.0641535471906946,0,0,3.7210884353741496,13.562678532314376,MAP2K3;UBB;RPS27A;UBA52
Reactome_2022,Oxygen-dependent Proline Hydroxylation Of Hypoxia-inducible Factor Alpha R-HSA-1234176,3/64,0.0262797663190797,0.0641535471906946,0,0,4.927768993925272,17.931934435559224,UBB;RPS27A;UBA52
Reactome_2022,Gap-filling DNA Repair Synthesis And Ligation In TC-NER R-HSA-6782210,3/64,0.0262797663190797,0.0641535471906946,0,0,4.927768993925272,17.931934435559224,UBB;RPS27A;UBA52
Reactome_2022,Hedgehog Ligand Biogenesis R-HSA-5358346,3/64,0.0262797663190797,0.0641535471906946,0,0,4.927768993925272,17.931934435559224,UBB;RPS27A;UBA52
Reactome_2022,Regulation Of RAS By GAPs R-HSA-5658442,3/65,0.0273538141573354,0.0660470276380753,0,0,4.848043229081382,17.447619395780233,UBB;RPS27A;UBA52
Reactome_2022,Dual Incision In TC-NER R-HSA-6782135,3/65,0.0273538141573354,0.0660470276380753,0,0,4.848043229081382,17.447619395780233,UBB;RPS27A;UBA52
Reactome_2022,p53-Dependent G1 DNA Damage Response R-HSA-69563,3/65,0.0273538141573354,0.0660470276380753,0,0,4.848043229081382,17.447619395780233,UBB;RPS27A;UBA52
Reactome_2022,Formation Of Tubulin Folding Intermediates By CCT/TriC R-HSA-389960,2/26,0.0276271829006745,0.0662722672814006,0,0,8.323232323232324,29.871707121892776,TUBA1C;TUBA4A
Reactome_2022,Macroautophagy R-HSA-1632852,4/114,0.0276467139110662,0.0662722672814006,0,0,3.653061224489796,13.108091108377458,UBB;PLIN2;RPS27A;UBA52
Reactome_2022,HIV Infection R-HSA-162906,6/229,0.0279045555873032,0.066649729891976,0,0,2.7151310619019,9.717359911932904,UBB;RPS27A;SLC25A5;PPIA;UBA52;SLC25A6
Reactome_2022,Signaling By WNT R-HSA-195721,7/294,0.0287927666317976,0.0685247205860702,0,0,2.465942120561102,8.74825291332538,H2AZ1;UBB;MYC;RORA;PFN1;RPS27A;UBA52
Reactome_2022,Mitotic Anaphase R-HSA-68882,6/232,0.0294780387031516,0.0691385495544218,0,0,2.678678952650305,9.43995859705951,TUBA1C;RPS27;UBB;RPS27A;UBA52;TUBA4A
Reactome_2022,APC/C:Cdc20 Mediated Degradation Of Securin R-HSA-174154,3/67,0.0295713073395418,0.0691385495544218,0,0,4.696065989847716,16.534616995789808,UBB;RPS27A;UBA52
Reactome_2022,Regulation Of PTEN Stability And Activity R-HSA-8948751,3/67,0.0295713073395418,0.0691385495544218,0,0,4.696065989847716,16.534616995789808,UBB;RPS27A;UBA52
Reactome_2022,G1/S DNA Damage Checkpoints R-HSA-69615,3/67,0.0295713073395418,0.0691385495544218,0,0,4.696065989847716,16.534616995789808,UBB;RPS27A;UBA52
Reactome_2022,HDR Thru Homologous Recombination (HRR) R-HSA-5685942,3/67,0.0295713073395418,0.0691385495544218,0,0,4.696065989847716,16.534616995789808,UBB;RPS27A;UBA52
Reactome_2022,Mitotic Metaphase And Anaphase R-HSA-2555396,6/233,0.0300152354536355,0.0699302327761895,0,0,2.6667423588718835,9.349732521407814,TUBA1C;RPS27;UBB;RPS27A;UBA52;TUBA4A
Reactome_2022,Innate Immune System R-HSA-168249,17/1035,0.030874638940026,0.0716809799167038,0,0,1.7139253008685196,5.960723995549489,MAP2K3;JUP;KRT1;EEF2;APRT;VAMP8;EEF1A1;PYCARD;ARPC2;UBB;POLR1D;LRRFIP1;RPS27A;PPIA;UBA52;CD44;CD55
Reactome_2022,Signaling By TGFB Family Members R-HSA-9006936,4/119,0.0316752226302636,0.073283441904164,0,0,3.4933451641526174,12.059797873871938,UBB;MYC;RPS27A;UBA52
Reactome_2022,Orc1 Removal From Chromatin R-HSA-68949,3/69,0.0318810265797797,0.0735034779478255,0,0,4.553299492385787,15.689505426965288,UBB;RPS27A;UBA52
Reactome_2022,Cristae Formation R-HSA-8949613,2/29,0.0338474516440146,0.0772326731670986,0,0,7.397306397306397,25.046477343523872,ATP5MC2;ATP5F1D
Reactome_2022,HSF1 Activation R-HSA-3371511,2/29,0.0338474516440146,0.0772326731670986,0,0,7.397306397306397,25.046477343523872,EEF1A1;UBB
Reactome_2022,Uptake And Actions Of Bacterial Toxins R-HSA-5339562,2/29,0.0338474516440146,0.0772326731670986,0,0,7.397306397306397,25.046477343523872,MAP2K3;EEF2
Reactome_2022,CDK-mediated Phosphorylation And Removal Of Cdc6 R-HSA-69017,3/72,0.0355175071354049,0.0799444906369791,0,0,4.354667843743103,14.534703522115317,UBB;RPS27A;UBA52
Reactome_2022,Cdc20:Phospho-APC/C Mediated Degradation Of Cyclin A R-HSA-174184,3/72,0.0355175071354049,0.0799444906369791,0,0,4.354667843743103,14.534703522115317,UBB;RPS27A;UBA52
Reactome_2022,Regulation Of RUNX2 Expression And Activity R-HSA-8939902,3/72,0.0355175071354049,0.0799444906369791,0,0,4.354667843743103,14.534703522115317,UBB;RPS27A;UBA52
Reactome_2022,Signaling By FGFR2 R-HSA-5654738,3/72,0.0355175071354049,0.0799444906369791,0,0,4.354667843743103,14.534703522115317,UBB;RPS27A;UBA52
Reactome_2022,APC/C:Cdh1 Mediated Degradation Of Cdc20 And APC/C:Cdh1 Targets In Late Mitosis/Early G1 R-HSA-174178,3/73,0.0367752254746638,0.0819421131381772,0,0,4.292240754169688,14.17697453700434,UBB;RPS27A;UBA52
Reactome_2022,APC:Cdc20 Mediated Degradation Of Cell Cycle Proteins Before Cycle Checkpoint Satisfied R-HSA-179419,3/73,0.0367752254746638,0.0819421131381772,0,0,4.292240754169688,14.17697453700434,UBB;RPS27A;UBA52
Reactome_2022,Cellular Response To Hypoxia R-HSA-1234174,3/73,0.0367752254746638,0.0819421131381772,0,0,4.292240754169688,14.17697453700434,UBB;RPS27A;UBA52
Reactome_2022,M Phase R-HSA-68886,8/380,0.0377571906108099,0.0838487443664808,0,0,2.1760752688172045,7.130083271724389,H2AZ1;TUBA1C;RPS27;UBB;ENSA;RPS27A;UBA52;TUBA4A
Reactome_2022,"Cell Death Signaling Via NRAGE, NRIF And NADE R-HSA-204998",3/74,0.0380555884306284,0.0842297023931243,0,0,4.231572174161721,13.83177100318916,UBB;RPS27A;UBA52
Reactome_2022,Sealing Of Nuclear Envelope (NE) By ESCRT-III R-HSA-9668328,2/31,0.0382674239788824,0.0844171744916209,0,0,6.886450714036921,22.47156498788087,TUBA1C;TUBA4A
Reactome_2022,DNA Replication Pre-Initiation R-HSA-69002,4/127,0.0388026991948337,0.085314543925065,0,0,3.264808362369338,10.608229071142864,H2AZ1;UBB;RPS27A;UBA52
Reactome_2022,APC/C:Cdc20 Mediated Degradation Of Mitotic Proteins R-HSA-176409,3/75,0.0393585070908985,0.0859672654880152,0,0,4.1725888324873095,13.498504866555718,UBB;RPS27A;UBA52
Reactome_2022,ISG15 Antiviral Mechanism R-HSA-1169408,3/75,0.0393585070908985,0.0859672654880152,0,0,4.1725888324873095,13.498504866555718,UBB;RPS27A;UBA52
Reactome_2022,Activation Of APC/C And APC/C:Cdc20 Mediated Degradation Of Mitotic Proteins R-HSA-176814,3/76,0.0406838872546084,0.0880642220057693,0,0,4.115221472776581,13.17662292356699,UBB;RPS27A;UBA52
Reactome_2022,Protein Ubiquitination R-HSA-8852135,3/76,0.0406838872546084,0.0880642220057693,0,0,4.115221472776581,13.17662292356699,UBB;RPS27A;UBA52
Reactome_2022,G1/S Transition R-HSA-69206,4/129,0.0407164399936313,0.0880642220057693,0,0,3.212244897959184,10.282792107158688,UBB;MYC;RPS27A;UBA52
Reactome_2022,ABC Transporter Disorders R-HSA-5619084,3/77,0.0420316296186853,0.0903203950382105,0,0,4.059404582247222,12.865604326296657,UBB;RPS27A;UBA52
Reactome_2022,Transcription-Coupled Nucleotide Excision Repair (TC-NER) R-HSA-6781827,3/77,0.0420316296186853,0.0903203950382105,0,0,4.059404582247222,12.865604326296657,UBB;RPS27A;UBA52
Reactome_2022,FCERI Mediated NF-kB Activation R-HSA-2871837,3/78,0.0434016299293596,0.0929634912035316,0,0,4.00507614213198,12.564958299367063,UBB;RPS27A;UBA52
Reactome_2022,Cell Surface Interactions At Vascular Wall R-HSA-202733,4/134,0.045731924796544,0.0976398651604669,0,0,3.087912087912088,9.526081111423547,CXADR;ATP1B3;PPIA;CD44
Reactome_2022,Processing Of DNA Double-Strand Break Ends R-HSA-5693607,3/80,0.0462079634844281,0.0980258394685631,0,0,3.90065264684554,11.99295882125826,UBB;RPS27A;UBA52
Reactome_2022,Regulation Of APC/C Activators Between G1/S And Early Anaphase R-HSA-176408,3/80,0.0462079634844281,0.0980258394685631,0,0,3.90065264684554,11.99295882125826,UBB;RPS27A;UBA52
Reactome_2022,DDX58/IFIH1-mediated Induction Of Interferon-Alpha/Beta R-HSA-168928,3/81,0.047644064808467,0.1004306635962607,0,0,3.850449043342445,11.720756163276285,UBB;RPS27A;UBA52
Reactome_2022,Signaling By NOTCH4 R-HSA-9013694,3/81,0.047644064808467,0.1004306635962607,0,0,3.850449043342445,11.720756163276285,UBB;RPS27A;UBA52
Reactome_2022,Late Phase Of HIV Life Cycle R-HSA-162599,4/136,0.0478304724158974,0.100504536975177,0,0,3.0408163265306123,9.24436243489024,UBB;RPS27A;PPIA;UBA52
Reactome_2022,Activation Of NOXA And Translocation To Mitochondria R-HSA-111448,1/5,0.049014519870416,0.1009402532098287,0,0,24.86934673366834,74.99696447567176,PMAIP1
Reactome_2022,Chylomicron Clearance R-HSA-8964026,1/5,0.049014519870416,0.1009402532098287,0,0,24.86934673366834,74.99696447567176,APOE
Reactome_2022,Signaling By MST1 R-HSA-8852405,1/5,0.049014519870416,0.1009402532098287,0,0,24.86934673366834,74.99696447567176,SPINT2
Reactome_2022,TFAP2 (AP-2) Family Regulates Transcription Of Cell Cycle Factors R-HSA-8866911,1/5,0.049014519870416,0.1009402532098287,0,0,24.86934673366834,74.99696447567176,MYC
Reactome_2022,LRR FLII-interacting Protein 1 (LRRFIP1) Activates Type I IFN Production R-HSA-3134973,1/5,0.049014519870416,0.1009402532098287,0,0,24.86934673366834,74.99696447567176,LRRFIP1
Reactome_2022,TCF Dependent Signaling In Response To WNT R-HSA-201681,5/198,0.0490856472320415,0.1009402532098287,0,0,2.6048890660289623,7.851626937459176,H2AZ1;UBB;MYC;RPS27A;UBA52
Reactome_2022,Global Genome Nucleotide Excision Repair (GG-NER) R-HSA-5696399,3/82,0.049101960522251,0.1009402532098287,0,0,3.801516417143224,11.457224263457675,UBB;RPS27A;UBA52
Reactome_2022,Cytokine Signaling In Immune System R-HSA-1280215,12/702,0.0501444865275571,0.1022468360792889,0,0,1.7678075855689177,5.290777116821331,MAP2K3;SERPINB2;UBB;MYC;RPLP0;RORA;IRF6;RPS27A;PPIA;UBA52;CD44;MCL1
Reactome_2022,RHOH GTPase Cycle R-HSA-9013407,2/36,0.0501995008461569,0.1022468360792889,0,0,5.872251931075461,17.568310863627904,JUP;ARHGDIB
Reactome_2022,Transcriptional Regulation By AP-2 (TFAP2) Family Of Transcription Factors R-HSA-8864260,2/36,0.0501995008461569,0.1022468360792889,0,0,5.872251931075461,17.568310863627904,MYC;APOE
Reactome_2022,Antiviral Mechanism By IFN-stimulated Genes R-HSA-1169410,3/83,0.0505815238385671,0.1027098832685277,0,0,3.753807106598985,11.201994465025969,UBB;RPS27A;UBA52
Reactome_2022,Interferon Signaling R-HSA-913531,5/200,0.0508439984704279,0.1029280944645247,0,0,2.5779092702169626,7.679574154313181,UBB;IRF6;RPS27A;UBA52;CD44
Reactome_2022,Death Receptor Signaling R-HSA-73887,4/139,0.0510769764470063,0.1030854479052043,0,0,2.9727891156462585,8.842327688335232,UBB;RACK1;RPS27A;UBA52
Reactome_2022,Ub-specific Processing Proteases R-HSA-5689880,5/201,0.0517369040386998,0.1041009220657474,0,0,2.564625850340136,7.595354732826345,UBB;MYC;ADRB2;RPS27A;UBA52
Reactome_2022,Toll Like Receptor 4 (TLR4) Cascade R-HSA-166016,4/140,0.0521853956667059,0.104686110944691,0,0,2.95078031212485,8.713514393945305,MAP2K3;UBB;RPS27A;UBA52
Reactome_2022,C-type Lectin Receptors (CLRs) R-HSA-5621481,4/141,0.0533069082548428,0.1065682742031141,0,0,2.929092805005214,8.58719016819202,PYCARD;UBB;RPS27A;UBA52
Reactome_2022,Signaling By NOTCH R-HSA-157118,5/203,0.0535501889977524,0.1065682742031141,0,0,2.5384615384615383,7.430422033839913,H2AZ1;UBB;MYC;RPS27A;UBA52
Reactome_2022,Hedgehog On State R-HSA-5632684,3/85,0.0536051258792773,0.1065682742031141,0,0,3.661879410672279,10.71506409870918,UBB;RPS27A;UBA52
Reactome_2022,Signaling By FGFR R-HSA-190236,3/86,0.055148891178145,0.1092830426891508,0,0,3.617576906611216,10.482720030479646,UBB;RPS27A;UBA52
Reactome_2022,Interactions Of Vpr With Host Cellular Proteins R-HSA-176033,2/38,0.0552998529270401,0.1092830426891508,0,0,5.545454545454546,16.054007893661755,SLC25A5;SLC25A6
Reactome_2022,APC/C-mediated Degradation Of Cell Cycle Proteins R-HSA-174143,3/87,0.0567137775073644,0.1117446536050148,0,0,3.574329224075417,10.257388785645556,UBB;RPS27A;UBA52
Reactome_2022,APOBEC3G Mediated Resistance To HIV-1 R-HSA-180689,1/6,0.0585267307609904,0.1129702012363303,0,0,19.894472361809044,56.46591775214154,PPIA
Reactome_2022,PTK6 Promotes HIF1A Stabilization R-HSA-8857538,1/6,0.0585267307609904,0.1129702012363303,0,0,19.894472361809044,56.46591775214154,GPNMB
Reactome_2022,Binding And Entry Of HIV Virion R-HSA-173107,1/6,0.0585267307609904,0.1129702012363303,0,0,19.894472361809044,56.46591775214154,PPIA
Reactome_2022,CLEC7A/inflammasome Pathway R-HSA-5660668,1/6,0.0585267307609904,0.1129702012363303,0,0,19.894472361809044,56.46591775214154,PYCARD
Reactome_2022,TNFR1-mediated Ceramide Production R-HSA-5626978,1/6,0.0585267307609904,0.1129702012363303,0,0,19.894472361809044,56.46591775214154,RACK1
Reactome_2022,Uptake And Function Of Diphtheria Toxin R-HSA-5336415,1/6,0.0585267307609904,0.1129702012363303,0,0,19.894472361809044,56.46591775214154,EEF2
Reactome_2022,MET Receptor Activation R-HSA-6806942,1/6,0.0585267307609904,0.1129702012363303,0,0,19.894472361809044,56.46591775214154,SPINT2
Reactome_2022,Mitotic G1 Phase And G1/S Transition R-HSA-453279,4/147,0.0603095808388597,0.1160740918173995,0,0,2.805337519623234,7.878129210447092,UBB;MYC;RPS27A;UBA52
Reactome_2022,Chaperonin-mediated Protein Folding R-HSA-390466,3/90,0.0615336873024211,0.1174091045080679,0,0,3.450551374059163,9.62072552614985,TUBA1C;PFDN5;TUBA4A
Reactome_2022,Regulation Of TP53 Activity Thru Phosphorylation R-HSA-6804756,3/90,0.0615336873024211,0.1174091045080679,0,0,3.450551374059163,9.62072552614985,UBB;RPS27A;UBA52
Reactome_2022,Switching Of Origins To A Post-Replicative State R-HSA-69052,3/90,0.0615336873024211,0.1174091045080679,0,0,3.450551374059163,9.62072552614985,UBB;RPS27A;UBA52
Reactome_2022,HIV Life Cycle R-HSA-162587,4/149,0.0627473419326677,0.1193817623016945,0,0,2.7663617171006334,7.659057108220177,UBB;RPS27A;PPIA;UBA52
Reactome_2022,Downstream TCR Signaling R-HSA-202424,3/94,0.0682467043328599,0.1294737476486258,0,0,3.298209404808389,8.854459164365215,UBB;RPS27A;UBA52
Reactome_2022,"Transport Of Vitamins, Nucleosides, And Related Molecules R-HSA-425397",2/43,0.0687896467784887,0.1301319813701326,0,0,4.867947770386794,13.030045670347697,SLC25A5;SLC25A6
Reactome_2022,UCH Proteinases R-HSA-5689603,3/95,0.0699750364747784,0.1316244312160139,0,0,3.2621937762083424,8.676185118672581,UBB;RPS27A;UBA52
Reactome_2022,P75 NTR Receptor-Mediated Signaling R-HSA-193704,3/95,0.0699750364747784,0.1316244312160139,0,0,3.2621937762083424,8.676185118672581,UBB;RPS27A;UBA52
Reactome_2022,DNA Replication R-HSA-69306,4/155,0.0703673025895698,0.1319883867781762,0,0,2.655629139072848,7.0481103099362015,H2AZ1;UBB;RPS27A;UBA52
Reactome_2022,TP53 Regulates Transcription Of Cell Death Genes R-HSA-5633008,2/44,0.0716056114889121,0.1337756023962196,0,0,4.751803751803752,12.52851945708889,PERP;PMAIP1
Reactome_2022,Protein Folding R-HSA-391251,3/96,0.0717230639353225,0.1337756023962196,0,0,3.2269526772556083,8.502836079014903,TUBA1C;PFDN5;TUBA4A
Reactome_2022,Regulation Of TP53 Activity R-HSA-5633007,4/157,0.0730084066980713,0.1357915463515949,0,0,2.6206482593037217,6.858710004375623,UBB;SGK1;RPS27A;UBA52
Reactome_2022,Hedgehog Off State R-HSA-5610787,3/98,0.0752775128137596,0.1396208617551296,0,0,3.158696232968208,8.170200992229566,UBB;RPS27A;UBA52
Reactome_2022,Binding Of TCF/LEF:CTNNB1 To Target Gene Promoters R-HSA-4411364,1/8,0.0772680713380291,0.1421218819070674,0,0,14.208901651112706,36.38152974515558,MYC
Reactome_2022,RUNX3 Regulates WNT Signaling R-HSA-8951430,1/8,0.0772680713380291,0.1421218819070674,0,0,14.208901651112706,36.38152974515558,MYC
Reactome_2022,Synthesis Of diphthamide-EEF2 R-HSA-5358493,1/8,0.0772680713380291,0.1421218819070674,0,0,14.208901651112706,36.38152974515558,EEF2
Reactome_2022,S Phase R-HSA-69242,4/161,0.0784400401045827,0.1438789685896213,0,0,2.5533601975822178,6.499376070966086,UBB;MYC;RPS27A;UBA52
Reactome_2022,TNFR2 Non-Canonical NF-kB Pathway R-HSA-5668541,3/100,0.0789086435328542,0.1443397777019702,0,0,3.0932544874143075,7.855209980826792,UBB;RPS27A;UBA52
Reactome_2022,Toll-like Receptor Cascades R-HSA-168898,4/162,0.0798287777328656,0.1456217264137987,0,0,2.5370705244122966,6.413387552426678,MAP2K3;UBB;RPS27A;UBA52
Reactome_2022,"Cell Cycle, Mitotic R-HSA-69278",9/523,0.0803876909782042,0.146239525505555,0,0,1.7680241204392202,4.457001771544769,H2AZ1;TUBA1C;RPS27;UBB;MYC;ENSA;RPS27A;UBA52;TUBA4A
Reactome_2022,ABC-family Proteins Mediated Transport R-HSA-382556,3/102,0.0826150134639867,0.1498807894537901,0,0,3.030456852791878,7.5566376689451715,UBB;RPS27A;UBA52
Reactome_2022,RMTs Methylate Histone Arginines R-HSA-3214858,2/49,0.0862189382580095,0.1539822516408402,0,0,4.24521813883516,10.404458354124063,H2AZ1;RPS2
Reactome_2022,Adrenoceptors R-HSA-390696,1/9,0.0864990660572792,0.1539822516408402,0,0,12.4321608040201,30.429226090981548,ADRB2
Reactome_2022,BH3-only Proteins Associate With And Inactivate Anti-Apoptotic BCL-2 Members R-HSA-111453,1/9,0.0864990660572792,0.1539822516408402,0,0,12.4321608040201,30.429226090981548,PMAIP1
Reactome_2022,Calcineurin Activates NFAT R-HSA-2025928,1/9,0.0864990660572792,0.1539822516408402,0,0,12.4321608040201,30.429226090981548,PPIA
Reactome_2022,Chylomicron Assembly R-HSA-8963888,1/9,0.0864990660572792,0.1539822516408402,0,0,12.4321608040201,30.429226090981548,APOE
Reactome_2022,Chylomicron Remodeling R-HSA-8963901,1/9,0.0864990660572792,0.1539822516408402,0,0,12.4321608040201,30.429226090981548,APOE
Reactome_2022,Lipophagy R-HSA-9613354,1/9,0.0864990660572792,0.1539822516408402,0,0,12.4321608040201,30.429226090981548,PLIN2
Reactome_2022,Generic Transcription Pathway R-HSA-212436,17/1190,0.0882942341843204,0.1567576778031785,0,0,1.4751722499406037,3.580361759973881,H2AZ1;COX7B;BTG1;COX4I1;RORA;COX7C;COX5A;UXT;PRDX2;UBB;MYC;PERP;PMAIP1;APOE;SGK1;RPS27A;UBA52
Reactome_2022,Ion Homeostasis R-HSA-5578775,2/50,0.0892414542606553,0.1580168683442003,0,0,4.156565656565657,10.043965211617904,FXYD3;ATP1B3
Reactome_2022,Separation Of Sister Chromatids R-HSA-2467813,4/170,0.091373781794198,0.16136221040252,0,0,2.4138185394639784,5.775777018583545,RPS27;UBB;RPS27A;UBA52
Reactome_2022,Interleukin-4 And Interleukin-13 Signaling R-HSA-6785807,3/107,0.0922003613732937,0.1623900263975253,0,0,2.8840296759078483,6.874924645539169,MYC;RORA;MCL1
Reactome_2022,Nucleotide Excision Repair R-HSA-5696398,3/108,0.0941706690966622,0.1654214928047188,0,0,2.856417693981146,6.748705308028375,UBB;RPS27A;UBA52
Reactome_2022,HDL Remodeling R-HSA-8964058,1/10,0.0956381720564831,0.1666764993320336,0,0,11.050251256281408,25.93696464958489,APOE
Reactome_2022,Integration Of Provirus R-HSA-162592,1/10,0.0956381720564831,0.1666764993320336,0,0,11.050251256281408,25.93696464958489,PPIA
Reactome_2022,MASTL Facilitates Mitotic Progression R-HSA-2465910,1/10,0.0956381720564831,0.1666764993320336,0,0,11.050251256281408,25.93696464958489,ENSA
Reactome_2022,Transport Of Small Molecules R-HSA-382551,11/706,0.097904479128454,0.1701795134588834,0,0,1.5999010315557078,3.7177907862556574,UBB;FXYD3;ATP1B3;APOE;SGK1;RPS27A;SLC25A5;AQP3;SLC38A2;UBA52;SLC25A6
Reactome_2022,Ion Transport By P-type ATPases R-HSA-936837,2/53,0.0984917971521169,0.1707534028955761,0,0,3.9114676173499694,9.065929283683165,FXYD3;ATP1B3
Reactome_2022,Apoptosis R-HSA-109581,4/178,0.1036693890276315,0.1792616518602796,0,0,2.3019000703729766,5.217367910182412,UBB;PMAIP1;RPS27A;UBA52
Reactome_2022,Uptake And Function Of Anthrax Toxins R-HSA-5210891,1/11,0.1046862992439068,0.1796168028370908,0,0,9.944723618090451,22.4431232477853,MAP2K3
Reactome_2022,"WNT5A-dependent Internalization Of FZD2, FZD5 And ROR2 R-HSA-5140745",1/11,0.1046862992439068,0.1796168028370908,0,0,9.944723618090451,22.4431232477853,RORA
Reactome_2022,Metallothioneins Bind Metals R-HSA-5661231,1/11,0.1046862992439068,0.1796168028370908,0,0,9.944723618090451,22.4431232477853,MT1X
Reactome_2022,HDR Thru Homologous Recombination (HRR) Or Single Strand Annealing (SSA) R-HSA-5693567,3/114,0.1063487931507688,0.181531101933446,0,0,2.7011935793661683,6.0534587787747896,UBB;RPS27A;UBA52
Reactome_2022,Interleukin-1 Signaling R-HSA-9020702,3/114,0.1063487931507688,0.181531101933446,0,0,2.7011935793661683,6.0534587787747896,UBB;RPS27A;UBA52
Reactome_2022,G2/M Transition R-HSA-69275,4/182,0.1100876128420356,0.1874312177618248,0,0,2.249713368493465,4.9639447407887465,UBB;RPS27A;UBA52;TUBA4A
Reactome_2022,TCR Signaling R-HSA-202403,3/116,0.1105391091889974,0.1877185895178881,0,0,2.6531153137774584,5.843183735135943,UBB;RPS27A;UBA52
Reactome_2022,Mitotic G2-G2/M Phases R-HSA-453274,4/184,0.11336223733964,0.1915224556865869,0,0,2.224489795918368,4.843085658071071,UBB;RPS27A;UBA52;TUBA4A
Reactome_2022,Passive Transport By Aquaporins R-HSA-432047,1/12,0.1136443487055952,0.1915224556865869,0,0,9.040201005025123,19.659557478207127,AQP3
Reactome_2022,Hyaluronan Uptake And Degradation R-HSA-2160916,1/12,0.1136443487055952,0.1915224556865869,0,0,9.040201005025123,19.659557478207127,CD44
Reactome_2022,Immune System R-HSA-168256,25/1943,0.1141722189389707,0.191924945254371,0,0,1.331893341278117,2.89027151994469,RPLP0;RORA;PYCARD;UBB;MYC;LRRFIP1;RPS27A;CD55;MCL1;MAP2K3;SERPINB2;CXADR;JUP;KRT1;EEF2;APRT;VAMP8;EEF1A1;ARPC2;REL;POLR1D;IRF6;PPIA;UBA52;CD44
Reactome_2022,Synthesis Of DNA R-HSA-69239,3/119,0.1169417814626649,0.194953725404156,0,0,2.584106423945388,5.545696691343623,UBB;RPS27A;UBA52
Reactome_2022,Transcriptional Regulation By RUNX2 R-HSA-8878166,3/119,0.1169417814626649,0.194953725404156,0,0,2.584106423945388,5.545696691343623,UBB;RPS27A;UBA52
Reactome_2022,Homology Directed Repair R-HSA-5693538,3/119,0.1169417814626649,0.194953725404156,0,0,2.584106423945388,5.545696691343623,UBB;RPS27A;UBA52
Reactome_2022,B-WICH Complex Positively Regulates rRNA Expression R-HSA-5250924,2/59,0.1177356082636544,0.194953725404156,0,0,3.4986709197235517,7.484754897547597,H2AZ1;POLR1D
Reactome_2022,RNA Polymerase I Promoter Escape R-HSA-73772,2/59,0.1177356082636544,0.194953725404156,0,0,3.4986709197235517,7.484754897547597,H2AZ1;POLR1D
Reactome_2022,Transcriptional Regulation Of Granulopoiesis R-HSA-9616222,2/59,0.1177356082636544,0.194953725404156,0,0,3.4986709197235517,7.484754897547597,H2AZ1;MYC
Reactome_2022,Formation Of beta-catenin:TCF Transactivating Complex R-HSA-201722,2/60,0.1210294038464434,0.1999092640647722,0,0,3.438174851967956,7.260468635528234,H2AZ1;MYC
Reactome_2022,Purine Salvage R-HSA-74217,1/13,0.1225132126107664,0.2013583494394774,0,0,8.28643216080402,17.397665920944878,APRT
Reactome_2022,Dissolution Of Fibrin Clot R-HSA-75205,1/13,0.1225132126107664,0.2013583494394774,0,0,8.28643216080402,17.397665920944878,SERPINB2
Reactome_2022,Signaling By Receptor Tyrosine Kinases R-HSA-9006934,8/496,0.1255175767317946,0.2057868418516336,0,0,1.6489071038251366,3.4219925385636,JUP;UBB;MYC;SPINT2;APOE;SGK1;RPS27A;UBA52
Reactome_2022,RHO GTPases Activate PKNs R-HSA-5625740,2/62,0.1276839186856092,0.2088229606089766,0,0,3.323232323232323,6.839868307696459,H2AZ1;MYL6
Reactome_2022,Platelet Degranulation R-HSA-114608,3/125,0.1301487308762109,0.2123310990216316,0,0,2.456270283764667,5.008525221038258,PFN1;PPIA;TUBA4A
Reactome_2022,Repression Of WNT Target Genes R-HSA-4641265,1/14,0.1312937743788508,0.2126318687501389,0,0,7.648627754155393,15.529145947074284,MYC
Reactome_2022,Response To Metal Ions R-HSA-5660526,1/14,0.1312937743788508,0.2126318687501389,0,0,7.648627754155393,15.529145947074284,MT1X
Reactome_2022,TP53 Regulates Transcription Of Additional Cell Death Genes With Uncertain Roles In P53-Dependent Apoptosis R-HSA-6803205,1/14,0.1312937743788508,0.2126318687501389,0,0,7.648627754155393,15.529145947074284,PERP
Reactome_2022,RHO GTPase Effectors R-HSA-195258,5/269,0.1333006544957325,0.2153567751463903,0,0,1.8974358974358971,3.823614423024089,H2AZ1;MYL6;RPS27;ARPC2;PFN1
Reactome_2022,Mitochondrial Protein Import R-HSA-1268020,2/65,0.137821576382599,0.2221202104806935,0,0,3.1645021645021645,6.271395690931595,CHCHD10;SLC25A6
Reactome_2022,EPHA-mediated Growth Cone Collapse R-HSA-3928663,1/15,0.139986908731619,0.2250636982997458,0,0,7.101938262742283,13.963876250165317,MYL6
Reactome_2022,Response To Elevated Platelet Cytosolic Ca2+ R-HSA-76005,3/130,0.1415370182821212,0.226459229251394,0,0,2.3589671849394462,4.612238445645575,PFN1;PPIA;TUBA4A
Reactome_2022,Fc Epsilon Receptor (FCERI) Signaling R-HSA-2454202,3/130,0.1415370182821212,0.226459229251394,0,0,2.3589671849394462,4.612238445645575,UBB;RPS27A;UBA52
Reactome_2022,Transcriptional Regulation By RUNX1 R-HSA-8878171,4/204,0.1483544918227803,0.234361215968243,0,0,2.0,3.816301308308897,H2AZ1;UBB;RPS27A;UBA52
Reactome_2022,Deubiquitination R-HSA-5688426,5/279,0.1484875390782781,0.234361215968243,0,0,1.8272506082725064,3.485031463210269,UBB;MYC;ADRB2;RPS27A;UBA52
Reactome_2022,Plasma Lipoprotein Assembly R-HSA-8963898,1/16,0.1485934818111902,0.234361215968243,0,0,6.628140703517588,12.636822082241835,APOE
Reactome_2022,Early Phase Of HIV Life Cycle R-HSA-162594,1/16,0.1485934818111902,0.234361215968243,0,0,6.628140703517588,12.636822082241835,PPIA
Reactome_2022,NLRP3 Inflammasome R-HSA-844456,1/16,0.1485934818111902,0.234361215968243,0,0,6.628140703517588,12.636822082241835,PYCARD
Reactome_2022,Hyaluronan Metabolism R-HSA-2142845,1/16,0.1485934818111902,0.234361215968243,0,0,6.628140703517588,12.636822082241835,CD44
Reactome_2022,Signaling By Hedgehog R-HSA-5358351,3/135,0.1532453275007154,0.2411253494324053,0,0,2.269035532994924,4.256064425015225,UBB;RPS27A;UBA52
Reactome_2022,Programmed Cell Death R-HSA-5357801,4/208,0.1558067839928103,0.244576133738123,0,0,1.9603841536614648,3.644625857831792,UBB;PMAIP1;RPS27A;UBA52
Reactome_2022,RNA Polymerase III Chain Elongation R-HSA-73780,1/17,0.157114351192228,0.2448918525625338,0,0,6.21356783919598,11.499955704952034,POLR1D
Reactome_2022,Signaling By Cytosolic FGFR1 Fusion Mutants R-HSA-1839117,1/17,0.157114351192228,0.2448918525625338,0,0,6.21356783919598,11.499955704952034,LRRFIP1
Reactome_2022,FOXO-mediated Transcription Of Cell Cycle Genes R-HSA-9617828,1/17,0.157114351192228,0.2448918525625338,0,0,6.21356783919598,11.499955704952034,BTG1
Reactome_2022,Diseases Of Programmed Cell Death R-HSA-9645723,2/71,0.1585864433775845,0.2466074904044874,0,0,2.888449714536671,5.318951469597782,H2AZ1;PRDX2
Reactome_2022,PTEN Regulation R-HSA-6807070,3/139,0.1628249548680123,0.2526069393279444,0,0,2.2018512988951926,3.9965352685762503,UBB;RPS27A;UBA52
Reactome_2022,RNA Polymerase II Transcription R-HSA-73857,17/1312,0.1648490349443784,0.2551509538533037,0,0,1.327446884823934,2.393021902648294,H2AZ1;COX7B;BTG1;COX4I1;RORA;COX7C;COX5A;UXT;PRDX2;UBB;MYC;PERP;PMAIP1;APOE;SGK1;RPS27A;UBA52
Reactome_2022,RORA Activates Gene Expression R-HSA-1368082,1/18,0.1655503660358053,0.2556405652273831,0,0,5.847768253029855,10.51709310132786,RORA
Reactome_2022,Positive Epigenetic Regulation Of rRNA Expression R-HSA-5250913,2/74,0.1691768732048807,0.2600311199260204,0,0,2.767676767676768,4.917637208774679,H2AZ1;POLR1D
Reactome_2022,NoRC Negatively Regulates rRNA Expression R-HSA-427413,2/74,0.1691768732048807,0.2600311199260204,0,0,2.767676767676768,4.917637208774679,H2AZ1;POLR1D
Reactome_2022,Nuclear Envelope (NE) Reassembly R-HSA-2995410,2/75,0.1727335422229741,0.262434481339537,0,0,2.72962501729625,4.793235424721277,TUBA1C;TUBA4A
Reactome_2022,Aflatoxin Activation And Detoxification R-HSA-5423646,1/19,0.1739023671527052,0.262434481339537,0,0,5.522613065326633,9.66049300943,MGST2
Reactome_2022,RHO GTPases Activate ROCKs R-HSA-5627117,1/19,0.1739023671527052,0.262434481339537,0,0,5.522613065326633,9.66049300943,MYL6
Reactome_2022,RHO GTPases Activate CIT R-HSA-5625900,1/19,0.1739023671527052,0.262434481339537,0,0,5.522613065326633,9.66049300943,MYL6
Reactome_2022,Scavenging By Class A Receptors R-HSA-3000480,1/19,0.1739023671527052,0.262434481339537,0,0,5.522613065326633,9.66049300943,APOE
Reactome_2022,Transcription Of E2F Targets Under Negative Control By DREAM Complex R-HSA-1362277,1/19,0.1739023671527052,0.262434481339537,0,0,5.522613065326633,9.66049300943,MYC
Reactome_2022,Activated TAK1 Mediates P38 MAPK Activation R-HSA-450302,1/19,0.1739023671527052,0.262434481339537,0,0,5.522613065326633,9.66049300943,MAP2K3
Reactome_2022,Nuclear Events Stimulated By ALK Signaling In Cancer R-HSA-9725371,1/19,0.1739023671527052,0.262434481339537,0,0,5.522613065326633,9.66049300943,RPS6
Reactome_2022,Negative Epigenetic Regulation Of rRNA Expression R-HSA-5250941,2/77,0.1798830098073791,0.2708442596646253,0,0,2.656565656565657,4.557201796283064,H2AZ1;POLR1D
Reactome_2022,Sema4D Induced Cell Migration And Growth-Cone Collapse R-HSA-416572,1/20,0.182171186958547,0.2730511696173255,0,0,5.231684739486909,8.908556962758436,MYL6
Reactome_2022,TP53 Regulates Transcription Of Genes Involved In Cytochrome C Release R-HSA-6803204,1/20,0.182171186958547,0.2730511696173255,0,0,5.231684739486909,8.908556962758436,PMAIP1
Reactome_2022,RNA Polymerase I Promoter Clearance R-HSA-73854,2/78,0.1834746263330842,0.2743854772188467,0,0,2.621477937267411,4.445184817601474,H2AZ1;POLR1D
Reactome_2022,G2/M Checkpoints R-HSA-69481,3/148,0.1849990407589495,0.2760435125032416,0,0,2.0642394538771223,3.483207230487368,UBB;RPS27A;UBA52
Reactome_2022,RNA Polymerase I Transcription R-HSA-73864,2/79,0.1870767274857147,0.2785178184989116,0,0,2.5873015873015874,4.336929198982091,H2AZ1;POLR1D
Reactome_2022,DNA Double-Strand Break Repair R-HSA-5693532,3/149,0.187511062593512,0.2785399229577002,0,0,2.049996523190321,3.4315249214751327,UBB;RPS27A;UBA52
Reactome_2022,RHO GTPases Activate PAKs R-HSA-5627123,1/21,0.1903576498347592,0.2808832877561781,0,0,4.969849246231155,8.244237447277422,MYL6
Reactome_2022,Deregulated CDK5 Triggers Neurodegenerative Pathways In Alzheimers Disease Models R-HSA-8862803,1/21,0.1903576498347592,0.2808832877561781,0,0,4.969849246231155,8.244237447277422,PRDX2
Reactome_2022,Inflammasomes R-HSA-622312,1/21,0.1903576498347592,0.2808832877561781,0,0,4.969849246231155,8.244237447277422,PYCARD
Reactome_2022,Interleukin-1 Family Signaling R-HSA-446652,3/152,0.1950997857095987,0.287242256565795,0,0,2.0084148127959662,3.2822401178455567,UBB;RPS27A;UBA52
Reactome_2022,RNA Polymerase III Transcription Termination R-HSA-73980,1/22,0.1984625719282345,0.2915467870804152,0,0,4.732950466618808,7.653913334056085,POLR1D
Reactome_2022,Gene Expression (Transcription) R-HSA-74160,18/1449,0.2009384422587163,0.2945322862246967,0,0,1.2695417789757413,2.037305644318512,H2AZ1;COX7B;BTG1;COX4I1;RORA;COX7C;COX5A;UXT;PRDX2;UBB;MYC;PERP;POLR1D;PMAIP1;APOE;SGK1;RPS27A;UBA52
Reactome_2022,Nucleotide Salvage R-HSA-8956321,1/23,0.2064867613185778,0.3013345264077707,0,0,4.517587939698492,7.126580711797677,APRT
Reactome_2022,Glutamate Neurotransmitter Release Cycle R-HSA-210500,1/23,0.2064867613185778,0.3013345264077707,0,0,4.517587939698492,7.126580711797677,SLC38A2
Reactome_2022,Cell Cycle R-HSA-1640170,9/654,0.2093500430590124,0.3048430451561058,0,0,1.3993668574211615,2.188256537996464,H2AZ1;TUBA1C;RPS27;UBB;MYC;ENSA;RPS27A;UBA52;TUBA4A
Reactome_2022,Cytosolic tRNA Aminoacylation R-HSA-379716,1/24,0.2144310182188985,0.3095265132551057,0,0,4.320952589032117,6.653261007649563,PPA1
Reactome_2022,Defective Intrinsic Pathway For Apoptosis R-HSA-9734009,1/24,0.2144310182188985,0.3095265132551057,0,0,4.320952589032117,6.653261007649563,PRDX2
Reactome_2022,Sema4D In Semaphorin Signaling R-HSA-400685,1/24,0.2144310182188985,0.3095265132551057,0,0,4.320952589032117,6.653261007649563,MYL6
Reactome_2022,mTORC1-mediated Signaling R-HSA-166208,1/24,0.2144310182188985,0.3095265132551057,0,0,4.320952589032117,6.653261007649563,RPS6
Reactome_2022,Cell Recruitment (Pro-Inflammatory Response) R-HSA-9664424,1/25,0.2222961348450487,0.3194905487816285,0,0,4.14070351758794,6.226561570384656,PYCARD
Reactome_2022,Deadenylation Of mRNA R-HSA-429947,1/25,0.2222961348450487,0.3194905487816285,0,0,4.14070351758794,6.226561570384656,PABPC1
Reactome_2022,Interferon Gamma Signaling R-HSA-877300,2/89,0.2235550003741977,0.3199149143285933,0,0,2.2887495646116336,3.428770706989903,IRF6;CD44
Reactome_2022,Mitochondrial Biogenesis R-HSA-1592230,2/89,0.2235550003741977,0.3199149143285933,0,0,2.2887495646116336,3.428770706989903,ATP5MC2;ATP5F1D
Reactome_2022,Attenuation Phase R-HSA-3371568,1/26,0.2300828957266827,0.3257463598347918,0,0,3.974874371859297,5.840344997302112,UBB
Reactome_2022,RNA Polymerase III Transcription Initiation From Type 2 Promoter R-HSA-76066,1/26,0.2300828957266827,0.3257463598347918,0,0,3.974874371859297,5.840344997302112,POLR1D
Reactome_2022,Signaling By ALK R-HSA-201556,1/26,0.2300828957266827,0.3257463598347918,0,0,3.974874371859297,5.840344997302112,MYC
Reactome_2022,TNFR1-induced NFkappaB Signaling Pathway R-HSA-5357956,1/26,0.2300828957266827,0.3257463598347918,0,0,3.974874371859297,5.840344997302112,RACK1
Reactome_2022,HDMs Demethylate Histones R-HSA-3214842,1/26,0.2300828957266827,0.3257463598347918,0,0,3.974874371859297,5.840344997302112,ARID5B
Reactome_2022,EPH-Ephrin Signaling R-HSA-2682334,2/91,0.2309239500321694,0.3262414953645968,0,0,2.237090001134945,3.2788286401533377,MYL6;ARPC2
Reactome_2022,Post-translational Modification: Synthesis Of GPI-anchored Proteins R-HSA-163125,2/92,0.234614487227205,0.3302273611510389,0,0,2.212121212121212,3.2071589757618537,LY6D;LYPD3
Reactome_2022,Diseases Of Metabolism R-HSA-5668914,4/247,0.234739931420618,0.3302273611510389,0,0,1.6424792139077853,2.380407433860061,UBB;RPS27A;UBA52;APRT
Reactome_2022,RNA Polymerase III Transcription Initiation From Type 1 Promoter R-HSA-76061,1/27,0.2377920775242915,0.3310145481679866,0,0,3.821801314263626,5.489477227235043,POLR1D
Reactome_2022,RNA Polymerase III Transcription Initiation From Type 3 Promoter R-HSA-76071,1/27,0.2377920775242915,0.3310145481679866,0,0,3.821801314263626,5.489477227235043,POLR1D
Reactome_2022,G0 And Early G1 R-HSA-1538133,1/27,0.2377920775242915,0.3310145481679866,0,0,3.821801314263626,5.489477227235043,MYC
Reactome_2022,VEGFR2 Mediated Vascular Permeability R-HSA-5218920,1/27,0.2377920775242915,0.3310145481679866,0,0,3.821801314263626,5.489477227235043,JUP
Reactome_2022,Insulin Processing R-HSA-264876,1/27,0.2377920775242915,0.3310145481679866,0,0,3.821801314263626,5.489477227235043,CPE
Reactome_2022,Diseases Of Signal Transduction By Growth Factor Receptors And Second Messengers R-HSA-5663202,6/424,0.2514058059425433,0.3492331697611899,0,0,1.4340748779164405,1.98000838128353,UBB;MYC;RPS6;LRRFIP1;RPS27A;UBA52
Reactome_2022,Adherens Junctions Interactions R-HSA-418990,1/29,0.252980772589684,0.3494079676874325,0,0,3.548456568557071,4.877147000705543,JUP
Reactome_2022,SUMOylation Of Intracellular Receptors R-HSA-4090294,1/29,0.252980772589684,0.3494079676874325,0,0,3.548456568557071,4.877147000705543,RORA
Reactome_2022,Potential Therapeutics For SARS R-HSA-9679191,2/97,0.253110289845866,0.3494079676874325,0,0,2.095162147793727,2.878606039624586,FXYD3;ATP1B3
Reactome_2022,Disorders Of Transmembrane Transporters R-HSA-5619115,3/176,0.2580693506463658,0.3555146241269438,0,0,1.7276781784572048,2.340186617756609,UBB;RPS27A;UBA52
Reactome_2022,Activation Of BH3-only Proteins R-HSA-114452,1/30,0.2604618012849767,0.3559380815936956,0,0,3.425922717033443,4.608890626901229,PMAIP1
Reactome_2022,RNA Polymerase I Transcription Termination R-HSA-73863,1/30,0.2604618012849767,0.3559380815936956,0,0,3.425922717033443,4.608890626901229,POLR1D
Reactome_2022,FGFR1 Mutant Receptor Activation R-HSA-1839124,1/30,0.2604618012849767,0.3559380815936956,0,0,3.425922717033443,4.608890626901229,LRRFIP1
Reactome_2022,Cellular Response To Heat Stress R-HSA-3371556,2/99,0.2605209452628556,0.3559380815936956,0,0,2.0517546600020826,2.7597577787968723,EEF1A1;UBB
Reactome_2022,Pyruvate Metabolism R-HSA-70268,1/31,0.2678682819607093,0.3652249265336981,0,0,3.3115577889447234,4.362182296847866,LDHA
Reactome_2022,RNA Polymerase I Promoter Opening R-HSA-73728,1/32,0.2752009537742224,0.3736880026709277,0,0,3.204571243313341,4.1347099266061775,H2AZ1
Reactome_2022,Nuclear Signaling By ERBB4 R-HSA-1251985,1/32,0.2752009537742224,0.3736880026709277,0,0,3.204571243313341,4.1347099266061775,APOE
Reactome_2022,Packaging Of Telomere Ends R-HSA-171306,1/33,0.2824605485993796,0.3812069192479432,0,0,3.1042713567839195,3.9244707255325473,H2AZ1
Reactome_2022,Amino Acid Transport Across Plasma Membrane R-HSA-352230,1/33,0.2824605485993796,0.3812069192479432,0,0,3.1042713567839195,3.9244707255325473,SLC38A2
Reactome_2022,Plasma Lipoprotein Remodeling R-HSA-8963899,1/33,0.2824605485993796,0.3812069192479432,0,0,3.1042713567839195,3.9244707255325473,APOE
Reactome_2022,Cell Cycle Checkpoints R-HSA-69620,4/271,0.2873293988048312,0.38619705476723,0,0,1.4930061912405412,1.8619668248270789,RPS27;UBB;RPS27A;UBA52
Reactome_2022,DNA Methylation R-HSA-5334118,1/34,0.2896477910754225,0.38619705476723,0,0,3.010050251256281,3.7297219848476746,H2AZ1
Reactome_2022,Detoxification Of Reactive Oxygen Species R-HSA-3299685,1/34,0.2896477910754225,0.38619705476723,0,0,3.010050251256281,3.7297219848476746,PRDX2
Reactome_2022,EPHB-mediated Forward Signaling R-HSA-3928662,1/34,0.2896477910754225,0.38619705476723,0,0,3.010050251256281,3.7297219848476746,ARPC2
Reactome_2022,Transcriptional Regulation By E2F6 R-HSA-8953750,1/34,0.2896477910754225,0.38619705476723,0,0,3.010050251256281,3.7297219848476746,UXT
Reactome_2022,Lysosome Vesicle Biogenesis R-HSA-432720,1/34,0.2896477910754225,0.38619705476723,0,0,3.010050251256281,3.7297219848476746,VAMP8
Reactome_2022,RNA Polymerase III Transcription Initiation R-HSA-76046,1/35,0.2967633987534311,0.3948915766979525,0,0,2.9213715637008573,3.54894088012851,POLR1D
Reactome_2022,Activated PKN1 Stimulates Transcription Of Androgen Receptor Regulated KLK2 And KLK3 R-HSA-5625886,1/36,0.3038080819844295,0.3994625077973489,0,0,2.8377602297200286,3.380791434126185,H2AZ1
Reactome_2022,RHO GTPases Activate WASPs And WAVEs R-HSA-5663213,1/36,0.3038080819844295,0.3994625077973489,0,0,2.8377602297200286,3.380791434126185,ARPC2
Reactome_2022,Signaling By FGFR1 In Disease R-HSA-5655302,1/36,0.3038080819844295,0.3994625077973489,0,0,2.8377602297200286,3.380791434126185,LRRFIP1
Reactome_2022,Glutathione Conjugation R-HSA-156590,1/36,0.3038080819844295,0.3994625077973489,0,0,2.8377602297200286,3.380791434126185,MGST2
Reactome_2022,HSF1-dependent Transactivation R-HSA-3371571,1/36,0.3038080819844295,0.3994625077973489,0,0,2.8377602297200286,3.380791434126185,UBB
Reactome_2022,NR1H3 And NR1H2 Regulate Gene Expression Linked To Cholesterol Transport And Efflux R-HSA-9029569,1/36,0.3038080819844295,0.3994625077973489,0,0,2.8377602297200286,3.380791434126185,APOE
Reactome_2022,Vesicle-mediated Transport R-HSA-5653656,8/637,0.3063447953324443,0.4020018658117451,0,0,1.2699390567037625,1.502393818532199,VAMP8;ARPC2;UBB;APOE;ADRB2;RPS27A;UBA52;CD55
Reactome_2022,Mitotic Prophase R-HSA-68875,2/112,0.3086170575351828,0.4041848643064328,0,0,1.808080808080808,2.1256775548508937,H2AZ1;ENSA
Reactome_2022,Cleavage Of Damaged Purine R-HSA-110331,1/37,0.3107825442509396,0.4054216294354105,0,0,2.758793969849246,3.2240971983470845,H2AZ1
Reactome_2022,SIRT1 Negatively Regulates rRNA Expression R-HSA-427359,1/37,0.3107825442509396,0.4054216294354105,0,0,2.758793969849246,3.2240971983470845,H2AZ1
Reactome_2022,Asparagine N-linked Glycosylation R-HSA-446203,4/282,0.3120033873305923,0.4058991851952532,0,0,1.4331228894435473,1.669217323301339,UBB;RPS27A;UBA52;CD55
Reactome_2022,Muscle Contraction R-HSA-397014,3/196,0.3123712102933349,0.4058991851952532,0,0,1.547066095052734,1.8001089005066375,MYL6;FXYD3;ATP1B3
Reactome_2022,Assembly Of ORC Complex At Origin Of Replication R-HSA-68616,1/38,0.3176874819497763,0.4120009531536162,0,0,2.684096156457965,3.07781854672427,H2AZ1
Reactome_2022,Metabolism Of Carbohydrates R-HSA-71387,4/285,0.3187709238724398,0.4126001821662768,0,0,1.417604764325659,1.6207227772940436,UBB;RPS27A;UBA52;CD44
Reactome_2022,PPARA Activates Gene Expression R-HSA-1989781,2/116,0.3233184189046689,0.4168610294227187,0,0,1.7442849548112709,1.969502884306064,RORA;PLIN2
Reactome_2022,Epigenetic Regulation Of Gene Expression R-HSA-212165,2/116,0.3233184189046689,0.4168610294227187,0,0,1.7442849548112709,1.969502884306064,H2AZ1;POLR1D
Reactome_2022,NGF-stimulated Transcription R-HSA-9031628,1/39,0.3245235847719431,0.4176039928073066,0,0,2.6133298069293835,2.941033694945818,SGK1
Reactome_2022,Regulation Of Lipid Metabolism By PPARalpha R-HSA-400206,2/118,0.3306405252999629,0.4238489008329115,0,0,1.7140369209334727,1.8969649746192256,RORA;PLIN2
Reactome_2022,Amine Ligand-Binding Receptors R-HSA-375280,1/40,0.3312915354401823,0.4238489008329115,0,0,2.54619250096637,2.8129227654318845,ADRB2
Reactome_2022,RNA Polymerase III Abortive And Retractive Initiation R-HSA-749476,1/40,0.3312915354401823,0.4238489008329115,0,0,2.54619250096637,2.8129227654318845,POLR1D
Reactome_2022,RHO GTPases Activate Formins R-HSA-5663220,2/119,0.3342934948533607,0.4260477554369127,0,0,1.6993006993006994,1.8619848571697335,RPS27;PFN1
Reactome_2022,Estrogen-dependent Gene Expression R-HSA-9018519,2/119,0.3342934948533607,0.4260477554369127,0,0,1.6993006993006994,1.8619848571697335,H2AZ1;MYC
Reactome_2022,Binding And Uptake Of Ligands By Scavenger Receptors R-HSA-2173782,1/41,0.3379920100397979,0.4282952188290569,0,0,2.4824120603015074,2.6927543377926204,APOE
Reactome_2022,Carboxyterminal Post-Translational Modifications Of Tubulin R-HSA-8955332,1/41,0.3379920100397979,0.4282952188290569,0,0,2.4824120603015074,2.6927543377926204,TUBA1C
Reactome_2022,MTOR Signaling R-HSA-165159,1/41,0.3379920100397979,0.4282952188290569,0,0,2.4824120603015074,2.6927543377926204,RPS6
Reactome_2022,PRC2 Methylates Histones And DNA R-HSA-212300,1/42,0.344625677945044,0.4317574531236023,0,0,2.4217428606446867,2.579874053958348,H2AZ1
Reactome_2022,Cleavage Of Damaged Pyrimidine R-HSA-110329,1/42,0.344625677945044,0.4317574531236023,0,0,2.4217428606446867,2.579874053958348,H2AZ1
Reactome_2022,Defective Pyroptosis R-HSA-9710421,1/42,0.344625677945044,0.4317574531236023,0,0,2.4217428606446867,2.579874053958348,H2AZ1
Reactome_2022,"Gamma Carboxylation, Hypusine Formation And Arylsulfatase Activation R-HSA-163841",1/42,0.344625677945044,0.4317574531236023,0,0,2.4217428606446867,2.579874053958348,EEF2
Reactome_2022,Vasopressin Regulates Renal Water Homeostasis Via Aquaporins R-HSA-432040,1/42,0.344625677945044,0.4317574531236023,0,0,2.4217428606446867,2.579874053958348,AQP3
Reactome_2022,tRNA Aminoacylation R-HSA-379724,1/42,0.344625677945044,0.4317574531236023,0,0,2.4217428606446867,2.579874053958348,PPA1
Reactome_2022,Condensation Of Prophase Chromosomes R-HSA-2299718,1/43,0.3511932019412653,0.4375089795290809,0,0,2.363962670495334,2.473694919601735,H2AZ1
Reactome_2022,Retinoid Metabolism And Transport R-HSA-975634,1/43,0.3511932019412653,0.4375089795290809,0,0,2.363962670495334,2.473694919601735,APOE
Reactome_2022,Smooth Muscle Contraction R-HSA-445355,1/43,0.3511932019412653,0.4375089795290809,0,0,2.363962670495334,2.473694919601735,MYL6
Reactome_2022,Hemostasis R-HSA-109582,7/576,0.3544119963090184,0.4406920703168318,0,0,1.2258302448619067,1.271547842731637,SERPINB2;CXADR;ATP1B3;PFN1;PPIA;CD44;TUBA4A
Reactome_2022,"Base-Excision Repair, AP Site Formation R-HSA-73929",1/44,0.3576952382847675,0.443943249011375,0,0,2.308869931050602,2.373689018141451,H2AZ1
Reactome_2022,Cardiac Conduction R-HSA-5576891,2/126,0.3596901730363681,0.4455863337614709,0,0,1.6028022157054416,1.638884897548312,FXYD3;ATP1B3
Reactome_2022,Regulation Of Complement Cascade R-HSA-977606,1/45,0.3641324366778817,0.4485787346087448,0,0,2.256281407035176,2.279380404926681,CD55
Reactome_2022,ERCC6 (CSB) And EHMT2 (G9a) Positively Regulate rRNA Expression R-HSA-427389,1/45,0.3641324366778817,0.4485787346087448,0,0,2.256281407035176,2.279380404926681,H2AZ1
Reactome_2022,Heme Signaling R-HSA-9707616,1/45,0.3641324366778817,0.4485787346087448,0,0,2.256281407035176,2.279380404926681,RORA
Reactome_2022,RNA Polymerase I Transcription Initiation R-HSA-73762,1/46,0.3705054405101429,0.4547423521233547,0,0,2.2060301507537687,2.1903389894516705,POLR1D
Reactome_2022,NR1H2 And NR1H3-mediated Signaling R-HSA-9024446,1/46,0.3705054405101429,0.4547423521233547,0,0,2.2060301507537687,2.1903389894516705,APOE
Reactome_2022,DNA Repair R-HSA-73894,4/310,0.3754241757308193,0.4599292484967971,0,0,1.3001200480192077,1.2737259949705566,H2AZ1;UBB;RPS27A;UBA52
Reactome_2022,Metabolism Of Fat-Soluble Vitamins R-HSA-6806667,1/47,0.376814886705751,0.4607828448851172,0,0,2.1579637317019884,2.1061752538856453,APOE
Reactome_2022,Inhibition Of DNA Recombination At Telomere R-HSA-9670095,1/48,0.3830614060395898,0.4675602456071464,0,0,2.111942692184326,2.026535673888961,H2AZ1
Reactome_2022,Membrane Trafficking R-HSA-199991,7/599,0.3920185463225354,0.4776152564369973,0,0,1.1767959669514074,1.1020060270078291,VAMP8;ARPC2;UBB;ADRB2;RPS27A;UBA52;CD55
Reactome_2022,MAPK Family Signaling Cascades R-HSA-5683057,4/318,0.393526493659192,0.4785743439371858,0,0,1.2664760171584557,1.181124253491201,UBB;MYC;RPS27A;UBA52
Reactome_2022,Aquaporin-mediated Transport R-HSA-445717,1/50,0.3953681557510544,0.4790592252166061,0,0,2.025535842477695,1.8795714928238212,AQP3
Reactome_2022,Neurotransmitter Release Cycle R-HSA-112310,1/50,0.3953681557510544,0.4790592252166061,0,0,2.025535842477695,1.8795714928238212,SLC38A2
Reactome_2022,Complex I Biogenesis R-HSA-6799198,1/51,0.4014296166851454,0.4855177877576257,0,0,1.984924623115578,1.8116864795932897,NDUFB11
Reactome_2022,"Nucleotide-binding Domain, Leucine Rich Repeat Containing NLR Signaling Pathways R-HSA-168643",1/53,0.4133717413870322,0.4972442686249808,0,0,1.9083880943177425,1.6858852917962188,PYCARD
Reactome_2022,Deposition Of New CENPA-containing Nucleosomes At Centromere R-HSA-606279,1/53,0.4133717413870322,0.4972442686249808,0,0,1.9083880943177425,1.6858852917962188,H2AZ1
Reactome_2022,Nuclear Receptor Transcription Pathway R-HSA-383280,1/53,0.4133717413870322,0.4972442686249808,0,0,1.9083880943177425,1.6858852917962188,RORA
Reactome_2022,Pyruvate Metabolism And Citric Acid (TCA) Cycle R-HSA-71406,1/54,0.4192535996279672,0.5024988991930871,0,0,1.8722859580923483,1.627539412897697,LDHA
Reactome_2022,RHOJ GTPase Cycle R-HSA-9013409,1/54,0.4192535996279672,0.5024988991930871,0,0,1.8722859580923483,1.627539412897697,JUP
Reactome_2022,Neddylation R-HSA-8951664,3/237,0.4234857210027232,0.5049212496335662,0,0,1.2733307301835222,1.0940909438207178,UBB;RPS27A;UBA52
Reactome_2022,Complement Cascade R-HSA-166658,1/55,0.4250767749174149,0.5049212496335662,0,0,1.8375209380234503,1.5719724807707876,CD55
Reactome_2022,Signaling By ALK Fusions And Activated Point Mutants R-HSA-9725370,1/55,0.4250767749174149,0.5049212496335662,0,0,1.8375209380234503,1.5719724807707876,RPS6
Reactome_2022,Golgi Associated Vesicle Biogenesis R-HSA-432722,1/55,0.4250767749174149,0.5049212496335662,0,0,1.8375209380234503,1.5719724807707876,VAMP8
Reactome_2022,Intrinsic Pathway For Apoptosis R-HSA-109606,1/55,0.4250767749174149,0.5049212496335662,0,0,1.8375209380234503,1.5719724807707876,PMAIP1
Reactome_2022,Chromatin Modifying Enzymes R-HSA-3247509,3/238,0.426138772012098,0.5052788296714876,0,0,1.2678474997299924,1.0814615302256056,H2AZ1;ARID5B;RPS2
Reactome_2022,Deadenylation-dependent mRNA Decay R-HSA-429914,1/56,0.4308418497249187,0.5090373455824662,0,0,1.8040201005025125,1.5190105312629705,PABPC1
Reactome_2022,Meiotic Recombination R-HSA-912446,1/56,0.4308418497249187,0.5090373455824662,0,0,1.8040201005025125,1.5190105312629705,H2AZ1
Reactome_2022,RHOA GTPase Cycle R-HSA-8980692,2/147,0.433457636286527,0.5112182424409484,0,0,1.369209334726576,1.1446058954410874,JUP;ARHGDIB
Reactome_2022,CDC42 GTPase Cycle R-HSA-9013148,2/149,0.4402536949587857,0.5183128607316201,0,0,1.3504432075860646,1.107909196685694,JUP;ARHGDIB
Reactome_2022,RHOQ GTPase Cycle R-HSA-9013406,1/59,0.4477942115947188,0.5262572681396342,0,0,1.7104487957026513,1.3742113392020114,JUP
Reactome_2022,SLC-mediated Transmembrane Transport R-HSA-425407,3/247,0.4498174108345097,0.5267703012241877,0,0,1.220520928684364,0.9750906863314656,SLC25A5;SLC38A2;SLC25A6
Reactome_2022,Leishmania Infection R-HSA-9658195,3/247,0.4498174108345097,0.5267703012241877,0,0,1.220520928684364,0.9750906863314656,PYCARD;ARPC2;ADRB2
Reactome_2022,FCGR3A-mediated Phagocytosis R-HSA-9664422,1/60,0.4533325962584122,0.5280927086238346,0,0,1.681372966527553,1.330183274831934,ARPC2
Reactome_2022,Transcriptional Regulation By MECP2 R-HSA-8986944,1/60,0.4533325962584122,0.5280927086238346,0,0,1.681372966527553,1.330183274831934,SGK1
Reactome_2022,Meiotic Synapsis R-HSA-1221632,1/60,0.4533325962584122,0.5280927086238346,0,0,1.681372966527553,1.330183274831934,H2AZ1
Reactome_2022,Ca2+ Pathway R-HSA-4086398,1/61,0.4588157080798082,0.5298324002869437,0,0,1.6532663316582914,1.288070804786777,MYC
Reactome_2022,Cell-cell Junction Organization R-HSA-421270,1/61,0.4588157080798082,0.5298324002869437,0,0,1.6532663316582914,1.288070804786777,JUP
Reactome_2022,DNA Damage/Telomere Stress Induced Senescence R-HSA-2559586,1/61,0.4588157080798082,0.5298324002869437,0,0,1.6532663316582914,1.288070804786777,H2AZ1
Reactome_2022,Signaling By FGFR In Disease R-HSA-1226099,1/61,0.4588157080798082,0.5298324002869437,0,0,1.6532663316582914,1.288070804786777,LRRFIP1
Reactome_2022,Nuclear Events (Kinase And Transcription Factor Activation) R-HSA-198725,1/61,0.4588157080798082,0.5298324002869437,0,0,1.6532663316582914,1.288070804786777,SGK1
Reactome_2022,Pre-NOTCH Transcription And Translation R-HSA-1912408,1/62,0.4642440960951576,0.5342427726294362,0,0,1.6260812258011368,1.2477649663473405,H2AZ1
Reactome_2022,Regulation Of Actin Dynamics For Phagocytic Cup Formation R-HSA-2029482,1/62,0.4642440960951576,0.5342427726294362,0,0,1.6260812258011368,1.2477649663473405,ARPC2
Reactome_2022,Signaling By Rho GTPases R-HSA-194315,7/644,0.4654688362572474,0.5347254451121319,0,0,1.0911006092353244,0.8343756901736938,H2AZ1;MYL6;RPS27;JUP;ARPC2;ARHGDIB;PFN1
Reactome_2022,"Platelet Activation, Signaling And Aggregation R-HSA-76002",3/254,0.4679607396663785,0.5366596392719781,0,0,1.1860577992598136,0.9006577502301851,PFN1;PPIA;TUBA4A
Reactome_2022,Semaphorin Interactions R-HSA-373755,1/64,0.4749388686968527,0.543723118646052,0,0,1.574300071787509,1.1721753146425786,MYL6
Reactome_2022,FOXO-mediated Transcription R-HSA-9614085,1/65,0.4802063242660991,0.5488072277326848,0,0,1.5496231155778897,1.1367096495006708,BTG1
Reactome_2022,Signaling By Nuclear Receptors R-HSA-9006931,3/260,0.4833003012573331,0.5513941581355141,0,0,1.1580122064429477,0.8420104504443533,H2AZ1;MYC;APOE
Reactome_2022,RUNX1 Regulates Genes Involved In Megakaryocyte Differentiation And Platelet Function R-HSA-8936459,1/66,0.4854211976341649,0.5519172521045986,0,0,1.525705450328566,1.1026857881843173,H2AZ1
Reactome_2022,Integrin Cell Surface Interactions R-HSA-216083,1/66,0.4854211976341649,0.5519172521045986,0,0,1.525705450328566,1.1026857881843173,CD44
Reactome_2022,"Signaling By Rho GTPases, Miro GTPases And RHOBTB3 R-HSA-9716542",7/660,0.4911826756724179,0.5575133276008299,0,0,1.063477453601949,0.7560677804828121,H2AZ1;MYL6;RPS27;JUP;ARPC2;ARHGDIB;PFN1
Reactome_2022,RHOB GTPase Cycle R-HSA-9013026,1/69,0.500755522308534,0.566442362543214,0,0,1.4581732190363583,1.0085269537658983,JUP
Reactome_2022,Loss Of Nlp From Mitotic Centrosomes R-HSA-380259,1/69,0.500755522308534,0.566442362543214,0,0,1.4581732190363583,1.0085269537658983,TUBA4A
Reactome_2022,PIP3 Activates AKT Signaling R-HSA-1257604,3/268,0.5034227508283917,0.5684909975341021,0,0,1.1225936213006418,0.7704640704697314,UBB;RPS27A;UBA52
Reactome_2022,trans-Golgi Network Vesicle Budding R-HSA-199992,1/71,0.5107249334696091,0.5749404222502181,0,0,1.416367552045944,0.9516915272016224,VAMP8
Reactome_2022,RAF/MAP Kinase Cascade R-HSA-5673001,3/271,0.5108657366379951,0.5749404222502181,0,0,1.109856807333889,0.7454336261293657,UBB;RPS27A;UBA52
Reactome_2022,AURKA Activation By TPX2 R-HSA-8854518,1/72,0.5156351033007534,0.5773721898679599,0,0,1.396347936867436,0.9248793332622998,TUBA4A
Reactome_2022,Base Excision Repair R-HSA-73884,1/72,0.5156351033007534,0.5773721898679599,0,0,1.396347936867436,0.9248793332622998,H2AZ1
Reactome_2022,Interferon Alpha/Beta Signaling R-HSA-909733,1/72,0.5156351033007534,0.5773721898679599,0,0,1.396347936867436,0.9248793332622998,IRF6
Reactome_2022,RHOC GTPase Cycle R-HSA-9013106,1/73,0.5204962404113022,0.5805001825414899,0,0,1.3768844221105527,0.8990678202624621,JUP
Reactome_2022,Organelle Biogenesis And Maintenance R-HSA-1852241,3/275,0.5206985624411984,0.5805001825414899,0,0,1.0933114362496268,0.7134775280501673,ATP5MC2;ATP5F1D;TUBA4A
Reactome_2022,Post-translational Protein Modification R-HSA-597592,14/1383,0.521051368666759,0.5805001825414899,0,0,1.0133524980953057,0.6606112280460575,LYPD3;RORA;ADRB2;EEF2;EEF1A1;TUBA1C;UBB;MYC;LY6D;APOE;RPS2;RPS27A;UBA52;CD55
Reactome_2022,Class I MHC Mediated Antigen Processing And Presentation R-HSA-983169,4/378,0.5247368390298401,0.5826073499655773,0,0,1.0600240096038416,0.683565387911538,VAMP8;UBB;RPS27A;UBA52
Reactome_2022,RHOG GTPase Cycle R-HSA-9013408,1/74,0.5253088319278648,0.5826073499655773,0,0,1.3579541543333105,0.8742087038575203,ARHGDIB
Reactome_2022,MAPK1/MAPK3 Signaling R-HSA-5684996,3/277,0.5255750039599109,0.5826073499655773,0,0,1.0852199044054984,0.6980811277837914,UBB;RPS27A;UBA52
Reactome_2022,Transcriptional Regulation By Small RNAs R-HSA-5578749,1/76,0.5347903032317255,0.5918346022431096,0,0,1.321608040201005,0.8271687875669174,H2AZ1
Reactome_2022,Pre-NOTCH Expression And Processing R-HSA-1912422,1/78,0.544083319204552,0.6011170115670923,0,0,1.2871500358937544,0.7834275809102157,H2AZ1
Reactome_2022,COPI-mediated Anterograde Transport R-HSA-6807878,1/80,0.5531916072648388,0.6091529473032389,0,0,1.254436740665352,0.7426903392796255,CD55
Reactome_2022,Recruitment Of NuMA To Mitotic Centrosomes R-HSA-380320,1/80,0.5531916072648388,0.6091529473032389,0,0,1.254436740665352,0.7426903392796255,TUBA4A
Reactome_2022,Mitotic Prometaphase R-HSA-68877,2/186,0.5571827441654297,0.6110527089614948,0,0,1.0768555116381204,0.6298118751293473,RPS27;TUBA4A
Reactome_2022,Centrosome Maturation R-HSA-380287,1/81,0.5576776229377498,0.6110527089614948,0,0,1.2386934673366834,0.7233650516865618,TUBA4A
Reactome_2022,Regulation Of HSF1-mediated Heat Shock Response R-HSA-3371453,1/81,0.5576776229377498,0.6110527089614948,0,0,1.2386934673366834,0.7233650516865618,UBB
Reactome_2022,ESR-mediated Signaling R-HSA-8939211,2/188,0.5629930408187093,0.6158605916039916,0,0,1.065167807103291,0.6119261357459725,H2AZ1;MYC
Reactome_2022,Cell Junction Organization R-HSA-446728,1/86,0.5794442849420854,0.6328141532920143,0,0,1.1655335501034585,0.636015065932131,JUP
Reactome_2022,Fcgamma Receptor (FCGR) Dependent Phagocytosis R-HSA-2029480,1/87,0.5836679914950987,0.6363802074757727,0,0,1.1519224027112305,0.6202214761277236,ARPC2
Reactome_2022,Meiosis R-HSA-1500620,1/88,0.5878494885157634,0.6398886235646998,0,0,1.138624155259054,0.6049331780092367,H2AZ1
Reactome_2022,Peptide Hormone Metabolism R-HSA-2980736,1/89,0.591989195722158,0.6433401406866005,0,0,1.1256281407035176,0.5901295699518402,CPE
Reactome_2022,Intracellular Signaling By Second Messengers R-HSA-9006925,3/306,0.5930719194885421,0.6434636512097908,0,0,0.9798964668040409,0.5119367246081294,UBB;RPS27A;UBA52
Reactome_2022,Antigen Processing: Ubiquitination And Proteasome Degradation R-HSA-983168,3/307,0.5952868706141385,0.6448131844825253,0,0,0.9766230296553566,0.5065859425088708,UBB;RPS27A;UBA52
Reactome_2022,Activation Of HOX Genes During Differentiation R-HSA-5619507,1/91,0.6001448988156681,0.6490166332469115,0,0,1.100502512562814,0.5618991453376235,H2AZ1
Reactome_2022,Adaptive Immune System R-HSA-1280218,7/733,0.6026651314090047,0.6501837566155044,0,0,0.952896844088554,0.4825408386668068,VAMP8;CXADR;UBB;REL;RPS27A;PPIA;UBA52
Reactome_2022,Class B/2 (Secretin Family Receptors) R-HSA-373080,1/92,0.6041617136020576,0.6501837566155044,0,0,1.0883538571980782,0.5484360698708618,CD55
Reactome_2022,Telomere Maintenance R-HSA-157579,1/92,0.6041617136020576,0.6501837566155044,0,0,1.0883538571980782,0.5484360698708618,H2AZ1
Reactome_2022,Unattached Kinetochores Signal Amplification Via A MAD2 Inhibitory Signal R-HSA-141444,1/93,0.6081383763355012,0.6512965836883432,0,0,1.0764693030369237,0.5353850545471538,RPS27
Reactome_2022,RAC3 GTPase Cycle R-HSA-9013423,1/93,0.6081383763355012,0.6512965836883432,0,0,1.0764693030369237,0.5353850545471538,ARHGDIB
Reactome_2022,VEGFA-VEGFR2 Pathway R-HSA-4420097,1/93,0.6081383763355012,0.6512965836883432,0,0,1.0764693030369237,0.5353850545471538,JUP
Reactome_2022,Metabolism Of Nucleotides R-HSA-15869,1/95,0.6159728391110465,0.6586247426243719,0,0,1.0534587832780926,0.5104559909803796,APRT
Reactome_2022,Anchoring Of Basal Body To Plasma Membrane R-HSA-5620912,1/97,0.6236514348962008,0.6646943062136073,0,0,1.0314070351758795,0.4869929254325685,TUBA4A
Reactome_2022,EML4 And NUDC In Mitotic Spindle Formation R-HSA-9648025,1/97,0.6236514348962008,0.6646943062136073,0,0,1.0314070351758795,0.4869929254325685,RPS27
Reactome_2022,Visual Phototransduction R-HSA-2187338,1/98,0.6274332493027582,0.6676533293862684,0,0,1.0207221675387246,0.4757769643136218,APOE
Reactome_2022,Signaling By VEGF R-HSA-194138,1/102,0.642186106799596,0.6822585198638907,0,0,0.9800985123637992,0.4340632175669919,JUP
Reactome_2022,Transport Of Inorganic Cations/Anions And Amino Acids/Oligopeptides R-HSA-425393,1/104,0.6493430720264805,0.6887600636191422,0,0,0.9609698980338586,0.4149411183845573,SLC38A2
Reactome_2022,Post-translational Protein Phosphorylation R-HSA-8957275,1/106,0.6563575850020138,0.6939831790467152,0,0,0.9425699928212492,0.3968686613882323,APOE
Reactome_2022,Resolution Of Sister Chromatid Cohesion R-HSA-2500257,1/106,0.6563575850020138,0.6939831790467152,0,0,0.9425699928212492,0.3968686613882323,RPS27
Reactome_2022,Phase II - Conjugation Of Compounds R-HSA-156580,1/107,0.6598123057378238,0.6965268219553498,0,0,0.933630416232104,0.388203405372955,MGST2
Reactome_2022,Gene Silencing By RNA R-HSA-211000,1/108,0.6632324670568477,0.6990259652789633,0,0,0.9248579345324754,0.3797741558133871,H2AZ1
Reactome_2022,Degradation Of Extracellular Matrix R-HSA-1474228,1/109,0.6666184129739804,0.7014811825906863,0,0,0.916247906197655,0.3715728772578474,CD44
Reactome_2022,Mitotic Spindle Checkpoint R-HSA-69618,1/110,0.6699704840956059,0.7038930402523454,0,0,0.9077958600341156,0.3635918695397154,RPS27
Reactome_2022,Reproduction R-HSA-1474165,1/113,0.6798268039735822,0.7131200597763959,0,0,0.8833452979181622,0.3408981557475202,H2AZ1
Reactome_2022,Signaling By NTRK1 (TRKA) R-HSA-187037,1/114,0.683046714602197,0.7153675370597141,0,0,0.8754836127540356,0.3337273716848506,SGK1
Reactome_2022,Chromosome Maintenance R-HSA-73886,1/118,0.6956073317848006,0.7273752256773349,0,0,0.845380749903363,0.3068478138715934,H2AZ1
Reactome_2022,Cell-Cell Communication R-HSA-1500931,1/120,0.701700639474265,0.7314430527643829,0,0,0.8310882141801444,0.294411674622422,JUP
Reactome_2022,Glycosaminoglycan Metabolism R-HSA-1630316,1/120,0.701700639474265,0.7314430527643829,0,0,0.8310882141801444,0.294411674622422,CD44
Reactome_2022,Regulation Of IGF Transport And Uptake By IGFBPs R-HSA-381426,1/123,0.7106137702230504,0.7384155609203528,0,0,0.8105280500864981,0.2768976317492876,APOE
Reactome_2022,Immunoregulatory Interactions Between A Lymphoid And A non-Lymphoid Cell R-HSA-198933,1/123,0.7106137702230504,0.7384155609203528,0,0,0.8105280500864981,0.2768976317492876,CXADR
Reactome_2022,ADORA2B Mediated Anti-Inflammatory Cytokine Production R-HSA-9660821,1/131,0.7331076000158043,0.7605991350163971,0,0,0.7603401623502126,0.2360573310794884,ADRB2
Reactome_2022,Signaling By NTRKs R-HSA-166520,1/132,0.7357941059880472,0.7621954545648415,0,0,0.7544976792358741,0.2314836202546984,SGK1
Reactome_2022,ER To Golgi Anterograde Transport R-HSA-199977,1/133,0.7384537036728938,0.7637589707769492,0,0,0.7487437185929648,0.2270167509014778,CD55
Reactome_2022,G Alpha (S) Signaling Events R-HSA-418555,1/153,0.7863891079150508,0.8120721114394925,0,0,0.6495636075112404,0.1560924478581284,ADRB2
Reactome_2022,Transport To Golgi And Subsequent Modification R-HSA-948021,1/164,0.8089149773235216,0.8340365604702148,0,0,0.6053889077288281,0.128379657736663,CD55
Reactome_2022,Anti-inflammatory Response Favoring Leishmania Infection R-HSA-9662851,1/165,0.8108416098036432,0.8347268665265413,0,0,0.6016668709400662,0.1261590415104338,ADRB2
Reactome_2022,SUMO E3 Ligases SUMOylate Target Proteins R-HSA-3108232,1/168,0.8165063001156674,0.8392572496544941,0,0,0.5907682123190804,0.1197609163547349,RORA
Reactome_2022,SUMOylation R-HSA-2990846,1/174,0.8273342321436886,0.8490725349975413,0,0,0.5701048595579051,0.1080613895941531,RORA
Reactome_2022,RAC1 GTPase Cycle R-HSA-9013149,1/178,0.8341972043024418,0.8547946661370701,0,0,0.5571075717570906,0.1009954960513889,ARHGDIB
Reactome_2022,GPCR Ligand Binding R-HSA-500792,3/458,0.8398015942151279,0.85921149238651,0,0,0.6474591398449266,0.1130396402747082,GPNMB;ADRB2;CD55
Reactome_2022,Class A/1 (Rhodopsin-like Receptors) R-HSA-373076,2/327,0.8414332967958356,0.8595564754960535,0,0,0.6052836052836053,0.1045013280272035,GPNMB;ADRB2
Reactome_2022,Cilium Assembly R-HSA-5617833,1/186,0.8471194043176771,0.8627105589983705,0,0,0.5327991307890806,0.0883986330790981,TUBA4A
Reactome_2022,Metabolism Of Vitamins And Cofactors R-HSA-196854,1/186,0.8471194043176771,0.8627105589983705,0,0,0.5327991307890806,0.0883986330790981,APOE
Reactome_2022,Peptide Ligand-Binding Receptors R-HSA-375276,1/196,0.8618716082753269,0.8763901192876219,0,0,0.5052183996907615,0.075100192580976,GPNMB
Reactome_2022,Signal Transduction R-HSA-162582,20/2465,0.8689827484975727,0.8822699464868322,0,0,0.7886843899113838,0.1107565310120096,H2AZ1;JUP;RPS6;RORA;SPINT2;ADRB2;MYL6;RPS27;GPNMB;ARPC2;UBB;MYC;ARHGDIB;RACK1;APOE;PFN1;SGK1;RPS27A;UBA52;CD55
Reactome_2022,G Alpha (Q) Signaling Events R-HSA-416476,1/212,0.8825844796760208,0.8947115946639356,0,0,0.4665269475338779,0.0582695736095748,GPNMB
Reactome_2022,Biological Oxidations R-HSA-211859,1/218,0.8895281226354582,0.900376026570037,0,0,0.4534886413634995,0.053087265123602,MGST2
Reactome_2022,Transmission Across Chemical Synapses R-HSA-112315,1/246,0.9168999781627214,0.9266690799087473,0,0,0.4010870679930263,0.0347970657329219,SLC38A2
Reactome_2022,RHO GTPase Cycle R-HSA-9012999,2/441,0.9371535670261883,0.9456990402817465,0,0,0.4454798555026345,0.0289152589988334,JUP;ARHGDIB
Reactome_2022,Extracellular Matrix Organization R-HSA-1474244,1/291,0.9474576247830658,0.9546462258815716,0,0,0.3380696586380177,0.0182466560691828,CD44
Reactome_2022,Signaling By GPCR R-HSA-372790,3/689,0.9703936174707236,0.97627479090994,0,0,0.4243092450903494,0.0127519772985216,GPNMB;ADRB2;CD55
Reactome_2022,Neuronal System R-HSA-112316,1/386,0.9801061448426408,0.9845544329432884,0,0,0.2534099066762383,0.0050921205656449,SLC38A2
Reactome_2022,GPCR Downstream Signaling R-HSA-388396,2/619,0.986578116840002,0.989558715380304,0,0,0.3140480984889413,0.004243659976796,GPNMB;ADRB2
Reactome_2022,Metabolism Of Lipids R-HSA-556833,2/732,0.9951755740205468,0.996676592985887,0,0,0.2638715926387159,0.0012761096962706,PLIN2;RORA
Reactome_2022,Sensory Perception R-HSA-9709957,1/616,0.9981401114368308,0.9981401114368308,0,0,0.1567594067900478,0.0002918264944395384,APOE
