Gene_set,Term,Overlap,P-value,Adjusted P-value,Old P-value,Old Adjusted P-value,Odds Ratio,Combined Score,Genes
GO_Biological_Process_2023,Cytoplasmic Translation (GO:0002181),76/93,1.1807196858730804e-141,1.3165024497484848e-138,0,0,713.2390891840607,231444.9246823116,RPL5;RPL30;RPL3;RPL32;RPL31;RPL34;RPLP1;RPLP0;RPL10A;RPL8;RPL9;RPL6;RPL7;RPS15;RPS4X;RPL7A;RPS14;RPS17;RPS16;RPL18A;RPS19;RPL36AL;RPS18;RACK1;RPL36;RPL35;RPLP2;RPL38;RPL37;RPS11;RPL39;RPS10;RPS13;RPS9;RPL21;RPS7;RPS8;RPS5;RPL22;RPS6;RPL13A;RPS3A;RPSA;RPL37A;RPL24;RPL27;RPL26;RPL29;RPL28;UBA52;RPL10;RPL12;RPL11;RPS15A;RPL14;RPS3;RPL13;RPL15;RPS2;RPL18;RPS27A;RPL17;RPL19;RPL41;RPL35A;RPL23A;RPS26;RPS25;RPS28;RPS27;RPS29;RPL27A;RPS20;FAU;RPS24;RPS23
GO_Biological_Process_2023,Peptide Biosynthetic Process (GO:0043043),75/158,1.3951452843424306e-111,7.77793496020905e-109,0,0,142.53253012048194,36381.990855797725,RPL5;RPL30;RPL3;RPL32;RPL31;RPL34;RPLP1;RPLP0;RPL10A;RPL8;RPL9;RPL6;RPL7;RPS15;RPS4X;RPS14;RPL7A;RPS17;RPS16;RPL18A;RPS19;RPL36AL;RPS18;RPL36;RPL35;RPLP2;RPL38;RPL37;RPS11;RPL39;RPS10;RPS13;RPS9;RPL21;RPS7;RPS8;RPS5;RPL22;RPS6;RPL13A;RPSA;RPS3A;EEF1A1;RPL37A;RPL24;RPL27;RPL26;RPL29;RPL28;RPL10;RPL12;RPL11;RPS15A;RPL14;RPS3;RPL13;RPL15;RPS2;RPL18;RPS27A;RPL17;RPL19;RPL41;RPL35A;RPL23A;RPS26;RPS25;RPS28;RPS27;RPS29;RPL27A;RPS20;FAU;RPS24;RPS23
GO_Biological_Process_2023,Macromolecule Biosynthetic Process (GO:0009059),77/183,1.8347863649936878e-109,6.819289323226538e-107,0,0,116.30909648719128,29120.87224745509,RPL5;RPL30;RPL3;RPL32;RPL31;RPL34;RPLP1;RPLP0;RPL10A;RPL8;RPL9;RPL6;RPL7;EEF1B2;RPS15;RPS4X;RPS14;RPL7A;RPS17;RPS16;RPL18A;RPS19;RPL36AL;RPS18;RPL36;RPL35;RPLP2;RPL38;RPL37;RPS11;RPL39;RPS10;RPS13;RPS9;RPL21;RPS7;RPS8;RPS5;RPL22;RPS6;RPL13A;RPSA;RPS3A;EEF1A1;EEF1D;RPL37A;RPL24;RPL27;RPL26;RPL29;RPL28;RPL10;RPL12;RPL11;RPS15A;RPL14;RPS3;RPL13;RPL15;RPS2;RPL18;RPS27A;RPL17;RPL19;RPL41;RPL35A;RPL23A;RPS26;RPS25;RPS28;RPS27;RPS29;RPL27A;RPS20;FAU;RPS24;RPS23
GO_Biological_Process_2023,Translation (GO:0006412),79/234,3.8006549091390644e-103,1.0594325559225142e-100,0,0,82.74886696880831,19514.7555913277,RPL5;RPL30;RPL3;RPL32;RPL31;RPL34;RPLP1;RPLP0;RPL8;RPL10A;RPL9;RPL6;RPL7;RPS15;EEF1B2;RPS4X;RPS14;RPL7A;RPS17;RPS16;RPS19;RPL18A;RPL36AL;RPS18;RPL36;RACK1;RPL35;RPLP2;RPL38;RPL37;RPS11;RPS10;RPL39;RPS13;RPS9;RPL21;RPS7;RPS8;RPS5;RPL22;RPS6;RPL13A;RPSA;RPS3A;EEF1A1;EEF1D;RPL37A;RPL24;RPL27;RPL26;RPL29;RPL28;UBA52;RPL10;RPL12;RPL11;RPS15A;RPL14;RPS3;RPL13;RPL15;RPS2;RPL18;RPS27A;RPL17;RPL19;RPL41;RPL35A;RPL23A;RPS26;RPS25;RPS28;RPS27;RPS29;RPL27A;RPS20;FAU;RPS24;RPS23
GO_Biological_Process_2023,Gene Expression (GO:0010467),76/296,1.796007296798053e-88,4.0050962718596576e-86,0,0,54.54838709677419,11021.060979258104,RPL5;RPL30;RPL3;RPL32;RPL31;RPL34;RPLP1;RPLP0;RPL8;RPL10A;RPL9;RPL6;RPL7;RPS15;RPS4X;RBM3;RPS14;RPL7A;RPS17;RPS16;RPS19;RPL18A;RPL36AL;RPS18;RPL36;RPL35;RPLP2;RPL38;RPL37;RPS11;RPS10;RPL39;RPS13;RPS9;RPL21;RPS7;RPS8;RPS5;RPL22;RPS6;RPL13A;RPSA;RPS3A;EEF1A1;RPL37A;RPL24;RPL27;RPL26;RPL29;RPL28;RPL10;RPL12;RPL11;RPS15A;RPL14;RPS3;RPL13;RPL15;RPS2;RPL18;RPS27A;RPL17;RPL19;RPL41;RPL35A;RPL23A;RPS26;RPS25;RPS28;RPS27;RPS29;RPL27A;RPS20;FAU;RPS24;RPS23
GO_Biological_Process_2023,Ribonucleoprotein Complex Biogenesis (GO:0022613),27/118,2.3939516829576178e-29,4.4487602108295736e-27,0,0,33.801880200724135,2227.6122618388963,RPL5;RPL11;RPL7;RPS15;RPS4X;RPS14;RPS17;RPS16;RPS15A;RPS19;RPL14;RPL38;RPS11;RPS13;RPS9;RPS7;RPS8;RPS5;RPS6;RPL35A;RPS3A;RPS25;RPS28;RPS27;RPL26;RPS24;RPS23
GO_Biological_Process_2023,Ribosome Biogenesis (GO:0042254),28/155,2.5216551947196357e-27,4.0166364887319904e-25,0,0,25.217176341329427,1544.422989438978,RPL5;RPL11;RPL7;RPS15;RPS4X;RPS14;RPS17;RPS16;RPS15A;RPS19;RPL14;RPS11;RPS13;RPS9;RPS7;RPS8;RPS5;RPS6;RPL35A;RPS3A;RPS25;RPS28;RPS27;RPL27;RPL26;NOP53;RPS24;RPS23
GO_Biological_Process_2023,Ribosomal Small Subunit Biogenesis (GO:0042274),22/84,1.677886800081722e-25,2.3385547276139002e-23,0,0,39.34722725625227,2244.644900326496,RPS9;RPS7;RPS8;RPS5;RPS6;RPS27L;RPS3A;RPSA;RPS15;RPS4X;RPS14;RPS25;RPS17;RPS28;RPS16;RPS15A;RPS27;RPS19;RPS11;RPS13;RPS24;RPS23
GO_Biological_Process_2023,rRNA Processing (GO:0006364),19/101,3.342705853728293e-19,4.141241141007829e-17,0,0,25.242015900821997,1073.8543256077662,RPL5;RPS7;RPS6;RPL11;RPL35A;RPL7;RPS15;RPS14;RPS25;RPS17;RPS28;RPS16;RPS27;RPS19;RPL14;RPL27;RPL26;NOP53;RPS24
GO_Biological_Process_2023,Ribosome Assembly (GO:0042255),15/50,9.728012563058002e-19,1.0846734007809671e-16,0,0,45.78764478764479,1899.0016860795013,RPL5;RPL10;RPS5;RPLP0;RPL11;RPS27L;RPSA;RPL23A;RPL6;RPS15;RPS14;RPS28;RPS27;RPS19;NOP53
GO_Biological_Process_2023,rRNA Metabolic Process (GO:0016072),18/91,1.1479797857843448e-18,1.1636340555904946e-16,0,0,26.726328466054493,1104.0252873590027,RPL5;RPS7;RPS6;RPL11;RPL35A;RPL7;RPS15;RPS25;RPS17;RPS28;RPS16;RPS27;RPS19;RPL14;RPL27;RPL26;NOP53;RPS24
GO_Biological_Process_2023,ncRNA Processing (GO:0034470),18/100,6.892080606864378e-18,6.403891563878152e-16,0,0,23.78209595282766,939.7770769293176,RPL5;RPS7;RPS6;RPL11;RPL35A;RPL7;RPS15;RPS25;RPS17;RPS28;RPS16;RPS27;RPS19;RPL14;RPL27;RPL26;NOP53;RPS24
GO_Biological_Process_2023,Aerobic Electron Transport Chain (GO:0019646),15/68,1.6391721307842722e-16,1.4059053275572801e-14,0,0,30.209586945436,1098.032997526289,COX8A;UQCRB;COX4I1;NDUFB4;NDUFA1;NDUFC2;COX7A2;UQCR11;COX6A1;COX5B;COX6C;COX7C;COX6B1;UQCRQ;NDUFS5
GO_Biological_Process_2023,Mitochondrial ATP Synthesis Coupled Electron Transport (GO:0042775),15/70,2.6196699715684264e-16,2.086380013070568e-14,0,0,29.10810810810811,1044.3498177063827,COX8A;UQCRB;COX4I1;NDUFB4;NDUFA1;NDUFC2;COX7A2;UQCR11;COX6A1;COX5B;COX6C;COX7C;COX6B1;UQCRQ;NDUFS5
GO_Biological_Process_2023,protein-RNA Complex Assembly (GO:0022618),19/150,7.437708874966636e-16,5.5286969303918667e-14,0,0,15.761081354645524,549.0340952336837,RPL5;RPL10;RPS5;RPLP0;RPL11;RPS27L;RPSA;RPL23A;RPL6;RPS15;RPS14;RPS28;RPS27;RPS19;SNRPD2;EIF3K;EIF3H;RPL38;NOP53
GO_Biological_Process_2023,Cellular Respiration (GO:0045333),15/85,5.729825087366504e-15,3.992971857758533e-13,0,0,22.853281853281853,749.4297603855837,COX8A;UQCRB;COX4I1;NDUFB4;NDUFA1;NDUFC2;COX7A2;UQCR11;COX6A1;COX5B;COX6C;COX7C;COX6B1;UQCRQ;NDUFS5
GO_Biological_Process_2023,Energy Derivation By Oxidation Of Organic Compounds (GO:0015980),11/43,3.298493837463027e-13,2.1634238992772207e-11,0,0,35.9537037037037,1033.3144872220562,COX8A;UQCRB;UQCRQ;COX4I1;COX7A2;UQCR11;COX5B;COX6A1;COX6C;COX7C;COX6B1
GO_Biological_Process_2023,Proton Motive Force-Driven ATP Synthesis (GO:0015986),12/60,6.596319307603269e-13,4.08605334887647e-11,0,0,26.26595744680851,736.6837879150592,ATP5PF;ATP5PD;NDUFS5;NDUFB4;ATP5MC2;NDUFA1;ATP5PO;NDUFC2;ATP5MJ;ATP5MG;ATP5F1D;ATP5F1E
GO_Biological_Process_2023,"Mitochondrial Electron Transport, Cytochrome C To Oxygen (GO:0006123)",8/16,1.0439320419810978e-12,6.126232772678548e-11,0,0,103.08333333333331,2843.8657546417603,COX8A;COX4I1;COX7A2;COX5B;COX6A1;COX6C;COX7C;COX6B1
GO_Biological_Process_2023,Ribosomal Small Subunit Assembly (GO:0000028),8/17,1.9550784748678923e-12,1.08995624973885e-10,0,0,91.625,2470.2641304648364,RPS15;RPS14;RPS28;RPS27;RPS19;RPS5;RPS27L;RPSA
GO_Biological_Process_2023,Ribosomal Large Subunit Biogenesis (GO:0042273),11/54,4.988639018184795e-12,2.6487297644171646e-10,0,0,26.741355973914114,695.9132501971595,RPL5;RPL10;RPLP0;RPL11;RPL14;RPL35A;RPL23A;RPL26;NOP53;RPL6;RPL7
GO_Biological_Process_2023,Oxidative Phosphorylation (GO:0006119),11/63,2.9676989939079197e-11,1.5040838082760595e-09,0,0,22.102971102971104,535.7903670148396,ATP5PF;ATP5PD;UQCRB;NDUFS5;NDUFB4;NDUFA1;ATP5PO;NDUFC2;ATP5MG;ATP5F1D;ATP5F1E
GO_Biological_Process_2023,ATP Biosynthetic Process (GO:0006754),8/25,8.122899910493494e-11,3.9378406087827174e-09,0,0,48.48774509803921,1126.552089519398,ATP5PF;ATP5PD;ATP5MC2;ATP5PO;ATP5MJ;ATP5MG;ATP5F1D;ATP5F1E
GO_Biological_Process_2023,Proton Motive Force-Driven Mitochondrial ATP Synthesis (GO:0042776),10/53,1.0705658109380518e-10,4.973670329983033e-09,0,0,24.18237454100367,555.1708203893505,ATP5PF;ATP5PD;NDUFS5;NDUFB4;NDUFA1;ATP5PO;NDUFC2;ATP5MG;ATP5F1D;ATP5F1E
GO_Biological_Process_2023,Ribosomal Large Subunit Assembly (GO:0000027),7/22,1.351695293815181e-09,6.028561010415709e-08,0,0,47.83937823834197,976.971297878164,RPL5;RPL10;RPL11;RPLP0;RPL23A;NOP53;RPL6
GO_Biological_Process_2023,Regulation Of Translation (GO:0006417),15/202,1.9603396566935163e-09,8.406841220051041e-08,0,0,8.503974562798092,170.50594929080646,RPL5;RPL10;CIRBP;RPS27L;RPL13A;YBX1;EIF1;RPS4X;RBM3;RACK1;RPS3;EIF3H;RPL26;VIM;GAPDH
GO_Biological_Process_2023,Positive Regulation Of Signal Transduction By P53 Class Mediator (GO:1901798),6/21,4.4416842989698815e-08,1.8342511086486731e-06,0,0,40.79381443298969,690.6248819207933,RPS15;RPS7;UBB;RPS20;RPL37;RPL17
GO_Biological_Process_2023,Negative Regulation Of Ubiquitin-Dependent Protein Catabolic Process (GO:2000059),7/39,1.0557617279730362e-07,4.2041940238926266e-06,0,0,22.405440414507773,359.9172559673157,RPL5;RPS7;RPL11;EIF3H;PARK7;RPL17;NOP53
GO_Biological_Process_2023,Regulation Of Signal Transduction By P53 Class Mediator (GO:1901796),7/47,4.034703193451753e-07,1.551273814034036e-05,0,0,17.917098445595855,263.7963592880561,RPS15;RPL5;RPL11;RPS20;RPL37;RPL17;NOP53
GO_Biological_Process_2023,Negative Regulation Of Ubiquitin-Protein Transferase Activity (GO:0051444),5/17,5.33779780081584e-07,1.9198853380353743e-05,0,0,42.282051282051285,610.6916104961218,RPL5;RPS7;RPL11;PARK7;RPL17
GO_Biological_Process_2023,Regulation Of Ubiquitin Protein Ligase Activity (GO:1904666),5/17,5.33779780081584e-07,1.9198853380353743e-05,0,0,42.282051282051285,610.6916104961218,RPL5;RPS7;RPL11;RPL17;SKP1
GO_Biological_Process_2023,Negative Regulation Of Ubiquitin Protein Ligase Activity (GO:1904667),4/8,6.582799366366558e-07,2.224188270757185e-05,0,0,101.0,1437.5971916079902,RPL5;RPS7;RPL11;RPL17
GO_Biological_Process_2023,Modification-Dependent Macromolecule Catabolic Process (GO:0043632),4/8,6.582799366366558e-07,2.224188270757185e-05,0,0,101.0,1437.5971916079902,UBB;NEDD8;RPS27A;UBA52
GO_Biological_Process_2023,Positive Regulation Of Intrinsic Apoptotic Signaling Pathway By P53 Class Mediator (GO:1902255),3/5,9.70634307108318e-06,0.00031831095659581605,0,0,150.746192893401,1740.0227480112785,RPS7;UBB;RPL26
GO_Biological_Process_2023,Positive Regulation Of Translation (GO:0045727),8/108,1.301689939882217e-05,0.0004146812237053348,0,0,8.208333333333334,92.33769299659328,RBM3;RPS4X;RPL5;CIRBP;RPS27L;RPL26;YBX1;VIM
GO_Biological_Process_2023,Positive Regulation Of Amide Metabolic Process (GO:0034250),7/85,2.298353161132541e-05,0.0007118510485174397,0,0,9.170585890793143,97.94857582608974,RBM3;RPS4X;RPL5;CIRBP;RPS27L;RPL26;VIM
GO_Biological_Process_2023,Aerobic Respiration (GO:0009060),6/59,2.6893356241170177e-05,0.0008104349245649932,0,0,11.523244504960124,121.26637633957364,UQCRB;NDUFS5;NDUFB4;NDUFA1;NDUFC2;ATP5F1D
GO_Biological_Process_2023,Positive Regulation Of Leukocyte Differentiation (GO:1902107),3/7,3.3473033797170354e-05,0.0009821692811538144,0,0,75.36548223350253,776.6239908457204,LGALS3;LGALS1;HMGB1
GO_Biological_Process_2023,Maturation Of SSU-rRNA (GO:0030490),5/38,3.65078559882961e-05,0.0010437502417166,0,0,15.35897435897436,156.9377402487027,RPS14;RPS28;RPS16;RPS19;RPS8
GO_Biological_Process_2023,Negative Regulation Of Viral Life Cycle (GO:1903901),4/20,4.146798801190002e-05,0.0011296473920509,0,0,25.23469387755102,254.6329194525256,IFITM3;SNX3;GSN;PPIA
GO_Biological_Process_2023,Positive Regulation Of Intrinsic Apoptotic Signaling Pathway (GO:2001244),5/39,4.153860365388976e-05,0.0011296473920509,0,0,14.906485671191554,150.38985478925275,UBB;RPS7;RACK1;RPS3;SOD1
GO_Biological_Process_2023,Negative Regulation Of Actin Filament Polymerization (GO:0030837),4/23,7.4029424621569e-05,0.0019510221482479,0,0,21.24704618689581,202.0816743097091,GSN;TMSB4X;PFN1;TMSB10
GO_Biological_Process_2023,Regulation Of Viral Entry Into Host Cell (GO:0046596),5/44,7.524121289207404e-05,0.0019510221482479,0,0,12.992110453648916,123.35763887867834,IFITM3;SNX3;LGALS1;GSN;HMGB1
GO_Biological_Process_2023,Negative Regulation Of Catabolic Process (GO:0009895),6/72,8.373603081935455e-05,0.0021219471446268,0,0,9.24742268041237,86.81333560855745,CST3;SNX3;RPL5;RPS7;RPL11;RPL17
GO_Biological_Process_2023,Positive Regulation Of Gene Expression (GO:0010628),15/480,0.000102795124392585,0.0025236318742722,0,0,3.371403661726242,30.95883328359189,RPL5;GSN;RPS7;RPL11;CIRBP;RPS27L;PARK7;SOD1;RPS4X;RBM3;RPS3;RPL26;VIM;RPL17;GAPDH
GO_Biological_Process_2023,Negative Regulation Of Proteolysis Involved In Protein Catabolic Process (GO:1903051),4/25,0.00010411396073230693,0.0025236318742722,0,0,19.221574344023324,176.26230732641343,RPL5;RPS7;RPL11;RPL17
GO_Biological_Process_2023,Regulation Of Dendritic Cell Differentiation (GO:2001198),3/10,0.00011224655254723088,0.0026342414050949,0,0,43.059463379260336,391.61775629527256,LGALS3;LGALS1;HMGB1
GO_Biological_Process_2023,Regulation Of Proteasomal Ubiquitin-Dependent Protein Catabolic Process (GO:0032434),7/109,0.00011340232057807951,0.0026342414050949,0,0,7.004266991770802,63.6307447024975,SUMO2;RPL11;RACK1;EIF3H;ELOB;PARK7;NOP53
GO_Biological_Process_2023,Negative Regulation Of Protein Metabolic Process (GO:0051248),8/147,0.0001182654339186378,0.00269114201672,0,0,5.8935851318944845,53.29320926455938,SNX3;CST3;RACK1;RPS3;RPL13A;YBX1;GAPDH;PFDN5
GO_Biological_Process_2023,Regulation Of Protein-Containing Complex Assembly (GO:0043254),7/119,0.0001960407904806028,0.0043717096277174,0,0,6.375647668393782,54.43010152798513,LGALS3;GSN;RACK1;RPS3;BRK1;PARK7;NOP53
GO_Biological_Process_2023,"Mitochondrial Electron Transport, Ubiquinol To Cytochrome C (GO:0006122)",3/12,0.00020276702349047895,0.0044330437488604,0,0,33.48730964467005,284.75776049641166,UQCRB;UQCRQ;UQCR11
GO_Biological_Process_2023,"Maturation Of SSU-rRNA From Tricistronic rRNA Transcript (SSU-rRNA, 5.8S rRNA, LSU-rRNA) (GO:0000462)",4/30,0.00021690636844734663,0.004650973092669,0,0,15.521193092621663,130.93747995826848,RPS14;RPS16;RPS19;RPS8
GO_Biological_Process_2023,Positive Regulation Of Macromolecule Biosynthetic Process (GO:0010557),7/122,0.00022859739941952917,0.0048091717047693,0,0,6.208380265825636,52.048255095605846,RBM3;RPS4X;RPL5;CIRBP;RPS27L;RPL26;VIM
GO_Biological_Process_2023,Protein Stabilization (GO:0050821),9/208,0.00025439637681101305,0.0052528140767459,0,0,4.641242863532321,38.41378944014526,RPL5;RPS7;RPL11;PARK7;PFN1;RPL17;PFDN5;NOP53;GAPDH
GO_Biological_Process_2023,Positive Regulation Of Intracellular Signal Transduction (GO:1902533),15/525,0.00027138836008021403,0.0055017822088988,0,0,3.066772655007949,25.18421345171989,PARK7;HMGB1;SOD1;RPS15;LGALS1;EEF1D;RACK1;RPS3;RPS20;S100A4;RPL37;LAMTOR4;RPL17;PPIA;GAPDH
GO_Biological_Process_2023,Negative Regulation Of Proteasomal Ubiquitin-Dependent Protein Catabolic Process (GO:0032435),4/32,0.0002802069439193893,0.0055791204012521,0,0,14.411078717201166,117.88236655881762,RPL11;EIF3H;PARK7;NOP53
GO_Biological_Process_2023,Positive Regulation Of Cellular Component Biogenesis (GO:0044089),6/93,0.0003434688414948694,0.0067187326011715,0,0,7.007820831852115,55.89728130909484,LGALS3;RACK1;RPS3;BRK1;PARK7;PFN1
GO_Biological_Process_2023,Positive Regulation Of Cellular Biosynthetic Process (GO:0031328),8/174,0.00037378058930209566,0.0071856096046868,0,0,4.928212851405623,38.892675156538175,RBM3;RPS4X;RPL5;CIRBP;RPS27L;PARK7;RPL26;VIM
GO_Biological_Process_2023,Negative Regulation Of Phagocytosis (GO:0050765),3/15,0.00041017649693527065,0.007751640577675,0,0,25.111675126903556,195.84402098106767,SNX3;RACK1;HMGB1
GO_Biological_Process_2023,Negative Regulation Of Macromolecule Biosynthetic Process (GO:0010558),6/98,0.0004551605159281598,0.0084583995876649,0,0,6.625280143433438,50.98060594027172,RACK1;RPS3;TSPO;RPL13A;YBX1;GAPDH
GO_Biological_Process_2023,Antimicrobial Humoral Immune Response Mediated By Antimicrobial Peptide (GO:0061844),5/65,0.0004829703975862702,0.0088280654640769,0,0,8.435897435897436,64.41276048972978,RPL30;RPS19;FAU;RPL39;GAPDH
GO_Biological_Process_2023,Negative Regulation Of Proteasomal Protein Catabolic Process (GO:1901799),4/39,0.0006068640222899578,0.0109137642718274,0,0,11.524781341107872,85.36642728574833,RPL11;EIF3H;PARK7;NOP53
GO_Biological_Process_2023,Negative Regulation Of Viral Entry Into Host Cell (GO:0046597),3/18,0.0007195272026923491,0.0125355129844057,0,0,20.086294416243653,145.36282995258424,IFITM3;SNX3;GSN
GO_Biological_Process_2023,Regulation Of Oxidative Stress-Induced Intrinsic Apoptotic Signaling Pathway (GO:1902175),3/18,0.0007195272026923491,0.0125355129844057,0,0,20.086294416243653,145.36282995258424,PARK7;PPIA;SOD1
GO_Biological_Process_2023,Regulation Of Ubiquitin-Dependent Protein Catabolic Process (GO:2000058),4/42,0.0008067730463282587,0.0134261484575523,0,0,10.613319011815252,75.59302673955138,RPL5;RPS7;RPL11;RPL17
GO_Biological_Process_2023,Substantia Nigra Development (GO:0021762),4/42,0.0008067730463282587,0.0134261484575523,0,0,10.613319011815252,75.59302673955138,ATP5PF;CALM1;CALM2;COX6B1
GO_Biological_Process_2023,Translational Elongation (GO:0006414),4/42,0.0008067730463282587,0.0134261484575523,0,0,10.613319011815252,75.59302673955138,EEF1B2;EEF1A1;EEF1D;RACK1
GO_Biological_Process_2023,Positive Regulation Of Cellular Component Organization (GO:0051130),6/113,0.000965639976795505,0.0158336555018674,0,0,5.692166875421524,39.51911789521261,LGALS3;RACK1;RPS3;BRK1;PARK7;S100A10
GO_Biological_Process_2023,Intracellular Sequestering Of Iron Ion (GO:0006880),2/6,0.0014535707837741,0.0234888612160601,0,0,49.98989898989899,326.6206097208578,FTH1;FTL
GO_Biological_Process_2023,Intracellular Iron Ion Homeostasis (GO:0006879),4/50,0.0015598806233641,0.0248466699293002,0,0,8.763975155279503,56.64285082988862,FTH1;B2M;FTL;SOD1
GO_Biological_Process_2023,Protein Targeting (GO:0006605),6/129,0.0019064544798357,0.0292740117832784,0,0,4.947699270807141,30.985016433786715,SPCS1;NACA;RPL11;TOMM7;TSPO;SRP14
GO_Biological_Process_2023,NADH Dehydrogenase Complex Assembly (GO:0010257),4/53,0.001937740092534,0.0292740117832784,0,0,8.226155768429821,51.382484683548725,NDUFS5;NDUFB4;NDUFA1;NDUFC2
GO_Biological_Process_2023,Mitochondrial Respiratory Chain Complex I Assembly (GO:0032981),4/53,0.001937740092534,0.0292740117832784,0,0,8.226155768429821,51.382484683548725,NDUFS5;NDUFB4;NDUFA1;NDUFC2
GO_Biological_Process_2023,Regulation Of Apoptotic Process (GO:0042981),16/705,0.0019931924238696,0.0292740117832784,0,0,2.4119391682968385,14.99748042183076,RPL10;RPS6;RPS3A;PARK7;HMGB1;ACTB;SOD1;MORF4L1;LGALS1;UBB;RACK1;RPS3;PTMA;PPIA;NOP53;TPT1
GO_Biological_Process_2023,Regulation Of Cyclic-Nucleotide Phosphodiesterase Activity (GO:0051342),2/7,0.0020216133697869,0.0292740117832784,0,0,39.98989898989899,248.09171029141777,RACK1;CALM2
GO_Biological_Process_2023,Regulation Of Endodeoxyribonuclease Activity (GO:0032071),2/7,0.0020216133697869,0.0292740117832784,0,0,39.98989898989899,248.09171029141777,RPS3;HMGB1
GO_Biological_Process_2023,Positive Regulation Of Ryanodine-Sensitive Calcium-Release Channel Activity (GO:0060316),2/7,0.0020216133697869,0.0292740117832784,0,0,39.98989898989899,248.09171029141777,CALM1;CALM2
GO_Biological_Process_2023,Negative Regulation Of Protein Modification By Small Protein Conjugation Or Removal (GO:1903321),4/54,0.0020765932331265,0.0296846340376424,0,0,8.061224489795919,49.79439807569174,RPL5;RPL11;RPS3;PARK7
GO_Biological_Process_2023,Negative Regulation Of Amide Metabolic Process (GO:0034249),5/93,0.0024266394005639,0.0342494041978324,0,0,5.743589743589744,34.583577920617785,RACK1;RPS3;RPL13A;YBX1;GAPDH
GO_Biological_Process_2023,Negative Regulation Of Oxidative Stress-Induced Neuron Death (GO:1903204),2/8,0.0026777674677022,0.0364111064205859,0,0,33.323232323232325,197.36590289038227,RACK1;PARK7
GO_Biological_Process_2023,Regulation Of Intrinsic Apoptotic Signaling Pathway By P53 Class Mediator (GO:1902253),2/8,0.0026777674677022,0.0364111064205859,0,0,33.323232323232325,197.36590289038227,RPS7;UBB
GO_Biological_Process_2023,Sequestering Of Actin Monomers (GO:0042989),2/8,0.0026777674677022,0.0364111064205859,0,0,33.323232323232325,197.36590289038227,TMSB4X;TMSB10
GO_Biological_Process_2023,Negative Regulation Of Protein-Containing Complex Assembly (GO:0031333),4/59,0.0028749370578511,0.0386211424036636,0,0,7.326530612244898,42.87283866824234,RPL13A;HMGB1;PARK7;NOP53
GO_Biological_Process_2023,Regulation Of Striated Muscle Contraction (GO:0006942),3/29,0.002971884860348,0.0389841366975063,0,0,11.581803982819212,67.38940857682955,C12ORF57;CALM1;CALM2
GO_Biological_Process_2023,Positive Regulation Of Dephosphorylation (GO:0035306),3/29,0.002971884860348,0.0389841366975063,0,0,11.581803982819212,67.38940857682955,CALM1;CALM2;PPIA
GO_Biological_Process_2023,Positive Regulation Of Protein-Containing Complex Assembly (GO:0031334),5/98,0.003046494595945,0.0391729167645584,0,0,5.433416046319272,31.47992845042133,LGALS3;RACK1;RPS3;BRK1;PARK7
GO_Biological_Process_2023,Negative Regulation Of Peptidase Activity (GO:0010466),4/60,0.0030565414874588,0.0391729167645584,0,0,7.19533527696793,41.66438194796197,CST3;PARK7;TIMP1;GAPDH
GO_Biological_Process_2023,Antimicrobial Humoral Response (GO:0019730),5/100,0.0033238214487381,0.0421143285834436,0,0,5.318488529014845,30.350700013257832,RPL30;RPS19;FAU;RPL39;GAPDH
GO_Biological_Process_2023,Positive Regulation Of Protein Metabolic Process (GO:0051247),7/196,0.0036421691636645,0.0456294226683819,0,0,3.763385146804836,21.13206939337988,RBM3;RPS4X;RPL5;CIRBP;RPS27L;RPL26;VIM
GO_Biological_Process_2023,Regulation Of Cysteine-Type Endopeptidase Activity Involved In Apoptotic Signaling Pathway (GO:2001267),2/10,0.0042472321345398,0.050052511366065,0,0,24.98989898989899,136.4820277236255,GSN;PARK7
GO_Biological_Process_2023,Negative Regulation Of Hydrogen Peroxide-Induced Cell Death (GO:1903206),2/10,0.0042472321345398,0.050052511366065,0,0,24.98989898989899,136.4820277236255,RACK1;PARK7
GO_Biological_Process_2023,Actin Filament Depolymerization (GO:0030042),2/10,0.0042472321345398,0.050052511366065,0,0,24.98989898989899,136.4820277236255,GSN;DSTN
GO_Biological_Process_2023,Positive Regulation Of Actin Nucleation (GO:0051127),2/10,0.0042472321345398,0.050052511366065,0,0,24.98989898989899,136.4820277236255,GSN;BRK1
GO_Biological_Process_2023,Negative Regulation Of Endocytosis (GO:0045806),3/33,0.0043094538934011,0.050052511366065,0,0,10.03553299492386,54.6629871343117,SNX3;LGALS3;RACK1
GO_Biological_Process_2023,Positive Regulation Of DNA Binding (GO:0043388),3/33,0.0043094538934011,0.050052511366065,0,0,10.03553299492386,54.6629871343117,EDF1;HMGB1;PARK7
GO_Biological_Process_2023,Positive Regulation Of Protein Dephosphorylation (GO:0035307),3/33,0.0043094538934011,0.050052511366065,0,0,10.03553299492386,54.6629871343117,CALM1;CALM2;PPIA
GO_Biological_Process_2023,Negative Regulation Of Translation (GO:0017148),5/107,0.0044380960467656,0.0510152277540593,0,0,4.951734539969834,26.82616949537231,RACK1;RPS3;RPL13A;YBX1;GAPDH
GO_Biological_Process_2023,"Mitochondrial Electron Transport, NADH To Ubiquinone (GO:0006120)",3/34,0.0046920695585813,0.0533842607940627,0,0,9.711314884558703,52.07091984713094,NDUFB4;NDUFS5;NDUFC2
GO_Biological_Process_2023,Positive Regulation Of Cysteine-Type Endopeptidase Activity Involved In Apoptotic Process (GO:0043280),5/109,0.004800042097825,0.0540610801926759,0,0,4.856015779092703,25.9269023952046,GSN;RACK1;RPS3;RPS27L;HMGB1
GO_Biological_Process_2023,Negative Regulation Of RNA Metabolic Process (GO:0051253),2/11,0.0051570205394645,0.05750077901503,0,0,22.21212121212121,117.00004466783103,RPS26;RPS13
GO_Biological_Process_2023,Mitochondrion Organization (GO:0007005),6/162,0.0058508682994154,0.0645912688499829,0,0,3.894528152260111,20.02241261266993,CHCHD2;TOMM7;TSPO;COX7A2;PARK7;ATP5F1D
GO_Biological_Process_2023,Positive Regulation By Symbiont Of Entry Into Host (GO:0075294),2/12,0.0061478754316609,0.0659123183298265,0,0,19.98989898989899,101.78154350719132,LGALS1;HMGB1
GO_Biological_Process_2023,Positive Regulation Of Viral Entry Into Host Cell (GO:0046598),2/12,0.0061478754316609,0.0659123183298265,0,0,19.98989898989899,101.78154350719132,LGALS1;HMGB1
GO_Biological_Process_2023,Regulation Of Cell Communication By Electrical Coupling (GO:0010649),2/12,0.0061478754316609,0.0659123183298265,0,0,19.98989898989899,101.78154350719132,CALM1;CALM2
GO_Biological_Process_2023,Positive Regulation Of Cation Channel Activity (GO:2001259),3/38,0.0064242870484076,0.068219810085472,0,0,8.599709934735316,43.40849457481817,TMSB4X;CALM1;CALM2
GO_Biological_Process_2023,Regulation Of Mitochondrial Membrane Potential (GO:0051881),3/39,0.006909073873999,0.0726756355614053,0,0,8.360406091370558,41.59234877252794,UBB;PARK7;SOD1
GO_Biological_Process_2023,Regulation Of Protein Dephosphorylation (GO:0035304),3/40,0.0074150224240263,0.077268691614854,0,0,8.134037590890383,39.89133172446582,CALM1;CALM2;PPIA
GO_Biological_Process_2023,Proteolysis Involved In Protein Catabolic Process (GO:0051603),4/78,0.0077816695485545,0.080338532839244,0,0,5.44015444015444,26.41730492570561,UBB;NEDD8;RPS27A;UBA52
GO_Biological_Process_2023,Negative Regulation Of Peptidyl-Threonine Phosphorylation (GO:0010801),2/14,0.0083660270881822,0.0840371189488576,0,0,16.656565656565657,79.67795051677446,CALM1;CALM2
GO_Biological_Process_2023,Formation Of Cytoplasmic Translation Initiation Complex (GO:0001732),2/14,0.0083660270881822,0.0840371189488576,0,0,16.656565656565657,79.67795051677446,EIF3K;EIF3H
GO_Biological_Process_2023,"Maturation Of LSU-rRNA From Tricistronic rRNA Transcript (SSU-rRNA, 5.8S rRNA, LSU-rRNA) (GO:0000463)",2/14,0.0083660270881822,0.0840371189488576,0,0,16.656565656565657,79.67795051677446,RPL35;RPL7
GO_Biological_Process_2023,Response To Type II Interferon (GO:0034341),4/80,0.0084964288884178,0.0845849840230882,0,0,5.296455424274973,25.254078548459987,IFITM3;RPL13A;CALM1;GAPDH
GO_Biological_Process_2023,Negative Regulation Of Immune Effector Process (GO:0002698),2/15,0.0095900084936835,0.0927275172216298,0,0,15.374514374514376,71.44588341233826,LGALS3;RPS19
GO_Biological_Process_2023,Regulation Of Intrinsic Apoptotic Signaling Pathway In Response To DNA Damage (GO:1902229),2/15,0.0095900084936835,0.0927275172216298,0,0,15.374514374514376,71.44588341233826,RPS3;TPT1
GO_Biological_Process_2023,Positive Regulation Of Proteasomal Ubiquitin-Dependent Protein Catabolic Process (GO:0032436),4/83,0.0096469883387525,0.0927275172216298,0,0,5.094549212089899,23.6443607545466,SUMO2;RACK1;ELOB;NOP53
GO_Biological_Process_2023,Positive Regulation Of Ubiquitin-Dependent Protein Catabolic Process (GO:2000060),4/83,0.0096469883387525,0.0927275172216298,0,0,5.094549212089899,23.6443607545466,SUMO2;RACK1;ELOB;NOP53
GO_Biological_Process_2023,Establishment Of Protein Localization To Endoplasmic Reticulum (GO:0072599),2/16,0.0108884250018907,0.1021867548528525,0,0,14.275613275613276,64.52655688502057,SPCS1;SRP14
GO_Biological_Process_2023,Regulation Of Cardiac Muscle Contraction By Regulation Of The Release Of Sequestered Calcium Ion (GO:0010881),2/16,0.0108884250018907,0.1021867548528525,0,0,14.275613275613276,64.52655688502057,CALM1;CALM2
GO_Biological_Process_2023,Homotypic Cell-Cell Adhesion (GO:0034109),3/46,0.0109060303385555,0.1021867548528525,0,0,6.996930704757408,31.61520738006147,PPIA;MYL12A;CD99
GO_Biological_Process_2023,Regulation Of Establishment Of Cell Polarity (GO:2000114),2/17,0.0122596808748648,0.1113679462895803,0,0,13.323232323232324,58.64139939765107,GSN;RACK1
GO_Biological_Process_2023,Negative Regulation Of Oxidative Stress-Induced Intrinsic Apoptotic Signaling Pathway (GO:1902176),2/17,0.0122596808748648,0.1113679462895803,0,0,13.323232323232324,58.64139939765107,PARK7;PPIA
GO_Biological_Process_2023,Regulation Of Aerobic Respiration (GO:1903715),2/17,0.0122596808748648,0.1113679462895803,0,0,13.323232323232324,58.64139939765107,COX7A2;NOP53
GO_Biological_Process_2023,Negative Regulation Of Cellular Biosynthetic Process (GO:0031327),5/137,0.0122854326400164,0.1113679462895803,0,0,3.8205128205128207,16.807738908917543,RACK1;RPS3;RPL13A;YBX1;GAPDH
GO_Biological_Process_2023,Positive Regulation Of Proteasomal Protein Catabolic Process (GO:1901800),4/90,0.0127129141043288,0.1133991938106132,0,0,4.678215472235406,20.421051187786546,SUMO2;RACK1;ELOB;NOP53
GO_Biological_Process_2023,Mitochondrial Respiratory Chain Complex Assembly (GO:0033108),4/90,0.0127129141043288,0.1133991938106132,0,0,4.678215472235406,20.421051187786546,NDUFS5;NDUFB4;NDUFA1;NDUFC2
GO_Biological_Process_2023,Positive Regulation Of Binding (GO:0051099),4/91,0.0131959709139781,0.1167738695959181,0,0,4.62420830401126,20.012850913677784,RPL11;EDF1;HMGB1;B2M
GO_Biological_Process_2023,Regulation Of Protein Neddylation (GO:2000434),2/18,0.0137022045657748,0.1184337836499144,0,0,12.48989898989899,53.58414643474309,RPL5;RPL11
GO_Biological_Process_2023,Positive Regulation Of Phosphoprotein Phosphatase Activity (GO:0032516),2/18,0.0137022045657748,0.1184337836499144,0,0,12.48989898989899,53.58414643474309,CALM1;CALM2
GO_Biological_Process_2023,Maintenance Of Protein Location In Nucleus (GO:0051457),2/18,0.0137022045657748,0.1184337836499144,0,0,12.48989898989899,53.58414643474309,PARK7;SKP1
GO_Biological_Process_2023,Regulation Of Programmed Cell Death (GO:0043067),6/195,0.0138326752667993,0.1186417917113942,0,0,3.2091310751104567,13.737397071868514,MORF4L1;LGALS1;RPS3;NOP53;ACTB;TPT1
GO_Biological_Process_2023,Regulation Of Integrin-Mediated Signaling Pathway (GO:2001044),2/19,0.0152144484017713,0.1275496990073311,0,0,11.754604872251932,49.19901329869125,CD63;TIMP1
GO_Biological_Process_2023,Positive Regulation Of Activated T Cell Proliferation (GO:0042104),2/19,0.0152144484017713,0.1275496990073311,0,0,11.754604872251932,49.19901329869125,RPS3;HMGB1
GO_Biological_Process_2023,Negative Regulation Of RNA Splicing (GO:0033119),2/19,0.0152144484017713,0.1275496990073311,0,0,11.754604872251932,49.19901329869125,RPS26;RPS13
GO_Biological_Process_2023,Positive Regulation Of Protein Processing (GO:0010954),2/20,0.0167948882548689,0.1368609777303988,0,0,11.1010101010101,45.36628383483138,GSN;S100A10
GO_Biological_Process_2023,Maturation Of LSU-rRNA (GO:0000470),2/20,0.0167948882548689,0.1368609777303988,0,0,11.1010101010101,45.36628383483138,RPL35;RPL7
GO_Biological_Process_2023,Regulation Of Cardiac Muscle Contraction By Calcium Ion Signaling (GO:0010882),2/20,0.0167948882548689,0.1368609777303988,0,0,11.1010101010101,45.36628383483138,CALM1;CALM2
GO_Biological_Process_2023,Negative Regulation Of Protein Catabolic Process (GO:0042177),3/54,0.0168161021964705,0.1368609777303988,0,0,5.896984174380412,24.09164757699128,CST3;SNX3;TIMP1
GO_Biological_Process_2023,Negative Regulation Of Protein Phosphorylation (GO:0001933),5/149,0.0171044362969275,0.1381988874715523,0,0,3.5,14.239460957930143,RACK1;PARK7;CALM1;PPIA;CALM2
GO_Biological_Process_2023,Innate Immune Response In Mucosa (GO:0002227),2/21,0.0184420232483939,0.1479342152658941,0,0,10.516214779372676,41.9925427496273,FAU;RPL39
GO_Biological_Process_2023,Negative Regulation Of Gene Expression (GO:0010629),8/336,0.020106113990913,0.156056448686571,0,0,2.4735772357723578,9.663601687920725,RPS26;RACK1;RPS3;RPL13A;PARK7;YBX1;GAPDH;RPS13
GO_Biological_Process_2023,Regulation Of Release Of Sequestered Calcium Ion Into Cytosol By Sarcoplasmic Reticulum (GO:0010880),2/22,0.0201543754357544,0.156056448686571,0,0,9.98989898989899,39.00390099361183,CALM1;CALM2
GO_Biological_Process_2023,Positive Regulation Of Phosphatase Activity (GO:0010922),2/22,0.0201543754357544,0.156056448686571,0,0,9.98989898989899,39.00390099361183,CALM1;CALM2
GO_Biological_Process_2023,Positive Regulation Of Protein Autophosphorylation (GO:0031954),2/22,0.0201543754357544,0.156056448686571,0,0,9.98989898989899,39.00390099361183,CALM1;CALM2
GO_Biological_Process_2023,Positive Regulation Of Viral Life Cycle (GO:1903902),2/22,0.0201543754357544,0.156056448686571,0,0,9.98989898989899,39.00390099361183,LGALS1;HMGB1
GO_Biological_Process_2023,Negative Regulation Of Oxidative Stress-Induced Cell Death (GO:1903202),2/23,0.02193048949736,0.1652195661456517,0,0,9.513708513708512,36.34120010270031,PARK7;PPIA
GO_Biological_Process_2023,"Positive Regulation Of mRNA Splicing, Via Spliceosome (GO:0048026)",2/23,0.02193048949736,0.1652195661456517,0,0,9.513708513708512,36.34120010270031,RBM3;CIRBP
GO_Biological_Process_2023,Protein N-linked Glycosylation Via Asparagine (GO:0018279),2/23,0.02193048949736,0.1652195661456517,0,0,9.513708513708512,36.34120010270031,OST4;DAD1
GO_Biological_Process_2023,Protein Targeting To ER (GO:0045047),2/23,0.02193048949736,0.1652195661456517,0,0,9.513708513708512,36.34120010270031,SPCS1;SRP14
GO_Biological_Process_2023,Negative Regulation Of Intrinsic Apoptotic Signaling Pathway (GO:2001243),3/61,0.0231968013804758,0.1720932446646717,0,0,5.183441274286714,19.50912983009035,PARK7;PPIA;TPT1
GO_Biological_Process_2023,Amyloid Fibril Formation (GO:1990000),2/24,0.0237689324469591,0.1720932446646717,0,0,9.08080808080808,33.956554984338226,GSN;B2M
GO_Biological_Process_2023,Regulation Of Proteolysis Involved In Protein Catabolic Process (GO:1903050),2/24,0.0237689324469591,0.1720932446646717,0,0,9.08080808080808,33.956554984338226,UBB;PSME1
GO_Biological_Process_2023,Regulation Of Ryanodine-Sensitive Calcium-Release Channel Activity (GO:0060314),2/24,0.0237689324469591,0.1720932446646717,0,0,9.08080808080808,33.956554984338226,CALM1;CALM2
GO_Biological_Process_2023,Stress Granule Assembly (GO:0034063),2/24,0.0237689324469591,0.1720932446646717,0,0,9.08080808080808,33.956554984338226,CIRBP;RPS23
GO_Biological_Process_2023,Positive Regulation Of Peptidyl-Threonine Phosphorylation (GO:0010800),2/24,0.0237689324469591,0.1720932446646717,0,0,9.08080808080808,33.956554984338226,CALM1;CALM2
GO_Biological_Process_2023,Activation Of Protein Kinase B Activity (GO:0032148),2/25,0.0256682933201663,0.1834624811024709,0,0,8.685551163812033,31.810820468950148,PARK7;PPIA
GO_Biological_Process_2023,Negative Regulation Of Response To Endoplasmic Reticulum Stress (GO:1903573),2/25,0.0256682933201663,0.1834624811024709,0,0,8.685551163812033,31.810820468950148,RACK1;PARK7
GO_Biological_Process_2023,Regulation Of Protein Serine/Threonine Kinase Activity (GO:0071900),4/112,0.0261262456633504,0.185455312947936,0,0,3.7210884353741496,13.562678532314376,CCNI;CALM1;CALM2;ACTB
GO_Biological_Process_2023,Response To Metal Ion (GO:0010038),3/64,0.0262797663190797,0.185455312947936,0,0,4.927768993925272,17.931934435559224,CALM1;ATP5F1D;CALM2
GO_Biological_Process_2023,Mitotic G1 DNA Damage Checkpoint Signaling (GO:0031571),2/26,0.0276271829006745,0.1937377920393213,0,0,8.323232323232324,29.871707121892776,RPS27L;RPL26
GO_Biological_Process_2023,Negative Regulation Of Endopeptidase Activity (GO:0010951),3/66,0.0284510080327513,0.1970364842019735,0,0,4.7708484408992025,16.982177034654356,CST3;TIMP1;GAPDH
GO_Biological_Process_2023,Cellular Response To Type II Interferon (GO:0071346),3/66,0.0284510080327513,0.1970364842019735,0,0,4.7708484408992025,16.982177034654356,RPL13A;CALM1;GAPDH
GO_Biological_Process_2023,Positive Regulation Of Calcium Ion Transmembrane Transporter Activity (GO:1901021),2/27,0.0296442334084981,0.201544635673631,0,0,7.98989898989899,28.11236101024157,CALM1;CALM2
GO_Biological_Process_2023,Positive Regulation Of Ubiquitin-Protein Transferase Activity (GO:0051443),2/27,0.0296442334084981,0.201544635673631,0,0,7.98989898989899,28.11236101024157,RPS2;SKP1
GO_Biological_Process_2023,Regulation Of Actin Polymerization Or Depolymerization (GO:0008064),2/27,0.0296442334084981,0.201544635673631,0,0,7.98989898989899,28.11236101024157,BRK1;PFN1
GO_Biological_Process_2023,Cellular Response To Oxidative Stress (GO:0034599),4/117,0.0300246964217091,0.202894160667913,0,0,3.555535488531696,12.46476528381739,CHCHD2;RPS3;PARK7;PPIA
GO_Biological_Process_2023,Regulation Of Protein Binding (GO:0043393),4/118,0.0308434213140434,0.2071711732840869,0,0,3.524167561761547,12.259986178472978,RPL11;RACK1;PARK7;B2M
GO_Biological_Process_2023,Positive Regulation Of mRNA Processing (GO:0050685),2/28,0.0317180982356202,0.2091020272732614,0,0,7.682206682206682,26.51027997028578,RBM3;CIRBP
GO_Biological_Process_2023,Protein Depolymerization (GO:0051261),2/28,0.0317180982356202,0.2091020272732614,0,0,7.682206682206682,26.51027997028578,GSN;DSTN
GO_Biological_Process_2023,Mucosal Immune Response (GO:0002385),2/28,0.0317180982356202,0.2091020272732614,0,0,7.682206682206682,26.51027997028578,FAU;RPL39
GO_Biological_Process_2023,Regulation Of Endopeptidase Activity (GO:0052548),3/69,0.0318810265797797,0.2091020272732614,0,0,4.553299492385787,15.689505426965288,PSME1;TIMP1;GAPDH
GO_Biological_Process_2023,Positive Regulation Of Hydrolase Activity (GO:0051345),5/176,0.0321401264329657,0.2095686606593966,0,0,2.9433198380566803,10.118103396736007,RACK1;RPS3;CALM1;CALM2;S100A10
GO_Biological_Process_2023,TOR Signaling (GO:0031929),2/29,0.0338474516440146,0.2181497605958167,0,0,7.397306397306397,25.046477343523872,RPS6;LAMTOR4
GO_Biological_Process_2023,Response To Interferon-Beta (GO:0035456),2/29,0.0338474516440146,0.2181497605958167,0,0,7.397306397306397,25.046477343523872,IFITM3;CALM1
GO_Biological_Process_2023,Regulation Of Protein Catabolic Process (GO:0042176),4/122,0.0342493059193995,0.2184286077420073,0,0,3.4040124524386024,11.485440902215585,EEF1A1;SNX3;UBB;PSME1
GO_Biological_Process_2023,Negative Regulation Of Protein Binding (GO:0032091),3/71,0.0342825169101805,0.2184286077420073,0,0,4.418931024186325,14.905583581524706,RACK1;PARK7;B2M
GO_Biological_Process_2023,Cytoplasmic Translational Initiation (GO:0002183),2/30,0.0360309884965366,0.2269748710375047,0,0,7.132756132756133,23.70482996930019,EIF3K;EIF3H
GO_Biological_Process_2023,Negative Regulation Of Calcium Ion Transmembrane Transporter Activity (GO:1901020),2/30,0.0360309884965366,0.2269748710375047,0,0,7.132756132756133,23.70482996930019,CALM1;CALM2
GO_Biological_Process_2023,Regulation Of mRNA Stability (GO:0043488),3/74,0.0380555884306284,0.2370454318691882,0,0,4.231572174161721,13.83177100318916,CIRBP;YBX1;VIM
GO_Biological_Process_2023,Regulation Of Protein Autophosphorylation (GO:0031952),2/31,0.0382674239788824,0.2370454318691882,0,0,6.886450714036921,22.47156498788087,CALM1;CALM2
GO_Biological_Process_2023,Positive Regulation Of Mononuclear Cell Migration (GO:0071677),2/31,0.0382674239788824,0.2370454318691882,0,0,6.886450714036921,22.47156498788087,LGALS3;HMGB1
GO_Biological_Process_2023,Regulation Of Ubiquitin-Protein Transferase Activity (GO:0051438),2/32,0.0405554933220173,0.2471004101314169,0,0,6.656565656565657,21.334852328849312,PARK7;RPS2
GO_Biological_Process_2023,Vesicle Budding From Membrane (GO:0006900),2/32,0.0405554933220173,0.2471004101314169,0,0,6.656565656565657,21.334852328849312,SNX3;S100A10
GO_Biological_Process_2023,Regulation Of Calcium Ion Transmembrane Transporter Activity (GO:1901019),2/32,0.0405554933220173,0.2471004101314169,0,0,6.656565656565657,21.334852328849312,CALM1;CALM2
GO_Biological_Process_2023,Intracellular Monoatomic Cation Homeostasis (GO:0030003),5/190,0.0424175201309745,0.2567543277223164,0,0,2.7186417186417184,8.591434680444932,FTH1;B2M;TPT1;FTL;SOD1
GO_Biological_Process_2023,Positive Regulation Of Release Of Sequestered Calcium Ion Into Cytosol (GO:0051281),2/33,0.0428939515536669,0.2567543277223164,0,0,6.4415118931247966,20.28447846195992,CALM1;CALM2
GO_Biological_Process_2023,Regulation Of Activated T Cell Proliferation (GO:0046006),2/33,0.0428939515536669,0.2567543277223164,0,0,6.4415118931247966,20.28447846195992,RPS3;HMGB1
GO_Biological_Process_2023,Negative Regulation Of Protein Modification Process (GO:0031400),3/78,0.0434016299293596,0.2567543277223164,0,0,4.00507614213198,12.564958299367063,TSPO;PARK7;PPIA
GO_Biological_Process_2023,Regulation Of Signal Transduction (GO:0009966),5/193,0.0448497130279265,0.2567543277223164,0,0,2.674849972722313,8.30390613763502,SNX3;CD63;IGFBP7;TIMP1;PPIA
GO_Biological_Process_2023,Regulation Of T Cell Receptor Signaling Pathway (GO:0050856),2/34,0.0452815731960364,0.2567543277223164,0,0,6.23989898989899,19.311583224616665,LGALS3;RPS3
GO_Biological_Process_2023,Regulation Of Protein Localization To Plasma Membrane (GO:1903076),3/80,0.0462079634844281,0.2567543277223164,0,0,3.90065264684554,11.99295882125826,LGALS3;TMEM59;ACTB
GO_Biological_Process_2023,Regulation Of Interleukin-8 Production (GO:0032677),3/81,0.047644064808467,0.2567543277223164,0,0,3.850449043342445,11.720756163276285,TMSB4X;HMGB1;PARK7
GO_Biological_Process_2023,Regulation Of Cellular Senescence (GO:2000772),2/35,0.0477171520360592,0.2567543277223164,0,0,6.05050505050505,18.408446001894514,YBX1;B2M
GO_Biological_Process_2023,Platelet Aggregation (GO:0070527),2/35,0.0477171520360592,0.2567543277223164,0,0,6.05050505050505,18.408446001894514,PPIA;MYL12A
GO_Biological_Process_2023,Intrinsic Apoptotic Signaling Pathway By P53 Class Mediator (GO:0072332),2/35,0.0477171520360592,0.2567543277223164,0,0,6.05050505050505,18.408446001894514,HINT1;RPS27L
GO_Biological_Process_2023,Regulation Of Cardiac Muscle Contraction (GO:0055117),2/35,0.0477171520360592,0.2567543277223164,0,0,6.05050505050505,18.408446001894514,CALM1;CALM2
GO_Biological_Process_2023,"CD4-positive, Alpha-Beta T Cell Activation (GO:0035710)",1/5,0.049014519870416,0.2567543277223164,0,0,24.86934673366834,74.99696447567176,HMGB1
GO_Biological_Process_2023,Regulation Of Establishment Of T Cell Polarity (GO:1903903),1/5,0.049014519870416,0.2567543277223164,0,0,24.86934673366834,74.99696447567176,GSN
GO_Biological_Process_2023,Negative Regulation Of Protein Polyubiquitination (GO:1902915),1/5,0.049014519870416,0.2567543277223164,0,0,24.86934673366834,74.99696447567176,PPIA
GO_Biological_Process_2023,Negative Regulation Of Trophoblast Cell Migration (GO:1901164),1/5,0.049014519870416,0.2567543277223164,0,0,24.86934673366834,74.99696447567176,TIMP1
GO_Biological_Process_2023,Regulation Of Neutrophil Extravasation (GO:2000389),1/5,0.049014519870416,0.2567543277223164,0,0,24.86934673366834,74.99696447567176,CD99
GO_Biological_Process_2023,Regulation Of Non-Motile Cilium Assembly (GO:1902855),1/5,0.049014519870416,0.2567543277223164,0,0,24.86934673366834,74.99696447567176,SEPTIN7
GO_Biological_Process_2023,Regulation Of Plasma Membrane Repair (GO:1905684),1/5,0.049014519870416,0.2567543277223164,0,0,24.86934673366834,74.99696447567176,S100A10
GO_Biological_Process_2023,Positive Regulation Of Autophagy Of Mitochondrion In Response To Mitochondrial Depolarization (GO:1904925),1/5,0.049014519870416,0.2567543277223164,0,0,24.86934673366834,74.99696447567176,TOMM7
GO_Biological_Process_2023,Embryonic Brain Development (GO:1990403),1/5,0.049014519870416,0.2567543277223164,0,0,24.86934673366834,74.99696447567176,RPL10
GO_Biological_Process_2023,"Establishment Of Mitochondrion Localization, Microtubule-Mediated (GO:0034643)",1/5,0.049014519870416,0.2567543277223164,0,0,24.86934673366834,74.99696447567176,UBB
GO_Biological_Process_2023,tRNA Transport (GO:0051031),1/5,0.049014519870416,0.2567543277223164,0,0,24.86934673366834,74.99696447567176,YBX1
GO_Biological_Process_2023,Glycolipid Transport (GO:0046836),1/5,0.049014519870416,0.2567543277223164,0,0,24.86934673366834,74.99696447567176,NPC2
GO_Biological_Process_2023,Hydrogen Peroxide Biosynthetic Process (GO:0050665),1/5,0.049014519870416,0.2567543277223164,0,0,24.86934673366834,74.99696447567176,SOD1
GO_Biological_Process_2023,Positive Regulation Of Receptor Binding (GO:1900122),1/5,0.049014519870416,0.2567543277223164,0,0,24.86934673366834,74.99696447567176,B2M
GO_Biological_Process_2023,"Regulation Of DNA Damage Response, Signal Transduction By P53 Class Mediator Resulting In Transcription Of P21 Class Mediator (GO:1902162)",1/5,0.049014519870416,0.2567543277223164,0,0,24.86934673366834,74.99696447567176,RPL26
GO_Biological_Process_2023,Regulation Of T Cell Activation Via T Cell Receptor Contact With Antigen Bound To MHC Molecule On Antigen Presenting Cell (GO:2001188),1/5,0.049014519870416,0.2567543277223164,0,0,24.86934673366834,74.99696447567176,LGALS3
GO_Biological_Process_2023,Regulation Of Blood Vessel Remodeling (GO:0060312),1/5,0.049014519870416,0.2567543277223164,0,0,24.86934673366834,74.99696447567176,CST3
GO_Biological_Process_2023,Negative Regulation Of Apoptotic Signaling Pathway (GO:2001234),3/82,0.049101960522251,0.2567543277223164,0,0,3.801516417143224,11.457224263457675,LGALS3;PARK7;SLC25A6
GO_Biological_Process_2023,"DNA Damage Response, Signal Transduction By P53 Class Mediator (GO:0030330)",2/36,0.0501995008461569,0.2567543277223164,0,0,5.872251931075461,17.568310863627904,RPS27L;RPL26
GO_Biological_Process_2023,Negative Regulation Of Protein Kinase B Signaling (GO:0051898),2/36,0.0501995008461569,0.2567543277223164,0,0,5.872251931075461,17.568310863627904,RACK1;NOP53
GO_Biological_Process_2023,Regulation Of Peptidyl-Threonine Phosphorylation (GO:0010799),2/36,0.0501995008461569,0.2567543277223164,0,0,5.872251931075461,17.568310863627904,CALM1;CALM2
GO_Biological_Process_2023,Positive Regulation Of RNA Splicing (GO:0033120),2/36,0.0501995008461569,0.2567543277223164,0,0,5.872251931075461,17.568310863627904,RBM3;CIRBP
GO_Biological_Process_2023,Protein Destabilization (GO:0031648),2/36,0.0501995008461569,0.2567543277223164,0,0,5.872251931075461,17.568310863627904,GSN;SERF2
GO_Biological_Process_2023,Regulation Of Cell Division (GO:0051302),3/83,0.0505815238385671,0.2575269364383668,0,0,3.753807106598985,11.201994465025969,RACK1;CALM1;CALM2
GO_Biological_Process_2023,RNA Stabilization (GO:0043489),2/37,0.0527274511453542,0.2652735967418874,0,0,5.704184704184704,16.785242657704043,CIRBP;YBX1
GO_Biological_Process_2023,Regulation Of Phosphoprotein Phosphatase Activity (GO:0043666),2/37,0.0527274511453542,0.2652735967418874,0,0,5.704184704184704,16.785242657704043,CALM1;CALM2
GO_Biological_Process_2023,Positive Regulation Of Apoptotic Process (GO:0043065),6/270,0.0545537257699595,0.2652735967418874,0,0,2.288659793814433,6.6567255433574815,LGALS1;RPS6;RACK1;RPS3;HMGB1;SOD1
GO_Biological_Process_2023,Negative Regulation Of Transport (GO:0051051),2/39,0.0579155744332589,0.2652735967418874,0,0,5.395304395304395,15.369975594462096,SNX3;LGALS3
GO_Biological_Process_2023,Retina Homeostasis (GO:0001895),2/39,0.0579155744332589,0.2652735967418874,0,0,5.395304395304395,15.369975594462096,B2M;SOD1
GO_Biological_Process_2023,Regulation Of Cellular Response To Hypoxia (GO:1900037),1/6,0.0585267307609904,0.2652735967418874,0,0,19.894472361809044,56.46591775214154,CHCHD2
GO_Biological_Process_2023,Negative Regulation Of Membrane Protein Ectodomain Proteolysis (GO:0051045),1/6,0.0585267307609904,0.2652735967418874,0,0,19.894472361809044,56.46591775214154,TIMP1
GO_Biological_Process_2023,Negative Regulation Of Protein Sumoylation (GO:0033234),1/6,0.0585267307609904,0.2652735967418874,0,0,19.894472361809044,56.46591775214154,PARK7
GO_Biological_Process_2023,Negative Regulation Of Response To Reactive Oxygen Species (GO:1901032),1/6,0.0585267307609904,0.2652735967418874,0,0,19.894472361809044,56.46591775214154,PARK7
GO_Biological_Process_2023,Negative Regulation Of Stress-Activated Protein Kinase Signaling Cascade (GO:0070303),1/6,0.0585267307609904,0.2652735967418874,0,0,19.894472361809044,56.46591775214154,PPIA
GO_Biological_Process_2023,Regulation Of Metallopeptidase Activity (GO:1905048),1/6,0.0585267307609904,0.2652735967418874,0,0,19.894472361809044,56.46591775214154,TIMP1
GO_Biological_Process_2023,Auditory Receptor Cell Morphogenesis (GO:0002093),1/6,0.0585267307609904,0.2652735967418874,0,0,19.894472361809044,56.46591775214154,SOD1
GO_Biological_Process_2023,Auditory Receptor Cell Stereocilium Organization (GO:0060088),1/6,0.0585267307609904,0.2652735967418874,0,0,19.894472361809044,56.46591775214154,SOD1
GO_Biological_Process_2023,Autophagosome Membrane Docking (GO:0016240),1/6,0.0585267307609904,0.2652735967418874,0,0,19.894472361809044,56.46591775214154,CALM1
GO_Biological_Process_2023,Regulation Of Oxidative Stress-Induced Neuron Intrinsic Apoptotic Signaling Pathway (GO:1903376),1/6,0.0585267307609904,0.2652735967418874,0,0,19.894472361809044,56.46591775214154,PARK7
GO_Biological_Process_2023,Regulation Of Phospholipid Transport (GO:2001138),1/6,0.0585267307609904,0.2652735967418874,0,0,19.894472361809044,56.46591775214154,TSPO
GO_Biological_Process_2023,Peptidyl-Arginine Modification (GO:0018195),1/6,0.0585267307609904,0.2652735967418874,0,0,19.894472361809044,56.46591775214154,PARK7
GO_Biological_Process_2023,Positive Regulation Of Chemokine (C-X-C Motif) Ligand 2 Production (GO:2000343),1/6,0.0585267307609904,0.2652735967418874,0,0,19.894472361809044,56.46591775214154,HMGB1
GO_Biological_Process_2023,Ribosomal Small Subunit Export From Nucleus (GO:0000056),1/6,0.0585267307609904,0.2652735967418874,0,0,19.894472361809044,56.46591775214154,RPS15
GO_Biological_Process_2023,Positive Regulation Of Cysteine-Type Endopeptidase Activity Involved In Apoptotic Signaling Pathway (GO:2001269),1/6,0.0585267307609904,0.2652735967418874,0,0,19.894472361809044,56.46591775214154,GSN
GO_Biological_Process_2023,Positive Regulation Of Gastrulation (GO:2000543),1/6,0.0585267307609904,0.2652735967418874,0,0,19.894472361809044,56.46591775214154,RACK1
GO_Biological_Process_2023,Positive Regulation Of Membrane Depolarization (GO:1904181),1/6,0.0585267307609904,0.2652735967418874,0,0,19.894472361809044,56.46591775214154,RACK1
GO_Biological_Process_2023,Positive Regulation Of Mitophagy In Response To Mitochondrial Depolarization (GO:0098779),1/6,0.0585267307609904,0.2652735967418874,0,0,19.894472361809044,56.46591775214154,TOMM7
GO_Biological_Process_2023,Membrane Invagination (GO:0010324),1/6,0.0585267307609904,0.2652735967418874,0,0,19.894472361809044,56.46591775214154,SNX3
GO_Biological_Process_2023,Mitochondrion-Endoplasmic Reticulum Membrane Tethering (GO:1990456),1/6,0.0585267307609904,0.2652735967418874,0,0,19.894472361809044,56.46591775214154,CALM1
GO_Biological_Process_2023,Regulation Of NAD(P)H Oxidase Activity (GO:0033860),1/6,0.0585267307609904,0.2652735967418874,0,0,19.894472361809044,56.46591775214154,PARK7
GO_Biological_Process_2023,Regulation Of T Cell Mediated Immune Response To Tumor Cell (GO:0002840),1/6,0.0585267307609904,0.2652735967418874,0,0,19.894472361809044,56.46591775214154,HMGB1
GO_Biological_Process_2023,Cellular Response To Chemical Stress (GO:0062197),3/89,0.0599063264776533,0.269336911381385,0,0,3.490851139180734,9.82665226973149,CHCHD2;PARK7;PPIA
GO_Biological_Process_2023,Positive Regulation Of DNA Repair (GO:0045739),3/89,0.0599063264776533,0.269336911381385,0,0,3.490851139180734,9.82665226973149,RPS3;HMGB1;ACTB
GO_Biological_Process_2023,Negative Regulation Of mRNA Catabolic Process (GO:1902373),2/41,0.0632725392250683,0.2754831265844039,0,0,5.118104118104118,14.127522570834804,CIRBP;YBX1
GO_Biological_Process_2023,Negative Regulation Of Proteolysis (GO:0045861),2/41,0.0632725392250683,0.2754831265844039,0,0,5.118104118104118,14.127522570834804,CST3;TIMP1
GO_Biological_Process_2023,Regulation Of Amide Metabolic Process (GO:0034248),2/41,0.0632725392250683,0.2754831265844039,0,0,5.118104118104118,14.127522570834804,RBM3;RPL10
GO_Biological_Process_2023,Monocyte Chemotaxis (GO:0002548),2/42,0.0660116079502312,0.2754831265844039,0,0,4.98989898989899,13.5621695873434,LGALS3;RPS19
GO_Biological_Process_2023,7-Methylguanosine Cap Hypermethylation (GO:0036261),1/7,0.0679442688885301,0.2754831265844039,0,0,16.57788944723618,44.57906348265406,SNRPD2
GO_Biological_Process_2023,Regulation Of Chaperone-Mediated Autophagy (GO:1904714),1/7,0.0679442688885301,0.2754831265844039,0,0,16.57788944723618,44.57906348265406,EEF1A1
GO_Biological_Process_2023,Negative Regulation Of miRNA-mediated Gene Silencing (GO:0060965),1/7,0.0679442688885301,0.2754831265844039,0,0,16.57788944723618,44.57906348265406,ELOB
GO_Biological_Process_2023,RNA Capping (GO:0036260),1/7,0.0679442688885301,0.2754831265844039,0,0,16.57788944723618,44.57906348265406,SNRPD2
GO_Biological_Process_2023,Regulation Of Hydrogen Peroxide-Induced Cell Death (GO:1903205),1/7,0.0679442688885301,0.2754831265844039,0,0,16.57788944723618,44.57906348265406,PARK7
GO_Biological_Process_2023,Regulation Of Lymphocyte Apoptotic Process (GO:0070228),1/7,0.0679442688885301,0.2754831265844039,0,0,16.57788944723618,44.57906348265406,LGALS3
GO_Biological_Process_2023,Regulation Of Oxidative Stress-Induced Cell Death (GO:1903201),1/7,0.0679442688885301,0.2754831265844039,0,0,16.57788944723618,44.57906348265406,PARK7
GO_Biological_Process_2023,Positive Regulation Of Arp2/3 Complex-Mediated Actin Nucleation (GO:2000601),1/7,0.0679442688885301,0.2754831265844039,0,0,16.57788944723618,44.57906348265406,BRK1
GO_Biological_Process_2023,Positive Regulation Of CoA-transferase Activity (GO:1905920),1/7,0.0679442688885301,0.2754831265844039,0,0,16.57788944723618,44.57906348265406,TSPO
GO_Biological_Process_2023,Cytoplasmic Sequestering Of NF-kappaB (GO:0007253),1/7,0.0679442688885301,0.2754831265844039,0,0,16.57788944723618,44.57906348265406,TMSB4X
GO_Biological_Process_2023,Positive Regulation Of Calcium Ion Import (GO:0090280),1/7,0.0679442688885301,0.2754831265844039,0,0,16.57788944723618,44.57906348265406,LGALS3
GO_Biological_Process_2023,tRNA Transcription By RNA Polymerase III (GO:0042797),1/7,0.0679442688885301,0.2754831265844039,0,0,16.57788944723618,44.57906348265406,POLR2L
GO_Biological_Process_2023,Positive Regulation Of Plasminogen Activation (GO:0010756),1/7,0.0679442688885301,0.2754831265844039,0,0,16.57788944723618,44.57906348265406,S100A10
GO_Biological_Process_2023,Lactate Metabolic Process (GO:0006089),1/7,0.0679442688885301,0.2754831265844039,0,0,16.57788944723618,44.57906348265406,PARK7
GO_Biological_Process_2023,Lipoxygenase Pathway (GO:0019372),1/7,0.0679442688885301,0.2754831265844039,0,0,16.57788944723618,44.57906348265406,GPX4
GO_Biological_Process_2023,Protein Deglycosylation (GO:0006517),1/7,0.0679442688885301,0.2754831265844039,0,0,16.57788944723618,44.57906348265406,PARK7
GO_Biological_Process_2023,Protein Localization To Cytoplasmic Stress Granule (GO:1903608),1/7,0.0679442688885301,0.2754831265844039,0,0,16.57788944723618,44.57906348265406,YBX1
GO_Biological_Process_2023,Proton-Transporting ATP Synthase Complex Assembly (GO:0043461),1/7,0.0679442688885301,0.2754831265844039,0,0,16.57788944723618,44.57906348265406,ATP5F1D
GO_Biological_Process_2023,Mitochondrial Proton-Transporting ATP Synthase Complex Assembly (GO:0033615),1/7,0.0679442688885301,0.2754831265844039,0,0,16.57788944723618,44.57906348265406,ATP5F1D
GO_Biological_Process_2023,Purine Nucleotide Catabolic Process (GO:0006195),1/7,0.0679442688885301,0.2754831265844039,0,0,16.57788944723618,44.57906348265406,HINT1
GO_Biological_Process_2023,Regulation Of CoA-transferase Activity (GO:1905918),1/7,0.0679442688885301,0.2754831265844039,0,0,16.57788944723618,44.57906348265406,TSPO
GO_Biological_Process_2023,Regulation Of Golgi To Plasma Membrane Protein Transport (GO:0042996),1/7,0.0679442688885301,0.2754831265844039,0,0,16.57788944723618,44.57906348265406,RACK1
GO_Biological_Process_2023,Regulation Of Apoptotic Cell Clearance (GO:2000425),1/7,0.0679442688885301,0.2754831265844039,0,0,16.57788944723618,44.57906348265406,HMGB1
GO_Biological_Process_2023,Peptidyl-Lysine Modification (GO:0018205),3/94,0.0682467043328599,0.2757067946780394,0,0,3.298209404808389,8.854459164365215,HINT1;SUMO2;PARK7
GO_Biological_Process_2023,Positive Regulation Of Receptor-Mediated Endocytosis (GO:0048260),2/43,0.0687896467784887,0.2768969536390432,0,0,4.867947770386794,13.030045670347697,CD63;B2M
GO_Biological_Process_2023,Establishment Of Protein Localization To Mitochondrion (GO:0072655),2/44,0.0716056114889121,0.2855700539323854,0,0,4.751803751803752,12.52851945708889,TOMM7;TSPO
GO_Biological_Process_2023,Regulation Of Protein Metabolic Process (GO:0051246),3/96,0.0717230639353225,0.2855700539323854,0,0,3.2269526772556083,8.502836079014903,RBM3;RPL10;NEDD8
GO_Biological_Process_2023,Positive Regulation Of Supramolecular Fiber Organization (GO:1902905),3/96,0.0717230639353225,0.2855700539323854,0,0,3.2269526772556083,8.502836079014903,GSN;RPS3;PFN1
GO_Biological_Process_2023,Positive Regulation Of Macromolecule Metabolic Process (GO:0010604),7/364,0.0737794592113043,0.2855700539323854,0,0,1.975312404754648,5.148997297897,RPL5;GSN;RPS7;RPL11;RPS3;PARK7;RPL17
GO_Biological_Process_2023,Protein Modification By Small Protein Conjugation (GO:0032446),7/364,0.0737794592113043,0.2855700539323854,0,0,1.975312404754648,5.148997297897,UBB;SUMO2;RACK1;NEDD8;RPS27A;UBA52;SKP1
GO_Biological_Process_2023,Regulation Of Apoptotic Signaling Pathway (GO:2001233),2/45,0.0744584746361064,0.2855700539323854,0,0,4.641061780596664,12.055221541075596,RPS3;PPIA
GO_Biological_Process_2023,"DNA Damage Response, Signal Transduction By P53 Class Mediator Resulting In Transcription Of P21 Class Mediator (GO:0006978)",1/8,0.0772680713380291,0.2855700539323854,0,0,14.208901651112706,36.38152974515558,RPS27L
GO_Biological_Process_2023,DNA Topological Change (GO:0006265),1/8,0.0772680713380291,0.2855700539323854,0,0,14.208901651112706,36.38152974515558,HMGB1
GO_Biological_Process_2023,Regulation Of Organ Growth (GO:0046620),1/8,0.0772680713380291,0.2855700539323854,0,0,14.208901651112706,36.38152974515558,SOD1
GO_Biological_Process_2023,Nucleic Acid Transport (GO:0050657),1/8,0.0772680713380291,0.2855700539323854,0,0,14.208901651112706,36.38152974515558,YBX1
GO_Biological_Process_2023,Regulation Of Podosome Assembly (GO:0071801),1/8,0.0772680713380291,0.2855700539323854,0,0,14.208901651112706,36.38152974515558,GSN
GO_Biological_Process_2023,Cellular Response To Muramyl Dipeptide (GO:0071225),1/8,0.0772680713380291,0.2855700539323854,0,0,14.208901651112706,36.38152974515558,VIM
GO_Biological_Process_2023,Positive Regulation Of ATP Biosynthetic Process (GO:2001171),1/8,0.0772680713380291,0.2855700539323854,0,0,14.208901651112706,36.38152974515558,TMSB4X
GO_Biological_Process_2023,Regulation Of Tumor Necrosis Factor Superfamily Cytokine Production (GO:1903555),1/8,0.0772680713380291,0.2855700539323854,0,0,14.208901651112706,36.38152974515558,PARK7
GO_Biological_Process_2023,Endosome To Melanosome Transport (GO:0035646),1/8,0.0772680713380291,0.2855700539323854,0,0,14.208901651112706,36.38152974515558,CD63
GO_Biological_Process_2023,Endosome To Pigment Granule Transport (GO:0043485),1/8,0.0772680713380291,0.2855700539323854,0,0,14.208901651112706,36.38152974515558,CD63
GO_Biological_Process_2023,Positive Regulation Of Ligase Activity (GO:0051351),1/8,0.0772680713380291,0.2855700539323854,0,0,14.208901651112706,36.38152974515558,TMSB4X
GO_Biological_Process_2023,tRNA Transcription (GO:0009304),1/8,0.0772680713380291,0.2855700539323854,0,0,14.208901651112706,36.38152974515558,POLR2L
GO_Biological_Process_2023,Positive Regulation Of Respiratory Burst (GO:0060267),1/8,0.0772680713380291,0.2855700539323854,0,0,14.208901651112706,36.38152974515558,RPS19
GO_Biological_Process_2023,Positive Regulation Of Ubiquitin Protein Ligase Activity (GO:1904668),1/8,0.0772680713380291,0.2855700539323854,0,0,14.208901651112706,36.38152974515558,SKP1
GO_Biological_Process_2023,Pyrimidine-Containing Compound Metabolic Process (GO:0072527),1/8,0.0772680713380291,0.2855700539323854,0,0,14.208901651112706,36.38152974515558,ERH
GO_Biological_Process_2023,Negative Regulation Of Alpha-Beta T Cell Differentiation (GO:0046639),1/8,0.0772680713380291,0.2855700539323854,0,0,14.208901651112706,36.38152974515558,HMGB1
GO_Biological_Process_2023,Regulation Of Fibroblast Proliferation (GO:0048145),2/46,0.0773472253700272,0.2855700539323854,0,0,4.535353535353536,11.608013208044897,FTH1;S100A6
GO_Biological_Process_2023,Positive Regulation Of Blood Vessel Endothelial Cell Migration (GO:0043536),2/46,0.0773472253700272,0.2855700539323854,0,0,4.535353535353536,11.608013208044897,TMSB4X;HMGB1
GO_Biological_Process_2023,Response To Hydrogen Peroxide (GO:0042542),2/46,0.0773472253700272,0.2855700539323854,0,0,4.535353535353536,11.608013208044897,RPS3;SOD1
GO_Biological_Process_2023,Regulation Of T Cell Differentiation (GO:0045580),2/47,0.0802708691611082,0.2949432986356768,0,0,4.434343434343434,11.184959505346583,ACTB;SOD1
GO_Biological_Process_2023,Regulation Of DNA Binding (GO:0051101),2/48,0.0832284276217124,0.2949432986356768,0,0,4.337725076855512,10.784305954054672,EDF1;HMGB1
GO_Biological_Process_2023,Antibacterial Humoral Response (GO:0019731),2/49,0.0862189382580095,0.2949432986356768,0,0,4.24521813883516,10.404458354124063,FAU;RPL39
GO_Biological_Process_2023,Erythrocyte Differentiation (GO:0030218),2/49,0.0862189382580095,0.2949432986356768,0,0,4.24521813883516,10.404458354124063,RPS14;RPS19
GO_Biological_Process_2023,Proton Transmembrane Transport (GO:1902600),2/49,0.0862189382580095,0.2949432986356768,0,0,4.24521813883516,10.404458354124063,ATP6V0E1;ATP5PO
GO_Biological_Process_2023,Negative Regulation Of Establishment Of Protein Localization (GO:1904950),1/9,0.0864990660572792,0.2949432986356768,0,0,12.4321608040201,30.429226090981548,SNX3
GO_Biological_Process_2023,Negative Regulation Of Extracellular Matrix Organization (GO:1903054),1/9,0.0864990660572792,0.2949432986356768,0,0,12.4321608040201,30.429226090981548,CST3
GO_Biological_Process_2023,"DNA Damage Response, Signal Transduction Resulting In Transcription (GO:0042772)",1/9,0.0864990660572792,0.2949432986356768,0,0,12.4321608040201,30.429226090981548,RPS27L
GO_Biological_Process_2023,Regulation Of Endoplasmic Reticulum Unfolded Protein Response (GO:1900101),1/9,0.0864990660572792,0.2949432986356768,0,0,12.4321608040201,30.429226090981548,RACK1
GO_Biological_Process_2023,Regulation Of High Voltage-Gated Calcium Channel Activity (GO:1901841),1/9,0.0864990660572792,0.2949432986356768,0,0,12.4321608040201,30.429226090981548,CALM1
GO_Biological_Process_2023,Negative Regulation Of Phosphatidylinositol 3-Kinase Signaling (GO:0014067),1/9,0.0864990660572792,0.2949432986356768,0,0,12.4321608040201,30.429226090981548,NOP53
GO_Biological_Process_2023,T-helper 1 Type Immune Response (GO:0042088),1/9,0.0864990660572792,0.2949432986356768,0,0,12.4321608040201,30.429226090981548,HMGB1
GO_Biological_Process_2023,Actin-Mediated Cell Contraction (GO:0070252),1/9,0.0864990660572792,0.2949432986356768,0,0,12.4321608040201,30.429226090981548,GSN
GO_Biological_Process_2023,Negative Regulation Of Receptor Binding (GO:1900121),1/9,0.0864990660572792,0.2949432986356768,0,0,12.4321608040201,30.429226090981548,B2M
GO_Biological_Process_2023,Negative Regulation Of Transcription By RNA Polymerase I (GO:0016479),1/9,0.0864990660572792,0.2949432986356768,0,0,12.4321608040201,30.429226090981548,NOP53
GO_Biological_Process_2023,Regulation Of Protein Acetylation (GO:1901983),1/9,0.0864990660572792,0.2949432986356768,0,0,12.4321608040201,30.429226090981548,PARK7
GO_Biological_Process_2023,Regulation Of Protein Lipidation (GO:1903059),1/9,0.0864990660572792,0.2949432986356768,0,0,12.4321608040201,30.429226090981548,TSPO
GO_Biological_Process_2023,Peptidyl-Cysteine Modification (GO:0018198),1/9,0.0864990660572792,0.2949432986356768,0,0,12.4321608040201,30.429226090981548,PARK7
GO_Biological_Process_2023,Regulation Of Receptor Binding (GO:1900120),1/9,0.0864990660572792,0.2949432986356768,0,0,12.4321608040201,30.429226090981548,B2M
GO_Biological_Process_2023,Positive Regulation Of ATP Metabolic Process (GO:1903580),1/9,0.0864990660572792,0.2949432986356768,0,0,12.4321608040201,30.429226090981548,TMSB4X
GO_Biological_Process_2023,Regulation Of Transmembrane Transporter Activity (GO:0022898),1/9,0.0864990660572792,0.2949432986356768,0,0,12.4321608040201,30.429226090981548,ACTB
GO_Biological_Process_2023,Regulation Of Viral-Induced Cytoplasmic Pattern Recognition Receptor Signaling Pathway (GO:0039531),1/9,0.0864990660572792,0.2949432986356768,0,0,12.4321608040201,30.429226090981548,NOP53
GO_Biological_Process_2023,Myelin Maintenance (GO:0043217),1/9,0.0864990660572792,0.2949432986356768,0,0,12.4321608040201,30.429226090981548,SOD1
GO_Biological_Process_2023,Regulation Of RNA Polymerase II Regulatory Region Sequence-Specific DNA Binding (GO:1903025),1/9,0.0864990660572792,0.2949432986356768,0,0,12.4321608040201,30.429226090981548,TMSB4X
GO_Biological_Process_2023,Regulation Of Actin Filament Length (GO:0030832),1/9,0.0864990660572792,0.2949432986356768,0,0,12.4321608040201,30.429226090981548,BRK1
GO_Biological_Process_2023,Regulation Of Neuron Apoptotic Process (GO:0043523),3/105,0.0883124080071284,0.3002083381949642,0,0,2.9408778739922363,7.137141991170913,UBB;PARK7;SOD1
GO_Biological_Process_2023,Positive Regulation Of Autophagy (GO:0010508),3/107,0.0922003613732937,0.3020865774588632,0,0,2.8840296759078483,6.874924645539169,TMEM59;PARK7;HMGB1
GO_Biological_Process_2023,Regulation Of Release Of Sequestered Calcium Ion Into Cytosol (GO:0051279),2/51,0.0922950442929787,0.3020865774588632,0,0,4.071531642960214,9.7015024039535,CALM1;CALM2
GO_Biological_Process_2023,Positive Regulation Of Actin Filament Bundle Assembly (GO:0032233),2/51,0.0922950442929787,0.3020865774588632,0,0,4.071531642960214,9.7015024039535,PFN1;S100A10
GO_Biological_Process_2023,Positive Regulation Of Protein Localization To Plasma Membrane (GO:1903078),2/51,0.0922950442929787,0.3020865774588632,0,0,4.071531642960214,9.7015024039535,LGALS3;RACK1
GO_Biological_Process_2023,Regulation Of Autophagy (GO:0010506),5/241,0.0948925115353921,0.3020865774588632,0,0,2.125597566275532,5.0058045565004585,EEF1A1;TMEM59;ATP6V0E1;HMGB1;GAPDH
GO_Biological_Process_2023,Regulation Of Proteolysis (GO:0030162),2/52,0.0953787922697506,0.3020865774588632,0,0,3.98989898989899,9.375859760148904,CST3;NEDD8
GO_Biological_Process_2023,Cellular Response To Ionizing Radiation (GO:0071479),2/52,0.0953787922697506,0.3020865774588632,0,0,3.98989898989899,9.375859760148904,EEF1D;RPL26
GO_Biological_Process_2023,Regulation Of Cell Development (GO:0060284),2/52,0.0953787922697506,0.3020865774588632,0,0,3.98989898989899,9.375859760148904,RPS19;S100A10
GO_Biological_Process_2023,CRD-mediated mRNA Stabilization (GO:0070934),1/10,0.0956381720564831,0.3020865774588632,0,0,11.050251256281408,25.93696464958489,YBX1
GO_Biological_Process_2023,Negative Regulation Of Mitochondrial Outer Membrane Permeabilization Involved In Apoptotic Signaling Pathway (GO:1901029),1/10,0.0956381720564831,0.3020865774588632,0,0,11.050251256281408,25.93696464958489,SLC25A6
GO_Biological_Process_2023,TORC1 Signaling (GO:0038202),1/10,0.0956381720564831,0.3020865774588632,0,0,11.050251256281408,25.93696464958489,LAMTOR4
GO_Biological_Process_2023,Regulation Of Mitochondrial Depolarization (GO:0051900),1/10,0.0956381720564831,0.3020865774588632,0,0,11.050251256281408,25.93696464958489,RACK1
GO_Biological_Process_2023,Cellular Response To UV-A (GO:0071492),1/10,0.0956381720564831,0.3020865774588632,0,0,11.050251256281408,25.93696464958489,TIMP1
GO_Biological_Process_2023,Regulation Of Toll-Like Receptor 9 Signaling Pathway (GO:0034163),1/10,0.0956381720564831,0.3020865774588632,0,0,11.050251256281408,25.93696464958489,HMGB1
GO_Biological_Process_2023,Removal Of Superoxide Radicals (GO:0019430),1/10,0.0956381720564831,0.3020865774588632,0,0,11.050251256281408,25.93696464958489,SOD1
GO_Biological_Process_2023,Positive Regulation Of Autophagy Of Mitochondrion (GO:1903599),1/10,0.0956381720564831,0.3020865774588632,0,0,11.050251256281408,25.93696464958489,PARK7
GO_Biological_Process_2023,Positive Regulation Of Cellular Respiration (GO:1901857),1/10,0.0956381720564831,0.3020865774588632,0,0,11.050251256281408,25.93696464958489,PARK7
GO_Biological_Process_2023,Positive Regulation Of Cellular Senescence (GO:2000774),1/10,0.0956381720564831,0.3020865774588632,0,0,11.050251256281408,25.93696464958489,B2M
GO_Biological_Process_2023,Epithelial Cell Apoptotic Process (GO:1904019),1/10,0.0956381720564831,0.3020865774588632,0,0,11.050251256281408,25.93696464958489,GSN
GO_Biological_Process_2023,Positive Regulation Of Phospholipid Transport (GO:2001140),1/10,0.0956381720564831,0.3020865774588632,0,0,11.050251256281408,25.93696464958489,TSPO
GO_Biological_Process_2023,miRNA Catabolic Process (GO:0010587),1/10,0.0956381720564831,0.3020865774588632,0,0,11.050251256281408,25.93696464958489,ELOB
GO_Biological_Process_2023,Mitochondrial Respirasome Assembly (GO:0097250),1/10,0.0956381720564831,0.3020865774588632,0,0,11.050251256281408,25.93696464958489,COX7A2
GO_Biological_Process_2023,Purine Ribonucleoside Triphosphate Biosynthetic Process (GO:0009206),1/10,0.0956381720564831,0.3020865774588632,0,0,11.050251256281408,25.93696464958489,ATP5PO
GO_Biological_Process_2023,Mitotic G1/S Transition Checkpoint Signaling (GO:0044819),1/10,0.0956381720564831,0.3020865774588632,0,0,11.050251256281408,25.93696464958489,RPS27L
GO_Biological_Process_2023,Muscle Filament Sliding (GO:0030049),1/10,0.0956381720564831,0.3020865774588632,0,0,11.050251256281408,25.93696464958489,MYL6
GO_Biological_Process_2023,Actin Polymerization Or Depolymerization (GO:0008154),2/53,0.0984917971521169,0.3067551782810346,0,0,3.9114676173499694,9.065929283683165,GSN;DSTN
GO_Biological_Process_2023,Regulation Of Macromolecule Biosynthetic Process (GO:0010556),2/53,0.0984917971521169,0.3067551782810346,0,0,3.9114676173499694,9.065929283683165,RBM3;RPL10
GO_Biological_Process_2023,Regulation Of Proteasomal Protein Catabolic Process (GO:0061136),2/53,0.0984917971521169,0.3067551782810346,0,0,3.9114676173499694,9.065929283683165,UBB;PSME1
GO_Biological_Process_2023,mRNA Stabilization (GO:0048255),2/53,0.0984917971521169,0.3067551782810346,0,0,3.9114676173499694,9.065929283683165,CIRBP;YBX1
GO_Biological_Process_2023,Mitochondrial Transport (GO:0006839),2/53,0.0984917971521169,0.3067551782810346,0,0,3.9114676173499694,9.065929283683165,TOMM7;TSPO
GO_Biological_Process_2023,Positive Regulation Of I-kappaB kinase/NF-kappaB Signaling (GO:0043123),4/175,0.0989727602460167,0.30739450605657,0,0,2.342642320085929,5.418322291004126,LGALS1;EEF1D;S100A4;GAPDH
GO_Biological_Process_2023,Positive Regulation Of Programmed Cell Death (GO:0043068),5/245,0.0999859696707735,0.3087968879813654,0,0,2.08974358974359,4.812105656399324,LGALS1;RPS6;RACK1;HMGB1;SOD1
GO_Biological_Process_2023,Negative Regulation Of Protein Ubiquitination (GO:0031397),2/54,0.1016331727713355,0.3087968879813654,0,0,3.836052836052836,8.77069478933889,RPS3;PARK7
GO_Biological_Process_2023,Regulation Of Lipid Metabolic Process (GO:0019216),2/54,0.1016331727713355,0.3087968879813654,0,0,3.836052836052836,8.77069478933889,NPC2;EDF1
GO_Biological_Process_2023,Regulation Of Blood Vessel Endothelial Cell Migration (GO:0043535),2/54,0.1016331727713355,0.3087968879813654,0,0,3.836052836052836,8.77069478933889,TMSB4X;HMGB1
GO_Biological_Process_2023,Regulation Of Protein Ubiquitination (GO:0031396),3/113,0.1042776844975899,0.3087968879813654,0,0,2.7258883248730963,6.162409997576357,UBB;RPS3;PARK7
GO_Biological_Process_2023,"Negative Regulation Of Nuclear-Transcribed mRNA Catabolic Process, Deadenylation-Dependent Decay (GO:1900152)",1/11,0.1046862992439068,0.3087968879813654,0,0,9.944723618090451,22.4431232477853,YBX1
GO_Biological_Process_2023,Negative Regulation Of Reactive Oxygen Species Biosynthetic Process (GO:1903427),1/11,0.1046862992439068,0.3087968879813654,0,0,9.944723618090451,22.4431232477853,PARK7
GO_Biological_Process_2023,Negative Regulation Of Release Of Sequestered Calcium Ion Into Cytosol (GO:0051280),1/11,0.1046862992439068,0.3087968879813654,0,0,9.944723618090451,22.4431232477853,CALM2
GO_Biological_Process_2023,Negative Regulation Of Ryanodine-Sensitive Calcium-Release Channel Activity (GO:0060315),1/11,0.1046862992439068,0.3087968879813654,0,0,9.944723618090451,22.4431232477853,CALM2
GO_Biological_Process_2023,Cellular Response To Superoxide (GO:0071451),1/11,0.1046862992439068,0.3087968879813654,0,0,9.944723618090451,22.4431232477853,SOD1
GO_Biological_Process_2023,Positive Regulation Of Lipid Transport (GO:0032370),1/11,0.1046862992439068,0.3087968879813654,0,0,9.944723618090451,22.4431232477853,TSPO
GO_Biological_Process_2023,Inner Ear Receptor Cell Stereocilium Organization (GO:0060122),1/11,0.1046862992439068,0.3087968879813654,0,0,9.944723618090451,22.4431232477853,SOD1
GO_Biological_Process_2023,Macrophage Chemotaxis (GO:0048246),1/11,0.1046862992439068,0.3087968879813654,0,0,9.944723618090451,22.4431232477853,LGALS3
GO_Biological_Process_2023,"Regulation Of CD4-positive, Alpha-Beta T Cell Differentiation (GO:0043370)",1/11,0.1046862992439068,0.3087968879813654,0,0,9.944723618090451,22.4431232477853,HMGB1
GO_Biological_Process_2023,"Negative Regulation Of CD4-positive, Alpha-Beta T Cell Activation (GO:2000515)",1/11,0.1046862992439068,0.3087968879813654,0,0,9.944723618090451,22.4431232477853,HMGB1
GO_Biological_Process_2023,Regulation Of T Cell Apoptotic Process (GO:0070232),1/11,0.1046862992439068,0.3087968879813654,0,0,9.944723618090451,22.4431232477853,LGALS3
GO_Biological_Process_2023,Regulation Of T Cell Mediated Immunity (GO:0002709),1/11,0.1046862992439068,0.3087968879813654,0,0,9.944723618090451,22.4431232477853,HMGB1
GO_Biological_Process_2023,Negative Regulation Of Amyloid Fibril Formation (GO:1905907),1/11,0.1046862992439068,0.3087968879813654,0,0,9.944723618090451,22.4431232477853,PFDN5
GO_Biological_Process_2023,Regulation Of Cell Communication By Electrical Coupling Involved In Cardiac Conduction (GO:1901844),1/11,0.1046862992439068,0.3087968879813654,0,0,9.944723618090451,22.4431232477853,CALM2
GO_Biological_Process_2023,Cellular Response To Peptide (GO:1901653),2/56,0.1079975643594305,0.3113352550534121,0,0,3.6936026936026938,8.220654292796869,VIM;RPL17
GO_Biological_Process_2023,Positive Regulation Of Cellular Metabolic Process (GO:0031325),2/56,0.1079975643594305,0.3113352550534121,0,0,3.6936026936026938,8.220654292796869,CHCHD2;B2M
GO_Biological_Process_2023,Mitotic DNA Damage Checkpoint Signaling (GO:0044773),2/56,0.1079975643594305,0.3113352550534121,0,0,3.6936026936026938,8.220654292796869,RPS27L;NOP53
GO_Biological_Process_2023,Regulation Of Cation Channel Activity (GO:2001257),2/56,0.1079975643594305,0.3113352550534121,0,0,3.6936026936026938,8.220654292796869,CALM1;CALM2
GO_Biological_Process_2023,Post-Transcriptional Regulation Of Gene Expression (GO:0010608),2/57,0.111218880351375,0.3113352550534121,0,0,3.6262626262626254,7.964197874788815,RBM3;RPL10
GO_Biological_Process_2023,Myeloid Cell Differentiation (GO:0030099),2/57,0.111218880351375,0.3113352550534121,0,0,3.6262626262626254,7.964197874788815,RPS14;RPS19
GO_Biological_Process_2023,Positive Regulation Of Cell Population Proliferation (GO:0008284),8/483,0.1125745913394359,0.3113352550534121,0,0,1.6951754385964912,3.702499199071632,RPS4X;RPS9;RPS15A;RPS6;S100A6;TIMP1;RPL17;ACTB
GO_Biological_Process_2023,Regulation Of Chemokine (C-X-C Motif) Ligand 2 Production (GO:2000341),1/12,0.1136443487055952,0.3113352550534121,0,0,9.040201005025123,19.659557478207127,HMGB1
GO_Biological_Process_2023,DNA Conformation Change (GO:0071103),1/12,0.1136443487055952,0.3113352550534121,0,0,9.040201005025123,19.659557478207127,HMGB1
GO_Biological_Process_2023,Negative Regulation Of Mitochondrial Membrane Permeability (GO:0035795),1/12,0.1136443487055952,0.3113352550534121,0,0,9.040201005025123,19.659557478207127,SLC25A6
GO_Biological_Process_2023,V(D)J Recombination (GO:0033151),1/12,0.1136443487055952,0.3113352550534121,0,0,9.040201005025123,19.659557478207127,HMGB1
GO_Biological_Process_2023,Actin-Myosin Filament Sliding (GO:0033275),1/12,0.1136443487055952,0.3113352550534121,0,0,9.040201005025123,19.659557478207127,MYL6
GO_Biological_Process_2023,Nucleotide Metabolic Process (GO:0009117),1/12,0.1136443487055952,0.3113352550534121,0,0,9.040201005025123,19.659557478207127,PARK7
GO_Biological_Process_2023,Cell Projection Assembly (GO:0030031),1/12,0.1136443487055952,0.3113352550534121,0,0,9.040201005025123,19.659557478207127,GSN
GO_Biological_Process_2023,Phosphatidylcholine Acyl-Chain Remodeling (GO:0036151),1/12,0.1136443487055952,0.3113352550534121,0,0,9.040201005025123,19.659557478207127,TSPO
GO_Biological_Process_2023,Relaxation Of Cardiac Muscle (GO:0055119),1/12,0.1136443487055952,0.3113352550534121,0,0,9.040201005025123,19.659557478207127,GSN
GO_Biological_Process_2023,Response To Iron Ion (GO:0010039),1/12,0.1136443487055952,0.3113352550534121,0,0,9.040201005025123,19.659557478207127,B2M
GO_Biological_Process_2023,Response To Muramyl Dipeptide (GO:0032495),1/12,0.1136443487055952,0.3113352550534121,0,0,9.040201005025123,19.659557478207127,VIM
GO_Biological_Process_2023,Detection Of Calcium Ion (GO:0005513),1/12,0.1136443487055952,0.3113352550534121,0,0,9.040201005025123,19.659557478207127,CALM2
GO_Biological_Process_2023,Positive Regulation Of Cellular Extravasation (GO:0002693),1/12,0.1136443487055952,0.3113352550534121,0,0,9.040201005025123,19.659557478207127,CD99
GO_Biological_Process_2023,Endothelium Development (GO:0003158),1/12,0.1136443487055952,0.3113352550534121,0,0,9.040201005025123,19.659557478207127,EDF1
GO_Biological_Process_2023,Positive Regulation Of Purine Nucleotide Biosynthetic Process (GO:1900373),1/12,0.1136443487055952,0.3113352550534121,0,0,9.040201005025123,19.659557478207127,TMSB4X
GO_Biological_Process_2023,Positive Regulation Of Ruffle Assembly (GO:1900029),1/12,0.1136443487055952,0.3113352550534121,0,0,9.040201005025123,19.659557478207127,PFN1
GO_Biological_Process_2023,Positive Regulation Of Vascular Endothelial Cell Proliferation (GO:1905564),1/12,0.1136443487055952,0.3113352550534121,0,0,9.040201005025123,19.659557478207127,HMGB1
GO_Biological_Process_2023,Macrophage Migration (GO:1905517),1/12,0.1136443487055952,0.3113352550534121,0,0,9.040201005025123,19.659557478207127,LGALS3
GO_Biological_Process_2023,Myelination In Peripheral Nervous System (GO:0022011),1/12,0.1136443487055952,0.3113352550534121,0,0,9.040201005025123,19.659557478207127,SOD1
GO_Biological_Process_2023,Regulation Of T Cell Differentiation In Thymus (GO:0033081),1/12,0.1136443487055952,0.3113352550534121,0,0,9.040201005025123,19.659557478207127,SOD1
GO_Biological_Process_2023,Regulation Of Actin Filament Organization (GO:0110053),1/12,0.1136443487055952,0.3113352550534121,0,0,9.040201005025123,19.659557478207127,BRK1
GO_Biological_Process_2023,Negative Regulation Of Alcohol Biosynthetic Process (GO:1902931),1/12,0.1136443487055952,0.3113352550534121,0,0,9.040201005025123,19.659557478207127,SOD1
GO_Biological_Process_2023,Regulation Of Neuron Death (GO:1901214),2/58,0.1144651666427582,0.3120505154197443,0,0,3.561327561327561,7.719123085387519,UBB;PARK7
GO_Biological_Process_2023,Regulation Of Phagocytosis (GO:0050764),2/58,0.1144651666427582,0.3120505154197443,0,0,3.561327561327561,7.719123085387519,SNX3;RACK1
GO_Biological_Process_2023,Regulation Of Protein Kinase Activity (GO:0045859),3/119,0.1169417814626649,0.3162088705115846,0,0,2.584106423945388,5.545696691343623,PARK7;PPIA;SOD1
GO_Biological_Process_2023,Positive Regulation Of Protein Binding (GO:0032092),2/59,0.1177356082636544,0.3162088705115846,0,0,3.4986709197235517,7.484754897547597,RPL11;B2M
GO_Biological_Process_2023,Protein Targeting To Mitochondrion (GO:0006626),2/59,0.1177356082636544,0.3162088705115846,0,0,3.4986709197235517,7.484754897547597,TOMM7;TSPO
GO_Biological_Process_2023,Regulation Of Extrinsic Apoptotic Signaling Pathway (GO:2001236),2/60,0.1210294038464434,0.3162088705115846,0,0,3.438174851967956,7.260468635528234,LGALS3;PARK7
GO_Biological_Process_2023,Negative Regulation Of Endoplasmic Reticulum Unfolded Protein Response (GO:1900102),1/13,0.1225132126107664,0.3162088705115846,0,0,8.28643216080402,17.397665920944878,RACK1
GO_Biological_Process_2023,Regulation Of Gastrulation (GO:0010470),1/13,0.1225132126107664,0.3162088705115846,0,0,8.28643216080402,17.397665920944878,RACK1
GO_Biological_Process_2023,Regulation Of Intrinsic Apoptotic Signaling Pathway In Response To DNA Damage By P53 Class Mediator (GO:1902165),1/13,0.1225132126107664,0.3162088705115846,0,0,8.28643216080402,17.397665920944878,RPL26
GO_Biological_Process_2023,Negative Regulation Of Viral Transcription (GO:0032897),1/13,0.1225132126107664,0.3162088705115846,0,0,8.28643216080402,17.397665920944878,IFITM3
GO_Biological_Process_2023,Outer Mitochondrial Membrane Organization (GO:0007008),1/13,0.1225132126107664,0.3162088705115846,0,0,8.28643216080402,17.397665920944878,TOMM7
GO_Biological_Process_2023,Regulation Of Transcription Of Nucleolar Large rRNA By RNA Polymerase I (GO:1901836),1/13,0.1225132126107664,0.3162088705115846,0,0,8.28643216080402,17.397665920944878,NOP53
GO_Biological_Process_2023,Regulation Of Trophoblast Cell Migration (GO:1901163),1/13,0.1225132126107664,0.3162088705115846,0,0,8.28643216080402,17.397665920944878,TIMP1
GO_Biological_Process_2023,Relaxation Of Muscle (GO:0090075),1/13,0.1225132126107664,0.3162088705115846,0,0,8.28643216080402,17.397665920944878,GSN
GO_Biological_Process_2023,Positive Regulation Of T Cell Receptor Signaling Pathway (GO:0050862),1/13,0.1225132126107664,0.3162088705115846,0,0,8.28643216080402,17.397665920944878,RPS3
GO_Biological_Process_2023,Response To UV-A (GO:0070141),1/13,0.1225132126107664,0.3162088705115846,0,0,8.28643216080402,17.397665920944878,TIMP1
GO_Biological_Process_2023,Cotranslational Protein Targeting To Membrane (GO:0006613),1/13,0.1225132126107664,0.3162088705115846,0,0,8.28643216080402,17.397665920944878,SRP14
GO_Biological_Process_2023,Cytoplasmic Sequestering Of Transcription Factor (GO:0042994),1/13,0.1225132126107664,0.3162088705115846,0,0,8.28643216080402,17.397665920944878,TMSB4X
GO_Biological_Process_2023,Signal Peptide Processing (GO:0006465),1/13,0.1225132126107664,0.3162088705115846,0,0,8.28643216080402,17.397665920944878,SPCS1
GO_Biological_Process_2023,Endothelial Cell Differentiation (GO:0045446),1/13,0.1225132126107664,0.3162088705115846,0,0,8.28643216080402,17.397665920944878,EDF1
GO_Biological_Process_2023,Thymus Development (GO:0048538),1/13,0.1225132126107664,0.3162088705115846,0,0,8.28643216080402,17.397665920944878,SOD1
GO_Biological_Process_2023,Positive Regulation Of Superoxide Anion Generation (GO:0032930),1/13,0.1225132126107664,0.3162088705115846,0,0,8.28643216080402,17.397665920944878,SOD1
GO_Biological_Process_2023,Killing By Host Of Symbiont Cells (GO:0051873),1/13,0.1225132126107664,0.3162088705115846,0,0,8.28643216080402,17.397665920944878,GAPDH
GO_Biological_Process_2023,Protein Insertion Into Mitochondrial Outer Membrane (GO:0045040),1/13,0.1225132126107664,0.3162088705115846,0,0,8.28643216080402,17.397665920944878,TOMM7
GO_Biological_Process_2023,Myeloid Dendritic Cell Activation (GO:0001773),1/13,0.1225132126107664,0.3162088705115846,0,0,8.28643216080402,17.397665920944878,HMGB1
GO_Biological_Process_2023,Protein Localization To Nucleus (GO:0034504),3/122,0.123480177679577,0.3179685868654235,0,0,2.5185769739367827,5.26804358631712,RPL11;NOP53;SKP1
GO_Biological_Process_2023,Negative Regulation Of Viral Process (GO:0048525),2/61,0.1243457655234195,0.3187253530083053,0,0,3.379729498373566,7.045685456427677,IFITM3;PPIA
GO_Biological_Process_2023,Positive Regulation Of Interleukin-8 Production (GO:0032757),2/61,0.1243457655234195,0.3187253530083053,0,0,3.379729498373566,7.045685456427677,HMGB1;PARK7
GO_Biological_Process_2023,Modification-Dependent Protein Catabolic Process (GO:0019941),4/192,0.126882620786053,0.3217418866646564,0,0,2.128962223187147,4.395227321074526,UBB;NEDD8;RPS27A;UBA52
GO_Biological_Process_2023,Regulation Of Protein Phosphorylation (GO:0001932),5/265,0.1274327801928374,0.3217418866646564,0,0,1.9270216962524656,3.969985095521329,RACK1;PARK7;PPIA;NOP53;SOD1
GO_Biological_Process_2023,Negative Regulation Of Kinase Activity (GO:0033673),2/62,0.1276839186856092,0.3217418866646564,0,0,3.323232323232323,6.839868307696459,PARK7;PPIA
GO_Biological_Process_2023,Positive Regulation Of Apoptotic Signaling Pathway (GO:2001235),2/62,0.1276839186856092,0.3217418866646564,0,0,3.323232323232323,6.839868307696459,RACK1;RPS3
GO_Biological_Process_2023,Regulation Of T Cell Activation (GO:0050863),2/62,0.1276839186856092,0.3217418866646564,0,0,3.323232323232323,6.839868307696459,LGALS3;B2M
GO_Biological_Process_2023,Protein Polymerization (GO:0051258),2/63,0.1310431018295034,0.3217418866646564,0,0,3.2685875144891536,6.642518297732,GSN;GPX4
GO_Biological_Process_2023,Regulation Of Endothelial Cell Chemotaxis (GO:2001026),1/14,0.1312937743788508,0.3217418866646564,0,0,7.648627754155393,15.529145947074284,TMSB4X
GO_Biological_Process_2023,Regulation Of Extracellular Matrix Disassembly (GO:0010715),1/14,0.1312937743788508,0.3217418866646564,0,0,7.648627754155393,15.529145947074284,CST3
GO_Biological_Process_2023,Negative Regulation Of Nucleocytoplasmic Transport (GO:0046823),1/14,0.1312937743788508,0.3217418866646564,0,0,7.648627754155393,15.529145947074284,PARK7
GO_Biological_Process_2023,Negative Regulation Of Transcription Regulatory Region DNA Binding (GO:2000678),1/14,0.1312937743788508,0.3217418866646564,0,0,7.648627754155393,15.529145947074284,TMSB4X
GO_Biological_Process_2023,Regulation Of Superoxide Anion Generation (GO:0032928),1/14,0.1312937743788508,0.3217418866646564,0,0,7.648627754155393,15.529145947074284,SOD1
GO_Biological_Process_2023,Positive Regulation Of Acute Inflammatory Response (GO:0002675),1/14,0.1312937743788508,0.3217418866646564,0,0,7.648627754155393,15.529145947074284,PARK7
GO_Biological_Process_2023,Response To Muscle Stretch (GO:0035994),1/14,0.1312937743788508,0.3217418866646564,0,0,7.648627754155393,15.529145947074284,GSN
GO_Biological_Process_2023,Positive Regulation Of Cytoplasmic Translation (GO:2000767),1/14,0.1312937743788508,0.3217418866646564,0,0,7.648627754155393,15.529145947074284,YBX1
GO_Biological_Process_2023,Positive Regulation Of Endothelial Cell Chemotaxis (GO:2001028),1/14,0.1312937743788508,0.3217418866646564,0,0,7.648627754155393,15.529145947074284,TMSB4X
GO_Biological_Process_2023,Positive Regulation Of Lyase Activity (GO:0051349),1/14,0.1312937743788508,0.3217418866646564,0,0,7.648627754155393,15.529145947074284,PARK7
GO_Biological_Process_2023,Membrane Raft Organization (GO:0031579),1/14,0.1312937743788508,0.3217418866646564,0,0,7.648627754155393,15.529145947074284,S100A10
GO_Biological_Process_2023,Protein Localization To Vacuole (GO:0072665),1/14,0.1312937743788508,0.3217418866646564,0,0,7.648627754155393,15.529145947074284,LAMTOR4
GO_Biological_Process_2023,Mitochondrion Transport Along Microtubule (GO:0047497),1/14,0.1312937743788508,0.3217418866646564,0,0,7.648627754155393,15.529145947074284,UBB
GO_Biological_Process_2023,Regulation Of ATP Biosynthetic Process (GO:2001169),1/14,0.1312937743788508,0.3217418866646564,0,0,7.648627754155393,15.529145947074284,TMSB4X
GO_Biological_Process_2023,Protein N-linked Glycosylation (GO:0006487),2/64,0.1344225663522014,0.3286867576375101,0,0,3.215705441511893,6.45317143498723,OST4;DAD1
GO_Biological_Process_2023,Regulation Of Translational Initiation (GO:0006446),2/65,0.137821576382599,0.3328046977308213,0,0,3.1645021645021645,6.271395690931595,EIF3H;EIF1
GO_Biological_Process_2023,Positive Regulation Of T Cell Proliferation (GO:0042102),2/65,0.137821576382599,0.3328046977308213,0,0,3.1645021645021645,6.271395690931595,RPS3;HMGB1
GO_Biological_Process_2023,Regulation Of DNA Repair (GO:0006282),3/129,0.1392329274452611,0.3328046977308213,0,0,2.3778100072516315,4.688106881874375,MORF4L1;RPS3;ACTB
GO_Biological_Process_2023,Negative Regulation Of Endoplasmic Reticulum Stress-Induced Intrinsic Apoptotic Signaling Pathway (GO:1902236),1/15,0.139986908731619,0.3328046977308213,0,0,7.101938262742283,13.963876250165317,PARK7
GO_Biological_Process_2023,Regulation Of Cholesterol Biosynthetic Process (GO:0045540),1/15,0.139986908731619,0.3328046977308213,0,0,7.101938262742283,13.963876250165317,SOD1
GO_Biological_Process_2023,Regulation Of Multicellular Organism Growth (GO:0040014),1/15,0.139986908731619,0.3328046977308213,0,0,7.101938262742283,13.963876250165317,SOD1
GO_Biological_Process_2023,"Positive Regulation Of DNA Damage Response, Signal Transduction By P53 Class Mediator (GO:0043517)",1/15,0.139986908731619,0.3328046977308213,0,0,7.101938262742283,13.963876250165317,RPL26
GO_Biological_Process_2023,Dendritic Cell Chemotaxis (GO:0002407),1/15,0.139986908731619,0.3328046977308213,0,0,7.101938262742283,13.963876250165317,HMGB1
GO_Biological_Process_2023,Retrograde Axonal Transport (GO:0008090),1/15,0.139986908731619,0.3328046977308213,0,0,7.101938262742283,13.963876250165317,SOD1
GO_Biological_Process_2023,Positive Regulation Of Collagen Biosynthetic Process (GO:0032967),1/15,0.139986908731619,0.3328046977308213,0,0,7.101938262742283,13.963876250165317,VIM
GO_Biological_Process_2023,Vasodilation (GO:0042311),1/15,0.139986908731619,0.3328046977308213,0,0,7.101938262742283,13.963876250165317,SOD1
GO_Biological_Process_2023,Intracellular Sterol Transport (GO:0032366),1/15,0.139986908731619,0.3328046977308213,0,0,7.101938262742283,13.963876250165317,NPC2
GO_Biological_Process_2023,Regulation Of Amyloid Fibril Formation (GO:1905906),1/15,0.139986908731619,0.3328046977308213,0,0,7.101938262742283,13.963876250165317,PFDN5
GO_Biological_Process_2023,Response To Reactive Oxygen Species (GO:0000302),2/66,0.1412394085870013,0.3350610942347456,0,0,3.11489898989899,6.096788351656931,RPS3;SOD1
GO_Biological_Process_2023,Regulation Of Cell Cycle Process (GO:0010564),3/130,0.1415370182821212,0.3350610942347456,0,0,2.3589671849394462,4.612238445645575,CALM1;CALM2;RPL17
GO_Biological_Process_2023,Activation Of Cysteine-Type Endopeptidase Activity Involved In Apoptotic Process (GO:0006919),2/67,0.1446753520694938,0.3403228218512354,0,0,3.0668220668220667,5.928973623253177,RACK1;RPS27L
GO_Biological_Process_2023,Regulation Of Neurogenesis (GO:0050767),2/67,0.1446753520694938,0.3403228218512354,0,0,3.0668220668220667,5.928973623253177,B2M;S100A10
GO_Biological_Process_2023,Regulation Of Viral Genome Replication (GO:0045069),2/67,0.1446753520694938,0.3403228218512354,0,0,3.0668220668220667,5.928973623253177,IFITM3;PPIA
GO_Biological_Process_2023,Intermediate Filament Organization (GO:0045109),2/68,0.1481287080780672,0.3423176285526387,0,0,3.0202020202020203,5.767600469255814,VIM;BBLN
GO_Biological_Process_2023,Defense Response To Bacterium (GO:0042742),4/204,0.1483544918227803,0.3423176285526387,0,0,2.0,3.816301308308897,RPL30;RPS19;FAU;RPL39
GO_Biological_Process_2023,Regulation Of MAPK Cascade (GO:0043408),4/204,0.1483544918227803,0.3423176285526387,0,0,2.0,3.816301308308897,PEBP1;HMGB1;PPIA;SOD1
GO_Biological_Process_2023,Regulation Of Interleukin-1 Production (GO:0032652),1/16,0.1485934818111902,0.3423176285526387,0,0,6.628140703517588,12.636822082241835,HMGB1
GO_Biological_Process_2023,Regulation Of Plasminogen Activation (GO:0010755),1/16,0.1485934818111902,0.3423176285526387,0,0,6.628140703517588,12.636822082241835,S100A10
GO_Biological_Process_2023,Cellular Response To Gamma Radiation (GO:0071480),1/16,0.1485934818111902,0.3423176285526387,0,0,6.628140703517588,12.636822082241835,RPL26
GO_Biological_Process_2023,Positive Regulation Of Collagen Metabolic Process (GO:0010714),1/16,0.1485934818111902,0.3423176285526387,0,0,6.628140703517588,12.636822082241835,VIM
GO_Biological_Process_2023,Heart Process (GO:0003015),1/16,0.1485934818111902,0.3423176285526387,0,0,6.628140703517588,12.636822082241835,SOD1
GO_Biological_Process_2023,Intracellular Cholesterol Transport (GO:0032367),1/16,0.1485934818111902,0.3423176285526387,0,0,6.628140703517588,12.636822082241835,NPC2
GO_Biological_Process_2023,Negative Regulation Of Biosynthetic Process (GO:0009890),1/16,0.1485934818111902,0.3423176285526387,0,0,6.628140703517588,12.636822082241835,PARK7
GO_Biological_Process_2023,Regulation Of Heart Contraction (GO:0008016),2/69,0.1515987898971927,0.3445538328103499,0,0,2.974973616764661,5.612340646899519,CALM1;CALM2
GO_Biological_Process_2023,Phagocytosis (GO:0006909),2/69,0.1515987898971927,0.3445538328103499,0,0,2.974973616764661,5.612340646899519,GSN;HMGB1
GO_Biological_Process_2023,Non-Membrane-Bounded Organelle Assembly (GO:0140694),3/135,0.1532453275007154,0.3445538328103499,0,0,2.269035532994924,4.256064425015225,CIRBP;RPS3;RPS23
GO_Biological_Process_2023,Negative Regulation Of Extrinsic Apoptotic Signaling Pathway (GO:2001237),2/70,0.1550849226995339,0.3445538328103499,0,0,2.931075460487225,5.462886925837976,LGALS3;PARK7
GO_Biological_Process_2023,Neutrophil Chemotaxis (GO:0030593),2/70,0.1550849226995339,0.3445538328103499,0,0,2.931075460487225,5.462886925837976,LGALS3;PPIA
GO_Biological_Process_2023,Positive Regulation Of Protein Polymerization (GO:0032273),2/70,0.1550849226995339,0.3445538328103499,0,0,2.931075460487225,5.462886925837976,RPS3;PFN1
GO_Biological_Process_2023,Positive Regulation Of Protein Transport (GO:0051222),2/70,0.1550849226995339,0.3445538328103499,0,0,2.931075460487225,5.462886925837976,RACK1;PPIA
GO_Biological_Process_2023,Regulation Of Cellular Biosynthetic Process (GO:0031326),2/70,0.1550849226995339,0.3445538328103499,0,0,2.931075460487225,5.462886925837976,RBM3;RPL10
GO_Biological_Process_2023,Regulation Of Protein Kinase B Signaling (GO:0051896),3/136,0.1556231070735254,0.3445538328103499,0,0,2.2518606160070225,4.189177232020214,RACK1;PARK7;NOP53
GO_Biological_Process_2023,Regulation Of Cellular Respiration (GO:0043457),1/17,0.157114351192228,0.3445538328103499,0,0,6.21356783919598,11.499955704952034,NOP53
GO_Biological_Process_2023,Negative Regulation Of Fibroblast Proliferation (GO:0048147),1/17,0.157114351192228,0.3445538328103499,0,0,6.21356783919598,11.499955704952034,FTH1
GO_Biological_Process_2023,"DNA Damage Response, Signal Transduction By P53 Class Mediator Resulting In Cell Cycle Arrest (GO:0006977)",1/17,0.157114351192228,0.3445538328103499,0,0,6.21356783919598,11.499955704952034,RPL26
GO_Biological_Process_2023,Negative Regulation Of Interleukin-8 Production (GO:0032717),1/17,0.157114351192228,0.3445538328103499,0,0,6.21356783919598,11.499955704952034,TMSB4X
GO_Biological_Process_2023,Rac Protein Signal Transduction (GO:0016601),1/17,0.157114351192228,0.3445538328103499,0,0,6.21356783919598,11.499955704952034,BRK1
GO_Biological_Process_2023,T Cell Migration (GO:0072678),1/17,0.157114351192228,0.3445538328103499,0,0,6.21356783919598,11.499955704952034,CD99
GO_Biological_Process_2023,Regulation Of Oxidative Phosphorylation (GO:0002082),1/17,0.157114351192228,0.3445538328103499,0,0,6.21356783919598,11.499955704952034,COX7A2
GO_Biological_Process_2023,Carbohydrate Derivative Transport (GO:1901264),1/17,0.157114351192228,0.3445538328103499,0,0,6.21356783919598,11.499955704952034,NPC2
GO_Biological_Process_2023,Regulation Of Protein Sumoylation (GO:0033233),1/17,0.157114351192228,0.3445538328103499,0,0,6.21356783919598,11.499955704952034,PARK7
GO_Biological_Process_2023,Positive Chemotaxis (GO:0050918),1/17,0.157114351192228,0.3445538328103499,0,0,6.21356783919598,11.499955704952034,LGALS3
GO_Biological_Process_2023,Positive Regulation By Host Of Viral Process (GO:0044794),1/17,0.157114351192228,0.3445538328103499,0,0,6.21356783919598,11.499955704952034,EEF1A1
GO_Biological_Process_2023,Regulation Of Viral Transcription (GO:0046782),1/17,0.157114351192228,0.3445538328103499,0,0,6.21356783919598,11.499955704952034,IFITM3
GO_Biological_Process_2023,Response To Interferon-Alpha (GO:0035455),1/17,0.157114351192228,0.3445538328103499,0,0,6.21356783919598,11.499955704952034,IFITM3
GO_Biological_Process_2023,Transcription By RNA Polymerase I (GO:0006360),1/17,0.157114351192228,0.3445538328103499,0,0,6.21356783919598,11.499955704952034,POLR2L
GO_Biological_Process_2023,Negative Regulation Of Cellular Senescence (GO:2000773),1/17,0.157114351192228,0.3445538328103499,0,0,6.21356783919598,11.499955704952034,YBX1
GO_Biological_Process_2023,Regulation Of Double-Strand Break Repair Via Homologous Recombination (GO:0010569),2/71,0.1585864433775845,0.3445538328103499,0,0,2.888449714536671,5.318951469597782,MORF4L1;ACTB
GO_Biological_Process_2023,Negative Regulation Of Supramolecular Fiber Organization (GO:1902904),2/71,0.1585864433775845,0.3445538328103499,0,0,2.888449714536671,5.318951469597782,PFN1;PFDN5
GO_Biological_Process_2023,Regulation Of Cellular Localization (GO:0060341),2/72,0.1621027002960182,0.3445538328103499,0,0,2.8470418470418477,5.180264363849609,GSN;RACK1
GO_Biological_Process_2023,Protein Targeting To Membrane (GO:0006612),2/72,0.1621027002960182,0.3445538328103499,0,0,2.8470418470418477,5.180264363849609,NACA;SRP14
GO_Biological_Process_2023,Regulation Of Collagen Biosynthetic Process (GO:0032965),1/18,0.1655503660358053,0.3445538328103499,0,0,5.847768253029855,10.51709310132786,VIM
GO_Biological_Process_2023,Regulation Of Establishment Or Maintenance Of Cell Polarity (GO:0032878),1/18,0.1655503660358053,0.3445538328103499,0,0,5.847768253029855,10.51709310132786,RACK1
GO_Biological_Process_2023,Negative Regulation Of Nervous System Development (GO:0051961),1/18,0.1655503660358053,0.3445538328103499,0,0,5.847768253029855,10.51709310132786,B2M
GO_Biological_Process_2023,T-helper Cell Differentiation (GO:0042093),1/18,0.1655503660358053,0.3445538328103499,0,0,5.847768253029855,10.51709310132786,HMGB1
GO_Biological_Process_2023,Actin Filament Capping (GO:0051693),1/18,0.1655503660358053,0.3445538328103499,0,0,5.847768253029855,10.51709310132786,GSN
GO_Biological_Process_2023,Regulation Of Lymphocyte Proliferation (GO:0050670),1/18,0.1655503660358053,0.3445538328103499,0,0,5.847768253029855,10.51709310132786,LGALS3
GO_Biological_Process_2023,Regulation Of Mitochondrial Outer Membrane Permeabilization Involved In Apoptotic Signaling Pathway (GO:1901028),1/18,0.1655503660358053,0.3445538328103499,0,0,5.847768253029855,10.51709310132786,SLC25A6
GO_Biological_Process_2023,Antigen Processing And Presentation Of Peptide Antigen Via MHC Class I (GO:0002474),1/18,0.1655503660358053,0.3445538328103499,0,0,5.847768253029855,10.51709310132786,B2M
GO_Biological_Process_2023,Barbed-End Actin Filament Capping (GO:0051016),1/18,0.1655503660358053,0.3445538328103499,0,0,5.847768253029855,10.51709310132786,GSN
GO_Biological_Process_2023,Cardiac Muscle Cell Contraction (GO:0086003),1/18,0.1655503660358053,0.3445538328103499,0,0,5.847768253029855,10.51709310132786,GSN
GO_Biological_Process_2023,Regulation Of Vascular Endothelial Cell Proliferation (GO:1905562),1/18,0.1655503660358053,0.3445538328103499,0,0,5.847768253029855,10.51709310132786,HMGB1
GO_Biological_Process_2023,Renal Absorption (GO:0070293),1/18,0.1655503660358053,0.3445538328103499,0,0,5.847768253029855,10.51709310132786,GSN
GO_Biological_Process_2023,Response To Axon Injury (GO:0048678),1/18,0.1655503660358053,0.3445538328103499,0,0,5.847768253029855,10.51709310132786,SOD1
GO_Biological_Process_2023,Response To Ethanol (GO:0045471),1/18,0.1655503660358053,0.3445538328103499,0,0,5.847768253029855,10.51709310132786,SOD1
GO_Biological_Process_2023,Dendritic Cell Migration (GO:0036336),1/18,0.1655503660358053,0.3445538328103499,0,0,5.847768253029855,10.51709310132786,HMGB1
GO_Biological_Process_2023,Positive Regulation Of Focal Adhesion Assembly (GO:0051894),1/18,0.1655503660358053,0.3445538328103499,0,0,5.847768253029855,10.51709310132786,S100A10
GO_Biological_Process_2023,Positive Regulation Of Monocyte Chemotaxis (GO:0090026),1/18,0.1655503660358053,0.3445538328103499,0,0,5.847768253029855,10.51709310132786,HMGB1
GO_Biological_Process_2023,Icosanoid Biosynthetic Process (GO:0046456),1/18,0.1655503660358053,0.3445538328103499,0,0,5.847768253029855,10.51709310132786,MGST3
GO_Biological_Process_2023,Intracellular Lipid Transport (GO:0032365),1/18,0.1655503660358053,0.3445538328103499,0,0,5.847768253029855,10.51709310132786,NPC2
GO_Biological_Process_2023,Maintenance Of Protein Localization In Organelle (GO:0072595),1/18,0.1655503660358053,0.3445538328103499,0,0,5.847768253029855,10.51709310132786,SKP1
GO_Biological_Process_2023,Regulation Of RIG-I Signaling Pathway (GO:0039535),1/18,0.1655503660358053,0.3445538328103499,0,0,5.847768253029855,10.51709310132786,NOP53
GO_Biological_Process_2023,Negative Regulation Of T Cell Receptor Signaling Pathway (GO:0050860),1/18,0.1655503660358053,0.3445538328103499,0,0,5.847768253029855,10.51709310132786,LGALS3
GO_Biological_Process_2023,Granulocyte Chemotaxis (GO:0071621),2/73,0.1656330532612982,0.3445538328103499,0,0,2.806800398349694,5.046572271238703,LGALS3;PPIA
GO_Biological_Process_2023,Positive Regulation Of Secretion By Cell (GO:1903532),2/73,0.1656330532612982,0.3445538328103499,0,0,2.806800398349694,5.046572271238703,PPIA;S100A10
GO_Biological_Process_2023,Negative Regulation Of Neuron Apoptotic Process (GO:0043524),2/74,0.1691768732048807,0.3506349717455088,0,0,2.767676767676768,4.917637208774679,PARK7;SOD1
GO_Biological_Process_2023,Negative Regulation Of Phosphorylation (GO:0042326),2/75,0.1727335422229741,0.3506349717455088,0,0,2.72962501729625,4.793235424721277,PARK7;PPIA
GO_Biological_Process_2023,Regulation Of Stress Fiber Assembly (GO:0051492),2/75,0.1727335422229741,0.3506349717455088,0,0,2.72962501729625,4.793235424721277,PFN1;S100A10
GO_Biological_Process_2023,Defense Response To Gram-negative Bacterium (GO:0050829),2/75,0.1727335422229741,0.3506349717455088,0,0,2.72962501729625,4.793235424721277,RPL30;RPS19
GO_Biological_Process_2023,Arp2/3 Complex-Mediated Actin Nucleation (GO:0034314),1/19,0.1739023671527052,0.3506349717455088,0,0,5.522613065326633,9.66049300943,ARPC3
GO_Biological_Process_2023,Regulation Of Early Endosome To Late Endosome Transport (GO:2000641),1/19,0.1739023671527052,0.3506349717455088,0,0,5.522613065326633,9.66049300943,SNX3
GO_Biological_Process_2023,Negative Regulation Of Peptidyl-Serine Phosphorylation (GO:0033137),1/19,0.1739023671527052,0.3506349717455088,0,0,5.522613065326633,9.66049300943,RACK1
GO_Biological_Process_2023,Neuron Apoptotic Process (GO:0051402),1/19,0.1739023671527052,0.3506349717455088,0,0,5.522613065326633,9.66049300943,GAPDH
GO_Biological_Process_2023,Regulation Of Tissue Remodeling (GO:0034103),1/19,0.1739023671527052,0.3506349717455088,0,0,5.522613065326633,9.66049300943,CST3
GO_Biological_Process_2023,Regulation Of Vascular Endothelial Growth Factor Signaling Pathway (GO:1900746),1/19,0.1739023671527052,0.3506349717455088,0,0,5.522613065326633,9.66049300943,CD63
GO_Biological_Process_2023,Eye Morphogenesis (GO:0048592),1/19,0.1739023671527052,0.3506349717455088,0,0,5.522613065326633,9.66049300943,C12ORF57
GO_Biological_Process_2023,Heme Biosynthetic Process (GO:0006783),1/19,0.1739023671527052,0.3506349717455088,0,0,5.522613065326633,9.66049300943,TSPO
GO_Biological_Process_2023,Insulin Secretion (GO:0030073),1/19,0.1739023671527052,0.3506349717455088,0,0,5.522613065326633,9.66049300943,PARK7
GO_Biological_Process_2023,Intrinsic Apoptotic Signaling Pathway In Response To DNA Damage By P53 Class Mediator (GO:0042771),1/19,0.1739023671527052,0.3506349717455088,0,0,5.522613065326633,9.66049300943,RPS27L
GO_Biological_Process_2023,Leukotriene Biosynthetic Process (GO:0019370),1/19,0.1739023671527052,0.3506349717455088,0,0,5.522613065326633,9.66049300943,MGST3
GO_Biological_Process_2023,Regulation Of Autophagy Of Mitochondrion (GO:1903146),1/19,0.1739023671527052,0.3506349717455088,0,0,5.522613065326633,9.66049300943,PARK7
GO_Biological_Process_2023,Negative Regulation Of Calcium Ion Transmembrane Transport (GO:1903170),1/19,0.1739023671527052,0.3506349717455088,0,0,5.522613065326633,9.66049300943,CALM2
GO_Biological_Process_2023,Regulation Of Intracellular Signal Transduction (GO:1902531),5/297,0.1775525042680905,0.3573484517309042,0,0,1.7130312609764664,2.9609555458398797,RPL5;TMSB4X;RPL11;CALM2;NOP53
GO_Biological_Process_2023,Regulation Of Cell Cycle (GO:0051726),5/298,0.1792275617609166,0.3582378720613402,0,0,1.7070972258685568,2.9346691096502417,MORF4L1;RPS15A;RACK1;NOP53;ACTB
GO_Biological_Process_2023,Neutrophil Migration (GO:1990266),2/77,0.1798830098073791,0.3582378720613402,0,0,2.656565656565657,4.557201796283064,LGALS3;PPIA
GO_Biological_Process_2023,Negative Regulation Of Phosphoprotein Phosphatase Activity (GO:0032515),1/20,0.182171186958547,0.3582378720613402,0,0,5.231684739486909,8.908556962758436,LGALS3
GO_Biological_Process_2023,Negative Regulation Of Protein Localization To Cell Periphery (GO:1904376),1/20,0.182171186958547,0.3582378720613402,0,0,5.231684739486909,8.908556962758436,TMEM59
GO_Biological_Process_2023,Negative Regulation Of Protein Localization To Plasma Membrane (GO:1903077),1/20,0.182171186958547,0.3582378720613402,0,0,5.231684739486909,8.908556962758436,TMEM59
GO_Biological_Process_2023,Negative Regulation Of Reproductive Process (GO:2000242),1/20,0.182171186958547,0.3582378720613402,0,0,5.231684739486909,8.908556962758436,TIMP1
GO_Biological_Process_2023,Regulation Of Protein Localization To Cell Periphery (GO:1904375),1/20,0.182171186958547,0.3582378720613402,0,0,5.231684739486909,8.908556962758436,ACTB
GO_Biological_Process_2023,Cell Projection Organization (GO:0030030),1/20,0.182171186958547,0.3582378720613402,0,0,5.231684739486909,8.908556962758436,GSN
GO_Biological_Process_2023,Positive Regulation Of Antigen Receptor-Mediated Signaling Pathway (GO:0050857),1/20,0.182171186958547,0.3582378720613402,0,0,5.231684739486909,8.908556962758436,RPS3
GO_Biological_Process_2023,Positive Regulation Of Embryonic Development (GO:0040019),1/20,0.182171186958547,0.3582378720613402,0,0,5.231684739486909,8.908556962758436,RACK1
GO_Biological_Process_2023,Leukotriene Metabolic Process (GO:0006691),1/20,0.182171186958547,0.3582378720613402,0,0,5.231684739486909,8.908556962758436,MGST3
GO_Biological_Process_2023,protein-DNA Complex Disassembly (GO:0032986),1/20,0.182171186958547,0.3582378720613402,0,0,5.231684739486909,8.908556962758436,RPL17
GO_Biological_Process_2023,Regulation Of Calcium Ion Import (GO:0090279),1/20,0.182171186958547,0.3582378720613402,0,0,5.231684739486909,8.908556962758436,LGALS3
GO_Biological_Process_2023,Protein Glycosylation (GO:0006486),3/147,0.1824961276969842,0.3582450394051716,0,0,2.078680203045685,3.5358897451475038,OST4;TMEM59;DAD1
GO_Biological_Process_2023,Cellular Response To UV (GO:0034644),2/79,0.1870767274857147,0.3653074450903186,0,0,2.5873015873015874,4.336929198982091,TIMP1;RPL26
GO_Biological_Process_2023,Positive Regulation Of Cytoskeleton Organization (GO:0051495),2/79,0.1870767274857147,0.3653074450903186,0,0,2.5873015873015874,4.336929198982091,GSN;PFN1
GO_Biological_Process_2023,Negative Regulation Of Cellular Component Organization (GO:0051129),2/79,0.1870767274857147,0.3653074450903186,0,0,2.5873015873015874,4.336929198982091,LGALS3;NOP53
GO_Biological_Process_2023,Positive Regulation Of Protein Modification Process (GO:0031401),4/225,0.1889412657765136,0.3659517285485199,0,0,1.8080155138978669,3.012730739258242,RACK1;CALM1;CALM2;PPIA
GO_Biological_Process_2023,Negative Regulation Of Reactive Oxygen Species Metabolic Process (GO:2000378),1/21,0.1903576498347592,0.3659517285485199,0,0,4.969849246231155,8.244237447277422,PARK7
GO_Biological_Process_2023,Regulation Of Membrane Protein Ectodomain Proteolysis (GO:0051043),1/21,0.1903576498347592,0.3659517285485199,0,0,4.969849246231155,8.244237447277422,TIMP1
GO_Biological_Process_2023,Porphyrin-Containing Compound Biosynthetic Process (GO:0006779),1/21,0.1903576498347592,0.3659517285485199,0,0,4.969849246231155,8.244237447277422,TSPO
GO_Biological_Process_2023,Histone H2A Acetylation (GO:0043968),1/21,0.1903576498347592,0.3659517285485199,0,0,4.969849246231155,8.244237447277422,MORF4L1
GO_Biological_Process_2023,Positive Regulation Of Transcription Regulatory Region DNA Binding (GO:2000679),1/21,0.1903576498347592,0.3659517285485199,0,0,4.969849246231155,8.244237447277422,PARK7
GO_Biological_Process_2023,Positive Regulation Of Translational Initiation (GO:0045948),1/21,0.1903576498347592,0.3659517285485199,0,0,4.969849246231155,8.244237447277422,SH3BGRL
GO_Biological_Process_2023,Modulation By Host Of Viral Genome Replication (GO:0044827),1/21,0.1903576498347592,0.3659517285485199,0,0,4.969849246231155,8.244237447277422,EEF1A1
GO_Biological_Process_2023,Regulation Of Cytokinesis (GO:0032465),2/80,0.1906887482391839,0.3659517285485199,0,0,2.554001554001554,4.232268591096898,CALM1;CALM2
GO_Biological_Process_2023,Glycoprotein Biosynthetic Process (GO:0009101),2/80,0.1906887482391839,0.3659517285485199,0,0,2.554001554001554,4.232268591096898,TMEM59;DAD1
GO_Biological_Process_2023,Activation Of Protein Kinase Activity (GO:0032147),2/81,0.1943101337404015,0.3709859573981981,0,0,2.521544559519243,4.131045868969444,PARK7;PPIA
GO_Biological_Process_2023,Macromolecule Modification (GO:0043412),2/81,0.1943101337404015,0.3709859573981981,0,0,2.521544559519243,4.131045868969444,NEDD8;UBA52
GO_Biological_Process_2023,Negative Regulation Of NF-kappaB Transcription Factor Activity (GO:0032088),2/81,0.1943101337404015,0.3709859573981981,0,0,2.521544559519243,4.131045868969444,TMSB4X;COMMD6
GO_Biological_Process_2023,Regulation Of Intracellular Steroid Hormone Receptor Signaling Pathway (GO:0033143),1/22,0.1984625719282345,0.3719088532772797,0,0,4.732950466618808,7.653913334056085,PARK7
GO_Biological_Process_2023,Regulation Of Mononuclear Cell Migration (GO:0071675),1/22,0.1984625719282345,0.3719088532772797,0,0,4.732950466618808,7.653913334056085,LGALS3
GO_Biological_Process_2023,Regulation Of Protein Export From Nucleus (GO:0046825),1/22,0.1984625719282345,0.3719088532772797,0,0,4.732950466618808,7.653913334056085,PARK7
GO_Biological_Process_2023,Placenta Development (GO:0001890),1/22,0.1984625719282345,0.3719088532772797,0,0,4.732950466618808,7.653913334056085,SOD1
GO_Biological_Process_2023,Cellular Response To Interferon-Beta (GO:0035458),1/22,0.1984625719282345,0.3719088532772797,0,0,4.732950466618808,7.653913334056085,CALM1
GO_Biological_Process_2023,Response To Gamma Radiation (GO:0010332),1/22,0.1984625719282345,0.3719088532772797,0,0,4.732950466618808,7.653913334056085,RPL26
GO_Biological_Process_2023,Positive Regulation Of Cilium Assembly (GO:0045724),1/22,0.1984625719282345,0.3719088532772797,0,0,4.732950466618808,7.653913334056085,SEPTIN7
GO_Biological_Process_2023,Positive Regulation Of Receptor Internalization (GO:0002092),1/22,0.1984625719282345,0.3719088532772797,0,0,4.732950466618808,7.653913334056085,CD63
GO_Biological_Process_2023,Protein Neddylation (GO:0045116),1/22,0.1984625719282345,0.3719088532772797,0,0,4.732950466618808,7.653913334056085,NEDD8
GO_Biological_Process_2023,Protein Peptidyl-Prolyl Isomerization (GO:0000413),1/22,0.1984625719282345,0.3719088532772797,0,0,4.732950466618808,7.653913334056085,PPIA
GO_Biological_Process_2023,Negative Regulation Of Cell Development (GO:0010721),1/22,0.1984625719282345,0.3719088532772797,0,0,4.732950466618808,7.653913334056085,B2M
GO_Biological_Process_2023,Negative Regulation Of Intracellular Signal Transduction (GO:1902532),4/231,0.2011412103951675,0.3755835870639711,0,0,1.7596871347658003,2.822094860805404,TMSB4X;RACK1;PEBP1;NOP53
GO_Biological_Process_2023,Regulation Of NIK/NF-kappaB Signaling (GO:1901222),2/83,0.2015788294152306,0.3755835870639711,0,0,2.4590347923681257,3.938328060173813,TMSB4X;RPS3
GO_Biological_Process_2023,Regulation Of I-kappaB kinase/NF-kappaB Signaling (GO:0043122),4/232,0.2031974404061652,0.3755835870639711,0,0,1.7518796992481205,2.791755475410188,LGALS1;EEF1D;S100A4;GAPDH
GO_Biological_Process_2023,Positive Regulation Of Protein Ubiquitination (GO:0031398),2/84,0.2052250792916977,0.3755835870639711,0,0,2.4289233801428924,3.84655954231675,UBB;RPS2
GO_Biological_Process_2023,Regulation Of Cholesterol Transport (GO:0032374),1/23,0.2064867613185778,0.3755835870639711,0,0,4.517587939698492,7.126580711797677,TSPO
GO_Biological_Process_2023,Negative Regulation Of Extrinsic Apoptotic Signaling Pathway Via Death Domain Receptors (GO:1902042),1/23,0.2064867613185778,0.3755835870639711,0,0,4.517587939698492,7.126580711797677,PARK7
GO_Biological_Process_2023,Negative Regulation Of Lymphocyte Activation (GO:0051250),1/23,0.2064867613185778,0.3755835870639711,0,0,4.517587939698492,7.126580711797677,LGALS3
GO_Biological_Process_2023,Negative Regulation Of Neuron Differentiation (GO:0045665),1/23,0.2064867613185778,0.3755835870639711,0,0,4.517587939698492,7.126580711797677,B2M
GO_Biological_Process_2023,U2-type Prespliceosome Assembly (GO:1903241),1/23,0.2064867613185778,0.3755835870639711,0,0,4.517587939698492,7.126580711797677,SNRPD2
GO_Biological_Process_2023,Actin Nucleation (GO:0045010),1/23,0.2064867613185778,0.3755835870639711,0,0,4.517587939698492,7.126580711797677,ARPC3
GO_Biological_Process_2023,"Regulation Of Nuclear-Transcribed mRNA Catabolic Process, Deadenylation-Dependent Decay (GO:1900151)",1/23,0.2064867613185778,0.3755835870639711,0,0,4.517587939698492,7.126580711797677,YBX1
GO_Biological_Process_2023,Cholesterol Efflux (GO:0033344),1/23,0.2064867613185778,0.3755835870639711,0,0,4.517587939698492,7.126580711797677,NPC2
GO_Biological_Process_2023,Rescue Of Stalled Ribosome (GO:0072344),1/23,0.2064867613185778,0.3755835870639711,0,0,4.517587939698492,7.126580711797677,RACK1
GO_Biological_Process_2023,Positive Regulation Of Cell-Substrate Junction Organization (GO:0150117),1/23,0.2064867613185778,0.3755835870639711,0,0,4.517587939698492,7.126580711797677,S100A10
GO_Biological_Process_2023,Positive Regulation Of Epithelial Cell Apoptotic Process (GO:1904037),1/23,0.2064867613185778,0.3755835870639711,0,0,4.517587939698492,7.126580711797677,GSN
GO_Biological_Process_2023,Positive Regulation Of Lamellipodium Assembly (GO:0010592),1/23,0.2064867613185778,0.3755835870639711,0,0,4.517587939698492,7.126580711797677,BRK1
GO_Biological_Process_2023,Positive Regulation Of Neutrophil Migration (GO:1902624),1/23,0.2064867613185778,0.3755835870639711,0,0,4.517587939698492,7.126580711797677,CD99
GO_Biological_Process_2023,Positive Regulation Of Oxidoreductase Activity (GO:0051353),1/23,0.2064867613185778,0.3755835870639711,0,0,4.517587939698492,7.126580711797677,PARK7
GO_Biological_Process_2023,Defense Response To Gram-positive Bacterium (GO:0050830),2/85,0.2088785730572049,0.3786985511524935,0,0,2.3995375441158573,3.7576810395091074,FAU;RPL39
GO_Biological_Process_2023,Positive Regulation Of Endothelial Cell Migration (GO:0010595),2/85,0.2088785730572049,0.3786985511524935,0,0,2.3995375441158573,3.7576810395091074,TMSB4X;HMGB1
GO_Biological_Process_2023,Negative Regulation Of Binding (GO:0051100),2/86,0.2125388044387241,0.3801122183053606,0,0,2.370851370851371,3.671573213687656,RACK1;PARK7
GO_Biological_Process_2023,Regulation Of Cysteine-Type Endopeptidase Activity (GO:2000116),1/24,0.2144310182188985,0.3801122183053606,0,0,4.320952589032117,6.653261007649563,CST3
GO_Biological_Process_2023,Regulation Of Cytoplasmic Translation (GO:2000765),1/24,0.2144310182188985,0.3801122183053606,0,0,4.320952589032117,6.653261007649563,YBX1
GO_Biological_Process_2023,Regulation Of Endoplasmic Reticulum Stress-Induced Intrinsic Apoptotic Signaling Pathway (GO:1902235),1/24,0.2144310182188985,0.3801122183053606,0,0,4.320952589032117,6.653261007649563,PARK7
GO_Biological_Process_2023,Negative Regulation Of Ion Transmembrane Transporter Activity (GO:0032413),1/24,0.2144310182188985,0.3801122183053606,0,0,4.320952589032117,6.653261007649563,CALM2
GO_Biological_Process_2023,Regulation Of Ruffle Assembly (GO:1900027),1/24,0.2144310182188985,0.3801122183053606,0,0,4.320952589032117,6.653261007649563,PFN1
GO_Biological_Process_2023,Regulation Of Supramolecular Fiber Organization (GO:1902903),1/24,0.2144310182188985,0.3801122183053606,0,0,4.320952589032117,6.653261007649563,PARK7
GO_Biological_Process_2023,Regulation Of Viral Life Cycle (GO:1903900),1/24,0.2144310182188985,0.3801122183053606,0,0,4.320952589032117,6.653261007649563,PPIA
GO_Biological_Process_2023,Response To Copper Ion (GO:0046688),1/24,0.2144310182188985,0.3801122183053606,0,0,4.320952589032117,6.653261007649563,ATP5F1D
GO_Biological_Process_2023,Eosinophil Chemotaxis (GO:0048245),1/24,0.2144310182188985,0.3801122183053606,0,0,4.320952589032117,6.653261007649563,LGALS3
GO_Biological_Process_2023,Eosinophil Migration (GO:0072677),1/24,0.2144310182188985,0.3801122183053606,0,0,4.320952589032117,6.653261007649563,LGALS3
GO_Biological_Process_2023,Iron Ion Transport (GO:0006826),1/24,0.2144310182188985,0.3801122183053606,0,0,4.320952589032117,6.653261007649563,FTH1
GO_Biological_Process_2023,Regulation Of Actin Nucleation (GO:0051125),1/24,0.2144310182188985,0.3801122183053606,0,0,4.320952589032117,6.653261007649563,GSN
GO_Biological_Process_2023,Negative Regulation Of Antigen Receptor-Mediated Signaling Pathway (GO:0050858),1/24,0.2144310182188985,0.3801122183053606,0,0,4.320952589032117,6.653261007649563,LGALS3
GO_Biological_Process_2023,Glucose Homeostasis (GO:0042593),2/87,0.2162052764803214,0.3813233697726605,0,0,2.342840166369578,3.588122897733772,RPS6;PARK7
GO_Biological_Process_2023,Positive Regulation Of Cytokine Production (GO:0001819),5/320,0.2174917957284112,0.3813233697726605,0,0,1.586080586080586,2.4197152634797714,RPS3;PARK7;HMGB1;GAPDH;SOD1
GO_Biological_Process_2023,Negative Regulation Of Neuron Death (GO:1901215),2/88,0.2198775013707891,0.3813233697726605,0,0,2.315480385247827,3.5072227118932733,PARK7;SOD1
GO_Biological_Process_2023,Negative Regulation Of Protein Kinase Activity (GO:0006469),2/88,0.2198775013707891,0.3813233697726605,0,0,2.315480385247827,3.5072227118932733,PARK7;PPIA
GO_Biological_Process_2023,Positive Regulation Of Plasma Membrane Bounded Cell Projection Assembly (GO:0120034),2/88,0.2198775013707891,0.3813233697726605,0,0,2.315480385247827,3.5072227118932733,BRK1;PFN1
GO_Biological_Process_2023,Negative Regulation Of Intracellular Protein Transport (GO:0090317),1/25,0.2222961348450487,0.3813233697726605,0,0,4.14070351758794,6.226561570384656,PARK7
GO_Biological_Process_2023,Negative Regulation Of Intrinsic Apoptotic Signaling Pathway In Response To DNA Damage (GO:1902230),1/25,0.2222961348450487,0.3813233697726605,0,0,4.14070351758794,6.226561570384656,TPT1
GO_Biological_Process_2023,Negative Regulation Of Protein Localization To Membrane (GO:1905476),1/25,0.2222961348450487,0.3813233697726605,0,0,4.14070351758794,6.226561570384656,TMEM59
GO_Biological_Process_2023,Negative Regulation Of Protein Transport (GO:0051224),1/25,0.2222961348450487,0.3813233697726605,0,0,4.14070351758794,6.226561570384656,SNX3
GO_Biological_Process_2023,Negative Regulation Of Smoothened Signaling Pathway (GO:0045879),1/25,0.2222961348450487,0.3813233697726605,0,0,4.14070351758794,6.226561570384656,RACK1
GO_Biological_Process_2023,Negative Regulation Of Stress Fiber Assembly (GO:0051497),1/25,0.2222961348450487,0.3813233697726605,0,0,4.14070351758794,6.226561570384656,PFN1
GO_Biological_Process_2023,Regulation Of Monocyte Chemotaxis (GO:0090025),1/25,0.2222961348450487,0.3813233697726605,0,0,4.14070351758794,6.226561570384656,HMGB1
GO_Biological_Process_2023,Organophosphate Ester Transport (GO:0015748),1/25,0.2222961348450487,0.3813233697726605,0,0,4.14070351758794,6.226561570384656,NPC2
GO_Biological_Process_2023,Peptide Hormone Secretion (GO:0030072),1/25,0.2222961348450487,0.3813233697726605,0,0,4.14070351758794,6.226561570384656,PARK7
GO_Biological_Process_2023,Cellular Response To Hexose Stimulus (GO:0071331),1/25,0.2222961348450487,0.3813233697726605,0,0,4.14070351758794,6.226561570384656,RACK1
GO_Biological_Process_2023,Sterol Transport (GO:0015918),1/25,0.2222961348450487,0.3813233697726605,0,0,4.14070351758794,6.226561570384656,NPC2
GO_Biological_Process_2023,Positive Regulation Of Interleukin-2 Production (GO:0032743),1/25,0.2222961348450487,0.3813233697726605,0,0,4.14070351758794,6.226561570384656,RPS3
GO_Biological_Process_2023,Positive Regulation Of Peptidase Activity (GO:0010952),1/25,0.2222961348450487,0.3813233697726605,0,0,4.14070351758794,6.226561570384656,PSME1
GO_Biological_Process_2023,Long-Chain Fatty Acid Biosynthetic Process (GO:0042759),1/25,0.2222961348450487,0.3813233697726605,0,0,4.14070351758794,6.226561570384656,GPX4
GO_Biological_Process_2023,Purine Ribonucleotide Catabolic Process (GO:0009154),1/25,0.2222961348450487,0.3813233697726605,0,0,4.14070351758794,6.226561570384656,HINT1
GO_Biological_Process_2023,Regulation Of Cell Size (GO:0008361),1/25,0.2222961348450487,0.3813233697726605,0,0,4.14070351758794,6.226561570384656,LAMTOR4
GO_Biological_Process_2023,Negative Regulation Of Protein Polymerization (GO:0032272),1/26,0.2300828957266827,0.3898821105398956,0,0,3.974874371859297,5.840344997302112,PFN1
GO_Biological_Process_2023,Camera-Type Eye Development (GO:0043010),1/26,0.2300828957266827,0.3898821105398956,0,0,3.974874371859297,5.840344997302112,C12ORF57
GO_Biological_Process_2023,Regulation Of Reactive Oxygen Species Biosynthetic Process (GO:1903426),1/26,0.2300828957266827,0.3898821105398956,0,0,3.974874371859297,5.840344997302112,PARK7
GO_Biological_Process_2023,Plasma Membrane Invagination (GO:0099024),1/26,0.2300828957266827,0.3898821105398956,0,0,3.974874371859297,5.840344997302112,GSN
GO_Biological_Process_2023,Positive Regulation Of Microtubule Polymerization Or Depolymerization (GO:0031112),1/26,0.2300828957266827,0.3898821105398956,0,0,3.974874371859297,5.840344997302112,RPS3
GO_Biological_Process_2023,Positive Regulation Of Monooxygenase Activity (GO:0032770),1/26,0.2300828957266827,0.3898821105398956,0,0,3.974874371859297,5.840344997302112,PARK7
GO_Biological_Process_2023,Regulation Of Actin Filament Bundle Assembly (GO:0032231),1/26,0.2300828957266827,0.3898821105398956,0,0,3.974874371859297,5.840344997302112,PFN1
GO_Biological_Process_2023,Negative Regulation Of Catalytic Activity (GO:0043086),1/26,0.2300828957266827,0.3898821105398956,0,0,3.974874371859297,5.840344997302112,TIMP1
GO_Biological_Process_2023,Protein-Containing Complex Assembly (GO:0065003),5/328,0.2320038076276336,0.3925405849845394,0,0,1.5461617845518774,2.25894467914792,GPX4;RPL38;ELOB;COX7A2;PFDN5
GO_Biological_Process_2023,Double-Strand Break Repair (GO:0006302),3/168,0.2367093667036889,0.3965879783086081,0,0,1.8121827411167517,2.611214326180166,SEM1;MORF4L1;HMGB1
GO_Biological_Process_2023,Negative Regulation Of Neurogenesis (GO:0050768),1/27,0.2377920775242915,0.3965879783086081,0,0,3.821801314263626,5.489477227235043,B2M
GO_Biological_Process_2023,Regulation Of Peptidase Activity (GO:0052547),1/27,0.2377920775242915,0.3965879783086081,0,0,3.821801314263626,5.489477227235043,CST3
GO_Biological_Process_2023,Peptidyl-Proline Modification (GO:0018208),1/27,0.2377920775242915,0.3965879783086081,0,0,3.821801314263626,5.489477227235043,PPIA
GO_Biological_Process_2023,Cellular Response To Acid Chemical (GO:0071229),1/27,0.2377920775242915,0.3965879783086081,0,0,3.821801314263626,5.489477227235043,LAMTOR4
GO_Biological_Process_2023,Cellular Response To Epidermal Growth Factor Stimulus (GO:0071364),1/27,0.2377920775242915,0.3965879783086081,0,0,3.821801314263626,5.489477227235043,EEF1A1
GO_Biological_Process_2023,Regulation Of Transcription Regulatory Region DNA Binding (GO:2000677),1/27,0.2377920775242915,0.3965879783086081,0,0,3.821801314263626,5.489477227235043,PARK7
GO_Biological_Process_2023,Negative Regulation Of NIK/NF-kappaB Signaling (GO:1901223),1/27,0.2377920775242915,0.3965879783086081,0,0,3.821801314263626,5.489477227235043,TMSB4X
GO_Biological_Process_2023,Regulation Of Androgen Receptor Signaling Pathway (GO:0060765),1/27,0.2377920775242915,0.3965879783086081,0,0,3.821801314263626,5.489477227235043,PARK7
GO_Biological_Process_2023,Regulation Of Cell Population Proliferation (GO:0042127),10/766,0.2382284205413004,0.3965879783086081,0,0,1.3258145363408522,1.9019145159100568,RPS4X;RPS9;RPS15A;FTH1;RPS6;TSPO;IGFBP7;TIMP1;RPL17;ACTB
GO_Biological_Process_2023,Regulation Of Peptidyl-Serine Phosphorylation (GO:0033135),2/93,0.2383084712706434,0.3965879783086081,0,0,2.187701187701188,3.1375777372613727,RACK1;PARK7
GO_Biological_Process_2023,"Regulation Of mRNA Splicing, Via Spliceosome (GO:0048024)",2/94,0.2420054666899618,0.4005279629065446,0,0,2.163812033377251,3.070005614813883,RBM3;CIRBP
GO_Biological_Process_2023,Positive Regulation Of Cellular Process (GO:0048522),8/594,0.2448407604181118,0.4005279629065446,0,0,1.3661831626848693,1.922420862920018,RPS4X;RPS9;RPS15A;RPS6;TIMP1;RPL17;ACTB;H3-3A
GO_Biological_Process_2023,Negative Regulation Of Type II Interferon Production (GO:0032689),1/28,0.2454244493195781,0.4005279629065446,0,0,3.680067001675042,5.169633447658624,HMGB1
GO_Biological_Process_2023,Apoptotic Cell Clearance (GO:0043277),1/28,0.2454244493195781,0.4005279629065446,0,0,3.680067001675042,5.169633447658624,HMGB1
GO_Biological_Process_2023,Regulation Of Protein Localization To Membrane (GO:1905475),1/28,0.2454244493195781,0.4005279629065446,0,0,3.680067001675042,5.169633447658624,GSN
GO_Biological_Process_2023,Regulation Of Protein Transport (GO:0051223),1/28,0.2454244493195781,0.4005279629065446,0,0,3.680067001675042,5.169633447658624,SNX3
GO_Biological_Process_2023,Positive Regulation Of Fibroblast Proliferation (GO:0048146),1/28,0.2454244493195781,0.4005279629065446,0,0,3.680067001675042,5.169633447658624,S100A6
GO_Biological_Process_2023,Transcription By RNA Polymerase III (GO:0006383),1/28,0.2454244493195781,0.4005279629065446,0,0,3.680067001675042,5.169633447658624,POLR2L
GO_Biological_Process_2023,Protein Insertion Into Mitochondrial Membrane (GO:0051204),1/28,0.2454244493195781,0.4005279629065446,0,0,3.680067001675042,5.169633447658624,TOMM7
GO_Biological_Process_2023,Negative Regulation Of Actin Filament Bundle Assembly (GO:0032232),1/28,0.2454244493195781,0.4005279629065446,0,0,3.680067001675042,5.169633447658624,PFN1
GO_Biological_Process_2023,Negative Regulation Of Cation Channel Activity (GO:2001258),1/28,0.2454244493195781,0.4005279629065446,0,0,3.680067001675042,5.169633447658624,CALM2
GO_Biological_Process_2023,Regulation Of Cardiac Muscle Cell Action Potential (GO:0098901),1/28,0.2454244493195781,0.4005279629065446,0,0,3.680067001675042,5.169633447658624,CALM1
GO_Biological_Process_2023,Negative Regulation Of Cytoskeleton Organization (GO:0051494),1/28,0.2454244493195781,0.4005279629065446,0,0,3.680067001675042,5.169633447658624,PFN1
GO_Biological_Process_2023,Recombinational Repair (GO:0000725),2/95,0.2457050463032076,0.4005279629065446,0,0,2.140436624307592,3.004367063071291,SEM1;MORF4L1
GO_Biological_Process_2023,Regulation Of Macroautophagy (GO:0016241),2/96,0.2494067909928498,0.4054855936467538,0,0,2.117558564367075,2.9405900871231445,ATP6V0E1;GAPDH
GO_Biological_Process_2023,Regulation Of Developmental Growth (GO:0048638),1/29,0.252980772589684,0.4054855936467538,0,0,3.548456568557071,4.877147000705543,SOD1
GO_Biological_Process_2023,Response To Alcohol (GO:0097305),1/29,0.252980772589684,0.4054855936467538,0,0,3.548456568557071,4.877147000705543,SOD1
GO_Biological_Process_2023,Positive Regulation Of Calcium Ion Transport (GO:0051928),1/29,0.252980772589684,0.4054855936467538,0,0,3.548456568557071,4.877147000705543,LGALS3
GO_Biological_Process_2023,Defense Response To Fungus (GO:0050832),1/29,0.252980772589684,0.4054855936467538,0,0,3.548456568557071,4.877147000705543,GAPDH
GO_Biological_Process_2023,Positive Regulation Of Endopeptidase Activity (GO:0010950),1/29,0.252980772589684,0.4054855936467538,0,0,3.548456568557071,4.877147000705543,PSME1
GO_Biological_Process_2023,Positive Regulation Of Microtubule Polymerization (GO:0031116),1/29,0.252980772589684,0.4054855936467538,0,0,3.548456568557071,4.877147000705543,RPS3
GO_Biological_Process_2023,Glycolytic Process (GO:0006096),1/29,0.252980772589684,0.4054855936467538,0,0,3.548456568557071,4.877147000705543,GAPDH
GO_Biological_Process_2023,Vacuolar Acidification (GO:0007035),1/29,0.252980772589684,0.4054855936467538,0,0,3.548456568557071,4.877147000705543,ATP6V0E1
GO_Biological_Process_2023,Positive Regulation Of Viral Genome Replication (GO:0045070),1/29,0.252980772589684,0.4054855936467538,0,0,3.548456568557071,4.877147000705543,PPIA
GO_Biological_Process_2023,Lipid Droplet Organization (GO:0034389),1/29,0.252980772589684,0.4054855936467538,0,0,3.548456568557071,4.877147000705543,PPIA
GO_Biological_Process_2023,Regulation Of Defense Response (GO:0031347),2/97,0.253110289845866,0.4054855936467538,0,0,2.095162147793727,2.878606039624586,TMSB4X;PARK7
GO_Biological_Process_2023,DNA Geometric Change (GO:0032392),1/30,0.2604618012849767,0.4107707332853593,0,0,3.425922717033443,4.608890626901229,HMGB1
GO_Biological_Process_2023,Regulation Of Potassium Ion Transport (GO:0043266),1/30,0.2604618012849767,0.4107707332853593,0,0,3.425922717033443,4.608890626901229,CD63
GO_Biological_Process_2023,"Phagocytosis, Engulfment (GO:0006911)",1/30,0.2604618012849767,0.4107707332853593,0,0,3.425922717033443,4.608890626901229,GSN
GO_Biological_Process_2023,Positive Regulation Of JUN Kinase Activity (GO:0043507),1/30,0.2604618012849767,0.4107707332853593,0,0,3.425922717033443,4.608890626901229,RPS3
GO_Biological_Process_2023,Response To Amino Acid (GO:0043200),1/30,0.2604618012849767,0.4107707332853593,0,0,3.425922717033443,4.608890626901229,LAMTOR4
GO_Biological_Process_2023,Response To Epidermal Growth Factor (GO:0070849),1/30,0.2604618012849767,0.4107707332853593,0,0,3.425922717033443,4.608890626901229,EEF1A1
GO_Biological_Process_2023,Positive Regulation Of Interleukin-10 Production (GO:0032733),1/30,0.2604618012849767,0.4107707332853593,0,0,3.425922717033443,4.608890626901229,HMGB1
GO_Biological_Process_2023,Positive Regulation Of Protein Targeting To Mitochondrion (GO:1903955),1/30,0.2604618012849767,0.4107707332853593,0,0,3.425922717033443,4.608890626901229,TOMM7
GO_Biological_Process_2023,Mitotic G2 DNA Damage Checkpoint Signaling (GO:0007095),1/30,0.2604618012849767,0.4107707332853593,0,0,3.425922717033443,4.608890626901229,NOP53
GO_Biological_Process_2023,Regulation Of Arp2/3 Complex-Mediated Actin Nucleation (GO:0034315),1/30,0.2604618012849767,0.4107707332853593,0,0,3.425922717033443,4.608890626901229,BRK1
GO_Biological_Process_2023,Regulation Of Calcium-Mediated Signaling (GO:0050848),1/30,0.2604618012849767,0.4107707332853593,0,0,3.425922717033443,4.608890626901229,CALM2
GO_Biological_Process_2023,Response To UV (GO:0009411),2/100,0.2642273190435063,0.4161207072507197,0,0,2.0307153164296023,2.702771390555414,CIRBP;RPL26
GO_Biological_Process_2023,Regulation Of Extrinsic Apoptotic Signaling Pathway Via Death Domain Receptors (GO:1902041),1/31,0.2678682819607093,0.4194166055914102,0,0,3.3115577889447234,4.362182296847866,LGALS3
GO_Biological_Process_2023,Actin Filament Polymerization (GO:0030041),1/31,0.2678682819607093,0.4194166055914102,0,0,3.3115577889447234,4.362182296847866,GSN
GO_Biological_Process_2023,Positive Regulation Of Lamellipodium Organization (GO:1902745),1/31,0.2678682819607093,0.4194166055914102,0,0,3.3115577889447234,4.362182296847866,BRK1
GO_Biological_Process_2023,Positive Regulation Of Leukocyte Migration (GO:0002687),1/31,0.2678682819607093,0.4194166055914102,0,0,3.3115577889447234,4.362182296847866,LGALS3
GO_Biological_Process_2023,Protein Ubiquitination (GO:0016567),6/434,0.2682009325441036,0.4194166055914102,0,0,1.3998458425667213,1.842223489445385,UBB;RACK1;NEDD8;RPS27A;UBA52;SKP1
GO_Biological_Process_2023,Regulation Of RNA Splicing (GO:0043484),2/102,0.2716402584331571,0.4242001234635436,0,0,1.9898989898989896,2.593388923930461,RPS26;RPS13
GO_Biological_Process_2023,Regulation Of Transcription By RNA Polymerase I (GO:0006356),1/32,0.2752009537742224,0.4267719936832517,0,0,3.204571243313341,4.1347099266061775,POLR2L
GO_Biological_Process_2023,Regulation Of Transmembrane Transport (GO:0034762),1/32,0.2752009537742224,0.4267719936832517,0,0,3.204571243313341,4.1347099266061775,ACTB
GO_Biological_Process_2023,Transition Metal Ion Transport (GO:0000041),1/32,0.2752009537742224,0.4267719936832517,0,0,3.204571243313341,4.1347099266061775,FTH1
GO_Biological_Process_2023,Heterochromatin Formation (GO:0031507),1/32,0.2752009537742224,0.4267719936832517,0,0,3.204571243313341,4.1347099266061775,HMGB1
GO_Biological_Process_2023,Intracellular pH Reduction (GO:0051452),1/32,0.2752009537742224,0.4267719936832517,0,0,3.204571243313341,4.1347099266061775,ATP6V0E1
GO_Biological_Process_2023,Positive Regulation Of Inflammatory Response (GO:0050729),2/104,0.2790510068326582,0.4318787067601974,0,0,1.95068330362448,2.4897754945672688,LGALS1;RPS19
GO_Biological_Process_2023,Regulation Of Lamellipodium Assembly (GO:0010591),1/33,0.2824605485993796,0.4318787067601974,0,0,3.1042713567839195,3.9244707255325473,BRK1
GO_Biological_Process_2023,Regulation Of Potassium Ion Transmembrane Transport (GO:1901379),1/33,0.2824605485993796,0.4318787067601974,0,0,3.1042713567839195,3.9244707255325473,CD63
GO_Biological_Process_2023,Cardiac Muscle Contraction (GO:0060048),1/33,0.2824605485993796,0.4318787067601974,0,0,3.1042713567839195,3.9244707255325473,GSN
GO_Biological_Process_2023,Regulation Of Protein Polymerization (GO:0032271),1/33,0.2824605485993796,0.4318787067601974,0,0,3.1042713567839195,3.9244707255325473,PFN1
GO_Biological_Process_2023,Signal Transduction By P53 Class Mediator (GO:0072331),1/33,0.2824605485993796,0.4318787067601974,0,0,3.1042713567839195,3.9244707255325473,HINT1
GO_Biological_Process_2023,Positive Regulation Of Establishment Of Protein Localization To Mitochondrion (GO:1903749),1/33,0.2824605485993796,0.4318787067601974,0,0,3.1042713567839195,3.9244707255325473,TOMM7
GO_Biological_Process_2023,Positive Regulation Of Interleukin-12 Production (GO:0032735),1/33,0.2824605485993796,0.4318787067601974,0,0,3.1042713567839195,3.9244707255325473,HMGB1
GO_Biological_Process_2023,Negative Regulation Of Blood Vessel Endothelial Cell Migration (GO:0043537),1/33,0.2824605485993796,0.4318787067601974,0,0,3.1042713567839195,3.9244707255325473,HMGB1
GO_Biological_Process_2023,Cellular Response To Organonitrogen Compound (GO:0071417),2/105,0.2827546689999499,0.4318787067601974,0,0,1.931646562714524,2.440008904942008,LAMTOR4;ACTB
GO_Biological_Process_2023,Negative Regulation Of MAPK Cascade (GO:0043409),2/105,0.2827546689999499,0.4318787067601974,0,0,1.931646562714524,2.440008904942008,PEBP1;PPIA
GO_Biological_Process_2023,Response To Calcium Ion (GO:0051592),2/106,0.2864567291305087,0.4369346825998867,0,0,1.912975912975913,2.3915408635892965,CALM1;CALM2
GO_Biological_Process_2023,ATP Metabolic Process (GO:0046034),1/34,0.2896477910754225,0.4388006617514892,0,0,3.010050251256281,3.7297219848476746,ATP5PO
GO_Biological_Process_2023,Regulation Of Metal Ion Transport (GO:0010959),1/34,0.2896477910754225,0.4388006617514892,0,0,3.010050251256281,3.7297219848476746,B2M
GO_Biological_Process_2023,Cellular Response To Glucose Stimulus (GO:0071333),1/34,0.2896477910754225,0.4388006617514892,0,0,3.010050251256281,3.7297219848476746,RACK1
GO_Biological_Process_2023,Cellular Response To Hydrogen Peroxide (GO:0070301),1/34,0.2896477910754225,0.4388006617514892,0,0,3.010050251256281,3.7297219848476746,RPS3
GO_Biological_Process_2023,Superoxide Metabolic Process (GO:0006801),1/34,0.2896477910754225,0.4388006617514892,0,0,3.010050251256281,3.7297219848476746,SOD1
GO_Biological_Process_2023,Positive Regulation Of T Cell Activation (GO:0050870),2/107,0.290156850388619,0.4389754249434331,0,0,1.8946608946608947,2.344327659095108,B2M;ACTB
GO_Biological_Process_2023,Positive Regulation Of DNA Metabolic Process (GO:0051054),2/108,0.2938547028204486,0.4439674710634149,0,0,1.8766914427291783,2.298327412458919,RPS3;HMGB1
GO_Biological_Process_2023,Cellular Response To Amino Acid Stimulus (GO:0071230),1/35,0.2967633987534311,0.4465468145884963,0,0,2.9213715637008573,3.54894088012851,LAMTOR4
GO_Biological_Process_2023,Skeletal Muscle Organ Development (GO:0060538),1/35,0.2967633987534311,0.4465468145884963,0,0,2.9213715637008573,3.54894088012851,MYL6
GO_Biological_Process_2023,Positive Regulation Of Substrate Adhesion-Dependent Cell Spreading (GO:1900026),1/35,0.2967633987534311,0.4465468145884963,0,0,2.9213715637008573,3.54894088012851,S100A10
GO_Biological_Process_2023,Regulation Of Wnt Signaling Pathway (GO:0030111),2/109,0.2975499631159602,0.4471269661378647,0,0,1.8590578684036627,2.2534999856206213,SNX3;RACK1
GO_Biological_Process_2023,Transcription By RNA Polymerase II (GO:0006366),3/192,0.3014492960908019,0.4523768036894269,0,0,1.580130529369108,1.8948189743642063,ELOB;S100A10;POLR2L
GO_Biological_Process_2023,Regulation Of Receptor Internalization (GO:0002090),1/36,0.3038080819844295,0.4534752495483786,0,0,2.8377602297200286,3.380791434126185,CD63
GO_Biological_Process_2023,Positive Regulation Of Double-Strand Break Repair Via Homologous Recombination (GO:1905168),1/36,0.3038080819844295,0.4534752495483786,0,0,2.8377602297200286,3.380791434126185,MORF4L1
GO_Biological_Process_2023,Histone Deacetylation (GO:0016575),1/36,0.3038080819844295,0.4534752495483786,0,0,2.8377602297200286,3.380791434126185,MORF4L1
GO_Biological_Process_2023,Positive Regulation Of Signaling Receptor Activity (GO:2000273),1/36,0.3038080819844295,0.4534752495483786,0,0,2.8377602297200286,3.380791434126185,PARK7
GO_Biological_Process_2023,Double-Strand Break Repair Via Homologous Recombination (GO:0000724),2/111,0.3049314473928455,0.4545435345494957,0,0,1.8247613752200909,2.167211222684004,SEM1;MORF4L1
GO_Biological_Process_2023,Negative Regulation Of Endothelial Cell Migration (GO:0010596),1/37,0.3107825442509396,0.4583631439679864,0,0,2.758793969849246,3.2240971983470845,HMGB1
GO_Biological_Process_2023,Negative Regulation Of Stress-Activated MAPK Cascade (GO:0032873),1/37,0.3107825442509396,0.4583631439679864,0,0,2.758793969849246,3.2240971983470845,PPIA
GO_Biological_Process_2023,Negative Regulation Of Transferase Activity (GO:0051348),1/37,0.3107825442509396,0.4583631439679864,0,0,2.758793969849246,3.2240971983470845,PARK7
GO_Biological_Process_2023,Positive Regulation Of Exocytosis (GO:0045921),1/37,0.3107825442509396,0.4583631439679864,0,0,2.758793969849246,3.2240971983470845,S100A10
GO_Biological_Process_2023,Spliceosomal snRNP Assembly (GO:0000387),1/37,0.3107825442509396,0.4583631439679864,0,0,2.758793969849246,3.2240971983470845,SNRPD2
GO_Biological_Process_2023,Positive Regulation Of Immune Effector Process (GO:0002699),1/37,0.3107825442509396,0.4583631439679864,0,0,2.758793969849246,3.2240971983470845,RPS19
GO_Biological_Process_2023,Type I Interferon-Mediated Signaling Pathway (GO:0060337),1/37,0.3107825442509396,0.4583631439679864,0,0,2.758793969849246,3.2240971983470845,IFITM3
GO_Biological_Process_2023,Muscle Tissue Development (GO:0060537),1/37,0.3107825442509396,0.4583631439679864,0,0,2.758793969849246,3.2240971983470845,MYL6
GO_Biological_Process_2023,Cellular Response To Type I Interferon (GO:0071357),1/38,0.3176874819497763,0.4660809768078955,0,0,2.684096156457965,3.07781854672427,IFITM3
GO_Biological_Process_2023,Tumor Necrosis Factor-Mediated Signaling Pathway (GO:0033209),1/38,0.3176874819497763,0.4660809768078955,0,0,2.684096156457965,3.07781854672427,TMSB4X
GO_Biological_Process_2023,mRNA Transcription By RNA Polymerase II (GO:0042789),1/38,0.3176874819497763,0.4660809768078955,0,0,2.684096156457965,3.07781854672427,S100A10
GO_Biological_Process_2023,Membrane Assembly (GO:0071709),1/38,0.3176874819497763,0.4660809768078955,0,0,2.684096156457965,3.07781854672427,S100A10
GO_Biological_Process_2023,Negative Regulation Of Mitochondrion Organization (GO:0010823),1/39,0.3245235847719431,0.468103230298469,0,0,2.6133298069293835,2.941033694945818,SLC25A6
GO_Biological_Process_2023,RNA Transport (GO:0050658),1/39,0.3245235847719431,0.468103230298469,0,0,2.6133298069293835,2.941033694945818,YBX1
GO_Biological_Process_2023,Anterograde Axonal Transport (GO:0008089),1/39,0.3245235847719431,0.468103230298469,0,0,2.6133298069293835,2.941033694945818,SOD1
GO_Biological_Process_2023,Regulation Of Monoatomic Cation Transmembrane Transport (GO:1904062),1/39,0.3245235847719431,0.468103230298469,0,0,2.6133298069293835,2.941033694945818,CD63
GO_Biological_Process_2023,Axonal Transport (GO:0098930),1/39,0.3245235847719431,0.468103230298469,0,0,2.6133298069293835,2.941033694945818,SOD1
GO_Biological_Process_2023,Organelle Transport Along Microtubule (GO:0072384),1/39,0.3245235847719431,0.468103230298469,0,0,2.6133298069293835,2.941033694945818,UBB
GO_Biological_Process_2023,Regulation Of Protein Targeting To Mitochondrion (GO:1903214),1/39,0.3245235847719431,0.468103230298469,0,0,2.6133298069293835,2.941033694945818,TOMM7
GO_Biological_Process_2023,Regulation Of Receptor-Mediated Endocytosis (GO:0048259),1/39,0.3245235847719431,0.468103230298469,0,0,2.6133298069293835,2.941033694945818,B2M
GO_Biological_Process_2023,Positive Regulation Of ATP-dependent Activity (GO:0032781),1/39,0.3245235847719431,0.468103230298469,0,0,2.6133298069293835,2.941033694945818,PFN1
GO_Biological_Process_2023,Positive Regulation Of Pattern Recognition Receptor Signaling Pathway (GO:0062208),1/39,0.3245235847719431,0.468103230298469,0,0,2.6133298069293835,2.941033694945818,HMGB1
GO_Biological_Process_2023,Heterochromatin Organization (GO:0070828),1/39,0.3245235847719431,0.468103230298469,0,0,2.6133298069293835,2.941033694945818,HMGB1
GO_Biological_Process_2023,Histone H4 Acetylation (GO:0043967),1/39,0.3245235847719431,0.468103230298469,0,0,2.6133298069293835,2.941033694945818,MORF4L1
GO_Biological_Process_2023,Internal Peptidyl-Lysine Acetylation (GO:0018393),1/39,0.3245235847719431,0.468103230298469,0,0,2.6133298069293835,2.941033694945818,MORF4L1
GO_Biological_Process_2023,DNA Metabolic Process (GO:0006259),4/288,0.3255504669425682,0.46851505118996,0,0,1.4024144869215291,1.573842527428419,RPS3;PARK7;HMGB1;NOP53
GO_Biological_Process_2023,Positive Regulation Of Protein Phosphorylation (GO:0001934),5/377,0.3256494750423488,0.46851505118996,0,0,1.339123242349049,1.5024075021078962,RACK1;PARK7;CALM1;CALM2;PPIA
GO_Biological_Process_2023,Cellular Response To Molecule Of Bacterial Origin (GO:0071219),2/117,0.3269820795650746,0.4692213883076682,0,0,1.7290294246815987,1.932795390467605,HMGB1;VIM
GO_Biological_Process_2023,Positive Regulation Of Protein Serine/Threonine Kinase Activity (GO:0071902),2/117,0.3269820795650746,0.4692213883076682,0,0,1.7290294246815987,1.932795390467605,CALM1;CALM2
GO_Biological_Process_2023,Negative Regulation Of Protein Localization (GO:1903828),1/40,0.3312915354401823,0.472365808204352,0,0,2.54619250096637,2.8129227654318845,BTF3
GO_Biological_Process_2023,Regulation Of Microtubule Polymerization (GO:0031113),1/40,0.3312915354401823,0.472365808204352,0,0,2.54619250096637,2.8129227654318845,RPS3
GO_Biological_Process_2023,Nucleic Acid-Templated Transcription (GO:0097659),1/40,0.3312915354401823,0.472365808204352,0,0,2.54619250096637,2.8129227654318845,PTMA
GO_Biological_Process_2023,Positive Regulation Of Catalytic Activity (GO:0043085),1/40,0.3312915354401823,0.472365808204352,0,0,2.54619250096637,2.8129227654318845,SOD1
GO_Biological_Process_2023,Protein Deacetylation (GO:0006476),1/40,0.3312915354401823,0.472365808204352,0,0,2.54619250096637,2.8129227654318845,MORF4L1
GO_Biological_Process_2023,Negative Regulation Of Programmed Cell Death (GO:0043069),5/381,0.3335277557115174,0.4749469318241914,0,0,1.3246044735406437,1.454454379228817,RPL10;GPX4;RPS3A;PTMA;TPT1
GO_Biological_Process_2023,Cellular Response To Tumor Necrosis Factor (GO:0071356),2/119,0.3342934948533607,0.4754301616855831,0,0,1.6993006993006994,1.8619848571697335,TMSB4X;RPS3
GO_Biological_Process_2023,Carbohydrate Catabolic Process (GO:0016052),1/41,0.3379920100397979,0.4768560816607479,0,0,2.4824120603015074,2.6927543377926204,GAPDH
GO_Biological_Process_2023,Positive Regulation Of Actin Filament Polymerization (GO:0030838),1/41,0.3379920100397979,0.4768560816607479,0,0,2.4824120603015074,2.6927543377926204,PFN1
GO_Biological_Process_2023,Double-Strand Break Repair Via Nonhomologous End Joining (GO:0006303),1/41,0.3379920100397979,0.4768560816607479,0,0,2.4824120603015074,2.6927543377926204,HMGB1
GO_Biological_Process_2023,Heart Contraction (GO:0060047),1/41,0.3379920100397979,0.4768560816607479,0,0,2.4824120603015074,2.6927543377926204,SOD1
GO_Biological_Process_2023,Positive Regulation Of Viral Process (GO:0048524),1/41,0.3379920100397979,0.4768560816607479,0,0,2.4824120603015074,2.6927543377926204,PPIA
GO_Biological_Process_2023,Protein Localization To Lysosome (GO:0061462),1/41,0.3379920100397979,0.4768560816607479,0,0,2.4824120603015074,2.6927543377926204,LAMTOR4
GO_Biological_Process_2023,Regulation Of Gene Expression (GO:0010468),13/1127,0.3382898301288355,0.4768560816607479,0,0,1.166092224387715,1.2638716989998329,RPL5;GSN;RPS7;RPL11;EDF1;PARK7;YBX1;RPL6;HINT1;RACK1;RPS3;RPL17;PFDN5
GO_Biological_Process_2023,DNA Recombination (GO:0006310),1/42,0.344625677945044,0.4839516762074611,0,0,2.4217428606446867,2.579874053958348,HMGB1
GO_Biological_Process_2023,Organic Hydroxy Compound Biosynthetic Process (GO:1901617),1/42,0.344625677945044,0.4839516762074611,0,0,2.4217428606446867,2.579874053958348,PARK7
GO_Biological_Process_2023,Skeletal Muscle Tissue Development (GO:0007519),1/42,0.344625677945044,0.4839516762074611,0,0,2.4217428606446867,2.579874053958348,MYL6
GO_Biological_Process_2023,Fatty Acid Metabolic Process (GO:0006631),2/122,0.3452170182416795,0.4841722960244939,0,0,1.6565656565656566,1.7618934494773038,GPX4;TSPO
GO_Biological_Process_2023,Regulation Of Cell Motility (GO:2000145),2/123,0.3488455825927885,0.4870403235877,0,0,1.642791551882461,1.73006635039327,TMSB4X;TMSB10
GO_Biological_Process_2023,SCF-dependent Proteasomal Ubiquitin-Dependent Protein Catabolic Process (GO:0031146),1/43,0.3511932019412653,0.4870403235877,0,0,2.363962670495334,2.473694919601735,SKP1
GO_Biological_Process_2023,Regulation Of Primary Metabolic Process (GO:0080090),1/43,0.3511932019412653,0.4870403235877,0,0,2.363962670495334,2.473694919601735,EDF1
GO_Biological_Process_2023,Positive Regulation Of Cell-Matrix Adhesion (GO:0001954),1/43,0.3511932019412653,0.4870403235877,0,0,2.363962670495334,2.473694919601735,S100A10
GO_Biological_Process_2023,Positive Regulation Of Stress Fiber Assembly (GO:0051496),1/43,0.3511932019412653,0.4870403235877,0,0,2.363962670495334,2.473694919601735,S100A10
GO_Biological_Process_2023,Intracellular Glucose Homeostasis (GO:0001678),1/43,0.3511932019412653,0.4870403235877,0,0,2.363962670495334,2.473694919601735,RACK1
GO_Biological_Process_2023,mRNA Transcription (GO:0009299),1/43,0.3511932019412653,0.4870403235877,0,0,2.363962670495334,2.473694919601735,S100A10
GO_Biological_Process_2023,Regulation Of JUN Kinase Activity (GO:0043506),1/43,0.3511932019412653,0.4870403235877,0,0,2.363962670495334,2.473694919601735,RPS3
GO_Biological_Process_2023,Regulation Of Cellular Component Size (GO:0032535),1/43,0.3511932019412653,0.4870403235877,0,0,2.363962670495334,2.473694919601735,LAMTOR4
GO_Biological_Process_2023,Negative Regulation Of Apoptotic Process (GO:0043066),6/482,0.3519100073070114,0.4874281467668543,0,0,1.2555661439833663,1.311287914737306,RPL10;RPS3A;PARK7;PTMA;TPT1;SOD1
GO_Biological_Process_2023,Cellular Response To Lipopolysaccharide (GO:0071222),2/124,0.3524674479014492,0.4875945464145358,0,0,1.6292432521940718,1.698969987670421,HMGB1;VIM
GO_Biological_Process_2023,Response To Cytokine (GO:0034097),2/125,0.3560823858036039,0.4905660402060465,0,0,1.6159152500615914,1.668583024830908,IFITM3;TIMP1
GO_Biological_Process_2023,Autophagosome Maturation (GO:0097352),1/44,0.3576952382847675,0.4905660402060465,0,0,2.308869931050602,2.373689018141451,CALM1
GO_Biological_Process_2023,Bone Development (GO:0060348),1/44,0.3576952382847675,0.4905660402060465,0,0,2.308869931050602,2.373689018141451,RPL13
GO_Biological_Process_2023,Nucleus Organization (GO:0006997),1/44,0.3576952382847675,0.4905660402060465,0,0,2.308869931050602,2.373689018141451,RPS19
GO_Biological_Process_2023,Positive Regulation Of Biosynthetic Process (GO:0009891),1/44,0.3576952382847675,0.4905660402060465,0,0,2.308869931050602,2.373689018141451,VIM
GO_Biological_Process_2023,Positive Regulation Of Chemotaxis (GO:0050921),1/44,0.3576952382847675,0.4905660402060465,0,0,2.308869931050602,2.373689018141451,TMSB4X
GO_Biological_Process_2023,Extracellular Matrix Disassembly (GO:0022617),1/44,0.3576952382847675,0.4905660402060465,0,0,2.308869931050602,2.373689018141451,GSN
GO_Biological_Process_2023,Regulation Of GTPase Activity (GO:0043087),3/214,0.3615321644905319,0.4952191196645492,0,0,1.4137897851661174,1.43839575902822,RACK1;S100A10;SOD1
GO_Biological_Process_2023,Regulation Of Response To External Stimulus (GO:0032101),2/127,0.3632905914777368,0.4957358570156754,0,0,1.58989898989899,1.6098557795920132,TMSB4X;PARK7
GO_Biological_Process_2023,Regulation Of Cellular Metabolic Process (GO:0031323),1/45,0.3641324366778817,0.4957358570156754,0,0,2.256281407035176,2.279380404926681,NPC2
GO_Biological_Process_2023,Regulation Of Protein Modification Process (GO:0031399),1/45,0.3641324366778817,0.4957358570156754,0,0,2.256281407035176,2.279380404926681,NOP53
GO_Biological_Process_2023,Chromosome Organization (GO:0051276),1/45,0.3641324366778817,0.4957358570156754,0,0,2.256281407035176,2.279380404926681,H3-3A
GO_Biological_Process_2023,Positive Regulation Of Innate Immune Response (GO:0045089),1/45,0.3641324366778817,0.4957358570156754,0,0,2.256281407035176,2.279380404926681,RPS19
GO_Biological_Process_2023,Regulation Of Interleukin-10 Production (GO:0032653),1/46,0.3705054405101429,0.4994484058174748,0,0,2.2060301507537687,2.1903389894516705,HMGB1
GO_Biological_Process_2023,Regulation Of mRNA Catabolic Process (GO:0061013),1/46,0.3705054405101429,0.4994484058174748,0,0,2.2060301507537687,2.1903389894516705,VIM
GO_Biological_Process_2023,Regulation Of Nervous System Development (GO:0051960),1/46,0.3705054405101429,0.4994484058174748,0,0,2.2060301507537687,2.1903389894516705,S100A10
GO_Biological_Process_2023,Cellular Component Disassembly (GO:0022411),1/46,0.3705054405101429,0.4994484058174748,0,0,2.2060301507537687,2.1903389894516705,GSN
GO_Biological_Process_2023,Response To Glucose (GO:0009749),1/46,0.3705054405101429,0.4994484058174748,0,0,2.2060301507537687,2.1903389894516705,RACK1
GO_Biological_Process_2023,Protein Sumoylation (GO:0016925),1/46,0.3705054405101429,0.4994484058174748,0,0,2.2060301507537687,2.1903389894516705,SUMO2
GO_Biological_Process_2023,Mitotic G2/M Transition Checkpoint (GO:0044818),1/46,0.3705054405101429,0.4994484058174748,0,0,2.2060301507537687,2.1903389894516705,NOP53
GO_Biological_Process_2023,Negative Regulation Of Cellular Metabolic Process (GO:0031324),1/46,0.3705054405101429,0.4994484058174748,0,0,2.2060301507537687,2.1903389894516705,YBX1
GO_Biological_Process_2023,Cellular Response To Cytokine Stimulus (GO:0071345),4/308,0.3708908340958468,0.4994484058174748,0,0,1.3088077336197637,1.2981376882489437,RPS3;RPL13A;CALM1;GAPDH
GO_Biological_Process_2023,Negative Regulation Of Hydrolase Activity (GO:0051346),1/47,0.376814886705751,0.504380070440471,0,0,2.1579637317019884,2.1061752538856453,CST3
GO_Biological_Process_2023,Regulation Of Interleukin-2 Production (GO:0032663),1/47,0.376814886705751,0.504380070440471,0,0,2.1579637317019884,2.1061752538856453,RPS3
GO_Biological_Process_2023,Positive Regulation Of TOR Signaling (GO:0032008),1/47,0.376814886705751,0.504380070440471,0,0,2.1579637317019884,2.1061752538856453,LAMTOR4
GO_Biological_Process_2023,Cognition (GO:0050890),1/47,0.376814886705751,0.504380070440471,0,0,2.1579637317019884,2.1061752538856453,C12ORF57
GO_Biological_Process_2023,Epithelial To Mesenchymal Transition (GO:0001837),1/47,0.376814886705751,0.504380070440471,0,0,2.1579637317019884,2.1061752538856453,S100A4
GO_Biological_Process_2023,Proteasomal Protein Catabolic Process (GO:0010498),3/220,0.3778349647222051,0.5051390715410775,0,0,1.3742777608832957,1.3375814937224872,SH3BGRL;PSMA7;SKP1
GO_Biological_Process_2023,Epithelial Cell Differentiation (GO:0030855),2/132,0.3811748654446817,0.5089939820009822,0,0,1.5283605283605284,1.4740992128790684,LGALS3;EDF1
GO_Biological_Process_2023,Cellular Response To Oxygen-Containing Compound (GO:1901701),5/406,0.3830340777939782,0.5090744549870592,0,0,1.2404245795766993,1.1903502739260197,RPS3;VIM;HMGB1;LAMTOR4;ACTB
GO_Biological_Process_2023,Regulation Of Intrinsic Apoptotic Signaling Pathway (GO:2001242),1/48,0.3830614060395898,0.5090744549870592,0,0,2.111942692184326,2.026535673888961,RACK1
GO_Biological_Process_2023,Cellular Response To Radiation (GO:0071478),1/48,0.3830614060395898,0.5090744549870592,0,0,2.111942692184326,2.026535673888961,EEF1D
GO_Biological_Process_2023,Positive Regulation Of Reactive Oxygen Species Metabolic Process (GO:2000379),1/48,0.3830614060395898,0.5090744549870592,0,0,2.111942692184326,2.026535673888961,SOD1
GO_Biological_Process_2023,Supramolecular Fiber Organization (GO:0097435),4/316,0.3890067047816948,0.5124071660076519,0,0,1.2747252747252746,1.2035429576930754,CST3;GSN;VIM;B2M
GO_Biological_Process_2023,Unsaturated Fatty Acid Metabolic Process (GO:0033559),1/49,0.3892456229672477,0.5124071660076519,0,0,2.0678391959799,1.9510987409424116,GPX4
GO_Biological_Process_2023,Interferon-Mediated Signaling Pathway (GO:0140888),1/49,0.3892456229672477,0.5124071660076519,0,0,2.0678391959799,1.9510987409424116,IFITM3
GO_Biological_Process_2023,Intrinsic Apoptotic Signaling Pathway In Response To DNA Damage (GO:0008630),1/49,0.3892456229672477,0.5124071660076519,0,0,2.0678391959799,1.9510987409424116,RPS27L
GO_Biological_Process_2023,Negative Regulation Of DNA Metabolic Process (GO:0051053),1/49,0.3892456229672477,0.5124071660076519,0,0,2.0678391959799,1.9510987409424116,RPS3
GO_Biological_Process_2023,Negative Regulation Of T Cell Activation (GO:0050868),1/49,0.3892456229672477,0.5124071660076519,0,0,2.0678391959799,1.9510987409424116,LGALS3
GO_Biological_Process_2023,Regulation Of Cell Communication (GO:0010646),1/49,0.3892456229672477,0.5124071660076519,0,0,2.0678391959799,1.9510987409424116,IGFBP7
GO_Biological_Process_2023,Negative Regulation Of Cysteine-Type Endopeptidase Activity Involved In Apoptotic Process (GO:0043154),1/49,0.3892456229672477,0.5124071660076519,0,0,2.0678391959799,1.9510987409424116,PARK7
GO_Biological_Process_2023,Regulation Of Epithelial Cell Migration (GO:0010632),1/50,0.3953681557510544,0.5162008122510839,0,0,2.025535842477695,1.8795714928238212,PFN1
GO_Biological_Process_2023,Regulation Of Interleukin-12 Production (GO:0032655),1/50,0.3953681557510544,0.5162008122510839,0,0,2.025535842477695,1.8795714928238212,HMGB1
GO_Biological_Process_2023,Blood Circulation (GO:0008015),1/50,0.3953681557510544,0.5162008122510839,0,0,2.025535842477695,1.8795714928238212,SOD1
GO_Biological_Process_2023,Plasma Membrane Bounded Cell Projection Morphogenesis (GO:0120039),1/50,0.3953681557510544,0.5162008122510839,0,0,2.025535842477695,1.8795714928238212,UBB
GO_Biological_Process_2023,Positive Regulation Of Fat Cell Differentiation (GO:0045600),1/50,0.3953681557510544,0.5162008122510839,0,0,2.025535842477695,1.8795714928238212,ADIRF
GO_Biological_Process_2023,Positive Regulation Of Transport (GO:0051050),1/50,0.3953681557510544,0.5162008122510839,0,0,2.025535842477695,1.8795714928238212,ACTB
GO_Biological_Process_2023,Pyruvate Metabolic Process (GO:0006090),1/50,0.3953681557510544,0.5162008122510839,0,0,2.025535842477695,1.8795714928238212,GAPDH
GO_Biological_Process_2023,Protein Localization To Organelle (GO:0033365),2/137,0.3988450044858849,0.5192506062690685,0,0,1.4713804713804717,1.3524670293145111,RPL11;YBX1
GO_Biological_Process_2023,"Negative Regulation Of Gene Expression, Epigenetic (GO:0045814)",1/51,0.4014296166851454,0.5192506062690685,0,0,1.984924623115578,1.8116864795932897,HMGB1
GO_Biological_Process_2023,Regulation Of Smoothened Signaling Pathway (GO:0008589),1/51,0.4014296166851454,0.5192506062690685,0,0,1.984924623115578,1.8116864795932897,RACK1
GO_Biological_Process_2023,Regulation Of Stress-Activated MAPK Cascade (GO:0032872),1/51,0.4014296166851454,0.5192506062690685,0,0,1.984924623115578,1.8116864795932897,PPIA
GO_Biological_Process_2023,Regulation Of Substrate Adhesion-Dependent Cell Spreading (GO:1900024),1/51,0.4014296166851454,0.5192506062690685,0,0,1.984924623115578,1.8116864795932897,S100A10
GO_Biological_Process_2023,Positive Regulation Of DNA Recombination (GO:0045911),1/51,0.4014296166851454,0.5192506062690685,0,0,1.984924623115578,1.8116864795932897,MORF4L1
GO_Biological_Process_2023,Cholesterol Transport (GO:0030301),1/51,0.4014296166851454,0.5192506062690685,0,0,1.984924623115578,1.8116864795932897,NPC2
GO_Biological_Process_2023,Positive Regulation Of Protein Localization To Cell Periphery (GO:1904377),1/51,0.4014296166851454,0.5192506062690685,0,0,1.984924623115578,1.8116864795932897,LGALS3
GO_Biological_Process_2023,Negative Regulation Of Innate Immune Response (GO:0045824),1/52,0.4074306117999475,0.5239736241717895,0,0,1.9459060005911912,1.7471991060741807,RPS19
GO_Biological_Process_2023,Negative Regulation Of Response To Stimulus (GO:0048585),1/52,0.4074306117999475,0.5239736241717895,0,0,1.9459060005911912,1.7471991060741807,RPS3
GO_Biological_Process_2023,Arachidonic Acid Metabolic Process (GO:0019369),1/52,0.4074306117999475,0.5239736241717895,0,0,1.9459060005911912,1.7471991060741807,GPX4
GO_Biological_Process_2023,Regulation Of Protein Localization To Nucleus (GO:1900180),1/52,0.4074306117999475,0.5239736241717895,0,0,1.9459060005911912,1.7471991060741807,PARK7
GO_Biological_Process_2023,Icosanoid Metabolic Process (GO:0006690),1/52,0.4074306117999475,0.5239736241717895,0,0,1.9459060005911912,1.7471991060741807,GPX4
GO_Biological_Process_2023,Negative Regulation Of Wnt Signaling Pathway (GO:0030178),2/140,0.4093350504017323,0.5255524420142997,0,0,1.4391743522178304,1.28550113423387,RACK1;PFDN5
GO_Biological_Process_2023,Regulation Of Cyclin-Dependent Protein Kinase Activity (GO:1904029),1/53,0.4133717413870322,0.5255524420142997,0,0,1.9083880943177425,1.6858852917962188,CCNI
GO_Biological_Process_2023,Negative Regulation Of Viral Genome Replication (GO:0045071),1/53,0.4133717413870322,0.5255524420142997,0,0,1.9083880943177425,1.6858852917962188,IFITM3
GO_Biological_Process_2023,Regulation Of Receptor Signaling Pathway Via JAK-STAT (GO:0046425),1/53,0.4133717413870322,0.5255524420142997,0,0,1.9083880943177425,1.6858852917962188,CALM1
GO_Biological_Process_2023,Positive Regulation Of NIK/NF-kappaB Signaling (GO:1901224),1/53,0.4133717413870322,0.5255524420142997,0,0,1.9083880943177425,1.6858852917962188,RPS3
GO_Biological_Process_2023,Positive Regulation Of Chemokine Production (GO:0032722),1/53,0.4133717413870322,0.5255524420142997,0,0,1.9083880943177425,1.6858852917962188,HMGB1
GO_Biological_Process_2023,Endosome Organization (GO:0007032),1/53,0.4133717413870322,0.5255524420142997,0,0,1.9083880943177425,1.6858852917962188,SNX3
GO_Biological_Process_2023,Glycoprotein Metabolic Process (GO:0009100),1/53,0.4133717413870322,0.5255524420142997,0,0,1.9083880943177425,1.6858852917962188,PARK7
GO_Biological_Process_2023,Protein Homotetramerization (GO:0051289),1/53,0.4133717413870322,0.5255524420142997,0,0,1.9083880943177425,1.6858852917962188,B2M
GO_Biological_Process_2023,Negative Regulation Of Cysteine-Type Endopeptidase Activity (GO:2000117),1/53,0.4133717413870322,0.5255524420142997,0,0,1.9083880943177425,1.6858852917962188,CST3
GO_Biological_Process_2023,Regulation Of Exocytosis (GO:0017157),1/54,0.4192535996279672,0.530008802250775,0,0,1.8722859580923483,1.627539412897697,S100A10
GO_Biological_Process_2023,Regulation Of Focal Adhesion Assembly (GO:0051893),1/54,0.4192535996279672,0.530008802250775,0,0,1.8722859580923483,1.627539412897697,S100A10
GO_Biological_Process_2023,Nucleosome Assembly (GO:0006334),1/54,0.4192535996279672,0.530008802250775,0,0,1.8722859580923483,1.627539412897697,H3-3A
GO_Biological_Process_2023,Positive Regulation Of Leukocyte Chemotaxis (GO:0002690),1/54,0.4192535996279672,0.530008802250775,0,0,1.8722859580923483,1.627539412897697,HMGB1
GO_Biological_Process_2023,Mesenchymal Cell Differentiation (GO:0048762),1/54,0.4192535996279672,0.530008802250775,0,0,1.8722859580923483,1.627539412897697,S100A4
GO_Biological_Process_2023,Positive Regulation Of Transferase Activity (GO:0051347),2/143,0.4197357656077661,0.5300174163676775,0,0,1.4083387062110466,1.2226209334221314,TSPO;RPS2
GO_Biological_Process_2023,Ras Protein Signal Transduction (GO:0007265),2/144,0.4231821267362764,0.5331616624982466,0,0,1.398349694124342,1.2025145012328535,BRK1;PARK7
GO_Biological_Process_2023,Actin Filament Organization (GO:0007015),2/144,0.4231821267362764,0.5331616624982466,0,0,1.398349694124342,1.2025145012328535,GSN;DSTN
GO_Biological_Process_2023,Phosphatidylcholine Metabolic Process (GO:0046470),1/55,0.4250767749174149,0.5343411544903244,0,0,1.8375209380234503,1.5719724807707876,TSPO
GO_Biological_Process_2023,Purine Ribonucleotide Biosynthetic Process (GO:0009152),1/55,0.4250767749174149,0.5343411544903244,0,0,1.8375209380234503,1.5719724807707876,ATP5PO
GO_Biological_Process_2023,Positive Regulation Of Protein Kinase Activity (GO:0045860),2/145,0.4266179815542056,0.535674605217274,0,0,1.3885003885003886,1.18281672040739,CALM1;CALM2
GO_Biological_Process_2023,Neuron Projection Morphogenesis (GO:0048812),2/146,0.4300431951119408,0.5387619803930495,0,0,1.378787878787879,1.1635172055269425,UBB;S100A6
GO_Biological_Process_2023,Positive Regulation Of Cellular Catabolic Process (GO:0031331),2/146,0.4300431951119408,0.5387619803930495,0,0,1.378787878787879,1.1635172055269425,TMEM59;HMGB1
GO_Biological_Process_2023,Peptide Metabolic Process (GO:0006518),1/56,0.4308418497249187,0.5391567479722608,0,0,1.8040201005025125,1.5190105312629705,SPCS1
GO_Biological_Process_2023,Regulation Of Inflammatory Response (GO:0050727),3/240,0.4314322217611132,0.5392902772013914,0,0,1.257019854783782,1.056707275654343,LGALS1;TMSB4X;PARK7
GO_Biological_Process_2023,Monoatomic Anion Transport (GO:0006820),1/57,0.4365494010474847,0.5450756799193119,0,0,1.7717157214644652,1.4684931926330618,TSPO
GO_Biological_Process_2023,Negative Regulation Of DNA-binding Transcription Factor Activity (GO:0043433),2/149,0.4402536949587857,0.5490859842047495,0,0,1.3504432075860646,1.107909196685694,TMSB4X;COMMD6
GO_Biological_Process_2023,Positive Regulation Of Mitochondrion Organization (GO:0010822),1/58,0.4421999998339941,0.5508972064970988,0,0,1.740544829410209,1.4202724160163902,PARK7
GO_Biological_Process_2023,Positive Regulation Of DNA-binding Transcription Factor Activity (GO:0051091),3/246,0.4472051347111335,0.5541515493097797,0,0,1.2256063169768754,0.9862918234720636,RPS3;PARK7;PPIA
GO_Biological_Process_2023,DNA-templated Transcription Initiation (GO:0006352),1/59,0.4477942115947188,0.5541515493097797,0,0,1.7104487957026513,1.3742113392020114,ELOB
GO_Biological_Process_2023,Phospholipid Transport (GO:0015914),1/59,0.4477942115947188,0.5541515493097797,0,0,1.7104487957026513,1.3742113392020114,NPC2
GO_Biological_Process_2023,Regulation Of Type I Interferon Production (GO:0032479),1/59,0.4477942115947188,0.5541515493097797,0,0,1.7104487957026513,1.3742113392020114,GAPDH
GO_Biological_Process_2023,protein-DNA Complex Assembly (GO:0065004),1/59,0.4477942115947188,0.5541515493097797,0,0,1.7104487957026513,1.3742113392020114,H3-3A
GO_Biological_Process_2023,Regulation Of Cell Death (GO:0010941),1/59,0.4477942115947188,0.5541515493097797,0,0,1.7104487957026513,1.3742113392020114,PARK7
GO_Biological_Process_2023,Positive Regulation Of NF-kappaB Transcription Factor Activity (GO:0051092),2/152,0.4503639175015068,0.5567137117673836,0,0,1.323232323232323,1.0555415211165364,RPS3;PPIA
GO_Biological_Process_2023,Response To Light Stimulus (GO:0009416),1/60,0.4533325962584122,0.5585257953901985,0,0,1.681372966527553,1.330183274831934,CIRBP
GO_Biological_Process_2023,Histone Acetylation (GO:0016573),1/60,0.4533325962584122,0.5585257953901985,0,0,1.681372966527553,1.330183274831934,MORF4L1
GO_Biological_Process_2023,protein-DNA Complex Organization (GO:0071824),1/60,0.4533325962584122,0.5585257953901985,0,0,1.681372966527553,1.330183274831934,RPL17
GO_Biological_Process_2023,Positive Regulation Of Cell Junction Assembly (GO:1901890),1/61,0.4588157080798082,0.5646573007825454,0,0,1.6532663316582914,1.288070804786777,S100A10
GO_Biological_Process_2023,Cellular Response To Growth Factor Stimulus (GO:0071363),2/155,0.4603707970895622,0.5659464594871686,0,0,1.29708853238265,1.006181451159133,EEF1A1;RACK1
GO_Biological_Process_2023,Regulation Of Embryonic Development (GO:0045995),1/62,0.4642440960951576,0.568202159326126,0,0,1.6260812258011368,1.2477649663473405,SEPTIN7
GO_Biological_Process_2023,RNA Methylation (GO:0001510),1/62,0.4642440960951576,0.568202159326126,0,0,1.6260812258011368,1.2477649663473405,SNRPD2
GO_Biological_Process_2023,Spliceosomal Complex Assembly (GO:0000245),1/62,0.4642440960951576,0.568202159326126,0,0,1.6260812258011368,1.2477649663473405,SNRPD2
GO_Biological_Process_2023,Protein-Containing Complex Disassembly (GO:0032984),1/62,0.4642440960951576,0.568202159326126,0,0,1.6260812258011368,1.2477649663473405,RPL17
GO_Biological_Process_2023,Telomere Organization (GO:0032200),1/63,0.4696183035751055,0.5741495707085995,0,0,1.5997730588426,1.2091645247691418,H3-3A
GO_Biological_Process_2023,Regulation Of Nucleic Acid-Templated Transcription (GO:1903506),5/452,0.4732898923460462,0.5762315980380748,0,0,1.1101359490621237,0.8304340860954226,HINT1;EDF1;YBX1;PFDN5;RPL6
GO_Biological_Process_2023,Response To Lipopolysaccharide (GO:0032496),2/159,0.4735477497536846,0.5762315980380748,0,0,1.263784340217461,0.9446819881327648,HMGB1;VIM
GO_Biological_Process_2023,Positive Regulation Of Cysteine-Type Endopeptidase Activity (GO:2001056),1/64,0.4749388686968527,0.5762315980380748,0,0,1.574300071787509,1.1721753146425786,HMGB1
GO_Biological_Process_2023,Endocytic Recycling (GO:0032456),1/64,0.4749388686968527,0.5762315980380748,0,0,1.574300071787509,1.1721753146425786,SNX3
GO_Biological_Process_2023,Positive Regulation Of Interleukin-1 Production (GO:0032732),1/64,0.4749388686968527,0.5762315980380748,0,0,1.574300071787509,1.1721753146425786,HMGB1
GO_Biological_Process_2023,Positive Regulation Of Type I Interferon Production (GO:0032481),1/64,0.4749388686968527,0.5762315980380748,0,0,1.574300071787509,1.1721753146425786,GAPDH
GO_Biological_Process_2023,Negative Regulation Of Cell Death (GO:0060548),1/64,0.4749388686968527,0.5762315980380748,0,0,1.574300071787509,1.1721753146425786,PARK7
GO_Biological_Process_2023,Cellular Response To Light Stimulus (GO:0071482),1/65,0.4802063242660991,0.5800975639834243,0,0,1.5496231155778897,1.1367096495006708,RPL26
GO_Biological_Process_2023,Positive Regulation Of Cell Cycle (GO:0045787),1/65,0.4802063242660991,0.5800975639834243,0,0,1.5496231155778897,1.1367096495006708,RPS15A
GO_Biological_Process_2023,Fatty Acid Biosynthetic Process (GO:0006633),1/65,0.4802063242660991,0.5800975639834243,0,0,1.5496231155778897,1.1367096495006708,GPX4
GO_Biological_Process_2023,Monocarboxylic Acid Biosynthetic Process (GO:0072330),1/65,0.4802063242660991,0.5800975639834243,0,0,1.5496231155778897,1.1367096495006708,PARK7
GO_Biological_Process_2023,Cellular Component Assembly (GO:0022607),3/260,0.4833003012573331,0.5832032856081455,0,0,1.1580122064429477,0.8420104504443533,GSN;ELOB;BBLN
GO_Biological_Process_2023,Negative Regulation Of Immune Response (GO:0050777),1/66,0.4854211976341649,0.5844974463953498,0,0,1.525705450328566,1.1026857881843173,LGALS3
GO_Biological_Process_2023,Regulation Of Endocytosis (GO:0030100),1/66,0.4854211976341649,0.5844974463953498,0,0,1.525705450328566,1.1026857881843173,LGALS3
GO_Biological_Process_2023,Protein Secretion (GO:0009306),1/67,0.4905840112592053,0.5894409187004461,0,0,1.5025125628140703,1.0700274503610792,PARK7
GO_Biological_Process_2023,Negative Regulation Of Cellular Catabolic Process (GO:0031330),1/67,0.4905840112592053,0.5894409187004461,0,0,1.5025125628140703,1.0700274503610792,TIMP1
GO_Biological_Process_2023,Regulation Of Cytokine Production (GO:0001817),2/167,0.4993126955468189,0.5986383392846271,0,0,1.202020202020202,0.8348303583619261,GAPDH;SOD1
GO_Biological_Process_2023,Membrane Organization (GO:0061024),2/167,0.4993126955468189,0.5986383392846271,0,0,1.202020202020202,0.8348303583619261,SNX3;S100A10
GO_Biological_Process_2023,Phospholipid Metabolic Process (GO:0006644),1/69,0.500755522308534,0.5990798362382139,0,0,1.4581732190363583,1.0085269537658983,GPX4
GO_Biological_Process_2023,Establishment Of Protein Localization To Membrane (GO:0090150),1/69,0.500755522308534,0.5990798362382139,0,0,1.4581732190363583,1.0085269537658983,NACA
GO_Biological_Process_2023,Ubiquitin-Dependent Protein Catabolic Process (GO:0006511),4/367,0.5015626461142061,0.5994023048417361,0,0,1.0927643784786645,0.7540366656075284,SH3BGRL;NEDD8;PSMA7;SKP1
GO_Biological_Process_2023,Negative Regulation Of Epithelial Cell Proliferation (GO:0050680),1/70,0.5057652387756465,0.6024874372167156,0,0,1.4369674459252786,0.9795558086095748,B2M
GO_Biological_Process_2023,Protein K48-linked Ubiquitination (GO:0070936),1/70,0.5057652387756465,0.6024874372167156,0,0,1.4369674459252786,0.9795558086095748,SKP1
GO_Biological_Process_2023,Regulation Of Actin Filament Polymerization (GO:0030833),1/70,0.5057652387756465,0.6024874372167156,0,0,1.4369674459252786,0.9795558086095748,PFN1
GO_Biological_Process_2023,Regulation Of Hydrolase Activity (GO:0051336),1/71,0.5107249334696091,0.6070984017256015,0,0,1.416367552045944,0.9516915272016224,SOD1
GO_Biological_Process_2023,Positive Regulation Of Cell-Substrate Adhesion (GO:0010811),1/71,0.5107249334696091,0.6070984017256015,0,0,1.416367552045944,0.9516915272016224,S100A10
GO_Biological_Process_2023,Cellular Response To Hypoxia (GO:0071456),1/72,0.5156351033007534,0.6103324205736094,0,0,1.396347936867436,0.9248793332622998,NOP53
GO_Biological_Process_2023,Cholesterol Homeostasis (GO:0042632),1/72,0.5156351033007534,0.6103324205736094,0,0,1.396347936867436,0.9248793332622998,NPC2
GO_Biological_Process_2023,Response To Ionizing Radiation (GO:0010212),1/72,0.5156351033007534,0.6103324205736094,0,0,1.396347936867436,0.9248793332622998,EEF1D
GO_Biological_Process_2023,Positive Regulation Of Protein Localization To Nucleus (GO:1900182),1/72,0.5156351033007534,0.6103324205736094,0,0,1.396347936867436,0.9248793332622998,PARK7
GO_Biological_Process_2023,Cellular Response To Decreased Oxygen Levels (GO:0036294),1/73,0.5204962404113022,0.6134812981591986,0,0,1.3768844221105527,0.8990678202624621,NOP53
GO_Biological_Process_2023,Cellular Response To Reactive Oxygen Species (GO:0034614),1/73,0.5204962404113022,0.6134812981591986,0,0,1.3768844221105527,0.8990678202624621,RPS3
GO_Biological_Process_2023,Sterol Homeostasis (GO:0055092),1/73,0.5204962404113022,0.6134812981591986,0,0,1.3768844221105527,0.8990678202624621,NPC2
GO_Biological_Process_2023,Protein Tetramerization (GO:0051262),1/73,0.5204962404113022,0.6134812981591986,0,0,1.3768844221105527,0.8990678202624621,B2M
GO_Biological_Process_2023,Gland Development (GO:0048732),1/74,0.5253088319278648,0.6178474130797144,0,0,1.3579541543333105,0.8742087038575203,SOD1
GO_Biological_Process_2023,Regulation Of Cell Cycle G1/S Phase Transition (GO:1902806),1/74,0.5253088319278648,0.6178474130797144,0,0,1.3579541543333105,0.8742087038575203,PSME1
GO_Biological_Process_2023,Regulation Of Fat Cell Differentiation (GO:0045598),1/75,0.5300733603880184,0.6221387335080427,0,0,1.3395355154149124,0.8502565938086776,ADIRF
GO_Biological_Process_2023,Nucleosome Organization (GO:0034728),1/75,0.5300733603880184,0.6221387335080427,0,0,1.3395355154149124,0.8502565938086776,H3-3A
GO_Biological_Process_2023,Negative Regulation Of Cytokine Production (GO:0001818),2/178,0.5334005682638644,0.6250431741125513,0,0,1.1262626262626263,0.7078364657460958,TMSB4X;HMGB1
GO_Biological_Process_2023,Positive Regulation Of Interleukin-6 Production (GO:0032755),1/76,0.5347903032317255,0.6250431741125513,0,0,1.321608040201005,0.8271687875669174,HMGB1
GO_Biological_Process_2023,Transcription Initiation At RNA Polymerase II Promoter (GO:0006367),1/76,0.5347903032317255,0.6250431741125513,0,0,1.321608040201005,0.8271687875669174,ELOB
GO_Biological_Process_2023,Positive Regulation Of Protein Secretion (GO:0050714),1/76,0.5347903032317255,0.6250431741125513,0,0,1.321608040201005,0.8271687875669174,PPIA
GO_Biological_Process_2023,Cell Morphogenesis Involved In Neuron Differentiation (GO:0048667),1/77,0.5394601334395485,0.6265604674844755,0,0,1.3041523406506217,0.8049050782659102,S100A6
GO_Biological_Process_2023,Positive Regulation Of JNK Cascade (GO:0046330),1/77,0.5394601334395485,0.6265604674844755,0,0,1.3041523406506217,0.8049050782659102,HMGB1
GO_Biological_Process_2023,Embryonic Organ Development (GO:0048568),1/77,0.5394601334395485,0.6265604674844755,0,0,1.3041523406506217,0.8049050782659102,RPL10
GO_Biological_Process_2023,Positive Regulation Of Endothelial Cell Proliferation (GO:0001938),1/77,0.5394601334395485,0.6265604674844755,0,0,1.3041523406506217,0.8049050782659102,HMGB1
GO_Biological_Process_2023,Positive Regulation Of Response To Stimulus (GO:0048584),1/77,0.5394601334395485,0.6265604674844755,0,0,1.3041523406506217,0.8049050782659102,RPS3
GO_Biological_Process_2023,Regulation Of T Cell Proliferation (GO:0042129),1/77,0.5394601334395485,0.6265604674844755,0,0,1.3041523406506217,0.8049050782659102,LGALS3
GO_Biological_Process_2023,Positive Regulation Of Multicellular Organismal Process (GO:0051240),4/387,0.5433117339418887,0.629307988499041,0,0,1.034635264027282,0.6312020338904396,RPS19;GAPDH;ACTB;SOD1
GO_Biological_Process_2023,Positive Regulation Of Tumor Necrosis Factor Production (GO:0032760),1/78,0.544083319204552,0.629307988499041,0,0,1.2871500358937544,0.7834275809102157,HMGB1
GO_Biological_Process_2023,Long-Chain Fatty Acid Metabolic Process (GO:0001676),1/78,0.544083319204552,0.629307988499041,0,0,1.2871500358937544,0.7834275809102157,GPX4
GO_Biological_Process_2023,Regulation Of TOR Signaling (GO:0032006),1/78,0.544083319204552,0.629307988499041,0,0,1.2871500358937544,0.7834275809102157,LAMTOR4
GO_Biological_Process_2023,RNA Processing (GO:0006396),2/183,0.5483655214469135,0.6306765581490008,0,0,1.0948713655895976,0.6578131736168856,RBM3;SNRPD2
GO_Biological_Process_2023,Regulation Of Cyclin-Dependent Protein Serine/Threonine Kinase Activity (GO:0000079),1/79,0.5486603241296241,0.6306765581490008,0,0,1.2705836876691148,0.7627005714660321,CCNI
GO_Biological_Process_2023,Positive Regulation Of Endocytosis (GO:0045807),1/79,0.5486603241296241,0.6306765581490008,0,0,1.2705836876691148,0.7627005714660321,B2M
GO_Biological_Process_2023,Positive Regulation Of Protein Localization To Membrane (GO:1905477),1/79,0.5486603241296241,0.6306765581490008,0,0,1.2705836876691148,0.7627005714660321,LGALS3
GO_Biological_Process_2023,Positive Regulation Of Protein Modification By Small Protein Conjugation Or Removal (GO:1903322),1/79,0.5486603241296241,0.6306765581490008,0,0,1.2705836876691148,0.7627005714660321,UBB
GO_Biological_Process_2023,Protein Import Into Nucleus (GO:0006606),1/79,0.5486603241296241,0.6306765581490008,0,0,1.2705836876691148,0.7627005714660321,RPL17
GO_Biological_Process_2023,Regulation Of Organelle Assembly (GO:1902115),1/80,0.5531916072648388,0.6352303214215194,0,0,1.254436740665352,0.7426903392796255,GSN
GO_Biological_Process_2023,Negative Regulation Of Macromolecule Metabolic Process (GO:0010605),2/186,0.5571827441654297,0.6371009729258105,0,0,1.0768555116381204,0.6298118751293473,RACK1;PARK7
GO_Biological_Process_2023,Cytoskeleton-Dependent Cytokinesis (GO:0061640),1/81,0.5576776229377498,0.6371009729258105,0,0,1.2386934673366834,0.7233650516865618,SEPTIN7
GO_Biological_Process_2023,Spindle Assembly (GO:0051225),1/81,0.5576776229377498,0.6371009729258105,0,0,1.2386934673366834,0.7233650516865618,RPS3
GO_Biological_Process_2023,Positive Regulation Of Growth (GO:0045927),1/81,0.5576776229377498,0.6371009729258105,0,0,1.2386934673366834,0.7233650516865618,H3-3A
GO_Biological_Process_2023,Histone Modification (GO:0016570),1/81,0.5576776229377498,0.6371009729258105,0,0,1.2386934673366834,0.7233650516865618,MORF4L1
GO_Biological_Process_2023,DNA Repair (GO:0006281),3/291,0.5589305523233701,0.6378787777283087,0,0,1.031725888324873,0.6001859516754368,RPS3;PARK7;NOP53
GO_Biological_Process_2023,Regulation Of Phosphorylation (GO:0042325),1/82,0.5621188211968801,0.6395535567699197,0,0,1.2233389168062534,0.7046946278996441,NOP53
GO_Biological_Process_2023,Cellular Response To Organic Substance (GO:0071310),1/82,0.5621188211968801,0.6395535567699197,0,0,1.2233389168062534,0.7046946278996441,PARK7
GO_Biological_Process_2023,Positive Regulation Of Tumor Necrosis Factor Superfamily Cytokine Production (GO:1903557),1/82,0.5621188211968801,0.6395535567699197,0,0,1.2233389168062534,0.7046946278996441,HMGB1
GO_Biological_Process_2023,Vesicle-Mediated Transport To The Plasma Membrane (GO:0098876),1/83,0.5665156476761636,0.6438990287043042,0,0,1.208358867508273,0.6866506239569532,SNX3
GO_Biological_Process_2023,Regulation Of Cysteine-Type Endopeptidase Activity Involved In Apoptotic Process (GO:0043281),1/84,0.5708685433147935,0.6468683188983686,0,0,1.1937397832536174,0.6692061267801053,HMGB1
GO_Biological_Process_2023,Positive Regulation Of Double-Strand Break Repair (GO:2000781),1/84,0.5708685433147935,0.6468683188983686,0,0,1.1937397832536174,0.6692061267801053,MORF4L1
GO_Biological_Process_2023,Purine Ribonucleotide Metabolic Process (GO:0009150),1/84,0.5708685433147935,0.6468683188983686,0,0,1.1937397832536174,0.6692061267801053,HINT1
GO_Biological_Process_2023,Neuron Projection Development (GO:0031175),2/192,0.5744500370339674,0.649112761757271,0,0,1.0425305688463584,0.5779186403259151,UBB;HMGB1
GO_Biological_Process_2023,Regulation Of Kinase Activity (GO:0043549),1/85,0.5751779449472499,0.649112761757271,0,0,1.1794687724335966,0.6523356544527062,SOD1
GO_Biological_Process_2023,Epidermis Development (GO:0008544),1/85,0.5751779449472499,0.649112761757271,0,0,1.1794687724335966,0.6523356544527062,YBX1
GO_Biological_Process_2023,Positive Regulation Of Protein Localization (GO:1903829),1/85,0.5751779449472499,0.649112761757271,0,0,1.1794687724335966,0.6523356544527062,PARK7
GO_Biological_Process_2023,Regulation Of Mitotic Cell Cycle Phase Transition (GO:1901990),1/86,0.5794442849420854,0.6532663070883976,0,0,1.1655335501034585,0.636015065932131,PSME1
GO_Biological_Process_2023,Regulation Of Type II Interferon Production (GO:0032649),1/87,0.5836679914950987,0.6573634449667022,0,0,1.1519224027112305,0.6202214761277236,HMGB1
GO_Biological_Process_2023,Regulation Of Double-Strand Break Repair (GO:2000779),1/88,0.5878494885157634,0.6614048231030032,0,0,1.138624155259054,0.6049331780092367,MORF4L1
GO_Biological_Process_2023,Sensory Perception Of Mechanical Stimulus (GO:0050954),1/89,0.591989195722158,0.664721000231829,0,0,1.1256281407035176,0.5901295699518402,SOD1
GO_Biological_Process_2023,Positive Regulation Of Peptidyl-Serine Phosphorylation (GO:0033138),1/89,0.591989195722158,0.664721000231829,0,0,1.1256281407035176,0.5901295699518402,PARK7
GO_Biological_Process_2023,DNA-templated Transcription (GO:0006351),2/199,0.5939725563145565,0.6662770626667308,0,0,1.005127416294929,0.523593146960198,PTMA;POLR2L
GO_Biological_Process_2023,Regulation Of Phosphatidylinositol 3-Kinase Signaling (GO:0014066),1/90,0.5960875287025766,0.6679774819129377,0,0,1.1129241714188922,0.5757910883551692,NOP53
GO_Biological_Process_2023,Regulation Of Epithelial Cell Proliferation (GO:0050678),1/91,0.6001448988156681,0.6711750874417953,0,0,1.100502512562814,0.5618991453376235,B2M
GO_Biological_Process_2023,Positive Regulation Of MAP Kinase Activity (GO:0043406),1/91,0.6001448988156681,0.6711750874417953,0,0,1.100502512562814,0.5618991453376235,RPS3
GO_Biological_Process_2023,Positive Regulation Of MAPK Cascade (GO:0043410),3/310,0.6018849714192065,0.6724466364052256,0,0,0.9669306701499694,0.4908999966431734,HMGB1;PPIA;SOD1
GO_Biological_Process_2023,Sensory Perception Of Sound (GO:0007605),1/92,0.6041617136020576,0.6724496648766088,0,0,1.0883538571980782,0.5484360698708618,SOD1
GO_Biological_Process_2023,Steroid Metabolic Process (GO:0008202),1/92,0.6041617136020576,0.6724496648766088,0,0,1.0883538571980782,0.5484360698708618,TSPO
GO_Biological_Process_2023,Positive Regulation Of Neuron Projection Development (GO:0010976),1/92,0.6041617136020576,0.6724496648766088,0,0,1.0883538571980782,0.5484360698708618,SNX3
GO_Biological_Process_2023,Organelle Organization (GO:0006996),4/418,0.6043000575841813,0.6724496648766088,0,0,0.9556344276841172,0.4813381727496461,CHCHD2;SH3BGRL3;PARK7;PPIA
GO_Biological_Process_2023,Positive Regulation Of Protein Kinase B Signaling (GO:0051897),1/93,0.6081383763355012,0.6760461511606021,0,0,1.0764693030369237,0.5353850545471538,PARK7
GO_Biological_Process_2023,"Retrograde Transport, Endosome To Golgi (GO:0042147)",1/94,0.6120752863236749,0.6783935827543713,0,0,1.0648403306856864,0.5227301046685241,SNX3
GO_Biological_Process_2023,Vesicle Organization (GO:0016050),1/94,0.6120752863236749,0.6783935827543713,0,0,1.0648403306856864,0.5227301046685241,S100A10
GO_Biological_Process_2023,Muscle Contraction (GO:0006936),1/94,0.6120752863236749,0.6783935827543713,0,0,1.0648403306856864,0.5227301046685241,MYL6
GO_Biological_Process_2023,Positive Regulation Of Epithelial Cell Migration (GO:0010634),1/95,0.6159728391110465,0.6820354673374546,0,0,1.0534587832780926,0.5104559909803796,PFN1
GO_Biological_Process_2023,Proteasome-Mediated Ubiquitin-Dependent Protein Catabolic Process (GO:0043161),3/319,0.6212541661195884,0.6872007889120447,0,0,0.9389577844888518,0.4469579856203824,SH3BGRL;PSMA7;SKP1
GO_Biological_Process_2023,Regulation Of Protein Localization (GO:0032880),1/97,0.6236514348962008,0.6884864850586772,0,0,1.0314070351758795,0.4869929254325685,RACK1
GO_Biological_Process_2023,Monocarboxylic Acid Metabolic Process (GO:0032787),1/97,0.6236514348962008,0.6884864850586772,0,0,1.0314070351758795,0.4869929254325685,TSPO
GO_Biological_Process_2023,Negative Regulation Of Cellular Process (GO:0048523),5/537,0.6259815124938007,0.6903752585861402,0,0,0.9286678234046656,0.435019992801501,FTH1;RACK1;IGFBP7;PARK7;ACTB
GO_Biological_Process_2023,RNA Splicing (GO:0008380),1/98,0.6274332493027582,0.691292562225865,0,0,1.0207221675387246,0.4757769643136218,SNRPD2
GO_Biological_Process_2023,Axon Development (GO:0061564),1/99,0.6311772493570809,0.6947311283644079,0,0,1.0102553584247769,0.464887747030177,S100A6
GO_Biological_Process_2023,Calcium Ion Homeostasis (GO:0055074),1/102,0.642186106799596,0.7054556739719701,0,0,0.9800985123637992,0.4340632175669919,TPT1
GO_Biological_Process_2023,Regulation Of Protein Secretion (GO:0050708),1/102,0.642186106799596,0.7054556739719701,0,0,0.9800985123637992,0.4340632175669919,PPIA
GO_Biological_Process_2023,Positive Regulation Of Stress-Activated MAPK Cascade (GO:0032874),1/105,0.6528679573920863,0.7157795206412745,0,0,0.9516814843448008,0.4057783123183748,HMGB1
GO_Biological_Process_2023,Intrinsic Apoptotic Signaling Pathway (GO:0097193),1/105,0.6528679573920863,0.7157795206412745,0,0,0.9516814843448008,0.4057783123183748,HINT1
GO_Biological_Process_2023,Positive Regulation Of Cell Growth (GO:0030307),1/106,0.6563575850020138,0.7181930395262468,0,0,0.9425699928212492,0.3968686613882323,H3-3A
GO_Biological_Process_2023,Regulation Of G1/S Transition Of Mitotic Cell Cycle (GO:2000045),1/106,0.6563575850020138,0.7181930395262468,0,0,0.9425699928212492,0.3968686613882323,PSME1
GO_Biological_Process_2023,Regulation Of Cellular Response To Stress (GO:0080135),1/107,0.6598123057378238,0.7205589822700034,0,0,0.933630416232104,0.388203405372955,CHCHD2
GO_Biological_Process_2023,Monoatomic Ion Transport (GO:0006811),1/107,0.6598123057378238,0.7205589822700034,0,0,0.933630416232104,0.388203405372955,TSPO
GO_Biological_Process_2023,Response To Tumor Necrosis Factor (GO:0034612),1/108,0.6632324670568477,0.7228780066162123,0,0,0.9248579345324754,0.3797741558133871,RPS3
GO_Biological_Process_2023,Lipid Transport (GO:0006869),1/108,0.6632324670568477,0.7228780066162123,0,0,0.9248579345324754,0.3797741558133871,NPC2
GO_Biological_Process_2023,Regulation Of Cell Growth (GO:0001558),2/227,0.6653572756421501,0.7235153381208361,0,0,0.8787878787878788,0.3580455349628462,RACK1;H3-3A
GO_Biological_Process_2023,Negative Regulation Of Developmental Process (GO:0051093),1/109,0.6666184129739804,0.7235153381208361,0,0,0.916247906197655,0.3715728772578474,CST3
GO_Biological_Process_2023,Cell-Matrix Adhesion (GO:0007160),1/109,0.6666184129739804,0.7235153381208361,0,0,0.916247906197655,0.3715728772578474,CD63
GO_Biological_Process_2023,Apoptotic Process (GO:0006915),2/228,0.667710567646942,0.7235153381208361,0,0,0.8748547421113793,0.3533542514106607,PPIA;GAPDH
GO_Biological_Process_2023,Cellular Response To Lipid (GO:0071396),2/228,0.667710567646942,0.7235153381208361,0,0,0.8748547421113793,0.3533542514106607,VIM;HMGB1
GO_Biological_Process_2023,Cilium Organization (GO:0044782),2/228,0.667710567646942,0.7235153381208361,0,0,0.8748547421113793,0.3533542514106607,GSN;SEPTIN7
GO_Biological_Process_2023,Regulation Of JNK Cascade (GO:0046328),1/110,0.6699704840956059,0.7252593104530103,0,0,0.9077958600341156,0.3635918695397154,HMGB1
GO_Biological_Process_2023,Negative Regulation Of Inflammatory Response (GO:0050728),1/111,0.6732890175997336,0.7260321611447803,0,0,0.8994974874371859,0.3558237511616551,RPS19
GO_Biological_Process_2023,RNA Metabolic Process (GO:0016070),1/111,0.6732890175997336,0.7260321611447803,0,0,0.8994974874371859,0.3558237511616551,RBM3
GO_Biological_Process_2023,Cytoskeleton Organization (GO:0007010),1/111,0.6732890175997336,0.7260321611447803,0,0,0.8994974874371859,0.3558237511616551,SH3BGRL3
GO_Biological_Process_2023,Mitotic Cell Cycle Phase Transition (GO:0044772),1/111,0.6732890175997336,0.7260321611447803,0,0,0.8994974874371859,0.3558237511616551,CCNI
GO_Biological_Process_2023,Negative Regulation Of Multicellular Organismal Process (GO:0051241),2/231,0.6746907426925027,0.7261391680522592,0,0,0.863261435313837,0.3396941103556566,RPS19;TIMP1
GO_Biological_Process_2023,Positive Regulation Of Phosphorylation (GO:0042327),2/231,0.6746907426925027,0.7261391680522592,0,0,0.863261435313837,0.3396941103556566,RACK1;PPIA
GO_Biological_Process_2023,Calcium Ion Transport (GO:0006816),1/112,0.6765743473112501,0.7267633884894449,0,0,0.8913486350672281,0.3482614435144341,TPT1
GO_Biological_Process_2023,Small GTPase Mediated Signal Transduction (GO:0007264),1/112,0.6765743473112501,0.7267633884894449,0,0,0.8913486350672281,0.3482614435144341,PARK7
GO_Biological_Process_2023,Positive Regulation Of GTPase Activity (GO:0043547),2/234,0.6815520032758883,0.7308993155292224,0,0,0.8519679554162313,0.3266297952317327,RACK1;S100A10
GO_Biological_Process_2023,Regulation Of Interleukin-6 Production (GO:0032675),1/114,0.683046714602197,0.7308993155292224,0,0,0.8754836127540356,0.3337273716848506,HMGB1
GO_Biological_Process_2023,Protein Modification By Small Protein Removal (GO:0070646),1/114,0.683046714602197,0.7308993155292224,0,0,0.8754836127540356,0.3337273716848506,HINT1
GO_Biological_Process_2023,Negative Regulation Of Canonical Wnt Signaling Pathway (GO:0090090),1/114,0.683046714602197,0.7308993155292224,0,0,0.8754836127540356,0.3337273716848506,PFDN5
GO_Biological_Process_2023,Protein Processing (GO:0016485),1/117,0.692514396042861,0.740319800180048,0,0,0.8527118350372552,0.3133087141185804,SPCS1
GO_Biological_Process_2023,Positive Regulation Of Cell Projection Organization (GO:0031346),1/118,0.6956073317848006,0.7429139606705486,0,0,0.845380749903363,0.3068478138715934,SNX3
GO_Biological_Process_2023,Cilium Assembly (GO:0060271),2/243,0.7014312313249126,0.7484170554328013,0,0,0.819774508571189,0.2907186138474013,GSN;SEPTIN7
GO_Biological_Process_2023,Positive Regulation Of DNA-templated Transcription (GO:0045893),11/1243,0.7049512813727249,0.7514538037577326,0,0,0.8771730914588057,0.3066830306606232,SEM1;MORF4L1;CHCHD2;ADIRF;EDF1;PARK7;HMGB1;YBX1;PTMA;ACTB;S100A10
GO_Biological_Process_2023,Negative Regulation Of Growth (GO:0045926),1/124,0.7135255255654438,0.7591421383639979,0,0,0.8038975364628018,0.2713452170770706,RACK1
GO_Biological_Process_2023,Positive Regulation Of Defense Response (GO:0031349),1/124,0.7135255255654438,0.7591421383639979,0,0,0.8038975364628018,0.2713452170770706,LGALS1
GO_Biological_Process_2023,Negative Regulation Of Cell Growth (GO:0030308),1/125,0.7164081282131235,0.7614824241731484,0,0,0.7973739666072297,0.2659284143992235,RACK1
GO_Biological_Process_2023,Positive Regulation Of Intracellular Protein Transport (GO:0090316),1/126,0.7192618685309876,0.7630608786032836,0,0,0.7909547738693468,0.2606431490060761,TOMM7
GO_Biological_Process_2023,Protein-Containing Complex Organization (GO:0043933),1/126,0.7192618685309876,0.7630608786032836,0,0,0.7909547738693468,0.2606431490060761,ELOB
GO_Biological_Process_2023,Regulation Of Tumor Necrosis Factor Production (GO:0032680),1/127,0.7220870340624399,0.7653298887638977,0,0,0.7846374730796841,0.2554854949797123,HMGB1
GO_Biological_Process_2023,Positive Regulation Of Transcription By RNA Polymerase II (GO:0045944),8/938,0.7260892756251702,0.7688409708661584,0,0,0.8454301075268817,0.2706072154511012,SEM1;CHCHD2;ADIRF;PARK7;HMGB1;YBX1;PTMA;S100A10
GO_Biological_Process_2023,Protein Homooligomerization (GO:0051260),1/129,0.7276527766729426,0.7697655085297258,0,0,0.7722989949748744,0.2455380232172469,B2M
GO_Biological_Process_2023,Negative Regulation Of Cell Population Proliferation (GO:0008285),3/379,0.7337110540839026,0.7754386969701909,0,0,0.7866940274327682,0.2435919285515697,FTH1;IGFBP7;B2M
GO_Biological_Process_2023,Plasma Membrane Bounded Cell Projection Organization (GO:0120036),1/132,0.7357941059880472,0.776903814561243,0,0,0.7544976792358741,0.2314836202546984,HMGB1
GO_Biological_Process_2023,DNA Damage Response (GO:0006974),3/384,0.7417820625519921,0.7824853356153937,0,0,0.776170110715856,0.2318418531073269,RPS3;PARK7;NOP53
GO_Biological_Process_2023,Cellular Response To Metal Ion (GO:0071248),1/135,0.743693243928707,0.7837598931762838,0,0,0.7374934373359334,0.2183914504625392,B2M
GO_Biological_Process_2023,Positive Regulation Of Signal Transduction (GO:0009967),2/266,0.7475972886883558,0.787130289789912,0,0,0.7474747474747475,0.2174335497679037,CD63;RPS3
GO_Biological_Process_2023,Protein Localization To Plasma Membrane (GO:0072659),1/137,0.7488283343138599,0.7876826346792016,0,0,0.7265740467041087,0.210158284256341,S100A10
GO_Biological_Process_2023,Chromatin Organization (GO:0006325),2/268,0.7513088273379281,0.7895469768914136,0,0,0.7417786891471102,0.2121030784801347,H3-3A;SKP1
GO_Biological_Process_2023,Intracellular Calcium Ion Homeostasis (GO:0006874),1/139,0.7538610468365632,0.7914831141457325,0,0,0.715971160148569,0.202295658016559,TPT1
GO_Biological_Process_2023,Positive Regulation Of Cell Migration (GO:0030335),2/272,0.7585918421901612,0.7957007563894917,0,0,0.7306397306397306,0.2018694766715356,RACK1;PFN1
GO_Biological_Process_2023,Protein Localization To Cell Periphery (GO:1990778),1/142,0.7612225890637079,0.7977097620357465,0,0,0.7006308136426815,0.1911527324338831,S100A10
GO_Biological_Process_2023,Plasma Membrane Bounded Cell Projection Assembly (GO:0120031),2/275,0.7639330621057138,0.7997984640825079,0,0,0.7224997224997225,0.1945511913110494,GSN;SEPTIN7
GO_Biological_Process_2023,Monoatomic Cation Transmembrane Transport (GO:0098655),2/281,0.7743099579914263,0.8099020667546345,0,0,0.7067448680351907,0.1807733388604437,ATP6V0E1;ATP5PO
GO_Biological_Process_2023,Defense Response To Symbiont (GO:0140546),1/148,0.7752948529641656,0.8101722221696763,0,0,0.6718285304071377,0.1709883332727604,IFITM3
GO_Biological_Process_2023,Skeletal System Development (GO:0001501),1/149,0.777558641095328,0.8110790158078908,0,0,0.6672551948933858,0.1678788815691765,RPL13
GO_Biological_Process_2023,Positive Regulation Of Cell Differentiation (GO:0045597),2/283,0.7776798400305526,0.8110790158078908,0,0,0.7016427621409828,0.1764213060169772,ADIRF;ACTB
GO_Biological_Process_2023,Negative Regulation Of Transcription By RNA Polymerase II (GO:0000122),6/763,0.7791899603075991,0.8110790158078908,0,0,0.7780168598237753,0.1941155265650748,EID1;RPS14;RPL10;HMGB1;RPL17;NOP53
GO_Biological_Process_2023,Inorganic Cation Transmembrane Transport (GO:0098662),2/284,0.7793483018632932,0.8110790158078908,0,0,0.6991188480550182,0.17428838454512,ATP6V0E1;ATP5PO
GO_Biological_Process_2023,Neuron Development (GO:0048666),1/150,0.7797997353776313,0.8110790158078908,0,0,0.6627432464335098,0.164836268730291,HMGB1
GO_Biological_Process_2023,Cellular Response To Organic Cyclic Compound (GO:0071407),1/152,0.7842147458452606,0.8149109427935375,0,0,0.6538986322340178,0.1589447004917271,ACTB
GO_Biological_Process_2023,Regulation Of Cellular Component Organization (GO:0051128),1/153,0.7863891079150508,0.8164095487200016,0,0,0.6495636075112404,0.1560924478581284,PARK7
GO_Biological_Process_2023,Epithelium Development (GO:0060429),1/154,0.7885416683216506,0.8178827536545493,0,0,0.6452852497783033,0.1533004354551218,LGALS3
GO_Biological_Process_2023,Positive Regulation Of Response To External Stimulus (GO:0032103),1/155,0.7906726445156229,0.8193308537499252,0,0,0.6410624551328069,0.1505671382701188,LGALS1
GO_Biological_Process_2023,Regulation Of Macromolecule Metabolic Process (GO:0060255),1/162,0.8050029422478624,0.8334060172761064,0,0,0.6129716907518962,0.1329592889277211,YBX1
GO_Biological_Process_2023,Negative Regulation Of Cell Migration (GO:0030336),1/163,0.8069688204409236,0.8346662660404729,0,0,0.6091568955890564,0.1306460303698868,TIMP1
GO_Biological_Process_2023,Regulation Of Cell Migration (GO:0030334),3/434,0.8121817416217522,0.8392795569121906,0,0,0.6843605356448821,0.1423683052297709,TMSB4X;RACK1;TMSB10
GO_Biological_Process_2023,Metal Ion Transport (GO:0030001),1/171,0.8220021720657791,0.8486411313456886,0,0,0.5802542122376588,0.1137369287884457,TPT1
GO_Biological_Process_2023,Regulation Of Neuron Projection Development (GO:0010975),1/174,0.8273342321436886,0.8533558453655993,0,0,0.5701048595579051,0.1080613895941531,SNX3
GO_Biological_Process_2023,Extracellular Matrix Organization (GO:0030198),1/176,0.8308003376270978,0.856138980087074,0,0,0.5635319454414932,0.1044595389554742,GSN
GO_Biological_Process_2023,Organelle Assembly (GO:0070925),2/322,0.8351214736887211,0.859774138623301,0,0,0.61489898989899,0.110791323846165,GSN;SEPTIN7
GO_Biological_Process_2023,Positive Regulation Of ERK1 And ERK2 Cascade (GO:0070374),1/179,0.8358701042759268,0.859774138623301,0,0,0.5539495228953758,0.0993132091800345,HMGB1
GO_Biological_Process_2023,"RNA Splicing, Via Transesterification Reactions With Bulged Adenosine As Nucleophile (GO:0000377)",1/180,0.8375262086141492,0.8598910889546744,0,0,0.5508267594958031,0.0976630837566713,SNRPD2
GO_Biological_Process_2023,Endosomal Transport (GO:0016197),1/180,0.8375262086141492,0.8598910889546744,0,0,0.5508267594958031,0.0976630837566713,SNX3
GO_Biological_Process_2023,Protein Modification Process (GO:0036211),5/711,0.843017674584552,0.8647329412711826,0,0,0.693469891770175,0.1184220191256534,TMEM59;DAD1;NEDD8;PARK7;UBA52
GO_Biological_Process_2023,Phosphate-Containing Compound Metabolic Process (GO:0006796),1/184,0.8439859992638473,0.8649305047602848,0,0,0.5386769915149519,0.0913700535900012,GPX4
GO_Biological_Process_2023,Proteolysis (GO:0006508),2/330,0.8451150233935748,0.8652922415829531,0,0,0.5996550874599655,0.1009114803598987,SPCS1;NEDD8
GO_Biological_Process_2023,Axonogenesis (GO:0007409),1/188,0.8501901851438446,0.8696899600324649,0,0,0.5270469997044044,0.0855372020724991,S100A6
GO_Biological_Process_2023,Defense Response To Virus (GO:0051607),1/189,0.8517024816274591,0.870438374898824,0,0,0.5242168288249759,0.0841462437992407,IFITM3
GO_Biological_Process_2023,Protein Localization To Membrane (GO:0072657),1/192,0.8561488312819886,0.8741812700360964,0,0,0.5159041279696914,0.0801256116253105,S100A10
GO_Biological_Process_2023,Golgi Vesicle Transport (GO:0048193),1/197,0.8632665450936166,0.8806424499353912,0,0,0.5026151163983181,0.0739003936329984,SNX3
GO_Biological_Process_2023,Organic Substance Transport (GO:0071702),1/201,0.8687075091835524,0.8853828818461252,0,0,0.4924623115577889,0.0693134762410876,TPT1
GO_Biological_Process_2023,Regulation Of Canonical Wnt Signaling Pathway (GO:0060828),1/207,0.8764676095391304,0.8916618472957395,0,0,0.477972386202859,0.0630233021279371,PFDN5
GO_Biological_Process_2023,Negative Regulation Of Cell Differentiation (GO:0045596),1/207,0.8764676095391304,0.8916618472957395,0,0,0.477972386202859,0.0630233021279371,ACTB
GO_Biological_Process_2023,"mRNA Splicing, Via Spliceosome (GO:0000398)",1/211,0.8813857079808011,0.895847825340559,0,0,0.4687724335965542,0.0591871802020121,SNRPD2
GO_Biological_Process_2023,mRNA Processing (GO:0006397),1/214,0.8849459769149011,0.8986473262842575,0,0,0.4620992285370514,0.0564817782115859,SNRPD2
GO_Biological_Process_2023,Negative Regulation Of DNA-templated Transcription (GO:0045892),7/1025,0.8923174364016327,0.9050203108032188,0,0,0.6691674216435762,0.0762404789010084,EID1;RPS14;RPL10;HMGB1;RPL17;PFDN5;NOP53
GO_Biological_Process_2023,Positive Regulation Of Cell Motility (GO:2000147),1/221,0.8928451496713368,0.9050203108032188,0,0,0.4472361809045226,0.0506906958849928,RACK1
GO_Biological_Process_2023,Protein Polyubiquitination (GO:0000209),1/226,0.8981547293522425,0.9095754071096732,0,0,0.4371859296482412,0.0469594177767252,SKP1
GO_Biological_Process_2023,Chromatin Remodeling (GO:0006338),1/228,0.9002045097002905,0.9108239821377712,0,0,0.4332897970026343,0.0455531898856198,SKP1
GO_Biological_Process_2023,Inflammatory Response (GO:0006954),1/236,0.9080011970225056,0.9178797231913816,0,0,0.4183684379343526,0.04037656309841,HMGB1
GO_Biological_Process_2023,Regulation Of ERK1 And ERK2 Cascade (GO:0070372),1/244,0.915191548398542,0.924310304768455,0,0,0.404429555183324,0.0358413128074068,HMGB1
GO_Biological_Process_2023,Cytokine-Mediated Signaling Pathway (GO:0019221),1/257,0.9257021626434152,0.9340795577804596,0,0,0.3836369346733668,0.0296178204836349,TMSB4X
GO_Biological_Process_2023,Negative Regulation Of Signal Transduction (GO:0009968),1/267,0.9328960361865728,0.9404874144195556,0,0,0.3690255790229342,0.0256330754014875,RACK1
GO_Biological_Process_2023,Central Nervous System Development (GO:0007417),1/283,0.942991863401127,0.9498066194148658,0,0,0.3478028440072704,0.0204152008435275,GSN
GO_Biological_Process_2023,Negative Regulation Of Nucleic Acid-Templated Transcription (GO:1903507),2/456,0.944597688622537,0.9505653635506578,0,0,0.4304276242602233,0.0245327253825745,EID1;PFDN5
GO_Biological_Process_2023,Regulation Of Transcription By RNA Polymerase II (GO:0006357),14/2028,0.9510128404180752,0.956158085722411,0,0,0.6647126031756201,0.0333869948641651,RPL10;ADIRF;PARK7;HMGB1;YBX1;ACTB;SEM1;EID1;RPS14;CHCHD2;RPL17;PTMA;NOP53;S100A10
GO_Biological_Process_2023,Intracellular Protein Transport (GO:0006886),1/325,0.9628648992116902,0.9672021284874184,0,0,0.3020658849804578,0.011430828148476,RPL11
GO_Biological_Process_2023,Protein Localization (GO:0008104),1/351,0.971532463962775,0.9750303306197068,0,0,0.2792534099066762,0.0080650044648875,ACTB
GO_Biological_Process_2023,Positive Regulation Of Nucleic Acid-Templated Transcription (GO:1903508),2/557,0.9767709148650046,0.979406088196475,0,0,0.3502593502593502,0.008232191941515,MORF4L1;EDF1
GO_Biological_Process_2023,Vesicle-Mediated Transport (GO:0016192),1/411,0.9846047229816152,0.9863740037057512,0,0,0.237651672999142,0.003687169227721,S100A10
GO_Biological_Process_2023,Nervous System Development (GO:0007399),1/433,0.9877170746218896,0.988603714724782,0,0,0.2252931323283082,0.0027843942092732,GSN
GO_Biological_Process_2023,Regulation Of DNA-templated Transcription (GO:0006355),10/1922,0.9943917037940544,0.9943917037940544,0,0,0.4924025545034133,0.0027693122188461,EID1;MORF4L1;HINT1;EDF1;HMGB1;YBX1;PFDN5;ACTB;RPL6;POLR2L
