Gene_set,Term,Overlap,P-value,Adjusted P-value,Old P-value,Old Adjusted P-value,Odds Ratio,Combined Score,Genes
GO_Biological_Process_2023,Cellular Respiration (GO:0045333),25/85,2.7801298681832844e-30,3.247191686038076e-27,0,0,47.0,3198.587591957697,COX7B;NDUFA13;NDUFB8;UQCRB;NDUFB5;COX4I1;NDUFB2;COX7A2;UQCR11;UQCR10;COX6A1;COX5B;COX7C;COX5A;UQCRH;CYC1;COX8A;MDH2;NDUFA1;COX6C;COX6B1;UQCRQ;NDUFS5;UQCRC1;UQCRC2
GO_Biological_Process_2023,Aerobic Electron Transport Chain (GO:0019646),23/68,1.4816078314328044e-29,8.652589735567578e-27,0,0,57.045197740113,3786.765179234507,COX8A;COX7B;NDUFB8;UQCRB;NDUFB5;COX4I1;NDUFB2;NDUFA1;COX7A2;UQCR11;UQCR10;COX6A1;COX5B;COX6C;COX7C;COX5A;UQCRH;COX6B1;UQCRQ;NDUFS5;UQCRC1;UQCRC2;CYC1
GO_Biological_Process_2023,Mitochondrial ATP Synthesis Coupled Electron Transport (GO:0042775),23/70,3.25408062425906e-29,1.266922056378194e-26,0,0,54.61221300637096,3582.2912748208587,COX8A;COX7B;NDUFB8;UQCRB;NDUFB5;COX4I1;NDUFB2;NDUFA1;COX7A2;UQCR11;UQCR10;COX6A1;COX5B;COX6C;COX7C;COX5A;UQCRH;COX6B1;UQCRQ;NDUFS5;UQCRC1;UQCRC2;CYC1
GO_Biological_Process_2023,Energy Derivation By Oxidation Of Organic Compounds (GO:0015980),18/43,2.240386084665794e-25,6.541927367224118e-23,0,0,78.23076923076923,4440.220366119916,COX8A;COX7B;UQCRB;COX4I1;COX7A2;UQCR11;UQCR10;COX5B;COX6A1;COX6C;COX5A;COX7C;UQCRH;COX6B1;UQCRQ;UQCRC1;CYC1;UQCRC2
GO_Biological_Process_2023,Oxidative Phosphorylation (GO:0006119),16/63,1.3209888916122769e-18,3.0858300508062787e-16,0,0,36.54579093432008,1504.5226416985406,NDUFA13;NDUFB8;ATP5PD;UQCRB;NDUFB5;NDUFB2;NDUFA1;CHCHD10;ATP5F1C;UQCRH;ATP5F1B;NDUFS5;UQCRC1;ATP5PO;UQCRC2;ATP5MG
GO_Biological_Process_2023,"Mitochondrial Electron Transport, Cytochrome C To Oxygen (GO:0006123)",10/16,6.057577812405317e-17,1.1792084808149016e-14,0,0,173.6315789473684,6483.860948255711,COX8A;COX7B;COX4I1;COX7A2;COX5B;COX6A1;COX6C;COX5A;COX7C;COX6B1
GO_Biological_Process_2023,Proton Motive Force-Driven ATP Synthesis (GO:0015986),13/60,2.3098548963562284e-14,3.854157884205822e-12,0,0,29.217089543747868,917.3875872645956,NDUFA13;NDUFB8;ATP5PD;NDUFB5;ATP5MC2;NDUFB2;NDUFA1;ATP5MC3;ATP5F1C;ATP5F1B;NDUFS5;ATP5PO;ATP5MG
GO_Biological_Process_2023,Cytoplasmic Translation (GO:0002181),14/93,4.69256448737337e-13,6.851144151565119e-11,0,0,18.789573975772424,533.3914170789263,RPL41;RPL3;RPL21;RPS5;RPLP0;RPS6;RPL10A;RPL8;RPL9;RPL7;RPS14;RPL18A;RPS18;RPL15
GO_Biological_Process_2023,Aerobic Respiration (GO:0009060),12/59,5.323226508838199e-13,6.908365069247796e-11,0,0,26.82616568583069,758.1483951807955,NDUFA13;NDUFB8;UQCRB;NDUFB5;MDH2;NDUFS5;UQCRC1;NDUFB2;NDUFA1;CHCHD10;UQCRC2;UQCRH
GO_Biological_Process_2023,Proton Motive Force-Driven Mitochondrial ATP Synthesis (GO:0042776),11/53,4.007119680035862e-12,4.680315786281887e-10,0,0,27.379440665154952,718.5172490614301,NDUFA13;NDUFB8;ATP5F1B;ATP5PD;NDUFB5;NDUFS5;NDUFB2;NDUFA1;ATP5PO;ATP5F1C;ATP5MG
GO_Biological_Process_2023,"Mitochondrial Electron Transport, Ubiquinol To Cytochrome C (GO:0006122)",7/12,6.831633160209499e-12,7.253952301022452e-10,0,0,143.59067357512953,3691.638298888917,UQCRB;UQCRQ;UQCRC1;UQCR11;UQCR10;UQCRC2;UQCRH
GO_Biological_Process_2023,Macromolecule Biosynthetic Process (GO:0009059),16/183,4.878453476770951e-11,4.748361384057058e-09,0,0,10.222858630564955,242.7275455488501,RPL41;RPL3;RPL21;RPS5;RPS6;RPLP0;RPL10A;RPL8;RPL9;RPL7;TUFM;EEF1A1;RPS14;RPL18A;RPS18;RPL15
GO_Biological_Process_2023,Peptide Biosynthetic Process (GO:0043043),15/158,6.197081321788054e-11,5.567839218344961e-09,0,0,11.145530145530143,261.9685261405865,RPL41;RPL3;RPL21;RPS5;RPS6;RPLP0;RPL10A;RPL8;RPL9;RPL7;EEF1A1;RPS14;RPL18A;RPS18;RPL15
GO_Biological_Process_2023,ATP Biosynthetic Process (GO:0006754),8/25,8.122899910493494e-11,6.7768193538974306e-09,0,0,48.48774509803921,1126.552089519398,ATP5F1A;ATP5F1B;ATP5PD;ATP5MC2;ATP5PO;ATP5MC3;ATP5F1C;ATP5MG
GO_Biological_Process_2023,Translation (GO:0006412),16/234,1.8562947972359955e-09,1.4454348821144282e-07,0,0,7.810929397686478,157.03626244775148,RPL41;RPL3;RPL21;RPS5;RPLP0;RPS6;RPL8;RPL10A;RPL9;RPL7;TUFM;EEF1A1;RPS14;RPL18A;RPS18;RPL15
GO_Biological_Process_2023,Gene Expression (GO:0010467),15/296,3.160058870633117e-07,2.3068429755621748e-05,0,0,5.632105415023564,84.29856592376709,RPL41;RPL3;RPL21;RPS5;RPLP0;RPS6;RPL8;RPL10A;RPL9;RPL7;EEF1A1;RPS14;RPL18A;RPS18;RPL15
GO_Biological_Process_2023,Intermediate Filament Organization (GO:0045109),8/68,3.84399036008612e-07,2.641047494459169e-05,0,0,13.708333333333334,202.4938064855017,KRT19;KRT17;KRT16;KRT14;KRT23;KRT77;KRT6B;KRT6A
GO_Biological_Process_2023,Purine Ribonucleoside Triphosphate Biosynthetic Process (GO:0009206),4/10,1.9440565830475138e-06,0.0001261476716110831,0,0,67.3265306122449,885.3932781130271,ATP5F1A;ATP5F1B;ATP5PO;ATP5F1C
GO_Biological_Process_2023,Epithelium Development (GO:0060429),10/154,3.5156870822762835e-06,0.0002161222374788789,0,0,7.184210526315789,90.22129561648688,LGALS3;GSTK1;KRT19;SPINT1;KRT17;KRT16;KRT14;KRT23;RHCG;KRT6A
GO_Biological_Process_2023,Epithelial Cell Differentiation (GO:0030855),9/132,7.341813904621044e-06,0.00042876193202986897,0,0,7.538117737198315,89.11505966507661,LGALS3;GSTK1;KRT19;ANXA1;KRT17;KRT16;KRT14;KRT23;RHCG
GO_Biological_Process_2023,Proton Transmembrane Transport (GO:1902600),6/49,9.068384089326396e-06,0.0005043748864920586,0,0,14.210261328218651,164.99131524160097,ATP6V0B;ATP5F1B;ATP5PO;ATP1A1;ATP1B1;ATP6V1B1
GO_Biological_Process_2023,Pyruvate Metabolic Process (GO:0006090),6/50,1.0219798089852524e-05,0.0005425783713158068,0,0,13.88659793814433,159.57344828850043,TPI1;PKM;PDHA1;KRT17;ENO1;GAPDH
GO_Biological_Process_2023,NADH Dehydrogenase Complex Assembly (GO:0010257),6/53,1.440163527717238e-05,0.0007008795834890557,0,0,12.998245229216934,144.90663187900708,NDUFA13;NDUFB8;NDUFB5;NDUFS5;NDUFB2;NDUFA1
GO_Biological_Process_2023,Mitochondrial Respiratory Chain Complex I Assembly (GO:0032981),6/53,1.440163527717238e-05,0.0007008795834890557,0,0,12.998245229216934,144.90663187900708,NDUFA13;NDUFB8;NDUFB5;NDUFS5;NDUFB2;NDUFA1
GO_Biological_Process_2023,Gluconeogenesis (GO:0006094),5/32,1.5377155419858243e-05,0.0007184207012157771,0,0,18.77777777777778,208.10711759419505,TPI1;MDH1;KRT17;MDH2;ENO1
GO_Biological_Process_2023,ATP Metabolic Process (GO:0046034),5/34,2.0905707910418636e-05,0.000939148724591114,0,0,17.480990274093724,188.3662067044033,ATP5F1A;ATP5F1B;ATP5PO;ATP1B1;ATP5F1C
GO_Biological_Process_2023,Hexose Biosynthetic Process (GO:0019319),5/35,2.419294457456146e-05,0.0010465688615958,0,0,16.897435897435898,179.61044178472525,TPI1;MDH1;KRT17;MDH2;ENO1
GO_Biological_Process_2023,Intracellular Sodium Ion Homeostasis (GO:0006883),4/18,2.660404294293577e-05,0.0010831531065409,0,0,28.84256559766764,303.8404891137544,SCNN1B;ATP1B3;ATP1A1;ATP1B1
GO_Biological_Process_2023,Glucose Metabolic Process (GO:0006006),6/59,2.6893356241170177e-05,0.0010831531065409,0,0,11.523244504960124,121.26637633957364,TPI1;MDH1;KRT17;MDH2;DCXR;ENO1
GO_Biological_Process_2023,Positive Regulation Of Blood Vessel Endothelial Cell Migration (GO:0043536),5/46,9.34439910541812e-05,0.0036380860517094,0,0,12.357098186366478,114.6509898683154,ATP5F1A;ATP5F1B;ANXA1;HSPB1;CIB1
GO_Biological_Process_2023,Sodium Ion Homeostasis (GO:0055078),4/25,0.00010411396073230693,0.0039227453592043,0,0,19.221574344023324,176.26230732641343,SCNN1B;ATP1B3;ATP1A1;ATP1B1
GO_Biological_Process_2023,Glycolytic Process (GO:0006096),4/29,0.00018946001545207968,0.0069152905640009,0,0,16.142857142857142,138.36579697475634,TPI1;PKM;ENO1;GAPDH
GO_Biological_Process_2023,Sodium Ion Export Across Plasma Membrane (GO:0036376),3/12,0.00020276702349047895,0.0071767237405114,0,0,33.48730964467005,284.75776049641166,ATP1B3;ATP1A1;ATP1B1
GO_Biological_Process_2023,Epidermis Development (GO:0008544),6/85,0.0002105199505203156,0.0072319794766978,0,0,7.7206055069816,65.36210680281118,SCEL;CALML5;SPINT1;CRABP2;FABP5;KRT14
GO_Biological_Process_2023,Intracellular Potassium Ion Homeostasis (GO:0030007),3/13,0.00026165809515097364,0.0087319044324667,0,0,30.13705583756345,248.5846578261998,ATP1B3;ATP1A1;ATP1B1
GO_Biological_Process_2023,Mitochondrial Respiratory Chain Complex Assembly (GO:0033108),6/90,0.00028757958825608007,0.0093303599745305,0,0,7.25920471281296,59.19163440674612,NDUFA13;NDUFB8;NDUFB5;NDUFS5;NDUFB2;NDUFA1
GO_Biological_Process_2023,"Mitochondrial Electron Transport, NADH To Ubiquinone (GO:0006120)",4/34,0.0003557732688924604,0.0112308967044971,0,0,13.448979591836734,106.80126422611052,NDUFB8;NDUFB5;NDUFS5;NDUFB2
GO_Biological_Process_2023,Nicotinamide Nucleotide Metabolic Process (GO:0046496),3/17,0.0006040394207294829,0.0185662643003167,0,0,21.5221174764322,159.51916044937724,MDH1;KRT17;IDH2
GO_Biological_Process_2023,Carbohydrate Catabolic Process (GO:0016052),4/41,0.0007356418168161046,0.0220315292831079,0,0,10.900717043574186,78.64613599642355,TPI1;PKM;ENO1;GAPDH
GO_Biological_Process_2023,NADP Metabolic Process (GO:0006739),3/19,0.0008481701801219675,0.024162506594694,0,0,18.82994923857868,133.17348392535672,MDH1;KRT17;IDH2
GO_Biological_Process_2023,Calcium-Independent Cell-Cell Adhesion Via Plasma Membrane Cell-Adhesion Molecules (GO:0016338),3/19,0.0008481701801219675,0.024162506594694,0,0,18.82994923857868,133.17348392535672,CLDN4;CLDN8;CLDN7
GO_Biological_Process_2023,Type B Pancreatic Cell Proliferation (GO:0044342),2/5,0.0009754681839454336,0.0264964381127503,0,0,66.65656565656566,462.1028413784856,SERPINB1;CCN3
GO_Biological_Process_2023,Positive Regulation Of Vesicle Fusion (GO:0031340),2/5,0.0009754681839454336,0.0264964381127503,0,0,66.65656565656566,462.1028413784856,ANXA1;ANXA2
GO_Biological_Process_2023,Supramolecular Fiber Organization (GO:0097435),10/316,0.0013484348266352,0.0357948153979549,0,0,3.3529411764705883,22.158953680511384,KRT19;TPPP3;KRT17;KRT16;KRT14;KRT23;CIB1;KRT77;KRT6B;KRT6A
GO_Biological_Process_2023,Gap Junction Assembly (GO:0016264),2/6,0.0014535707837741,0.0369080581619169,0,0,49.98989898989899,326.6206097208578,GJB2;GJB6
GO_Biological_Process_2023,Positive Regulation Of Unsaturated Fatty Acid Biosynthetic Process (GO:2001280),2/6,0.0014535707837741,0.0369080581619169,0,0,49.98989898989899,326.6206097208578,CD74;ANXA1
GO_Biological_Process_2023,Potassium Ion Homeostasis (GO:0055075),3/23,0.0015052246919242,0.0374064348971801,0,0,15.060913705583756,97.87806321199126,ATP1B3;ATP1A1;ATP1B1
GO_Biological_Process_2023,Malate Metabolic Process (GO:0006108),2/7,0.0020216133697869,0.0491925919981489,0,0,39.98989898989899,248.09171029141777,MDH1;MDH2
GO_Biological_Process_2023,Purine Ribonucleotide Biosynthetic Process (GO:0009152),4/55,0.0022221695468688,0.0529692659335265,0,0,7.902761104441777,48.28011150302565,ATP5F1A;ATP5F1B;ATP5PO;ATP5F1C
GO_Biological_Process_2023,Inorganic Cation Transmembrane Transport (GO:0098662),9/284,0.0023037307858534,0.0538151511575376,0,0,3.345549738219895,20.31827761163524,ATP6V0B;ATP5F1B;SCNN1B;ATP5PO;ATP1B3;ATP1A1;ATP1B1;RHCG;ATP6V1B1
GO_Biological_Process_2023,Monoatomic Anion Transport (GO:0006820),4/57,0.0025341401417975,0.0580367781494016,0,0,7.60377358490566,45.45460491125239,CLIC3;FXYD3;TSPO;VDAC2
GO_Biological_Process_2023,Regulation Of Vesicle Fusion (GO:0031338),2/8,0.0026777674677022,0.0601467769668513,0,0,33.323232323232325,197.36590289038227,ANXA1;ANXA2
GO_Biological_Process_2023,Regulation Of Macroautophagy (GO:0016241),5/96,0.0027862697528819,0.0614030768182283,0,0,5.553395322626092,32.67091114865691,ATP6V0B;ATP6V1G1;GAPDH;ATP6V1B1;ATP6V1C2
GO_Biological_Process_2023,Regulation Of Autophagy (GO:0010506),8/241,0.0030123001884428,0.0651549374092827,0,0,3.4991058655221745,20.312489087963723,EEF1A1;TMEM59;ATP6V1G1;ATP6V0B;HSPB1;GAPDH;ATP6V1B1;ATP6V1C2
GO_Biological_Process_2023,Antimicrobial Humoral Response (GO:0019730),5/100,0.0033238214487381,0.0705858809477484,0,0,5.318488529014845,30.350700013257832,SLPI;DEFB1;GAPDH;KRT6A;WFDC3
GO_Biological_Process_2023,Positive Regulation Of Sodium Ion Transmembrane Transport (GO:1902307),2/9,0.0034202318391573,0.0713362640738525,0,0,28.561327561327563,162.17255858986445,ATP1B3;ATP1B1
GO_Biological_Process_2023,Purine Nucleotide Metabolic Process (GO:0006163),3/34,0.0046920695585813,0.0961462674460168,0,0,9.711314884558703,52.07091984713094,MDH1;KRT17;IDH2
GO_Biological_Process_2023,Negative Regulation Of Programmed Cell Death (GO:0043069),10/381,0.005151776678361,0.102091525255841,0,0,2.756277486168251,14.521209897444594,CD74;ANXA1;KRT18;GPX4;GSTP1;BAG1;HSPB1;CIB1;CRYAB;PTMA
GO_Biological_Process_2023,Polyamine Metabolic Process (GO:0006595),2/11,0.0051570205394645,0.102091525255841,0,0,22.21212121212121,117.00004466783103,AOC1;SAT1
GO_Biological_Process_2023,Negative Regulation Of Locomotion (GO:0040013),2/12,0.0061478754316609,0.1139796587965078,0,0,19.98989898989899,101.78154350719132,TACSTD2;SPINT2
GO_Biological_Process_2023,Neutrophil Mediated Immunity (GO:0002446),2/12,0.0061478754316609,0.1139796587965078,0,0,19.98989898989899,101.78154350719132,VAMP8;ANXA3
GO_Biological_Process_2023,Positive Regulation By Symbiont Of Entry Into Host (GO:0075294),2/12,0.0061478754316609,0.1139796587965078,0,0,19.98989898989899,101.78154350719132,CD74;P4HB
GO_Biological_Process_2023,Positive Regulation Of Viral Entry Into Host Cell (GO:0046598),2/12,0.0061478754316609,0.1139796587965078,0,0,19.98989898989899,101.78154350719132,CD74;P4HB
GO_Biological_Process_2023,Fatty Acid Transport (GO:0015908),3/38,0.0064242870484076,0.1172432386334401,0,0,8.599709934735316,43.40849457481817,CRABP2;FABP5;ACSL1
GO_Biological_Process_2023,Retina Homeostasis (GO:0001895),3/39,0.006909073873999,0.1241507428435525,0,0,8.360406091370558,41.59234877252794,AZGP1;PRDX1;HSPB1
GO_Biological_Process_2023,Positive Regulation Of Potassium Ion Transmembrane Transporter Activity (GO:1901018),2/13,0.0072181010363148,0.1277385153093297,0,0,18.171717171717173,89.6077061786221,ATP1B3;ATP1B1
GO_Biological_Process_2023,Monoatomic Cation Transmembrane Transport (GO:0098655),8/281,0.0074835385106549,0.1304592982155971,0,0,2.9803113553113554,14.588771716752555,ATP6V0B;ATP5F1B;SCNN1B;ATP5PO;ATP1B3;ATP1A1;ATP1B1;ATP6V1B1
GO_Biological_Process_2023,Regulation Of Protein Catabolic Process (GO:0042176),5/122,0.0076789367656166,0.1318970315035326,0,0,4.313609467455621,21.004147217080448,EEF1A1;NDUFA13;HSP90AA1;UBB;OAZ1
GO_Biological_Process_2023,Negative Regulation Of Cellular Process (GO:0048523),12/537,0.0079996959063168,0.1354151422982331,0,0,2.3434650455927053,11.31507355333072,VAMP8;AZGP1;NDUFA13;TACSTD2;CCN3;CIB1;SPINT2;ENO1;CRYAB;S100A11;SLURP1;HOPX
GO_Biological_Process_2023,Substantia Nigra Development (GO:0021762),3/42,0.0084912352718872,0.1359428622146853,0,0,7.716126513080828,36.79605293636041,NDRG2;CALM2;COX6B1
GO_Biological_Process_2023,Keratinocyte Differentiation (GO:0030216),3/42,0.0084912352718872,0.1359428622146853,0,0,7.716126513080828,36.79605293636041,SCEL;ANXA1;KRT16
GO_Biological_Process_2023,Potassium Ion Import Across Plasma Membrane (GO:1990573),3/42,0.0084912352718872,0.1359428622146853,0,0,7.716126513080828,36.79605293636041,ATP1B3;ATP1A1;ATP1B1
GO_Biological_Process_2023,Regulation Of Protein Localization To Plasma Membrane (GO:1903076),4/80,0.0084964288884178,0.1359428622146853,0,0,5.296455424274973,25.254078548459987,VAMP8;LGALS3;TMEM59;CIB1
GO_Biological_Process_2023,Sodium Ion Transmembrane Transport (GO:0035725),4/82,0.0092528602217495,0.1440978765200465,0,0,5.160125588697017,24.16395252997982,SCNN1B;ATP1B3;ATP1A1;ATP1B1
GO_Biological_Process_2023,Negative Regulation Of Apoptotic Signaling Pathway (GO:2001234),4/82,0.0092528602217495,0.1440978765200465,0,0,5.160125588697017,24.16395252997982,LGALS3;NDUFA13;GSTP1;SLC25A5
GO_Biological_Process_2023,Positive Regulation Of Endothelial Cell Migration (GO:0010595),4/85,0.0104676198849292,0.1608707898104908,0,0,4.968253968253968,22.65259800022629,ATP5F1A;ATP5F1B;ANXA3;HSPB1
GO_Biological_Process_2023,Positive Regulation Of Cell Migration Involved In Sprouting Angiogenesis (GO:0090050),2/16,0.0108884250018907,0.1633756551268069,0,0,14.275613275613276,64.52655688502057,ANXA1;CIB1
GO_Biological_Process_2023,Negative Regulation Of Cell Motility (GO:2000146),5/133,0.0109103605307285,0.1633756551268069,0,0,3.940705128205128,17.80427298827229,CD74;KRT16;TACSTD2;SPINT2;SLURP1
GO_Biological_Process_2023,Bicellular Tight Junction Assembly (GO:0070830),3/47,0.0115653119162109,0.1709909407358777,0,0,6.83756345177665,30.49378950483647,CLDN4;CLDN8;CLDN7
GO_Biological_Process_2023,Negative Regulation Of Insulin Secretion (GO:0046676),2/17,0.0122596808748648,0.1725217742390616,0,0,13.323232323232324,58.64139939765107,CCN3;FAM3D
GO_Biological_Process_2023,Positive Regulation By Host Of Viral Process (GO:0044794),2/17,0.0122596808748648,0.1725217742390616,0,0,13.323232323232324,58.64139939765107,EEF1A1;KRT17
GO_Biological_Process_2023,Ribosomal Small Subunit Assembly (GO:0000028),2/17,0.0122596808748648,0.1725217742390616,0,0,13.323232323232324,58.64139939765107,RPS14;RPS5
GO_Biological_Process_2023,Positive Regulation Of Potassium Ion Transmembrane Transport (GO:1901381),2/17,0.0122596808748648,0.1725217742390616,0,0,13.323232323232324,58.64139939765107,ATP1B3;ATP1B1
GO_Biological_Process_2023,Antibacterial Humoral Response (GO:0019731),3/49,0.0129514996055504,0.1758700542068685,0,0,6.539615978812624,28.42472661929245,SLPI;DEFB1;WFDC3
GO_Biological_Process_2023,Dicarboxylic Acid Metabolic Process (GO:0043648),3/50,0.0136786260429923,0.1758700542068685,0,0,6.400151204233719,27.468942123223947,MDH1;MDH2;IDH2
GO_Biological_Process_2023,Ribosome Assembly (GO:0042255),3/50,0.0136786260429923,0.1758700542068685,0,0,6.400151204233719,27.468942123223947,RPS14;RPS5;RPLP0
GO_Biological_Process_2023,Positive Regulation Of Transport (GO:0051050),3/50,0.0136786260429923,0.1758700542068685,0,0,6.400151204233719,27.468942123223947,ANXA1;ANXA2;CHCHD10
GO_Biological_Process_2023,Negative Regulation Of Peptide Hormone Secretion (GO:0090278),2/18,0.0137022045657748,0.1758700542068685,0,0,12.48989898989899,53.58414643474309,CCN3;FAM3D
GO_Biological_Process_2023,Regulation Of Mitochondrial Outer Membrane Permeabilization Involved In Apoptotic Signaling Pathway (GO:1901028),2/18,0.0137022045657748,0.1758700542068685,0,0,12.48989898989899,53.58414643474309,CHCHD10;SLC25A5
GO_Biological_Process_2023,Regulation Of Oxidative Stress-Induced Intrinsic Apoptotic Signaling Pathway (GO:1902175),2/18,0.0137022045657748,0.1758700542068685,0,0,12.48989898989899,53.58414643474309,HSPB1;P4HB
GO_Biological_Process_2023,Membrane Repolarization (GO:0086009),2/18,0.0137022045657748,0.1758700542068685,0,0,12.48989898989899,53.58414643474309,ATP1B3;ATP1B1
GO_Biological_Process_2023,Regulation Of Substrate Adhesion-Dependent Cell Spreading (GO:1900024),3/51,0.0144285702203611,0.1831801088845855,0,0,6.266497461928934,26.5608314530226,TACSTD2;CIB1;P4HB
GO_Biological_Process_2023,Establishment Of Skin Barrier (GO:0061436),2/19,0.0152144484017713,0.1910803842286981,0,0,11.754604872251932,49.19901329869125,CLDN4;KRT16
GO_Biological_Process_2023,Tight Junction Assembly (GO:0120192),3/53,0.0159972388139271,0.1964120736547758,0,0,6.01522842639594,24.875009582390742,CLDN4;CLDN8;CLDN7
GO_Biological_Process_2023,Mitochondrial Transport (GO:0006839),3/53,0.0159972388139271,0.1964120736547758,0,0,6.01522842639594,24.875009582390742,HSP90AA1;TSPO;SLC25A5
GO_Biological_Process_2023,Positive Regulation Of Protein Processing (GO:0010954),2/20,0.0167948882548689,0.1964120736547758,0,0,11.1010101010101,45.36628383483138,ANXA2;ENO1
GO_Biological_Process_2023,Regulation Of Cardiac Muscle Contraction By Calcium Ion Signaling (GO:0010882),2/20,0.0167948882548689,0.1964120736547758,0,0,11.1010101010101,45.36628383483138,ATP1B1;CALM2
GO_Biological_Process_2023,Apical Junction Assembly (GO:0043297),3/54,0.0168161021964705,0.1964120736547758,0,0,5.896984174380412,24.09164757699128,CLDN4;CLDN8;CLDN7
GO_Biological_Process_2023,Epidermal Cell Differentiation (GO:0009913),3/54,0.0168161021964705,0.1964120736547758,0,0,5.896984174380412,24.09164757699128,SCEL;ANXA1;KRT16
GO_Biological_Process_2023,Regulation Of Blood Vessel Endothelial Cell Migration (GO:0043535),3/54,0.0168161021964705,0.1964120736547758,0,0,5.896984174380412,24.09164757699128,ATP5F1A;ATP5F1B;HSPB1
GO_Biological_Process_2023,protein-RNA Complex Assembly (GO:0022618),5/150,0.0175550930040998,0.2024936126988924,0,0,3.475685234305924,14.050148819797528,RPS14;HSP90AA1;EIF3K;RPS5;RPLP0
GO_Biological_Process_2023,Protein-Containing Complex Assembly (GO:0065003),8/328,0.0176835175473347,0.2024936126988924,0,0,2.536458333333333,10.234919546478446,VAMP8;CD74;HSP90AA1;GPX4;AP2S1;CHCHD10;COX7A2;HOPX
GO_Biological_Process_2023,Protein Stabilization (GO:0050821),6/208,0.0184319457812426,0.2051455538488014,0,0,3.0006124323772583,11.983455660859397,HSP90AA1;BAG1;ATP1B3;ATP1B1;CRYAB;GAPDH
GO_Biological_Process_2023,Chaperone-Mediated Protein Complex Assembly (GO:0051131),2/21,0.0184420232483939,0.2051455538488014,0,0,10.516214779372676,41.9925427496273,HSP90AA1;HOPX
GO_Biological_Process_2023,Skin Epidermis Development (GO:0098773),2/21,0.0184420232483939,0.2051455538488014,0,0,10.516214779372676,41.9925427496273,CLDN4;KRT16
GO_Biological_Process_2023,Inorganic Cation Import Across Plasma Membrane (GO:0098659),4/103,0.0199170653478517,0.2179658380459372,0,0,4.061224489795919,15.904479460309156,SCNN1B;ATP1B3;ATP1A1;ATP1B1
GO_Biological_Process_2023,NAD Metabolic Process (GO:0019674),2/22,0.0201543754357544,0.2179658380459372,0,0,9.98989898989899,39.00390099361183,MDH1;KRT17
GO_Biological_Process_2023,Positive Regulation Of Viral Life Cycle (GO:1903902),2/22,0.0201543754357544,0.2179658380459372,0,0,9.98989898989899,39.00390099361183,CD74;P4HB
GO_Biological_Process_2023,Protein Targeting To Mitochondrion (GO:0006626),3/59,0.0212576490223405,0.2277883858540709,0,0,5.369108049311095,20.676641778420727,NDUFA13;HSP90AA1;TSPO
GO_Biological_Process_2023,Long-Chain Fatty Acid Transport (GO:0015909),2/23,0.02193048949736,0.2307640696659147,0,0,9.513708513708512,36.34120010270031,FABP5;ACSL1
GO_Biological_Process_2023,Long-Chain fatty-acyl-CoA Metabolic Process (GO:0035336),2/23,0.02193048949736,0.2307640696659147,0,0,9.513708513708512,36.34120010270031,DGAT2;ACSL1
GO_Biological_Process_2023,Negative Regulation Of Intrinsic Apoptotic Signaling Pathway (GO:2001243),3/61,0.0231968013804758,0.2419095001106767,0,0,5.183441274286714,19.50912983009035,NDUFA13;HSPB1;ENO1
GO_Biological_Process_2023,Negative Regulation Of Apoptotic Process (GO:0043066),10/482,0.0235605923858909,0.243168508447601,0,0,2.1552185548617304,8.07814660191968,CD74;ANXA1;KRT18;CEACAM6;GSTP1;BAG1;HSPB1;CIB1;CRYAB;PTMA
GO_Biological_Process_2023,Gliogenesis (GO:0042063),2/24,0.0237689324469591,0.243168508447601,0,0,9.08080808080808,33.956554984338226,ANXA1;CD9
GO_Biological_Process_2023,Extracellular Structure Organization (GO:0043062),4/109,0.0239421048557141,0.243168508447601,0,0,3.82798833819242,14.28649905351405,C6ORF15;MMP7;MIA;SPINT1
GO_Biological_Process_2023,External Encapsulating Structure Organization (GO:0045229),4/110,0.0246573303185438,0.2482738087246479,0,0,3.791682710820177,14.03939170843531,C6ORF15;MMP7;MIA;SPINT1
GO_Biological_Process_2023,Regulation Of Apoptotic Process (GO:0042981),13/705,0.0253194113003921,0.2519375344365906,0,0,1.9196006305832896,7.05680499469057,CD74;HSP90AA1;ANXA1;GSTP1;RPS6;HSPB1;CIB1;KRT18;UBB;BAG1;CRYAB;PTMA;CTSD
GO_Biological_Process_2023,Positive Regulation Of Peptidase Activity (GO:0010952),2/25,0.0256682933201663,0.2519375344365906,0,0,8.685551163812033,31.810820468950148,NDUFA13;CLDN4
GO_Biological_Process_2023,Long-Chain Fatty Acid Biosynthetic Process (GO:0042759),2/25,0.0256682933201663,0.2519375344365906,0,0,8.685551163812033,31.810820468950148,GPX4;GSTP1
GO_Biological_Process_2023,Positive Regulation Of Cysteine-Type Endopeptidase Activity (GO:2001056),3/64,0.0262797663190797,0.2557897255057092,0,0,4.927768993925272,17.931934435559224,NDUFA13;PERP;CTSD
GO_Biological_Process_2023,Antimicrobial Humoral Immune Response Mediated By Antimicrobial Peptide (GO:0061844),3/65,0.0273538141573354,0.2602302389353857,0,0,4.848043229081382,17.447619395780233,DEFB1;GAPDH;KRT6A
GO_Biological_Process_2023,Negative Regulation Of Interleukin-1 Beta Production (GO:0032691),2/26,0.0276271829006745,0.2602302389353857,0,0,8.323232323232324,29.871707121892776,SERPINB1;GSTP1
GO_Biological_Process_2023,Antigen Processing And Presentation Of Exogenous Peptide Antigen Via MHC Class II (GO:0019886),2/26,0.0276271829006745,0.2602302389353857,0,0,8.323232323232324,29.871707121892776,HLA-DRA;CTSD
GO_Biological_Process_2023,Regulation Of Potassium Ion Transmembrane Transporter Activity (GO:1901016),2/26,0.0276271829006745,0.2602302389353857,0,0,8.323232323232324,29.871707121892776,ATP1B3;ATP1B1
GO_Biological_Process_2023,Clathrin-Dependent Endocytosis (GO:0072583),2/27,0.0296442334084981,0.2726335796939046,0,0,7.98989898989899,28.11236101024157,CLTB;AP2S1
GO_Biological_Process_2023,Positive Regulation Of Calcium Ion Transmembrane Transporter Activity (GO:1901021),2/27,0.0296442334084981,0.2726335796939046,0,0,7.98989898989899,28.11236101024157,ATP1B1;CALM2
GO_Biological_Process_2023,Positive Regulation Of Response To Wounding (GO:1903036),2/27,0.0296442334084981,0.2726335796939046,0,0,7.98989898989899,28.11236101024157,CLDN4;ANXA1
GO_Biological_Process_2023,Positive Regulation Of Protein Serine/Threonine Kinase Activity (GO:0071902),4/117,0.0300246964217091,0.2739753548480956,0,0,3.555535488531696,12.46476528381739,CIB1;CD24;TPD52L1;CALM2
GO_Biological_Process_2023,Skin Development (GO:0043588),3/68,0.0307146647785553,0.2771162776523287,0,0,4.623584537290121,16.10401456697529,SCEL;ANXA1;KRT16
GO_Biological_Process_2023,Ribonucleoprotein Complex Biogenesis (GO:0022613),4/118,0.0308434213140434,0.2771162776523287,0,0,3.524167561761547,12.259986178472978,RPS14;RPS5;RPS6;RPL7
GO_Biological_Process_2023,Antigen Processing And Presentation Of Peptide Antigen Via MHC Class II (GO:0002495),2/28,0.0317180982356202,0.2806571116606399,0,0,7.682206682206682,26.51027997028578,HLA-DRA;CTSD
GO_Biological_Process_2023,Protein Insertion Into Mitochondrial Membrane (GO:0051204),2/28,0.0317180982356202,0.2806571116606399,0,0,7.682206682206682,26.51027997028578,NDUFA13;HSP90AA1
GO_Biological_Process_2023,Cardiac Muscle Cell Action Potential (GO:0086001),2/29,0.0338474516440146,0.2928431371867338,0,0,7.397306397306397,25.046477343523872,ATP1A1;ATP1B1
GO_Biological_Process_2023,Vacuolar Acidification (GO:0007035),2/29,0.0338474516440146,0.2928431371867338,0,0,7.397306397306397,25.046477343523872,ATP6V0B;ATP6V1B1
GO_Biological_Process_2023,Morphogenesis Of An Epithelium (GO:0002009),2/29,0.0338474516440146,0.2928431371867338,0,0,7.397306397306397,25.046477343523872,KRT16;KRT6A
GO_Biological_Process_2023,Cell-Cell Junction Assembly (GO:0007043),3/71,0.0342825169101805,0.2944263216991974,0,0,4.418931024186325,14.905583581524706,GJB2;GJB6;CD9
GO_Biological_Process_2023,Negative Regulation Of Interleukin-1 Production (GO:0032692),2/30,0.0360309884965366,0.2984704642763788,0,0,7.132756132756133,23.70482996930019,SERPINB1;GSTP1
GO_Biological_Process_2023,Immunoglobulin Mediated Immune Response (GO:0016064),2/30,0.0360309884965366,0.2984704642763788,0,0,7.132756132756133,23.70482996930019,CD74;HLA-DRA
GO_Biological_Process_2023,Prostaglandin Metabolic Process (GO:0006693),2/30,0.0360309884965366,0.2984704642763788,0,0,7.132756132756133,23.70482996930019,CD74;GSTP1
GO_Biological_Process_2023,Regulation Of Cell Migration Involved In Sprouting Angiogenesis (GO:0090049),2/30,0.0360309884965366,0.2984704642763788,0,0,7.132756132756133,23.70482996930019,ANXA1;CIB1
GO_Biological_Process_2023,Negative Regulation Of Growth (GO:0045926),4/124,0.0360311091292546,0.2984704642763788,0,0,3.346938775510204,11.123124524025986,NDUFA13;MT1X;CCN3;ENO1
GO_Biological_Process_2023,Monocarboxylic Acid Transport (GO:0015718),3/73,0.0367752254746638,0.3024891785521648,0,0,4.292240754169688,14.17697453700434,CRABP2;FABP5;ACSL1
GO_Biological_Process_2023,Antigen Processing And Presentation Of Exogenous Peptide Antigen (GO:0002478),2/31,0.0382674239788824,0.3125618965547877,0,0,6.886450714036921,22.47156498788087,HLA-DRA;CTSD
GO_Biological_Process_2023,Intracellular pH Reduction (GO:0051452),2/32,0.0405554933220173,0.3149162938960443,0,0,6.656565656565657,21.334852328849312,ATP6V0B;ATP6V1B1
GO_Biological_Process_2023,Intracellular Monoatomic Cation Homeostasis (GO:0030003),5/190,0.0424175201309745,0.3149162938960443,0,0,2.7186417186417184,8.591434680444932,ATP6V1G1;SCNN1B;ATP1B3;ATP1A1;ATP1B1
GO_Biological_Process_2023,Regulation Of Protein Polymerization (GO:0032271),2/33,0.0428939515536669,0.3149162938960443,0,0,6.4415118931247966,20.28447846195992,HSP90AA1;TPPP3
GO_Biological_Process_2023,Positive Regulation Of Ion Transmembrane Transporter Activity (GO:0032414),2/33,0.0428939515536669,0.3149162938960443,0,0,6.4415118931247966,20.28447846195992,ATP1B3;ATP1B1
GO_Biological_Process_2023,Long-Chain Fatty Acid Metabolic Process (GO:0001676),3/78,0.0434016299293596,0.3149162938960443,0,0,4.00507614213198,12.564958299367063,GPX4;ACSL1;GSTP1
GO_Biological_Process_2023,Positive Regulation Of Catabolic Process (GO:0009896),3/79,0.044793779119631,0.3149162938960443,0,0,3.952177397809244,12.274222046062532,NDUFA13;HSP90AA1;OAZ1
GO_Biological_Process_2023,Response To Estrogen (GO:0043627),2/34,0.0452815731960364,0.3149162938960443,0,0,6.23989898989899,19.311583224616665,KRT19;CD24
GO_Biological_Process_2023,Positive Regulation Of Organelle Organization (GO:0010638),2/34,0.0452815731960364,0.3149162938960443,0,0,6.23989898989899,19.311583224616665,ANXA1;ANXA2
GO_Biological_Process_2023,Positive Regulation Of Substrate Adhesion-Dependent Cell Spreading (GO:1900026),2/35,0.0477171520360592,0.3149162938960443,0,0,6.05050505050505,18.408446001894514,CIB1;P4HB
GO_Biological_Process_2023,Regulation Of Cardiac Muscle Contraction (GO:0055117),2/35,0.0477171520360592,0.3149162938960443,0,0,6.05050505050505,18.408446001894514,ATP1B1;CALM2
GO_Biological_Process_2023,GDP-mannose Metabolic Process (GO:0019673),1/5,0.049014519870416,0.3149162938960443,0,0,24.86934673366834,74.99696447567176,GMDS
GO_Biological_Process_2023,His-Purkinje System Development (GO:0003164),1/5,0.049014519870416,0.3149162938960443,0,0,24.86934673366834,74.99696447567176,HOPX
GO_Biological_Process_2023,Negative Regulation Of Morphogenesis Of An Epithelium (GO:1905331),1/5,0.049014519870416,0.3149162938960443,0,0,24.86934673366834,74.99696447567176,TACSTD2
GO_Biological_Process_2023,acetyl-CoA Biosynthetic Process From Pyruvate (GO:0006086),1/5,0.049014519870416,0.3149162938960443,0,0,24.86934673366834,74.99696447567176,PDHA1
GO_Biological_Process_2023,Ammonium Homeostasis (GO:0097272),1/5,0.049014519870416,0.3149162938960443,0,0,24.86934673366834,74.99696447567176,RHCG
GO_Biological_Process_2023,Neutrophil Degranulation (GO:0043312),1/5,0.049014519870416,0.3149162938960443,0,0,24.86934673366834,74.99696447567176,VAMP8
GO_Biological_Process_2023,Regulation Of Plasma Membrane Repair (GO:1905684),1/5,0.049014519870416,0.3149162938960443,0,0,24.86934673366834,74.99696447567176,ANXA2
GO_Biological_Process_2023,"Pentose-Phosphate Shunt, Non-Oxidative Branch (GO:0009052)",1/5,0.049014519870416,0.3149162938960443,0,0,24.86934673366834,74.99696447567176,TALDO1
GO_Biological_Process_2023,"Positive Regulation Of CD4-positive, CD25-positive, Alpha-Beta Regulatory T Cell Differentiation (GO:0032831)",1/5,0.049014519870416,0.3149162938960443,0,0,24.86934673366834,74.99696447567176,HLA-DRA
GO_Biological_Process_2023,Regulation Of Type 2 Immune Response (GO:0002828),1/5,0.049014519870416,0.3149162938960443,0,0,24.86934673366834,74.99696447567176,CD74
GO_Biological_Process_2023,Renal Filtration Cell Differentiation (GO:0061318),1/5,0.049014519870416,0.3149162938960443,0,0,24.86934673366834,74.99696447567176,CD24
GO_Biological_Process_2023,"Establishment Of Mitochondrion Localization, Microtubule-Mediated (GO:0034643)",1/5,0.049014519870416,0.3149162938960443,0,0,24.86934673366834,74.99696447567176,UBB
GO_Biological_Process_2023,Positive Regulation Of Intrinsic Apoptotic Signaling Pathway By P53 Class Mediator (GO:1902255),1/5,0.049014519870416,0.3149162938960443,0,0,24.86934673366834,74.99696447567176,UBB
GO_Biological_Process_2023,Glomerular Epithelial Cell Differentiation (GO:0072311),1/5,0.049014519870416,0.3149162938960443,0,0,24.86934673366834,74.99696447567176,CD24
GO_Biological_Process_2023,Insulin Processing (GO:0030070),1/5,0.049014519870416,0.3149162938960443,0,0,24.86934673366834,74.99696447567176,P4HB
GO_Biological_Process_2023,Positive Regulation Of Tau-Protein Kinase Activity (GO:1902949),1/5,0.049014519870416,0.3149162938960443,0,0,24.86934673366834,74.99696447567176,HSP90AA1
GO_Biological_Process_2023,Lipoprotein Metabolic Process (GO:0042157),1/5,0.049014519870416,0.3149162938960443,0,0,24.86934673366834,74.99696447567176,CTSD
GO_Biological_Process_2023,Proline Metabolic Process (GO:0006560),1/5,0.049014519870416,0.3149162938960443,0,0,24.86934673366834,74.99696447567176,AOC1
GO_Biological_Process_2023,Proton-Transporting V-type ATPase Complex Assembly (GO:0070070),1/5,0.049014519870416,0.3149162938960443,0,0,24.86934673366834,74.99696447567176,ATP6V1B1
GO_Biological_Process_2023,Mitochondrial Translational Elongation (GO:0070125),1/5,0.049014519870416,0.3149162938960443,0,0,24.86934673366834,74.99696447567176,TUFM
GO_Biological_Process_2023,Regulation Of T Cell Activation Via T Cell Receptor Contact With Antigen Bound To MHC Molecule On Antigen Presenting Cell (GO:2001188),1/5,0.049014519870416,0.3149162938960443,0,0,24.86934673366834,74.99696447567176,LGALS3
GO_Biological_Process_2023,Negative Regulation Of Cellular Response To Hypoxia (GO:1900038),1/5,0.049014519870416,0.3149162938960443,0,0,24.86934673366834,74.99696447567176,ENO1
GO_Biological_Process_2023,Regulation Of Receptor Internalization (GO:0002090),2/36,0.0501995008461569,0.3149162938960443,0,0,5.872251931075461,17.568310863627904,ANXA2;RSPO1
GO_Biological_Process_2023,Regulation Of Interleukin-1 Beta Production (GO:0032651),3/84,0.0520826238943719,0.3149162938960443,0,0,3.707275803722504,10.954717877625804,SERPINB1;GSTP1;HSPB1
GO_Biological_Process_2023,Ribosomal Small Subunit Biogenesis (GO:0042274),3/84,0.0520826238943719,0.3149162938960443,0,0,3.707275803722504,10.954717877625804,RPS14;RPS5;RPS6
GO_Biological_Process_2023,Positive Regulation Of Cell Population Proliferation (GO:0008284),9/483,0.0543734821239748,0.3149162938960443,0,0,1.921200874809464,5.594303915239615,CD74;RAB25;CEACAM6;EPCAM;RPS6;CIB1;SLC25A5;AREG;KRT6A
GO_Biological_Process_2023,Defense Response To Bacterium (GO:0042742),5/204,0.0544705711947349,0.3149162938960443,0,0,2.525576600953485,7.349667083989915,SLPI;ANXA3;DEFB1;WFDC3;KRT6A
GO_Biological_Process_2023,Membrane Assembly (GO:0071709),2/38,0.0552998529270401,0.3149162938960443,0,0,5.545454545454546,16.054007893661755,ANXA2;DMKN
GO_Biological_Process_2023,Positive Regulation Of Cell Migration (GO:0030335),6/272,0.0561466333266726,0.3149162938960443,0,0,2.271219285326719,6.540631310952897,CLDN4;MMP7;RAB25;CEACAM6;CIB1;S100A11
GO_Biological_Process_2023,Negative Regulation Of Protein Secretion (GO:0050709),2/39,0.0579155744332589,0.3149162938960443,0,0,5.395304395304395,15.369975594462096,CCN3;FAM3D
GO_Biological_Process_2023,Negative Regulation Of Transport (GO:0051051),2/39,0.0579155744332589,0.3149162938960443,0,0,5.395304395304395,15.369975594462096,LGALS3;CRYAB
GO_Biological_Process_2023,Positive Regulation Of ATP-dependent Activity (GO:0032781),2/39,0.0579155744332589,0.3149162938960443,0,0,5.395304395304395,15.369975594462096,ATP1B3;ATP1B1
GO_Biological_Process_2023,Regulation Of Cellular Response To Hypoxia (GO:1900037),1/6,0.0585267307609904,0.3149162938960443,0,0,19.894472361809044,56.46591775214154,CHCHD2
GO_Biological_Process_2023,Regulation Of Entry Of Bacterium Into Host Cell (GO:2000535),1/6,0.0585267307609904,0.3149162938960443,0,0,19.894472361809044,56.46591775214154,KRT6A
GO_Biological_Process_2023,Regulation Of Histamine Secretion By Mast Cell (GO:1903593),1/6,0.0585267307609904,0.3149162938960443,0,0,19.894472361809044,56.46591775214154,VAMP8
GO_Biological_Process_2023,Negative Regulation Of Ruffle Assembly (GO:1900028),1/6,0.0585267307609904,0.3149162938960443,0,0,19.894472361809044,56.46591775214154,TACSTD2
GO_Biological_Process_2023,Negative Regulation Of Smooth Muscle Cell Apoptotic Process (GO:0034392),1/6,0.0585267307609904,0.3149162938960443,0,0,19.894472361809044,56.46591775214154,LYPD3
GO_Biological_Process_2023,Aldehyde Biosynthetic Process (GO:0046184),1/6,0.0585267307609904,0.3149162938960443,0,0,19.894472361809044,56.46591775214154,TPI1
GO_Biological_Process_2023,Negative Regulation Of Stress-Activated Protein Kinase Signaling Cascade (GO:0070303),1/6,0.0585267307609904,0.3149162938960443,0,0,19.894472361809044,56.46591775214154,GSTP1
GO_Biological_Process_2023,Regulation Of Metallopeptidase Activity (GO:1905048),1/6,0.0585267307609904,0.3149162938960443,0,0,19.894472361809044,56.46591775214154,CLDN4
GO_Biological_Process_2023,Autophagosome Membrane Docking (GO:0016240),1/6,0.0585267307609904,0.3149162938960443,0,0,19.894472361809044,56.46591775214154,VAMP8
GO_Biological_Process_2023,Regulation Of Phospholipid Transport (GO:2001138),1/6,0.0585267307609904,0.3149162938960443,0,0,19.894472361809044,56.46591775214154,TSPO
GO_Biological_Process_2023,Regulation Of Prostaglandin Biosynthetic Process (GO:0031392),1/6,0.0585267307609904,0.3149162938960443,0,0,19.894472361809044,56.46591775214154,CD74
GO_Biological_Process_2023,Polyamine Biosynthetic Process (GO:0006596),1/6,0.0585267307609904,0.3149162938960443,0,0,19.894472361809044,56.46591775214154,SAT1
GO_Biological_Process_2023,Response To Increased Oxygen Levels (GO:0036296),1/6,0.0585267307609904,0.3149162938960443,0,0,19.894472361809044,56.46591775214154,ATP6V1G1
GO_Biological_Process_2023,Smooth Muscle Cell Migration (GO:0014909),1/6,0.0585267307609904,0.3149162938960443,0,0,19.894472361809044,56.46591775214154,CCN3
GO_Biological_Process_2023,Excitatory Chemical Synaptic Transmission (GO:0098976),1/6,0.0585267307609904,0.3149162938960443,0,0,19.894472361809044,56.46591775214154,PDLIM4
GO_Biological_Process_2023,Positive Regulation Of Mitophagy (GO:1901526),1/6,0.0585267307609904,0.3149162938960443,0,0,19.894472361809044,56.46591775214154,SLC25A5
GO_Biological_Process_2023,Intracellular Triglyceride Homeostasis (GO:0035356),1/6,0.0585267307609904,0.3149162938960443,0,0,19.894472361809044,56.46591775214154,DGAT2
GO_Biological_Process_2023,Monoacylglycerol Biosynthetic Process (GO:0006640),1/6,0.0585267307609904,0.3149162938960443,0,0,19.894472361809044,56.46591775214154,DGAT2
GO_Biological_Process_2023,Regulation Of T-helper Cell Differentiation (GO:0045622),1/6,0.0585267307609904,0.3149162938960443,0,0,19.894472361809044,56.46591775214154,HLA-DRA
GO_Biological_Process_2023,Negative Regulation Of Acute Inflammatory Response (GO:0002674),1/6,0.0585267307609904,0.3149162938960443,0,0,19.894472361809044,56.46591775214154,GSTP1
GO_Biological_Process_2023,Sodium Ion Transport (GO:0006814),3/89,0.0599063264776533,0.3149162938960443,0,0,3.490851139180734,9.82665226973149,SCNN1B;ATP1B3;ATP1B1
GO_Biological_Process_2023,Regulation Of Cytokine-Mediated Signaling Pathway (GO:0001959),2/40,0.0605735018773766,0.3149162938960443,0,0,5.253056884635832,14.729034349424168,CD74;CD24
GO_Biological_Process_2023,Negative Regulation Of Secretion By Cell (GO:1903531),2/40,0.0605735018773766,0.3149162938960443,0,0,5.253056884635832,14.729034349424168,VAMP8;ANXA1
GO_Biological_Process_2023,Endothelial Cell Migration (GO:0043542),2/40,0.0605735018773766,0.3149162938960443,0,0,5.253056884635832,14.729034349424168,CCN3;S100P
GO_Biological_Process_2023,Positive Regulation Of Wound Healing (GO:0090303),2/40,0.0605735018773766,0.3149162938960443,0,0,5.253056884635832,14.729034349424168,CLDN4;ANXA1
GO_Biological_Process_2023,Negative Regulation Of Cell-Cell Adhesion (GO:0022408),2/40,0.0605735018773766,0.3149162938960443,0,0,5.253056884635832,14.729034349424168,EPCAM;SPINT2
GO_Biological_Process_2023,Negative Regulation Of Protein Phosphorylation (GO:0001933),4/149,0.0627473419326677,0.3149162938960443,0,0,2.7663617171006334,7.659057108220177,GSTP1;HSPB1;CIB1;CALM2
GO_Biological_Process_2023,Positive Regulation Of Protein Catabolic Process (GO:0045732),3/92,0.0648498030509546,0.3149162938960443,0,0,3.3726686819141047,9.226546999073705,NDUFA13;HSP90AA1;OAZ1
GO_Biological_Process_2023,Translational Elongation (GO:0006414),2/42,0.0660116079502312,0.3149162938960443,0,0,4.98989898989899,13.5621695873434,EEF1A1;TUFM
GO_Biological_Process_2023,ADP Transport (GO:0015866),1/7,0.0679442688885301,0.3149162938960443,0,0,16.57788944723618,44.57906348265406,SLC25A5
GO_Biological_Process_2023,Regulation Of Chaperone-Mediated Autophagy (GO:1904714),1/7,0.0679442688885301,0.3149162938960443,0,0,16.57788944723618,44.57906348265406,EEF1A1
GO_Biological_Process_2023,Regulation Of Cyclic-Nucleotide Phosphodiesterase Activity (GO:0051342),1/7,0.0679442688885301,0.3149162938960443,0,0,16.57788944723618,44.57906348265406,CALM2
GO_Biological_Process_2023,Negative Regulation Of Intracellular Transport (GO:0032387),1/7,0.0679442688885301,0.3149162938960443,0,0,16.57788944723618,44.57906348265406,CRYAB
GO_Biological_Process_2023,Negative Regulation Of Leukocyte Proliferation (GO:0070664),1/7,0.0679442688885301,0.3149162938960443,0,0,16.57788944723618,44.57906348265406,GSTP1
GO_Biological_Process_2023,NADH Metabolic Process (GO:0006734),1/7,0.0679442688885301,0.3149162938960443,0,0,16.57788944723618,44.57906348265406,MDH1
GO_Biological_Process_2023,Negative Regulation Of Phospholipase Activity (GO:0010519),1/7,0.0679442688885301,0.3149162938960443,0,0,16.57788944723618,44.57906348265406,ANXA1
GO_Biological_Process_2023,Regulation Of Leukocyte Proliferation (GO:0070663),1/7,0.0679442688885301,0.3149162938960443,0,0,16.57788944723618,44.57906348265406,GSTP1
GO_Biological_Process_2023,Regulation Of Lymphocyte Apoptotic Process (GO:0070228),1/7,0.0679442688885301,0.3149162938960443,0,0,16.57788944723618,44.57906348265406,LGALS3
GO_Biological_Process_2023,Amine Transport (GO:0015837),1/7,0.0679442688885301,0.3149162938960443,0,0,16.57788944723618,44.57906348265406,RHCG
GO_Biological_Process_2023,Anterograde Axonal Protein Transport (GO:0099641),1/7,0.0679442688885301,0.3149162938960443,0,0,16.57788944723618,44.57906348265406,HSPB1
GO_Biological_Process_2023,Regulation Of Mitophagy (GO:1901524),1/7,0.0679442688885301,0.3149162938960443,0,0,16.57788944723618,44.57906348265406,SLC25A5
GO_Biological_Process_2023,Axo-Dendritic Protein Transport (GO:0099640),1/7,0.0679442688885301,0.3149162938960443,0,0,16.57788944723618,44.57906348265406,HSPB1
GO_Biological_Process_2023,Regulation Of Oxidative Stress-Induced Cell Death (GO:1903201),1/7,0.0679442688885301,0.3149162938960443,0,0,16.57788944723618,44.57906348265406,P4HB
GO_Biological_Process_2023,Regulation Of Phospholipase A2 Activity (GO:0032429),1/7,0.0679442688885301,0.3149162938960443,0,0,16.57788944723618,44.57906348265406,ANXA1
GO_Biological_Process_2023,Peptidyl-Proline Hydroxylation To 4-hydroxy-L-proline (GO:0018401),1/7,0.0679442688885301,0.3149162938960443,0,0,16.57788944723618,44.57906348265406,P4HB
GO_Biological_Process_2023,"Positive Regulation Of CD4-positive, Alpha-Beta T Cell Differentiation (GO:0043372)",1/7,0.0679442688885301,0.3149162938960443,0,0,16.57788944723618,44.57906348265406,HLA-DRA
GO_Biological_Process_2023,Positive Regulation Of CoA-transferase Activity (GO:1905920),1/7,0.0679442688885301,0.3149162938960443,0,0,16.57788944723618,44.57906348265406,TSPO
GO_Biological_Process_2023,Positive Regulation Of Calcium Ion Import (GO:0090280),1/7,0.0679442688885301,0.3149162938960443,0,0,16.57788944723618,44.57906348265406,LGALS3
GO_Biological_Process_2023,Positive Regulation Of Cell Migration By Vascular Endothelial Growth Factor Signaling Pathway (GO:0038089),1/7,0.0679442688885301,0.3149162938960443,0,0,16.57788944723618,44.57906348265406,HSPB1
GO_Biological_Process_2023,Diacylglycerol Biosynthetic Process (GO:0006651),1/7,0.0679442688885301,0.3149162938960443,0,0,16.57788944723618,44.57906348265406,DGAT2
GO_Biological_Process_2023,Sinoatrial Node Development (GO:0003163),1/7,0.0679442688885301,0.3149162938960443,0,0,16.57788944723618,44.57906348265406,GJB6
GO_Biological_Process_2023,Spermidine Metabolic Process (GO:0008216),1/7,0.0679442688885301,0.3149162938960443,0,0,16.57788944723618,44.57906348265406,SAT1
GO_Biological_Process_2023,Positive Regulation Of Leukocyte Differentiation (GO:1902107),1/7,0.0679442688885301,0.3149162938960443,0,0,16.57788944723618,44.57906348265406,LGALS3
GO_Biological_Process_2023,Glucocorticoid Metabolic Process (GO:0008211),1/7,0.0679442688885301,0.3149162938960443,0,0,16.57788944723618,44.57906348265406,HSD11B2
GO_Biological_Process_2023,Positive Regulation Of Myeloid Cell Apoptotic Process (GO:0033034),1/7,0.0679442688885301,0.3149162938960443,0,0,16.57788944723618,44.57906348265406,ANXA1
GO_Biological_Process_2023,Hepoxilin Biosynthetic Process (GO:0051122),1/7,0.0679442688885301,0.3149162938960443,0,0,16.57788944723618,44.57906348265406,GSTP1
GO_Biological_Process_2023,Hepoxilin Metabolic Process (GO:0051121),1/7,0.0679442688885301,0.3149162938960443,0,0,16.57788944723618,44.57906348265406,GSTP1
GO_Biological_Process_2023,Positive Regulation Of Plasminogen Activation (GO:0010756),1/7,0.0679442688885301,0.3149162938960443,0,0,16.57788944723618,44.57906348265406,ENO1
GO_Biological_Process_2023,Positive Regulation Of Ryanodine-Sensitive Calcium-Release Channel Activity (GO:0060316),1/7,0.0679442688885301,0.3149162938960443,0,0,16.57788944723618,44.57906348265406,CALM2
GO_Biological_Process_2023,Intermediate Filament Bundle Assembly (GO:0045110),1/7,0.0679442688885301,0.3149162938960443,0,0,16.57788944723618,44.57906348265406,KRT14
GO_Biological_Process_2023,Lipoxygenase Pathway (GO:0019372),1/7,0.0679442688885301,0.3149162938960443,0,0,16.57788944723618,44.57906348265406,GPX4
GO_Biological_Process_2023,Protein Localization To Presynapse (GO:1905383),1/7,0.0679442688885301,0.3149162938960443,0,0,16.57788944723618,44.57906348265406,HSPB1
GO_Biological_Process_2023,Mitochondrial Outer Membrane Permeabilization (GO:0097345),1/7,0.0679442688885301,0.3149162938960443,0,0,16.57788944723618,44.57906348265406,VDAC2
GO_Biological_Process_2023,Purine Nucleotide Catabolic Process (GO:0006195),1/7,0.0679442688885301,0.3149162938960443,0,0,16.57788944723618,44.57906348265406,HINT1
GO_Biological_Process_2023,"Regulation Of CD4-positive, Alpha-Beta T Cell Activation (GO:2000514)",1/7,0.0679442688885301,0.3149162938960443,0,0,16.57788944723618,44.57906348265406,HLA-DRA
GO_Biological_Process_2023,Regulation Of CoA-transferase Activity (GO:1905918),1/7,0.0679442688885301,0.3149162938960443,0,0,16.57788944723618,44.57906348265406,TSPO
GO_Biological_Process_2023,Myoblast Migration (GO:0051451),1/7,0.0679442688885301,0.3149162938960443,0,0,16.57788944723618,44.57906348265406,ANXA1
GO_Biological_Process_2023,Positive Regulation Of Cell-Matrix Adhesion (GO:0001954),2/43,0.0687896467784887,0.3175743376967386,0,0,4.867947770386794,13.030045670347697,CEACAM6;CIB1
GO_Biological_Process_2023,Cellular Response To Growth Factor Stimulus (GO:0071363),4/155,0.0703673025895698,0.3223098408808533,0,0,2.655629139072848,7.0481103099362015,EEF1A1;ANXA1;HSPB1;CIB1
GO_Biological_Process_2023,Ribosome Biogenesis (GO:0042254),4/155,0.0703673025895698,0.3223098408808533,0,0,2.655629139072848,7.0481103099362015,RPS14;RPS5;RPS6;RPL7
GO_Biological_Process_2023,Regulation Of Cell Migration (GO:0030334),8/434,0.0708101446402427,0.3230712849211077,0,0,1.8949530516431925,5.017367632402714,CD74;CLDN4;ANXA1;MMP7;CEACAM6;KRT16;CIB1;SLURP1
GO_Biological_Process_2023,Regulation Of Viral Entry Into Host Cell (GO:0046596),2/44,0.0716056114889121,0.3241680396087187,0,0,4.751803751803752,12.52851945708889,CD74;P4HB
GO_Biological_Process_2023,Response To Unfolded Protein (GO:0006986),2/44,0.0716056114889121,0.3241680396087187,0,0,4.751803751803752,12.52851945708889,HSP90AA1;HSPB1
GO_Biological_Process_2023,Zymogen Activation (GO:0031638),2/45,0.0744584746361064,0.3248582287938975,0,0,4.641061780596664,12.055221541075596,KLK1;PERP
GO_Biological_Process_2023,Negative Regulation Of Macromolecule Biosynthetic Process (GO:0010558),3/98,0.0752775128137596,0.3248582287938975,0,0,3.158696232968208,8.170200992229566,GSTP1;TSPO;GAPDH
GO_Biological_Process_2023,Positive Regulation Of Cold-Induced Thermogenesis (GO:0120162),3/98,0.0752775128137596,0.3248582287938975,0,0,3.158696232968208,8.170200992229566,FABP5;ACSL1;DECR1
GO_Biological_Process_2023,Positive Regulation Of Protein-Containing Complex Assembly (GO:0031334),3/98,0.0752775128137596,0.3248582287938975,0,0,3.158696232968208,8.170200992229566,LGALS3;HSP90AA1;TPPP3
GO_Biological_Process_2023,Positive Regulation Of Cellular Process (GO:0048522),10/594,0.0757584583550499,0.3248582287938975,0,0,1.7317952415284787,4.4683870518062125,RAB25;CEACAM6;EPCAM;RPS6;CIB1;P4HB;SLC25A5;AREG;H3-3A;KRT6A
GO_Biological_Process_2023,Positive Regulation Of Protein Modification Process (GO:0031401),5/225,0.0759067230347123,0.3248582287938975,0,0,2.282051282051282,5.883698765805317,CD74;HSP90AA1;CIB1;RSPO1;CALM2
GO_Biological_Process_2023,Cdc42 Protein Signal Transduction (GO:0032488),1/8,0.0772680713380291,0.3248582287938975,0,0,14.208901651112706,36.38152974515558,RHOV
GO_Biological_Process_2023,Negative Regulation Of Platelet Aggregation (GO:0090331),1/8,0.0772680713380291,0.3248582287938975,0,0,14.208901651112706,36.38152974515558,CD9
GO_Biological_Process_2023,Regulation Of Intrinsic Apoptotic Signaling Pathway By P53 Class Mediator (GO:1902253),1/8,0.0772680713380291,0.3248582287938975,0,0,14.208901651112706,36.38152974515558,UBB
GO_Biological_Process_2023,Sensory Perception Of Sour Taste (GO:0050915),1/8,0.0772680713380291,0.3248582287938975,0,0,14.208901651112706,36.38152974515558,SCNN1B
GO_Biological_Process_2023,Positive Regulation Of Mast Cell Degranulation (GO:0043306),1/8,0.0772680713380291,0.3248582287938975,0,0,14.208901651112706,36.38152974515558,VAMP8
GO_Biological_Process_2023,Positive Regulation Of Memory T Cell Differentiation (GO:0043382),1/8,0.0772680713380291,0.3248582287938975,0,0,14.208901651112706,36.38152974515558,HLA-DRA
GO_Biological_Process_2023,Positive Regulation Of Mitochondrial Membrane Permeability Involved In Apoptotic Process (GO:1902110),1/8,0.0772680713380291,0.3248582287938975,0,0,14.208901651112706,36.38152974515558,VDAC2
GO_Biological_Process_2023,Tricarboxylic Acid Metabolic Process (GO:0072350),1/8,0.0772680713380291,0.3248582287938975,0,0,14.208901651112706,36.38152974515558,IDH2
GO_Biological_Process_2023,Interleukin-12-Mediated Signaling Pathway (GO:0035722),1/8,0.0772680713380291,0.3248582287938975,0,0,14.208901651112706,36.38152974515558,P4HB
GO_Biological_Process_2023,Modification-Dependent Macromolecule Catabolic Process (GO:0043632),1/8,0.0772680713380291,0.3248582287938975,0,0,14.208901651112706,36.38152974515558,UBB
GO_Biological_Process_2023,Regulation Of Fibroblast Proliferation (GO:0048145),2/46,0.0773472253700272,0.3248582287938975,0,0,4.535353535353536,11.608013208044897,CD74;GSTP1
GO_Biological_Process_2023,Epithelial Cell Migration (GO:0010631),2/46,0.0773472253700272,0.3248582287938975,0,0,4.535353535353536,11.608013208044897,KRT16;S100P
GO_Biological_Process_2023,Regulation Of Cell Growth (GO:0001558),5/227,0.078156344000714,0.3248582287938975,0,0,2.2612612612612613,5.764054559391052,NDUFA13;CCN3;CIB1;ENO1;H3-3A
GO_Biological_Process_2023,Mitochondrion Organization (GO:0007005),4/162,0.0798287777328656,0.3248582287938975,0,0,2.5370705244122966,6.413387552426678,CHCHD2;CHCHD10;TSPO;COX7A2
GO_Biological_Process_2023,Regulation Of Wound Healing (GO:0061041),2/47,0.0802708691611082,0.3248582287938975,0,0,4.434343434343434,11.184959505346583,CLDN4;ANXA1
GO_Biological_Process_2023,rRNA Processing (GO:0006364),3/101,0.0807525150526315,0.3248582287938975,0,0,3.0615352740080803,7.703943795454915,RPS14;RPS6;RPL7
GO_Biological_Process_2023,Negative Regulation Of Cell Migration (GO:0030336),4/163,0.081229738345964,0.3248582287938975,0,0,2.520985752791683,6.328868841567284,CD74;KRT16;TACSTD2;SLURP1
GO_Biological_Process_2023,Negative Regulation Of Intracellular Signal Transduction (GO:1902532),5/231,0.0827624518343387,0.3248582287938975,0,0,2.2207851145904245,5.533709711029654,NDUFA13;GSTP1;PEBP1;CCN3;CIB1
GO_Biological_Process_2023,Regulation Of Intrinsic Apoptotic Signaling Pathway (GO:2001242),2/48,0.0832284276217124,0.3248582287938975,0,0,4.337725076855512,10.784305954054672,NDUFA13;P4HB
GO_Biological_Process_2023,Positive Regulation Of Reactive Oxygen Species Metabolic Process (GO:2000379),2/48,0.0832284276217124,0.3248582287938975,0,0,4.337725076855512,10.784305954054672,GSTP1;DCXR
GO_Biological_Process_2023,Myelination (GO:0042552),2/48,0.0832284276217124,0.3248582287938975,0,0,4.337725076855512,10.784305954054672,PLLP;MAL
GO_Biological_Process_2023,Regulation Of Cell Population Proliferation (GO:0042127),12/766,0.0838059395459611,0.3248582287938975,0,0,1.6123370393363057,3.997388856192048,AZGP1;RAB25;CEACAM6;EPCAM;RPS6;TSPO;CIB1;SLC25A5;AREG;S100A11;SLURP1;KRT6A
GO_Biological_Process_2023,Erythrocyte Differentiation (GO:0030218),2/49,0.0862189382580095,0.3248582287938975,0,0,4.24521813883516,10.404458354124063,RPS14;SLC25A5
GO_Biological_Process_2023,Unsaturated Fatty Acid Metabolic Process (GO:0033559),2/49,0.0862189382580095,0.3248582287938975,0,0,4.24521813883516,10.404458354124063,GPX4;GSTP1
GO_Biological_Process_2023,Golgi Lumen Acidification (GO:0061795),1/9,0.0864990660572792,0.3248582287938975,0,0,12.4321608040201,30.429226090981548,ATP6V0B
GO_Biological_Process_2023,Negative Regulation Of Muscle Cell Apoptotic Process (GO:0010656),1/9,0.0864990660572792,0.3248582287938975,0,0,12.4321608040201,30.429226090981548,LYPD3
GO_Biological_Process_2023,SNARE Complex Assembly (GO:0035493),1/9,0.0864990660572792,0.3248582287938975,0,0,12.4321608040201,30.429226090981548,VAMP8
GO_Biological_Process_2023,Regulation Of Memory T Cell Differentiation (GO:0043380),1/9,0.0864990660572792,0.3248582287938975,0,0,12.4321608040201,30.429226090981548,HLA-DRA
GO_Biological_Process_2023,Apical Protein Localization (GO:0045176),1/9,0.0864990660572792,0.3248582287938975,0,0,12.4321608040201,30.429226090981548,MAL
GO_Biological_Process_2023,Arachidonate Transport (GO:1903963),1/9,0.0864990660572792,0.3248582287938975,0,0,12.4321608040201,30.429226090981548,ANXA1
GO_Biological_Process_2023,Arachidonic Acid Secretion (GO:0050482),1/9,0.0864990660572792,0.3248582287938975,0,0,12.4321608040201,30.429226090981548,ANXA1
GO_Biological_Process_2023,Regulation Of Protein Lipidation (GO:1903059),1/9,0.0864990660572792,0.3248582287938975,0,0,12.4321608040201,30.429226090981548,TSPO
GO_Biological_Process_2023,Carnitine Metabolic Process (GO:0009437),1/9,0.0864990660572792,0.3248582287938975,0,0,12.4321608040201,30.429226090981548,BBOX1
GO_Biological_Process_2023,Regulation Of Tau-Protein Kinase Activity (GO:1902947),1/9,0.0864990660572792,0.3248582287938975,0,0,12.4321608040201,30.429226090981548,HSP90AA1
GO_Biological_Process_2023,Positive Regulation Of ATP Metabolic Process (GO:1903580),1/9,0.0864990660572792,0.3248582287938975,0,0,12.4321608040201,30.429226090981548,ENO1
GO_Biological_Process_2023,Cellular Response To Oxygen Levels (GO:0071453),1/9,0.0864990660572792,0.3248582287938975,0,0,12.4321608040201,30.429226090981548,ATP6V1G1
GO_Biological_Process_2023,Ectoderm Development (GO:0007398),1/9,0.0864990660572792,0.3248582287938975,0,0,12.4321608040201,30.429226090981548,KRT6B
GO_Biological_Process_2023,Serine Family Amino Acid Catabolic Process (GO:0009071),1/9,0.0864990660572792,0.3248582287938975,0,0,12.4321608040201,30.429226090981548,AOC1
GO_Biological_Process_2023,Skeletal Muscle Tissue Regeneration (GO:0043403),1/9,0.0864990660572792,0.3248582287938975,0,0,12.4321608040201,30.429226090981548,ANXA1
GO_Biological_Process_2023,Positive Regulation Of Mitochondrial Membrane Permeability (GO:0035794),1/9,0.0864990660572792,0.3248582287938975,0,0,12.4321608040201,30.429226090981548,CHCHD10
GO_Biological_Process_2023,Positive Regulation Of Monocyte Differentiation (GO:0045657),1/9,0.0864990660572792,0.3248582287938975,0,0,12.4321608040201,30.429226090981548,CD74
GO_Biological_Process_2023,Granulocyte Migration (GO:0097530),1/9,0.0864990660572792,0.3248582287938975,0,0,12.4321608040201,30.429226090981548,ANXA1
GO_Biological_Process_2023,Insulin Metabolic Process (GO:1901142),1/9,0.0864990660572792,0.3248582287938975,0,0,12.4321608040201,30.429226090981548,P4HB
GO_Biological_Process_2023,Ketone Biosynthetic Process (GO:0042181),1/9,0.0864990660572792,0.3248582287938975,0,0,12.4321608040201,30.429226090981548,TPI1
GO_Biological_Process_2023,Muscle Cell Migration (GO:0014812),1/9,0.0864990660572792,0.3248582287938975,0,0,12.4321608040201,30.429226090981548,CCN3
GO_Biological_Process_2023,Myelin Assembly (GO:0032288),1/9,0.0864990660572792,0.3248582287938975,0,0,12.4321608040201,30.429226090981548,CD9
GO_Biological_Process_2023,Negative Regulation Of Cell-Cell Adhesion Mediated By Cadherin (GO:2000048),1/9,0.0864990660572792,0.3248582287938975,0,0,12.4321608040201,30.429226090981548,EPCAM
GO_Biological_Process_2023,Regulation Of Epithelial Cell Migration (GO:0010632),2/50,0.0892414542606553,0.3295144099173225,0,0,4.156565656565657,10.043965211617904,RAB25;TACSTD2
GO_Biological_Process_2023,Positive Regulation Of Protein Localization To Cell Periphery (GO:1904377),2/51,0.0922950442929787,0.3295144099173225,0,0,4.071531642960214,9.7015024039535,LGALS3;CIB1
GO_Biological_Process_2023,Positive Regulation Of Protein Localization To Plasma Membrane (GO:1903078),2/51,0.0922950442929787,0.3295144099173225,0,0,4.071531642960214,9.7015024039535,LGALS3;CIB1
GO_Biological_Process_2023,Positive Regulation Of Metabolic Process (GO:0009893),3/108,0.0941706690966622,0.3295144099173225,0,0,2.856417693981146,6.748705308028375,FABP5;ACSL1;DECR1
GO_Biological_Process_2023,Lipid Transport (GO:0006869),3/108,0.0941706690966622,0.3295144099173225,0,0,2.856417693981146,6.748705308028375,CRABP2;FABP5;ACSL1
GO_Biological_Process_2023,Cell-Cell Adhesion Via Plasma-Membrane Adhesion Molecules (GO:0098742),4/172,0.0943786426931193,0.3295144099173225,0,0,2.3848396501457727,5.629272034406905,CLDN4;CEACAM6;CLDN8;CLDN7
GO_Biological_Process_2023,Negative Regulation Of Homotypic Cell-Cell Adhesion (GO:0034111),1/10,0.0956381720564831,0.3295144099173225,0,0,11.050251256281408,25.93696464958489,CD9
GO_Biological_Process_2023,Regulation Of Dendritic Cell Differentiation (GO:2001198),1/10,0.0956381720564831,0.3295144099173225,0,0,11.050251256281408,25.93696464958489,LGALS3
GO_Biological_Process_2023,Negative Regulation Of Mitochondrial Outer Membrane Permeabilization Involved In Apoptotic Signaling Pathway (GO:1901029),1/10,0.0956381720564831,0.3295144099173225,0,0,11.050251256281408,25.93696464958489,SLC25A5
GO_Biological_Process_2023,Actin Filament Depolymerization (GO:0030042),1/10,0.0956381720564831,0.3295144099173225,0,0,11.050251256281408,25.93696464958489,DSTN
GO_Biological_Process_2023,Ammonium Transmembrane Transport (GO:0072488),1/10,0.0956381720564831,0.3295144099173225,0,0,11.050251256281408,25.93696464958489,RHCG
GO_Biological_Process_2023,Cardiac Muscle Cell Membrane Repolarization (GO:0099622),1/10,0.0956381720564831,0.3295144099173225,0,0,11.050251256281408,25.93696464958489,ATP1B1
GO_Biological_Process_2023,Peptidyl-Proline Hydroxylation (GO:0019511),1/10,0.0956381720564831,0.3295144099173225,0,0,11.050251256281408,25.93696464958489,P4HB
GO_Biological_Process_2023,Phosphate Ion Transmembrane Transport (GO:0035435),1/10,0.0956381720564831,0.3295144099173225,0,0,11.050251256281408,25.93696464958489,SLC25A3
GO_Biological_Process_2023,Regulation Of Smooth Muscle Cell Apoptotic Process (GO:0034391),1/10,0.0956381720564831,0.3295144099173225,0,0,11.050251256281408,25.93696464958489,LYPD3
GO_Biological_Process_2023,Cellular Response To Increased Oxygen Levels (GO:0036295),1/10,0.0956381720564831,0.3295144099173225,0,0,11.050251256281408,25.93696464958489,ATP6V1G1
GO_Biological_Process_2023,Cellular Response To Interleukin-12 (GO:0071349),1/10,0.0956381720564831,0.3295144099173225,0,0,11.050251256281408,25.93696464958489,P4HB
GO_Biological_Process_2023,Removal Of Superoxide Radicals (GO:0019430),1/10,0.0956381720564831,0.3295144099173225,0,0,11.050251256281408,25.93696464958489,PRDX1
GO_Biological_Process_2023,Positive Regulation Of Autophagy Of Mitochondrion (GO:1903599),1/10,0.0956381720564831,0.3295144099173225,0,0,11.050251256281408,25.93696464958489,SLC25A5
GO_Biological_Process_2023,Positive Regulation Of Epidermal Growth Factor-Activated Receptor Activity (GO:0045741),1/10,0.0956381720564831,0.3295144099173225,0,0,11.050251256281408,25.93696464958489,AREG
GO_Biological_Process_2023,Fatty Acid Homeostasis (GO:0055089),1/10,0.0956381720564831,0.3295144099173225,0,0,11.050251256281408,25.93696464958489,DGAT2
GO_Biological_Process_2023,Positive Regulation Of Mitochondrial Outer Membrane Permeabilization Involved In Apoptotic Signaling Pathway (GO:1901030),1/10,0.0956381720564831,0.3295144099173225,0,0,11.050251256281408,25.93696464958489,CHCHD10
GO_Biological_Process_2023,Urogenital System Development (GO:0001655),1/10,0.0956381720564831,0.3295144099173225,0,0,11.050251256281408,25.93696464958489,ANXA1
GO_Biological_Process_2023,Positive Regulation Of Phospholipid Transport (GO:2001140),1/10,0.0956381720564831,0.3295144099173225,0,0,11.050251256281408,25.93696464958489,TSPO
GO_Biological_Process_2023,Lipoprotein Catabolic Process (GO:0042159),1/10,0.0956381720564831,0.3295144099173225,0,0,11.050251256281408,25.93696464958489,CTSD
GO_Biological_Process_2023,Maintenance Of Synapse Structure (GO:0099558),1/10,0.0956381720564831,0.3295144099173225,0,0,11.050251256281408,25.93696464958489,CHCHD10
GO_Biological_Process_2023,Mitochondrial Respirasome Assembly (GO:0097250),1/10,0.0956381720564831,0.3295144099173225,0,0,11.050251256281408,25.93696464958489,COX7A2
GO_Biological_Process_2023,Regulation Of Biosynthetic Process (GO:0009889),1/10,0.0956381720564831,0.3295144099173225,0,0,11.050251256281408,25.93696464958489,GSTP1
GO_Biological_Process_2023,Positive Regulation Of Wnt Signaling Pathway (GO:0030177),3/109,0.0961582714173515,0.3303319441631372,0,0,2.829326692845513,6.625603466421482,SCEL;RSPO1;ATP6V1C2
GO_Biological_Process_2023,Actin Cytoskeleton Reorganization (GO:0031532),2/53,0.0984917971521169,0.3340808675324677,0,0,3.9114676173499694,9.065929283683165,ANXA1;PDLIM4
GO_Biological_Process_2023,Spermatid Development (GO:0007286),2/53,0.0984917971521169,0.3340808675324677,0,0,3.9114676173499694,9.065929283683165,KLC3;CIB1
GO_Biological_Process_2023,Extracellular Matrix Organization (GO:0030198),4/176,0.1005270084862388,0.3340808675324677,0,0,2.3289036544850497,5.350257546006701,C6ORF15;MMP7;MIA;SPINT1
GO_Biological_Process_2023,Ribosomal Large Subunit Biogenesis (GO:0042273),2/54,0.1016331727713355,0.3340808675324677,0,0,3.836052836052836,8.77069478933889,RPLP0;RPL7
GO_Biological_Process_2023,Negative Regulation Of Leukocyte Chemotaxis (GO:0002689),1/11,0.1046862992439068,0.3340808675324677,0,0,9.944723618090451,22.4431232477853,CCN3
GO_Biological_Process_2023,Negative Regulation Of Myotube Differentiation (GO:0010832),1/11,0.1046862992439068,0.3340808675324677,0,0,9.944723618090451,22.4431232477853,CCN3
GO_Biological_Process_2023,Negative Regulation Of Release Of Sequestered Calcium Ion Into Cytosol (GO:0051280),1/11,0.1046862992439068,0.3340808675324677,0,0,9.944723618090451,22.4431232477853,CALM2
GO_Biological_Process_2023,Negative Regulation Of Ryanodine-Sensitive Calcium-Release Channel Activity (GO:0060315),1/11,0.1046862992439068,0.3340808675324677,0,0,9.944723618090451,22.4431232477853,CALM2
GO_Biological_Process_2023,Regulation Of Monocyte Chemotactic Protein-1 Production (GO:0071637),1/11,0.1046862992439068,0.3340808675324677,0,0,9.944723618090451,22.4431232477853,GSTP1
GO_Biological_Process_2023,Neutrophil Activation Involved In Immune Response (GO:0002283),1/11,0.1046862992439068,0.3340808675324677,0,0,9.944723618090451,22.4431232477853,VAMP8
GO_Biological_Process_2023,Biogenic Amine Biosynthetic Process (GO:0042401),1/11,0.1046862992439068,0.3340808675324677,0,0,9.944723618090451,22.4431232477853,SAT1
GO_Biological_Process_2023,Pentose-Phosphate Shunt (GO:0006098),1/11,0.1046862992439068,0.3340808675324677,0,0,9.944723618090451,22.4431232477853,TALDO1
GO_Biological_Process_2023,Regulation Of Stress-Activated Protein Kinase Signaling Cascade (GO:0070302),1/11,0.1046862992439068,0.3340808675324677,0,0,9.944723618090451,22.4431232477853,GSTP1
GO_Biological_Process_2023,Podocyte Differentiation (GO:0072112),1/11,0.1046862992439068,0.3340808675324677,0,0,9.944723618090451,22.4431232477853,CD24
GO_Biological_Process_2023,Cellular Response To Superoxide (GO:0071451),1/11,0.1046862992439068,0.3340808675324677,0,0,9.944723618090451,22.4431232477853,PRDX1
GO_Biological_Process_2023,Central Nervous System Neuron Axonogenesis (GO:0021955),1/11,0.1046862992439068,0.3340808675324677,0,0,9.944723618090451,22.4431232477853,HSP90AA1
GO_Biological_Process_2023,Endosomal Lumen Acidification (GO:0048388),1/11,0.1046862992439068,0.3340808675324677,0,0,9.944723618090451,22.4431232477853,ATP6V0B
GO_Biological_Process_2023,Epithelial Cell-Cell Adhesion (GO:0090136),1/11,0.1046862992439068,0.3340808675324677,0,0,9.944723618090451,22.4431232477853,CCN3
GO_Biological_Process_2023,Positive Regulation Of Lipid Transport (GO:0032370),1/11,0.1046862992439068,0.3340808675324677,0,0,9.944723618090451,22.4431232477853,TSPO
GO_Biological_Process_2023,Positive Regulation Of Muscle Contraction (GO:0045933),1/11,0.1046862992439068,0.3340808675324677,0,0,9.944723618090451,22.4431232477853,ENO1
GO_Biological_Process_2023,Glycerol Metabolic Process (GO:0006071),1/11,0.1046862992439068,0.3340808675324677,0,0,9.944723618090451,22.4431232477853,TPI1
GO_Biological_Process_2023,Macrophage Chemotaxis (GO:0048246),1/11,0.1046862992439068,0.3340808675324677,0,0,9.944723618090451,22.4431232477853,LGALS3
GO_Biological_Process_2023,"Regulation Of CD4-positive, Alpha-Beta T Cell Differentiation (GO:0043370)",1/11,0.1046862992439068,0.3340808675324677,0,0,9.944723618090451,22.4431232477853,HLA-DRA
GO_Biological_Process_2023,Regulation Of T Cell Apoptotic Process (GO:0070232),1/11,0.1046862992439068,0.3340808675324677,0,0,9.944723618090451,22.4431232477853,LGALS3
GO_Biological_Process_2023,Negative Regulation Of Amyloid Fibril Formation (GO:1905907),1/11,0.1046862992439068,0.3340808675324677,0,0,9.944723618090451,22.4431232477853,CRYAB
GO_Biological_Process_2023,Regulation Of Cell Communication By Electrical Coupling Involved In Cardiac Conduction (GO:1901844),1/11,0.1046862992439068,0.3340808675324677,0,0,9.944723618090451,22.4431232477853,CALM2
GO_Biological_Process_2023,Regulation Of MAP Kinase Activity (GO:0043405),3/114,0.1063487931507688,0.3384615542237002,0,0,2.7011935793661683,6.0534587787747896,GSTP1;CD24;TPD52L1
GO_Biological_Process_2023,Positive Regulation Of Cellular Metabolic Process (GO:0031325),2/56,0.1079975643594305,0.3421046373405548,0,0,3.6936026936026938,8.220654292796869,CHCHD2;DCXR
GO_Biological_Process_2023,Myeloid Cell Differentiation (GO:0030099),2/57,0.111218880351375,0.3421046373405548,0,0,3.6262626262626254,7.964197874788815,RPS14;SLC25A5
GO_Biological_Process_2023,Negative Regulation Of Intrinsic Apoptotic Signaling Pathway In Response To DNA Damage By P53 Class Mediator (GO:1902166),1/12,0.1136443487055952,0.3421046373405548,0,0,9.040201005025123,19.659557478207127,CD74
GO_Biological_Process_2023,Negative Regulation Of Mitochondrial Membrane Permeability (GO:0035795),1/12,0.1136443487055952,0.3421046373405548,0,0,9.040201005025123,19.659557478207127,SLC25A5
GO_Biological_Process_2023,Negative Regulation Of Mononuclear Cell Migration (GO:0071676),1/12,0.1136443487055952,0.3421046373405548,0,0,9.040201005025123,19.659557478207127,CCN3
GO_Biological_Process_2023,acetyl-CoA Biosynthetic Process (GO:0006085),1/12,0.1136443487055952,0.3421046373405548,0,0,9.040201005025123,19.659557478207127,PDHA1
GO_Biological_Process_2023,Adipose Tissue Development (GO:0060612),1/12,0.1136443487055952,0.3421046373405548,0,0,9.040201005025123,19.659557478207127,DGAT2
GO_Biological_Process_2023,Negative Regulation Of Substrate Adhesion-Dependent Cell Spreading (GO:1900025),1/12,0.1136443487055952,0.3421046373405548,0,0,9.040201005025123,19.659557478207127,TACSTD2
GO_Biological_Process_2023,Atrial Cardiac Muscle Tissue Development (GO:0003228),1/12,0.1136443487055952,0.3421046373405548,0,0,9.040201005025123,19.659557478207127,GJB6
GO_Biological_Process_2023,Cellular Response To Acidic pH (GO:0071468),1/12,0.1136443487055952,0.3421046373405548,0,0,9.040201005025123,19.659557478207127,SCNN1B
GO_Biological_Process_2023,Phosphatidylcholine Acyl-Chain Remodeling (GO:0036151),1/12,0.1136443487055952,0.3421046373405548,0,0,9.040201005025123,19.659557478207127,TSPO
GO_Biological_Process_2023,"Positive Regulation Of CD4-positive, Alpha-Beta T Cell Activation (GO:2000516)",1/12,0.1136443487055952,0.3421046373405548,0,0,9.040201005025123,19.659557478207127,HLA-DRA
GO_Biological_Process_2023,Relaxation Of Cardiac Muscle (GO:0055119),1/12,0.1136443487055952,0.3421046373405548,0,0,9.040201005025123,19.659557478207127,ATP1B1
GO_Biological_Process_2023,Detection Of Calcium Ion (GO:0005513),1/12,0.1136443487055952,0.3421046373405548,0,0,9.040201005025123,19.659557478207127,CALM2
GO_Biological_Process_2023,Epithelial Cell Morphogenesis (GO:0003382),1/12,0.1136443487055952,0.3421046373405548,0,0,9.040201005025123,19.659557478207127,RAB25
GO_Biological_Process_2023,Icosanoid Secretion (GO:0032309),1/12,0.1136443487055952,0.3421046373405548,0,0,9.040201005025123,19.659557478207127,ANXA1
GO_Biological_Process_2023,Positive Regulation Of Sodium Ion Transmembrane Transporter Activity (GO:2000651),1/12,0.1136443487055952,0.3421046373405548,0,0,9.040201005025123,19.659557478207127,ATP1B1
GO_Biological_Process_2023,Macrophage Migration (GO:1905517),1/12,0.1136443487055952,0.3421046373405548,0,0,9.040201005025123,19.659557478207127,LGALS3
GO_Biological_Process_2023,Protein Insertion Into Mitochondrial Inner Membrane (GO:0045039),1/12,0.1136443487055952,0.3421046373405548,0,0,9.040201005025123,19.659557478207127,NDUFA13
GO_Biological_Process_2023,Negative Regulation Of JUN Kinase Activity (GO:0043508),1/12,0.1136443487055952,0.3421046373405548,0,0,9.040201005025123,19.659557478207127,GSTP1
GO_Biological_Process_2023,Regulation Of Cell Communication By Electrical Coupling (GO:0010649),1/12,0.1136443487055952,0.3421046373405548,0,0,9.040201005025123,19.659557478207127,CALM2
GO_Biological_Process_2023,Inorganic Anion Transport (GO:0015698),2/58,0.1144651666427582,0.3436897548553769,0,0,3.561327561327561,7.719123085387519,CLIC3;FXYD3
GO_Biological_Process_2023,Regulation Of Protein-Containing Complex Assembly (GO:0043254),3/119,0.1169417814626649,0.3446092774707814,0,0,2.584106423945388,5.545696691343623,LGALS3;HSP90AA1;CRYAB
GO_Biological_Process_2023,Positive Regulation Of Angiogenesis (GO:0045766),3/119,0.1169417814626649,0.3446092774707814,0,0,2.584106423945388,5.545696691343623,PKM;ANXA3;HSPB1
GO_Biological_Process_2023,Positive Regulation Of Proteolysis (GO:0045862),2/59,0.1177356082636544,0.3446092774707814,0,0,3.4986709197235517,7.484754897547597,NDUFA13;PERP
GO_Biological_Process_2023,Regulation Of Cell Death (GO:0010941),2/59,0.1177356082636544,0.3446092774707814,0,0,3.4986709197235517,7.484754897547597,CCN3;CRYAB
GO_Biological_Process_2023,Regulation Of Extrinsic Apoptotic Signaling Pathway (GO:2001236),2/60,0.1210294038464434,0.3446092774707814,0,0,3.438174851967956,7.260468635528234,LGALS3;GSTP1
GO_Biological_Process_2023,Negative Regulation Of Peptidase Activity (GO:0010466),2/60,0.1210294038464434,0.3446092774707814,0,0,3.438174851967956,7.260468635528234,SERPINB1;GAPDH
GO_Biological_Process_2023,ATP Transport (GO:0015867),1/13,0.1225132126107664,0.3446092774707814,0,0,8.28643216080402,17.397665920944878,SLC25A5
GO_Biological_Process_2023,Regulation Of Immune Effector Process (GO:0002697),1/13,0.1225132126107664,0.3446092774707814,0,0,8.28643216080402,17.397665920944878,HLA-DRA
GO_Biological_Process_2023,Regulation Of Intrinsic Apoptotic Signaling Pathway In Response To DNA Damage By P53 Class Mediator (GO:1902165),1/13,0.1225132126107664,0.3446092774707814,0,0,8.28643216080402,17.397665920944878,CD74
GO_Biological_Process_2023,Negative Regulation Of Receptor Internalization (GO:0002091),1/13,0.1225132126107664,0.3446092774707814,0,0,8.28643216080402,17.397665920944878,ANXA2
GO_Biological_Process_2023,Regulation Of Leukocyte Migration (GO:0002685),1/13,0.1225132126107664,0.3446092774707814,0,0,8.28643216080402,17.397665920944878,ANXA1
GO_Biological_Process_2023,Negative Regulation Of Secretion (GO:0051048),1/13,0.1225132126107664,0.3446092774707814,0,0,8.28643216080402,17.397665920944878,VAMP8
GO_Biological_Process_2023,Regulation Of Nitric-Oxide Synthase Biosynthetic Process (GO:0051769),1/13,0.1225132126107664,0.3446092774707814,0,0,8.28643216080402,17.397665920944878,GSTP1
GO_Biological_Process_2023,Nucleotide-Sugar Metabolic Process (GO:0009225),1/13,0.1225132126107664,0.3446092774707814,0,0,8.28643216080402,17.397665920944878,GMDS
GO_Biological_Process_2023,Relaxation Of Muscle (GO:0090075),1/13,0.1225132126107664,0.3446092774707814,0,0,8.28643216080402,17.397665920944878,ATP1B1
GO_Biological_Process_2023,Response To Nerve Growth Factor (GO:1990089),1/13,0.1225132126107664,0.3446092774707814,0,0,8.28643216080402,17.397665920944878,CIB1
GO_Biological_Process_2023,Sphingoid Biosynthetic Process (GO:0046520),1/13,0.1225132126107664,0.3446092774707814,0,0,8.28643216080402,17.397665920944878,SPTSSB
GO_Biological_Process_2023,Sphingosine Biosynthetic Process (GO:0046512),1/13,0.1225132126107664,0.3446092774707814,0,0,8.28643216080402,17.397665920944878,SPTSSB
GO_Biological_Process_2023,Immune Response-Regulating Cell Surface Receptor Signaling Pathway (GO:0002768),1/13,0.1225132126107664,0.3446092774707814,0,0,8.28643216080402,17.397665920944878,CD24
GO_Biological_Process_2023,Positive Regulation Of Superoxide Anion Generation (GO:0032930),1/13,0.1225132126107664,0.3446092774707814,0,0,8.28643216080402,17.397665920944878,GSTP1
GO_Biological_Process_2023,Killing By Host Of Symbiont Cells (GO:0051873),1/13,0.1225132126107664,0.3446092774707814,0,0,8.28643216080402,17.397665920944878,GAPDH
GO_Biological_Process_2023,Membrane Protein Intracellular Domain Proteolysis (GO:0031293),1/13,0.1225132126107664,0.3446092774707814,0,0,8.28643216080402,17.397665920944878,MMP7
GO_Biological_Process_2023,Monoacylglycerol Metabolic Process (GO:0046462),1/13,0.1225132126107664,0.3446092774707814,0,0,8.28643216080402,17.397665920944878,DGAT2
GO_Biological_Process_2023,"Negative Regulation Of DNA Damage Response, Signal Transduction By P53 Class Mediator (GO:0043518)",1/13,0.1225132126107664,0.3446092774707814,0,0,8.28643216080402,17.397665920944878,CD74
GO_Biological_Process_2023,Fatty Acid Metabolic Process (GO:0006631),3/122,0.123480177679577,0.3446092774707814,0,0,2.5185769739367827,5.26804358631712,GPX4;ACSL1;TSPO
GO_Biological_Process_2023,Receptor-Mediated Endocytosis (GO:0006898),3/122,0.123480177679577,0.3446092774707814,0,0,2.5185769739367827,5.26804358631712,CLTB;AP2S1;CD9
GO_Biological_Process_2023,Regulation Of Protein Phosphorylation (GO:0001932),5/265,0.1274327801928374,0.3446092774707814,0,0,1.9270216962524656,3.969985095521329,CD74;HSP90AA1;HSPB1;CIB1;RSPO1
GO_Biological_Process_2023,Negative Regulation Of Kinase Activity (GO:0033673),2/62,0.1276839186856092,0.3446092774707814,0,0,3.323232323232323,6.839868307696459,GSTP1;HSPB1
GO_Biological_Process_2023,Regulation Of T Cell Activation (GO:0050863),2/62,0.1276839186856092,0.3446092774707814,0,0,3.323232323232323,6.839868307696459,LGALS3;HLA-DRA
GO_Biological_Process_2023,Positive Regulation Of Signal Transduction (GO:0009967),5/266,0.1288883640844073,0.3446092774707814,0,0,1.9195402298850572,3.932770615465737,CD74;CCN3;RSPO1;TPD52L1;ATP6V1C2
GO_Biological_Process_2023,Negative Regulation Of Cell Growth (GO:0030308),3/125,0.1301487308762109,0.3446092774707814,0,0,2.456270283764667,5.008525221038258,NDUFA13;CCN3;ENO1
GO_Biological_Process_2023,Protein Polymerization (GO:0051258),2/63,0.1310431018295034,0.3446092774707814,0,0,3.2685875144891536,6.642518297732,TPPP3;GPX4
GO_Biological_Process_2023,2-Oxoglutarate Metabolic Process (GO:0006103),1/14,0.1312937743788508,0.3446092774707814,0,0,7.648627754155393,15.529145947074284,IDH2
GO_Biological_Process_2023,Regulation Of Endothelial Cell Chemotaxis (GO:2001026),1/14,0.1312937743788508,0.3446092774707814,0,0,7.648627754155393,15.529145947074284,HSPB1
GO_Biological_Process_2023,Regulation Of Establishment Of Protein Localization (GO:0070201),1/14,0.1312937743788508,0.3446092774707814,0,0,7.648627754155393,15.529145947074284,CTSD
GO_Biological_Process_2023,MHC Class II Protein Complex Assembly (GO:0002399),1/14,0.1312937743788508,0.3446092774707814,0,0,7.648627754155393,15.529145947074284,HLA-DRA
GO_Biological_Process_2023,Negative Regulation Of Peptidyl-Threonine Phosphorylation (GO:0010801),1/14,0.1312937743788508,0.3446092774707814,0,0,7.648627754155393,15.529145947074284,CALM2
GO_Biological_Process_2023,Regulation Of Leukocyte Activation (GO:0002694),1/14,0.1312937743788508,0.3446092774707814,0,0,7.648627754155393,15.529145947074284,CD74
GO_Biological_Process_2023,Regulation Of Phosphate Metabolic Process (GO:0019220),1/14,0.1312937743788508,0.3446092774707814,0,0,7.648627754155393,15.529145947074284,CD24
GO_Biological_Process_2023,Peptide Antigen Assembly With MHC Class II Protein Complex (GO:0002503),1/14,0.1312937743788508,0.3446092774707814,0,0,7.648627754155393,15.529145947074284,HLA-DRA
GO_Biological_Process_2023,Regulation Of Sensory Perception Of Pain (GO:0051930),1/14,0.1312937743788508,0.3446092774707814,0,0,7.648627754155393,15.529145947074284,CCN3
GO_Biological_Process_2023,Regulation Of Superoxide Anion Generation (GO:0032928),1/14,0.1312937743788508,0.3446092774707814,0,0,7.648627754155393,15.529145947074284,GSTP1
GO_Biological_Process_2023,Positive Regulation Of Cytoplasmic Translation (GO:2000767),1/14,0.1312937743788508,0.3446092774707814,0,0,7.648627754155393,15.529145947074284,PKM
GO_Biological_Process_2023,Serine Family Amino Acid Metabolic Process (GO:0009069),1/14,0.1312937743788508,0.3446092774707814,0,0,7.648627754155393,15.529145947074284,AOC1
GO_Biological_Process_2023,Positive Regulation Of Endothelial Cell Chemotaxis (GO:2001028),1/14,0.1312937743788508,0.3446092774707814,0,0,7.648627754155393,15.529145947074284,HSPB1
GO_Biological_Process_2023,Positive Regulation Of Heterotypic Cell-Cell Adhesion (GO:0034116),1/14,0.1312937743788508,0.3446092774707814,0,0,7.648627754155393,15.529145947074284,CEACAM6
GO_Biological_Process_2023,Formation Of Cytoplasmic Translation Initiation Complex (GO:0001732),1/14,0.1312937743788508,0.3446092774707814,0,0,7.648627754155393,15.529145947074284,EIF3K
GO_Biological_Process_2023,Positive Regulation Of Response To Cytokine Stimulus (GO:0060760),1/14,0.1312937743788508,0.3446092774707814,0,0,7.648627754155393,15.529145947074284,CD74
GO_Biological_Process_2023,Primary Alcohol Metabolic Process (GO:0034308),1/14,0.1312937743788508,0.3446092774707814,0,0,7.648627754155393,15.529145947074284,HSD11B2
GO_Biological_Process_2023,Prostanoid Biosynthetic Process (GO:0046457),1/14,0.1312937743788508,0.3446092774707814,0,0,7.648627754155393,15.529145947074284,CD74
GO_Biological_Process_2023,"Maturation Of LSU-rRNA From Tricistronic rRNA Transcript (SSU-rRNA, 5.8S rRNA, LSU-rRNA) (GO:0000463)",1/14,0.1312937743788508,0.3446092774707814,0,0,7.648627754155393,15.529145947074284,RPL7
GO_Biological_Process_2023,Membrane Raft Organization (GO:0031579),1/14,0.1312937743788508,0.3446092774707814,0,0,7.648627754155393,15.529145947074284,ANXA2
GO_Biological_Process_2023,Membrane Repolarization During Cardiac Muscle Cell Action Potential (GO:0086013),1/14,0.1312937743788508,0.3446092774707814,0,0,7.648627754155393,15.529145947074284,ATP1B1
GO_Biological_Process_2023,Mitochondrion Transport Along Microtubule (GO:0047497),1/14,0.1312937743788508,0.3446092774707814,0,0,7.648627754155393,15.529145947074284,UBB
GO_Biological_Process_2023,Regulation Of ATP Biosynthetic Process (GO:2001169),1/14,0.1312937743788508,0.3446092774707814,0,0,7.648627754155393,15.529145947074284,ENO1
GO_Biological_Process_2023,Regulation Of Branching Involved In Ureteric Bud Morphogenesis (GO:0090189),1/14,0.1312937743788508,0.3446092774707814,0,0,7.648627754155393,15.529145947074284,TACSTD2
GO_Biological_Process_2023,Positive Regulation Of Protein Metabolic Process (GO:0051247),4/196,0.1338866309236116,0.3504588337039538,0,0,2.084183673469388,4.19079707112378,NDUFA13;HSP90AA1;PERP;OAZ1
GO_Biological_Process_2023,Response To Metal Ion (GO:0010038),2/64,0.1344225663522014,0.3504588337039538,0,0,3.215705441511893,6.45317143498723,MT1X;CALM2
GO_Biological_Process_2023,Positive Regulation Of Type I Interferon Production (GO:0032481),2/64,0.1344225663522014,0.3504588337039538,0,0,3.215705441511893,6.45317143498723,HSP90AA1;GAPDH
GO_Biological_Process_2023,Positive Regulation Of T Cell Proliferation (GO:0042102),2/65,0.137821576382599,0.3546739900185054,0,0,3.1645021645021645,6.271395690931595,ANXA1;CD24
GO_Biological_Process_2023,B Cell Mediated Immunity (GO:0019724),1/15,0.139986908731619,0.3546739900185054,0,0,7.101938262742283,13.963876250165317,CD74
GO_Biological_Process_2023,Negative Regulation Of Immune Effector Process (GO:0002698),1/15,0.139986908731619,0.3546739900185054,0,0,7.101938262742283,13.963876250165317,LGALS3
GO_Biological_Process_2023,Negative Regulation Of Platelet Activation (GO:0010544),1/15,0.139986908731619,0.3546739900185054,0,0,7.101938262742283,13.963876250165317,CD9
GO_Biological_Process_2023,Regulation Of Monocyte Differentiation (GO:0045655),1/15,0.139986908731619,0.3546739900185054,0,0,7.101938262742283,13.963876250165317,CD74
GO_Biological_Process_2023,Cellular Response To Corticosteroid Stimulus (GO:0071384),1/15,0.139986908731619,0.3546739900185054,0,0,7.101938262742283,13.963876250165317,ANXA1
GO_Biological_Process_2023,Regulation Of Systemic Arterial Blood Pressure (GO:0003073),1/15,0.139986908731619,0.3546739900185054,0,0,7.101938262742283,13.963876250165317,KLK1
GO_Biological_Process_2023,Cellular Response To Zinc Ion (GO:0071294),1/15,0.139986908731619,0.3546739900185054,0,0,7.101938262742283,13.963876250165317,MT1X
GO_Biological_Process_2023,Glutamine Family Amino Acid Catabolic Process (GO:0009065),1/15,0.139986908731619,0.3546739900185054,0,0,7.101938262742283,13.963876250165317,AOC1
GO_Biological_Process_2023,Positive Regulation Of Sprouting Angiogenesis (GO:1903672),1/15,0.139986908731619,0.3546739900185054,0,0,7.101938262742283,13.963876250165317,PKM
GO_Biological_Process_2023,Membrane Repolarization During Action Potential (GO:0086011),1/15,0.139986908731619,0.3546739900185054,0,0,7.101938262742283,13.963876250165317,ATP1B1
GO_Biological_Process_2023,Negative Regulation Of DNA Replication (GO:0008156),1/15,0.139986908731619,0.3546739900185054,0,0,7.101938262742283,13.963876250165317,S100A11
GO_Biological_Process_2023,Regulation Of Amyloid Fibril Formation (GO:1905906),1/15,0.139986908731619,0.3546739900185054,0,0,7.101938262742283,13.963876250165317,CRYAB
GO_Biological_Process_2023,Negative Regulation Of Endopeptidase Activity (GO:0010951),2/66,0.1412394085870013,0.3563015750099731,0,0,3.11489898989899,6.096788351656931,SERPINB1;GAPDH
GO_Biological_Process_2023,Regulation Of Endocytosis (GO:0030100),2/66,0.1412394085870013,0.3563015750099731,0,0,3.11489898989899,6.096788351656931,LGALS3;AP2S1
GO_Biological_Process_2023,Regulation Of MAPK Cascade (GO:0043408),4/204,0.1483544918227803,0.3615774724072296,0,0,2.0,3.816301308308897,CD74;GSTP1;PEBP1;CD24
GO_Biological_Process_2023,Negative Regulation Of Intrinsic Apoptotic Signaling Pathway By P53 Class Mediator (GO:1902254),1/16,0.1485934818111902,0.3615774724072296,0,0,6.628140703517588,12.636822082241835,CD74
GO_Biological_Process_2023,Activation Of Cysteine-Type Endopeptidase Activity (GO:0097202),1/16,0.1485934818111902,0.3615774724072296,0,0,6.628140703517588,12.636822082241835,PERP
GO_Biological_Process_2023,Regulation Of Plasminogen Activation (GO:0010755),1/16,0.1485934818111902,0.3615774724072296,0,0,6.628140703517588,12.636822082241835,ENO1
GO_Biological_Process_2023,Cell Communication By Electrical Coupling Involved In Cardiac Conduction (GO:0086064),1/16,0.1485934818111902,0.3615774724072296,0,0,6.628140703517588,12.636822082241835,ATP1B1
GO_Biological_Process_2023,Regulation Of Response To Cytokine Stimulus (GO:0060759),1/16,0.1485934818111902,0.3615774724072296,0,0,6.628140703517588,12.636822082241835,CD24
GO_Biological_Process_2023,Regulation Of Stem Cell Proliferation (GO:0072091),1/16,0.1485934818111902,0.3615774724072296,0,0,6.628140703517588,12.636822082241835,EPCAM
GO_Biological_Process_2023,Cellular Response To Fatty Acid (GO:0071398),1/16,0.1485934818111902,0.3615774724072296,0,0,6.628140703517588,12.636822082241835,DGAT2
GO_Biological_Process_2023,Cellular Response To Gamma Radiation (GO:0071480),1/16,0.1485934818111902,0.3615774724072296,0,0,6.628140703517588,12.636822082241835,CRYAB
GO_Biological_Process_2023,Positive Regulation Of Myeloid Leukocyte Cytokine Production Involved In Immune Response (GO:0061081),1/16,0.1485934818111902,0.3615774724072296,0,0,6.628140703517588,12.636822082241835,CD74
GO_Biological_Process_2023,Positive Regulation Of Smooth Muscle Cell Migration (GO:0014911),1/16,0.1485934818111902,0.3615774724072296,0,0,6.628140703517588,12.636822082241835,S100A11
GO_Biological_Process_2023,Positive Regulation Of Stem Cell Proliferation (GO:2000648),1/16,0.1485934818111902,0.3615774724072296,0,0,6.628140703517588,12.636822082241835,EPCAM
GO_Biological_Process_2023,Prostanoid Metabolic Process (GO:0006692),1/16,0.1485934818111902,0.3615774724072296,0,0,6.628140703517588,12.636822082241835,GSTP1
GO_Biological_Process_2023,Negative Regulation Of Anoikis (GO:2000811),1/16,0.1485934818111902,0.3615774724072296,0,0,6.628140703517588,12.636822082241835,CEACAM6
GO_Biological_Process_2023,Negative Regulation Of Biosynthetic Process (GO:0009890),1/16,0.1485934818111902,0.3615774724072296,0,0,6.628140703517588,12.636822082241835,GSTP1
GO_Biological_Process_2023,Regulation Of Cardiac Muscle Contraction By Regulation Of The Release Of Sequestered Calcium Ion (GO:0010881),1/16,0.1485934818111902,0.3615774724072296,0,0,6.628140703517588,12.636822082241835,CALM2
GO_Biological_Process_2023,Negative Regulation Of Chemokine Production (GO:0032682),1/16,0.1485934818111902,0.3615774724072296,0,0,6.628140703517588,12.636822082241835,GSTP1
GO_Biological_Process_2023,Regulation Of Endopeptidase Activity (GO:0052548),2/69,0.1515987898971927,0.3641062741915126,0,0,2.974973616764661,5.612340646899519,SERPINB1;GAPDH
GO_Biological_Process_2023,Phagocytosis (GO:0006909),2/69,0.1515987898971927,0.3641062741915126,0,0,2.974973616764661,5.612340646899519,ANXA1;ANXA3
GO_Biological_Process_2023,Response To Molecule Of Bacterial Origin (GO:0002237),2/69,0.1515987898971927,0.3641062741915126,0,0,2.974973616764661,5.612340646899519,SLPI;CD24
GO_Biological_Process_2023,Negative Regulation Of Extrinsic Apoptotic Signaling Pathway (GO:2001237),2/70,0.1550849226995339,0.3641062741915126,0,0,2.931075460487225,5.462886925837976,LGALS3;GSTP1
GO_Biological_Process_2023,Positive Regulation Of Protein Polymerization (GO:0032273),2/70,0.1550849226995339,0.3641062741915126,0,0,2.931075460487225,5.462886925837976,HSP90AA1;TPPP3
GO_Biological_Process_2023,Negative Regulation Of Fibroblast Proliferation (GO:0048147),1/17,0.157114351192228,0.3641062741915126,0,0,6.21356783919598,11.499955704952034,GSTP1
GO_Biological_Process_2023,Negative Regulation Of Oxidative Stress-Induced Intrinsic Apoptotic Signaling Pathway (GO:1902176),1/17,0.157114351192228,0.3641062741915126,0,0,6.21356783919598,11.499955704952034,HSPB1
GO_Biological_Process_2023,Negative Regulation Of Striated Muscle Cell Differentiation (GO:0051154),1/17,0.157114351192228,0.3641062741915126,0,0,6.21356783919598,11.499955704952034,CCN3
GO_Biological_Process_2023,Androgen Receptor Signaling Pathway (GO:0030521),1/17,0.157114351192228,0.3641062741915126,0,0,6.21356783919598,11.499955704952034,SCGB2A1
GO_Biological_Process_2023,Regulation Of Oxidative Phosphorylation (GO:0002082),1/17,0.157114351192228,0.3641062741915126,0,0,6.21356783919598,11.499955704952034,COX7A2
GO_Biological_Process_2023,Positive Chemotaxis (GO:0050918),1/17,0.157114351192228,0.3641062741915126,0,0,6.21356783919598,11.499955704952034,LGALS3
GO_Biological_Process_2023,Central Nervous System Neuron Development (GO:0021954),1/17,0.157114351192228,0.3641062741915126,0,0,6.21356783919598,11.499955704952034,HSP90AA1
GO_Biological_Process_2023,Response To Acidic pH (GO:0010447),1/17,0.157114351192228,0.3641062741915126,0,0,6.21356783919598,11.499955704952034,SCNN1B
GO_Biological_Process_2023,Positive Regulation Of Cell Adhesion Mediated By Integrin (GO:0033630),1/17,0.157114351192228,0.3641062741915126,0,0,6.21356783919598,11.499955704952034,CIB1
GO_Biological_Process_2023,Diol Biosynthetic Process (GO:0034312),1/17,0.157114351192228,0.3641062741915126,0,0,6.21356783919598,11.499955704952034,SPTSSB
GO_Biological_Process_2023,Embryo Development Ending In Birth Or Egg Hatching (GO:0009792),1/17,0.157114351192228,0.3641062741915126,0,0,6.21356783919598,11.499955704952034,SCEL
GO_Biological_Process_2023,Sensory Perception Of Taste (GO:0050909),1/17,0.157114351192228,0.3641062741915126,0,0,6.21356783919598,11.499955704952034,SCNN1B
GO_Biological_Process_2023,Transepithelial Transport (GO:0070633),1/17,0.157114351192228,0.3641062741915126,0,0,6.21356783919598,11.499955704952034,RHCG
GO_Biological_Process_2023,Triglyceride Biosynthetic Process (GO:0019432),1/17,0.157114351192228,0.3641062741915126,0,0,6.21356783919598,11.499955704952034,DGAT2
GO_Biological_Process_2023,Positive Regulation Of Regulatory T Cell Differentiation (GO:0045591),1/17,0.157114351192228,0.3641062741915126,0,0,6.21356783919598,11.499955704952034,HLA-DRA
GO_Biological_Process_2023,Positive Regulation Of Stem Cell Differentiation (GO:2000738),1/17,0.157114351192228,0.3641062741915126,0,0,6.21356783919598,11.499955704952034,TACSTD2
GO_Biological_Process_2023,Long-Chain fatty-acyl-CoA Biosynthetic Process (GO:0035338),1/17,0.157114351192228,0.3641062741915126,0,0,6.21356783919598,11.499955704952034,ACSL1
GO_Biological_Process_2023,Prostaglandin Biosynthetic Process (GO:0001516),1/17,0.157114351192228,0.3641062741915126,0,0,6.21356783919598,11.499955704952034,CD74
GO_Biological_Process_2023,Regulation Of Aerobic Respiration (GO:1903715),1/17,0.157114351192228,0.3641062741915126,0,0,6.21356783919598,11.499955704952034,COX7A2
GO_Biological_Process_2023,Potassium Ion Transmembrane Transport (GO:0071805),3/137,0.1580124425098557,0.365343127938893,0,0,2.234942041063717,4.123650211289247,ATP1B3;ATP1A1;ATP1B1
GO_Biological_Process_2023,Negative Regulation Of Supramolecular Fiber Organization (GO:1902904),2/71,0.1585864433775845,0.365343127938893,0,0,2.888449714536671,5.318951469597782,CIB1;CRYAB
GO_Biological_Process_2023,Positive Regulation Of Cell-Substrate Adhesion (GO:0010811),2/71,0.1585864433775845,0.365343127938893,0,0,2.888449714536671,5.318951469597782,CIB1;P4HB
GO_Biological_Process_2023,Cholesterol Homeostasis (GO:0042632),2/72,0.1621027002960182,0.3664003905477203,0,0,2.8470418470418477,5.180264363849609,DGAT2;CD24
GO_Biological_Process_2023,Regulation Of Epithelial Cell Differentiation (GO:0030856),1/18,0.1655503660358053,0.3664003905477203,0,0,5.847768253029855,10.51709310132786,CD24
GO_Biological_Process_2023,Regulation Of Lymphocyte Proliferation (GO:0050670),1/18,0.1655503660358053,0.3664003905477203,0,0,5.847768253029855,10.51709310132786,LGALS3
GO_Biological_Process_2023,Negative Regulation Of Signal Transduction By P53 Class Mediator (GO:1901797),1/18,0.1655503660358053,0.3664003905477203,0,0,5.847768253029855,10.51709310132786,CD74
GO_Biological_Process_2023,Regulation Of Mitochondrial Membrane Permeability (GO:0046902),1/18,0.1655503660358053,0.3664003905477203,0,0,5.847768253029855,10.51709310132786,SLC25A5
GO_Biological_Process_2023,Peptide Antigen Assembly With MHC Protein Complex (GO:0002501),1/18,0.1655503660358053,0.3664003905477203,0,0,5.847768253029855,10.51709310132786,HLA-DRA
GO_Biological_Process_2023,Cell Junction Maintenance (GO:0034331),1/18,0.1655503660358053,0.3664003905477203,0,0,5.847768253029855,10.51709310132786,CHCHD10
GO_Biological_Process_2023,Cellular Response To Inorganic Substance (GO:0071241),1/18,0.1655503660358053,0.3664003905477203,0,0,5.847768253029855,10.51709310132786,AOC1
GO_Biological_Process_2023,Renal Absorption (GO:0070293),1/18,0.1655503660358053,0.3664003905477203,0,0,5.847768253029855,10.51709310132786,CLDN4
GO_Biological_Process_2023,Epithelial Cell Development (GO:0002064),1/18,0.1655503660358053,0.3664003905477203,0,0,5.847768253029855,10.51709310132786,RAB25
GO_Biological_Process_2023,fatty-acyl-CoA Metabolic Process (GO:0035337),1/18,0.1655503660358053,0.3664003905477203,0,0,5.847768253029855,10.51709310132786,DGAT2
GO_Biological_Process_2023,Positive Regulation Of Neutrophil Chemotaxis (GO:0090023),1/18,0.1655503660358053,0.3664003905477203,0,0,5.847768253029855,10.51709310132786,CD74
GO_Biological_Process_2023,Positive Regulation Of Phosphoprotein Phosphatase Activity (GO:0032516),1/18,0.1655503660358053,0.3664003905477203,0,0,5.847768253029855,10.51709310132786,CALM2
GO_Biological_Process_2023,Lysosomal Lumen Acidification (GO:0007042),1/18,0.1655503660358053,0.3664003905477203,0,0,5.847768253029855,10.51709310132786,ATP6V0B
GO_Biological_Process_2023,Maintenance Of Protein Localization In Organelle (GO:0072595),1/18,0.1655503660358053,0.3664003905477203,0,0,5.847768253029855,10.51709310132786,CHCHD10
GO_Biological_Process_2023,Maintenance Of Protein Location In Nucleus (GO:0051457),1/18,0.1655503660358053,0.3664003905477203,0,0,5.847768253029855,10.51709310132786,CHCHD10
GO_Biological_Process_2023,Myoblast Fusion (GO:0007520),1/18,0.1655503660358053,0.3664003905477203,0,0,5.847768253029855,10.51709310132786,CD9
GO_Biological_Process_2023,Negative Regulation Of T Cell Receptor Signaling Pathway (GO:0050860),1/18,0.1655503660358053,0.3664003905477203,0,0,5.847768253029855,10.51709310132786,LGALS3
GO_Biological_Process_2023,Regulation Of Cell-Cell Adhesion Mediated By Cadherin (GO:2000047),1/18,0.1655503660358053,0.3664003905477203,0,0,5.847768253029855,10.51709310132786,EPCAM
GO_Biological_Process_2023,Sterol Homeostasis (GO:0055092),2/73,0.1656330532612982,0.3664003905477203,0,0,2.806800398349694,5.046572271238703,DGAT2;CD24
GO_Biological_Process_2023,Granulocyte Chemotaxis (GO:0071621),2/73,0.1656330532612982,0.3664003905477203,0,0,2.806800398349694,5.046572271238703,LGALS3;ANXA1
GO_Biological_Process_2023,Positive Regulation Of Lymphocyte Proliferation (GO:0050671),2/74,0.1691768732048807,0.3706532205006564,0,0,2.767676767676768,4.917637208774679,CD74;ANXA1
GO_Biological_Process_2023,Positive Regulation Of Transferase Activity (GO:0051347),3/143,0.1725795861644545,0.3706532205006564,0,0,2.1385061638868748,3.7571345929995696,CD74;HSP90AA1;TSPO
GO_Biological_Process_2023,RNA-templated DNA Biosynthetic Process (GO:0006278),1/19,0.1739023671527052,0.3706532205006564,0,0,5.522613065326633,9.66049300943,HSP90AA1
GO_Biological_Process_2023,Neuron Apoptotic Process (GO:0051402),1/19,0.1739023671527052,0.3706532205006564,0,0,5.522613065326633,9.66049300943,GAPDH
GO_Biological_Process_2023,Phosphate Ion Transport (GO:0006817),1/19,0.1739023671527052,0.3706532205006564,0,0,5.522613065326633,9.66049300943,SLC25A3
GO_Biological_Process_2023,Regulation Of Smooth Muscle Cell Migration (GO:0014910),1/19,0.1739023671527052,0.3706532205006564,0,0,5.522613065326633,9.66049300943,S100A11
GO_Biological_Process_2023,Positive Regulation Of Activated T Cell Proliferation (GO:0042104),1/19,0.1739023671527052,0.3706532205006564,0,0,5.522613065326633,9.66049300943,CD24
GO_Biological_Process_2023,Positive Regulation Of Alpha-Beta T Cell Activation (GO:0046635),1/19,0.1739023671527052,0.3706532205006564,0,0,5.522613065326633,9.66049300943,HLA-DRA
GO_Biological_Process_2023,Positive Regulation Of calcineurin-NFAT Signaling Cascade (GO:0070886),1/19,0.1739023671527052,0.3706532205006564,0,0,5.522613065326633,9.66049300943,CIB1
GO_Biological_Process_2023,Positive Regulation Of Calcineurin-Mediated Signaling (GO:0106058),1/19,0.1739023671527052,0.3706532205006564,0,0,5.522613065326633,9.66049300943,CIB1
GO_Biological_Process_2023,Sphingosine Metabolic Process (GO:0006670),1/19,0.1739023671527052,0.3706532205006564,0,0,5.522613065326633,9.66049300943,SPTSSB
GO_Biological_Process_2023,Positive Regulation Of Hormone Secretion (GO:0046887),1/19,0.1739023671527052,0.3706532205006564,0,0,5.522613065326633,9.66049300943,VAMP8
GO_Biological_Process_2023,Telomere Maintenance Via Telomerase (GO:0007004),1/19,0.1739023671527052,0.3706532205006564,0,0,5.522613065326633,9.66049300943,HSP90AA1
GO_Biological_Process_2023,Heme Biosynthetic Process (GO:0006783),1/19,0.1739023671527052,0.3706532205006564,0,0,5.522613065326633,9.66049300943,TSPO
GO_Biological_Process_2023,Immunoglobulin Production Involved In Immunoglobulin-Mediated Immune Response (GO:0002381),1/19,0.1739023671527052,0.3706532205006564,0,0,5.522613065326633,9.66049300943,HLA-DRA
GO_Biological_Process_2023,Insulin Secretion (GO:0030073),1/19,0.1739023671527052,0.3706532205006564,0,0,5.522613065326633,9.66049300943,ANXA1
GO_Biological_Process_2023,Linoleic Acid Metabolic Process (GO:0043651),1/19,0.1739023671527052,0.3706532205006564,0,0,5.522613065326633,9.66049300943,GSTP1
GO_Biological_Process_2023,Multicellular Organismal-Level Water Homeostasis (GO:0050891),1/19,0.1739023671527052,0.3706532205006564,0,0,5.522613065326633,9.66049300943,SCNN1B
GO_Biological_Process_2023,Regulation Of Acute Inflammatory Response (GO:0002673),1/19,0.1739023671527052,0.3706532205006564,0,0,5.522613065326633,9.66049300943,GSTP1
GO_Biological_Process_2023,Negative Regulation Of Calcium Ion Transmembrane Transport (GO:1903170),1/19,0.1739023671527052,0.3706532205006564,0,0,5.522613065326633,9.66049300943,CALM2
GO_Biological_Process_2023,Positive Regulation Of Protein Kinase Activity (GO:0045860),3/145,0.1775184311280577,0.3739471816653478,0,0,2.1081718738828914,3.644356321836919,HSP90AA1;CIB1;CALM2
GO_Biological_Process_2023,Chloride Transport (GO:0006821),2/77,0.1798830098073791,0.3739471816653478,0,0,2.656565656565657,4.557201796283064,CLIC3;FXYD3
GO_Biological_Process_2023,Monoatomic Cation Homeostasis (GO:0055080),2/77,0.1798830098073791,0.3739471816653478,0,0,2.656565656565657,4.557201796283064,SCNN1B;ATP6V1B1
GO_Biological_Process_2023,Regulation Of T Cell Proliferation (GO:0042129),2/77,0.1798830098073791,0.3739471816653478,0,0,2.656565656565657,4.557201796283064,LGALS3;ANXA1
GO_Biological_Process_2023,Regulation Of Cold-Induced Thermogenesis (GO:0120161),3/146,0.1800025240475294,0.3739471816653478,0,0,2.093322920734088,3.589597500577494,FABP5;ACSL1;DECR1
GO_Biological_Process_2023,Negative Regulation Of Cell Population Proliferation (GO:0008285),6/379,0.1803370568533067,0.3739471816653478,0,0,1.610817832564053,2.7592143900660075,AZGP1;GSTP1;CCN3;CIB1;S100A11;SLURP1
GO_Biological_Process_2023,Positive Regulation Of Cell Motility (GO:2000147),4/221,0.1809460437511027,0.3739471816653478,0,0,1.8417191761497225,3.1485227916603047,CLDN4;MMP7;CEACAM6;CIB1
GO_Biological_Process_2023,Negative Regulation Of Microtubule Depolymerization (GO:0007026),1/20,0.182171186958547,0.3739471816653478,0,0,5.231684739486909,8.908556962758436,CIB1
GO_Biological_Process_2023,Negative Regulation Of Phosphoprotein Phosphatase Activity (GO:0032515),1/20,0.182171186958547,0.3739471816653478,0,0,5.231684739486909,8.908556962758436,LGALS3
GO_Biological_Process_2023,Negative Regulation Of Protein Localization To Cell Periphery (GO:1904376),1/20,0.182171186958547,0.3739471816653478,0,0,5.231684739486909,8.908556962758436,TMEM59
GO_Biological_Process_2023,Negative Regulation Of Protein Localization To Plasma Membrane (GO:1903077),1/20,0.182171186958547,0.3739471816653478,0,0,5.231684739486909,8.908556962758436,TMEM59
GO_Biological_Process_2023,Adenine Nucleotide Transport (GO:0051503),1/20,0.182171186958547,0.3739471816653478,0,0,5.231684739486909,8.908556962758436,SLC25A5
GO_Biological_Process_2023,Ameboidal-Type Cell Migration (GO:0001667),1/20,0.182171186958547,0.3739471816653478,0,0,5.231684739486909,8.908556962758436,CCN3
GO_Biological_Process_2023,Calcium-Mediated Signaling Using Intracellular Calcium Source (GO:0035584),1/20,0.182171186958547,0.3739471816653478,0,0,5.231684739486909,8.908556962758436,DEFB1
GO_Biological_Process_2023,Regulation Of Protein Localization To Cell Periphery (GO:1904375),1/20,0.182171186958547,0.3739471816653478,0,0,5.231684739486909,8.908556962758436,VAMP8
GO_Biological_Process_2023,Cellular Response To Copper Ion (GO:0071280),1/20,0.182171186958547,0.3739471816653478,0,0,5.231684739486909,8.908556962758436,MT1X
GO_Biological_Process_2023,Cellular Response To pH (GO:0071467),1/20,0.182171186958547,0.3739471816653478,0,0,5.231684739486909,8.908556962758436,SCNN1B
GO_Biological_Process_2023,Hydrogen Peroxide Catabolic Process (GO:0042744),1/20,0.182171186958547,0.3739471816653478,0,0,5.231684739486909,8.908556962758436,PRDX1
GO_Biological_Process_2023,Intracellular Monoatomic Ion Homeostasis (GO:0006873),1/20,0.182171186958547,0.3739471816653478,0,0,5.231684739486909,8.908556962758436,RHCG
GO_Biological_Process_2023,Maturation Of LSU-rRNA (GO:0000470),1/20,0.182171186958547,0.3739471816653478,0,0,5.231684739486909,8.908556962758436,RPL7
GO_Biological_Process_2023,Regulation Of Calcium Ion Import (GO:0090279),1/20,0.182171186958547,0.3739471816653478,0,0,5.231684739486909,8.908556962758436,LGALS3
GO_Biological_Process_2023,Negative Regulation Of Protein Modification Process (GO:0031400),2/78,0.1834746263330842,0.3759620413281446,0,0,2.621477937267411,4.445184817601474,TSPO;CIB1
GO_Biological_Process_2023,Positive Regulation Of Protein Localization To Membrane (GO:1905477),2/79,0.1870767274857147,0.3800758667975542,0,0,2.5873015873015874,4.336929198982091,LGALS3;CIB1
GO_Biological_Process_2023,Negative Regulation Of Cellular Component Organization (GO:0051129),2/79,0.1870767274857147,0.3800758667975542,0,0,2.5873015873015874,4.336929198982091,LGALS3;CRYAB
GO_Biological_Process_2023,Negative Regulation Of Tumor Necrosis Factor-Mediated Signaling Pathway (GO:0010804),1/21,0.1903576498347592,0.3800758667975542,0,0,4.969849246231155,8.244237447277422,GSTP1
GO_Biological_Process_2023,Antigen Processing And Presentation Of Endogenous Peptide Antigen (GO:0002483),1/21,0.1903576498347592,0.3800758667975542,0,0,4.969849246231155,8.244237447277422,HLA-DRA
GO_Biological_Process_2023,Porphyrin-Containing Compound Biosynthetic Process (GO:0006779),1/21,0.1903576498347592,0.3800758667975542,0,0,4.969849246231155,8.244237447277422,TSPO
GO_Biological_Process_2023,Regulation Of Transferase Activity (GO:0051338),1/21,0.1903576498347592,0.3800758667975542,0,0,4.969849246231155,8.244237447277422,SPTSSB
GO_Biological_Process_2023,Cellular Response To Nerve Growth Factor Stimulus (GO:1990090),1/21,0.1903576498347592,0.3800758667975542,0,0,4.969849246231155,8.244237447277422,CIB1
GO_Biological_Process_2023,Response To Cadmium Ion (GO:0046686),1/21,0.1903576498347592,0.3800758667975542,0,0,4.969849246231155,8.244237447277422,MT1X
GO_Biological_Process_2023,Sodium Ion Import Across Plasma Membrane (GO:0098719),1/21,0.1903576498347592,0.3800758667975542,0,0,4.969849246231155,8.244237447277422,SCNN1B
GO_Biological_Process_2023,Positive Regulation Of Granulocyte Chemotaxis (GO:0071624),1/21,0.1903576498347592,0.3800758667975542,0,0,4.969849246231155,8.244237447277422,CD74
GO_Biological_Process_2023,Innate Immune Response In Mucosa (GO:0002227),1/21,0.1903576498347592,0.3800758667975542,0,0,4.969849246231155,8.244237447277422,DEFB1
GO_Biological_Process_2023,Positive Regulation Of Signal Transduction By P53 Class Mediator (GO:1901798),1/21,0.1903576498347592,0.3800758667975542,0,0,4.969849246231155,8.244237447277422,UBB
GO_Biological_Process_2023,Modulation By Host Of Viral Genome Replication (GO:0044827),1/21,0.1903576498347592,0.3800758667975542,0,0,4.969849246231155,8.244237447277422,EEF1A1
GO_Biological_Process_2023,Regulation Of Anoikis (GO:2000209),1/21,0.1903576498347592,0.3800758667975542,0,0,4.969849246231155,8.244237447277422,CEACAM6
GO_Biological_Process_2023,Response To Type II Interferon (GO:0034341),2/80,0.1906887482391839,0.3800758667975542,0,0,2.554001554001554,4.232268591096898,CD74;GAPDH
GO_Biological_Process_2023,Positive Regulation Of Immune Response (GO:0050778),2/80,0.1906887482391839,0.3800758667975542,0,0,2.554001554001554,4.232268591096898,CD74;HLA-DRA
GO_Biological_Process_2023,Regulation Of Interleukin-8 Production (GO:0032677),2/81,0.1943101337404015,0.385056950186342,0,0,2.521544559519243,4.131045868969444,CD74;ANXA1
GO_Biological_Process_2023,Positive Regulation Of Growth (GO:0045927),2/81,0.1943101337404015,0.385056950186342,0,0,2.521544559519243,4.131045868969444,CIB1;H3-3A
GO_Biological_Process_2023,Regulation Of Phosphorylation (GO:0042325),2/82,0.1979403391192459,0.385056950186342,0,0,2.48989898989899,4.033112516956104,HSPB1;CD24
GO_Biological_Process_2023,Negative Regulation Of Myeloid Cell Differentiation (GO:0045638),1/22,0.1984625719282345,0.385056950186342,0,0,4.732950466618808,7.653913334056085,CIB1
GO_Biological_Process_2023,Acylglycerol Biosynthetic Process (GO:0046463),1/22,0.1984625719282345,0.385056950186342,0,0,4.732950466618808,7.653913334056085,DGAT2
GO_Biological_Process_2023,Regulation Of Mononuclear Cell Migration (GO:0071675),1/22,0.1984625719282345,0.385056950186342,0,0,4.732950466618808,7.653913334056085,LGALS3
GO_Biological_Process_2023,Regulation Of Release Of Sequestered Calcium Ion Into Cytosol By Sarcoplasmic Reticulum (GO:0010880),1/22,0.1984625719282345,0.385056950186342,0,0,4.732950466618808,7.653913334056085,CALM2
GO_Biological_Process_2023,Cellular Response To Cadmium Ion (GO:0071276),1/22,0.1984625719282345,0.385056950186342,0,0,4.732950466618808,7.653913334056085,MT1X
GO_Biological_Process_2023,Cellular Response To Interferon-Beta (GO:0035458),1/22,0.1984625719282345,0.385056950186342,0,0,4.732950466618808,7.653913334056085,NDUFA13
GO_Biological_Process_2023,Cellular Response To Low-Density Lipoprotein Particle Stimulus (GO:0071404),1/22,0.1984625719282345,0.385056950186342,0,0,4.732950466618808,7.653913334056085,CD9
GO_Biological_Process_2023,Response To Gamma Radiation (GO:0010332),1/22,0.1984625719282345,0.385056950186342,0,0,4.732950466618808,7.653913334056085,CRYAB
GO_Biological_Process_2023,Ribosomal Large Subunit Assembly (GO:0000027),1/22,0.1984625719282345,0.385056950186342,0,0,4.732950466618808,7.653913334056085,RPLP0
GO_Biological_Process_2023,Positive Regulation Of Phosphatase Activity (GO:0010922),1/22,0.1984625719282345,0.385056950186342,0,0,4.732950466618808,7.653913334056085,CALM2
GO_Biological_Process_2023,Positive Regulation Of Protein Autophosphorylation (GO:0031954),1/22,0.1984625719282345,0.385056950186342,0,0,4.732950466618808,7.653913334056085,CALM2
GO_Biological_Process_2023,Membrane Protein Ectodomain Proteolysis (GO:0006509),1/22,0.1984625719282345,0.385056950186342,0,0,4.732950466618808,7.653913334056085,MMP7
GO_Biological_Process_2023,Modulation By Host Of Viral Process (GO:0044788),1/22,0.1984625719282345,0.385056950186342,0,0,4.732950466618808,7.653913334056085,KRT17
GO_Biological_Process_2023,Positive Regulation Of Phosphorylation (GO:0042327),4/231,0.2011412103951675,0.3896068552927956,0,0,1.7596871347658003,2.822094860805404,CD74;HSP90AA1;CIB1;RSPO1
GO_Biological_Process_2023,Regulation Of Cell Division (GO:0051302),2/83,0.2015788294152306,0.3898080674784593,0,0,2.4590347923681257,3.938328060173813,CIB1;CALM2
GO_Biological_Process_2023,Regulation Of I-kappaB kinase/NF-kappaB Signaling (GO:0043122),4/232,0.2031974404061652,0.390253296472652,0,0,1.7518796992481205,2.791755475410188,CD74;GSTP1;HSPB1;GAPDH
GO_Biological_Process_2023,Regulation Of Cysteine-Type Endopeptidase Activity Involved In Apoptotic Process (GO:0043281),2/84,0.2052250792916977,0.390253296472652,0,0,2.4289233801428924,3.84655954231675,NDUFA13;CTSD
GO_Biological_Process_2023,Purine Ribonucleotide Metabolic Process (GO:0009150),2/84,0.2052250792916977,0.390253296472652,0,0,2.4289233801428924,3.84655954231675,HINT1;ATP1B1
GO_Biological_Process_2023,Regulation Of Cholesterol Transport (GO:0032374),1/23,0.2064867613185778,0.390253296472652,0,0,4.517587939698492,7.126580711797677,TSPO
GO_Biological_Process_2023,Negative Regulation Of Lymphocyte Activation (GO:0051250),1/23,0.2064867613185778,0.390253296472652,0,0,4.517587939698492,7.126580711797677,LGALS3
GO_Biological_Process_2023,Negative Regulation Of Oxidative Stress-Induced Cell Death (GO:1903202),1/23,0.2064867613185778,0.390253296472652,0,0,4.517587939698492,7.126580711797677,HSPB1
GO_Biological_Process_2023,Negative Regulation Of Protein Depolymerization (GO:1901880),1/23,0.2064867613185778,0.390253296472652,0,0,4.517587939698492,7.126580711797677,CIB1
GO_Biological_Process_2023,Regulation Of Myotube Differentiation (GO:0010830),1/23,0.2064867613185778,0.390253296472652,0,0,4.517587939698492,7.126580711797677,CCN3
GO_Biological_Process_2023,Axon Extension (GO:0048675),1/23,0.2064867613185778,0.390253296472652,0,0,4.517587939698492,7.126580711797677,HSP90AA1
GO_Biological_Process_2023,Cell-Cell Signaling By Wnt (GO:0198738),1/23,0.2064867613185778,0.390253296472652,0,0,4.517587939698492,7.126580711797677,CD24
GO_Biological_Process_2023,Diacylglycerol Metabolic Process (GO:0046339),1/23,0.2064867613185778,0.390253296472652,0,0,4.517587939698492,7.126580711797677,DGAT2
GO_Biological_Process_2023,Positive Regulation Of Neutrophil Migration (GO:1902624),1/23,0.2064867613185778,0.390253296472652,0,0,4.517587939698492,7.126580711797677,CD74
GO_Biological_Process_2023,Positive Regulation Of Protein Targeting To Membrane (GO:0090314),1/23,0.2064867613185778,0.390253296472652,0,0,4.517587939698492,7.126580711797677,CIB1
GO_Biological_Process_2023,Lymphocyte Activation Involved In Immune Response (GO:0002285),1/23,0.2064867613185778,0.390253296472652,0,0,4.517587939698492,7.126580711797677,CD74
GO_Biological_Process_2023,Calcium-Mediated Signaling (GO:0019722),2/85,0.2088785730572049,0.3928666237211197,0,0,2.3995375441158573,3.7576810395091074,DEFB1;ATP1B1
GO_Biological_Process_2023,Positive Regulation Of Canonical Wnt Signaling Pathway (GO:0090263),2/85,0.2088785730572049,0.3928666237211197,0,0,2.3995375441158573,3.7576810395091074,SCEL;RSPO1
GO_Biological_Process_2023,Defense Response To Gram-positive Bacterium (GO:0050830),2/85,0.2088785730572049,0.3928666237211197,0,0,2.3995375441158573,3.7576810395091074,DEFB1;KRT6A
GO_Biological_Process_2023,Regulation Of Cytoplasmic Translation (GO:2000765),1/24,0.2144310182188985,0.3950401092739329,0,0,4.320952589032117,6.653261007649563,PKM
GO_Biological_Process_2023,Negative Regulation Of Ion Transmembrane Transporter Activity (GO:0032413),1/24,0.2144310182188985,0.3950401092739329,0,0,4.320952589032117,6.653261007649563,CALM2
GO_Biological_Process_2023,Regulation Of Heterotypic Cell-Cell Adhesion (GO:0034114),1/24,0.2144310182188985,0.3950401092739329,0,0,4.320952589032117,6.653261007649563,CEACAM6
GO_Biological_Process_2023,Regulation Of Microtubule Depolymerization (GO:0031114),1/24,0.2144310182188985,0.3950401092739329,0,0,4.320952589032117,6.653261007649563,CIB1
GO_Biological_Process_2023,Regulation Of Proteolysis Involved In Protein Catabolic Process (GO:1903050),1/24,0.2144310182188985,0.3950401092739329,0,0,4.320952589032117,6.653261007649563,UBB
GO_Biological_Process_2023,Cell Morphogenesis Involved In Differentiation (GO:0000904),1/24,0.2144310182188985,0.3950401092739329,0,0,4.320952589032117,6.653261007649563,RAB25
GO_Biological_Process_2023,Regulation Of Ruffle Assembly (GO:1900027),1/24,0.2144310182188985,0.3950401092739329,0,0,4.320952589032117,6.653261007649563,TACSTD2
GO_Biological_Process_2023,Regulation Of Ryanodine-Sensitive Calcium-Release Channel Activity (GO:0060314),1/24,0.2144310182188985,0.3950401092739329,0,0,4.320952589032117,6.653261007649563,CALM2
GO_Biological_Process_2023,Response To Copper Ion (GO:0046688),1/24,0.2144310182188985,0.3950401092739329,0,0,4.320952589032117,6.653261007649563,MT1X
GO_Biological_Process_2023,Eosinophil Chemotaxis (GO:0048245),1/24,0.2144310182188985,0.3950401092739329,0,0,4.320952589032117,6.653261007649563,LGALS3
GO_Biological_Process_2023,Eosinophil Migration (GO:0072677),1/24,0.2144310182188985,0.3950401092739329,0,0,4.320952589032117,6.653261007649563,LGALS3
GO_Biological_Process_2023,Positive Regulation Of Peptidyl-Threonine Phosphorylation (GO:0010800),1/24,0.2144310182188985,0.3950401092739329,0,0,4.320952589032117,6.653261007649563,CALM2
GO_Biological_Process_2023,Negative Regulation Of Antigen Receptor-Mediated Signaling Pathway (GO:0050858),1/24,0.2144310182188985,0.3950401092739329,0,0,4.320952589032117,6.653261007649563,LGALS3
GO_Biological_Process_2023,Regulation Of Insulin Secretion (GO:0050796),2/87,0.2162052764803214,0.3976815164236464,0,0,2.342840166369578,3.588122897733772,CCN3;FAM3D
GO_Biological_Process_2023,Negative Regulation Of Protein Kinase Activity (GO:0006469),2/88,0.2198775013707891,0.3988354615960321,0,0,2.315480385247827,3.5072227118932733,GSTP1;HSPB1
GO_Biological_Process_2023,Positive Regulation Of Cell Adhesion (GO:0045785),2/88,0.2198775013707891,0.3988354615960321,0,0,2.315480385247827,3.5072227118932733,CIB1;P4HB
GO_Biological_Process_2023,Negative Regulation Of Intrinsic Apoptotic Signaling Pathway In Response To DNA Damage (GO:1902230),1/25,0.2222961348450487,0.3988354615960321,0,0,4.14070351758794,6.226561570384656,CD74
GO_Biological_Process_2023,Negative Regulation Of Protein Localization To Membrane (GO:1905476),1/25,0.2222961348450487,0.3988354615960321,0,0,4.14070351758794,6.226561570384656,TMEM59
GO_Biological_Process_2023,Regulation Of Lysosomal Lumen pH (GO:0035751),1/25,0.2222961348450487,0.3988354615960321,0,0,4.14070351758794,6.226561570384656,ATP6V0B
GO_Biological_Process_2023,Negative Regulation Of Stress Fiber Assembly (GO:0051497),1/25,0.2222961348450487,0.3988354615960321,0,0,4.14070351758794,6.226561570384656,TACSTD2
GO_Biological_Process_2023,Regulation Of Monocyte Chemotaxis (GO:0090025),1/25,0.2222961348450487,0.3988354615960321,0,0,4.14070351758794,6.226561570384656,CCN3
GO_Biological_Process_2023,Regulation Of Neutrophil Chemotaxis (GO:0090022),1/25,0.2222961348450487,0.3988354615960321,0,0,4.14070351758794,6.226561570384656,CD74
GO_Biological_Process_2023,Regulation Of Platelet Aggregation (GO:0090330),1/25,0.2222961348450487,0.3988354615960321,0,0,4.14070351758794,6.226561570384656,CD9
GO_Biological_Process_2023,Cardiac Conduction System Development (GO:0003161),1/25,0.2222961348450487,0.3988354615960321,0,0,4.14070351758794,6.226561570384656,GJB6
GO_Biological_Process_2023,Peptide Hormone Secretion (GO:0030072),1/25,0.2222961348450487,0.3988354615960321,0,0,4.14070351758794,6.226561570384656,ANXA1
GO_Biological_Process_2023,Cellular Response To Steroid Hormone Stimulus (GO:0071383),1/25,0.2222961348450487,0.3988354615960321,0,0,4.14070351758794,6.226561570384656,ATP1A1
GO_Biological_Process_2023,Response To Zinc Ion (GO:0010043),1/25,0.2222961348450487,0.3988354615960321,0,0,4.14070351758794,6.226561570384656,MT1X
GO_Biological_Process_2023,fatty-acyl-CoA Biosynthetic Process (GO:0046949),1/25,0.2222961348450487,0.3988354615960321,0,0,4.14070351758794,6.226561570384656,ACSL1
GO_Biological_Process_2023,Ventricular Cardiac Muscle Tissue Development (GO:0003229),1/25,0.2222961348450487,0.3988354615960321,0,0,4.14070351758794,6.226561570384656,HOPX
GO_Biological_Process_2023,Purine Ribonucleotide Catabolic Process (GO:0009154),1/25,0.2222961348450487,0.3988354615960321,0,0,4.14070351758794,6.226561570384656,HINT1
GO_Biological_Process_2023,Cellular Response To Peptide Hormone Stimulus (GO:0071375),2/89,0.2235550003741977,0.3998656055697748,0,0,2.2887495646116336,3.428770706989903,PKM;SCNN1B
GO_Biological_Process_2023,Regulation Of Vesicle-Mediated Transport (GO:0060627),2/89,0.2235550003741977,0.3998656055697748,0,0,2.2887495646116336,3.428770706989903,RAB25;AP2S1
GO_Biological_Process_2023,Regulation Of Epidermal Growth Factor-Activated Receptor Activity (GO:0007176),1/26,0.2300828957266827,0.4077948743683846,0,0,3.974874371859297,5.840344997302112,AREG
GO_Biological_Process_2023,Negative Regulation Of Receptor-Mediated Endocytosis (GO:0048261),1/26,0.2300828957266827,0.4077948743683846,0,0,3.974874371859297,5.840344997302112,ANXA2
GO_Biological_Process_2023,cAMP-mediated Signaling (GO:0019933),1/26,0.2300828957266827,0.4077948743683846,0,0,3.974874371859297,5.840344997302112,DEFB1
GO_Biological_Process_2023,Organelle Membrane Fusion (GO:0090174),1/26,0.2300828957266827,0.4077948743683846,0,0,3.974874371859297,5.840344997302112,VAMP8
GO_Biological_Process_2023,Response To Glucocorticoid (GO:0051384),1/26,0.2300828957266827,0.4077948743683846,0,0,3.974874371859297,5.840344997302112,ANXA1
GO_Biological_Process_2023,Telomere Maintenance Via Telomere Lengthening (GO:0010833),1/26,0.2300828957266827,0.4077948743683846,0,0,3.974874371859297,5.840344997302112,HSP90AA1
GO_Biological_Process_2023,Positive Regulation Of MAP Kinase Activity (GO:0043406),2/91,0.2309239500321694,0.4080471613276458,0,0,2.237090001134945,3.2788286401533377,TPD52L1;CD24
GO_Biological_Process_2023,rRNA Metabolic Process (GO:0016072),2/91,0.2309239500321694,0.4080471613276458,0,0,2.237090001134945,3.2788286401533377,RPS6;RPL7
GO_Biological_Process_2023,Steroid Metabolic Process (GO:0008202),2/92,0.234614487227205,0.4126911538608805,0,0,2.212121212121212,3.2071589757618537,HSD11B2;TSPO
GO_Biological_Process_2023,T Cell Activation Involved In Immune Response (GO:0002286),1/27,0.2377920775242915,0.4126911538608805,0,0,3.821801314263626,5.489477227235043,CD74
GO_Biological_Process_2023,Regulation Of Peptidase Activity (GO:0052547),1/27,0.2377920775242915,0.4126911538608805,0,0,3.821801314263626,5.489477227235043,NDUFA13
GO_Biological_Process_2023,Peptide Cross-Linking (GO:0018149),1/27,0.2377920775242915,0.4126911538608805,0,0,3.821801314263626,5.489477227235043,ANXA1
GO_Biological_Process_2023,Cell Surface Receptor Signaling Pathway Involved In Cell-Cell Signaling (GO:1905114),1/27,0.2377920775242915,0.4126911538608805,0,0,3.821801314263626,5.489477227235043,CD24
GO_Biological_Process_2023,Cellular Response To Epidermal Growth Factor Stimulus (GO:0071364),1/27,0.2377920775242915,0.4126911538608805,0,0,3.821801314263626,5.489477227235043,EEF1A1
GO_Biological_Process_2023,Phospholipid Biosynthetic Process (GO:0008654),1/27,0.2377920775242915,0.4126911538608805,0,0,3.821801314263626,5.489477227235043,FDPS
GO_Biological_Process_2023,Positive Regulation Of Nitric Oxide Biosynthetic Process (GO:0045429),1/27,0.2377920775242915,0.4126911538608805,0,0,3.821801314263626,5.489477227235043,HSP90AA1
GO_Biological_Process_2023,Microtubule Polymerization Or Depolymerization (GO:0031109),1/27,0.2377920775242915,0.4126911538608805,0,0,3.821801314263626,5.489477227235043,TPPP3
GO_Biological_Process_2023,Myeloid Cell Development (GO:0061515),1/27,0.2377920775242915,0.4126911538608805,0,0,3.821801314263626,5.489477227235043,ANXA2
GO_Biological_Process_2023,Regulation Of SMAD Protein Signal Transduction (GO:0060390),1/27,0.2377920775242915,0.4126911538608805,0,0,3.821801314263626,5.489477227235043,CCN3
GO_Biological_Process_2023,Negative Regulation Of NIK/NF-kappaB Signaling (GO:1901223),1/27,0.2377920775242915,0.4126911538608805,0,0,3.821801314263626,5.489477227235043,CCN3
GO_Biological_Process_2023,Vesicle Organization (GO:0016050),2/94,0.2420054666899618,0.4165217620931009,0,0,2.163812033377251,3.070005614813883,VAMP8;ANXA2
GO_Biological_Process_2023,Golgi To Plasma Membrane Protein Transport (GO:0043001),1/28,0.2454244493195781,0.4165217620931009,0,0,3.680067001675042,5.169633447658624,KRT18
GO_Biological_Process_2023,Apoptotic Cell Clearance (GO:0043277),1/28,0.2454244493195781,0.4165217620931009,0,0,3.680067001675042,5.169633447658624,ANXA1
GO_Biological_Process_2023,Regulation Of Protein Localization To Membrane (GO:1905475),1/28,0.2454244493195781,0.4165217620931009,0,0,3.680067001675042,5.169633447658624,VAMP8
GO_Biological_Process_2023,Regulation Of Protein Targeting To Membrane (GO:0090313),1/28,0.2454244493195781,0.4165217620931009,0,0,3.680067001675042,5.169633447658624,CIB1
GO_Biological_Process_2023,Regulation Of Sodium Ion Transmembrane Transport (GO:1902305),1/28,0.2454244493195781,0.4165217620931009,0,0,3.680067001675042,5.169633447658624,FXYD3
GO_Biological_Process_2023,Positive Regulation Of Defense Response To Virus By Host (GO:0002230),1/28,0.2454244493195781,0.4165217620931009,0,0,3.680067001675042,5.169633447658624,HSP90AA1
GO_Biological_Process_2023,Positive Regulation Of Fibroblast Proliferation (GO:0048146),1/28,0.2454244493195781,0.4165217620931009,0,0,3.680067001675042,5.169633447658624,CD74
GO_Biological_Process_2023,Vascular Endothelial Growth Factor Receptor Signaling Pathway (GO:0048010),1/28,0.2454244493195781,0.4165217620931009,0,0,3.680067001675042,5.169633447658624,HSPB1
GO_Biological_Process_2023,Positive Regulation Of Nitric Oxide Metabolic Process (GO:1904407),1/28,0.2454244493195781,0.4165217620931009,0,0,3.680067001675042,5.169633447658624,HSP90AA1
GO_Biological_Process_2023,Protein Depolymerization (GO:0051261),1/28,0.2454244493195781,0.4165217620931009,0,0,3.680067001675042,5.169633447658624,DSTN
GO_Biological_Process_2023,Mucosal Immune Response (GO:0002385),1/28,0.2454244493195781,0.4165217620931009,0,0,3.680067001675042,5.169633447658624,DEFB1
GO_Biological_Process_2023,"Regulation Of DNA Damage Response, Signal Transduction By P53 Class Mediator (GO:0043516)",1/28,0.2454244493195781,0.4165217620931009,0,0,3.680067001675042,5.169633447658624,CD74
GO_Biological_Process_2023,Negative Regulation Of Actin Filament Bundle Assembly (GO:0032232),1/28,0.2454244493195781,0.4165217620931009,0,0,3.680067001675042,5.169633447658624,TACSTD2
GO_Biological_Process_2023,Negative Regulation Of Cation Channel Activity (GO:2001258),1/28,0.2454244493195781,0.4165217620931009,0,0,3.680067001675042,5.169633447658624,CALM2
GO_Biological_Process_2023,Positive Regulation Of Epithelial Cell Migration (GO:0010634),2/95,0.2457050463032076,0.4165217620931009,0,0,2.140436624307592,3.004367063071291,RAB25;ANXA3
GO_Biological_Process_2023,Negative Regulation Of Plasma Membrane Bounded Cell Projection Assembly (GO:0120033),1/29,0.252980772589684,0.4187433690367868,0,0,3.548456568557071,4.877147000705543,TACSTD2
GO_Biological_Process_2023,TOR Signaling (GO:0031929),1/29,0.252980772589684,0.4187433690367868,0,0,3.548456568557071,4.877147000705543,RPS6
GO_Biological_Process_2023,Regulation Of Muscle Contraction (GO:0006937),1/29,0.252980772589684,0.4187433690367868,0,0,3.548456568557071,4.877147000705543,ENO1
GO_Biological_Process_2023,Carbohydrate Derivative Biosynthetic Process (GO:1901137),1/29,0.252980772589684,0.4187433690367868,0,0,3.548456568557071,4.877147000705543,TPI1
GO_Biological_Process_2023,Regulation Of Protein Modification By Small Protein Conjugation Or Removal (GO:1903320),1/29,0.252980772589684,0.4187433690367868,0,0,3.548456568557071,4.877147000705543,HSP90AA1
GO_Biological_Process_2023,Regulation Of Striated Muscle Contraction (GO:0006942),1/29,0.252980772589684,0.4187433690367868,0,0,3.548456568557071,4.877147000705543,CALM2
GO_Biological_Process_2023,Positive Regulation Of B Cell Proliferation (GO:0030890),1/29,0.252980772589684,0.4187433690367868,0,0,3.548456568557071,4.877147000705543,CD74
GO_Biological_Process_2023,Chondrocyte Differentiation (GO:0002062),1/29,0.252980772589684,0.4187433690367868,0,0,3.548456568557071,4.877147000705543,CCN3
GO_Biological_Process_2023,Response To Interferon-Beta (GO:0035456),1/29,0.252980772589684,0.4187433690367868,0,0,3.548456568557071,4.877147000705543,NDUFA13
GO_Biological_Process_2023,Positive Regulation Of Calcium Ion Transport (GO:0051928),1/29,0.252980772589684,0.4187433690367868,0,0,3.548456568557071,4.877147000705543,LGALS3
GO_Biological_Process_2023,Defense Response To Fungus (GO:0050832),1/29,0.252980772589684,0.4187433690367868,0,0,3.548456568557071,4.877147000705543,GAPDH
GO_Biological_Process_2023,Response To Steroid Hormone (GO:0048545),1/29,0.252980772589684,0.4187433690367868,0,0,3.548456568557071,4.877147000705543,ATP1A1
GO_Biological_Process_2023,Sarcomere Organization (GO:0045214),1/29,0.252980772589684,0.4187433690367868,0,0,3.548456568557071,4.877147000705543,KRT19
GO_Biological_Process_2023,Positive Regulation Of Dephosphorylation (GO:0035306),1/29,0.252980772589684,0.4187433690367868,0,0,3.548456568557071,4.877147000705543,CALM2
GO_Biological_Process_2023,Maintenance Of Blood-Brain Barrier (GO:0035633),1/29,0.252980772589684,0.4187433690367868,0,0,3.548456568557071,4.877147000705543,GJB6
GO_Biological_Process_2023,Regulation Of Protein Localization (GO:0032880),2/97,0.253110289845866,0.4187433690367868,0,0,2.095162147793727,2.878606039624586,HSP90AA1;CTSD
GO_Biological_Process_2023,Monocarboxylic Acid Metabolic Process (GO:0032787),2/97,0.253110289845866,0.4187433690367868,0,0,2.095162147793727,2.878606039624586,KRT17;TSPO
GO_Biological_Process_2023,Cardiac Muscle Cell Action Potential Involved In Contraction (GO:0086002),1/30,0.2604618012849767,0.4272744155910853,0,0,3.425922717033443,4.608890626901229,ATP1A1
GO_Biological_Process_2023,Response To Epidermal Growth Factor (GO:0070849),1/30,0.2604618012849767,0.4272744155910853,0,0,3.425922717033443,4.608890626901229,EEF1A1
GO_Biological_Process_2023,Cytoplasmic Translational Initiation (GO:0002183),1/30,0.2604618012849767,0.4272744155910853,0,0,3.425922717033443,4.608890626901229,EIF3K
GO_Biological_Process_2023,"Maturation Of SSU-rRNA From Tricistronic rRNA Transcript (SSU-rRNA, 5.8S rRNA, LSU-rRNA) (GO:0000462)",1/30,0.2604618012849767,0.4272744155910853,0,0,3.425922717033443,4.608890626901229,RPS14
GO_Biological_Process_2023,Negative Regulation Of Calcium Ion Transmembrane Transporter Activity (GO:1901020),1/30,0.2604618012849767,0.4272744155910853,0,0,3.425922717033443,4.608890626901229,CALM2
GO_Biological_Process_2023,Regulation Of Calcium-Mediated Signaling (GO:0050848),1/30,0.2604618012849767,0.4272744155910853,0,0,3.425922717033443,4.608890626901229,CALM2
GO_Biological_Process_2023,ncRNA Processing (GO:0034470),2/100,0.2642273190435063,0.432738801286457,0,0,2.0307153164296023,2.702771390555414,RPS6;RPL7
GO_Biological_Process_2023,Regulation Of Extrinsic Apoptotic Signaling Pathway Via Death Domain Receptors (GO:1902041),1/31,0.2678682819607093,0.432738801286457,0,0,3.3115577889447234,4.362182296847866,LGALS3
GO_Biological_Process_2023,Negative Regulation Of Microtubule Polymerization Or Depolymerization (GO:0031111),1/31,0.2678682819607093,0.432738801286457,0,0,3.3115577889447234,4.362182296847866,CIB1
GO_Biological_Process_2023,Regulation Of Macrophage Activation (GO:0043030),1/31,0.2678682819607093,0.432738801286457,0,0,3.3115577889447234,4.362182296847866,CD74
GO_Biological_Process_2023,Regulation Of Protein Autophosphorylation (GO:0031952),1/31,0.2678682819607093,0.432738801286457,0,0,3.3115577889447234,4.362182296847866,CALM2
GO_Biological_Process_2023,Positive Regulation Of G1/S Transition Of Mitotic Cell Cycle (GO:1900087),1/31,0.2678682819607093,0.432738801286457,0,0,3.3115577889447234,4.362182296847866,ANXA1
GO_Biological_Process_2023,Positive Regulation Of Leukocyte Migration (GO:0002687),1/31,0.2678682819607093,0.432738801286457,0,0,3.3115577889447234,4.362182296847866,LGALS3
GO_Biological_Process_2023,Positive Regulation Of Mononuclear Cell Migration (GO:0071677),1/31,0.2678682819607093,0.432738801286457,0,0,3.3115577889447234,4.362182296847866,LGALS3
GO_Biological_Process_2023,Triglyceride Homeostasis (GO:0070328),1/31,0.2678682819607093,0.432738801286457,0,0,3.3115577889447234,4.362182296847866,DGAT2
GO_Biological_Process_2023,Presynaptic Endocytosis (GO:0140238),1/31,0.2678682819607093,0.432738801286457,0,0,3.3115577889447234,4.362182296847866,AP2S1
GO_Biological_Process_2023,Regulation Of Cell Morphogenesis (GO:0022604),1/31,0.2678682819607093,0.432738801286457,0,0,3.3115577889447234,4.362182296847866,CLDN4
GO_Biological_Process_2023,Calcium Ion Homeostasis (GO:0055074),2/102,0.2716402584331571,0.4376218232412793,0,0,1.9898989898989896,2.593388923930461,ATP1B1;ATP6V1B1
GO_Biological_Process_2023,Protein Catabolic Process (GO:0030163),2/102,0.2716402584331571,0.4376218232412793,0,0,1.9898989898989896,2.593388923930461,HSP90AA1;CTSD
GO_Biological_Process_2023,Cellular Nitrogen Compound Biosynthetic Process (GO:0044271),1/32,0.2752009537742224,0.4403215260387558,0,0,3.204571243313341,4.1347099266061775,SPTSSB
GO_Biological_Process_2023,Very Long-Chain Fatty Acid Metabolic Process (GO:0000038),1/32,0.2752009537742224,0.4403215260387558,0,0,3.204571243313341,4.1347099266061775,ACSL1
GO_Biological_Process_2023,Mitochondrial Membrane Organization (GO:0007006),1/32,0.2752009537742224,0.4403215260387558,0,0,3.204571243313341,4.1347099266061775,SLC25A5
GO_Biological_Process_2023,Purine Ribonucleoside Triphosphate Metabolic Process (GO:0009205),1/32,0.2752009537742224,0.4403215260387558,0,0,3.204571243313341,4.1347099266061775,ATP1B1
GO_Biological_Process_2023,Regulation Of Calcium Ion Transmembrane Transporter Activity (GO:1901019),1/32,0.2752009537742224,0.4403215260387558,0,0,3.204571243313341,4.1347099266061775,CALM2
GO_Biological_Process_2023,Positive Regulation Of Vasculature Development (GO:1904018),2/104,0.2790510068326582,0.442704361115203,0,0,1.95068330362448,2.4897754945672688,ANXA3;HSPB1
GO_Biological_Process_2023,Negative Regulation Of Endocytosis (GO:0045806),1/33,0.2824605485993796,0.442704361115203,0,0,3.1042713567839195,3.9244707255325473,LGALS3
GO_Biological_Process_2023,Negative Regulation Of Epithelial Cell Migration (GO:0010633),1/33,0.2824605485993796,0.442704361115203,0,0,3.1042713567839195,3.9244707255325473,TACSTD2
GO_Biological_Process_2023,Cardiac Muscle Contraction (GO:0060048),1/33,0.2824605485993796,0.442704361115203,0,0,3.1042713567839195,3.9244707255325473,ATP1B1
GO_Biological_Process_2023,Regulation Of Sprouting Angiogenesis (GO:1903670),1/33,0.2824605485993796,0.442704361115203,0,0,3.1042713567839195,3.9244707255325473,PKM
GO_Biological_Process_2023,Positive Regulation Of Notch Signaling Pathway (GO:0045747),1/33,0.2824605485993796,0.442704361115203,0,0,3.1042713567839195,3.9244707255325473,CCN3
GO_Biological_Process_2023,Positive Regulation Of T Cell Mediated Cytotoxicity (GO:0001916),1/33,0.2824605485993796,0.442704361115203,0,0,3.1042713567839195,3.9244707255325473,HLA-DRA
GO_Biological_Process_2023,Signal Transduction By P53 Class Mediator (GO:0072331),1/33,0.2824605485993796,0.442704361115203,0,0,3.1042713567839195,3.9244707255325473,HINT1
GO_Biological_Process_2023,Positive Regulation Of Epidermal Growth Factor Receptor Signaling Pathway (GO:0045742),1/33,0.2824605485993796,0.442704361115203,0,0,3.1042713567839195,3.9244707255325473,AREG
GO_Biological_Process_2023,Positive Regulation Of Protein Dephosphorylation (GO:0035307),1/33,0.2824605485993796,0.442704361115203,0,0,3.1042713567839195,3.9244707255325473,CALM2
GO_Biological_Process_2023,Positive Regulation Of Release Of Sequestered Calcium Ion Into Cytosol (GO:0051281),1/33,0.2824605485993796,0.442704361115203,0,0,3.1042713567839195,3.9244707255325473,CALM2
GO_Biological_Process_2023,Positive Regulation Of Telomerase Activity (GO:0051973),1/33,0.2824605485993796,0.442704361115203,0,0,3.1042713567839195,3.9244707255325473,HSP90AA1
GO_Biological_Process_2023,Regulation Of Activated T Cell Proliferation (GO:0046006),1/33,0.2824605485993796,0.442704361115203,0,0,3.1042713567839195,3.9244707255325473,CD24
GO_Biological_Process_2023,Regulation Of Cell Adhesion Mediated By Integrin (GO:0033628),1/33,0.2824605485993796,0.442704361115203,0,0,3.1042713567839195,3.9244707255325473,CIB1
GO_Biological_Process_2023,Intrinsic Apoptotic Signaling Pathway (GO:0097193),2/105,0.2827546689999499,0.442704361115203,0,0,1.931646562714524,2.440008904942008,HINT1;CD24
GO_Biological_Process_2023,Negative Regulation Of MAPK Cascade (GO:0043409),2/105,0.2827546689999499,0.442704361115203,0,0,1.931646562714524,2.440008904942008,GSTP1;PEBP1
GO_Biological_Process_2023,Positive Regulation Of Cell Growth (GO:0030307),2/106,0.2864567291305087,0.4459252648077724,0,0,1.912975912975913,2.3915408635892965,CIB1;H3-3A
GO_Biological_Process_2023,Regulation Of Metal Ion Transport (GO:0010959),1/34,0.2896477910754225,0.4459252648077724,0,0,3.010050251256281,3.7297219848476746,ATP1A1
GO_Biological_Process_2023,Organophosphate Biosynthetic Process (GO:0090407),1/34,0.2896477910754225,0.4459252648077724,0,0,3.010050251256281,3.7297219848476746,TPI1
GO_Biological_Process_2023,Cellular Response To Hydrogen Peroxide (GO:0070301),1/34,0.2896477910754225,0.4459252648077724,0,0,3.010050251256281,3.7297219848476746,ANXA1
GO_Biological_Process_2023,Cellular Response To Vascular Endothelial Growth Factor Stimulus (GO:0035924),1/34,0.2896477910754225,0.4459252648077724,0,0,3.010050251256281,3.7297219848476746,HSPB1
GO_Biological_Process_2023,Superoxide Metabolic Process (GO:0006801),1/34,0.2896477910754225,0.4459252648077724,0,0,3.010050251256281,3.7297219848476746,PRDX1
GO_Biological_Process_2023,Inner Mitochondrial Membrane Organization (GO:0007007),1/34,0.2896477910754225,0.4459252648077724,0,0,3.010050251256281,3.7297219848476746,NDUFA13
GO_Biological_Process_2023,Membrane Protein Proteolysis (GO:0033619),1/34,0.2896477910754225,0.4459252648077724,0,0,3.010050251256281,3.7297219848476746,MMP7
GO_Biological_Process_2023,Microtubule Polymerization (GO:0046785),1/34,0.2896477910754225,0.4459252648077724,0,0,3.010050251256281,3.7297219848476746,TPPP3
GO_Biological_Process_2023,Regulation Of T Cell Receptor Signaling Pathway (GO:0050856),1/34,0.2896477910754225,0.4459252648077724,0,0,3.010050251256281,3.7297219848476746,LGALS3
GO_Biological_Process_2023,Negative Regulation Of JNK Cascade (GO:0046329),1/34,0.2896477910754225,0.4459252648077724,0,0,3.010050251256281,3.7297219848476746,GSTP1
GO_Biological_Process_2023,Regulation Of calcineurin-NFAT Signaling Cascade (GO:0070884),1/34,0.2896477910754225,0.4459252648077724,0,0,3.010050251256281,3.7297219848476746,CIB1
GO_Biological_Process_2023,Positive Regulation Of T Cell Activation (GO:0050870),2/107,0.290156850388619,0.4459252648077724,0,0,1.8946608946608947,2.344327659095108,ANXA1;HLA-DRA
GO_Biological_Process_2023,Monoatomic Ion Transport (GO:0006811),2/107,0.290156850388619,0.4459252648077724,0,0,1.8946608946608947,2.344327659095108,VDAC2;TSPO
GO_Biological_Process_2023,Endocytosis (GO:0006897),3/189,0.2932709854088831,0.4501189368693501,0,0,1.6058621254298346,1.969843996438265,ANXA1;ANXA3;RHOV
GO_Biological_Process_2023,Regulation Of Sodium Ion Transport (GO:0002028),1/35,0.2967633987534311,0.4536906410261879,0,0,2.9213715637008573,3.54894088012851,ATP1A1
GO_Biological_Process_2023,Platelet Aggregation (GO:0070527),1/35,0.2967633987534311,0.4536906410261879,0,0,2.9213715637008573,3.54894088012851,HSPB1
GO_Biological_Process_2023,Intrinsic Apoptotic Signaling Pathway By P53 Class Mediator (GO:0072332),1/35,0.2967633987534311,0.4536906410261879,0,0,2.9213715637008573,3.54894088012851,HINT1
GO_Biological_Process_2023,Positive Regulation Of Cysteine-Type Endopeptidase Activity Involved In Apoptotic Process (GO:0043280),2/109,0.2975499631159602,0.4537054267877827,0,0,1.8590578684036627,2.2534999856206213,NDUFA13;CTSD
GO_Biological_Process_2023,Regulation Of Wnt Signaling Pathway (GO:0030111),2/109,0.2975499631159602,0.4537054267877827,0,0,1.8590578684036627,2.2534999856206213,RSPO1;ATP6V1C2
GO_Biological_Process_2023,Response To Lipid (GO:0033993),2/110,0.3012423146906411,0.4584597412891649,0,0,1.8417508417508417,2.209806893363538,ANXA1;SLPI
GO_Biological_Process_2023,Negative Regulation Of Protein Kinase B Signaling (GO:0051898),1/36,0.3038080819844295,0.4584597412891649,0,0,2.8377602297200286,3.380791434126185,CIB1
GO_Biological_Process_2023,Regulation Of Intracellular Protein Transport (GO:0033157),1/36,0.3038080819844295,0.4584597412891649,0,0,2.8377602297200286,3.380791434126185,OAZ1
GO_Biological_Process_2023,Regulation Of Peptidyl-Threonine Phosphorylation (GO:0010799),1/36,0.3038080819844295,0.4584597412891649,0,0,2.8377602297200286,3.380791434126185,CALM2
GO_Biological_Process_2023,Regulation Of Trans-Synaptic Signaling (GO:0099177),1/36,0.3038080819844295,0.4584597412891649,0,0,2.8377602297200286,3.380791434126185,FABP5
GO_Biological_Process_2023,Positive Regulation Of Interferon-Beta Production (GO:0032728),1/36,0.3038080819844295,0.4584597412891649,0,0,2.8377602297200286,3.380791434126185,HSP90AA1
GO_Biological_Process_2023,Positive Regulation Of Signaling Receptor Activity (GO:2000273),1/36,0.3038080819844295,0.4584597412891649,0,0,2.8377602297200286,3.380791434126185,AREG
GO_Biological_Process_2023,Regulation Of T Cell Mediated Cytotoxicity (GO:0001914),1/36,0.3038080819844295,0.4584597412891649,0,0,2.8377602297200286,3.380791434126185,HLA-DRA
GO_Biological_Process_2023,Negative Regulation Of Inflammatory Response (GO:0050728),2/111,0.3049314473928455,0.4595612007159272,0,0,1.8247613752200909,2.167211222684004,GSTP1;CCN3
GO_Biological_Process_2023,Regulation Of Protein Serine/Threonine Kinase Activity (GO:0071900),2/112,0.3086170575351828,0.4630025659248693,0,0,1.808080808080808,2.1256775548508937,CIB1;CALM2
GO_Biological_Process_2023,Negative Regulation Of Endothelial Cell Proliferation (GO:0001937),1/37,0.3107825442509396,0.4630025659248693,0,0,2.758793969849246,3.2240971983470845,ATP5F1A
GO_Biological_Process_2023,Regulation Of Defense Response To Virus By Host (GO:0050691),1/37,0.3107825442509396,0.4630025659248693,0,0,2.758793969849246,3.2240971983470845,HSP90AA1
GO_Biological_Process_2023,Negative Regulation Of Stress-Activated MAPK Cascade (GO:0032873),1/37,0.3107825442509396,0.4630025659248693,0,0,2.758793969849246,3.2240971983470845,GSTP1
GO_Biological_Process_2023,Regulation Of Phosphoprotein Phosphatase Activity (GO:0043666),1/37,0.3107825442509396,0.4630025659248693,0,0,2.758793969849246,3.2240971983470845,CALM2
GO_Biological_Process_2023,Regulation Of Sodium Ion Transmembrane Transporter Activity (GO:2000649),1/37,0.3107825442509396,0.4630025659248693,0,0,2.758793969849246,3.2240971983470845,FXYD3
GO_Biological_Process_2023,Positive Regulation Of Immune Effector Process (GO:0002699),1/37,0.3107825442509396,0.4630025659248693,0,0,2.758793969849246,3.2240971983470845,HLA-DRA
GO_Biological_Process_2023,Positive Regulation Of Signaling (GO:0023056),1/37,0.3107825442509396,0.4630025659248693,0,0,2.758793969849246,3.2240971983470845,ANXA2
GO_Biological_Process_2023,Regulation Of Cellular Component Biogenesis (GO:0044087),1/37,0.3107825442509396,0.4630025659248693,0,0,2.758793969849246,3.2240971983470845,HSP90AA1
GO_Biological_Process_2023,Regulation Of Protein Ubiquitination (GO:0031396),2/113,0.3122988478346994,0.4640776771894769,0,0,1.7917007917007917,2.0851718925161022,HSP90AA1;UBB
GO_Biological_Process_2023,Positive Regulation Of Cellular Component Organization (GO:0051130),2/113,0.3122988478346994,0.4640776771894769,0,0,1.7917007917007917,2.0851718925161022,LGALS3;ANXA2
GO_Biological_Process_2023,G2/M Transition Of Mitotic Cell Cycle (GO:0000086),1/38,0.3176874819497763,0.4679180062009316,0,0,2.684096156457965,3.07781854672427,TPD52L1
GO_Biological_Process_2023,Regulation Of Intracellular Transport (GO:0032386),1/38,0.3176874819497763,0.4679180062009316,0,0,2.684096156457965,3.07781854672427,CRYAB
GO_Biological_Process_2023,Positive Regulation Of Cation Channel Activity (GO:2001259),1/38,0.3176874819497763,0.4679180062009316,0,0,2.684096156457965,3.07781854672427,CALM2
GO_Biological_Process_2023,Response To Peptide (GO:1901652),1/38,0.3176874819497763,0.4679180062009316,0,0,2.684096156457965,3.07781854672427,ANXA1
GO_Biological_Process_2023,Establishment Of Protein Localization To Plasma Membrane (GO:0061951),1/38,0.3176874819497763,0.4679180062009316,0,0,2.684096156457965,3.07781854672427,KRT18
GO_Biological_Process_2023,Positive Regulation Of Protein Tyrosine Kinase Activity (GO:0061098),1/38,0.3176874819497763,0.4679180062009316,0,0,2.684096156457965,3.07781854672427,AREG
GO_Biological_Process_2023,Maturation Of SSU-rRNA (GO:0030490),1/38,0.3176874819497763,0.4679180062009316,0,0,2.684096156457965,3.07781854672427,RPS14
GO_Biological_Process_2023,Negative Regulation Of Mitochondrion Organization (GO:0010823),1/39,0.3245235847719431,0.4720343051228263,0,0,2.6133298069293835,2.941033694945818,SLC25A5
GO_Biological_Process_2023,Regulation Of Mitochondrial Membrane Potential (GO:0051881),1/39,0.3245235847719431,0.4720343051228263,0,0,2.6133298069293835,2.941033694945818,UBB
GO_Biological_Process_2023,Anterograde Axonal Transport (GO:0008089),1/39,0.3245235847719431,0.4720343051228263,0,0,2.6133298069293835,2.941033694945818,HSPB1
GO_Biological_Process_2023,Neuron Projection Extension (GO:1990138),1/39,0.3245235847719431,0.4720343051228263,0,0,2.6133298069293835,2.941033694945818,HSP90AA1
GO_Biological_Process_2023,Regulation Of Nitric Oxide Biosynthetic Process (GO:0045428),1/39,0.3245235847719431,0.4720343051228263,0,0,2.6133298069293835,2.941033694945818,HSP90AA1
GO_Biological_Process_2023,Organelle Transport Along Microtubule (GO:0072384),1/39,0.3245235847719431,0.4720343051228263,0,0,2.6133298069293835,2.941033694945818,UBB
GO_Biological_Process_2023,Regulation Of Receptor-Mediated Endocytosis (GO:0048259),1/39,0.3245235847719431,0.4720343051228263,0,0,2.6133298069293835,2.941033694945818,RSPO1
GO_Biological_Process_2023,Positive Regulation Of Intracellular Transport (GO:0032388),1/39,0.3245235847719431,0.4720343051228263,0,0,2.6133298069293835,2.941033694945818,OAZ1
GO_Biological_Process_2023,Positive Regulation Of Intrinsic Apoptotic Signaling Pathway (GO:2001244),1/39,0.3245235847719431,0.4720343051228263,0,0,2.6133298069293835,2.941033694945818,UBB
GO_Biological_Process_2023,Negative Regulation Of Cell-Substrate Adhesion (GO:0010812),1/39,0.3245235847719431,0.4720343051228263,0,0,2.6133298069293835,2.941033694945818,TACSTD2
GO_Biological_Process_2023,Positive Regulation Of Protein Phosphorylation (GO:0001934),5/377,0.3256494750423488,0.4730828194645068,0,0,1.339123242349049,1.5024075021078962,CD74;HSP90AA1;CIB1;RSPO1;CALM2
GO_Biological_Process_2023,Notch Signaling Pathway (GO:0007219),1/40,0.3312915354401823,0.4753667240714164,0,0,2.54619250096637,2.8129227654318845,GMDS
GO_Biological_Process_2023,Nucleic Acid-Templated Transcription (GO:0097659),1/40,0.3312915354401823,0.4753667240714164,0,0,2.54619250096637,2.8129227654318845,PTMA
GO_Biological_Process_2023,Regulation Of Protein Dephosphorylation (GO:0035304),1/40,0.3312915354401823,0.4753667240714164,0,0,2.54619250096637,2.8129227654318845,CALM2
GO_Biological_Process_2023,Cell Cycle G2/M Phase Transition (GO:0044839),1/40,0.3312915354401823,0.4753667240714164,0,0,2.54619250096637,2.8129227654318845,TPD52L1
GO_Biological_Process_2023,Cellular Response To Heat (GO:0034605),1/40,0.3312915354401823,0.4753667240714164,0,0,2.54619250096637,2.8129227654318845,HSP90AA1
GO_Biological_Process_2023,Cyclic-Nucleotide-Mediated Signaling (GO:0019935),1/40,0.3312915354401823,0.4753667240714164,0,0,2.54619250096637,2.8129227654318845,DEFB1
GO_Biological_Process_2023,Positive Regulation Of Catalytic Activity (GO:0043085),1/40,0.3312915354401823,0.4753667240714164,0,0,2.54619250096637,2.8129227654318845,CIB1
GO_Biological_Process_2023,Positive Regulation Of Cell Cycle G1/S Phase Transition (GO:1902808),1/40,0.3312915354401823,0.4753667240714164,0,0,2.54619250096637,2.8129227654318845,ANXA1
GO_Biological_Process_2023,Synaptic Vesicle Endocytosis (GO:0048488),1/40,0.3312915354401823,0.4753667240714164,0,0,2.54619250096637,2.8129227654318845,AP2S1
GO_Biological_Process_2023,Positive Regulation Of Myeloid Leukocyte Differentiation (GO:0002763),1/40,0.3312915354401823,0.4753667240714164,0,0,2.54619250096637,2.8129227654318845,CD74
GO_Biological_Process_2023,Regulation Of Protein Kinase Activity (GO:0045859),2/119,0.3342934948533607,0.4790856466119328,0,0,1.6993006993006994,1.8619848571697335,GSTP1;HSPB1
GO_Biological_Process_2023,Regulation Of Chemokine Production (GO:0032642),1/41,0.3379920100397979,0.4814325216176634,0,0,2.4824120603015074,2.6927543377926204,CD74
GO_Biological_Process_2023,Acylglycerol Metabolic Process (GO:0006639),1/41,0.3379920100397979,0.4814325216176634,0,0,2.4824120603015074,2.6927543377926204,DGAT2
GO_Biological_Process_2023,Cellular Response To Retinoic Acid (GO:0071300),1/41,0.3379920100397979,0.4814325216176634,0,0,2.4824120603015074,2.6927543377926204,NDUFA13
GO_Biological_Process_2023,Stem Cell Differentiation (GO:0048863),1/41,0.3379920100397979,0.4814325216176634,0,0,2.4824120603015074,2.6927543377926204,EPCAM
GO_Biological_Process_2023,Heart Contraction (GO:0060047),1/41,0.3379920100397979,0.4814325216176634,0,0,2.4824120603015074,2.6927543377926204,ATP1B1
GO_Biological_Process_2023,Ceramide Biosynthetic Process (GO:0046513),1/42,0.344625677945044,0.4884985337861789,0,0,2.4217428606446867,2.579874053958348,SPTSSB
GO_Biological_Process_2023,Monoatomic Cation Transport (GO:0006812),1/42,0.344625677945044,0.4884985337861789,0,0,2.4217428606446867,2.579874053958348,ATP1B1
GO_Biological_Process_2023,Monocyte Chemotaxis (GO:0002548),1/42,0.344625677945044,0.4884985337861789,0,0,2.4217428606446867,2.579874053958348,LGALS3
GO_Biological_Process_2023,Negative Regulation Of I-kappaB kinase/NF-kappaB Signaling (GO:0043124),1/42,0.344625677945044,0.4884985337861789,0,0,2.4217428606446867,2.579874053958348,GSTP1
GO_Biological_Process_2023,Positive Regulation Of Multicellular Organismal Process (GO:0051240),5/387,0.3453775156859827,0.4889708343287609,0,0,1.3033964290508793,1.385663177573437,FABP5;ACSL1;ENO1;GAPDH;DECR1
GO_Biological_Process_2023,Organonitrogen Compound Biosynthetic Process (GO:1901566),2/123,0.3488455825927885,0.492429363586312,0,0,1.642791551882461,1.73006635039327,GSTP1;SPTSSB
GO_Biological_Process_2023,Regulation Of Cell Motility (GO:2000145),2/123,0.3488455825927885,0.492429363586312,0,0,1.642791551882461,1.73006635039327,TACSTD2;SPINT2
GO_Biological_Process_2023,Positive Regulation Of T Cell Mediated Immunity (GO:0002711),1/43,0.3511932019412653,0.492429363586312,0,0,2.363962670495334,2.473694919601735,HLA-DRA
GO_Biological_Process_2023,Glycolipid Biosynthetic Process (GO:0009247),1/43,0.3511932019412653,0.492429363586312,0,0,2.363962670495334,2.473694919601735,CWH43
GO_Biological_Process_2023,Positive Regulation Of Receptor-Mediated Endocytosis (GO:0048260),1/43,0.3511932019412653,0.492429363586312,0,0,2.363962670495334,2.473694919601735,ANXA2
GO_Biological_Process_2023,Intracellular Steroid Hormone Receptor Signaling Pathway (GO:0030518),1/43,0.3511932019412653,0.492429363586312,0,0,2.363962670495334,2.473694919601735,SCGB2A1
GO_Biological_Process_2023,Regulation Of JUN Kinase Activity (GO:0043506),1/43,0.3511932019412653,0.492429363586312,0,0,2.363962670495334,2.473694919601735,GSTP1
GO_Biological_Process_2023,Regulation Of Cell-Cell Adhesion (GO:0022407),1/43,0.3511932019412653,0.492429363586312,0,0,2.363962670495334,2.473694919601735,SPINT2
GO_Biological_Process_2023,Response To Cytokine (GO:0034097),2/125,0.3560823858036039,0.495009524071811,0,0,1.6159152500615914,1.668583024830908,CD74;ANXA1
GO_Biological_Process_2023,Autophagosome Maturation (GO:0097352),1/44,0.3576952382847675,0.495009524071811,0,0,2.308869931050602,2.373689018141451,VAMP8
GO_Biological_Process_2023,Cellular Response To Ketone (GO:1901655),1/44,0.3576952382847675,0.495009524071811,0,0,2.308869931050602,2.373689018141451,SCNN1B
GO_Biological_Process_2023,Regulation Of Transport (GO:0051049),1/44,0.3576952382847675,0.495009524071811,0,0,2.308869931050602,2.373689018141451,RAB25
GO_Biological_Process_2023,Positive Regulation Of Chemotaxis (GO:0050921),1/44,0.3576952382847675,0.495009524071811,0,0,2.308869931050602,2.373689018141451,HSPB1
GO_Biological_Process_2023,Positive Regulation Of Cytokine-Mediated Signaling Pathway (GO:0001961),1/44,0.3576952382847675,0.495009524071811,0,0,2.308869931050602,2.373689018141451,CD74
GO_Biological_Process_2023,Establishment Of Protein Localization To Mitochondrion (GO:0072655),1/44,0.3576952382847675,0.495009524071811,0,0,2.308869931050602,2.373689018141451,TSPO
GO_Biological_Process_2023,Extracellular Matrix Disassembly (GO:0022617),1/44,0.3576952382847675,0.495009524071811,0,0,2.308869931050602,2.373689018141451,MMP7
GO_Biological_Process_2023,Positive Regulation Of Leukocyte Cell-Cell Adhesion (GO:1903039),1/44,0.3576952382847675,0.495009524071811,0,0,2.308869931050602,2.373689018141451,HLA-DRA
GO_Biological_Process_2023,Synaptic Vesicle Recycling (GO:0036465),1/44,0.3576952382847675,0.495009524071811,0,0,2.308869931050602,2.373689018141451,AP2S1
GO_Biological_Process_2023,Regulation Of B Cell Proliferation (GO:0030888),1/44,0.3576952382847675,0.495009524071811,0,0,2.308869931050602,2.373689018141451,CD74
GO_Biological_Process_2023,Positive Regulation Of Intracellular Protein Transport (GO:0090316),2/126,0.3596901730363681,0.4965935249485554,0,0,1.6028022157054416,1.638884897548312,CIB1;OAZ1
GO_Biological_Process_2023,Protein-Containing Complex Organization (GO:0043933),2/126,0.3596901730363681,0.4965935249485554,0,0,1.6028022157054416,1.638884897548312,CD74;CHCHD10
GO_Biological_Process_2023,Regulation Of Tumor Necrosis Factor Production (GO:0032680),2/127,0.3632905914777368,0.4968536051866423,0,0,1.58989898989899,1.6098557795920132,GSTP1;HSPB1
GO_Biological_Process_2023,Regulation Of Protein Modification Process (GO:0031399),1/45,0.3641324366778817,0.4968536051866423,0,0,2.256281407035176,2.279380404926681,HSPB1
GO_Biological_Process_2023,Regulation Of Stem Cell Differentiation (GO:2000736),1/45,0.3641324366778817,0.4968536051866423,0,0,2.256281407035176,2.279380404926681,TACSTD2
GO_Biological_Process_2023,Regulation Of Telomerase Activity (GO:0051972),1/45,0.3641324366778817,0.4968536051866423,0,0,2.256281407035176,2.279380404926681,HSP90AA1
GO_Biological_Process_2023,Chromosome Organization (GO:0051276),1/45,0.3641324366778817,0.4968536051866423,0,0,2.256281407035176,2.279380404926681,H3-3A
GO_Biological_Process_2023,Epidermal Growth Factor Receptor Signaling Pathway (GO:0007173),1/45,0.3641324366778817,0.4968536051866423,0,0,2.256281407035176,2.279380404926681,AREG
GO_Biological_Process_2023,Triglyceride Metabolic Process (GO:0006641),1/45,0.3641324366778817,0.4968536051866423,0,0,2.256281407035176,2.279380404926681,DGAT2
GO_Biological_Process_2023,Hexose Metabolic Process (GO:0019318),1/45,0.3641324366778817,0.4968536051866423,0,0,2.256281407035176,2.279380404926681,DCXR
GO_Biological_Process_2023,Natural Killer Cell Activation (GO:0030101),1/45,0.3641324366778817,0.4968536051866423,0,0,2.256281407035176,2.279380404926681,PRDX1
GO_Biological_Process_2023,Regulation Of Apoptotic Signaling Pathway (GO:2001233),1/45,0.3641324366778817,0.4968536051866423,0,0,2.256281407035176,2.279380404926681,TPD52L1
GO_Biological_Process_2023,T Cell Differentiation (GO:0030217),1/46,0.3705054405101429,0.5019704452189444,0,0,2.2060301507537687,2.1903389894516705,ANXA1
GO_Biological_Process_2023,Cellular Component Disassembly (GO:0022411),1/46,0.3705054405101429,0.5019704452189444,0,0,2.2060301507537687,2.1903389894516705,MMP7
GO_Biological_Process_2023,Response To Hydrogen Peroxide (GO:0042542),1/46,0.3705054405101429,0.5019704452189444,0,0,2.2060301507537687,2.1903389894516705,ANXA1
GO_Biological_Process_2023,Positive Regulation Of Cell-Cell Adhesion (GO:0022409),1/46,0.3705054405101429,0.5019704452189444,0,0,2.2060301507537687,2.1903389894516705,CEACAM6
GO_Biological_Process_2023,Homotypic Cell-Cell Adhesion (GO:0034109),1/46,0.3705054405101429,0.5019704452189444,0,0,2.2060301507537687,2.1903389894516705,HSPB1
GO_Biological_Process_2023,Myofibril Assembly (GO:0030239),1/46,0.3705054405101429,0.5019704452189444,0,0,2.2060301507537687,2.1903389894516705,KRT19
GO_Biological_Process_2023,Cellular Response To Cytokine Stimulus (GO:0071345),4/308,0.3708908340958468,0.5019704452189444,0,0,1.3088077336197637,1.2981376882489437,NDUFA13;MT1X;CIB1;GAPDH
GO_Biological_Process_2023,Positive Regulation Of MAPK Cascade (GO:0043410),4/310,0.3754241757308193,0.50646695934674,0,0,1.3001200480192077,1.2737259949705566,CD74;CIB1;CD24;TPD52L1
GO_Biological_Process_2023,Golgi To Plasma Membrane Transport (GO:0006893),1/47,0.376814886705751,0.50646695934674,0,0,2.1579637317019884,2.1061752538856453,KRT18
GO_Biological_Process_2023,Negative Regulation Of Tumor Necrosis Factor Production (GO:0032720),1/47,0.376814886705751,0.50646695934674,0,0,2.1579637317019884,2.1061752538856453,GSTP1
GO_Biological_Process_2023,Cognition (GO:0050890),1/47,0.376814886705751,0.50646695934674,0,0,2.1579637317019884,2.1061752538856453,HLA-DRA
GO_Biological_Process_2023,Secondary Alcohol Metabolic Process (GO:1902652),1/47,0.376814886705751,0.50646695934674,0,0,2.1579637317019884,2.1061752538856453,IDH2
GO_Biological_Process_2023,Positive Regulation Of Lymphocyte Activation (GO:0051251),1/47,0.376814886705751,0.50646695934674,0,0,2.1579637317019884,2.1061752538856453,HLA-DRA
GO_Biological_Process_2023,Regulation Of Tumor Necrosis Factor-Mediated Signaling Pathway (GO:0010803),1/48,0.3830614060395898,0.5130914246034872,0,0,2.111942692184326,2.026535673888961,GSTP1
GO_Biological_Process_2023,Cytoplasmic Microtubule Organization (GO:0031122),1/48,0.3830614060395898,0.5130914246034872,0,0,2.111942692184326,2.026535673888961,CIB1
GO_Biological_Process_2023,Negative Regulation Of ERK1 And ERK2 Cascade (GO:0070373),1/48,0.3830614060395898,0.5130914246034872,0,0,2.111942692184326,2.026535673888961,GSTP1
GO_Biological_Process_2023,Negative Regulation Of Tumor Necrosis Factor Superfamily Cytokine Production (GO:1903556),1/49,0.3892456229672477,0.5178119449040379,0,0,2.0678391959799,1.9510987409424116,GSTP1
GO_Biological_Process_2023,Fatty Acid Beta-Oxidation (GO:0006635),1/49,0.3892456229672477,0.5178119449040379,0,0,2.0678391959799,1.9510987409424116,DECR1
GO_Biological_Process_2023,Heterophilic Cell-Cell Adhesion Via Plasma Membrane Cell Adhesion Molecules (GO:0007157),1/49,0.3892456229672477,0.5178119449040379,0,0,2.0678391959799,1.9510987409424116,CEACAM6
GO_Biological_Process_2023,Negative Regulation Of DNA Metabolic Process (GO:0051053),1/49,0.3892456229672477,0.5178119449040379,0,0,2.0678391959799,1.9510987409424116,S100A11
GO_Biological_Process_2023,Negative Regulation Of T Cell Activation (GO:0050868),1/49,0.3892456229672477,0.5178119449040379,0,0,2.0678391959799,1.9510987409424116,LGALS3
GO_Biological_Process_2023,Regulation Of Cell Communication (GO:0010646),1/49,0.3892456229672477,0.5178119449040379,0,0,2.0678391959799,1.9510987409424116,ANXA1
GO_Biological_Process_2023,Cellular Response To Metal Ion (GO:0071248),2/135,0.3918041128092912,0.5200337904473329,0,0,1.4936583883952306,1.3995478670313066,AOC1;MT1X
GO_Biological_Process_2023,Vesicle-Mediated Transport (GO:0016192),5/411,0.3929459523716909,0.5200337904473329,0,0,1.224832638625742,1.1440955934207682,VAMP8;ANXA2;RAB25;AP2S1;RHOV
GO_Biological_Process_2023,Regulation Of Protein Kinase B Signaling (GO:0051896),2/136,0.3953292015314795,0.5200337904473329,0,0,1.4824363033318255,1.375754908856019,HSP90AA1;CIB1
GO_Biological_Process_2023,"G Protein-Coupled Receptor Signaling Pathway, Coupled To Cyclic Nucleotide Second Messenger (GO:0007187)",1/50,0.3953681557510544,0.5200337904473329,0,0,2.025535842477695,1.8795714928238212,ANXA1
GO_Biological_Process_2023,Regulation Of Interferon-Beta Production (GO:0032648),1/50,0.3953681557510544,0.5200337904473329,0,0,2.025535842477695,1.8795714928238212,HSP90AA1
GO_Biological_Process_2023,Cell Chemotaxis (GO:0060326),1/50,0.3953681557510544,0.5200337904473329,0,0,2.025535842477695,1.8795714928238212,CCN3
GO_Biological_Process_2023,Plasma Membrane Bounded Cell Projection Morphogenesis (GO:0120039),1/50,0.3953681557510544,0.5200337904473329,0,0,2.025535842477695,1.8795714928238212,UBB
GO_Biological_Process_2023,Positive Regulation Of Fat Cell Differentiation (GO:0045600),1/50,0.3953681557510544,0.5200337904473329,0,0,2.025535842477695,1.8795714928238212,ADIRF
GO_Biological_Process_2023,Intracellular Iron Ion Homeostasis (GO:0006879),1/50,0.3953681557510544,0.5200337904473329,0,0,2.025535842477695,1.8795714928238212,ATP6V1G1
GO_Biological_Process_2023,Negative Regulation Of Cell Projection Organization (GO:0031345),1/50,0.3953681557510544,0.5200337904473329,0,0,2.025535842477695,1.8795714928238212,CIB1
GO_Biological_Process_2023,Protein Localization To Plasma Membrane (GO:0072659),2/137,0.3988450044858849,0.5221267174702113,0,0,1.4713804713804717,1.3524670293145111,ATP1B3;ATP1B1
GO_Biological_Process_2023,Apoptotic Process (GO:0006915),3/228,0.3994350278292476,0.5221267174702113,0,0,1.3248730964467006,1.2158415530366304,MAL;CIB1;GAPDH
GO_Biological_Process_2023,Cellular Response To Lipid (GO:0071396),3/228,0.3994350278292476,0.5221267174702113,0,0,1.3248730964467006,1.2158415530366304,NDUFA13;GSTP1;ATP1A1
GO_Biological_Process_2023,Amide Biosynthetic Process (GO:0043604),1/51,0.4014296166851454,0.5221267174702113,0,0,1.984924623115578,1.8116864795932897,SPTSSB
GO_Biological_Process_2023,Regulation Of Release Of Sequestered Calcium Ion Into Cytosol (GO:0051279),1/51,0.4014296166851454,0.5221267174702113,0,0,1.984924623115578,1.8116864795932897,CALM2
GO_Biological_Process_2023,Regulation Of Stress-Activated MAPK Cascade (GO:0032872),1/51,0.4014296166851454,0.5221267174702113,0,0,1.984924623115578,1.8116864795932897,GSTP1
GO_Biological_Process_2023,Positive Regulation Of Leukocyte Mediated Cytotoxicity (GO:0001912),1/51,0.4014296166851454,0.5221267174702113,0,0,1.984924623115578,1.8116864795932897,HLA-DRA
GO_Biological_Process_2023,Microtubule Bundle Formation (GO:0001578),1/51,0.4014296166851454,0.5221267174702113,0,0,1.984924623115578,1.8116864795932897,TPPP3
GO_Biological_Process_2023,Receptor Internalization (GO:0031623),1/51,0.4014296166851454,0.5221267174702113,0,0,1.984924623115578,1.8116864795932897,CD9
GO_Biological_Process_2023,Negative Regulation Of MAP Kinase Activity (GO:0043407),1/51,0.4014296166851454,0.5221267174702113,0,0,1.984924623115578,1.8116864795932897,GSTP1
GO_Biological_Process_2023,Rho Protein Signal Transduction (GO:0007266),1/52,0.4074306117999475,0.5246735993190063,0,0,1.9459060005911912,1.7471991060741807,RHOV
GO_Biological_Process_2023,Arachidonic Acid Metabolic Process (GO:0019369),1/52,0.4074306117999475,0.5246735993190063,0,0,1.9459060005911912,1.7471991060741807,GPX4
GO_Biological_Process_2023,Cartilage Development (GO:0051216),1/52,0.4074306117999475,0.5246735993190063,0,0,1.9459060005911912,1.7471991060741807,CCN3
GO_Biological_Process_2023,Regulation Of Proteolysis (GO:0030162),1/52,0.4074306117999475,0.5246735993190063,0,0,1.9459060005911912,1.7471991060741807,PERP
GO_Biological_Process_2023,Cellular Response To Ionizing Radiation (GO:0071479),1/52,0.4074306117999475,0.5246735993190063,0,0,1.9459060005911912,1.7471991060741807,CRYAB
GO_Biological_Process_2023,Positive Regulation Of B Cell Activation (GO:0050871),1/52,0.4074306117999475,0.5246735993190063,0,0,1.9459060005911912,1.7471991060741807,CD74
GO_Biological_Process_2023,Fatty Acid Oxidation (GO:0019395),1/52,0.4074306117999475,0.5246735993190063,0,0,1.9459060005911912,1.7471991060741807,DECR1
GO_Biological_Process_2023,Icosanoid Metabolic Process (GO:0006690),1/52,0.4074306117999475,0.5246735993190063,0,0,1.9459060005911912,1.7471991060741807,GPX4
GO_Biological_Process_2023,Regulation Of Cell Development (GO:0060284),1/52,0.4074306117999475,0.5246735993190063,0,0,1.9459060005911912,1.7471991060741807,ANXA2
GO_Biological_Process_2023,Negative Regulation Of Metabolic Process (GO:0009892),1/53,0.4133717413870322,0.5282474769584832,0,0,1.9083880943177425,1.6858852917962188,GSTP1
GO_Biological_Process_2023,Actin Polymerization Or Depolymerization (GO:0008154),1/53,0.4133717413870322,0.5282474769584832,0,0,1.9083880943177425,1.6858852917962188,DSTN
GO_Biological_Process_2023,Negative Regulation Of Viral Genome Replication (GO:0045071),1/53,0.4133717413870322,0.5282474769584832,0,0,1.9083880943177425,1.6858852917962188,SLPI
GO_Biological_Process_2023,Regulation Of Proteasomal Protein Catabolic Process (GO:0061136),1/53,0.4133717413870322,0.5282474769584832,0,0,1.9083880943177425,1.6858852917962188,UBB
GO_Biological_Process_2023,Cellular Response To Alcohol (GO:0097306),1/53,0.4133717413870322,0.5282474769584832,0,0,1.9083880943177425,1.6858852917962188,SCNN1B
GO_Biological_Process_2023,Positive Regulation Of Chemokine Production (GO:0032722),1/53,0.4133717413870322,0.5282474769584832,0,0,1.9083880943177425,1.6858852917962188,CD74
GO_Biological_Process_2023,Endosome Organization (GO:0007032),1/53,0.4133717413870322,0.5282474769584832,0,0,1.9083880943177425,1.6858852917962188,ATP6V0B
GO_Biological_Process_2023,Protein Localization To Cell Periphery (GO:1990778),2/142,0.4162790368686154,0.5313813279372053,0,0,1.4184704184704184,1.2431467398061158,ATP1B3;ATP1B1
GO_Biological_Process_2023,ERBB Signaling Pathway (GO:0038127),1/54,0.4192535996279672,0.5316918614174437,0,0,1.8722859580923483,1.627539412897697,AREG
GO_Biological_Process_2023,Regulation Of Exocytosis (GO:0017157),1/54,0.4192535996279672,0.5316918614174437,0,0,1.8722859580923483,1.627539412897697,ANXA2
GO_Biological_Process_2023,Negative Regulation Of Neuron Projection Development (GO:0010977),1/54,0.4192535996279672,0.5316918614174437,0,0,1.8722859580923483,1.627539412897697,CIB1
GO_Biological_Process_2023,Negative Regulation Of Protein Catabolic Process (GO:0042177),1/54,0.4192535996279672,0.5316918614174437,0,0,1.8722859580923483,1.627539412897697,ANXA2
GO_Biological_Process_2023,Nucleosome Assembly (GO:0006334),1/54,0.4192535996279672,0.5316918614174437,0,0,1.8722859580923483,1.627539412897697,H3-3A
GO_Biological_Process_2023,Endoplasmic Reticulum Organization (GO:0007029),1/54,0.4192535996279672,0.5316918614174437,0,0,1.8722859580923483,1.627539412897697,SPTSSB
GO_Biological_Process_2023,Inflammatory Response (GO:0006954),3/236,0.420828571813749,0.5331103816469185,0,0,1.278861026992876,1.106892227976248,ANXA1;ELF3;KRT16
GO_Biological_Process_2023,Phosphatidylcholine Metabolic Process (GO:0046470),1/55,0.4250767749174149,0.5367455925443683,0,0,1.8375209380234503,1.5719724807707876,TSPO
GO_Biological_Process_2023,Ceramide Metabolic Process (GO:0006672),1/55,0.4250767749174149,0.5367455925443683,0,0,1.8375209380234503,1.5719724807707876,SPTSSB
GO_Biological_Process_2023,Response To Peptide Hormone (GO:0043434),1/55,0.4250767749174149,0.5367455925443683,0,0,1.8375209380234503,1.5719724807707876,ANXA1
GO_Biological_Process_2023,Regulation Of Reactive Oxygen Species Metabolic Process (GO:2000377),1/56,0.4308418497249187,0.542851435252109,0,0,1.8040201005025125,1.5190105312629705,DCXR
GO_Biological_Process_2023,Regulation Of Cation Channel Activity (GO:2001257),1/56,0.4308418497249187,0.542851435252109,0,0,1.8040201005025125,1.5190105312629705,CALM2
GO_Biological_Process_2023,Negative Regulation Of Protein Metabolic Process (GO:0051248),2/147,0.433457636286527,0.5455587491192495,0,0,1.369209334726576,1.1446058954410874,CRYAB;GAPDH
GO_Biological_Process_2023,Chemokine-Mediated Signaling Pathway (GO:0070098),1/57,0.4365494010474847,0.5470919532440581,0,0,1.7717157214644652,1.4684931926330618,CIB1
GO_Biological_Process_2023,Striated Muscle Contraction (GO:0006941),1/57,0.4365494010474847,0.5470919532440581,0,0,1.7717157214644652,1.4684931926330618,ATP1B1
GO_Biological_Process_2023,Positive Regulation Of Interleukin-1 Beta Production (GO:0032731),1/57,0.4365494010474847,0.5470919532440581,0,0,1.7717157214644652,1.4684931926330618,HSPB1
GO_Biological_Process_2023,Membrane Lipid Biosynthetic Process (GO:0046467),1/57,0.4365494010474847,0.5470919532440581,0,0,1.7717157214644652,1.4684931926330618,SPTSSB
GO_Biological_Process_2023,Regulation Of ERK1 And ERK2 Cascade (GO:0070372),3/244,0.4419660769453039,0.5518051279979755,0,0,1.2359037007393054,1.0091427454898318,CD74;GSTP1;CIB1
GO_Biological_Process_2023,Regulation Of Neuron Death (GO:1901214),1/58,0.4421999998339941,0.5518051279979755,0,0,1.740544829410209,1.4202724160163902,UBB
GO_Biological_Process_2023,Response To Organic Cyclic Compound (GO:0014070),1/58,0.4421999998339941,0.5518051279979755,0,0,1.740544829410209,1.4202724160163902,ANXA1
GO_Biological_Process_2023,Positive Regulation Of Mitochondrion Organization (GO:0010822),1/58,0.4421999998339941,0.5518051279979755,0,0,1.740544829410209,1.4202724160163902,CHCHD10
GO_Biological_Process_2023,Negative Regulation Of Protein-Containing Complex Assembly (GO:0031333),1/59,0.4477942115947188,0.5552267931450441,0,0,1.7104487957026513,1.3742113392020114,CRYAB
GO_Biological_Process_2023,Anterior/Posterior Pattern Specification (GO:0009952),1/59,0.4477942115947188,0.5552267931450441,0,0,1.7104487957026513,1.3742113392020114,HES4
GO_Biological_Process_2023,Regulation Of Multicellular Organismal Development (GO:2000026),1/59,0.4477942115947188,0.5552267931450441,0,0,1.7104487957026513,1.3742113392020114,CD24
GO_Biological_Process_2023,Regulation Of Type I Interferon Production (GO:0032479),1/59,0.4477942115947188,0.5552267931450441,0,0,1.7104487957026513,1.3742113392020114,GAPDH
GO_Biological_Process_2023,protein-DNA Complex Assembly (GO:0065004),1/59,0.4477942115947188,0.5552267931450441,0,0,1.7104487957026513,1.3742113392020114,H3-3A
GO_Biological_Process_2023,Negative Regulation Of Cytokine-Mediated Signaling Pathway (GO:0001960),1/59,0.4477942115947188,0.5552267931450441,0,0,1.7104487957026513,1.3742113392020114,GSTP1
GO_Biological_Process_2023,Cellular Response To Organic Cyclic Compound (GO:0071407),2/152,0.4503639175015068,0.557820843734634,0,0,1.323232323232323,1.0555415211165364,AOC1;ATP1A1
GO_Biological_Process_2023,Response To Retinoic Acid (GO:0032526),1/60,0.4533325962584122,0.5601846159399424,0,0,1.681372966527553,1.330183274831934,NDUFA13
GO_Biological_Process_2023,Homophilic Cell Adhesion Via Plasma Membrane Adhesion Molecules (GO:0007156),1/60,0.4533325962584122,0.5601846159399424,0,0,1.681372966527553,1.330183274831934,CEACAM6
GO_Biological_Process_2023,Regulation Of Cellular Component Organization (GO:0051128),2/153,0.4537111701020423,0.5601846159399424,0,0,1.314402301157268,1.0387648733741028,HSP90AA1;AP2S1
GO_Biological_Process_2023,Negative Regulation Of Viral Process (GO:0048525),1/61,0.4588157080798082,0.5646962560982255,0,0,1.6532663316582914,1.288070804786777,SLPI
GO_Biological_Process_2023,Positive Regulation Of Interleukin-8 Production (GO:0032757),1/61,0.4588157080798082,0.5646962560982255,0,0,1.6532663316582914,1.288070804786777,CD74
GO_Biological_Process_2023,Fatty Acid Catabolic Process (GO:0009062),1/61,0.4588157080798082,0.5646962560982255,0,0,1.6532663316582914,1.288070804786777,DECR1
GO_Biological_Process_2023,Positive Regulation Of Apoptotic Signaling Pathway (GO:2001235),1/62,0.4642440960951576,0.5695767901671682,0,0,1.6260812258011368,1.2477649663473405,TPD52L1
GO_Biological_Process_2023,Protein Lipidation (GO:0006497),1/62,0.4642440960951576,0.5695767901671682,0,0,1.6260812258011368,1.2477649663473405,CWH43
GO_Biological_Process_2023,Protein-Containing Complex Disassembly (GO:0032984),1/62,0.4642440960951576,0.5695767901671682,0,0,1.6260812258011368,1.2477649663473405,VAMP8
GO_Biological_Process_2023,Telomere Organization (GO:0032200),1/63,0.4696183035751055,0.5737596010206311,0,0,1.5997730588426,1.2091645247691418,H3-3A
GO_Biological_Process_2023,Positive Regulation Of Mitotic Cell Cycle Phase Transition (GO:1901992),1/63,0.4696183035751055,0.5737596010206311,0,0,1.5997730588426,1.2091645247691418,ANXA1
GO_Biological_Process_2023,Inorganic Anion Transmembrane Transport (GO:0098661),1/63,0.4696183035751055,0.5737596010206311,0,0,1.5997730588426,1.2091645247691418,SLC25A3
GO_Biological_Process_2023,Regulation Of Cellular Catabolic Process (GO:0031329),1/63,0.4696183035751055,0.5737596010206311,0,0,1.5997730588426,1.2091645247691418,HSPB1
GO_Biological_Process_2023,Response To Lipopolysaccharide (GO:0032496),2/159,0.4735477497536846,0.576042158502517,0,0,1.263784340217461,0.9446819881327648,SLPI;GSTP1
GO_Biological_Process_2023,Regulation Of Secretion By Cell (GO:1903530),1/64,0.4749388686968527,0.576042158502517,0,0,1.574300071787509,1.1721753146425786,VAMP8
GO_Biological_Process_2023,Cellular Response To Virus (GO:0098586),1/64,0.4749388686968527,0.576042158502517,0,0,1.574300071787509,1.1721753146425786,HSP90AA1
GO_Biological_Process_2023,Positive Regulation Of T Cell Differentiation (GO:0045582),1/64,0.4749388686968527,0.576042158502517,0,0,1.574300071787509,1.1721753146425786,HLA-DRA
GO_Biological_Process_2023,Positive Regulation Of Interleukin-1 Production (GO:0032732),1/64,0.4749388686968527,0.576042158502517,0,0,1.574300071787509,1.1721753146425786,HSPB1
GO_Biological_Process_2023,Positive Regulation Of Macroautophagy (GO:0016239),1/64,0.4749388686968527,0.576042158502517,0,0,1.574300071787509,1.1721753146425786,SLC25A5
GO_Biological_Process_2023,Negative Regulation Of Cell Death (GO:0060548),1/64,0.4749388686968527,0.576042158502517,0,0,1.574300071787509,1.1721753146425786,CCN3
GO_Biological_Process_2023,Regulation Of Translational Initiation (GO:0006446),1/65,0.4802063242660991,0.5800217029398178,0,0,1.5496231155778897,1.1367096495006708,HSPB1
GO_Biological_Process_2023,Positive Regulation Of DNA Biosynthetic Process (GO:2000573),1/65,0.4802063242660991,0.5800217029398178,0,0,1.5496231155778897,1.1367096495006708,HSP90AA1
GO_Biological_Process_2023,Fatty Acid Biosynthetic Process (GO:0006633),1/65,0.4802063242660991,0.5800217029398178,0,0,1.5496231155778897,1.1367096495006708,GPX4
GO_Biological_Process_2023,Regulation Of Cell-Matrix Adhesion (GO:0001952),1/65,0.4802063242660991,0.5800217029398178,0,0,1.5496231155778897,1.1367096495006708,CIB1
GO_Biological_Process_2023,Cellular Component Assembly (GO:0022607),3/260,0.4833003012573331,0.5831557354014102,0,0,1.1580122064429477,0.8420104504443533,CD74;KRT14;CHCHD10
GO_Biological_Process_2023,Negative Regulation Of Immune Response (GO:0050777),1/66,0.4854211976341649,0.5839052099245157,0,0,1.525705450328566,1.1026857881843173,LGALS3
GO_Biological_Process_2023,Cellular Response To Type II Interferon (GO:0071346),1/66,0.4854211976341649,0.5839052099245157,0,0,1.525705450328566,1.1026857881843173,GAPDH
GO_Biological_Process_2023,Response To Reactive Oxygen Species (GO:0000302),1/66,0.4854211976341649,0.5839052099245157,0,0,1.525705450328566,1.1026857881843173,GSTP1
GO_Biological_Process_2023,Regulation Of Viral Genome Replication (GO:0045069),1/67,0.4905840112592053,0.5882978697646323,0,0,1.5025125628140703,1.0700274503610792,SLPI
GO_Biological_Process_2023,Extrinsic Apoptotic Signaling Pathway (GO:0097191),1/67,0.4905840112592053,0.5882978697646323,0,0,1.5025125628140703,1.0700274503610792,CIB1
GO_Biological_Process_2023,Protein Secretion (GO:0009306),1/67,0.4905840112592053,0.5882978697646323,0,0,1.5025125628140703,1.0700274503610792,ANXA1
GO_Biological_Process_2023,B Cell Differentiation (GO:0030183),1/68,0.4956952821636893,0.5938175277612197,0,0,1.4800120003000077,1.0386633811930914,SLC25A5
GO_Biological_Process_2023,Regulation Of Cytokine Production (GO:0001817),2/167,0.4993126955468189,0.5974284474528783,0,0,1.202020202020202,0.8348303583619261,ANXA1;GAPDH
GO_Biological_Process_2023,Regulation Of Heart Contraction (GO:0008016),1/69,0.500755522308534,0.5974284474528783,0,0,1.4581732190363583,1.0085269537658983,CALM2
GO_Biological_Process_2023,Regulation Of Monoatomic Ion Transmembrane Transporter Activity (GO:0032412),1/69,0.500755522308534,0.5974284474528783,0,0,1.4581732190363583,1.0085269537658983,FXYD3
GO_Biological_Process_2023,Phospholipid Metabolic Process (GO:0006644),1/69,0.500755522308534,0.5974284474528783,0,0,1.4581732190363583,1.0085269537658983,GPX4
GO_Biological_Process_2023,Negative Regulation Of Epithelial Cell Proliferation (GO:0050680),1/70,0.5057652387756465,0.600339226514182,0,0,1.4369674459252786,0.9795558086095748,ATP5F1A
GO_Biological_Process_2023,Neutrophil Chemotaxis (GO:0030593),1/70,0.5057652387756465,0.600339226514182,0,0,1.4369674459252786,0.9795558086095748,LGALS3
GO_Biological_Process_2023,Sulfur Compound Biosynthetic Process (GO:0044272),1/70,0.5057652387756465,0.600339226514182,0,0,1.4369674459252786,0.9795558086095748,GSTP1
GO_Biological_Process_2023,Positive Regulation Of Protein Transport (GO:0051222),1/70,0.5057652387756465,0.600339226514182,0,0,1.4369674459252786,0.9795558086095748,OAZ1
GO_Biological_Process_2023,Regulation Of Notch Signaling Pathway (GO:0008593),1/70,0.5057652387756465,0.600339226514182,0,0,1.4369674459252786,0.9795558086095748,CCN3
GO_Biological_Process_2023,Positive Regulation Of Apoptotic Process (GO:0043065),3/270,0.5083911657906469,0.602843534663427,0,0,1.114070609707409,0.7536733533286407,RPS6;TPD52L1;CTSD
GO_Biological_Process_2023,Negative Regulation Of Protein Binding (GO:0032091),1/71,0.5107249334696091,0.6043837105293856,0,0,1.416367552045944,0.9516915272016224,SLPI
GO_Biological_Process_2023,Lipid Biosynthetic Process (GO:0008610),1/71,0.5107249334696091,0.6043837105293856,0,0,1.416367552045944,0.9516915272016224,ACSL1
GO_Biological_Process_2023,Regulation Of Cellular Localization (GO:0060341),1/72,0.5156351033007534,0.6071187506605644,0,0,1.396347936867436,0.9248793332622998,HSP90AA1
GO_Biological_Process_2023,Cellular Response To Hypoxia (GO:0071456),1/72,0.5156351033007534,0.6071187506605644,0,0,1.396347936867436,0.9248793332622998,P4HB
GO_Biological_Process_2023,Plasma Membrane Organization (GO:0007009),1/72,0.5156351033007534,0.6071187506605644,0,0,1.396347936867436,0.9248793332622998,DMKN
GO_Biological_Process_2023,Response To Ionizing Radiation (GO:0010212),1/72,0.5156351033007534,0.6071187506605644,0,0,1.396347936867436,0.9248793332622998,ANXA1
GO_Biological_Process_2023,Negative Regulation Of Cell Adhesion (GO:0007162),1/72,0.5156351033007534,0.6071187506605644,0,0,1.396347936867436,0.9248793332622998,SPINT2
GO_Biological_Process_2023,Cellular Response To Decreased Oxygen Levels (GO:0036294),1/73,0.5204962404113022,0.6109945817089456,0,0,1.3768844221105527,0.8990678202624621,P4HB
GO_Biological_Process_2023,Cellular Response To Reactive Oxygen Species (GO:0034614),1/73,0.5204962404113022,0.6109945817089456,0,0,1.3768844221105527,0.8990678202624621,ANXA1
GO_Biological_Process_2023,Positive Regulation Of Secretion By Cell (GO:1903532),1/73,0.5204962404113022,0.6109945817089456,0,0,1.3768844221105527,0.8990678202624621,ANXA2
GO_Biological_Process_2023,Positive Regulation Of I-kappaB kinase/NF-kappaB Signaling (GO:0043123),2/175,0.5242613328384474,0.6147964224450869,0,0,1.1459683540608396,0.7400262452135655,CD74;GAPDH
GO_Biological_Process_2023,Gland Development (GO:0048732),1/74,0.5253088319278648,0.6154069365012499,0,0,1.3579541543333105,0.8742087038575203,ANXA1
GO_Biological_Process_2023,Positive Regulation Of Hydrolase Activity (GO:0051345),2/176,0.5273210092073617,0.6166590487382526,0,0,1.1393242772553118,0.729105774961238,NDUFA13;CALM2
GO_Biological_Process_2023,Regulation Of Fat Cell Differentiation (GO:0045598),1/75,0.5300733603880184,0.6166590487382526,0,0,1.3395355154149124,0.8502565938086776,ADIRF
GO_Biological_Process_2023,Negative Regulation Of Phosphorylation (GO:0042326),1/75,0.5300733603880184,0.6166590487382526,0,0,1.3395355154149124,0.8502565938086776,CIB1
GO_Biological_Process_2023,Nucleosome Organization (GO:0034728),1/75,0.5300733603880184,0.6166590487382526,0,0,1.3395355154149124,0.8502565938086776,H3-3A
GO_Biological_Process_2023,Regulation Of Stress Fiber Assembly (GO:0051492),1/75,0.5300733603880184,0.6166590487382526,0,0,1.3395355154149124,0.8502565938086776,TACSTD2
GO_Biological_Process_2023,Defense Response To Gram-negative Bacterium (GO:0050829),1/75,0.5300733603880184,0.6166590487382526,0,0,1.3395355154149124,0.8502565938086776,DEFB1
GO_Biological_Process_2023,Regulation Of DNA Replication (GO:0006275),1/75,0.5300733603880184,0.6166590487382526,0,0,1.3395355154149124,0.8502565938086776,S100A11
GO_Biological_Process_2023,Wnt Signaling Pathway (GO:0016055),1/76,0.5347903032317255,0.6209096164758006,0,0,1.321608040201005,0.8271687875669174,CD24
GO_Biological_Process_2023,Positive Regulation Of Interleukin-6 Production (GO:0032755),1/76,0.5347903032317255,0.6209096164758006,0,0,1.321608040201005,0.8271687875669174,CD74
GO_Biological_Process_2023,Positive Regulation Of ERK1 And ERK2 Cascade (GO:0070374),2/179,0.5364203690006744,0.622183705057386,0,0,1.1198424927238486,0.6974795119554346,CD74;CIB1
GO_Biological_Process_2023,Regulation Of Immune Response (GO:0050776),1/77,0.5394601334395485,0.6226180196219294,0,0,1.3041523406506217,0.8049050782659102,HLA-DRA
GO_Biological_Process_2023,Actomyosin Structure Organization (GO:0031032),1/77,0.5394601334395485,0.6226180196219294,0,0,1.3041523406506217,0.8049050782659102,KRT19
GO_Biological_Process_2023,Neutrophil Migration (GO:1990266),1/77,0.5394601334395485,0.6226180196219294,0,0,1.3041523406506217,0.8049050782659102,LGALS3
GO_Biological_Process_2023,Positive Regulation Of JNK Cascade (GO:0046330),1/77,0.5394601334395485,0.6226180196219294,0,0,1.3041523406506217,0.8049050782659102,TPD52L1
GO_Biological_Process_2023,Sphingolipid Biosynthetic Process (GO:0030148),1/77,0.5394601334395485,0.6226180196219294,0,0,1.3041523406506217,0.8049050782659102,SPTSSB
GO_Biological_Process_2023,Central Nervous System Development (GO:0007417),3/283,0.5400399679961284,0.6226719473045192,0,0,1.0616388687454676,0.6540885819056664,COX7B;GSTP1;MAL
GO_Biological_Process_2023,Positive Regulation Of Tumor Necrosis Factor Production (GO:0032760),1/78,0.544083319204552,0.6260978490944993,0,0,1.2871500358937544,0.7834275809102157,HSPB1
GO_Biological_Process_2023,Proteolysis Involved In Protein Catabolic Process (GO:0051603),1/78,0.544083319204552,0.6260978490944993,0,0,1.2871500358937544,0.7834275809102157,UBB
GO_Biological_Process_2023,Response To Insulin (GO:0032868),1/79,0.5486603241296241,0.6295041832842838,0,0,1.2705836876691148,0.7627005714660321,PKM
GO_Biological_Process_2023,Vesicle Fusion (GO:0006906),1/79,0.5486603241296241,0.6295041832842838,0,0,1.2705836876691148,0.7627005714660321,VAMP8
GO_Biological_Process_2023,Positive Regulation Of Protein Modification By Small Protein Conjugation Or Removal (GO:1903322),1/79,0.5486603241296241,0.6295041832842838,0,0,1.2705836876691148,0.7627005714660321,UBB
GO_Biological_Process_2023,Phosphate-Containing Compound Metabolic Process (GO:0006796),2/184,0.5513181333441729,0.631600974863472,0,0,1.0888000888000888,0.6483186764924664,GPX4;PPA1
GO_Biological_Process_2023,Regulation Of Cytokinesis (GO:0032465),1/80,0.5531916072648388,0.631600974863472,0,0,1.254436740665352,0.7426903392796255,CALM2
GO_Biological_Process_2023,Negative Regulation Of Protein Serine/Threonine Kinase Activity (GO:0071901),1/80,0.5531916072648388,0.631600974863472,0,0,1.254436740665352,0.7426903392796255,GSTP1
GO_Biological_Process_2023,Glycoprotein Biosynthetic Process (GO:0009101),1/80,0.5531916072648388,0.631600974863472,0,0,1.254436740665352,0.7426903392796255,TMEM59
GO_Biological_Process_2023,Wound Healing (GO:0042060),1/80,0.5531916072648388,0.631600974863472,0,0,1.254436740665352,0.7426903392796255,KRT6A
GO_Biological_Process_2023,Macromolecule Modification (GO:0043412),1/81,0.5576776229377498,0.6361010386633709,0,0,1.2386934673366834,0.7233650516865618,QPCT
GO_Biological_Process_2023,Positive Regulation Of Tumor Necrosis Factor Superfamily Cytokine Production (GO:1903557),1/82,0.5621188211968801,0.6405412518614203,0,0,1.2233389168062534,0.7046946278996441,HSPB1
GO_Biological_Process_2023,Regulation Of NIK/NF-kappaB Signaling (GO:1901222),1/83,0.5665156476761636,0.6449222967697457,0,0,1.208358867508273,0.6866506239569532,CCN3
GO_Biological_Process_2023,Positive Regulation Of Protein Ubiquitination (GO:0031398),1/84,0.5708685433147935,0.6492448477036795,0,0,1.1937397832536174,0.6692061267801053,UBB
GO_Biological_Process_2023,Regulation Of Intracellular Signal Transduction (GO:1902531),3/297,0.5727910997516147,0.6507976697566984,0,0,1.010359473738734,0.5630068546773451,HSPB1;CD24;CALM2
GO_Biological_Process_2023,Protein Localization To Membrane (GO:0072657),2/192,0.5744500370339674,0.6509765888550271,0,0,1.0425305688463584,0.5779186403259151,ATP1B3;ATP1B1
GO_Biological_Process_2023,Regulation Of Kinase Activity (GO:0043549),1/85,0.5751779449472499,0.6509765888550271,0,0,1.1794687724335966,0.6523356544527062,CD74
GO_Biological_Process_2023,Response To Interleukin-1 (GO:0070555),1/85,0.5751779449472499,0.6509765888550271,0,0,1.1794687724335966,0.6523356544527062,ANXA1
GO_Biological_Process_2023,Transport Across Blood-Brain Barrier (GO:0150104),1/85,0.5751779449472499,0.6509765888550271,0,0,1.1794687724335966,0.6523356544527062,FABP5
GO_Biological_Process_2023,Regulation Of Cell Differentiation (GO:0045595),2/193,0.5772801068153817,0.6527232959926097,0,0,1.0370194087471574,0.5697671642496996,CD24;HOPX
GO_Biological_Process_2023,Exocytosis (GO:0006887),1/86,0.5794442849420854,0.65390427518102,0,0,1.1655335501034585,0.636015065932131,RAB25
GO_Biological_Process_2023,Negative Regulation Of Binding (GO:0051100),1/86,0.5794442849420854,0.65390427518102,0,0,1.1655335501034585,0.636015065932131,SLPI
GO_Biological_Process_2023,Regulation Of Programmed Cell Death (GO:0043067),2/195,0.5828991415938182,0.6571681441907139,0,0,1.0261684199508034,0.5538652785208128,HSP90AA1;CRYAB
GO_Biological_Process_2023,Glucose Homeostasis (GO:0042593),1/87,0.5836679914950987,0.6574003992924545,0,0,1.1519224027112305,0.6202214761277236,RPS6
GO_Biological_Process_2023,Regulation Of Endothelial Cell Migration (GO:0010594),1/88,0.5878494885157634,0.6614722568269862,0,0,1.138624155259054,0.6049331780092367,ANXA3
GO_Biological_Process_2023,Cellular Response To Chemical Stress (GO:0062197),1/89,0.591989195722158,0.6642107402531033,0,0,1.1256281407035176,0.5901295699518402,CHCHD2
GO_Biological_Process_2023,Sensory Perception Of Mechanical Stimulus (GO:0050954),1/89,0.591989195722158,0.6642107402531033,0,0,1.1256281407035176,0.5901295699518402,ATP6V1B1
GO_Biological_Process_2023,Positive Regulation Of Peptidyl-Serine Phosphorylation (GO:0033138),1/89,0.591989195722158,0.6642107402531033,0,0,1.1256281407035176,0.5901295699518402,HSP90AA1
GO_Biological_Process_2023,Regulation Of Peptidyl-Tyrosine Phosphorylation (GO:0050730),1/90,0.5960875287025766,0.6681672106762088,0,0,1.1129241714188922,0.5757910883551692,CD74
GO_Biological_Process_2023,Lymphocyte Differentiation (GO:0030098),1/91,0.6001448988156681,0.6720702222595402,0,0,1.100502512562814,0.5618991453376235,SLC25A5
GO_Biological_Process_2023,Regulation Of Translation (GO:0006417),2/202,0.6021333969171315,0.6736511567042237,0,0,0.98989898989899,0.5021522659436054,HSPB1;GAPDH
GO_Biological_Process_2023,B Cell Activation (GO:0042113),1/92,0.6041617136020576,0.6741379820996406,0,0,1.0883538571980782,0.5484360698708618,SLC25A5
GO_Biological_Process_2023,Sensory Perception Of Sound (GO:0007605),1/92,0.6041617136020576,0.6741379820996406,0,0,1.0883538571980782,0.5484360698708618,ATP6V1B1
GO_Biological_Process_2023,Organelle Organization (GO:0006996),4/418,0.6043000575841813,0.6741379820996406,0,0,0.9556344276841172,0.4813381727496461,CHCHD2;KRT16;CHCHD10;SPTSSB
GO_Biological_Process_2023,Regulation Of Endothelial Cell Proliferation (GO:0001936),1/93,0.6081383763355012,0.6751954596576667,0,0,1.0764693030369237,0.5353850545471538,ATP5F1A
GO_Biological_Process_2023,Regulation Of Peptidyl-Serine Phosphorylation (GO:0033135),1/93,0.6081383763355012,0.6751954596576667,0,0,1.0764693030369237,0.5353850545471538,HSP90AA1
GO_Biological_Process_2023,Positive Regulation Of Cellular Component Biogenesis (GO:0044089),1/93,0.6081383763355012,0.6751954596576667,0,0,1.0764693030369237,0.5353850545471538,LGALS3
GO_Biological_Process_2023,Positive Regulation Of Protein Kinase B Signaling (GO:0051897),1/93,0.6081383763355012,0.6751954596576667,0,0,1.0764693030369237,0.5353850545471538,HSP90AA1
GO_Biological_Process_2023,Negative Regulation Of Amide Metabolic Process (GO:0034249),1/93,0.6081383763355012,0.6751954596576667,0,0,1.0764693030369237,0.5353850545471538,GAPDH
GO_Biological_Process_2023,Regulation Of Angiogenesis (GO:0045765),2/205,0.6101706085303744,0.6763518774134837,0,0,0.9751206647758373,0.4817258683455006,ANXA3;HSPB1
GO_Biological_Process_2023,Peptidyl-Lysine Modification (GO:0018205),1/94,0.6120752863236749,0.6763518774134837,0,0,1.0648403306856864,0.5227301046685241,HINT1
GO_Biological_Process_2023,Cellular Response To Hormone Stimulus (GO:0032870),1/94,0.6120752863236749,0.6763518774134837,0,0,1.0648403306856864,0.5227301046685241,ATP1A1
GO_Biological_Process_2023,Sphingolipid Metabolic Process (GO:0006665),1/94,0.6120752863236749,0.6763518774134837,0,0,1.0648403306856864,0.5227301046685241,SPTSSB
GO_Biological_Process_2023,Muscle Contraction (GO:0006936),1/94,0.6120752863236749,0.6763518774134837,0,0,1.0648403306856864,0.5227301046685241,CRYAB
GO_Biological_Process_2023,Regulation Of Canonical Wnt Signaling Pathway (GO:0060828),2/207,0.6154601156600987,0.6794493526379919,0,0,0.9655087459965508,0.4686435933664049,SCEL;RSPO1
GO_Biological_Process_2023,Positive Regulation Of Cytokine Production (GO:0001819),3/320,0.6233665872794303,0.6871932792063797,0,0,0.935947733350414,0.4423480956758855,CD74;ANXA1;GAPDH
GO_Biological_Process_2023,Regulation Of Defense Response (GO:0031347),1/97,0.6236514348962008,0.6871932792063797,0,0,1.0314070351758795,0.4869929254325685,ANXA1
GO_Biological_Process_2023,Phosphatidylinositol Biosynthetic Process (GO:0006661),1/98,0.6274332493027582,0.690058413545783,0,0,1.0207221675387246,0.4757769643136218,CWH43
GO_Biological_Process_2023,Mitochondrial Translation (GO:0032543),1/98,0.6274332493027582,0.690058413545783,0,0,1.0207221675387246,0.4757769643136218,TUFM
GO_Biological_Process_2023,Cellular Response To Insulin Stimulus (GO:0032869),1/99,0.6311772493570809,0.6935230736115433,0,0,1.0102553584247769,0.464887747030177,PKM
GO_Biological_Process_2023,Positive Regulation Of Inflammatory Response (GO:0050729),1/104,0.6493430720264805,0.7114753359539674,0,0,0.9609698980338586,0.4149411183845573,VAMP8
GO_Biological_Process_2023,Positive Regulation Of Kinase Activity (GO:0033674),1/104,0.6493430720264805,0.7114753359539674,0,0,0.9609698980338586,0.4149411183845573,CD74
GO_Biological_Process_2023,Macroautophagy (GO:0016236),1/104,0.6493430720264805,0.7114753359539674,0,0,0.9609698980338586,0.4149411183845573,VAMP8
GO_Biological_Process_2023,Regulation Of Neuron Apoptotic Process (GO:0043523),1/105,0.6528679573920863,0.7133300039606706,0,0,0.9516814843448008,0.4057783123183748,UBB
GO_Biological_Process_2023,Cellular Response To Organonitrogen Compound (GO:0071417),1/105,0.6528679573920863,0.7133300039606706,0,0,0.9516814843448008,0.4057783123183748,AOC1
GO_Biological_Process_2023,Positive Regulation Of Stress-Activated MAPK Cascade (GO:0032874),1/105,0.6528679573920863,0.7133300039606706,0,0,0.9516814843448008,0.4057783123183748,TPD52L1
GO_Biological_Process_2023,Response To Calcium Ion (GO:0051592),1/106,0.6563575850020138,0.7158036034382372,0,0,0.9425699928212492,0.3968686613882323,CALM2
GO_Biological_Process_2023,Regulation Of G1/S Transition Of Mitotic Cell Cycle (GO:2000045),1/106,0.6563575850020138,0.7158036034382372,0,0,0.9425699928212492,0.3968686613882323,ANXA1
GO_Biological_Process_2023,Regulation Of Cellular Response To Stress (GO:0080135),1/107,0.6598123057378238,0.7175612412493279,0,0,0.933630416232104,0.388203405372955,CHCHD2
GO_Biological_Process_2023,Negative Regulation Of Translation (GO:0017148),1/107,0.6598123057378238,0.7175612412493279,0,0,0.933630416232104,0.388203405372955,GAPDH
GO_Biological_Process_2023,Positive Regulation Of Autophagy (GO:0010508),1/107,0.6598123057378238,0.7175612412493279,0,0,0.933630416232104,0.388203405372955,TMEM59
GO_Biological_Process_2023,Response To Tumor Necrosis Factor (GO:0034612),1/108,0.6632324670568477,0.7199400757643104,0,0,0.9248579345324754,0.3797741558133871,CIB1
GO_Biological_Process_2023,Positive Regulation Of Translation (GO:0045727),1/108,0.6632324670568477,0.7199400757643104,0,0,0.9248579345324754,0.3797741558133871,PKM
GO_Biological_Process_2023,Negative Regulation Of Developmental Process (GO:0051093),1/109,0.6666184129739804,0.7222730114597488,0,0,0.916247906197655,0.3715728772578474,HOPX
GO_Biological_Process_2023,Cellular Response To Salt (GO:1902075),1/109,0.6666184129739804,0.7222730114597488,0,0,0.916247906197655,0.3715728772578474,AOC1
GO_Biological_Process_2023,Regulation Of JNK Cascade (GO:0046328),1/110,0.6699704840956059,0.7252321829691082,0,0,0.9077958600341156,0.3635918695397154,TPD52L1
GO_Biological_Process_2023,Negative Regulation Of Nucleic Acid-Templated Transcription (GO:1903507),4/456,0.6719889354912323,0.7254627053104141,0,0,0.8735777496839444,0.3472588646187189,NDUFA13;ELF3;ENO1;CRYAB
GO_Biological_Process_2023,T Cell Activation (GO:0042110),1/111,0.6732890175997336,0.7254627053104141,0,0,0.8994974874371859,0.3558237511616551,CD74
GO_Biological_Process_2023,Negative Regulation Of Transmembrane Receptor Protein Serine/Threonine Kinase Signaling Pathway (GO:0090101),1/111,0.6732890175997336,0.7254627053104141,0,0,0.8994974874371859,0.3558237511616551,CCN3
GO_Biological_Process_2023,Cytoskeleton Organization (GO:0007010),1/111,0.6732890175997336,0.7254627053104141,0,0,0.8994974874371859,0.3558237511616551,KRT16
GO_Biological_Process_2023,Mitotic Cell Cycle Phase Transition (GO:0044772),1/111,0.6732890175997336,0.7254627053104141,0,0,0.8994974874371859,0.3558237511616551,TPD52L1
GO_Biological_Process_2023,Negative Regulation Of Defense Response (GO:0031348),1/112,0.6765743473112501,0.7283307259534931,0,0,0.8913486350672281,0.3482614435144341,CCN3
GO_Biological_Process_2023,Regulation Of Interleukin-6 Production (GO:0032675),1/114,0.683046714602197,0.7332707377347115,0,0,0.8754836127540356,0.3337273716848506,CD74
GO_Biological_Process_2023,Response To Endoplasmic Reticulum Stress (GO:0034976),1/114,0.683046714602197,0.7332707377347115,0,0,0.8754836127540356,0.3337273716848506,P4HB
GO_Biological_Process_2023,Protein Modification By Small Protein Removal (GO:0070646),1/114,0.683046714602197,0.7332707377347115,0,0,0.8754836127540356,0.3337273716848506,HINT1
GO_Biological_Process_2023,Cellular Response To Molecule Of Bacterial Origin (GO:0071219),1/117,0.692514396042861,0.7413902975050978,0,0,0.8527118350372552,0.3133087141185804,GSTP1
GO_Biological_Process_2023,Cellular Response To Oxidative Stress (GO:0034599),1/117,0.692514396042861,0.7413902975050978,0,0,0.8527118350372552,0.3133087141185804,CHCHD2
GO_Biological_Process_2023,Protein Processing (GO:0016485),1/117,0.692514396042861,0.7413902975050978,0,0,0.8527118350372552,0.3133087141185804,KLK1
GO_Biological_Process_2023,Regulation Of Inflammatory Response (GO:0050727),2/240,0.6949213024589003,0.7432857887106186,0,0,0.8302351243527714,0.3021696142490626,ANXA1;CCN3
GO_Biological_Process_2023,Regulation Of Protein Binding (GO:0043393),1/118,0.6956073317848006,0.7433388504342608,0,0,0.845380749903363,0.3068478138715934,SLPI
GO_Biological_Process_2023,Cellular Response To Tumor Necrosis Factor (GO:0071356),1/119,0.6986693101557254,0.7459284773874656,0,0,0.8381739204497062,0.3005505089455322,CIB1
GO_Biological_Process_2023,Positive Regulation Of Programmed Cell Death (GO:0043068),2/245,0.7057071518905297,0.7527542953498984,0,0,0.8129442573887018,0.2833557259345162,RPS6;CTSD
GO_Biological_Process_2023,Potassium Ion Transport (GO:0006813),1/122,0.7076725687660174,0.7529515389713326,0,0,0.8172681589767017,0.2825898889623316,ATP1B3
GO_Biological_Process_2023,Protein Localization To Nucleus (GO:0034504),1/122,0.7076725687660174,0.7529515389713326,0,0,0.8172681589767017,0.2825898889623316,CHCHD10
GO_Biological_Process_2023,Positive Regulation Of DNA-binding Transcription Factor Activity (GO:0051091),2/246,0.7078260186562699,0.7529515389713326,0,0,0.8095711210465308,0.2797529288928009,ANXA3;CIB1
GO_Biological_Process_2023,Positive Regulation Of Epithelial Cell Proliferation (GO:0050679),1/123,0.7106137702230504,0.7552291934672637,0,0,0.8105280500864981,0.2768976317492876,AREG
GO_Biological_Process_2023,Cellular Response To Lipopolysaccharide (GO:0071222),1/124,0.7135255255654438,0.7576343762367621,0,0,0.8038975364628018,0.2713452170770706,GSTP1
GO_Biological_Process_2023,Cellular Response To Starvation (GO:0009267),1/126,0.7192618685309876,0.7630316643453164,0,0,0.7909547738693468,0.2606431490060761,AOC1
GO_Biological_Process_2023,Regulation Of Response To External Stimulus (GO:0032101),1/127,0.7220870340624399,0.7646397604577786,0,0,0.7846374730796841,0.2554854949797123,ANXA1
GO_Biological_Process_2023,Regulation Of Anatomical Structure Morphogenesis (GO:0022603),1/127,0.7220870340624399,0.7646397604577786,0,0,0.7846374730796841,0.2554854949797123,CLDN4
GO_Biological_Process_2023,Protein Targeting (GO:0006605),1/129,0.7276527766729426,0.7698355463351422,0,0,0.7722989949748744,0.2455380232172469,TSPO
GO_Biological_Process_2023,Positive Regulation Of Peptidyl-Tyrosine Phosphorylation (GO:0050731),1/130,0.7303939147263233,0.771338239059987,0,0,0.7662732265981068,0.2407410413206643,CD74
GO_Biological_Process_2023,Regulation Of Cell Cycle Process (GO:0010564),1/130,0.7303939147263233,0.771338239059987,0,0,0.7662732265981068,0.2407410413206643,CALM2
GO_Biological_Process_2023,Synapse Organization (GO:0050808),1/131,0.7331076000158043,0.7735046764394393,0,0,0.7603401623502126,0.2360573310794884,CHCHD10
GO_Biological_Process_2023,Plasma Membrane Bounded Cell Projection Organization (GO:0120036),1/132,0.7357941059880472,0.7749391485969693,0,0,0.7544976792358741,0.2314836202546984,RAB25
GO_Biological_Process_2023,Circulatory System Development (GO:0072359),1/132,0.7357941059880472,0.7749391485969693,0,0,0.7544976792358741,0.2314836202546984,PDLIM4
GO_Biological_Process_2023,Negative Regulation Of Cellular Biosynthetic Process (GO:0031327),1/137,0.7488283343138599,0.7879563013320615,0,0,0.7265740467041087,0.210158284256341,GAPDH
GO_Biological_Process_2023,Intracellular Calcium Ion Homeostasis (GO:0006874),1/139,0.7538610468365632,0.7925379862332186,0,0,0.715971160148569,0.202295658016559,ATP1B1
GO_Biological_Process_2023,Chemical Synaptic Transmission (GO:0007268),2/273,0.7603836959122781,0.7986764000229682,0,0,0.7279063699727907,0.1993969278525846,GABRP;PDLIM4
GO_Biological_Process_2023,Actin Filament Organization (GO:0007015),1/144,0.7660081552523519,0.8031396098157514,0,0,0.690761499806726,0.1841310865645969,DSTN
GO_Biological_Process_2023,Regulation Of Cell Adhesion (GO:0030155),1/144,0.7660081552523519,0.8031396098157514,0,0,0.690761499806726,0.1841310865645969,P4HB
GO_Biological_Process_2023,Negative Regulation Of Response To External Stimulus (GO:0032102),1/146,0.7706982785234464,0.8058868301838724,0,0,0.6811644429041761,0.1774149463430572,CCN3
GO_Biological_Process_2023,Neuron Projection Morphogenesis (GO:0048812),1/146,0.7706982785234464,0.8058868301838724,0,0,0.6811644429041761,0.1774149463430572,UBB
GO_Biological_Process_2023,Positive Regulation Of Cellular Catabolic Process (GO:0031331),1/146,0.7706982785234464,0.8058868301838724,0,0,0.6811644429041761,0.1774149463430572,TMEM59
GO_Biological_Process_2023,Protein Glycosylation (GO:0006486),1/147,0.7730081424044016,0.8075791684511101,0,0,0.6764645143525848,0.1741664076420715,TMEM59
GO_Biological_Process_2023,Cellular Response To Oxygen-Containing Compound (GO:1901701),3/406,0.7750152140367881,0.8089524307372372,0,0,0.7329672129082642,0.1868132730530588,NDUFA13;AOC1;GSTP1
GO_Biological_Process_2023,Skeletal System Development (GO:0001501),1/149,0.777558641095328,0.8102855068293358,0,0,0.6672551948933858,0.1678788815691765,PRDX1
GO_Biological_Process_2023,Positive Regulation Of Cell Differentiation (GO:0045597),2/283,0.7776798400305526,0.8102855068293358,0,0,0.7016427621409828,0.1764213060169772,TACSTD2;ADIRF
GO_Biological_Process_2023,Positive Regulation Of NF-kappaB Transcription Factor Activity (GO:0051092),1/152,0.7842147458452606,0.8163661525376689,0,0,0.6538986322340178,0.1589447004917271,CIB1
GO_Biological_Process_2023,Regulation Of Macromolecule Metabolic Process (GO:0060255),1/162,0.8050029422478624,0.8372604065409646,0,0,0.6129716907518962,0.1329592889277211,ATP1B1
GO_Biological_Process_2023,Nitrogen Compound Transport (GO:0071705),1/163,0.8069688204409236,0.8385583472197498,0,0,0.6091568955890564,0.1306460303698868,RHCG
GO_Biological_Process_2023,Nervous System Development (GO:0007399),3/433,0.8109486510303924,0.8419449105808873,0,0,0.6859874867193956,0.1437490499857656,COX7B;GSTP1;MAL
GO_Biological_Process_2023,Membrane Organization (GO:0061024),1/167,0.8146370791826294,0.8450231869318926,0,0,0.5943573288127384,0.1218507214181255,ANXA2
GO_Biological_Process_2023,Double-Strand Break Repair (GO:0006302),1/168,0.8165063001156674,0.846210610945075,0,0,0.5907682123190804,0.1197609163547349,CIB1
GO_Biological_Process_2023,Heart Development (GO:0007507),1/171,0.8220021720657791,0.8503972869555625,0,0,0.5802542122376588,0.1137369287884457,PDLIM4
GO_Biological_Process_2023,Metal Ion Transport (GO:0030001),1/171,0.8220021720657791,0.8503972869555625,0,0,0.5802542122376588,0.1137369287884457,SCNN1B
GO_Biological_Process_2023,Protein Transport (GO:0015031),2/313,0.8231892362715962,0.8508717061639155,0,0,0.6329858066192471,0.1231595230280963,CD74;KRT18
GO_Biological_Process_2023,Regulation Of Neuron Projection Development (GO:0010975),1/174,0.8273342321436886,0.8536452147913678,0,0,0.5701048595579051,0.1080613895941531,CIB1
GO_Biological_Process_2023,Positive Regulation Of Cellular Biosynthetic Process (GO:0031328),1/174,0.8273342321436886,0.8536452147913678,0,0,0.5701048595579051,0.1080613895941531,HSP90AA1
GO_Biological_Process_2023,Positive Regulation Of Transcription By RNA Polymerase II (GO:0045944),7/938,0.8334572904488534,0.8592039852111746,0,0,0.7350890178814913,0.1339132388366545,CHCHD2;ANXA2;ELF3;EPCAM;ADIRF;PTMA;BARX2
GO_Biological_Process_2023,Negative Regulation Of Cytokine Production (GO:0001818),1/178,0.8341972043024418,0.859208407958776,0,0,0.5571075717570906,0.1009954960513889,ANXA1
GO_Biological_Process_2023,Proteolysis (GO:0006508),2/330,0.8451150233935748,0.8696866496244012,0,0,0.5996550874599655,0.1009114803598987,MMP7;CTSD
GO_Biological_Process_2023,Negative Regulation Of Macromolecule Metabolic Process (GO:0010605),1/186,0.8471194043176771,0.8709819227491609,0,0,0.5327991307890806,0.0883986330790981,KRT17
GO_Biological_Process_2023,Axonogenesis (GO:0007409),1/188,0.8501901851438446,0.8733703924784614,0,0,0.5270469997044044,0.0855372020724991,HSP90AA1
GO_Biological_Process_2023,Negative Regulation Of Gene Expression (GO:0010629),2/336,0.8522476024395564,0.8747145866866448,0,0,0.5887013851085707,0.0941205067097099,KRT17;GAPDH
GO_Biological_Process_2023,Neuron Projection Development (GO:0031175),1/192,0.8561488312819886,0.8764082690073292,0,0,0.5159041279696914,0.0801256116253105,UBB
GO_Biological_Process_2023,Transcription By RNA Polymerase II (GO:0006366),1/192,0.8561488312819886,0.8764082690073292,0,0,0.5159041279696914,0.0801256116253105,ANXA2
GO_Biological_Process_2023,Modification-Dependent Protein Catabolic Process (GO:0019941),1/192,0.8561488312819886,0.8764082690073292,0,0,0.5159041279696914,0.0801256116253105,UBB
GO_Biological_Process_2023,Regulation Of Signal Transduction (GO:0009966),1/193,0.8576012689701117,0.877126341643687,0,0,0.5131909547738693,0.0788343463225011,CD24
GO_Biological_Process_2023,Endomembrane System Organization (GO:0010256),1/196,0.8618716082753269,0.880722693320719,0,0,0.5052183996907615,0.075100192580976,SPTSSB
GO_Biological_Process_2023,DNA-templated Transcription (GO:0006351),1/199,0.8660145054493834,0.8834104300129955,0,0,0.4974874371859296,0.0715653690513794,PTMA
GO_Biological_Process_2023,Anterograde Trans-Synaptic Signaling (GO:0098916),1/199,0.8660145054493834,0.8834104300129955,0,0,0.4974874371859296,0.0715653690513794,GABRP
GO_Biological_Process_2023,Organic Substance Transport (GO:0071702),1/201,0.8687075091835524,0.8846996229388914,0,0,0.4924623115577889,0.0693134762410876,RHCG
GO_Biological_Process_2023,Protein Localization (GO:0008104),2/351,0.8687932084853668,0.8846996229388914,0,0,0.5629648924777865,0.0791810948568953,CD74;MAL
GO_Biological_Process_2023,Negative Regulation Of Cell Differentiation (GO:0045596),1/207,0.8764676095391304,0.8917370800885926,0,0,0.477972386202859,0.0630233021279371,HOPX
GO_Biological_Process_2023,Positive Regulation Of DNA-templated Transcription (GO:0045893),9/1243,0.880326957566758,0.8948841483359212,0,0,0.7089446485697557,0.0903634303597776,CD74;CHCHD2;ANXA2;ELF3;EPCAM;ADIRF;CHCHD10;PTMA;BARX2
GO_Biological_Process_2023,Positive Regulation Of Macromolecule Metabolic Process (GO:0010604),2/364,0.8817439576827169,0.895545167455142,0,0,0.5423851777442937,0.0682611068834986,CD74;ANXA2
GO_Biological_Process_2023,Positive Regulation Of Intracellular Signal Transduction (GO:1902533),3/525,0.8991439054156172,0.9124240499786628,0,0,0.562401540346578,0.0597901363518623,CD74;HSP90AA1;GAPDH
GO_Biological_Process_2023,Negative Regulation Of Multicellular Organismal Process (GO:0051241),1/231,0.9032024612713536,0.9157469399001223,0,0,0.427572645837885,0.04353054728426,TACSTD2
GO_Biological_Process_2023,Cytokine-Mediated Signaling Pathway (GO:0019221),1/257,0.9257021626434152,0.9377451222614996,0,0,0.3836369346733668,0.0296178204836349,P4HB
GO_Biological_Process_2023,Chromatin Organization (GO:0006325),1/268,0.933576134641518,0.9449020149577928,0,0,0.3676246400542036,0.0252678565445525,H3-3A
GO_Biological_Process_2023,Regulation Of Nucleic Acid-Templated Transcription (GO:1903506),2/452,0.9426985922562544,0.9533090526019956,0,0,0.4343434343434343,0.025630030074121,HINT1;CRABP2
GO_Biological_Process_2023,DNA Repair (GO:0006281),1/291,0.9474576247830658,0.9572928250403294,0,0,0.3380696586380177,0.0182466560691828,CIB1
GO_Biological_Process_2023,Positive Regulation Of Gene Expression (GO:0010628),2/480,0.9547972062150378,0.963874794173867,0,0,0.4083090317399941,0.0188868693781722,CD74;GAPDH
GO_Biological_Process_2023,Intracellular Protein Transport (GO:0006886),1/325,0.9628648992116902,0.9711797947143818,0,0,0.3020658849804578,0.011430828148476,CD74
GO_Biological_Process_2023,Protein Modification By Small Protein Conjugation (GO:0032446),1/364,0.9750783988975512,0.981812390903751,0,0,0.2690726359068067,0.006790694304129,UBB
GO_Biological_Process_2023,Protein Modification Process (GO:0036211),3/711,0.9750876485003008,0.981812390903751,0,0,0.4106512948464252,0.0103598764238047,TMEM59;ANXA1;QPCT
GO_Biological_Process_2023,Negative Regulation Of DNA-templated Transcription (GO:0045892),5/1025,0.9781751277412492,0.9840728244632037,0,0,0.4720965309200603,0.0104175453668278,RPS14;NDUFA13;ELF3;ENO1;CRYAB
GO_Biological_Process_2023,DNA Damage Response (GO:0006974),1/384,0.9796942288774292,0.9847528909886722,0,0,0.2547594368710392,0.0052263305783269,CIB1
GO_Biological_Process_2023,Protein Ubiquitination (GO:0016567),1/434,0.9878425960192386,0.9920895547295536,0,0,0.224761219492381,0.0027492589400781,UBB
GO_Biological_Process_2023,Regulation Of Gene Expression (GO:0010468),5/1127,0.989405839693024,0.9928058597606976,0,0,0.4268476621417797,0.0045462169827554,CD74;HINT1;CRABP2;KRT17;ATP1B1
GO_Biological_Process_2023,Regulation Of Transcription By RNA Polymerase II (GO:0006357),11/2028,0.9933760428933276,0.9959340927891904,0,0,0.5131330778331274,0.0034102787785747,RPS14;CHCHD2;ANXA2;ELF3;EPCAM;ADIRF;ENO1;PTMA;BARX2;HOPX;HES4
GO_Biological_Process_2023,Regulation Of DNA-templated Transcription (GO:0006355),10/1922,0.9943917037940544,0.9960973499412138,0,0,0.4924025545034133,0.0027693122188461,CD74;HINT1;NDUFA13;CRABP2;ELF3;ENO1;CRYAB;BARX2;HOPX;HES4
GO_Biological_Process_2023,Negative Regulation Of Transcription By RNA Polymerase II (GO:0000122),2/763,0.9963729393902232,0.99657611458018,0,0,0.2527110792551003,0.0009182647106220542,RPS14;ENO1
GO_Biological_Process_2023,Positive Regulation Of Nucleic Acid-Templated Transcription (GO:1903508),1/557,0.99657611458018,0.99657611458018,0,0,0.1739271899063663,0.0005965285761359519,CD74
