Gene_set,Term,Overlap,P-value,Adjusted P-value,Old P-value,Old Adjusted P-value,Odds Ratio,Combined Score,Genes
GO_Biological_Process_2023,Cytoplasmic Translation (GO:0002181),33/93,6.123578691601141e-43,9.27722171777573e-40,0,0,65.0119760479042,6319.099860801251,RPL4;RPL3;RPLP1;RPL12;RPLP0;RPL11;RPL10A;RPL6;RPL7;RPS15;RPS4X;RPL7A;RPS14;RPS16;RPL18A;RPS18;RPL14;RPL35;RPLP2;RPL13;RPL18;RPS13;RPL19;RPS9;RPL41;RPL21;RPS8;RPS5;RPS6;RPS3A;RPL23A;RPS27;RPL29
GO_Biological_Process_2023,Macromolecule Biosynthetic Process (GO:0009059),37/183,6.861706678373403e-38,5.197742808867852e-35,0,0,30.55710563912934,2614.841118338351,RPL4;RPL3;RPLP1;RPL12;RPLP0;RPL11;RPL10A;RPL6;RPL7;EEF1B2;RPS15;RPS4X;RPS14;RPL7A;RPS16;RPL18A;RPS18;RPL14;RPL35;RPLP2;RPL13;APOE;RPL18;RPS13;RPL19;RPS9;RPL41;RPL21;RPS8;RPS5;RPS6;RPS3A;RPL23A;EEF2;EEF1A1;RPS27;RPL29
GO_Biological_Process_2023,Peptide Biosynthetic Process (GO:0043043),34/158,7.949583773203127e-36,4.014539805467579e-33,0,0,32.500194325689854,2626.663878113341,RPL4;RPL3;RPLP1;RPL12;RPLP0;RPL11;RPL10A;RPL6;RPL7;RPS15;RPS4X;RPS14;RPL7A;RPS16;RPL18A;RPS18;RPL14;RPL35;RPLP2;RPL13;RPL18;RPS13;RPL19;RPS9;RPL41;RPL21;RPS8;RPS5;RPS6;RPS3A;RPL23A;EEF1A1;RPS27;RPL29
GO_Biological_Process_2023,Translation (GO:0006412),36/234,2.2412291978967555e-32,8.488655587033962e-30,0,0,21.73170731707317,1583.7133505767745,RPL4;RPL3;RPL12;RPLP1;RPL11;RPLP0;RPL10A;RPL6;RPL7;RPS15;EEF1B2;RPS4X;RPS14;RPL7A;RPS16;RPL18A;RPS18;RPL14;RPL13;RPL35;RPLP2;RPL18;RPS13;RPL19;RPL41;RPS9;RPL21;RPS8;RPS5;RPS6;RPS3A;RPL23A;EEF2;EEF1A1;RPS27;RPL29
GO_Biological_Process_2023,Gene Expression (GO:0010467),35/296,1.9547719619822133e-27,5.922959044806106e-25,0,0,15.879832810867294,976.6021585548852,RPL4;RPL3;RPL12;RPLP1;RPL11;RPLP0;EIF4A3;RPL10A;RPL6;RPL7;RPS15;RPS4X;RPS14;RPL7A;RPS16;RPL18A;RPS18;RPL14;RPL13;RPL35;RPLP2;RPL18;RPS13;RPL19;RPL41;RPS9;RPL21;RPS8;RPS5;RPS6;RPS3A;RPL23A;EEF1A1;RPS27;RPL29
GO_Biological_Process_2023,Ribonucleoprotein Complex Biogenesis (GO:0022613),15/118,8.643114150272153e-13,2.1823863229437184e-10,0,0,15.50537916557334,430.6904867222997,RPS9;RPS8;RPS5;RPS6;RPL11;RPS3A;RPL7;RPS15;RPS4X;RPS14;RPS16;RPS27;RPL14;RSL24D1;RPS13
GO_Biological_Process_2023,Ribosome Biogenesis (GO:0042254),16/155,3.850945576837221e-12,8.334546498440557e-10,0,0,12.299655927431967,323.2681962820525,RPS9;RPS8;RPS5;RPS6;RPL11;RPS3A;RPL7;RPS15;RPS4X;RPS14;RPS16;RPS27;RPL14;RSL24D1;NOP53;RPS13
GO_Biological_Process_2023,Ribosomal Small Subunit Biogenesis (GO:0042274),11/84,7.457989321640091e-10,1.4123567277855918e-07,0,0,15.727839385373631,330.5451600102444,RPS15;RPS4X;RPS14;RPS9;RPS16;RPS27;RPS8;RPS5;RPS6;RPS3A;RPS13
GO_Biological_Process_2023,Ribosome Assembly (GO:0042255),9/50,1.4676902555607872e-09,2.4706119301939925e-07,0,0,22.70859404929128,461.8831728517062,RPS15;RPS14;RPS27;RPS5;RPLP0;RPL11;RPL23A;NOP53;RPL6
GO_Biological_Process_2023,Negative Regulation Of Cellular Process (GO:0048523),22/537,2.3701334264028725e-08,3.590752141000352e-06,0,0,4.62823170066543,81.26126336926725,BTG3;IFITM1;CDKN1A;BTG1;DUSP1;TACSTD2;FBLN1;SPINT2;TENT5B;TOB1;HOPX;VAMP8;NR4A1;RGCC;GPNMB;MYC;TGFBI;IRF6;CRYAB;HSPA1B;S100A11;HSPA1A
GO_Biological_Process_2023,Ribosomal Large Subunit Biogenesis (GO:0042273),8/54,6.09787311478554e-08,8.398434335363719e-06,0,0,17.893115942028984,297.2536955186497,RPLP0;RPL11;RPL14;RPL23A;NOP53;RSL24D1;RPL6;RPL7
GO_Biological_Process_2023,"Positive Regulation Of Nuclear-Transcribed mRNA Catabolic Process, Deadenylation-Dependent Decay (GO:1900153)",5/14,1.7696212764855076e-07,2.234146861562953e-05,0,0,56.38461538461539,876.6302276842081,ZFP36;PABPC1;TOB1;ZFP36L2;ZFP36L1
GO_Biological_Process_2023,rRNA Metabolic Process (GO:0016072),9/91,3.225825299096404e-07,3.759327175485424e-05,0,0,11.330736815221556,169.3594674555716,RPS15;RPS16;RPS27;RPS6;RPL11;RPL14;NOP53;RPL7;ZFP36L1
GO_Biological_Process_2023,rRNA Processing (GO:0006364),9/101,7.886897441284533e-07,8.534749731104333e-05,0,0,10.094013202822673,141.85008566435602,RPS15;RPS14;RPS16;RPS27;RPS6;RPL11;RPL14;NOP53;RPL7
GO_Biological_Process_2023,Response To Fibroblast Growth Factor (GO:0071774),5/20,1.3051359438883009e-06,0.0001318187303327184,0,0,33.82051282051282,458.2410056420293,NR4A1;ZFP36;ZFP36L2;CD44;ZFP36L1
GO_Biological_Process_2023,Ribosomal Large Subunit Assembly (GO:0000027),5/22,2.181047689895925e-06,0.00020651795313702035,0,0,29.838612368024133,388.9673545532963,RPL11;RPLP0;RPL23A;NOP53;RPL6
GO_Biological_Process_2023,"Regulation Of Nuclear-Transcribed mRNA Catabolic Process, Deadenylation-Dependent Decay (GO:1900151)",5/23,2.7643280226436368e-06,0.0002335199431977683,0,0,28.17948717948718,360.6611683989916,ZFP36;PABPC1;TOB1;ZFP36L2;ZFP36L1
GO_Biological_Process_2023,protein-RNA Complex Assembly (GO:0022618),10/150,2.77449437462695e-06,0.0002335199431977683,0,0,7.390977443609023,94.56786706856566,RPS15;HEXIM1;RPS14;RPS27;RPS5;RPLP0;RPL11;RPL23A;NOP53;RPL6
GO_Biological_Process_2023,Positive Regulation Of mRNA Catabolic Process (GO:0061014),6/45,5.460384341431847e-06,0.00043539380406680257,0,0,15.670896114195084,189.8997840048912,ZFP36;ZC3H12A;PABPC1;TOB1;ZFP36L2;ZFP36L1
GO_Biological_Process_2023,Regulation Of mRNA Catabolic Process (GO:0061013),6/46,6.227505516050632e-06,0.000450615935951764,0,0,15.278350515463918,183.1344786743041,ZFP36;EIF4A3;ZC3H12A;PKP3;ZFP36L2;ZFP36L1
GO_Biological_Process_2023,Peptide Cross-Linking (GO:0018149),5/27,6.420000268513295e-06,0.000450615935951764,0,0,23.05128205128205,275.60325810758144,CSTA;COL3A1;ANXA1;KRT1;KRT10
GO_Biological_Process_2023,Negative Regulation Of Cell Population Proliferation (GO:0008285),15/379,6.75914649642592e-06,0.000450615935951764,0,0,4.329373329373329,51.53951806150479,BTG3;IFITM1;CDKN1A;BTG1;FBLN1;TENT5B;TOB1;RGCC;GPNMB;MYC;APOE;IRF6;HSPA1B;S100A11;HSPA1A
GO_Biological_Process_2023,ncRNA Processing (GO:0034470),8/100,7.36601339161234e-06,0.000450615935951764,0,0,8.92572463768116,105.48987198054958,RPS15;RPS16;RPS27;RPS6;RPL11;RPL14;NOP53;RPL7
GO_Biological_Process_2023,Negative Regulation Of Apoptotic Process (GO:0043066),17/482,7.502680941406224e-06,0.000450615935951764,0,0,3.862682883835713,45.58062425018695,TNFAIP8;ANXA1;RPS3A;TENT5B;DNAJA1;BAG3;MYC;ZC3H12A;SFN;APOE;CRYAB;HSPA1B;CD44;TPT1;HSPA1A;IER3;MCL1
GO_Biological_Process_2023,Cellular Response To Hypoxia (GO:0071456),7/72,7.65311132295012e-06,0.000450615935951764,0,0,11.011956954962136,129.72523881491503,RGCC;FAM162A;MYC;PMAIP1;AQP3;NOP53;ZFP36L1
GO_Biological_Process_2023,Negative Regulation Of Gene Expression (GO:0010629),14/336,7.733342795211793e-06,0.000450615935951764,0,0,4.553062178588125,53.589402265321006,TIPARP;EIF4A3;TOB1;ZFP36L2;ZFP36;RGCC;GPNMB;ZC3H12A;REL;APOE;PABPC1;HSPA1B;RPS13;HSPA1A
GO_Biological_Process_2023,Cellular Response To Decreased Oxygen Levels (GO:0036294),7/73,8.393770651708468e-06,0.0004612575691578592,0,0,10.844559585492227,126.75143709449718,RGCC;FAM162A;MYC;PMAIP1;AQP3;NOP53;ZFP36L1
GO_Biological_Process_2023,Regulation Of Apoptotic Process (GO:0042981),21/705,8.524892367273965e-06,0.0004612575691578592,0,0,3.27874154660394,38.27117680352182,EGR1;TNFAIP8;ANXA1;RPS6;RPS3A;TENT5B;DNAJA1;RSL1D1;BAG3;FAM162A;MYC;SAP18;PMAIP1;CRYAB;NOP53;HSPA1B;CD44;TPT1;HSPA1A;IER3;MCL1
GO_Biological_Process_2023,3'-UTR-mediated mRNA Destabilization (GO:0061158),4/15,1.2150001455530944e-05,0.0006135750735043127,0,0,36.71428571428572,415.5389408534144,ZFP36;ZC3H12A;ZFP36L2;ZFP36L1
GO_Biological_Process_2023,Cellular Response To Corticosteroid Stimulus (GO:0071384),4/15,1.2150001455530944e-05,0.0006135750735043127,0,0,36.71428571428572,415.5389408534144,ZFP36;ANXA1;ZFP36L2;ZFP36L1
GO_Biological_Process_2023,Ribosomal Small Subunit Assembly (GO:0000028),4/17,2.085489875667761e-05,0.000989754608883882,0,0,31.06279434850864,334.7923648041761,RPS15;RPS14;RPS27;RPS5
GO_Biological_Process_2023,Negative Regulation Of Mitotic Cell Cycle (GO:0045930),5/34,2.0905707910418636e-05,0.000989754608883882,0,0,17.480990274093724,188.3662067044033,BTG3;BTG1;RGCC;ZFP36L2;ZFP36L1
GO_Biological_Process_2023,Negative Regulation Of Cell Cycle (GO:0045786),7/85,2.298353161132541e-05,0.0010551530421563,0,0,9.170585890793143,97.94857582608974,HEXIM1;BTG3;NR4A1;CDKN1A;BTG1;DUSP1;TENT5B
GO_Biological_Process_2023,Regulation Of Epidermal Cell Differentiation (GO:0045604),4/18,2.660404294293577e-05,0.0011854448546631,0,0,28.84256559766764,303.8404891137544,ZFP36;SFN;AQP3;ZFP36L1
GO_Biological_Process_2023,Negative Regulation Of Programmed Cell Death (GO:0043069),14/381,3.1361858406559816e-05,0.0013575204424553,0,0,3.9855556532184817,41.32988572211096,TNFAIP8;ANXA1;RPS3A;TENT5B;DNAJA1;BAG3;MYC;CRYAB;HSPA1B;CD44;TPT1;HSPA1A;IER3;MCL1
GO_Biological_Process_2023,Negative Regulation Of Mitotic Cell Cycle Phase Transition (GO:1901991),5/40,4.7089537616019095e-05,0.0019816847080074,0,0,14.47985347985348,144.26943679538044,CDKN1A;RGCC;GPNMB;ZFP36L2;ZFP36L1
GO_Biological_Process_2023,Positive Regulation Of Signal Transduction By P53 Class Mediator (GO:1901798),4/21,5.082545165940558e-05,0.0020810961963243,0,0,23.74909963985594,234.8100391955592,HEXIM1;RPS15;MYC;PMAIP1
GO_Biological_Process_2023,Skin Development (GO:0043588),6/68,6.063573890742817e-05,0.0024174511695987,0,0,9.84602593947456,95.61107634878178,COL1A1;CSTA;COL3A1;ANXA1;COL1A2;KRT10
GO_Biological_Process_2023,Negative Regulation Of Muscle Cell Apoptotic Process (GO:0010656),3/9,7.91555905106562e-05,0.0030748902467601,0,0,50.23857868020305,474.45791686900793,BAG3;ZC3H12A;LYPD3
GO_Biological_Process_2023,Supramolecular Fiber Organization (GO:0097435),12/316,8.518832029211817e-05,0.0032265076310639,0,0,4.093505039193729,38.35878751920367,COL1A1;CNN2;TPPP3;COL3A1;COL1A2;GSN;TPM2;KRT1;KRT14;KRT5;KRT10;MYL9
GO_Biological_Process_2023,Regulation Of Cell Population Proliferation (GO:0042127),20/766,8.939009916724514e-05,0.0033030731765457,0,0,2.8379505510872804,26.45679579896624,BTG3;IFITM1;CDKN1A;RPS9;BTG1;RPS6;TENT5B;TOB1;AREG;ZFP36L1;RPS4X;RGCC;GPNMB;MYC;IRF6;SLC25A5;JUNB;HSPA1B;S100A11;HSPA1A
GO_Biological_Process_2023,Regulation Of mRNA Stability (GO:0043488),6/74,9.76558532949988e-05,0.0035225861367124,0,0,8.974530018192844,82.87135728306936,ZFP36;TENT5A;PABPC1;TENT5B;ZFP36L2;ZFP36L1
GO_Biological_Process_2023,Positive Regulation Of Gene Expression (GO:0010628),15/480,0.000102795124392585,0.0036217351966224,0,0,3.371403661726242,30.95883328359189,EGR1;GSN;RPL11;EIF4A3;TENT5B;EEF2;ACTG1;RPS4X;RGCC;MYC;ZC3H12A;PKP3;EZR;HSPA1B;HSPA1A
GO_Biological_Process_2023,Negative Regulation Of Inclusion Body Assembly (GO:0090084),3/10,0.00011224655254723088,0.0037789672690901,0,0,43.059463379260336,391.61775629527256,DNAJB1;HSPA1B;HSPA1A
GO_Biological_Process_2023,Regulation Of Inclusion Body Assembly (GO:0090083),3/10,0.00011224655254723088,0.0037789672690901,0,0,43.059463379260336,391.61775629527256,DNAJB1;HSPA1B;HSPA1A
GO_Biological_Process_2023,Response To Glucocorticoid (GO:0051384),4/26,0.00012208503690954434,0.0040208441503904,0,0,18.346938775510203,165.32046257631316,ZFP36;ANXA1;ZFP36L2;ZFP36L1
GO_Biological_Process_2023,Positive Regulation Of miRNA Metabolic Process (GO:2000630),5/49,0.0001268747654680824,0.0040896865890243,0,0,11.512820512820513,103.29659526813114,EGR1;KLF5;MYC;ZC3H12A;FOS
GO_Biological_Process_2023,Negative Regulation Of Protein Modification Process (GO:0031400),6/78,0.0001309957437581262,0.0041345531623658,0,0,8.474226804123711,75.76251738674904,PPP1R15A;PRNP;CDKN1A;ZC3H12A;FXYD1;FBLN1
GO_Biological_Process_2023,Cellular Response To Epidermal Growth Factor Stimulus (GO:0071364),4/27,0.00014220084233688404,0.0043966178804159,0,0,17.54835847382431,155.44809947118517,EEF1A1;ZFP36;ZFP36L2;ZFP36L1
GO_Biological_Process_2023,Positive Regulation Of Protein Metabolic Process (GO:0051247),9/196,0.0001633154181309202,0.0049484571693668,0,0,4.942100400369572,43.09426123165502,NFKBIA;RPS4X;TIPARP;PERP;EIF4A3;APOE;EZR;EEF2;TENT5B
GO_Biological_Process_2023,Negative Regulation Of Locomotion (GO:0040013),3/12,0.00020276702349047895,0.0057960762375108,0,0,33.48730964467005,284.75776049641166,TACSTD2;FBLN1;SPINT2
GO_Biological_Process_2023,Positive Regulation Of Nuclear-Transcribed mRNA poly(A) Tail Shortening (GO:0060213),3/12,0.00020276702349047895,0.0057960762375108,0,0,33.48730964467005,284.75776049641166,ZFP36;PABPC1;TOB1
GO_Biological_Process_2023,Negative Regulation Of Cell Cycle Phase Transition (GO:1901988),3/12,0.00020276702349047895,0.0057960762375108,0,0,33.48730964467005,284.75776049641166,RGCC;ZFP36L2;ZFP36L1
GO_Biological_Process_2023,Response To Epidermal Growth Factor (GO:0070849),4/30,0.00021690636844734663,0.0060738450359876,0,0,15.521193092621663,130.93747995826848,EEF1A1;ZFP36;ZFP36L2;ZFP36L1
GO_Biological_Process_2023,Cellular Response To Fibroblast Growth Factor Stimulus (GO:0044344),5/55,0.00022050262506885927,0.0060738450359876,0,0,10.128205128205128,85.27544560100635,NR4A1;ZFP36;CD44;ZFP36L2;ZFP36L1
GO_Biological_Process_2023,Response To Chemokine (GO:1990868),3/13,0.00026165809515097364,0.0070787859670308,0,0,30.13705583756345,248.5846578261998,CXCL12;DUSP1;ZC3H12A
GO_Biological_Process_2023,Cellular Response To Cytokine Stimulus (GO:0071345),11/308,0.0002852576906248818,0.007581849145556,0,0,3.821869488536155,31.19454825010165,NFKBIA;EGR1;MT2A;ZFP36;CXCL12;DUSP1;ZC3H12A;MT1X;PLP2;ZFP36L2;ZFP36L1
GO_Biological_Process_2023,Positive Regulation Of Macromolecule Metabolic Process (GO:0010604),12/364,0.0003154441898955959,0.0082396197877901,0,0,3.526595744680851,28.42975311155701,NFKBIA;EGR1;GSN;RGCC;MYC;RPL11;ZC3H12A;PKP3;EZR;HSPA1B;HSPA1A;ACTG1
GO_Biological_Process_2023,Regulation Of Nuclear-Transcribed mRNA poly(A) Tail Shortening (GO:0060211),3/14,0.000330570754905644,0.0084883846386788,0,0,27.395939086294412,219.56995457412373,ZFP36;PABPC1;TOB1
GO_Biological_Process_2023,Positive Regulation Of Apoptotic Process (GO:0043065),10/270,0.0004046125775666553,0.010216467583558,0,0,3.955465587044535,30.90239350082321,DNAJA1;PRNP;TNFAIP8;BTG1;FAM162A;ZC3H12A;RPS6;SAP18;PMAIP1;MCL1
GO_Biological_Process_2023,Regulation Of Erythrocyte Differentiation (GO:0045646),4/36,0.0004448946011773135,0.0110494314882562,0,0,12.607142857142858,97.2978079915696,ZFP36;HSPA1B;ZFP36L1;HSPA1A
GO_Biological_Process_2023,Apoptotic Process (GO:0006915),9/228,0.0004977575631731953,0.0121629469065708,0,0,4.213081833177939,32.04216170603938,PPP1R15A;NFKBIA;IFI27;FAM162A;MYC;PMAIP1;EMP3;PHLDA2;IER3
GO_Biological_Process_2023,Positive Regulation Of Cell Differentiation (GO:0045597),10/283,0.0005837564577859609,0.0140379529134242,0,0,3.764603817235397,28.031340487061307,COL1A1;IFITM1;ZFP36;CEBPB;BTG1;RGCC;ZC3H12A;TACSTD2;TENT5A;ZFP36L1
GO_Biological_Process_2023,Cellular Response To Glucocorticoid Stimulus (GO:0071385),3/17,0.0006040394207294829,0.0142987456625807,0,0,21.5221174764322,159.51916044937724,ZFP36;ZFP36L2;ZFP36L1
GO_Biological_Process_2023,Intrinsic Apoptotic Signaling Pathway (GO:0097193),6/105,0.0006569142848848823,0.0153111560246245,0,0,6.154639175257732,45.100931303106,PPP1R15A;CDKN1A;CEBPB;PMAIP1;SFN;MCL1
GO_Biological_Process_2023,Cellular Response To Heat (GO:0034605),4/40,0.0006690615196291692,0.015358003064215,0,0,11.20408163265306,81.89774214112175,DNAJB1;BAG3;HSPA1B;HSPA1A
GO_Biological_Process_2023,Negative Regulation Of mRNA Catabolic Process (GO:1902373),4/41,0.0007356418168161046,0.0166342888429313,0,0,10.900717043574186,78.64613599642355,TENT5A;PABPC1;PKP3;TENT5B
GO_Biological_Process_2023,Cellular Response To Organic Cyclic Compound (GO:0071407),7/152,0.00085845796992634,0.0184729287334666,0,0,4.916383777023405,34.71150247258905,EGR1;TIPARP;ZC3H12A;EZR;HSPA1B;ZFP36L1;HSPA1A
GO_Biological_Process_2023,Positive Regulation Of miRNA Transcription (GO:1902895),4/43,0.0008826236600453894,0.0184729287334666,0,0,10.34065934065934,72.72184139201934,EGR1;KLF5;MYC;FOS
GO_Biological_Process_2023,mRNA Catabolic Process (GO:0006402),4/43,0.0008826236600453894,0.0184729287334666,0,0,10.34065934065934,72.72184139201934,ZFP36;ZFP36L2;HSPA1B;HSPA1A
GO_Biological_Process_2023,mRNA Destabilization (GO:0061157),4/43,0.0008826236600453894,0.0184729287334666,0,0,10.34065934065934,72.72184139201934,ZFP36;ZC3H12A;ZFP36L2;ZFP36L1
GO_Biological_Process_2023,Regulation Of Gene Expression (GO:0010468),23/1127,0.0009247874502596014,0.0184729287334666,0,0,2.2005649717514126,15.373029449293394,EGR1;CEBPB;BTG1;GSN;CRABP2;TIPARP;AHNAK2;RPL11;TOB1;LITAF;RPL6;ZFP36L1;ACTG1;RGCC;SOX15;MYC;ZC3H12A;REL;APOE;PKP3;EZR;HSPA1B;HSPA1A
GO_Biological_Process_2023,Regulation Of Fat Cell Differentiation (GO:0045598),5/75,0.0009311205889878056,0.0184729287334666,0,0,7.227106227106227,50.43885435146444,ZFP36;CEBPB;ZC3H12A;ZFP36L2;ZFP36L1
GO_Biological_Process_2023,Cellular Response To Growth Factor Stimulus (GO:0071363),7/155,0.0009626213781436188,0.0184729287334666,0,0,4.81599215796107,33.45116102108894,EEF1A1;NR4A1;ZFP36;ANXA1;ZFP36L2;CD44;ZFP36L1
GO_Biological_Process_2023,Negative Regulation Of Erythrocyte Differentiation (GO:0045647),2/5,0.0009754681839454336,0.0184729287334666,0,0,66.65656565656566,462.1028413784856,ZFP36;ZFP36L1
GO_Biological_Process_2023,Regulation Of Keratinocyte Apoptotic Process (GO:1902172),2/5,0.0009754681839454336,0.0184729287334666,0,0,66.65656565656566,462.1028413784856,ZFP36;ZFP36L1
GO_Biological_Process_2023,Cellular Heat Acclimation (GO:0070370),2/5,0.0009754681839454336,0.0184729287334666,0,0,66.65656565656566,462.1028413784856,HSPA1B;HSPA1A
GO_Biological_Process_2023,Cellular Response To Granulocyte Macrophage Colony-Stimulating Factor Stimulus (GO:0097011),2/5,0.0009754681839454336,0.0184729287334666,0,0,66.65656565656566,462.1028413784856,ZFP36;ZFP36L2
GO_Biological_Process_2023,Response To Granulocyte Macrophage Colony-Stimulating Factor (GO:0097012),2/5,0.0009754681839454336,0.0184729287334666,0,0,66.65656565656566,462.1028413784856,ZFP36;ZFP36L2
GO_Biological_Process_2023,Heat Acclimation (GO:0010286),2/5,0.0009754681839454336,0.0184729287334666,0,0,66.65656565656566,462.1028413784856,HSPA1B;HSPA1A
GO_Biological_Process_2023,Cellular Response To Copper Ion (GO:0071280),3/20,0.0009905301969888136,0.01852658331405,0,0,17.721409375933113,122.5837770787782,PRNP;MT2A;MT1X
GO_Biological_Process_2023,Negative Regulation Of Interleukin-2 Production (GO:0032703),3/21,0.0011471485105092,0.0209389155833918,0,0,16.736040609137056,113.3109608085056,PRNP;ZFP36;EZR
GO_Biological_Process_2023,Modulation By Host Of Viral Genome Replication (GO:0044827),3/21,0.0011471485105092,0.0209389155833918,0,0,16.736040609137056,113.3109608085056,EEF1A1;IFI27;ZC3H12A
GO_Biological_Process_2023,Negative Regulation Of Cellular Component Organization (GO:0051129),5/79,0.0011773948684188,0.0212351574482676,0,0,6.835065835065835,46.09876674157659,DNAJB1;CRYAB;NOP53;HSPA1B;HSPA1A
GO_Biological_Process_2023,Regulation Of Signal Transduction By P53 Class Mediator (GO:1901796),4/47,0.0012365931398092,0.0220404541977771,0,0,9.376839107736116,62.78164306999791,RPS15;HEXIM1;RPL11;NOP53
GO_Biological_Process_2023,Negative Regulation Of Extrinsic Apoptotic Signaling Pathway In Absence Of Ligand (GO:2001240),3/22,0.0013185462203513,0.0229608910785324,0,0,15.854394870424793,105.13406751270358,HSPA1B;HSPA1A;MCL1
GO_Biological_Process_2023,Negative Regulation Of Signal Transduction In Absence Of Ligand (GO:1901099),3/22,0.0013185462203513,0.0229608910785324,0,0,15.854394870424793,105.13406751270358,HSPA1B;HSPA1A;MCL1
GO_Biological_Process_2023,Negative Regulation Of p38MAPK Cascade (GO:1903753),2/6,0.0014535707837741,0.0244684415268644,0,0,49.98989898989899,326.6206097208578,DUSP1;EZR
GO_Biological_Process_2023,Regulation Of Nucleotide-Binding Oligomerization Domain Containing 2 Signaling Pathway (GO:0070432),2/6,0.0014535707837741,0.0244684415268644,0,0,49.98989898989899,326.6206097208578,HSPA1B;HSPA1A
GO_Biological_Process_2023,"Nuclear-Transcribed mRNA Catabolic Process, Deadenylation-Independent Decay (GO:0031086)",2/6,0.0014535707837741,0.0244684415268644,0,0,49.98989898989899,326.6206097208578,ZFP36;ZFP36L1
GO_Biological_Process_2023,Negative Regulation Of Growth (GO:0045926),6/124,0.0015592887441538,0.0256871646130073,0,0,5.158658046479119,33.34311780301567,MT2A;CDKN1A;BTG1;MT1X;HSPA1B;HSPA1A
GO_Biological_Process_2023,Positive Regulation Of Fat Cell Differentiation (GO:0045600),4/50,0.0015598806233641,0.0256871646130073,0,0,8.763975155279503,56.64285082988862,ZFP36;CEBPB;ZC3H12A;ZFP36L1
GO_Biological_Process_2023,Nuclear-Transcribed mRNA Catabolic Process (GO:0000956),5/85,0.0016330044910439,0.0266021699347489,0,0,6.32051282051282,40.560840018013536,ZFP36;EIF4A3;ZC3H12A;PNRC1;ZFP36L1
GO_Biological_Process_2023,ERK1 And ERK2 Cascade (GO:0070371),3/24,0.0017076659731305,0.0272327784136085,0,0,14.343002175489485,91.40261395182884,MYC;ZFP36L2;ZFP36L1
GO_Biological_Process_2023,Response To Copper Ion (GO:0046688),3/24,0.0017076659731305,0.0272327784136085,0,0,14.343002175489485,91.40261395182884,PRNP;MT2A;MT1X
GO_Biological_Process_2023,Negative Regulation Of Intrinsic Apoptotic Signaling Pathway In Response To DNA Damage (GO:1902230),3/25,0.0019263332020576,0.029955880001929,0,0,13.690355329949238,85.59397680666795,CXCL12;CD44;TPT1
GO_Biological_Process_2023,Regulation Of Monocyte Chemotaxis (GO:0090025),3/25,0.0019263332020576,0.029955880001929,0,0,13.690355329949238,85.59397680666795,CXCL12;DUSP1;S100A14
GO_Biological_Process_2023,mRNA Stabilization (GO:0048255),4/53,0.001937740092534,0.029955880001929,0,0,8.226155768429821,51.382484683548725,ZFP36;TENT5A;PABPC1;TENT5B
GO_Biological_Process_2023,Positive Regulation Of Microtubule Nucleation (GO:0090063),2/7,0.0020216133697869,0.0309368106588607,0,0,39.98989898989899,248.09171029141777,HSPA1B;HSPA1A
GO_Biological_Process_2023,Negative Regulation Of Protein Modification By Small Protein Conjugation Or Removal (GO:1903321),4/54,0.0020765932331265,0.0314603874818673,0,0,8.061224489795919,49.79439807569174,DNAJA1;RPL11;HSPA1B;HSPA1A
GO_Biological_Process_2023,Negative Regulation Of Cytokine Production (GO:0001818),7/178,0.00213130994636,0.0317954522290928,0,0,4.163348786473957,25.608835365935647,PRNP;ZFP36;RGCC;ANXA1;GPNMB;ZC3H12A;EZR
GO_Biological_Process_2023,Epithelial Cell Differentiation (GO:0030855),6/132,0.0021411000582919,0.0317954522290928,0,0,4.829160530191458,29.682123892270933,CBR1;TAGLN;ANXA1;KRT14;IRF6;KRT10
GO_Biological_Process_2023,Regulation Of Keratinocyte Differentiation (GO:0045616),3/26,0.0021616710096346,0.0317954522290928,0,0,13.094460384021188,80.35905008065508,ZFP36;AQP3;ZFP36L1
GO_Biological_Process_2023,Regulation Of Extrinsic Apoptotic Signaling Pathway In Absence Of Ligand (GO:2001239),3/27,0.0024141059150854,0.0348320996319466,0,0,12.548223350253808,75.62094298941223,HSPA1B;MCL1;HSPA1A
GO_Biological_Process_2023,Chaperone Cofactor-Dependent Protein Refolding (GO:0051085),3/27,0.0024141059150854,0.0348320996319466,0,0,12.548223350253808,75.62094298941223,DNAJB1;HSPA1B;HSPA1A
GO_Biological_Process_2023,RNA Catabolic Process (GO:0006401),4/57,0.0025341401417975,0.0362190784417284,0,0,7.60377358490566,45.45460491125239,ZFP36;ZFP36L2;HSPA1B;HSPA1A
GO_Biological_Process_2023,p38MAPK Cascade (GO:0038066),2/8,0.0026777674677022,0.0368630312613316,0,0,33.323232323232325,197.36590289038227,ZFP36;ZFP36L1
GO_Biological_Process_2023,Skin Morphogenesis (GO:0043589),2/8,0.0026777674677022,0.0368630312613316,0,0,33.323232323232325,197.36590289038227,COL1A1;COL1A2
GO_Biological_Process_2023,Positive Regulation Of Tumor Necrosis Factor-Mediated Signaling Pathway (GO:1903265),2/8,0.0026777674677022,0.0368630312613316,0,0,33.323232323232325,197.36590289038227,HSPA1B;HSPA1A
GO_Biological_Process_2023,"Nuclear-Transcribed mRNA Catabolic Process, Nonsense-Mediated Decay (GO:0000184)",3/28,0.0026840467141937,0.0368630312613316,0,0,12.045685279187817,71.31563234569973,EIF4A3;ZC3H12A;PNRC1
GO_Biological_Process_2023,Response To Organic Cyclic Compound (GO:0014070),4/58,0.0027008557557807,0.0368630312613316,0,0,7.462585034013605,44.13512048118966,ANXA1;TIPARP;PMAIP1;AQP3
GO_Biological_Process_2023,Cellular Response To Transforming Growth Factor Beta Stimulus (GO:0071560),5/96,0.0027862697528819,0.0376892738894297,0,0,5.553395322626092,32.67091114865691,COL3A1;COL1A2;FOS;ZFP36L2;ZFP36L1
GO_Biological_Process_2023,Regulation Of miRNA Transcription (GO:1902893),4/59,0.0028749370578511,0.0385445101118987,0,0,7.326530612244898,42.87283866824234,EGR1;KLF5;MYC;FOS
GO_Biological_Process_2023,RNA Biosynthetic Process (GO:0032774),3/29,0.002971884860348,0.038813841064028,0,0,11.581803982819212,67.38940857682955,TAF7;ZFP36L2;ZFP36L1
GO_Biological_Process_2023,Regulation Of Protein Modification By Small Protein Conjugation Or Removal (GO:1903320),3/29,0.002971884860348,0.038813841064028,0,0,11.581803982819212,67.38940857682955,EGR1;HSPA1B;HSPA1A
GO_Biological_Process_2023,Integrated Stress Response Signaling (GO:0140467),3/29,0.002971884860348,0.038813841064028,0,0,11.581803982819212,67.38940857682955,CEBPB;FOS;JUNB
GO_Biological_Process_2023,Negative Regulation Of Peptidase Activity (GO:0010466),4/60,0.0030565414874588,0.0395782936196591,0,0,7.19533527696793,41.66438194796197,CSTA;SERPINB2;SERPINF1;SERPINB5
GO_Biological_Process_2023,Negative Regulation Of Intrinsic Apoptotic Signaling Pathway (GO:2001243),4/61,0.0032458250655199,0.0413846848801565,0,0,7.0687432867884,40.50662547348915,DNAJA1;CXCL12;TPT1;HSPA1A
GO_Biological_Process_2023,"Maturation Of SSU-rRNA From Tricistronic rRNA Transcript (SSU-rRNA, 5.8S rRNA, LSU-rRNA) (GO:0000462)",3/30,0.0032779948419926,0.0413846848801565,0,0,11.152284263959393,63.79690278522437,RPS14;RPS16;RPS8
GO_Biological_Process_2023,Negative Regulation Of Blood Coagulation (GO:0030195),3/30,0.0032779948419926,0.0413846848801565,0,0,11.152284263959393,63.79690278522437,SERPINB2;KRT1;APOE
GO_Biological_Process_2023,Positive Regulation Of Epidermis Development (GO:0045684),2/9,0.0034202318391573,0.0428235639365564,0,0,28.561327561327563,162.17255858986445,SFN;KRT10
GO_Biological_Process_2023,Negative Regulation Of Protein Metabolic Process (GO:0051248),6/147,0.0036557539531385,0.0453972724508604,0,0,4.312129853037947,24.19731368597156,PRNP;CSTA;EIF4A3;APOE;CRYAB;TOB1
GO_Biological_Process_2023,Negative Regulation Of Protein Phosphorylation (GO:0001933),6/149,0.0039057622226571,0.0481075590839481,0,0,4.251387787470262,23.575230575007577,PRNP;CDKN1A;ZC3H12A;TAF7;FBLN1;SFN
GO_Biological_Process_2023,'De Novo' Post-Translational Protein Folding (GO:0051084),3/32,0.0039464456405227,0.0482166543983218,0,0,10.382110974969368,57.46436072810552,DNAJB1;HSPA1B;HSPA1A
GO_Biological_Process_2023,Negative Regulation Of MAPK Cascade (GO:0043409),5/105,0.0040960318506073,0.0495519594679399,0,0,5.051282051282051,27.770618287278307,DUSP1;MYC;FBLN1;APOE;EZR
GO_Biological_Process_2023,Negative Regulation Of Mitochondrial Outer Membrane Permeabilization Involved In Apoptotic Signaling Pathway (GO:1901029),2/10,0.0042472321345398,0.0495519594679399,0,0,24.98989898989899,136.4820277236255,SLC25A5;HSPA1A
GO_Biological_Process_2023,Actin Filament Depolymerization (GO:0030042),2/10,0.0042472321345398,0.0495519594679399,0,0,24.98989898989899,136.4820277236255,GSN;DSTN
GO_Biological_Process_2023,Regulation Of Microtubule Nucleation (GO:0010968),2/10,0.0042472321345398,0.0495519594679399,0,0,24.98989898989899,136.4820277236255,HSPA1B;HSPA1A
GO_Biological_Process_2023,"Regulation Of Nuclear-Transcribed mRNA Catabolic Process, Nonsense-Mediated Decay (GO:2000622)",2/10,0.0042472321345398,0.0495519594679399,0,0,24.98989898989899,136.4820277236255,EIF4A3;PABPC1
GO_Biological_Process_2023,Regulation Of Translation (GO:0006417),7/202,0.0042936344877134,0.0495519594679399,0,0,3.64647269828617,19.87554323516744,RPS4X;EIF4A3;PKP3;TENT5B;EEF2;TOB1;EIF1
GO_Biological_Process_2023,Negative Regulation Of Epithelial Cell Migration (GO:0010633),3/33,0.0043094538934011,0.0495519594679399,0,0,10.03553299492386,54.6629871343117,TACSTD2;APOE;DCN
GO_Biological_Process_2023,Negative Regulation Of Transcription By RNA Polymerase II (GO:0000122),16/763,0.0043173984486917,0.0495519594679399,0,0,2.2179151388161342,12.07677475499226,HEXIM1;CEBPB;RPS14;DNAJB1;ZFP36;IFI27;BAG3;SOX15;MYC;ID4;FOSB;TAF7;EZR;NOP53;ATF3;HSPA1A
GO_Biological_Process_2023,Response To Tumor Necrosis Factor (GO:0034612),5/108,0.0046165456406343,0.0521910523829476,0,0,4.9034105053522525,26.371073964885344,NFKBIA;ZFP36;ZC3H12A;ZFP36L2;ZFP36L1
GO_Biological_Process_2023,Positive Regulation Of Translation (GO:0045727),5/108,0.0046165456406343,0.0521910523829476,0,0,4.9034105053522525,26.371073964885344,RPS4X;EIF4A3;PABPC1;EEF2;TENT5B
GO_Biological_Process_2023,Regulation Of Angiogenesis (GO:0045765),7/205,0.0046506878361042,0.0521910523829476,0,0,3.5906735751295336,19.2845747303912,BTG1;RGCC;GPNMB;SERPINF1;KRT1;ZC3H12A;DCN
GO_Biological_Process_2023,Intermediate Filament Organization (GO:0045109),4/68,0.0047986051189846,0.0534550496710419,0,0,6.293367346938775,33.6029944353692,KRT1;KRT14;KRT5;KRT10
GO_Biological_Process_2023,Protein Stabilization (GO:0050821),7/208,0.0050297138001585,0.0550203247696396,0,0,3.53654009744026,18.716757209231154,BAG3;RPL11;DSG1;CRYAB;NOP53;HSPA1B;HSPA1A
GO_Biological_Process_2023,Regulation Of Epithelial Cell Apoptotic Process (GO:1904035),2/11,0.0051570205394645,0.0550203247696396,0,0,22.21212121212121,117.00004466783103,ZFP36;ZFP36L1
GO_Biological_Process_2023,"Negative Regulation Of Nuclear-Transcribed mRNA Catabolic Process, Deadenylation-Dependent Decay (GO:1900152)",2/11,0.0051570205394645,0.0550203247696396,0,0,22.21212121212121,117.00004466783103,PABPC1;TOB1
GO_Biological_Process_2023,Intracellular Copper Ion Homeostasis (GO:0006878),2/11,0.0051570205394645,0.0550203247696396,0,0,22.21212121212121,117.00004466783103,PRNP;MT2A
GO_Biological_Process_2023,Regulation Of T-helper 17 Cell Differentiation (GO:2000319),2/11,0.0051570205394645,0.0550203247696396,0,0,22.21212121212121,117.00004466783103,ZC3H12A;JUNB
GO_Biological_Process_2023,Regulation Of Amyloid Precursor Protein Catabolic Process (GO:1902991),2/11,0.0051570205394645,0.0550203247696396,0,0,22.21212121212121,117.00004466783103,PRNP;APOE
GO_Biological_Process_2023,Negative Regulation Of T Cell Proliferation (GO:0042130),3/36,0.0055172885597211,0.0584523927830601,0,0,9.121827411167512,47.43230522818489,PRNP;CEBPB;GPNMB
GO_Biological_Process_2023,Negative Regulation Of Cell Adhesion (GO:0007162),4/72,0.005877786338127,0.0610139413129746,0,0,5.921968787515006,30.41863718634327,DUSP1;FBLN1;SPINT2;TGFBI
GO_Biological_Process_2023,Negative Regulation Of Endothelial Cell Migration (GO:0010596),3/37,0.0059604378312344,0.0610139413129746,0,0,8.853090474768587,45.35094165112317,RGCC;APOE;DCN
GO_Biological_Process_2023,RNA Stabilization (GO:0043489),3/37,0.0059604378312344,0.0610139413129746,0,0,8.853090474768587,45.35094165112317,TENT5A;PABPC1;TENT5B
GO_Biological_Process_2023,Negative Regulation Of Stress-Activated MAPK Cascade (GO:0032873),3/37,0.0059604378312344,0.0610139413129746,0,0,8.853090474768587,45.35094165112317,DUSP1;MYC;EZR
GO_Biological_Process_2023,Regulation Of p38MAPK Cascade (GO:1900744),3/37,0.0059604378312344,0.0610139413129746,0,0,8.853090474768587,45.35094165112317,DUSP1;ZC3H12A;EZR
GO_Biological_Process_2023,Negative Regulation Of Mitochondrial Membrane Permeability (GO:0035795),2/12,0.0061478754316609,0.0612765215721469,0,0,19.98989898989899,101.78154350719132,SLC25A5;HSPA1A
GO_Biological_Process_2023,Negative Regulation Of Substrate Adhesion-Dependent Cell Spreading (GO:1900025),2/12,0.0061478754316609,0.0612765215721469,0,0,19.98989898989899,101.78154350719132,TACSTD2;FBLN1
GO_Biological_Process_2023,Fibrinolysis (GO:0042730),2/12,0.0061478754316609,0.0612765215721469,0,0,19.98989898989899,101.78154350719132,SERPINB2;KRT1
GO_Biological_Process_2023,Protein Heterotetramerization (GO:0051290),2/12,0.0061478754316609,0.0612765215721469,0,0,19.98989898989899,101.78154350719132,KRT1;KRT10
GO_Biological_Process_2023,Positive Regulation Of Transcription By RNA Polymerase II (GO:0045944),18/938,0.0062800102149964,0.0621844148739842,0,0,2.029622551361682,10.290965044567765,EGR1;CEBPB;PRRX1;FOS;LITAF;DCN;NFKBIA;NR4A1;RGCC;KLF5;SOX15;MYC;ZC3H12A;REL;TAF7;IRF6;JUNB;ATF3
GO_Biological_Process_2023,Maturation Of SSU-rRNA (GO:0030490),3/38,0.0064242870484076,0.0631292399965773,0,0,8.599709934735316,43.40849457481817,RPS14;RPS16;RPS8
GO_Biological_Process_2023,Cellular Response To Oxidative Stress (GO:0034599),5/117,0.0064587671283627,0.0631292399965773,0,0,4.507326007326007,22.727365768827884,ZC3H12A;FOS;ZFP36L2;HSPA1B;HSPA1A
GO_Biological_Process_2023,Negative Regulation Of Phosphorylation (GO:0042326),4/75,0.0067855868807455,0.0658984879764714,0,0,5.670882437482035,28.314457943471623,PRNP;CDKN1A;ZC3H12A;FBLN1
GO_Biological_Process_2023,Odontogenesis (GO:0042476),3/39,0.006909073873999,0.066441075433084,0,0,8.360406091370558,41.59234877252794,COL1A1;COL1A2;AQP3
GO_Biological_Process_2023,Cellular Response To Tumor Necrosis Factor (GO:0071356),5/119,0.0069291682629882,0.066441075433084,0,0,4.427800269905533,22.01509154079102,NFKBIA;ZFP36;ZC3H12A;ZFP36L2;ZFP36L1
GO_Biological_Process_2023,T Cell Differentiation In Thymus (GO:0033077),2/13,0.0072181010363148,0.0687762457233775,0,0,18.171717171717173,89.6077061786221,ZFP36L2;ZFP36L1
GO_Biological_Process_2023,Negative Regulation Of Secretion By Cell (GO:1903531),3/40,0.0074150224240263,0.0702109935774995,0,0,8.134037590890383,39.89133172446582,VAMP8;ANXA1;APOE
GO_Biological_Process_2023,Positive Regulation Of Macromolecule Biosynthetic Process (GO:0010557),5/122,0.0076789367656166,0.0722583180118583,0,0,4.313609467455621,21.004147217080448,RPS4X;RGCC;EIF4A3;EEF2;TENT5B
GO_Biological_Process_2023,Regulation Of Cyclin-Dependent Protein Serine/Threonine Kinase Activity (GO:0000079),4/79,0.0081338984677975,0.0752753787482632,0,0,5.36734693877551,25.826143528716216,HEXIM1;CDKN1A;RGCC;CCNI
GO_Biological_Process_2023,Positive Regulation Of Cellular Biosynthetic Process (GO:0031328),6/174,0.0082007392935897,0.0752753787482632,0,0,3.614138438880707,17.360625924721145,RPS4X;EGR1;RGCC;EIF4A3;EEF2;TENT5B
GO_Biological_Process_2023,Copper Ion Homeostasis (GO:0055070),2/14,0.0083660270881822,0.0752753787482632,0,0,16.656565656565657,79.67795051677446,PRNP;MT2A
GO_Biological_Process_2023,Striated Muscle Cell Development (GO:0055002),2/14,0.0083660270881822,0.0752753787482632,0,0,16.656565656565657,79.67795051677446,SDC1;MYL9
GO_Biological_Process_2023,"Maturation Of LSU-rRNA From Tricistronic rRNA Transcript (SSU-rRNA, 5.8S rRNA, LSU-rRNA) (GO:0000463)",2/14,0.0083660270881822,0.0752753787482632,0,0,16.656565656565657,79.67795051677446,RPL35;RPL7
GO_Biological_Process_2023,Response To Cytokine (GO:0034097),5/125,0.008483416281333,0.0752753787482632,0,0,4.205128205128205,20.056956299958014,IFITM1;COL3A1;ANXA1;REL;MCL1
GO_Biological_Process_2023,Collagen Fibril Organization (GO:0030199),3/42,0.0084912352718872,0.0752753787482632,0,0,7.716126513080828,36.79605293636041,COL1A1;COL3A1;COL1A2
GO_Biological_Process_2023,Translational Elongation (GO:0006414),3/42,0.0084912352718872,0.0752753787482632,0,0,7.716126513080828,36.79605293636041,EEF1B2;EEF1A1;EEF2
GO_Biological_Process_2023,Keratinocyte Differentiation (GO:0030216),3/42,0.0084912352718872,0.0752753787482632,0,0,7.716126513080828,36.79605293636041,CSTA;ANXA1;KRT10
GO_Biological_Process_2023,Negative Regulation Of Protein Serine/Threonine Kinase Activity (GO:0071901),4/80,0.0084964288884178,0.0752753787482632,0,0,5.296455424274973,25.254078548459987,HEXIM1;CDKN1A;DUSP1;APOE
GO_Biological_Process_2023,Regulation Of Intrinsic Apoptotic Signaling Pathway In Response To DNA Damage (GO:1902229),2/15,0.0095900084936835,0.0834992118846589,0,0,15.374514374514376,71.44588341233826,CXCL12;TPT1
GO_Biological_Process_2023,Regulation Of Monocyte Differentiation (GO:0045655),2/15,0.0095900084936835,0.0834992118846589,0,0,15.374514374514376,71.44588341233826,MYC;ZFP36L1
GO_Biological_Process_2023,Cellular Response To Zinc Ion (GO:0071294),2/15,0.0095900084936835,0.0834992118846589,0,0,15.374514374514376,71.44588341233826,MT2A;MT1X
GO_Biological_Process_2023,Response To Unfolded Protein (GO:0006986),3/44,0.0096544592002155,0.0835800325047229,0,0,7.338987247740498,34.05536215760635,DNAJA1;DNAJB1;HSPA1A
GO_Biological_Process_2023,Regulation Of Cysteine-Type Endopeptidase Activity Involved In Apoptotic Process (GO:0043281),4/84,0.010051872319132,0.0865260600198011,0,0,5.030612244897959,23.14079802223381,MYC;PMAIP1;SFN;CD44
GO_Biological_Process_2023,Positive Regulation Of Amide Metabolic Process (GO:0034250),4/85,0.0104676198849292,0.0885946599199315,0,0,4.968253968253968,22.65259800022629,RPS4X;EIF4A3;TENT5B;EEF2
GO_Biological_Process_2023,Epidermis Development (GO:0008544),4/85,0.0104676198849292,0.0885946599199315,0,0,4.968253968253968,22.65259800022629,KRTDAP;CRABP2;KRT14;KRT5
GO_Biological_Process_2023,mRNA Metabolic Process (GO:0016071),4/85,0.0104676198849292,0.0885946599199315,0,0,4.968253968253968,22.65259800022629,ZFP36;ZFP36L2;HSPA1B;HSPA1A
GO_Biological_Process_2023,Regulation Of Stem Cell Proliferation (GO:0072091),2/16,0.0108884250018907,0.0902876282126321,0,0,14.275613275613276,64.52655688502057,FBLN1;ZFP36L1
GO_Biological_Process_2023,Negative Regulation Of Amyloid-Beta Formation (GO:1902430),2/16,0.0108884250018907,0.0902876282126321,0,0,14.275613275613276,64.52655688502057,PRNP;APOE
GO_Biological_Process_2023,Regulation Of Mitotic Cell Cycle Phase Transition (GO:1901990),4/86,0.0108943363724642,0.0902876282126321,0,0,4.90741662518666,22.179129424034084,CDKN1A;RGCC;ZFP36L2;ZFP36L1
GO_Biological_Process_2023,T Cell Differentiation (GO:0030217),3/46,0.0109060303385555,0.0902876282126321,0,0,6.996930704757408,31.61520738006147,ANXA1;ZFP36L2;ZFP36L1
GO_Biological_Process_2023,Regulation Of Transcription By RNA Polymerase II (GO:0006357),31/2028,0.0110914797002255,0.0913238681839225,0,0,1.635272435280139,7.361306516762966,CEBPB;LITAF;RPS14;DNAJB1;ZFP36;SOX15;MYC;ZC3H12A;SAP18;JUNB;HEXIM1;EGR1;BRD2;PRRX1;FOS;HOPX;DCN;NFKBIA;NR4A1;RGCC;KLF5;IFI27;REL;ID4;FOSB;TAF7;IRF6;EZR;NOP53;ATF3;HSPA1A
GO_Biological_Process_2023,Regulation Of Interleukin-2 Production (GO:0032663),3/47,0.0115653119162109,0.0947105273138353,0,0,6.83756345177665,30.49378950483647,PRNP;ZFP36;EZR
GO_Biological_Process_2023,Positive Regulation Of Programmed Cell Death (GO:0043068),7/245,0.0118378471638261,0.0964211744795517,0,0,2.9811033221578787,13.225526247888222,DNAJA1;TNFAIP8;FAM162A;RPS6;SAP18;PMAIP1;MCL1
GO_Biological_Process_2023,Cellular Response To Chemical Stress (GO:0062197),4/89,0.0122413166965711,0.0977548238180011,0,0,4.733493397358943,20.841280008372543,ZC3H12A;ZFP36L2;HSPA1B;HSPA1A
GO_Biological_Process_2023,Positive Regulation Of Reactive Oxygen Species Metabolic Process (GO:2000379),3/48,0.0122470965035044,0.0977548238180011,0,0,6.685279187817259,29.431716933517144,CBR1;CDKN1A;ZC3H12A
GO_Biological_Process_2023,Cellular Response To Unfolded Protein (GO:0034620),2/17,0.0122596808748648,0.0977548238180011,0,0,13.323232323232324,58.64139939765107,BAG3;HSPA1A
GO_Biological_Process_2023,Regulation Of Viral Transcription (GO:0046782),2/17,0.0122596808748648,0.0977548238180011,0,0,13.323232323232324,58.64139939765107,HEXIM1;ZFP36
GO_Biological_Process_2023,Regulation Of Epithelial Cell Proliferation (GO:0050678),4/91,0.0131959709139781,0.1046696122234396,0,0,4.62420830401126,20.012850913677784,NR4A1;ZFP36;MYC;ZFP36L1
GO_Biological_Process_2023,Positive Regulation Of Transport (GO:0051050),3/50,0.0136786260429923,0.1048426258441864,0,0,6.400151204233719,27.468942123223947,CEBPB;ANXA1;APOE
GO_Biological_Process_2023,Regulation Of Mitochondrial Membrane Permeability (GO:0046902),2/18,0.0137022045657748,0.1048426258441864,0,0,12.48989898989899,53.58414643474309,PMAIP1;SLC25A5
GO_Biological_Process_2023,Regulation Of Mitochondrial Outer Membrane Permeabilization Involved In Apoptotic Signaling Pathway (GO:1901028),2/18,0.0137022045657748,0.1048426258441864,0,0,12.48989898989899,53.58414643474309,SLC25A5;HSPA1A
GO_Biological_Process_2023,Negative Regulation Of Viral Entry Into Host Cell (GO:0046597),2/18,0.0137022045657748,0.1048426258441864,0,0,12.48989898989899,53.58414643474309,IFITM1;GSN
GO_Biological_Process_2023,Positive Regulation Of Monocyte Chemotaxis (GO:0090026),2/18,0.0137022045657748,0.1048426258441864,0,0,12.48989898989899,53.58414643474309,CXCL12;S100A14
GO_Biological_Process_2023,Negative Regulation Of T Cell Receptor Signaling Pathway (GO:0050860),2/18,0.0137022045657748,0.1048426258441864,0,0,12.48989898989899,53.58414643474309,PRNP;EZR
GO_Biological_Process_2023,Negative Regulation Of Amyloid Precursor Protein Catabolic Process (GO:1902992),2/18,0.0137022045657748,0.1048426258441864,0,0,12.48989898989899,53.58414643474309,PRNP;APOE
GO_Biological_Process_2023,Negative Regulation Of Amide Metabolic Process (GO:0034249),4/93,0.0141968234235646,0.1080813441542736,0,0,4.519834900252236,19.23070897367363,PRNP;EIF4A3;APOE;TOB1
GO_Biological_Process_2023,Negative Regulation Of MAP Kinase Activity (GO:0043407),3/51,0.0144285702203611,0.109296419419236,0,0,6.266497461928934,26.5608314530226,DNAJA1;DUSP1;APOE
GO_Biological_Process_2023,Regulation Of Lymphocyte Differentiation (GO:0045619),2/19,0.0152144484017713,0.111892666644095,0,0,11.754604872251932,49.19901329869125,ZFP36L2;ZFP36L1
GO_Biological_Process_2023,Release Of Cytochrome C From Mitochondria (GO:0001836),2/19,0.0152144484017713,0.111892666644095,0,0,11.754604872251932,49.19901329869125,SFN;MCL1
GO_Biological_Process_2023,Protein Heterooligomerization (GO:0051291),2/19,0.0152144484017713,0.111892666644095,0,0,11.754604872251932,49.19901329869125,KRT1;KRT10
GO_Biological_Process_2023,Regulation Of B Cell Differentiation (GO:0045577),2/19,0.0152144484017713,0.111892666644095,0,0,11.754604872251932,49.19901329869125,ZFP36L2;ZFP36L1
GO_Biological_Process_2023,Negative Regulation Of RNA Splicing (GO:0033119),2/19,0.0152144484017713,0.111892666644095,0,0,11.754604872251932,49.19901329869125,SAP18;RPS13
GO_Biological_Process_2023,Negative Regulation Of Cyclin-Dependent Protein Serine/Threonine Kinase Activity (GO:0045736),2/19,0.0152144484017713,0.111892666644095,0,0,11.754604872251932,49.19901329869125,HEXIM1;CDKN1A
GO_Biological_Process_2023,Negative Regulation Of Reproductive Process (GO:2000242),2/20,0.0167948882548689,0.1180272103586743,0,0,11.1010101010101,45.36628383483138,DUSP1;ARHGDIB
GO_Biological_Process_2023,Negative Regulation Of Viral Life Cycle (GO:1903901),2/20,0.0167948882548689,0.1180272103586743,0,0,11.1010101010101,45.36628383483138,IFITM1;GSN
GO_Biological_Process_2023,Regulation Of Mitotic Spindle Assembly (GO:1901673),2/20,0.0167948882548689,0.1180272103586743,0,0,11.1010101010101,45.36628383483138,HSPA1B;HSPA1A
GO_Biological_Process_2023,Positive Regulation Of Epithelial Cell Differentiation (GO:0030858),2/20,0.0167948882548689,0.1180272103586743,0,0,11.1010101010101,45.36628383483138,BTG1;SFN
GO_Biological_Process_2023,Maturation Of LSU-rRNA (GO:0000470),2/20,0.0167948882548689,0.1180272103586743,0,0,11.1010101010101,45.36628383483138,RPL35;RPL7
GO_Biological_Process_2023,Myoblast Differentiation (GO:0045445),2/20,0.0167948882548689,0.1180272103586743,0,0,11.1010101010101,45.36628383483138,SOX15;SDC1
GO_Biological_Process_2023,Negative Regulation Of Cyclin-Dependent Protein Kinase Activity (GO:1904030),2/20,0.0167948882548689,0.1180272103586743,0,0,11.1010101010101,45.36628383483138,HEXIM1;CDKN1A
GO_Biological_Process_2023,Negative Regulation Of Protein Ubiquitination (GO:0031397),3/54,0.0168161021964705,0.1180272103586743,0,0,5.896984174380412,24.09164757699128,DNAJA1;HSPA1B;HSPA1A
GO_Biological_Process_2023,Epidermal Cell Differentiation (GO:0009913),3/54,0.0168161021964705,0.1180272103586743,0,0,5.896984174380412,24.09164757699128,CSTA;ANXA1;KRT10
GO_Biological_Process_2023,Negative Regulation Of Macromolecule Biosynthetic Process (GO:0010558),4/98,0.0169055476223315,0.1180272103586743,0,0,4.278332609639601,17.456082420924414,CDKN1A;EIF4A3;TAF7;TOB1
GO_Biological_Process_2023,MAPK Cascade (GO:0000165),4/98,0.0169055476223315,0.1180272103586743,0,0,4.278332609639601,17.456082420924414,ZFP36;MYC;ZFP36L2;ZFP36L1
GO_Biological_Process_2023,Regulation Of Lipid Storage (GO:0010883),2/21,0.0184420232483939,0.1264080750186063,0,0,10.516214779372676,41.9925427496273,NFKBIA;ZC3H12A
GO_Biological_Process_2023,Chaperone-Mediated Protein Complex Assembly (GO:0051131),2/21,0.0184420232483939,0.1264080750186063,0,0,10.516214779372676,41.9925427496273,HOPX;HSPA1A
GO_Biological_Process_2023,Response To Cadmium Ion (GO:0046686),2/21,0.0184420232483939,0.1264080750186063,0,0,10.516214779372676,41.9925427496273,MT1X;FOS
GO_Biological_Process_2023,Regulation Of Reactive Oxygen Species Metabolic Process (GO:2000377),3/56,0.018523163468073,0.1264080750186063,0,0,5.6738818120869645,22.631601044641528,CBR1;CDKN1A;ZC3H12A
GO_Biological_Process_2023,Positive Regulation Of Cellular Metabolic Process (GO:0031325),3/56,0.018523163468073,0.1264080750186063,0,0,5.6738818120869645,22.631601044641528,CBR1;CDKN1A;ZC3H12A
GO_Biological_Process_2023,Myeloid Cell Differentiation (GO:0030099),3/57,0.0194114444537247,0.131875956714767,0,0,5.568527918781726,21.95053825283205,RPS14;CEBPB;SLC25A5
GO_Biological_Process_2023,Negative Regulation Of Myeloid Cell Differentiation (GO:0045638),2/22,0.0201543754357544,0.1321426761204656,0,0,9.98989898989899,39.00390099361183,ZFP36;ZFP36L1
GO_Biological_Process_2023,Regulation Of Protein Export From Nucleus (GO:0046825),2/22,0.0201543754357544,0.1321426761204656,0,0,9.98989898989899,39.00390099361183,IFI27;BAG3
GO_Biological_Process_2023,Cellular Response To Cadmium Ion (GO:0071276),2/22,0.0201543754357544,0.1321426761204656,0,0,9.98989898989899,39.00390099361183,MT1X;FOS
GO_Biological_Process_2023,Cellular Response To Topologically Incorrect Protein (GO:0035967),2/22,0.0201543754357544,0.1321426761204656,0,0,9.98989898989899,39.00390099361183,BAG3;HSPA1A
GO_Biological_Process_2023,Response To Gamma Radiation (GO:0010332),2/22,0.0201543754357544,0.1321426761204656,0,0,9.98989898989899,39.00390099361183,MYC;CRYAB
GO_Biological_Process_2023,Positive Regulation Of Cholesterol Efflux (GO:0010875),2/22,0.0201543754357544,0.1321426761204656,0,0,9.98989898989899,39.00390099361183,NFKBIA;APOE
GO_Biological_Process_2023,Natural Killer Cell Mediated Immunity (GO:0002228),2/22,0.0201543754357544,0.1321426761204656,0,0,9.98989898989899,39.00390099361183,TUBB2A;TUBB4B
GO_Biological_Process_2023,Regulation Of Neuron Death (GO:1901214),3/58,0.0203229330271079,0.1321426761204656,0,0,5.467005076142132,21.29948088737429,EGR1;PRNP;GPNMB
GO_Biological_Process_2023,Positive Regulation Of Mitochondrion Organization (GO:0010822),3/58,0.0203229330271079,0.1321426761204656,0,0,5.467005076142132,21.29948088737429,FAM162A;PMAIP1;DCN
GO_Biological_Process_2023,mRNA Transport (GO:0051028),3/58,0.0203229330271079,0.1321426761204656,0,0,5.467005076142132,21.29948088737429,ZFP36;EIF4A3;ZFP36L1
GO_Biological_Process_2023,DNA-templated Transcription Initiation (GO:0006352),3/59,0.0212576490223405,0.136463297749347,0,0,5.369108049311095,20.676641778420727,TAF7;ZFP36L2;ZFP36L1
GO_Biological_Process_2023,Cellular Response To Chemokine (GO:1990869),3/59,0.0212576490223405,0.136463297749347,0,0,5.369108049311095,20.676641778420727,CXCL12;DUSP1;ZC3H12A
GO_Biological_Process_2023,Positive Regulation Of Proteolysis (GO:0045862),3/59,0.0212576490223405,0.136463297749347,0,0,5.369108049311095,20.676641778420727,PERP;ZC3H12A;APOE
GO_Biological_Process_2023,Regulation Of G1/S Transition Of Mitotic Cell Cycle (GO:2000045),4/106,0.0218728194145835,0.1390154459769894,0,0,3.941176470588236,15.06518858152958,CDKN1A;RGCC;ANXA1;GPNMB
GO_Biological_Process_2023,Positive Regulation Of Epithelial Cell Apoptotic Process (GO:1904037),2/23,0.02193048949736,0.1390154459769894,0,0,9.513708513708512,36.34120010270031,GSN;RGCC
GO_Biological_Process_2023,Positive Regulation Of Neuron Apoptotic Process (GO:0043525),2/23,0.02193048949736,0.1390154459769894,0,0,9.513708513708512,36.34120010270031,PRNP;MCL1
GO_Biological_Process_2023,Negative Regulation Of Viral Process (GO:0048525),3/61,0.0231968013804758,0.1462592292597053,0,0,5.183441274286714,19.50912983009035,HEXIM1;IFITM1;ZFP36
GO_Biological_Process_2023,Regulation Of Macromolecule Metabolic Process (GO:0060255),5/162,0.0235849453451751,0.1462592292597053,0,0,3.208067940552017,12.02110113138322,MYC;ZC3H12A;APOE;TOB1;ZFP36L1
GO_Biological_Process_2023,Regulation Of Endoplasmic Reticulum Stress-Induced Intrinsic Apoptotic Signaling Pathway (GO:1902235),2/24,0.0237689324469591,0.1462592292597053,0,0,9.08080808080808,33.956554984338226,PMAIP1;HSPA1A
GO_Biological_Process_2023,mRNA Polyadenylation (GO:0006378),2/24,0.0237689324469591,0.1462592292597053,0,0,9.08080808080808,33.956554984338226,HEXIM1;PABPC1
GO_Biological_Process_2023,Natural Killer Cell Mediated Cytotoxicity (GO:0042267),2/24,0.0237689324469591,0.1462592292597053,0,0,9.08080808080808,33.956554984338226,TUBB2A;TUBB4B
GO_Biological_Process_2023,Negative Regulation Of Antigen Receptor-Mediated Signaling Pathway (GO:0050858),2/24,0.0237689324469591,0.1462592292597053,0,0,9.08080808080808,33.956554984338226,PRNP;EZR
GO_Biological_Process_2023,Regulation Of Proteasomal Ubiquitin-Dependent Protein Catabolic Process (GO:0032434),4/109,0.0239421048557141,0.1462592292597053,0,0,3.82798833819242,14.28649905351405,RPL11;NOP53;HSPA1B;HSPA1A
GO_Biological_Process_2023,Positive Regulation Of Cysteine-Type Endopeptidase Activity Involved In Apoptotic Process (GO:0043280),4/109,0.0239421048557141,0.1462592292597053,0,0,3.82798833819242,14.28649905351405,GSN;FAM162A;MYC;PMAIP1
GO_Biological_Process_2023,Extracellular Structure Organization (GO:0043062),4/109,0.0239421048557141,0.1462592292597053,0,0,3.82798833819242,14.28649905351405,COL1A1;COL3A1;COL1A2;TGFBI
GO_Biological_Process_2023,Positive Regulation Of DNA-templated Transcription (GO:0045893),20/1243,0.0243522842421917,0.1481675125579139,0,0,1.6877441628054874,6.270188338894186,EGR1;CEBPB;PRRX1;FOS;LITAF;DCN;COL1A1;NFKBIA;NR4A1;RGCC;KLF5;SOX15;MYC;ZC3H12A;REL;TAF7;APOE;IRF6;JUNB;ATF3
GO_Biological_Process_2023,External Encapsulating Structure Organization (GO:0045229),4/110,0.0246573303185438,0.1494234217303754,0,0,3.791682710820177,14.03939170843531,COL1A1;COL3A1;COL1A2;TGFBI
GO_Biological_Process_2023,Protein Polymerization (GO:0051258),3/63,0.0252288983054118,0.1501446501160309,0,0,5.01015228426396,18.43618393885774,TPPP3;GSN;KRT5
GO_Biological_Process_2023,RNA Polyadenylation (GO:0043631),2/25,0.0256682933201663,0.1501446501160309,0,0,8.685551163812033,31.810820468950148,HEXIM1;PABPC1
GO_Biological_Process_2023,Regulation Of Keratinocyte Proliferation (GO:0010837),2/25,0.0256682933201663,0.1501446501160309,0,0,8.685551163812033,31.810820468950148,ZFP36;ZFP36L1
GO_Biological_Process_2023,Cellular Response To Steroid Hormone Stimulus (GO:0071383),2/25,0.0256682933201663,0.1501446501160309,0,0,8.685551163812033,31.810820468950148,HSPA1B;HSPA1A
GO_Biological_Process_2023,Response To dsRNA (GO:0043331),2/25,0.0256682933201663,0.1501446501160309,0,0,8.685551163812033,31.810820468950148,PMAIP1;SLC3A2
GO_Biological_Process_2023,Response To Zinc Ion (GO:0010043),2/25,0.0256682933201663,0.1501446501160309,0,0,8.685551163812033,31.810820468950148,MT2A;MT1X
GO_Biological_Process_2023,Positive Regulation Of Release Of Cytochrome C From Mitochondria (GO:0090200),2/25,0.0256682933201663,0.1501446501160309,0,0,8.685551163812033,31.810820468950148,FAM162A;PMAIP1
GO_Biological_Process_2023,Regulation Of B Cell Activation (GO:0050864),2/25,0.0256682933201663,0.1501446501160309,0,0,8.685551163812033,31.810820468950148,ZFP36L2;ZFP36L1
GO_Biological_Process_2023,Regulation Of Actin Cytoskeleton Reorganization (GO:2000249),2/25,0.0256682933201663,0.1501446501160309,0,0,8.685551163812033,31.810820468950148,ARHGDIB;CCL27
GO_Biological_Process_2023,Positive Regulation Of Cysteine-Type Endopeptidase Activity (GO:2001056),3/64,0.0262797663190797,0.1525434711624742,0,0,4.927768993925272,17.931934435559224,MYC;PERP;PMAIP1
GO_Biological_Process_2023,Positive Regulation Of Macroautophagy (GO:0016239),3/64,0.0262797663190797,0.1525434711624742,0,0,4.927768993925272,17.931934435559224,BAG3;SLC25A5;DCN
GO_Biological_Process_2023,Positive Regulation Of Erythrocyte Differentiation (GO:0045648),2/26,0.0276271829006745,0.1597526034142057,0,0,8.323232323232324,29.871707121892776,HSPA1B;HSPA1A
GO_Biological_Process_2023,Negative Regulation Of Endopeptidase Activity (GO:0010951),3/66,0.0284510080327513,0.1636143436978023,0,0,4.7708484408992025,16.982177034654356,SERPINB2;SERPINF1;SERPINB5
GO_Biological_Process_2023,Negative Regulation Of DNA-templated Transcription (GO:0045892),17/1025,0.0285110143473398,0.1636143436978023,0,0,1.7318501170960188,6.160995827049619,HEXIM1;CEBPB;RPS14;DNAJB1;ZFP36;IFI27;SOX15;MYC;ID4;FOSB;SAP18;TAF7;EZR;CRYAB;NOP53;ATF3;HSPA1A
GO_Biological_Process_2023,Extrinsic Apoptotic Signaling Pathway (GO:0097191),3/67,0.0295713073395418,0.1690586061109658,0,0,4.696065989847716,16.534616995789808,IFI27;BAG3;MCL1
GO_Biological_Process_2023,Regulation Of Cell Cycle (GO:0051726),7/298,0.0306622579136034,0.1746365441319895,0,0,2.4315474600715774,8.473268787372758,PPP1R15A;NR4A1;CDKN1A;MYC;TENT5B;JUNB;NOP53
GO_Biological_Process_2023,Regulation Of Protein-Containing Complex Assembly (GO:0043254),4/119,0.0316752226302636,0.1760180176811893,0,0,3.4933451641526174,12.059797873871938,GSN;APOE;CRYAB;NOP53
GO_Biological_Process_2023,Negative Regulation Of Type II Interferon Production (GO:0032689),2/28,0.0317180982356202,0.1760180176811893,0,0,7.682206682206682,26.51027997028578,PRNP;ZC3H12A
GO_Biological_Process_2023,Regulation Of Protein Localization To Membrane (GO:1905475),2/28,0.0317180982356202,0.1760180176811893,0,0,7.682206682206682,26.51027997028578,VAMP8;GSN
GO_Biological_Process_2023,Regulation Of Sodium Ion Transmembrane Transport (GO:1902305),2/28,0.0317180982356202,0.1760180176811893,0,0,7.682206682206682,26.51027997028578,FXYD3;FXYD1
GO_Biological_Process_2023,Positive Regulation Of Fibroblast Proliferation (GO:0048146),2/28,0.0317180982356202,0.1760180176811893,0,0,7.682206682206682,26.51027997028578,CDKN1A;MYC
GO_Biological_Process_2023,Protein Depolymerization (GO:0051261),2/28,0.0317180982356202,0.1760180176811893,0,0,7.682206682206682,26.51027997028578,GSN;DSTN
GO_Biological_Process_2023,"Regulation Of DNA Damage Response, Signal Transduction By P53 Class Mediator (GO:0043516)",2/28,0.0317180982356202,0.1760180176811893,0,0,7.682206682206682,26.51027997028578,PMAIP1;CD44
GO_Biological_Process_2023,Regulation Of Endopeptidase Activity (GO:0052548),3/69,0.0318810265797797,0.176276479081629,0,0,4.553299492385787,15.689505426965288,SERPINB2;SERPINF1;SERPINB5
GO_Biological_Process_2023,Extracellular Matrix Organization (GO:0030198),5/176,0.0321401264329657,0.177062878348884,0,0,2.9433198380566803,10.118103396736007,COL1A1;COL3A1;COL1A2;GSN;TGFBI
GO_Biological_Process_2023,Negative Regulation Of Extrinsic Apoptotic Signaling Pathway (GO:2001237),3/70,0.0330703326834923,0.1815273696213435,0,0,4.485112508523373,15.290280888801105,HSPA1B;MCL1;HSPA1A
GO_Biological_Process_2023,RNA-mediated Gene Silencing (GO:0031047),2/29,0.0338474516440146,0.1831388901452933,0,0,7.397306397306397,25.046477343523872,HEXIM1;PABPC1
GO_Biological_Process_2023,Regulation Of Spindle Assembly (GO:0090169),2/29,0.0338474516440146,0.1831388901452933,0,0,7.397306397306397,25.046477343523872,HSPA1B;HSPA1A
GO_Biological_Process_2023,Response To Steroid Hormone (GO:0048545),2/29,0.0338474516440146,0.1831388901452933,0,0,7.397306397306397,25.046477343523872,HSPA1B;HSPA1A
GO_Biological_Process_2023,Positive Regulation Of Microtubule Polymerization (GO:0031116),2/29,0.0338474516440146,0.1831388901452933,0,0,7.397306397306397,25.046477343523872,HSPA1B;HSPA1A
GO_Biological_Process_2023,Regulation Of Protein Catabolic Process (GO:0042176),4/122,0.0342493059193995,0.1835265481234045,0,0,3.4040124524386024,11.485440902215585,EEF1A1;TIPARP;APOE;EZR
GO_Biological_Process_2023,Negative Regulation Of Supramolecular Fiber Organization (GO:1902904),3/71,0.0342825169101805,0.1835265481234045,0,0,4.418931024186325,14.905583581524706,LIMA1;APOE;CRYAB
GO_Biological_Process_2023,Cell-Cell Junction Assembly (GO:0007043),3/71,0.0342825169101805,0.1835265481234045,0,0,4.418931024186325,14.905583581524706,DSG1;PKP3;ACTG1
GO_Biological_Process_2023,Regulation Of Cell Motility (GO:2000145),4/123,0.0351336225048488,0.1874205566719927,0,0,3.375235808609158,11.30230349342956,TACSTD2;FBLN1;SPINT2;KRT5
GO_Biological_Process_2023,Regulation Of Cellular Localization (GO:0060341),3/72,0.0355175071354049,0.1874878860980433,0,0,4.354667843743103,14.534703522115317,RSL1D1;GSN;KRT5
GO_Biological_Process_2023,Response To Ionizing Radiation (GO:0010212),3/72,0.0355175071354049,0.1874878860980433,0,0,4.354667843743103,14.534703522115317,CDKN1A;ANXA1;MYC
GO_Biological_Process_2023,Transforming Growth Factor Beta Receptor Signaling Pathway (GO:0007179),3/72,0.0355175071354049,0.1874878860980433,0,0,4.354667843743103,14.534703522115317,COL3A1;COL1A2;FOS
GO_Biological_Process_2023,Regulation Of Vasculature Development (GO:1901342),2/30,0.0360309884965366,0.1882308536974241,0,0,7.132756132756133,23.70482996930019,GPNMB;KRT1
GO_Biological_Process_2023,Intrinsic Apoptotic Signaling Pathway In Response To Endoplasmic Reticulum Stress (GO:0070059),2/30,0.0360309884965366,0.1882308536974241,0,0,7.132756132756133,23.70482996930019,PPP1R15A;CEBPB
GO_Biological_Process_2023,Mitotic G2 DNA Damage Checkpoint Signaling (GO:0007095),2/30,0.0360309884965366,0.1882308536974241,0,0,7.132756132756133,23.70482996930019,CDKN1A;NOP53
GO_Biological_Process_2023,Regulation Of Rho Protein Signal Transduction (GO:0035023),3/73,0.0367752254746638,0.1914586480897449,0,0,4.292240754169688,14.17697453700434,COL3A1;ARHGDIB;APOE
GO_Biological_Process_2023,Negative Regulation Of Cell Growth (GO:0030308),4/125,0.0369417778707116,0.1916671009387951,0,0,3.3191094619666046,10.947791065360018,CDKN1A;BTG1;HSPA1B;HSPA1A
GO_Biological_Process_2023,Cellular Response To Starvation (GO:0009267),4/126,0.037865638640637,0.1952025162559152,0,0,3.2917363666778185,10.7761942449666,CDKN1A;DAPL1;ZC3H12A;PMAIP1
GO_Biological_Process_2023,Cellular Response To cAMP (GO:0071320),2/31,0.0382674239788824,0.1952025162559152,0,0,6.886450714036921,22.47156498788087,EZR;ZFP36L1
GO_Biological_Process_2023,Positive Regulation Of G1/S Transition Of Mitotic Cell Cycle (GO:1900087),2/31,0.0382674239788824,0.1952025162559152,0,0,6.886450714036921,22.47156498788087,ANXA1;RGCC
GO_Biological_Process_2023,Positive Regulation Of Cholesterol Transport (GO:0032376),2/31,0.0382674239788824,0.1952025162559152,0,0,6.886450714036921,22.47156498788087,NFKBIA;APOE
GO_Biological_Process_2023,Positive Regulation Of Mononuclear Cell Migration (GO:0071677),2/31,0.0382674239788824,0.1952025162559152,0,0,6.886450714036921,22.47156498788087,CXCL12;S100A14
GO_Biological_Process_2023,Regulation Of Stress Fiber Assembly (GO:0051492),3/75,0.0393585070908985,0.2000944236332594,0,0,4.1725888324873095,13.498504866555718,RGCC;TACSTD2;ACTG1
GO_Biological_Process_2023,DNA Damage Response (GO:0006974),8/384,0.0397552846574559,0.2014356396523269,0,0,2.152482269503546,6.94178222380215,PPP1R15A;CDKN1A;MYC;ZC3H12A;SFN;NOP53;IER3;MCL1
GO_Biological_Process_2023,Regulation Of Cholesterol Efflux (GO:0010874),2/32,0.0405554933220173,0.2014477783044466,0,0,6.656565656565657,21.334852328849312,NFKBIA;APOE
GO_Biological_Process_2023,NIK/NF-kappaB Signaling (GO:0038061),2/32,0.0405554933220173,0.2014477783044466,0,0,6.656565656565657,21.334852328849312,NFKBIA;REL
GO_Biological_Process_2023,Negative Regulation Of Proteasomal Ubiquitin-Dependent Protein Catabolic Process (GO:0032435),2/32,0.0405554933220173,0.2014477783044466,0,0,6.656565656565657,21.334852328849312,RPL11;NOP53
GO_Biological_Process_2023,Mitochondrial Membrane Organization (GO:0007006),2/32,0.0405554933220173,0.2014477783044466,0,0,6.656565656565657,21.334852328849312,PMAIP1;SLC25A5
GO_Biological_Process_2023,Purine Ribonucleoside Triphosphate Metabolic Process (GO:0009205),2/32,0.0405554933220173,0.2014477783044466,0,0,6.656565656565657,21.334852328849312,HSPA1B;HSPA1A
GO_Biological_Process_2023,Negative Regulation Of G1/S Transition Of Mitotic Cell Cycle (GO:2000134),2/32,0.0405554933220173,0.2014477783044466,0,0,6.656565656565657,21.334852328849312,CDKN1A;GPNMB
GO_Biological_Process_2023,Regulation Of T Cell Proliferation (GO:0042129),3/77,0.0420316296186853,0.2074199311801573,0,0,4.059404582247222,12.865604326296657,CEBPB;ANXA1;GPNMB
GO_Biological_Process_2023,Negative Regulation Of Blood Vessel Morphogenesis (GO:2000181),3/77,0.0420316296186853,0.2074199311801573,0,0,4.059404582247222,12.865604326296657,RGCC;SERPINF1;DCN
GO_Biological_Process_2023,Intracellular Monoatomic Cation Homeostasis (GO:0030003),5/190,0.0424175201309745,0.2076176888300493,0,0,2.7186417186417184,8.591434680444932,PRNP;MT2A;CXCL12;MYC;TPT1
GO_Biological_Process_2023,Actin Filament Bundle Assembly (GO:0051017),2/33,0.0428939515536669,0.2076176888300493,0,0,6.4415118931247966,20.28447846195992,LIMA1;EZR
GO_Biological_Process_2023,Actin Filament Bundle Organization (GO:0061572),2/33,0.0428939515536669,0.2076176888300493,0,0,6.4415118931247966,20.28447846195992,LIMA1;EZR
GO_Biological_Process_2023,Positive Regulation Of Small Molecule Metabolic Process (GO:0062013),2/33,0.0428939515536669,0.2076176888300493,0,0,6.4415118931247966,20.28447846195992,PMAIP1;APOE
GO_Biological_Process_2023,Regulation Of Amyloid-Beta Formation (GO:1902003),2/33,0.0428939515536669,0.2076176888300493,0,0,6.4415118931247966,20.28447846195992,PRNP;APOE
GO_Biological_Process_2023,Negative Regulation Of Blood Vessel Endothelial Cell Migration (GO:0043537),2/33,0.0428939515536669,0.2076176888300493,0,0,6.4415118931247966,20.28447846195992,RGCC;APOE
GO_Biological_Process_2023,Negative Regulation Of Cell Motility (GO:2000146),4/133,0.0447024255395489,0.2096170144276607,0,0,3.1120075937351683,9.671271629689835,IFITM1;TACSTD2;FBLN1;SPINT2
GO_Biological_Process_2023,ATP Metabolic Process (GO:0046034),2/34,0.0452815731960364,0.2096170144276607,0,0,6.23989898989899,19.311583224616665,HSPA1B;HSPA1A
GO_Biological_Process_2023,Apoptotic Mitochondrial Changes (GO:0008637),2/34,0.0452815731960364,0.2096170144276607,0,0,6.23989898989899,19.311583224616665,SFN;MCL1
GO_Biological_Process_2023,Regulation Of DNA Biosynthetic Process (GO:2000278),2/34,0.0452815731960364,0.2096170144276607,0,0,6.23989898989899,19.311583224616665,CDKN1A;RGCC
GO_Biological_Process_2023,Regulation Of T Cell Receptor Signaling Pathway (GO:0050856),2/34,0.0452815731960364,0.2096170144276607,0,0,6.23989898989899,19.311583224616665,PRNP;EZR
GO_Biological_Process_2023,Cellular Response To Metal Ion (GO:0071248),4/135,0.0467746106682468,0.2096170144276607,0,0,3.064184452406917,9.383803603583353,PRNP;MT2A;MT1X;FOS
GO_Biological_Process_2023,Regulation Of Interleukin-8 Production (GO:0032677),3/81,0.047644064808467,0.2096170144276607,0,0,3.850449043342445,11.720756163276285,ANXA1;HSPA1B;HSPA1A
GO_Biological_Process_2023,Platelet Aggregation (GO:0070527),2/35,0.0477171520360592,0.2096170144276607,0,0,6.05050505050505,18.408446001894514,MYL9;ACTG1
GO_Biological_Process_2023,Endoderm Formation (GO:0001706),2/35,0.0477171520360592,0.2096170144276607,0,0,6.05050505050505,18.408446001894514,DUSP1;COL6A1
GO_Biological_Process_2023,Negative Regulation Of Cell Cycle G1/S Phase Transition (GO:1902807),2/35,0.0477171520360592,0.2096170144276607,0,0,6.05050505050505,18.408446001894514,CDKN1A;GPNMB
GO_Biological_Process_2023,Protein Localization To Organelle (GO:0033365),4/137,0.048899497362236,0.2096170144276607,0,0,3.017799601043425,9.10768346956255,COL1A1;PPP1R15A;DNAJA1;RPL11
GO_Biological_Process_2023,Negative Regulation Of Cellular Biosynthetic Process (GO:0031327),4/137,0.048899497362236,0.2096170144276607,0,0,3.017799601043425,9.10768346956255,CDKN1A;EIF4A3;ZC3H12A;TOB1
GO_Biological_Process_2023,Regulation Of Establishment Of T Cell Polarity (GO:1903903),1/5,0.049014519870416,0.2096170144276607,0,0,24.86934673366834,74.99696447567176,GSN
GO_Biological_Process_2023,His-Purkinje System Development (GO:0003164),1/5,0.049014519870416,0.2096170144276607,0,0,24.86934673366834,74.99696447567176,HOPX
GO_Biological_Process_2023,Regulation Of Extracellular Exosome Assembly (GO:1903551),1/5,0.049014519870416,0.2096170144276607,0,0,24.86934673366834,74.99696447567176,SDC1
GO_Biological_Process_2023,Negative Regulation Of Meiotic Cell Cycle (GO:0051447),1/5,0.049014519870416,0.2096170144276607,0,0,24.86934673366834,74.99696447567176,DUSP1
GO_Biological_Process_2023,Negative Regulation Of Monocyte Chemotaxis (GO:0090027),1/5,0.049014519870416,0.2096170144276607,0,0,24.86934673366834,74.99696447567176,DUSP1
GO_Biological_Process_2023,Negative Regulation Of Morphogenesis Of An Epithelium (GO:1905331),1/5,0.049014519870416,0.2096170144276607,0,0,24.86934673366834,74.99696447567176,TACSTD2
GO_Biological_Process_2023,Regulation Of Glutamate Receptor Signaling Pathway (GO:1900449),1/5,0.049014519870416,0.2096170144276607,0,0,24.86934673366834,74.99696447567176,PRNP
GO_Biological_Process_2023,Negative Regulation Of Neuron Migration (GO:2001223),1/5,0.049014519870416,0.2096170144276607,0,0,24.86934673366834,74.99696447567176,COL3A1
GO_Biological_Process_2023,"Negative Regulation Of Nuclear-Transcribed mRNA Catabolic Process, Nonsense-Mediated Decay (GO:2000623)",1/5,0.049014519870416,0.2096170144276607,0,0,24.86934673366834,74.99696447567176,PABPC1
GO_Biological_Process_2023,Regulation Of Hormone Biosynthetic Process (GO:0046885),1/5,0.049014519870416,0.2096170144276607,0,0,24.86934673366834,74.99696447567176,EGR1
GO_Biological_Process_2023,Negative Regulation Of Trophoblast Cell Migration (GO:1901164),1/5,0.049014519870416,0.2096170144276607,0,0,24.86934673366834,74.99696447567176,ARHGDIB
GO_Biological_Process_2023,Regulation Of Mitotic Spindle Checkpoint (GO:1903504),1/5,0.049014519870416,0.2096170144276607,0,0,24.86934673366834,74.99696447567176,DUSP1
GO_Biological_Process_2023,Regulation Of Monoatomic Anion Transport (GO:0044070),1/5,0.049014519870416,0.2096170144276607,0,0,24.86934673366834,74.99696447567176,CA2
GO_Biological_Process_2023,Neutrophil Degranulation (GO:0043312),1/5,0.049014519870416,0.2096170144276607,0,0,24.86934673366834,74.99696447567176,VAMP8
GO_Biological_Process_2023,Regulation Of Protein Deubiquitination (GO:0090085),1/5,0.049014519870416,0.2096170144276607,0,0,24.86934673366834,74.99696447567176,ZC3H12A
GO_Biological_Process_2023,Cellular Response To Cold (GO:0070417),1/5,0.049014519870416,0.2096170144276607,0,0,24.86934673366834,74.99696447567176,NFKBIA
GO_Biological_Process_2023,Polyamine Transport (GO:0015846),1/5,0.049014519870416,0.2096170144276607,0,0,24.86934673366834,74.99696447567176,TAF7
GO_Biological_Process_2023,Regulation Of Transmission Of Nerve Impulse (GO:0051969),1/5,0.049014519870416,0.2096170144276607,0,0,24.86934673366834,74.99696447567176,TYMP
GO_Biological_Process_2023,Regulation Of Type B Pancreatic Cell Proliferation (GO:0061469),1/5,0.049014519870416,0.2096170144276607,0,0,24.86934673366834,74.99696447567176,NR4A1
GO_Biological_Process_2023,Response To Heparin (GO:0071503),1/5,0.049014519870416,0.2096170144276607,0,0,24.86934673366834,74.99696447567176,EGR1
GO_Biological_Process_2023,Positive Regulation Of Extrinsic Apoptotic Signaling Pathway Via Death Domain Receptors (GO:1902043),1/5,0.049014519870416,0.2096170144276607,0,0,24.86934673366834,74.99696447567176,PMAIP1
GO_Biological_Process_2023,Positive Regulation Of Intrinsic Apoptotic Signaling Pathway By P53 Class Mediator (GO:1902255),1/5,0.049014519870416,0.2096170144276607,0,0,24.86934673366834,74.99696447567176,MYC
GO_Biological_Process_2023,Humoral Immune Response Mediated By Circulating Immunoglobulin (GO:0002455),1/5,0.049014519870416,0.2096170144276607,0,0,24.86934673366834,74.99696447567176,C1R
GO_Biological_Process_2023,Positive Regulation Of Tau-Protein Kinase Activity (GO:1902949),1/5,0.049014519870416,0.2096170144276607,0,0,24.86934673366834,74.99696447567176,EGR1
GO_Biological_Process_2023,Positive Regulation Of Vesicle Fusion (GO:0031340),1/5,0.049014519870416,0.2096170144276607,0,0,24.86934673366834,74.99696447567176,ANXA1
GO_Biological_Process_2023,Lipoprotein Metabolic Process (GO:0042157),1/5,0.049014519870416,0.2096170144276607,0,0,24.86934673366834,74.99696447567176,APOE
GO_Biological_Process_2023,Negative Regulation Of PERK-mediated Unfolded Protein Response (GO:1903898),1/5,0.049014519870416,0.2096170144276607,0,0,24.86934673366834,74.99696447567176,PPP1R15A
GO_Biological_Process_2023,Negative Regulation Of Actin Filament Depolymerization (GO:0030835),1/5,0.049014519870416,0.2096170144276607,0,0,24.86934673366834,74.99696447567176,LIMA1
GO_Biological_Process_2023,Negative Regulation Of Cellular Extravasation (GO:0002692),1/5,0.049014519870416,0.2096170144276607,0,0,24.86934673366834,74.99696447567176,CXCL12
GO_Biological_Process_2023,Positive Regulation Of Myeloid Cell Differentiation (GO:0045639),2/36,0.0501995008461569,0.2096170144276607,0,0,5.872251931075461,17.568310863627904,HSPA1B;HSPA1A
GO_Biological_Process_2023,Protein Destabilization (GO:0031648),2/36,0.0501995008461569,0.2096170144276607,0,0,5.872251931075461,17.568310863627904,PRNP;GSN
GO_Biological_Process_2023,Positive Regulation Of Proteasomal Ubiquitin-Dependent Protein Catabolic Process (GO:0032436),3/83,0.0505815238385671,0.2096170144276607,0,0,3.753807106598985,11.201994465025969,NOP53;HSPA1B;HSPA1A
GO_Biological_Process_2023,Positive Regulation Of Ubiquitin-Dependent Protein Catabolic Process (GO:2000060),3/83,0.0505815238385671,0.2096170144276607,0,0,3.753807106598985,11.201994465025969,NOP53;HSPA1B;HSPA1A
GO_Biological_Process_2023,Regulation Of NIK/NF-kappaB Signaling (GO:1901222),3/83,0.0505815238385671,0.2096170144276607,0,0,3.753807106598985,11.201994465025969,NFKBIA;ZC3H12A;EZR
GO_Biological_Process_2023,Regulation Of Protein Phosphorylation (GO:0001932),6/265,0.0506930733592583,0.2096170144276607,0,0,2.3334394777693745,6.958237180752288,PRNP;CDKN1A;GPNMB;ZC3H12A;FBLN1;NOP53
GO_Biological_Process_2023,Negative Regulation Of Endothelial Cell Proliferation (GO:0001937),2/37,0.0527274511453542,0.2096170144276607,0,0,5.704184704184704,16.785242657704043,RGCC;APOE
GO_Biological_Process_2023,Negative Regulation Of Smooth Muscle Cell Proliferation (GO:0048662),2/37,0.0527274511453542,0.2096170144276607,0,0,5.704184704184704,16.785242657704043,CDKN1A;APOE
GO_Biological_Process_2023,Regulation Of Sodium Ion Transmembrane Transporter Activity (GO:2000649),2/37,0.0527274511453542,0.2096170144276607,0,0,5.704184704184704,16.785242657704043,FXYD3;FXYD1
GO_Biological_Process_2023,Type I Interferon-Mediated Signaling Pathway (GO:0060337),2/37,0.0527274511453542,0.2096170144276607,0,0,5.704184704184704,16.785242657704043,IFITM1;IFI27
GO_Biological_Process_2023,Regulation Of Cellular Component Biogenesis (GO:0044087),2/37,0.0527274511453542,0.2096170144276607,0,0,5.704184704184704,16.785242657704043,APOE;EZR
GO_Biological_Process_2023,Negative Regulation Of Angiogenesis (GO:0016525),3/86,0.055148891178145,0.2096170144276607,0,0,3.617576906611216,10.482720030479646,RGCC;SERPINF1;DCN
GO_Biological_Process_2023,Regulation Of Protein Import Into Nucleus (GO:0042306),2/38,0.0552998529270401,0.2096170144276607,0,0,5.545454545454546,16.054007893661755,BAG3;ZC3H12A
GO_Biological_Process_2023,Cellular Response To Type I Interferon (GO:0071357),2/38,0.0552998529270401,0.2096170144276607,0,0,5.545454545454546,16.054007893661755,IFITM1;IFI27
GO_Biological_Process_2023,Response To cAMP (GO:0051591),2/38,0.0552998529270401,0.2096170144276607,0,0,5.545454545454546,16.054007893661755,EZR;ZFP36L1
GO_Biological_Process_2023,Response To Peptide (GO:1901652),2/38,0.0552998529270401,0.2096170144276607,0,0,5.545454545454546,16.054007893661755,PRNP;ANXA1
GO_Biological_Process_2023,Response To Transforming Growth Factor Beta (GO:0071559),2/38,0.0552998529270401,0.2096170144276607,0,0,5.545454545454546,16.054007893661755,ZFP36L2;ZFP36L1
GO_Biological_Process_2023,Fatty Acid Transport (GO:0015908),2/38,0.0552998529270401,0.2096170144276607,0,0,5.545454545454546,16.054007893661755,CRABP2;APOE
GO_Biological_Process_2023,Positive Regulation Of Protein Tyrosine Kinase Activity (GO:0061098),2/38,0.0552998529270401,0.2096170144276607,0,0,5.545454545454546,16.054007893661755,PRNP;AREG
GO_Biological_Process_2023,Actin Filament Organization (GO:0007015),4/144,0.0567497761741646,0.2096170144276607,0,0,2.8658892128279883,8.222532962280336,CNN2;GSN;TPM2;DSTN
GO_Biological_Process_2023,Regulation Of Cell Adhesion (GO:0030155),4/144,0.0567497761741646,0.2096170144276607,0,0,2.8658892128279883,8.222532962280336,CXCL12;DUSP1;FBLN1;TGFBI
GO_Biological_Process_2023,Negative Regulation Of Lymphocyte Proliferation (GO:0050672),2/39,0.0579155744332589,0.2096170144276607,0,0,5.395304395304395,15.369975594462096,CEBPB;GPNMB
GO_Biological_Process_2023,Negative Regulation Of Mitochondrion Organization (GO:0010823),2/39,0.0579155744332589,0.2096170144276607,0,0,5.395304395304395,15.369975594462096,SLC25A5;HSPA1A
GO_Biological_Process_2023,RNA Transport (GO:0050658),2/39,0.0579155744332589,0.2096170144276607,0,0,5.395304395304395,15.369975594462096,ZFP36;ZFP36L1
GO_Biological_Process_2023,Negative Regulation Of Proteasomal Protein Catabolic Process (GO:1901799),2/39,0.0579155744332589,0.2096170144276607,0,0,5.395304395304395,15.369975594462096,RPL11;NOP53
GO_Biological_Process_2023,Negative Regulation Of Ubiquitin-Dependent Protein Catabolic Process (GO:2000059),2/39,0.0579155744332589,0.2096170144276607,0,0,5.395304395304395,15.369975594462096,RPL11;NOP53
GO_Biological_Process_2023,Regulation Of Mitotic Spindle Organization (GO:0060236),2/39,0.0579155744332589,0.2096170144276607,0,0,5.395304395304395,15.369975594462096,HSPA1B;HSPA1A
GO_Biological_Process_2023,Retina Homeostasis (GO:0001895),2/39,0.0579155744332589,0.2096170144276607,0,0,5.395304395304395,15.369975594462096,KRT1;ACTG1
GO_Biological_Process_2023,Positive Regulation Of Intrinsic Apoptotic Signaling Pathway (GO:2001244),2/39,0.0579155744332589,0.2096170144276607,0,0,5.395304395304395,15.369975594462096,MYC;PMAIP1
GO_Biological_Process_2023,Negative Regulation Of Cell-Substrate Adhesion (GO:0010812),2/39,0.0579155744332589,0.2096170144276607,0,0,5.395304395304395,15.369975594462096,TACSTD2;FBLN1
GO_Biological_Process_2023,Regulation Of Endothelial Cell Migration (GO:0010594),3/88,0.0582996390300356,0.2096170144276607,0,0,3.532099134069872,10.038788675236006,ZC3H12A;APOE;DCN
GO_Biological_Process_2023,Negative Regulation Of Protein Kinase Activity (GO:0006469),3/88,0.0582996390300356,0.2096170144276607,0,0,3.532099134069872,10.038788675236006,CDKN1A;TAF7;SFN
GO_Biological_Process_2023,Negative Regulation Of Establishment Of Protein Localization To Mitochondrion (GO:1903748),1/6,0.0585267307609904,0.2096170144276607,0,0,19.894472361809044,56.46591775214154,DNAJA1
GO_Biological_Process_2023,Regulation Of Digestive System Process (GO:0044058),1/6,0.0585267307609904,0.2096170144276607,0,0,19.894472361809044,56.46591775214154,TYMP
GO_Biological_Process_2023,Regulation Of Extracellular Matrix Assembly (GO:1901201),1/6,0.0585267307609904,0.2096170144276607,0,0,19.894472361809044,56.46591775214154,RGCC
GO_Biological_Process_2023,Regulation Of Histamine Secretion By Mast Cell (GO:1903593),1/6,0.0585267307609904,0.2096170144276607,0,0,19.894472361809044,56.46591775214154,VAMP8
GO_Biological_Process_2023,Regulation Of Ketone Biosynthetic Process (GO:0010566),1/6,0.0585267307609904,0.2096170144276607,0,0,19.894472361809044,56.46591775214154,EGR1
GO_Biological_Process_2023,Negative Regulation Of Ruffle Assembly (GO:1900028),1/6,0.0585267307609904,0.2096170144276607,0,0,19.894472361809044,56.46591775214154,TACSTD2
GO_Biological_Process_2023,Negative Regulation Of Smooth Muscle Cell Apoptotic Process (GO:0034392),1/6,0.0585267307609904,0.2096170144276607,0,0,19.894472361809044,56.46591775214154,LYPD3
GO_Biological_Process_2023,Negative Regulation Of Stress-Activated Protein Kinase Signaling Cascade (GO:0070303),1/6,0.0585267307609904,0.2096170144276607,0,0,19.894472361809044,56.46591775214154,MYC
GO_Biological_Process_2023,Angiotensin-Activated Signaling Pathway (GO:0038166),1/6,0.0585267307609904,0.2096170144276607,0,0,19.894472361809044,56.46591775214154,CA2
GO_Biological_Process_2023,Autophagosome Membrane Docking (GO:0016240),1/6,0.0585267307609904,0.2096170144276607,0,0,19.894472361809044,56.46591775214154,VAMP8
GO_Biological_Process_2023,Regulation Of Oxidative Stress-Induced Neuron Intrinsic Apoptotic Signaling Pathway (GO:1903376),1/6,0.0585267307609904,0.2096170144276607,0,0,19.894472361809044,56.46591775214154,MCL1
GO_Biological_Process_2023,Bleb Assembly (GO:0032060),1/6,0.0585267307609904,0.2096170144276607,0,0,19.894472361809044,56.46591775214154,EMP3
GO_Biological_Process_2023,Regulation Of Striated Muscle Tissue Development (GO:0016202),1/6,0.0585267307609904,0.2096170144276607,0,0,19.894472361809044,56.46591775214154,SOX15
GO_Biological_Process_2023,Polyamine Biosynthetic Process (GO:0006596),1/6,0.0585267307609904,0.2096170144276607,0,0,19.894472361809044,56.46591775214154,SAT1
GO_Biological_Process_2023,Cholesterol Catabolic Process (GO:0006707),1/6,0.0585267307609904,0.2096170144276607,0,0,19.894472361809044,56.46591775214154,APOE
GO_Biological_Process_2023,Positive Regulation Of Amyloid-Beta Clearance (GO:1900223),1/6,0.0585267307609904,0.2096170144276607,0,0,19.894472361809044,56.46591775214154,APOE
GO_Biological_Process_2023,Definitive Hemopoiesis (GO:0060216),1/6,0.0585267307609904,0.2096170144276607,0,0,19.894472361809044,56.46591775214154,ZFP36L2
GO_Biological_Process_2023,Desmosome Organization (GO:0002934),1/6,0.0585267307609904,0.2096170144276607,0,0,19.894472361809044,56.46591775214154,PKP3
GO_Biological_Process_2023,Ribosomal Small Subunit Export From Nucleus (GO:0000056),1/6,0.0585267307609904,0.2096170144276607,0,0,19.894472361809044,56.46591775214154,RPS15
GO_Biological_Process_2023,Positive Regulation Of Cysteine-Type Endopeptidase Activity Involved In Apoptotic Signaling Pathway (GO:2001269),1/6,0.0585267307609904,0.2096170144276607,0,0,19.894472361809044,56.46591775214154,GSN
GO_Biological_Process_2023,Positive Regulation Of Endoplasmic Reticulum Stress-Induced Intrinsic Apoptotic Signaling Pathway (GO:1902237),1/6,0.0585267307609904,0.2096170144276607,0,0,19.894472361809044,56.46591775214154,PMAIP1
GO_Biological_Process_2023,Positive Regulation Of Fibroblast Apoptotic Process (GO:2000271),1/6,0.0585267307609904,0.2096170144276607,0,0,19.894472361809044,56.46591775214154,BTG1
GO_Biological_Process_2023,Positive Regulation Of Hormone Metabolic Process (GO:0032352),1/6,0.0585267307609904,0.2096170144276607,0,0,19.894472361809044,56.46591775214154,EGR1
GO_Biological_Process_2023,Sterol Catabolic Process (GO:0016127),1/6,0.0585267307609904,0.2096170144276607,0,0,19.894472361809044,56.46591775214154,APOE
GO_Biological_Process_2023,Positive Regulation Of Kidney Development (GO:0090184),1/6,0.0585267307609904,0.2096170144276607,0,0,19.894472361809044,56.46591775214154,MYC
GO_Biological_Process_2023,Positive Regulation Of Membrane Depolarization (GO:1904181),1/6,0.0585267307609904,0.2096170144276607,0,0,19.894472361809044,56.46591775214154,DCN
GO_Biological_Process_2023,Positive Regulation Of Mitophagy (GO:1901526),1/6,0.0585267307609904,0.2096170144276607,0,0,19.894472361809044,56.46591775214154,SLC25A5
GO_Biological_Process_2023,Positive Regulation Of Receptor Catabolic Process (GO:2000646),1/6,0.0585267307609904,0.2096170144276607,0,0,19.894472361809044,56.46591775214154,APOE
GO_Biological_Process_2023,Positive Regulation Of Steroid Metabolic Process (GO:0045940),1/6,0.0585267307609904,0.2096170144276607,0,0,19.894472361809044,56.46591775214154,APOE
GO_Biological_Process_2023,Positive Regulation Of Unsaturated Fatty Acid Biosynthetic Process (GO:2001280),1/6,0.0585267307609904,0.2096170144276607,0,0,19.894472361809044,56.46591775214154,ANXA1
GO_Biological_Process_2023,Locomotor Rhythm (GO:0045475),1/6,0.0585267307609904,0.2096170144276607,0,0,19.894472361809044,56.46591775214154,EGR1
GO_Biological_Process_2023,Regulation Of MHC Class I Biosynthetic Process (GO:0045343),1/6,0.0585267307609904,0.2096170144276607,0,0,19.894472361809044,56.46591775214154,TAF7
GO_Biological_Process_2023,Regulation Of T-helper Cell Differentiation (GO:0045622),1/6,0.0585267307609904,0.2096170144276607,0,0,19.894472361809044,56.46591775214154,JUNB
GO_Biological_Process_2023,Negative Regulation Of T-helper 17 Type Immune Response (GO:2000317),1/6,0.0585267307609904,0.2096170144276607,0,0,19.894472361809044,56.46591775214154,ZC3H12A
GO_Biological_Process_2023,Regulation Of Anion Channel Activity (GO:0010359),1/6,0.0585267307609904,0.2096170144276607,0,0,19.894472361809044,56.46591775214154,PRNP
GO_Biological_Process_2023,Regulation Of Cardiac Muscle Cell Membrane Potential (GO:0086036),1/6,0.0585267307609904,0.2096170144276607,0,0,19.894472361809044,56.46591775214154,FXYD1
GO_Biological_Process_2023,Negative Regulation Of Dendritic Cell Apoptotic Process (GO:2000669),1/6,0.0585267307609904,0.2096170144276607,0,0,19.894472361809044,56.46591775214154,CXCL12
GO_Biological_Process_2023,Positive Regulation Of Cell Cycle G1/S Phase Transition (GO:1902808),2/40,0.0605735018773766,0.2149153520942053,0,0,5.253056884635832,14.729034349424168,ANXA1;RGCC
GO_Biological_Process_2023,Endothelial Cell Migration (GO:0043542),2/40,0.0605735018773766,0.2149153520942053,0,0,5.253056884635832,14.729034349424168,NR4A1;S100A2
GO_Biological_Process_2023,mRNA 3'-End Processing (GO:0031124),2/40,0.0605735018773766,0.2149153520942053,0,0,5.253056884635832,14.729034349424168,HEXIM1;PABPC1
GO_Biological_Process_2023,Negative Regulation Of Cell-Cell Adhesion (GO:0022408),2/40,0.0605735018773766,0.2149153520942053,0,0,5.253056884635832,14.729034349424168,RGCC;SPINT2
GO_Biological_Process_2023,Positive Regulation Of Proteasomal Protein Catabolic Process (GO:1901800),3/90,0.0615336873024211,0.2153463752429354,0,0,3.450551374059163,9.62072552614985,NOP53;HSPA1B;HSPA1A
GO_Biological_Process_2023,Skeletal System Development (GO:0001501),4/149,0.0627473419326677,0.2153463752429354,0,0,2.7663617171006334,7.659057108220177,COL1A1;COL1A2;RPL13;CD44
GO_Biological_Process_2023,Negative Regulation Of Proteolysis (GO:0045861),2/41,0.0632725392250683,0.2153463752429354,0,0,5.118104118104118,14.127522570834804,PRNP;CSTA
GO_Biological_Process_2023,Regulation Of Release Of Cytochrome C From Mitochondria (GO:0090199),2/41,0.0632725392250683,0.2153463752429354,0,0,5.118104118104118,14.127522570834804,FAM162A;PMAIP1
GO_Biological_Process_2023,Response To Amino Acid Starvation (GO:1990928),2/41,0.0632725392250683,0.2153463752429354,0,0,5.118104118104118,14.127522570834804,CDKN1A;DAPL1
GO_Biological_Process_2023,Positive Regulation Of Protein Catabolic Process (GO:0045732),3/92,0.0648498030509546,0.2153463752429354,0,0,3.3726686819141047,9.226546999073705,TIPARP;APOE;EZR
GO_Biological_Process_2023,Cellular Response To Amino Acid Starvation (GO:0034198),2/42,0.0660116079502312,0.2153463752429354,0,0,4.98989898989899,13.5621695873434,CDKN1A;DAPL1
GO_Biological_Process_2023,Cellular Response To Glucose Starvation (GO:0042149),2/42,0.0660116079502312,0.2153463752429354,0,0,4.98989898989899,13.5621695873434,ZC3H12A;PMAIP1
GO_Biological_Process_2023,Stress-Activated MAPK Cascade (GO:0051403),2/42,0.0660116079502312,0.2153463752429354,0,0,4.98989898989899,13.5621695873434,ZFP36;ZFP36L1
GO_Biological_Process_2023,Regulation Of Endothelial Cell Proliferation (GO:0001936),3/93,0.0665382374289198,0.2153463752429354,0,0,3.33502538071066,9.037847070802028,NR4A1;RGCC;APOE
GO_Biological_Process_2023,ADP Transport (GO:0015866),1/7,0.0679442688885301,0.2153463752429354,0,0,16.57788944723618,44.57906348265406,SLC25A5
GO_Biological_Process_2023,Regulation Of Chaperone-Mediated Autophagy (GO:1904714),1/7,0.0679442688885301,0.2153463752429354,0,0,16.57788944723618,44.57906348265406,EEF1A1
GO_Biological_Process_2023,Negative Regulation Of Intracellular Transport (GO:0032387),1/7,0.0679442688885301,0.2153463752429354,0,0,16.57788944723618,44.57906348265406,CRYAB
GO_Biological_Process_2023,Regulation Of Establishment Of Protein Localization To Mitochondrion (GO:1903747),1/7,0.0679442688885301,0.2153463752429354,0,0,16.57788944723618,44.57906348265406,DNAJA1
GO_Biological_Process_2023,Regulation Of Extent Of Cell Growth (GO:0061387),1/7,0.0679442688885301,0.2153463752429354,0,0,16.57788944723618,44.57906348265406,APOE
GO_Biological_Process_2023,Regulation Of Extracellular Matrix Constituent Secretion (GO:0003330),1/7,0.0679442688885301,0.2153463752429354,0,0,16.57788944723618,44.57906348265406,RGCC
GO_Biological_Process_2023,Negative Regulation Of Mitochondrial Membrane Potential (GO:0010917),1/7,0.0679442688885301,0.2153463752429354,0,0,16.57788944723618,44.57906348265406,PMAIP1
GO_Biological_Process_2023,Negative Regulation Of Nitric Oxide Biosynthetic Process (GO:0045019),1/7,0.0679442688885301,0.2153463752429354,0,0,16.57788944723618,44.57906348265406,ZC3H12A
GO_Biological_Process_2023,Negative Regulation Of Nitric Oxide Metabolic Process (GO:1904406),1/7,0.0679442688885301,0.2153463752429354,0,0,16.57788944723618,44.57906348265406,ZC3H12A
GO_Biological_Process_2023,Negative Regulation Of Phospholipase Activity (GO:0010519),1/7,0.0679442688885301,0.2153463752429354,0,0,16.57788944723618,44.57906348265406,ANXA1
GO_Biological_Process_2023,Regulation Of Mitophagy (GO:1901524),1/7,0.0679442688885301,0.2153463752429354,0,0,16.57788944723618,44.57906348265406,SLC25A5
GO_Biological_Process_2023,Neuroepithelial Cell Differentiation (GO:0060563),1/7,0.0679442688885301,0.2153463752429354,0,0,16.57788944723618,44.57906348265406,TUBB2A
GO_Biological_Process_2023,Regulation Of Myeloid Leukocyte Differentiation (GO:0002761),1/7,0.0679442688885301,0.2153463752429354,0,0,16.57788944723618,44.57906348265406,CEBPB
GO_Biological_Process_2023,Aromatic Amino Acid Transport (GO:0015801),1/7,0.0679442688885301,0.2153463752429354,0,0,16.57788944723618,44.57906348265406,SLC3A2
GO_Biological_Process_2023,Regulation Of Phospholipase A2 Activity (GO:0032429),1/7,0.0679442688885301,0.2153463752429354,0,0,16.57788944723618,44.57906348265406,ANXA1
GO_Biological_Process_2023,Cellular Response To Angiotensin (GO:1904385),1/7,0.0679442688885301,0.2153463752429354,0,0,16.57788944723618,44.57906348265406,CA2
GO_Biological_Process_2023,Positive Regulation Of CoA-transferase Activity (GO:1905920),1/7,0.0679442688885301,0.2153463752429354,0,0,16.57788944723618,44.57906348265406,APOE
GO_Biological_Process_2023,Cytoplasmic Sequestering Of NF-kappaB (GO:0007253),1/7,0.0679442688885301,0.2153463752429354,0,0,16.57788944723618,44.57906348265406,NFKBIA
GO_Biological_Process_2023,Positive Regulation Of Calcium Ion Import (GO:0090280),1/7,0.0679442688885301,0.2153463752429354,0,0,16.57788944723618,44.57906348265406,CXCL12
GO_Biological_Process_2023,Dendritic Spine Maintenance (GO:0097062),1/7,0.0679442688885301,0.2153463752429354,0,0,16.57788944723618,44.57906348265406,PRNP
GO_Biological_Process_2023,Positive Regulation Of Execution Phase Of Apoptosis (GO:1900119),1/7,0.0679442688885301,0.2153463752429354,0,0,16.57788944723618,44.57906348265406,ZC3H12A
GO_Biological_Process_2023,Spermidine Metabolic Process (GO:0008216),1/7,0.0679442688885301,0.2153463752429354,0,0,16.57788944723618,44.57906348265406,SAT1
GO_Biological_Process_2023,Establishment Of Centrosome Localization (GO:0051660),1/7,0.0679442688885301,0.2153463752429354,0,0,16.57788944723618,44.57906348265406,EZR
GO_Biological_Process_2023,Stress-Induced Premature Senescence (GO:0090400),1/7,0.0679442688885301,0.2153463752429354,0,0,16.57788944723618,44.57906348265406,CDKN1A
GO_Biological_Process_2023,Sulfur Amino Acid Transport (GO:0000101),1/7,0.0679442688885301,0.2153463752429354,0,0,16.57788944723618,44.57906348265406,SLC3A2
GO_Biological_Process_2023,Thyroid Hormone Transport (GO:0070327),1/7,0.0679442688885301,0.2153463752429354,0,0,16.57788944723618,44.57906348265406,SLC3A2
GO_Biological_Process_2023,Tooth Mineralization (GO:0034505),1/7,0.0679442688885301,0.2153463752429354,0,0,16.57788944723618,44.57906348265406,COL1A1
GO_Biological_Process_2023,Positive Regulation Of Myeloid Cell Apoptotic Process (GO:0033034),1/7,0.0679442688885301,0.2153463752429354,0,0,16.57788944723618,44.57906348265406,ANXA1
GO_Biological_Process_2023,Very-Low-Density Lipoprotein Particle Remodeling (GO:0034372),1/7,0.0679442688885301,0.2153463752429354,0,0,16.57788944723618,44.57906348265406,APOE
GO_Biological_Process_2023,Intermediate Filament Bundle Assembly (GO:0045110),1/7,0.0679442688885301,0.2153463752429354,0,0,16.57788944723618,44.57906348265406,KRT14
GO_Biological_Process_2023,Lactate Metabolic Process (GO:0006089),1/7,0.0679442688885301,0.2153463752429354,0,0,16.57788944723618,44.57906348265406,LDHB
GO_Biological_Process_2023,Leukocyte Aggregation (GO:0070486),1/7,0.0679442688885301,0.2153463752429354,0,0,16.57788944723618,44.57906348265406,CD44
GO_Biological_Process_2023,Mammary Gland Epithelial Cell Differentiation (GO:0060644),1/7,0.0679442688885301,0.2153463752429354,0,0,16.57788944723618,44.57906348265406,IRF6
GO_Biological_Process_2023,Regulation Of Cdc42 Protein Signal Transduction (GO:0032489),1/7,0.0679442688885301,0.2153463752429354,0,0,16.57788944723618,44.57906348265406,APOE
GO_Biological_Process_2023,Regulation Of CoA-transferase Activity (GO:1905918),1/7,0.0679442688885301,0.2153463752429354,0,0,16.57788944723618,44.57906348265406,APOE
GO_Biological_Process_2023,Myoblast Migration (GO:0051451),1/7,0.0679442688885301,0.2153463752429354,0,0,16.57788944723618,44.57906348265406,ANXA1
GO_Biological_Process_2023,"Negative Regulation Of CD8-positive, Alpha-Beta T Cell Activation (GO:2001186)",1/7,0.0679442688885301,0.2153463752429354,0,0,16.57788944723618,44.57906348265406,DAPL1
GO_Biological_Process_2023,Negative Regulation Of RNA Catabolic Process (GO:1902369),1/7,0.0679442688885301,0.2153463752429354,0,0,16.57788944723618,44.57906348265406,PKP3
GO_Biological_Process_2023,Negative Regulation Of T Cell Apoptotic Process (GO:0070233),1/7,0.0679442688885301,0.2153463752429354,0,0,16.57788944723618,44.57906348265406,TSC22D3
GO_Biological_Process_2023,Negative Regulation Of T-helper 17 Cell Differentiation (GO:2000320),1/7,0.0679442688885301,0.2153463752429354,0,0,16.57788944723618,44.57906348265406,ZC3H12A
GO_Biological_Process_2023,Negative Regulation Of Appetite (GO:0032099),1/7,0.0679442688885301,0.2153463752429354,0,0,16.57788944723618,44.57906348265406,NENF
GO_Biological_Process_2023,Cellular Response To Hormone Stimulus (GO:0032870),3/94,0.0682467043328599,0.2154036605505893,0,0,3.298209404808389,8.854459164365215,HSPA1B;ZFP36L1;HSPA1A
GO_Biological_Process_2023,Muscle Contraction (GO:0006936),3/94,0.0682467043328599,0.2154036605505893,0,0,3.298209404808389,8.854459164365215,TPM2;FXYD1;CRYAB
GO_Biological_Process_2023,Positive Regulation Of Biomineral Tissue Development (GO:0070169),2/43,0.0687896467784887,0.2162164208908931,0,0,4.867947770386794,13.030045670347697,CEBPB;TENT5A
GO_Biological_Process_2023,Regulation Of Cellular Component Size (GO:0032535),2/43,0.0687896467784887,0.2162164208908931,0,0,4.867947770386794,13.030045670347697,PPP1R15A;EZR
GO_Biological_Process_2023,Epithelium Development (GO:0060429),4/154,0.0690655992936023,0.2166343331880072,0,0,2.673469387755102,7.14537765353487,CBR1;TAGLN;KRT14;KRT10
GO_Biological_Process_2023,Negative Regulation Of Immune System Process (GO:0002683),2/44,0.0716056114889121,0.2190299933375538,0,0,4.751803751803752,12.52851945708889,COL3A1;TSC22D3
GO_Biological_Process_2023,Regulation Of Transport (GO:0051049),2/44,0.0716056114889121,0.2190299933375538,0,0,4.751803751803752,12.52851945708889,DNAJA1;ACTG1
GO_Biological_Process_2023,Regulation Of Viral Entry Into Host Cell (GO:0046596),2/44,0.0716056114889121,0.2190299933375538,0,0,4.751803751803752,12.52851945708889,IFITM1;GSN
GO_Biological_Process_2023,Positive Regulation Of Biosynthetic Process (GO:0009891),2/44,0.0716056114889121,0.2190299933375538,0,0,4.751803751803752,12.52851945708889,RGCC;APOE
GO_Biological_Process_2023,Positive Regulation Of Cytokine-Mediated Signaling Pathway (GO:0001961),2/44,0.0716056114889121,0.2190299933375538,0,0,4.751803751803752,12.52851945708889,HSPA1B;HSPA1A
GO_Biological_Process_2023,Positive Regulation Of Nucleocytoplasmic Transport (GO:0046824),2/44,0.0716056114889121,0.2190299933375538,0,0,4.751803751803752,12.52851945708889,BAG3;ZC3H12A
GO_Biological_Process_2023,Positive Regulation Of Osteoblast Differentiation (GO:0045669),2/44,0.0716056114889121,0.2190299933375538,0,0,4.751803751803752,12.52851945708889,IFITM1;TENT5A
GO_Biological_Process_2023,Regulation Of Protein Metabolic Process (GO:0051246),3/96,0.0717230639353225,0.2190299933375538,0,0,3.2269526772556083,8.502836079014903,NFKBIA;PKP3;APOE
GO_Biological_Process_2023,I-kappaB kinase/NF-kappaB Signaling (GO:0007249),2/45,0.0744584746361064,0.2190299933375538,0,0,4.641061780596664,12.055221541075596,NFKBIA;REL
GO_Biological_Process_2023,Regulation Of Stem Cell Differentiation (GO:2000736),2/45,0.0744584746361064,0.2190299933375538,0,0,4.641061780596664,12.055221541075596,TACSTD2;ZFP36L2
GO_Biological_Process_2023,Chromosome Organization (GO:0051276),2/45,0.0744584746361064,0.2190299933375538,0,0,4.641061780596664,12.055221541075596,MYC;GEM
GO_Biological_Process_2023,Zymogen Activation (GO:0031638),2/45,0.0744584746361064,0.2190299933375538,0,0,4.641061780596664,12.055221541075596,C1R;PERP
GO_Biological_Process_2023,Regulation Of Dendritic Spine Maintenance (GO:1902950),1/8,0.0772680713380291,0.2190299933375538,0,0,14.208901651112706,36.38152974515558,PRNP
GO_Biological_Process_2023,Regulation Of Endothelial Cell Differentiation (GO:0045601),1/8,0.0772680713380291,0.2190299933375538,0,0,14.208901651112706,36.38152974515558,BTG1
GO_Biological_Process_2023,Regulation Of Epidermis Development (GO:0045682),1/8,0.0772680713380291,0.2190299933375538,0,0,14.208901651112706,36.38152974515558,KRT10
GO_Biological_Process_2023,Negative Regulation Of Long-Term Synaptic Potentiation (GO:1900272),1/8,0.0772680713380291,0.2190299933375538,0,0,14.208901651112706,36.38152974515558,APOE
GO_Biological_Process_2023,Negative Regulation Of Membrane Potential (GO:0045837),1/8,0.0772680713380291,0.2190299933375538,0,0,14.208901651112706,36.38152974515558,PMAIP1
GO_Biological_Process_2023,Regulation Of Fibroblast Apoptotic Process (GO:2000269),1/8,0.0772680713380291,0.2190299933375538,0,0,14.208901651112706,36.38152974515558,BTG1
GO_Biological_Process_2023,RISC Complex Assembly (GO:0070922),1/8,0.0772680713380291,0.2190299933375538,0,0,14.208901651112706,36.38152974515558,HEXIM1
GO_Biological_Process_2023,Regulation Of Intrinsic Apoptotic Signaling Pathway By P53 Class Mediator (GO:1902253),1/8,0.0772680713380291,0.2190299933375538,0,0,14.208901651112706,36.38152974515558,MYC
GO_Biological_Process_2023,Alcohol Catabolic Process (GO:0046164),1/8,0.0772680713380291,0.2190299933375538,0,0,14.208901651112706,36.38152974515558,APOE
GO_Biological_Process_2023,Negative Regulation Of Ubiquitin Protein Ligase Activity (GO:1904667),1/8,0.0772680713380291,0.2190299933375538,0,0,14.208901651112706,36.38152974515558,RPL11
GO_Biological_Process_2023,Regulation Of Mitotic Sister Chromatid Segregation (GO:0033047),1/8,0.0772680713380291,0.2190299933375538,0,0,14.208901651112706,36.38152974515558,DUSP1
GO_Biological_Process_2023,Astral Microtubule Organization (GO:0030953),1/8,0.0772680713380291,0.2190299933375538,0,0,14.208901651112706,36.38152974515558,EZR
GO_Biological_Process_2023,Regulation Of Podosome Assembly (GO:0071801),1/8,0.0772680713380291,0.2190299933375538,0,0,14.208901651112706,36.38152974515558,GSN
GO_Biological_Process_2023,Regulation Of Protein Localization To Early Endosome (GO:1902965),1/8,0.0772680713380291,0.2190299933375538,0,0,14.208901651112706,36.38152974515558,EZR
GO_Biological_Process_2023,Regulation Of Tumor Necrosis Factor Superfamily Cytokine Production (GO:1903555),1/8,0.0772680713380291,0.2190299933375538,0,0,14.208901651112706,36.38152974515558,ZFP36
GO_Biological_Process_2023,Regulation Of Vesicle Fusion (GO:0031338),1/8,0.0772680713380291,0.2190299933375538,0,0,14.208901651112706,36.38152974515558,ANXA1
GO_Biological_Process_2023,Positive Regulation Of Actin Cytoskeleton Reorganization (GO:2000251),1/8,0.0772680713380291,0.2190299933375538,0,0,14.208901651112706,36.38152974515558,CCL27
GO_Biological_Process_2023,"Complement Activation, Lectin Pathway (GO:0001867)",1/8,0.0772680713380291,0.2190299933375538,0,0,14.208901651112706,36.38152974515558,KRT1
GO_Biological_Process_2023,Cyclooxygenase Pathway (GO:0019371),1/8,0.0772680713380291,0.2190299933375538,0,0,14.208901651112706,36.38152974515558,CBR1
GO_Biological_Process_2023,Response To Vitamin (GO:0033273),1/8,0.0772680713380291,0.2190299933375538,0,0,14.208901651112706,36.38152974515558,AQP3
GO_Biological_Process_2023,Response To Vitamin D (GO:0033280),1/8,0.0772680713380291,0.2190299933375538,0,0,14.208901651112706,36.38152974515558,AQP3
GO_Biological_Process_2023,Positive Regulation Of Early Endosome To Late Endosome Transport (GO:2000643),1/8,0.0772680713380291,0.2190299933375538,0,0,14.208901651112706,36.38152974515558,EZR
GO_Biological_Process_2023,Endothelial Cell Chemotaxis (GO:0035767),1/8,0.0772680713380291,0.2190299933375538,0,0,14.208901651112706,36.38152974515558,NR4A1
GO_Biological_Process_2023,Positive Regulation Of Extracellular Matrix Assembly (GO:1901203),1/8,0.0772680713380291,0.2190299933375538,0,0,14.208901651112706,36.38152974515558,RGCC
GO_Biological_Process_2023,Sphingosine-1-Phosphate Receptor Signaling Pathway (GO:0003376),1/8,0.0772680713380291,0.2190299933375538,0,0,14.208901651112706,36.38152974515558,EZR
GO_Biological_Process_2023,tRNA Transcription (GO:0009304),1/8,0.0772680713380291,0.2190299933375538,0,0,14.208901651112706,36.38152974515558,ZFP36L1
GO_Biological_Process_2023,Positive Regulation Of Mast Cell Degranulation (GO:0043306),1/8,0.0772680713380291,0.2190299933375538,0,0,14.208901651112706,36.38152974515558,VAMP8
GO_Biological_Process_2023,Triglyceride-Rich Lipoprotein Particle Remodeling (GO:0034370),1/8,0.0772680713380291,0.2190299933375538,0,0,14.208901651112706,36.38152974515558,APOE
GO_Biological_Process_2023,Glycerol Transmembrane Transport (GO:0015793),1/8,0.0772680713380291,0.2190299933375538,0,0,14.208901651112706,36.38152974515558,AQP3
GO_Biological_Process_2023,Vitamin K Metabolic Process (GO:0042373),1/8,0.0772680713380291,0.2190299933375538,0,0,14.208901651112706,36.38152974515558,CBR1
GO_Biological_Process_2023,Positive Regulation Of Protein Localization To Early Endosome (GO:1902966),1/8,0.0772680713380291,0.2190299933375538,0,0,14.208901651112706,36.38152974515558,EZR
GO_Biological_Process_2023,Positive Regulation Of Protein Localization To Endosome (GO:1905668),1/8,0.0772680713380291,0.2190299933375538,0,0,14.208901651112706,36.38152974515558,EZR
GO_Biological_Process_2023,Integrin Activation (GO:0033622),1/8,0.0772680713380291,0.2190299933375538,0,0,14.208901651112706,36.38152974515558,CXCL12
GO_Biological_Process_2023,Proline Transport (GO:0015824),1/8,0.0772680713380291,0.2190299933375538,0,0,14.208901651112706,36.38152974515558,SLC3A2
GO_Biological_Process_2023,Pyrimidine-Containing Compound Metabolic Process (GO:0072527),1/8,0.0772680713380291,0.2190299933375538,0,0,14.208901651112706,36.38152974515558,TYMP
GO_Biological_Process_2023,Regulation Of DNA Methylation (GO:0044030),1/8,0.0772680713380291,0.2190299933375538,0,0,14.208901651112706,36.38152974515558,MYC
GO_Biological_Process_2023,Negative Regulation By Host Of Viral Genome Replication (GO:0044828),1/8,0.0772680713380291,0.2190299933375538,0,0,14.208901651112706,36.38152974515558,ZC3H12A
GO_Biological_Process_2023,Regulation Of Fibroblast Proliferation (GO:0048145),2/46,0.0773472253700272,0.2190299933375538,0,0,4.535353535353536,11.608013208044897,CDKN1A;MYC
GO_Biological_Process_2023,Homotypic Cell-Cell Adhesion (GO:0034109),2/46,0.0773472253700272,0.2190299933375538,0,0,4.535353535353536,11.608013208044897,MYL9;ACTG1
GO_Biological_Process_2023,Mitotic G2/M Transition Checkpoint (GO:0044818),2/46,0.0773472253700272,0.2190299933375538,0,0,4.535353535353536,11.608013208044897,CDKN1A;NOP53
GO_Biological_Process_2023,Positive Regulation Of Epithelial To Mesenchymal Transition (GO:0010718),2/47,0.0802708691611082,0.2267233305826609,0,0,4.434343434343434,11.184959505346583,COL1A1;RGCC
GO_Biological_Process_2023,Negative Regulation Of Cell Migration (GO:0030336),4/163,0.081229738345964,0.2267233305826609,0,0,2.520985752791683,6.328868841567284,IFITM1;COL3A1;ARHGDIB;TACSTD2
GO_Biological_Process_2023,Calcium Ion Homeostasis (GO:0055074),3/102,0.0826150134639867,0.2267233305826609,0,0,3.030456852791878,7.5566376689451715,CXCL12;S100A14;TPT1
GO_Biological_Process_2023,Regulation Of RNA Splicing (GO:0043484),3/102,0.0826150134639867,0.2267233305826609,0,0,3.030456852791878,7.5566376689451715,AHNAK2;RPS13;HSPA1A
GO_Biological_Process_2023,Regulation Of Tumor Necrosis Factor-Mediated Signaling Pathway (GO:0010803),2/48,0.0832284276217124,0.2267233305826609,0,0,4.337725076855512,10.784305954054672,HSPA1B;HSPA1A
GO_Biological_Process_2023,Negative Regulation Of ERK1 And ERK2 Cascade (GO:0070373),2/48,0.0832284276217124,0.2267233305826609,0,0,4.337725076855512,10.784305954054672,FBLN1;EZR
GO_Biological_Process_2023,Erythrocyte Differentiation (GO:0030218),2/49,0.0862189382580095,0.2267233305826609,0,0,4.24521813883516,10.404458354124063,RPS14;SLC25A5
GO_Biological_Process_2023,Interferon-Mediated Signaling Pathway (GO:0140888),2/49,0.0862189382580095,0.2267233305826609,0,0,4.24521813883516,10.404458354124063,IFITM1;IFI27
GO_Biological_Process_2023,Intrinsic Apoptotic Signaling Pathway In Response To DNA Damage (GO:0008630),2/49,0.0862189382580095,0.2267233305826609,0,0,4.24521813883516,10.404458354124063,SFN;MCL1
GO_Biological_Process_2023,Negative Regulation Of DNA Metabolic Process (GO:0051053),2/49,0.0862189382580095,0.2267233305826609,0,0,4.24521813883516,10.404458354124063,CDKN1A;S100A11
GO_Biological_Process_2023,Negative Regulation Of T Cell Activation (GO:0050868),2/49,0.0862189382580095,0.2267233305826609,0,0,4.24521813883516,10.404458354124063,CEBPB;GPNMB
GO_Biological_Process_2023,Regulation Of Cell Communication (GO:0010646),2/49,0.0862189382580095,0.2267233305826609,0,0,4.24521813883516,10.404458354124063,ANXA1;TYMP
GO_Biological_Process_2023,Negative Regulation Of Cysteine-Type Endopeptidase Activity Involved In Apoptotic Process (GO:0043154),2/49,0.0862189382580095,0.2267233305826609,0,0,4.24521813883516,10.404458354124063,SFN;CD44
GO_Biological_Process_2023,Negative Regulation Of Establishment Of Protein Localization (GO:1904950),1/9,0.0864990660572792,0.2267233305826609,0,0,12.4321608040201,30.429226090981548,DNAJA1
GO_Biological_Process_2023,Regulation Of Dendritic Cell Apoptotic Process (GO:2000668),1/9,0.0864990660572792,0.2267233305826609,0,0,12.4321608040201,30.429226090981548,CXCL12
GO_Biological_Process_2023,Negative Regulation Of Lipid Localization (GO:1905953),1/9,0.0864990660572792,0.2267233305826609,0,0,12.4321608040201,30.429226090981548,NFKBIA
GO_Biological_Process_2023,SNARE Complex Assembly (GO:0035493),1/9,0.0864990660572792,0.2267233305826609,0,0,12.4321608040201,30.429226090981548,VAMP8
GO_Biological_Process_2023,Negative Regulation Of Phosphatidylinositol 3-Kinase Signaling (GO:0014067),1/9,0.0864990660572792,0.2267233305826609,0,0,12.4321608040201,30.429226090981548,NOP53
GO_Biological_Process_2023,Negative Regulation Of Protein Maturation (GO:1903318),1/9,0.0864990660572792,0.2267233305826609,0,0,12.4321608040201,30.429226090981548,PRNP
GO_Biological_Process_2023,Actin-Mediated Cell Contraction (GO:0070252),1/9,0.0864990660572792,0.2267233305826609,0,0,12.4321608040201,30.429226090981548,GSN
GO_Biological_Process_2023,Negative Regulation Of Transcription By RNA Polymerase I (GO:0016479),1/9,0.0864990660572792,0.2267233305826609,0,0,12.4321608040201,30.429226090981548,NOP53
GO_Biological_Process_2023,Negative Regulation Of Vascular Endothelial Growth Factor Signaling Pathway (GO:1900747),1/9,0.0864990660572792,0.2267233305826609,0,0,12.4321608040201,30.429226090981548,DCN
GO_Biological_Process_2023,Arachidonate Transport (GO:1903963),1/9,0.0864990660572792,0.2267233305826609,0,0,12.4321608040201,30.429226090981548,ANXA1
GO_Biological_Process_2023,Arachidonic Acid Secretion (GO:0050482),1/9,0.0864990660572792,0.2267233305826609,0,0,12.4321608040201,30.429226090981548,ANXA1
GO_Biological_Process_2023,Biomineral Tissue Development (GO:0031214),1/9,0.0864990660572792,0.2267233305826609,0,0,12.4321608040201,30.429226090981548,COL1A1
GO_Biological_Process_2023,Nucleoside Metabolic Process (GO:0009116),1/9,0.0864990660572792,0.2267233305826609,0,0,12.4321608040201,30.429226090981548,TYMP
GO_Biological_Process_2023,Regulation Of Tau-Protein Kinase Activity (GO:1902947),1/9,0.0864990660572792,0.2267233305826609,0,0,12.4321608040201,30.429226090981548,EGR1
GO_Biological_Process_2023,Regulation Of Viral-Induced Cytoplasmic Pattern Recognition Receptor Signaling Pathway (GO:0039531),1/9,0.0864990660572792,0.2267233305826609,0,0,12.4321608040201,30.429226090981548,NOP53
GO_Biological_Process_2023,Skeletal Muscle Tissue Regeneration (GO:0043403),1/9,0.0864990660572792,0.2267233305826609,0,0,12.4321608040201,30.429226090981548,ANXA1
GO_Biological_Process_2023,Positive Regulation Of Mesenchymal Cell Proliferation (GO:0002053),1/9,0.0864990660572792,0.2267233305826609,0,0,12.4321608040201,30.429226090981548,MYC
GO_Biological_Process_2023,Positive Regulation Of miRNA-mediated Gene Silencing (GO:2000637),1/9,0.0864990660572792,0.2267233305826609,0,0,12.4321608040201,30.429226090981548,ZFP36
GO_Biological_Process_2023,Positive Regulation Of Monocyte Differentiation (GO:0045657),1/9,0.0864990660572792,0.2267233305826609,0,0,12.4321608040201,30.429226090981548,ZFP36L1
GO_Biological_Process_2023,Granulocyte Migration (GO:0097530),1/9,0.0864990660572792,0.2267233305826609,0,0,12.4321608040201,30.429226090981548,ANXA1
GO_Biological_Process_2023,High-Density Lipoprotein Particle Assembly (GO:0034380),1/9,0.0864990660572792,0.2267233305826609,0,0,12.4321608040201,30.429226090981548,APOE
GO_Biological_Process_2023,Hormone Transport (GO:0009914),1/9,0.0864990660572792,0.2267233305826609,0,0,12.4321608040201,30.429226090981548,SLC3A2
GO_Biological_Process_2023,Positive Regulation Of Sodium Ion Transmembrane Transport (GO:1902307),1/9,0.0864990660572792,0.2267233305826609,0,0,12.4321608040201,30.429226090981548,FXYD1
GO_Biological_Process_2023,Intestinal Cholesterol Absorption (GO:0030299),1/9,0.0864990660572792,0.2267233305826609,0,0,12.4321608040201,30.429226090981548,LIMA1
GO_Biological_Process_2023,Leucine Transport (GO:0015820),1/9,0.0864990660572792,0.2267233305826609,0,0,12.4321608040201,30.429226090981548,SLC3A2
GO_Biological_Process_2023,Quinone Metabolic Process (GO:1901661),1/9,0.0864990660572792,0.2267233305826609,0,0,12.4321608040201,30.429226090981548,CBR1
GO_Biological_Process_2023,"Regulation Of CD8-positive, Alpha-Beta T Cell Activation (GO:2001185)",1/9,0.0864990660572792,0.2267233305826609,0,0,12.4321608040201,30.429226090981548,DAPL1
GO_Biological_Process_2023,Regulation Of PERK-mediated Unfolded Protein Response (GO:1903897),1/9,0.0864990660572792,0.2267233305826609,0,0,12.4321608040201,30.429226090981548,PPP1R15A
GO_Biological_Process_2023,Regulation Of Actin Filament Length (GO:0030832),1/9,0.0864990660572792,0.2267233305826609,0,0,12.4321608040201,30.429226090981548,CXCL12
GO_Biological_Process_2023,Negative Regulation Of Cell-Cell Adhesion Mediated By Cadherin (GO:2000048),1/9,0.0864990660572792,0.2267233305826609,0,0,12.4321608040201,30.429226090981548,RGCC
GO_Biological_Process_2023,Regulation Of Cytokine Production (GO:0001817),4/167,0.0869546571623694,0.2275238438704486,0,0,2.4586202579191188,6.004856617883921,RGCC;ANXA1;GPNMB;LITAF
GO_Biological_Process_2023,Regulation Of Neuron Apoptotic Process (GO:0043523),3/105,0.0883124080071284,0.2302810639084331,0,0,2.9408778739922363,7.137141991170913,EGR1;PRNP;APOE
GO_Biological_Process_2023,Cellular Response To Organonitrogen Compound (GO:0071417),3/105,0.0883124080071284,0.2302810639084331,0,0,2.9408778739922363,7.137141991170913,EGR1;EZR;ZFP36L1
GO_Biological_Process_2023,Inflammatory Response (GO:0006954),5/236,0.0887186377754612,0.2309428457557109,0,0,2.172161172161172,5.261594055393283,CEBPB;ANXA1;REL;FOS;CD44
GO_Biological_Process_2023,Cell Chemotaxis (GO:0060326),2/50,0.0892414542606553,0.2311124841109278,0,0,4.156565656565657,10.043965211617904,NR4A1;CXCL12
GO_Biological_Process_2023,Pyruvate Metabolic Process (GO:0006090),2/50,0.0892414542606553,0.2311124841109278,0,0,4.156565656565657,10.043965211617904,LDHB;LDHA
GO_Biological_Process_2023,Negative Regulation Of Cell Projection Organization (GO:0031345),2/50,0.0892414542606553,0.2311124841109278,0,0,4.156565656565657,10.043965211617904,PRNP;APOE
GO_Biological_Process_2023,Negative Regulation Of Translation (GO:0017148),3/107,0.0922003613732937,0.2318269290649151,0,0,2.8840296759078483,6.874924645539169,ZFP36;EIF4A3;TOB1
GO_Biological_Process_2023,Regulation Of Substrate Adhesion-Dependent Cell Spreading (GO:1900024),2/51,0.0922950442929787,0.2318269290649151,0,0,4.071531642960214,9.7015024039535,TACSTD2;FBLN1
GO_Biological_Process_2023,Cholesterol Transport (GO:0030301),2/51,0.0922950442929787,0.2318269290649151,0,0,4.071531642960214,9.7015024039535,LIMA1;APOE
GO_Biological_Process_2023,Regulation Of Autophagy (GO:0010506),5/241,0.0948925115353921,0.2318269290649151,0,0,2.125597566275532,5.0058045565004585,EEF1A1;DAPL1;ZC3H12A;DCN;MCL1
GO_Biological_Process_2023,Rho Protein Signal Transduction (GO:0007266),2/52,0.0953787922697506,0.2318269290649151,0,0,3.98989898989899,9.375859760148904,COL1A2;ARHGDIB
GO_Biological_Process_2023,Regulation Of Proteolysis (GO:0030162),2/52,0.0953787922697506,0.2318269290649151,0,0,3.98989898989899,9.375859760148904,CSTA;PERP
GO_Biological_Process_2023,Cell Cycle G1/S Phase Transition (GO:0044843),2/52,0.0953787922697506,0.2318269290649151,0,0,3.98989898989899,9.375859760148904,CDKN1A;MYC
GO_Biological_Process_2023,Cellular Response To Ionizing Radiation (GO:0071479),2/52,0.0953787922697506,0.2318269290649151,0,0,3.98989898989899,9.375859760148904,CDKN1A;CRYAB
GO_Biological_Process_2023,Negative Regulation Of Dephosphorylation (GO:0035305),1/10,0.0956381720564831,0.2318269290649151,0,0,11.050251256281408,25.93696464958489,PPP1R15A
GO_Biological_Process_2023,CRD-mediated mRNA Stabilization (GO:0070934),1/10,0.0956381720564831,0.2318269290649151,0,0,11.050251256281408,25.93696464958489,PABPC1
GO_Biological_Process_2023,Regulation Of Cysteine-Type Endopeptidase Activity Involved In Apoptotic Signaling Pathway (GO:2001267),1/10,0.0956381720564831,0.2318269290649151,0,0,11.050251256281408,25.93696464958489,GSN
GO_Biological_Process_2023,Negative Regulation Of Hemostasis (GO:1900047),1/10,0.0956381720564831,0.2318269290649151,0,0,11.050251256281408,25.93696464958489,APOE
GO_Biological_Process_2023,Negative Regulation Of Interferon-Beta Production (GO:0032688),1/10,0.0956381720564831,0.2318269290649151,0,0,11.050251256281408,25.93696464958489,REL
GO_Biological_Process_2023,Negative Regulation Of Interleukin-17 Production (GO:0032700),1/10,0.0956381720564831,0.2318269290649151,0,0,11.050251256281408,25.93696464958489,PRNP
GO_Biological_Process_2023,Regulation Of Lamellipodium Morphogenesis (GO:2000392),1/10,0.0956381720564831,0.2318269290649151,0,0,11.050251256281408,25.93696464958489,CD44
GO_Biological_Process_2023,Regulation Of Mitochondrial Depolarization (GO:0051900),1/10,0.0956381720564831,0.2318269290649151,0,0,11.050251256281408,25.93696464958489,DCN
GO_Biological_Process_2023,Regulation Of Mitotic Sister Chromatid Separation (GO:0010965),1/10,0.0956381720564831,0.2318269290649151,0,0,11.050251256281408,25.93696464958489,DUSP1
GO_Biological_Process_2023,Neuron Projection Maintenance (GO:1990535),1/10,0.0956381720564831,0.2318269290649151,0,0,11.050251256281408,25.93696464958489,PRNP
GO_Biological_Process_2023,Branched-Chain Amino Acid Transport (GO:0015803),1/10,0.0956381720564831,0.2318269290649151,0,0,11.050251256281408,25.93696464958489,SLC3A2
GO_Biological_Process_2023,Regulation Of Smooth Muscle Cell Apoptotic Process (GO:0034391),1/10,0.0956381720564831,0.2318269290649151,0,0,11.050251256281408,25.93696464958489,LYPD3
GO_Biological_Process_2023,Removal Of Superoxide Radicals (GO:0019430),1/10,0.0956381720564831,0.2318269290649151,0,0,11.050251256281408,25.93696464958489,SOD3
GO_Biological_Process_2023,Positive Regulation Of Actin Nucleation (GO:0051127),1/10,0.0956381720564831,0.2318269290649151,0,0,11.050251256281408,25.93696464958489,GSN
GO_Biological_Process_2023,Positive Regulation Of Autophagy Of Mitochondrion (GO:1903599),1/10,0.0956381720564831,0.2318269290649151,0,0,11.050251256281408,25.93696464958489,SLC25A5
GO_Biological_Process_2023,Positive Regulation Of Cholesterol Metabolic Process (GO:0090205),1/10,0.0956381720564831,0.2318269290649151,0,0,11.050251256281408,25.93696464958489,APOE
GO_Biological_Process_2023,Positive Regulation Of Epidermal Growth Factor-Activated Receptor Activity (GO:0045741),1/10,0.0956381720564831,0.2318269290649151,0,0,11.050251256281408,25.93696464958489,AREG
GO_Biological_Process_2023,Epithelial Cell Apoptotic Process (GO:1904019),1/10,0.0956381720564831,0.2318269290649151,0,0,11.050251256281408,25.93696464958489,GSN
GO_Biological_Process_2023,Establishment Of Epithelial Cell Apical/Basal Polarity (GO:0045198),1/10,0.0956381720564831,0.2318269290649151,0,0,11.050251256281408,25.93696464958489,EZR
GO_Biological_Process_2023,Fatty Acid Homeostasis (GO:0055089),1/10,0.0956381720564831,0.2318269290649151,0,0,11.050251256281408,25.93696464958489,APOE
GO_Biological_Process_2023,Positive Regulation Of Lipid Localization (GO:1905954),1/10,0.0956381720564831,0.2318269290649151,0,0,11.050251256281408,25.93696464958489,ZC3H12A
GO_Biological_Process_2023,Urogenital System Development (GO:0001655),1/10,0.0956381720564831,0.2318269290649151,0,0,11.050251256281408,25.93696464958489,ANXA1
GO_Biological_Process_2023,Positive Regulation Of Phospholipid Transport (GO:2001140),1/10,0.0956381720564831,0.2318269290649151,0,0,11.050251256281408,25.93696464958489,APOE
GO_Biological_Process_2023,Positive Regulation Of Post-Transcriptional Gene Silencing By RNA (GO:1900370),1/10,0.0956381720564831,0.2318269290649151,0,0,11.050251256281408,25.93696464958489,ZFP36
GO_Biological_Process_2023,Induction Of Positive Chemotaxis (GO:0050930),1/10,0.0956381720564831,0.2318269290649151,0,0,11.050251256281408,25.93696464958489,CXCL12
GO_Biological_Process_2023,Positive Regulation Of Transcription From RNA Polymerase II Promoter In Response To Endoplasmic Reticulum Stress (GO:1990440),1/10,0.0956381720564831,0.2318269290649151,0,0,11.050251256281408,25.93696464958489,CEBPB
GO_Biological_Process_2023,Lipoprotein Catabolic Process (GO:0042159),1/10,0.0956381720564831,0.2318269290649151,0,0,11.050251256281408,25.93696464958489,APOE
GO_Biological_Process_2023,miRNA Catabolic Process (GO:0010587),1/10,0.0956381720564831,0.2318269290649151,0,0,11.050251256281408,25.93696464958489,ZC3H12A
GO_Biological_Process_2023,Negative Regulation Of T-helper Cell Differentiation (GO:0045623),1/10,0.0956381720564831,0.2318269290649151,0,0,11.050251256281408,25.93696464958489,ZC3H12A
GO_Biological_Process_2023,Negative Regulation Of Activated T Cell Proliferation (GO:0046007),1/10,0.0956381720564831,0.2318269290649151,0,0,11.050251256281408,25.93696464958489,PRNP
GO_Biological_Process_2023,Negative Regulation Of Alpha-Beta T Cell Activation (GO:0046636),1/10,0.0956381720564831,0.2318269290649151,0,0,11.050251256281408,25.93696464958489,DAPL1
GO_Biological_Process_2023,Regulation Of Calcium Ion Import Across Plasma Membrane (GO:1905664),1/10,0.0956381720564831,0.2318269290649151,0,0,11.050251256281408,25.93696464958489,PRNP
GO_Biological_Process_2023,Response To Lipid (GO:0033993),3/110,0.0981629721395125,0.2364739662210097,0,0,2.8027420655628825,6.505518041671875,ANXA1;S100A14;AQP3
GO_Biological_Process_2023,Regulation Of Cyclin-Dependent Protein Kinase Activity (GO:1904029),2/53,0.0984917971521169,0.2364739662210097,0,0,3.9114676173499694,9.065929283683165,CDKN1A;CCNI
GO_Biological_Process_2023,Actin Cytoskeleton Reorganization (GO:0031532),2/53,0.0984917971521169,0.2364739662210097,0,0,3.9114676173499694,9.065929283683165,ANXA1;EZR
GO_Biological_Process_2023,Actin Polymerization Or Depolymerization (GO:0008154),2/53,0.0984917971521169,0.2364739662210097,0,0,3.9114676173499694,9.065929283683165,GSN;DSTN
GO_Biological_Process_2023,Mitochondrial Transport (GO:0006839),2/53,0.0984917971521169,0.2364739662210097,0,0,3.9114676173499694,9.065929283683165,PMAIP1;SLC25A5
GO_Biological_Process_2023,Negative Regulation Of Cysteine-Type Endopeptidase Activity (GO:2000117),2/53,0.0984917971521169,0.2364739662210097,0,0,3.9114676173499694,9.065929283683165,SFN;CD44
GO_Biological_Process_2023,Regulation Of ERK1 And ERK2 Cascade (GO:0070372),5/244,0.0986998639970798,0.236598566385405,0,0,2.0985945713979186,4.85965608076587,GPNMB;FBLN1;APOE;EZR;CD44
GO_Biological_Process_2023,Mitotic Cell Cycle Phase Transition (GO:0044772),3/111,0.1001845738063604,0.2373319910887535,0,0,2.7766497461928936,6.3883520697862,CDKN1A;CCNI;MYC
GO_Biological_Process_2023,Regulation Of Myoblast Differentiation (GO:0045661),2/54,0.1016331727713355,0.2373319910887535,0,0,3.836052836052836,8.77069478933889,BTG1;ZFP36L1
GO_Biological_Process_2023,Positive Regulation Of Leukocyte Chemotaxis (GO:0002690),2/54,0.1016331727713355,0.2373319910887535,0,0,3.836052836052836,8.77069478933889,CXCL12;S100A14
GO_Biological_Process_2023,Regulation Of Blood Vessel Endothelial Cell Migration (GO:0043535),2/54,0.1016331727713355,0.2373319910887535,0,0,3.836052836052836,8.77069478933889,RGCC;APOE
GO_Biological_Process_2023,Positive Regulation Of Cytokine Production (GO:0001819),6/320,0.1027110201534412,0.2373319910887535,0,0,1.919298706415392,4.368008828803376,EGR1;CEBPB;ANXA1;RGCC;HSPA1B;HSPA1A
GO_Biological_Process_2023,Regulation Of Protein Ubiquitination (GO:0031396),3/113,0.1042776844975899,0.2373319910887535,0,0,2.7258883248730963,6.162409997576357,DNAJA1;HSPA1B;HSPA1A
GO_Biological_Process_2023,Regulation Of DNA-templated Transcription (GO:0006355),25/1922,0.1043365518416218,0.2373319910887535,0,0,1.3482189923940056,3.047154949499732,CEBPB;BTG1;CRABP2;RPL6;ZFP36L2;SOX15;MYC;SAP18;APOE;JUNB;HEXIM1;EGR1;BRD2;FOS;HOPX;COL1A1;NR4A1;KLF5;REL;ID4;FOSB;TAF7;IRF6;CRYAB;ATF3
GO_Biological_Process_2023,Negative Regulation Of Heart Contraction (GO:0045822),1/11,0.1046862992439068,0.2373319910887535,0,0,9.944723618090451,22.4431232477853,ZC3H12A
GO_Biological_Process_2023,Negative Regulation Of Leukocyte Apoptotic Process (GO:2000107),1/11,0.1046862992439068,0.2373319910887535,0,0,9.944723618090451,22.4431232477853,CXCL12
GO_Biological_Process_2023,Negative Regulation Of Leukocyte Chemotaxis (GO:0002689),1/11,0.1046862992439068,0.2373319910887535,0,0,9.944723618090451,22.4431232477853,DUSP1
GO_Biological_Process_2023,Negative Regulation Of Nitrogen Compound Metabolic Process (GO:0051172),1/11,0.1046862992439068,0.2373319910887535,0,0,9.944723618090451,22.4431232477853,APOE
GO_Biological_Process_2023,"RNA Splicing, Via Endonucleolytic Cleavage And Ligation (GO:0000394)",1/11,0.1046862992439068,0.2373319910887535,0,0,9.944723618090451,22.4431232477853,HEXIM1
GO_Biological_Process_2023,Regulation Of Leukocyte Tethering Or Rolling (GO:1903236),1/11,0.1046862992439068,0.2373319910887535,0,0,9.944723618090451,22.4431232477853,CXCL12
GO_Biological_Process_2023,Regulation Of mRNA 3'-End Processing (GO:0031440),1/11,0.1046862992439068,0.2373319910887535,0,0,9.944723618090451,22.4431232477853,ZFP36L1
GO_Biological_Process_2023,Regulation Of Mesenchymal Cell Proliferation (GO:0010464),1/11,0.1046862992439068,0.2373319910887535,0,0,9.944723618090451,22.4431232477853,MYC
GO_Biological_Process_2023,Regulation Of Muscle System Process (GO:0090257),1/11,0.1046862992439068,0.2373319910887535,0,0,9.944723618090451,22.4431232477853,MYL9
GO_Biological_Process_2023,Neutrophil Activation Involved In Immune Response (GO:0002283),1/11,0.1046862992439068,0.2373319910887535,0,0,9.944723618090451,22.4431232477853,VAMP8
GO_Biological_Process_2023,Biogenic Amine Biosynthetic Process (GO:0042401),1/11,0.1046862992439068,0.2373319910887535,0,0,9.944723618090451,22.4431232477853,SAT1
GO_Biological_Process_2023,Carbon Dioxide Transport (GO:0015670),1/11,0.1046862992439068,0.2373319910887535,0,0,9.944723618090451,22.4431232477853,CA2
GO_Biological_Process_2023,Phospholipid Efflux (GO:0033700),1/11,0.1046862992439068,0.2373319910887535,0,0,9.944723618090451,22.4431232477853,APOE
GO_Biological_Process_2023,Polyamine Metabolic Process (GO:0006595),1/11,0.1046862992439068,0.2373319910887535,0,0,9.944723618090451,22.4431232477853,SAT1
GO_Biological_Process_2023,Cellular Response To Superoxide (GO:0071451),1/11,0.1046862992439068,0.2373319910887535,0,0,9.944723618090451,22.4431232477853,SOD3
GO_Biological_Process_2023,Positive Regulation Of Cytoplasmic Transport (GO:1903651),1/11,0.1046862992439068,0.2373319910887535,0,0,9.944723618090451,22.4431232477853,EZR
GO_Biological_Process_2023,Positive Regulation Of Lipid Transport (GO:0032370),1/11,0.1046862992439068,0.2373319910887535,0,0,9.944723618090451,22.4431232477853,APOE
GO_Biological_Process_2023,"tRNA Splicing, Via Endonucleolytic Cleavage And Ligation (GO:0006388)",1/11,0.1046862992439068,0.2373319910887535,0,0,9.944723618090451,22.4431232477853,HEXIM1
GO_Biological_Process_2023,Intestinal Lipid Absorption (GO:0098856),1/11,0.1046862992439068,0.2373319910887535,0,0,9.944723618090451,22.4431232477853,LIMA1
GO_Biological_Process_2023,Post-Transcriptional Gene Silencing (GO:0016441),1/11,0.1046862992439068,0.2373319910887535,0,0,9.944723618090451,22.4431232477853,HEXIM1
GO_Biological_Process_2023,Macrophage Chemotaxis (GO:0048246),1/11,0.1046862992439068,0.2373319910887535,0,0,9.944723618090451,22.4431232477853,KLF5
GO_Biological_Process_2023,Mitochondrial Genome Maintenance (GO:0000002),1/11,0.1046862992439068,0.2373319910887535,0,0,9.944723618090451,22.4431232477853,TYMP
GO_Biological_Process_2023,Negative Regulation Of RNA Metabolic Process (GO:0051253),1/11,0.1046862992439068,0.2373319910887535,0,0,9.944723618090451,22.4431232477853,RPS13
GO_Biological_Process_2023,Regulation Of Actin Filament Depolymerization (GO:0030834),1/11,0.1046862992439068,0.2373319910887535,0,0,9.944723618090451,22.4431232477853,LIMA1
GO_Biological_Process_2023,Negative Regulation Of Amyloid Fibril Formation (GO:1905907),1/11,0.1046862992439068,0.2373319910887535,0,0,9.944723618090451,22.4431232477853,CRYAB
GO_Biological_Process_2023,Negative Regulation Of calcineurin-NFAT Signaling Cascade (GO:0070885),1/11,0.1046862992439068,0.2373319910887535,0,0,9.944723618090451,22.4431232477853,PRNP
GO_Biological_Process_2023,Negative Regulation Of Calcineurin-Mediated Signaling (GO:0106057),1/11,0.1046862992439068,0.2373319910887535,0,0,9.944723618090451,22.4431232477853,PRNP
GO_Biological_Process_2023,Negative Regulation Of Cell Division (GO:0051782),1/11,0.1046862992439068,0.2373319910887535,0,0,9.944723618090451,22.4431232477853,MYC
GO_Biological_Process_2023,Negative Regulation Of Cellular Response To Vascular Endothelial Growth Factor Stimulus (GO:1902548),1/11,0.1046862992439068,0.2373319910887535,0,0,9.944723618090451,22.4431232477853,DCN
GO_Biological_Process_2023,Response To Peptide Hormone (GO:0043434),2/55,0.1048020475500832,0.2373319910887535,0,0,3.763483895559368,8.489222766072233,ANXA1;ZFP36L1
GO_Biological_Process_2023,Response To Endoplasmic Reticulum Stress (GO:0034976),3/114,0.1063487931507688,0.2404752561543504,0,0,2.7011935793661683,6.0534587787747896,PPP1R15A;CEBPB;ATF3
GO_Biological_Process_2023,Regulation Of Mitotic Nuclear Division (GO:0007088),2/56,0.1079975643594305,0.2431148737065932,0,0,3.6936026936026938,8.220654292796869,RGCC;DUSP1
GO_Biological_Process_2023,Cellular Response To Peptide (GO:1901653),2/56,0.1079975643594305,0.2431148737065932,0,0,3.6936026936026938,8.220654292796869,PRNP;ZFP36L1
GO_Biological_Process_2023,Mitotic DNA Damage Checkpoint Signaling (GO:0044773),2/56,0.1079975643594305,0.2431148737065932,0,0,3.6936026936026938,8.220654292796869,CDKN1A;NOP53
GO_Biological_Process_2023,Monoatomic Anion Transport (GO:0006820),2/57,0.111218880351375,0.2480852857189868,0,0,3.6262626262626254,7.964197874788815,FXYD3;FXYD1
GO_Biological_Process_2023,Positive Regulation Of Cell Population Proliferation (GO:0008284),8/483,0.1125745913394359,0.2480852857189868,0,0,1.6951754385964912,3.702499199071632,RPS4X;CDKN1A;RPS9;SOX15;MYC;RPS6;SLC25A5;AREG
GO_Biological_Process_2023,Negative Regulation Of Intrinsic Apoptotic Signaling Pathway In Response To DNA Damage By P53 Class Mediator (GO:1902166),1/12,0.1136443487055952,0.2480852857189868,0,0,9.040201005025123,19.659557478207127,CD44
GO_Biological_Process_2023,Negative Regulation Of Macrophage Derived Foam Cell Differentiation (GO:0010745),1/12,0.1136443487055952,0.2480852857189868,0,0,9.040201005025123,19.659557478207127,NFKBIA
GO_Biological_Process_2023,Negative Regulation Of Mononuclear Cell Migration (GO:0071676),1/12,0.1136443487055952,0.2480852857189868,0,0,9.040201005025123,19.659557478207127,DUSP1
GO_Biological_Process_2023,Negative Regulation Of Stem Cell Differentiation (GO:2000737),1/12,0.1136443487055952,0.2480852857189868,0,0,9.040201005025123,19.659557478207127,ZFP36L2
GO_Biological_Process_2023,Neutrophil Mediated Immunity (GO:0002446),1/12,0.1136443487055952,0.2480852857189868,0,0,9.040201005025123,19.659557478207127,VAMP8
GO_Biological_Process_2023,Cell Projection Assembly (GO:0030031),1/12,0.1136443487055952,0.2480852857189868,0,0,9.040201005025123,19.659557478207127,GSN
GO_Biological_Process_2023,Cellular Component Maintenance (GO:0043954),1/12,0.1136443487055952,0.2480852857189868,0,0,9.040201005025123,19.659557478207127,PRNP
GO_Biological_Process_2023,Regulation Of Transcription From RNA Polymerase II Promoter In Response To Stress (GO:0043618),1/12,0.1136443487055952,0.2480852857189868,0,0,9.040201005025123,19.659557478207127,BAG3
GO_Biological_Process_2023,Relaxation Of Cardiac Muscle (GO:0055119),1/12,0.1136443487055952,0.2480852857189868,0,0,9.040201005025123,19.659557478207127,GSN
GO_Biological_Process_2023,Positive Regulation Of mRNA Metabolic Process (GO:1903313),1/12,0.1136443487055952,0.2480852857189868,0,0,9.040201005025123,19.659557478207127,ZC3H12A
GO_Biological_Process_2023,Positive Regulation Of Protein Export From Nucleus (GO:0046827),1/12,0.1136443487055952,0.2480852857189868,0,0,9.040201005025123,19.659557478207127,BAG3
GO_Biological_Process_2023,Icosanoid Secretion (GO:0032309),1/12,0.1136443487055952,0.2480852857189868,0,0,9.040201005025123,19.659557478207127,ANXA1
GO_Biological_Process_2023,Lipid Droplet Formation (GO:0140042),1/12,0.1136443487055952,0.2480852857189868,0,0,9.040201005025123,19.659557478207127,LDAF1
GO_Biological_Process_2023,Macrophage Migration (GO:1905517),1/12,0.1136443487055952,0.2480852857189868,0,0,9.040201005025123,19.659557478207127,KLF5
GO_Biological_Process_2023,Morphogenesis Of A Polarized Epithelium (GO:0001738),1/12,0.1136443487055952,0.2480852857189868,0,0,9.040201005025123,19.659557478207127,ACTG1
GO_Biological_Process_2023,Negative Regulation By Host Of Viral Process (GO:0044793),1/12,0.1136443487055952,0.2480852857189868,0,0,9.040201005025123,19.659557478207127,ZC3H12A
GO_Biological_Process_2023,Negative Regulation Of JUN Kinase Activity (GO:0043508),1/12,0.1136443487055952,0.2480852857189868,0,0,9.040201005025123,19.659557478207127,DNAJA1
GO_Biological_Process_2023,Regulation Of Actin Filament Organization (GO:0110053),1/12,0.1136443487055952,0.2480852857189868,0,0,9.040201005025123,19.659557478207127,CXCL12
GO_Biological_Process_2023,Negative Regulation Of Coagulation (GO:0050819),1/12,0.1136443487055952,0.2480852857189868,0,0,9.040201005025123,19.659557478207127,APOE
GO_Biological_Process_2023,Inorganic Anion Transport (GO:0015698),2/58,0.1144651666427582,0.2491590911835901,0,0,3.561327561327561,7.719123085387519,FXYD3;FXYD1
GO_Biological_Process_2023,Memory (GO:0007613),2/58,0.1144651666427582,0.2491590911835901,0,0,3.561327561327561,7.719123085387519,PRNP;APOE
GO_Biological_Process_2023,Negative Regulation Of Macromolecule Metabolic Process (GO:0010605),4/186,0.1166797006411275,0.2536151312357365,0,0,2.1998205875756898,4.725924503393204,TIPARP;ZC3H12A;REL;APOE
GO_Biological_Process_2023,Regulation Of Protein Kinase Activity (GO:0045859),3/119,0.1169417814626649,0.2538206288193946,0,0,2.584106423945388,5.545696691343623,CDKN1A;TAF7;SFN
GO_Biological_Process_2023,Negative Regulation Of Protein-Containing Complex Assembly (GO:0031333),2/59,0.1177356082636544,0.2544499950348595,0,0,3.4986709197235517,7.484754897547597,CRYAB;NOP53
GO_Biological_Process_2023,Positive Regulation Of Protein Binding (GO:0032092),2/59,0.1177356082636544,0.2544499950348595,0,0,3.4986709197235517,7.484754897547597,RPL11;APOE
GO_Biological_Process_2023,Regulation Of Cell Death (GO:0010941),2/59,0.1177356082636544,0.2544499950348595,0,0,3.4986709197235517,7.484754897547597,CRYAB;HSPA1B
GO_Biological_Process_2023,protein-DNA Complex Organization (GO:0071824),2/60,0.1210294038464434,0.257788218201821,0,0,3.438174851967956,7.260468635528234,MYC;SOX15
GO_Biological_Process_2023,Negative Regulation Of Endoplasmic Reticulum Unfolded Protein Response (GO:1900102),1/13,0.1225132126107664,0.257788218201821,0,0,8.28643216080402,17.397665920944878,PPP1R15A
GO_Biological_Process_2023,ATP Transport (GO:0015867),1/13,0.1225132126107664,0.257788218201821,0,0,8.28643216080402,17.397665920944878,SLC25A5
GO_Biological_Process_2023,Regulation Of Intrinsic Apoptotic Signaling Pathway In Response To DNA Damage By P53 Class Mediator (GO:1902165),1/13,0.1225132126107664,0.257788218201821,0,0,8.28643216080402,17.397665920944878,CD44
GO_Biological_Process_2023,Regulation Of Lamellipodium Organization (GO:1902743),1/13,0.1225132126107664,0.257788218201821,0,0,8.28643216080402,17.397665920944878,CD44
GO_Biological_Process_2023,Regulation Of Leukocyte Migration (GO:0002685),1/13,0.1225132126107664,0.257788218201821,0,0,8.28643216080402,17.397665920944878,ANXA1
GO_Biological_Process_2023,Acute-Phase Response (GO:0006953),1/13,0.1225132126107664,0.257788218201821,0,0,8.28643216080402,17.397665920944878,CEBPB
GO_Biological_Process_2023,Negative Regulation Of Secretion (GO:0051048),1/13,0.1225132126107664,0.257788218201821,0,0,8.28643216080402,17.397665920944878,VAMP8
GO_Biological_Process_2023,Negative Regulation Of Viral Transcription (GO:0032897),1/13,0.1225132126107664,0.257788218201821,0,0,8.28643216080402,17.397665920944878,ZFP36
GO_Biological_Process_2023,Regulation Of Nitrogen Compound Metabolic Process (GO:0051171),1/13,0.1225132126107664,0.257788218201821,0,0,8.28643216080402,17.397665920944878,APOE
GO_Biological_Process_2023,Cellular Response To Arsenic-Containing Substance (GO:0071243),1/13,0.1225132126107664,0.257788218201821,0,0,8.28643216080402,17.397665920944878,ZC3H12A
GO_Biological_Process_2023,Regulation Of Transcription Of Nucleolar Large rRNA By RNA Polymerase I (GO:1901836),1/13,0.1225132126107664,0.257788218201821,0,0,8.28643216080402,17.397665920944878,NOP53
GO_Biological_Process_2023,Regulation Of Trophoblast Cell Migration (GO:1901163),1/13,0.1225132126107664,0.257788218201821,0,0,8.28643216080402,17.397665920944878,ARHGDIB
GO_Biological_Process_2023,Relaxation Of Muscle (GO:0090075),1/13,0.1225132126107664,0.257788218201821,0,0,8.28643216080402,17.397665920944878,GSN
GO_Biological_Process_2023,Cytoplasmic Sequestering Of Protein (GO:0051220),1/13,0.1225132126107664,0.257788218201821,0,0,8.28643216080402,17.397665920944878,NFKBIA
GO_Biological_Process_2023,Cytoplasmic Sequestering Of Transcription Factor (GO:0042994),1/13,0.1225132126107664,0.257788218201821,0,0,8.28643216080402,17.397665920944878,NFKBIA
GO_Biological_Process_2023,ncRNA Transcription (GO:0098781),1/13,0.1225132126107664,0.257788218201821,0,0,8.28643216080402,17.397665920944878,ZFP36L1
GO_Biological_Process_2023,"Negative Regulation Of DNA Damage Response, Signal Transduction By P53 Class Mediator (GO:0043518)",1/13,0.1225132126107664,0.257788218201821,0,0,8.28643216080402,17.397665920944878,CD44
GO_Biological_Process_2023,Regulation Of T-helper 17 Type Immune Response (GO:2000316),1/13,0.1225132126107664,0.257788218201821,0,0,8.28643216080402,17.397665920944878,JUNB
GO_Biological_Process_2023,Protein Localization To Nucleus (GO:0034504),3/122,0.123480177679577,0.2594625092712332,0,0,2.5185769739367827,5.26804358631712,COL1A1;RPL11;NOP53
GO_Biological_Process_2023,Positive Regulation Of Interleukin-8 Production (GO:0032757),2/61,0.1243457655234195,0.2605585543125597,0,0,3.379729498373566,7.045685456427677,HSPA1B;HSPA1A
GO_Biological_Process_2023,Negative Regulation Of Autophagy (GO:0010507),2/61,0.1243457655234195,0.2605585543125597,0,0,3.379729498373566,7.045685456427677,DAPL1;MCL1
GO_Biological_Process_2023,Positive Regulation Of Epithelial Cell Proliferation (GO:0050679),3/123,0.1256888427302304,0.2630091115142253,0,0,2.49746192893401,5.179600998900278,NR4A1;MYC;AREG
GO_Biological_Process_2023,Negative Regulation Of Kinase Activity (GO:0033673),2/62,0.1276839186856092,0.2641567970570504,0,0,3.323232323232323,6.839868307696459,TAF7;SFN
GO_Biological_Process_2023,Phosphatidylinositol-Mediated Signaling (GO:0048015),2/62,0.1276839186856092,0.2641567970570504,0,0,3.323232323232323,6.839868307696459,EZR;ZFP36L1
GO_Biological_Process_2023,Protein-Containing Complex Disassembly (GO:0032984),2/62,0.1276839186856092,0.2641567970570504,0,0,3.323232323232323,6.839868307696459,VAMP8;MYC
GO_Biological_Process_2023,G1/S Transition Of Mitotic Cell Cycle (GO:0000082),2/63,0.1310431018295034,0.2641567970570504,0,0,3.2685875144891536,6.642518297732,CDKN1A;MYC
GO_Biological_Process_2023,Positive Regulation Of Mitotic Cell Cycle Phase Transition (GO:1901992),2/63,0.1310431018295034,0.2641567970570504,0,0,3.2685875144891536,6.642518297732,ANXA1;RGCC
GO_Biological_Process_2023,Regulation Of Establishment Of Protein Localization (GO:0070201),1/14,0.1312937743788508,0.2641567970570504,0,0,7.648627754155393,15.529145947074284,DNAJA1
GO_Biological_Process_2023,Regulation Of Exit From Mitosis (GO:0007096),1/14,0.1312937743788508,0.2641567970570504,0,0,7.648627754155393,15.529145947074284,RGCC
GO_Biological_Process_2023,"Negative Regulation Of mRNA Splicing, Via Spliceosome (GO:0048025)",1/14,0.1312937743788508,0.2641567970570504,0,0,7.648627754155393,15.529145947074284,SAP18
GO_Biological_Process_2023,"RNA Phosphodiester Bond Hydrolysis, Endonucleolytic (GO:0090502)",1/14,0.1312937743788508,0.2641567970570504,0,0,7.648627754155393,15.529145947074284,ZC3H12A
GO_Biological_Process_2023,Negative Regulation Of Transcription Elongation By RNA Polymerase II (GO:0034244),1/14,0.1312937743788508,0.2641567970570504,0,0,7.648627754155393,15.529145947074284,HEXIM1
GO_Biological_Process_2023,"Blood Coagulation, Fibrin Clot Formation (GO:0072378)",1/14,0.1312937743788508,0.2641567970570504,0,0,7.648627754155393,15.529145947074284,FBLN1
GO_Biological_Process_2023,Polarized Epithelial Cell Differentiation (GO:0030859),1/14,0.1312937743788508,0.2641567970570504,0,0,7.648627754155393,15.529145947074284,EZR
GO_Biological_Process_2023,Renal Water Homeostasis (GO:0003091),1/14,0.1312937743788508,0.2641567970570504,0,0,7.648627754155393,15.529145947074284,AQP3
GO_Biological_Process_2023,Response To Muscle Stretch (GO:0035994),1/14,0.1312937743788508,0.2641567970570504,0,0,7.648627754155393,15.529145947074284,GSN
GO_Biological_Process_2023,Positive Regulation Of Cytoplasmic Translation (GO:2000767),1/14,0.1312937743788508,0.2641567970570504,0,0,7.648627754155393,15.529145947074284,PABPC1
GO_Biological_Process_2023,Endoderm Development (GO:0007492),1/14,0.1312937743788508,0.2641567970570504,0,0,7.648627754155393,15.529145947074284,DUSP1
GO_Biological_Process_2023,Positive Regulation Of Exosomal Secretion (GO:1903543),1/14,0.1312937743788508,0.2641567970570504,0,0,7.648627754155393,15.529145947074284,SDC1
GO_Biological_Process_2023,Positive Regulation Of Heterotypic Cell-Cell Adhesion (GO:0034116),1/14,0.1312937743788508,0.2641567970570504,0,0,7.648627754155393,15.529145947074284,CD44
GO_Biological_Process_2023,Establishment Of Apical/Basal Cell Polarity (GO:0035089),1/14,0.1312937743788508,0.2641567970570504,0,0,7.648627754155393,15.529145947074284,EZR
GO_Biological_Process_2023,Establishment Of Chromosome Localization (GO:0051303),1/14,0.1312937743788508,0.2641567970570504,0,0,7.648627754155393,15.529145947074284,GEM
GO_Biological_Process_2023,Positive Regulation Of Membrane Protein Ectodomain Proteolysis (GO:0051044),1/14,0.1312937743788508,0.2641567970570504,0,0,7.648627754155393,15.529145947074284,APOE
GO_Biological_Process_2023,Hyaluronan Metabolic Process (GO:0030212),1/14,0.1312937743788508,0.2641567970570504,0,0,7.648627754155393,15.529145947074284,CD44
GO_Biological_Process_2023,Lipoprotein Biosynthetic Process (GO:0042158),1/14,0.1312937743788508,0.2641567970570504,0,0,7.648627754155393,15.529145947074284,APOE
GO_Biological_Process_2023,Protein Activation Cascade (GO:0072376),1/14,0.1312937743788508,0.2641567970570504,0,0,7.648627754155393,15.529145947074284,FBLN1
GO_Biological_Process_2023,Mammary Gland Epithelium Development (GO:0061180),1/14,0.1312937743788508,0.2641567970570504,0,0,7.648627754155393,15.529145947074284,IRF6
GO_Biological_Process_2023,miRNA-mediated Gene Silencing By Inhibition Of Translation (GO:0035278),1/14,0.1312937743788508,0.2641567970570504,0,0,7.648627754155393,15.529145947074284,ZFP36
GO_Biological_Process_2023,Microvillus Assembly (GO:0030033),1/14,0.1312937743788508,0.2641567970570504,0,0,7.648627754155393,15.529145947074284,EZR
GO_Biological_Process_2023,Regulation Of MHC Class II Biosynthetic Process (GO:0045346),1/14,0.1312937743788508,0.2641567970570504,0,0,7.648627754155393,15.529145947074284,TAF7
GO_Biological_Process_2023,Regulation Of Branching Involved In Ureteric Bud Morphogenesis (GO:0090189),1/14,0.1312937743788508,0.2641567970570504,0,0,7.648627754155393,15.529145947074284,TACSTD2
GO_Biological_Process_2023,Regulation Of Programmed Cell Death (GO:0043067),4/195,0.1321208597699744,0.2654683057712351,0,0,2.0952024788973183,4.24076979323628,RSL1D1;CRYAB;NOP53;TPT1
GO_Biological_Process_2023,Positive Regulation Of Intracellular Protein Transport (GO:0090316),3/126,0.1323995391242033,0.2656758963883019,0,0,2.4361767983162066,4.925781673616739,PRNP;BAG3;ZC3H12A
GO_Biological_Process_2023,Response To Metal Ion (GO:0010038),2/64,0.1344225663522014,0.2690227054472724,0,0,3.215705441511893,6.45317143498723,MT1X;AQP3
GO_Biological_Process_2023,Negative Regulation Of Cell Death (GO:0060548),2/64,0.1344225663522014,0.2690227054472724,0,0,3.215705441511893,6.45317143498723,GPNMB;HSPA1B
GO_Biological_Process_2023,Regulation Of Anatomical Structure Morphogenesis (GO:0022603),3/127,0.1346639798868546,0.2691503028081593,0,0,2.4164074013427213,4.844830729741804,GPNMB;SDC2;KRT1
GO_Biological_Process_2023,Positive Regulation Of DNA Biosynthetic Process (GO:2000573),2/65,0.137821576382599,0.2705104167454118,0,0,3.1645021645021645,6.271395690931595,RGCC;MYC
GO_Biological_Process_2023,Regulation Of Cellular Response To Heat (GO:1900034),1/15,0.139986908731619,0.2705104167454118,0,0,7.101938262742283,13.963876250165317,DNAJB1
GO_Biological_Process_2023,Negative Regulation Of Endoplasmic Reticulum Stress-Induced Intrinsic Apoptotic Signaling Pathway (GO:1902236),1/15,0.139986908731619,0.2705104167454118,0,0,7.101938262742283,13.963876250165317,HSPA1A
GO_Biological_Process_2023,Regulation Of Cholesterol Biosynthetic Process (GO:0045540),1/15,0.139986908731619,0.2705104167454118,0,0,7.101938262742283,13.963876250165317,APOE
GO_Biological_Process_2023,DNA Alkylation (GO:0006305),1/15,0.139986908731619,0.2705104167454118,0,0,7.101938262742283,13.963876250165317,FOS
GO_Biological_Process_2023,Negative Regulation Of mRNA Processing (GO:0050686),1/15,0.139986908731619,0.2705104167454118,0,0,7.101938262742283,13.963876250165317,SAP18
GO_Biological_Process_2023,Negative Regulation Of Macrophage Activation (GO:0043031),1/15,0.139986908731619,0.2705104167454118,0,0,7.101938262742283,13.963876250165317,ZC3H12A
GO_Biological_Process_2023,T Cell Homeostasis (GO:0043029),1/15,0.139986908731619,0.2705104167454118,0,0,7.101938262742283,13.963876250165317,PMAIP1
GO_Biological_Process_2023,Negative Regulation Of Platelet Activation (GO:0010544),1/15,0.139986908731619,0.2705104167454118,0,0,7.101938262742283,13.963876250165317,APOE
GO_Biological_Process_2023,Negative Regulation Of Protein Processing (GO:0010955),1/15,0.139986908731619,0.2705104167454118,0,0,7.101938262742283,13.963876250165317,PRNP
GO_Biological_Process_2023,Regulation Of miRNA-mediated Gene Silencing (GO:0060964),1/15,0.139986908731619,0.2705104167454118,0,0,7.101938262742283,13.963876250165317,ZFP36
GO_Biological_Process_2023,"Positive Regulation Of DNA Damage Response, Signal Transduction By P53 Class Mediator (GO:0043517)",1/15,0.139986908731619,0.2705104167454118,0,0,7.101938262742283,13.963876250165317,PMAIP1
GO_Biological_Process_2023,Positive Regulation Of Cell Activation (GO:0050867),1/15,0.139986908731619,0.2705104167454118,0,0,7.101938262742283,13.963876250165317,SOX15
GO_Biological_Process_2023,Positive Regulation Of Collagen Biosynthetic Process (GO:0032967),1/15,0.139986908731619,0.2705104167454118,0,0,7.101938262742283,13.963876250165317,RGCC
GO_Biological_Process_2023,Positive Regulation Of Cyclin-Dependent Protein Serine/Threonine Kinase Activity (GO:0045737),1/15,0.139986908731619,0.2705104167454118,0,0,7.101938262742283,13.963876250165317,RGCC
GO_Biological_Process_2023,Positive Regulation Of Endothelial Cell Apoptotic Process (GO:2000353),1/15,0.139986908731619,0.2705104167454118,0,0,7.101938262742283,13.963876250165317,RGCC
GO_Biological_Process_2023,Epiboly Involved In Wound Healing (GO:0090505),1/15,0.139986908731619,0.2705104167454118,0,0,7.101938262742283,13.963876250165317,CD44
GO_Biological_Process_2023,Positive Regulation Of Glucose Metabolic Process (GO:0010907),1/15,0.139986908731619,0.2705104167454118,0,0,7.101938262742283,13.963876250165317,PMAIP1
GO_Biological_Process_2023,Gas Transport (GO:0015669),1/15,0.139986908731619,0.2705104167454118,0,0,7.101938262742283,13.963876250165317,CA2
GO_Biological_Process_2023,High-Density Lipoprotein Particle Remodeling (GO:0034375),1/15,0.139986908731619,0.2705104167454118,0,0,7.101938262742283,13.963876250165317,APOE
GO_Biological_Process_2023,Positive Regulation Of Transmembrane Transport (GO:0034764),1/15,0.139986908731619,0.2705104167454118,0,0,7.101938262742283,13.963876250165317,CA2
GO_Biological_Process_2023,Protein Localization To Cell-Cell Junction (GO:0150105),1/15,0.139986908731619,0.2705104167454118,0,0,7.101938262742283,13.963876250165317,ACTG1
GO_Biological_Process_2023,miRNA Metabolic Process (GO:0010586),1/15,0.139986908731619,0.2705104167454118,0,0,7.101938262742283,13.963876250165317,ZC3H12A
GO_Biological_Process_2023,Negative Regulation Of DNA Replication (GO:0008156),1/15,0.139986908731619,0.2705104167454118,0,0,7.101938262742283,13.963876250165317,S100A11
GO_Biological_Process_2023,Regulation Of Amyloid Fibril Formation (GO:1905906),1/15,0.139986908731619,0.2705104167454118,0,0,7.101938262742283,13.963876250165317,CRYAB
GO_Biological_Process_2023,Regulation Of Amyloid-Beta Clearance (GO:1900221),1/15,0.139986908731619,0.2705104167454118,0,0,7.101938262742283,13.963876250165317,APOE
GO_Biological_Process_2023,Response To Reactive Oxygen Species (GO:0000302),2/66,0.1412394085870013,0.2725830624322383,0,0,3.11489898989899,6.096788351656931,FOS;APOE
GO_Biological_Process_2023,Transmembrane Receptor Protein Serine/Threonine Kinase Signaling Pathway (GO:0007178),3/130,0.1415370182821212,0.2728099016506535,0,0,2.3589671849394462,4.612238445645575,COL3A1;COL1A2;FOS
GO_Biological_Process_2023,Positive Regulation Of Cellular Process (GO:0048522),9/594,0.1424040219382578,0.2741322658658965,0,0,1.5477245267821185,3.016649811153973,RPS4X;RPS9;ZFP36;CXCL12;MYC;RPS6;SLC25A5;AREG;ZFP36L1
GO_Biological_Process_2023,Regulation Of Viral Genome Replication (GO:0045069),2/67,0.1446753520694938,0.2762197852073045,0,0,3.0668220668220667,5.928973623253177,IFITM1;PABPC1
GO_Biological_Process_2023,Protein Secretion (GO:0009306),2/67,0.1446753520694938,0.2762197852073045,0,0,3.0668220668220667,5.928973623253177,ARL4D;ANXA1
GO_Biological_Process_2023,Negative Regulation Of Cellular Catabolic Process (GO:0031330),2/67,0.1446753520694938,0.2762197852073045,0,0,3.0668220668220667,5.928973623253177,DAPL1;MCL1
GO_Biological_Process_2023,Regulation Of Cell Migration (GO:0030334),7/434,0.1457713404977032,0.2762197852073045,0,0,1.6455448908519494,3.168852200662027,COL1A1;IFITM1;ANXA1;CXCL12;GPNMB;KRT5;ACTG1
GO_Biological_Process_2023,Cell-Cell Junction Organization (GO:0045216),2/68,0.1481287080780672,0.2762197852073045,0,0,3.0202020202020203,5.767600469255814,DSG1;PKP3
GO_Biological_Process_2023,Negative Regulation Of Intrinsic Apoptotic Signaling Pathway By P53 Class Mediator (GO:1902254),1/16,0.1485934818111902,0.2762197852073045,0,0,6.628140703517588,12.636822082241835,CD44
GO_Biological_Process_2023,Negative Regulation Of Phosphatase Activity (GO:0010923),1/16,0.1485934818111902,0.2762197852073045,0,0,6.628140703517588,12.636822082241835,PPP1R15A
GO_Biological_Process_2023,Activation Of Cysteine-Type Endopeptidase Activity (GO:0097202),1/16,0.1485934818111902,0.2762197852073045,0,0,6.628140703517588,12.636822082241835,PERP
GO_Biological_Process_2023,Neuron Projection Organization (GO:0106027),1/16,0.1485934818111902,0.2762197852073045,0,0,6.628140703517588,12.636822082241835,PRNP
GO_Biological_Process_2023,Regulation Of Nucleocytoplasmic Transport (GO:0046822),1/16,0.1485934818111902,0.2762197852073045,0,0,6.628140703517588,12.636822082241835,IFI27
GO_Biological_Process_2023,Nuclear Chromosome Segregation (GO:0098813),1/16,0.1485934818111902,0.2762197852073045,0,0,6.628140703517588,12.636822082241835,GEM
GO_Biological_Process_2023,Cell Surface Toll-Like Receptor Signaling Pathway (GO:0140895),1/16,0.1485934818111902,0.2762197852073045,0,0,6.628140703517588,12.636822082241835,S100A14
GO_Biological_Process_2023,Regulation Of Steroid Biosynthetic Process (GO:0050810),1/16,0.1485934818111902,0.2762197852073045,0,0,6.628140703517588,12.636822082241835,EGR1
GO_Biological_Process_2023,Cellular Response To Fatty Acid (GO:0071398),1/16,0.1485934818111902,0.2762197852073045,0,0,6.628140703517588,12.636822082241835,ZC3H12A
GO_Biological_Process_2023,Cellular Response To Gamma Radiation (GO:0071480),1/16,0.1485934818111902,0.2762197852073045,0,0,6.628140703517588,12.636822082241835,CRYAB
GO_Biological_Process_2023,Positive Regulation Of Cell Migration Involved In Sprouting Angiogenesis (GO:0090050),1/16,0.1485934818111902,0.2762197852073045,0,0,6.628140703517588,12.636822082241835,ANXA1
GO_Biological_Process_2023,Reverse Cholesterol Transport (GO:0043691),1/16,0.1485934818111902,0.2762197852073045,0,0,6.628140703517588,12.636822082241835,APOE
GO_Biological_Process_2023,Ruffle Organization (GO:0031529),1/16,0.1485934818111902,0.2762197852073045,0,0,6.628140703517588,12.636822082241835,LIMA1
GO_Biological_Process_2023,Positive Regulation Of Collagen Metabolic Process (GO:0010714),1/16,0.1485934818111902,0.2762197852073045,0,0,6.628140703517588,12.636822082241835,RGCC
GO_Biological_Process_2023,"Synaptic Transmission, Cholinergic (GO:0007271)",1/16,0.1485934818111902,0.2762197852073045,0,0,6.628140703517588,12.636822082241835,APOE
GO_Biological_Process_2023,Extrinsic Apoptotic Signaling Pathway In Absence Of Ligand (GO:0097192),1/16,0.1485934818111902,0.2762197852073045,0,0,6.628140703517588,12.636822082241835,MCL1
GO_Biological_Process_2023,Positive Regulation Of Lymphocyte Migration (GO:2000403),1/16,0.1485934818111902,0.2762197852073045,0,0,6.628140703517588,12.636822082241835,CXCL12
GO_Biological_Process_2023,Positive Regulation Of Positive Chemotaxis (GO:0050927),1/16,0.1485934818111902,0.2762197852073045,0,0,6.628140703517588,12.636822082241835,CXCL12
GO_Biological_Process_2023,Positive Regulation Of Smooth Muscle Cell Migration (GO:0014911),1/16,0.1485934818111902,0.2762197852073045,0,0,6.628140703517588,12.636822082241835,S100A11
GO_Biological_Process_2023,Protein Kinase A Signaling (GO:0010737),1/16,0.1485934818111902,0.2762197852073045,0,0,6.628140703517588,12.636822082241835,EZR
GO_Biological_Process_2023,Protein Localization To Endoplasmic Reticulum (GO:0070972),1/16,0.1485934818111902,0.2762197852073045,0,0,6.628140703517588,12.636822082241835,PPP1R15A
GO_Biological_Process_2023,Protein Localization To Mitochondrion (GO:0070585),1/16,0.1485934818111902,0.2762197852073045,0,0,6.628140703517588,12.636822082241835,DNAJA1
GO_Biological_Process_2023,Negative Regulation Of Anoikis (GO:2000811),1/16,0.1485934818111902,0.2762197852073045,0,0,6.628140703517588,12.636822082241835,MCL1
GO_Biological_Process_2023,Regulation Of Monoatomic Ion Transmembrane Transporter Activity (GO:0032412),2/69,0.1515987898971927,0.2811164831018934,0,0,2.974973616764661,5.612340646899519,FXYD3;FXYD1
GO_Biological_Process_2023,Phagocytosis (GO:0006909),2/69,0.1515987898971927,0.2811164831018934,0,0,2.974973616764661,5.612340646899519,ANXA1;GSN
GO_Biological_Process_2023,Negative Regulation Of Epithelial Cell Proliferation (GO:0050680),2/70,0.1550849226995339,0.2826938741760398,0,0,2.931075460487225,5.462886925837976,RGCC;APOE
GO_Biological_Process_2023,Regulation Of Actin Filament-Based Process (GO:0032970),2/70,0.1550849226995339,0.2826938741760398,0,0,2.931075460487225,5.462886925837976,CNN2;EZR
GO_Biological_Process_2023,Regulation Of Cellular Respiration (GO:0043457),1/17,0.157114351192228,0.2826938741760398,0,0,6.21356783919598,11.499955704952034,NOP53
GO_Biological_Process_2023,Negative Regulation Of Fibroblast Proliferation (GO:0048147),1/17,0.157114351192228,0.2826938741760398,0,0,6.21356783919598,11.499955704952034,MYC
GO_Biological_Process_2023,"DNA Damage Response, Signal Transduction By P53 Class Mediator Resulting In Cell Cycle Arrest (GO:0006977)",1/17,0.157114351192228,0.2826938741760398,0,0,6.21356783919598,11.499955704952034,CDKN1A
GO_Biological_Process_2023,Negative Regulation Of Leukocyte Activation (GO:0002695),1/17,0.157114351192228,0.2826938741760398,0,0,6.21356783919598,11.499955704952034,ZC3H12A
GO_Biological_Process_2023,Regulation Of Establishment Of Cell Polarity (GO:2000114),1/17,0.157114351192228,0.2826938741760398,0,0,6.21356783919598,11.499955704952034,GSN
GO_Biological_Process_2023,Amyloid Precursor Protein Metabolic Process (GO:0042982),1/17,0.157114351192228,0.2826938741760398,0,0,6.21356783919598,11.499955704952034,APOE
GO_Biological_Process_2023,Negative Regulation Of Ubiquitin-Protein Transferase Activity (GO:0051444),1/17,0.157114351192228,0.2826938741760398,0,0,6.21356783919598,11.499955704952034,RPL11
GO_Biological_Process_2023,Negative Regulation Of Vascular Associated Smooth Muscle Cell Proliferation (GO:1904706),1/17,0.157114351192228,0.2826938741760398,0,0,6.21356783919598,11.499955704952034,CDKN1A
GO_Biological_Process_2023,Regulation Of Mitotic Cell Cycle Spindle Assembly Checkpoint (GO:0090266),1/17,0.157114351192228,0.2826938741760398,0,0,6.21356783919598,11.499955704952034,DUSP1
GO_Biological_Process_2023,Regulation Of Protein Sumoylation (GO:0033233),1/17,0.157114351192228,0.2826938741760398,0,0,6.21356783919598,11.499955704952034,EGR1
GO_Biological_Process_2023,Cell Migration Involved In Sprouting Angiogenesis (GO:0002042),1/17,0.157114351192228,0.2826938741760398,0,0,6.21356783919598,11.499955704952034,NR4A1
GO_Biological_Process_2023,Positive Chemotaxis (GO:0050918),1/17,0.157114351192228,0.2826938741760398,0,0,6.21356783919598,11.499955704952034,GPNMB
GO_Biological_Process_2023,Positive Regulation By Host Of Viral Process (GO:0044794),1/17,0.157114351192228,0.2826938741760398,0,0,6.21356783919598,11.499955704952034,EEF1A1
GO_Biological_Process_2023,Regulation Of Ubiquitin Protein Ligase Activity (GO:1904666),1/17,0.157114351192228,0.2826938741760398,0,0,6.21356783919598,11.499955704952034,RPL11
GO_Biological_Process_2023,Response To Interferon-Alpha (GO:0035455),1/17,0.157114351192228,0.2826938741760398,0,0,6.21356783919598,11.499955704952034,IFITM1
GO_Biological_Process_2023,Filopodium Assembly (GO:0046847),1/17,0.157114351192228,0.2826938741760398,0,0,6.21356783919598,11.499955704952034,EZR
GO_Biological_Process_2023,Toll-Like Receptor 4 Signaling Pathway (GO:0034142),1/17,0.157114351192228,0.2826938741760398,0,0,6.21356783919598,11.499955704952034,S100A14
GO_Biological_Process_2023,Positive Regulation Of Nitric-Oxide Synthase Activity (GO:0051000),1/17,0.157114351192228,0.2826938741760398,0,0,6.21356783919598,11.499955704952034,APOE
GO_Biological_Process_2023,Positive Regulation Of Stem Cell Differentiation (GO:2000738),1/17,0.157114351192228,0.2826938741760398,0,0,6.21356783919598,11.499955704952034,TACSTD2
GO_Biological_Process_2023,Positive Regulation Of Transcription From RNA Polymerase II Promoter In Response To Stress (GO:0036003),1/17,0.157114351192228,0.2826938741760398,0,0,6.21356783919598,11.499955704952034,CEBPB
GO_Biological_Process_2023,Prostaglandin Biosynthetic Process (GO:0001516),1/17,0.157114351192228,0.2826938741760398,0,0,6.21356783919598,11.499955704952034,CBR1
GO_Biological_Process_2023,rRNA Transcription (GO:0009303),1/17,0.157114351192228,0.2826938741760398,0,0,6.21356783919598,11.499955704952034,ZFP36L1
GO_Biological_Process_2023,Regulation Of Aerobic Respiration (GO:1903715),1/17,0.157114351192228,0.2826938741760398,0,0,6.21356783919598,11.499955704952034,NOP53
GO_Biological_Process_2023,Cholesterol Homeostasis (GO:0042632),2/72,0.1621027002960182,0.2867818007895621,0,0,2.8470418470418477,5.180264363849609,LIMA1;APOE
GO_Biological_Process_2023,Positive Regulation Of Protein Localization To Nucleus (GO:1900182),2/72,0.1621027002960182,0.2867818007895621,0,0,2.8470418470418477,5.180264363849609,BAG3;ZC3H12A
GO_Biological_Process_2023,3'-UTR-mediated mRNA Stabilization (GO:0070935),1/18,0.1655503660358053,0.2867818007895621,0,0,5.847768253029855,10.51709310132786,ZFP36
GO_Biological_Process_2023,Regulation Of Collagen Biosynthetic Process (GO:0032965),1/18,0.1655503660358053,0.2867818007895621,0,0,5.847768253029855,10.51709310132786,RGCC
GO_Biological_Process_2023,Regulation Of Epithelial Cell Differentiation (GO:0030856),1/18,0.1655503660358053,0.2867818007895621,0,0,5.847768253029855,10.51709310132786,CEBPB
GO_Biological_Process_2023,Negative Regulation Of Lipid Storage (GO:0010888),1/18,0.1655503660358053,0.2867818007895621,0,0,5.847768253029855,10.51709310132786,NFKBIA
GO_Biological_Process_2023,Regulation Of Exosomal Secretion (GO:1903541),1/18,0.1655503660358053,0.2867818007895621,0,0,5.847768253029855,10.51709310132786,SDC1
GO_Biological_Process_2023,Actin Filament Capping (GO:0051693),1/18,0.1655503660358053,0.2867818007895621,0,0,5.847768253029855,10.51709310132786,GSN
GO_Biological_Process_2023,Negative Regulation Of Signal Transduction By P53 Class Mediator (GO:1901797),1/18,0.1655503660358053,0.2867818007895621,0,0,5.847768253029855,10.51709310132786,CD44
GO_Biological_Process_2023,Regulation Of Nervous System Process (GO:0031644),1/18,0.1655503660358053,0.2867818007895621,0,0,5.847768253029855,10.51709310132786,TYMP
GO_Biological_Process_2023,Nitric Oxide Mediated Signal Transduction (GO:0007263),1/18,0.1655503660358053,0.2867818007895621,0,0,5.847768253029855,10.51709310132786,APOE
GO_Biological_Process_2023,Barbed-End Actin Filament Capping (GO:0051016),1/18,0.1655503660358053,0.2867818007895621,0,0,5.847768253029855,10.51709310132786,GSN
GO_Biological_Process_2023,Branching Involved In Ureteric Bud Morphogenesis (GO:0001658),1/18,0.1655503660358053,0.2867818007895621,0,0,5.847768253029855,10.51709310132786,MYC
GO_Biological_Process_2023,Cardiac Muscle Cell Contraction (GO:0086003),1/18,0.1655503660358053,0.2867818007895621,0,0,5.847768253029855,10.51709310132786,GSN
GO_Biological_Process_2023,Regulation Of Protein Neddylation (GO:2000434),1/18,0.1655503660358053,0.2867818007895621,0,0,5.847768253029855,10.51709310132786,RPL11
GO_Biological_Process_2023,Renal Absorption (GO:0070293),1/18,0.1655503660358053,0.2867818007895621,0,0,5.847768253029855,10.51709310132786,GSN
GO_Biological_Process_2023,Positive Regulation Of Cyclin-Dependent Protein Kinase Activity (GO:1904031),1/18,0.1655503660358053,0.2867818007895621,0,0,5.847768253029855,10.51709310132786,RGCC
GO_Biological_Process_2023,Positive Regulation Of Epidermal Cell Differentiation (GO:0045606),1/18,0.1655503660358053,0.2867818007895621,0,0,5.847768253029855,10.51709310132786,SFN
GO_Biological_Process_2023,Positive Regulation Of Extracellular Matrix Organization (GO:1903055),1/18,0.1655503660358053,0.2867818007895621,0,0,5.847768253029855,10.51709310132786,RGCC
GO_Biological_Process_2023,Positive Regulation Of Interleukin-4 Production (GO:0032753),1/18,0.1655503660358053,0.2867818007895621,0,0,5.847768253029855,10.51709310132786,CEBPB
GO_Biological_Process_2023,Ureteric Bud Morphogenesis (GO:0060675),1/18,0.1655503660358053,0.2867818007895621,0,0,5.847768253029855,10.51709310132786,MYC
GO_Biological_Process_2023,Positive Regulation Of Phosphoprotein Phosphatase Activity (GO:0032516),1/18,0.1655503660358053,0.2867818007895621,0,0,5.847768253029855,10.51709310132786,PPP1R15A
GO_Biological_Process_2023,Positive Regulation Of Response To Endoplasmic Reticulum Stress (GO:1905898),1/18,0.1655503660358053,0.2867818007895621,0,0,5.847768253029855,10.51709310132786,PMAIP1
GO_Biological_Process_2023,Mitochondrial Fusion (GO:0008053),1/18,0.1655503660358053,0.2867818007895621,0,0,5.847768253029855,10.51709310132786,MCL1
GO_Biological_Process_2023,Regulation Of RIG-I Signaling Pathway (GO:0039535),1/18,0.1655503660358053,0.2867818007895621,0,0,5.847768253029855,10.51709310132786,NOP53
GO_Biological_Process_2023,"Negative Regulation Of DNA-templated Transcription, Elongation (GO:0032785)",1/18,0.1655503660358053,0.2867818007895621,0,0,5.847768253029855,10.51709310132786,HEXIM1
GO_Biological_Process_2023,Regulation Of Cell Cycle G2/M Phase Transition (GO:1902749),1/18,0.1655503660358053,0.2867818007895621,0,0,5.847768253029855,10.51709310132786,CDKN1A
GO_Biological_Process_2023,Regulation Of Cell-Cell Adhesion Mediated By Cadherin (GO:2000047),1/18,0.1655503660358053,0.2867818007895621,0,0,5.847768253029855,10.51709310132786,RGCC
GO_Biological_Process_2023,Cellular Response To Reactive Oxygen Species (GO:0034614),2/73,0.1656330532612982,0.2867818007895621,0,0,2.806800398349694,5.046572271238703,ANXA1;FOS
GO_Biological_Process_2023,Sterol Homeostasis (GO:0055092),2/73,0.1656330532612982,0.2867818007895621,0,0,2.806800398349694,5.046572271238703,LIMA1;APOE
GO_Biological_Process_2023,Granulocyte Chemotaxis (GO:0071621),2/73,0.1656330532612982,0.2867818007895621,0,0,2.806800398349694,5.046572271238703,ANXA1;KLF5
GO_Biological_Process_2023,Positive Regulation Of Secretion By Cell (GO:1903532),2/73,0.1656330532612982,0.2867818007895621,0,0,2.806800398349694,5.046572271238703,RGCC;EZR
GO_Biological_Process_2023,Protein Tetramerization (GO:0051262),2/73,0.1656330532612982,0.2867818007895621,0,0,2.806800398349694,5.046572271238703,KRT1;KRT10
GO_Biological_Process_2023,Gland Development (GO:0048732),2/74,0.1691768732048807,0.2925832909878931,0,0,2.767676767676768,4.917637208774679,ANXA1;EZR
GO_Biological_Process_2023,Regulation Of Early Endosome To Late Endosome Transport (GO:2000641),1/19,0.1739023671527052,0.2947003201748864,0,0,5.522613065326633,9.66049300943,EZR
GO_Biological_Process_2023,Negative Regulation Of Leukocyte Cell-Cell Adhesion (GO:1903038),1/19,0.1739023671527052,0.2947003201748864,0,0,5.522613065326633,9.66049300943,GPNMB
GO_Biological_Process_2023,Regulation Of Granulocyte Chemotaxis (GO:0071622),1/19,0.1739023671527052,0.2947003201748864,0,0,5.522613065326633,9.66049300943,S100A14
GO_Biological_Process_2023,Negative Regulation Of Protein Dephosphorylation (GO:0035308),1/19,0.1739023671527052,0.2947003201748864,0,0,5.522613065326633,9.66049300943,PPP1R15A
GO_Biological_Process_2023,Neuron Apoptotic Process (GO:0051402),1/19,0.1739023671527052,0.2947003201748864,0,0,5.522613065326633,9.66049300943,FAM162A
GO_Biological_Process_2023,Regulation Of Smooth Muscle Cell Migration (GO:0014910),1/19,0.1739023671527052,0.2947003201748864,0,0,5.522613065326633,9.66049300943,S100A11
GO_Biological_Process_2023,Regulation Of Tissue Remodeling (GO:0034103),1/19,0.1739023671527052,0.2947003201748864,0,0,5.522613065326633,9.66049300943,GPNMB
GO_Biological_Process_2023,Regulation Of Vascular Endothelial Growth Factor Signaling Pathway (GO:1900746),1/19,0.1739023671527052,0.2947003201748864,0,0,5.522613065326633,9.66049300943,DCN
GO_Biological_Process_2023,Establishment Of Epithelial Cell Polarity (GO:0090162),1/19,0.1739023671527052,0.2947003201748864,0,0,5.522613065326633,9.66049300943,EZR
GO_Biological_Process_2023,Positive Regulation Of Hormone Secretion (GO:0046887),1/19,0.1739023671527052,0.2947003201748864,0,0,5.522613065326633,9.66049300943,VAMP8
GO_Biological_Process_2023,Establishment Of Skin Barrier (GO:0061436),1/19,0.1739023671527052,0.2947003201748864,0,0,5.522613065326633,9.66049300943,SFN
GO_Biological_Process_2023,tRNA Metabolic Process (GO:0006399),1/19,0.1739023671527052,0.2947003201748864,0,0,5.522613065326633,9.66049300943,ZFP36L1
GO_Biological_Process_2023,Fluid Transport (GO:0042044),1/19,0.1739023671527052,0.2947003201748864,0,0,5.522613065326633,9.66049300943,AQP3
GO_Biological_Process_2023,Positive Regulation Of Mitochondrial Fission (GO:0090141),1/19,0.1739023671527052,0.2947003201748864,0,0,5.522613065326633,9.66049300943,DCN
GO_Biological_Process_2023,Water Transport (GO:0006833),1/19,0.1739023671527052,0.2947003201748864,0,0,5.522613065326633,9.66049300943,AQP3
GO_Biological_Process_2023,Insulin Secretion (GO:0030073),1/19,0.1739023671527052,0.2947003201748864,0,0,5.522613065326633,9.66049300943,ANXA1
GO_Biological_Process_2023,Multicellular Organismal-Level Water Homeostasis (GO:0050891),1/19,0.1739023671527052,0.2947003201748864,0,0,5.522613065326633,9.66049300943,AQP3
GO_Biological_Process_2023,Regulation Of Behavior (GO:0050795),1/19,0.1739023671527052,0.2947003201748864,0,0,5.522613065326633,9.66049300943,APOE
GO_Biological_Process_2023,Ras Protein Signal Transduction (GO:0007265),3/144,0.1750440509507228,0.2963036169724526,0,0,2.1232314504806133,3.700192853755635,CDKN1A;COL1A2;ARHGDIB
GO_Biological_Process_2023,Positive Regulation Of Protein Kinase Activity (GO:0045860),3/145,0.1775184311280577,0.3001567222756779,0,0,2.1081718738828914,3.644356321836919,EGR1;PRNP;CDKN1A
GO_Biological_Process_2023,Chloride Transport (GO:0006821),2/77,0.1798830098073791,0.3012984151115706,0,0,2.656565656565657,4.557201796283064,FXYD3;FXYD1
GO_Biological_Process_2023,Positive Regulation Of Cellular Catabolic Process (GO:0031331),3/146,0.1800025240475294,0.3012984151115706,0,0,2.093322920734088,3.589597500577494,ZC3H12A;APOE;DCN
GO_Biological_Process_2023,DNA Methylation (GO:0006306),1/20,0.182171186958547,0.3012984151115706,0,0,5.231684739486909,8.908556962758436,FOS
GO_Biological_Process_2023,Negative Regulation Of Phosphate Metabolic Process (GO:0045936),1/20,0.182171186958547,0.3012984151115706,0,0,5.231684739486909,8.908556962758436,CDKN1A
GO_Biological_Process_2023,Negative Regulation Of Phosphoprotein Phosphatase Activity (GO:0032515),1/20,0.182171186958547,0.3012984151115706,0,0,5.231684739486909,8.908556962758436,PPP1R15A
GO_Biological_Process_2023,Adenine Nucleotide Transport (GO:0051503),1/20,0.182171186958547,0.3012984151115706,0,0,5.231684739486909,8.908556962758436,SLC25A5
GO_Biological_Process_2023,Regulation Of Meiotic Cell Cycle (GO:0051445),1/20,0.182171186958547,0.3012984151115706,0,0,5.231684739486909,8.908556962758436,DUSP1
GO_Biological_Process_2023,Nuclear-Transcribed mRNA poly(A) Tail Shortening (GO:0000289),1/20,0.182171186958547,0.3012984151115706,0,0,5.231684739486909,8.908556962758436,ZFP36
GO_Biological_Process_2023,Calcium-Mediated Signaling Using Intracellular Calcium Source (GO:0035584),1/20,0.182171186958547,0.3012984151115706,0,0,5.231684739486909,8.908556962758436,PRNP
GO_Biological_Process_2023,Regulation Of Protein Localization To Cell Periphery (GO:1904375),1/20,0.182171186958547,0.3012984151115706,0,0,5.231684739486909,8.908556962758436,VAMP8
GO_Biological_Process_2023,Cell Projection Organization (GO:0030030),1/20,0.182171186958547,0.3012984151115706,0,0,5.231684739486909,8.908556962758436,GSN
GO_Biological_Process_2023,Striated Muscle Cell Differentiation (GO:0051146),1/20,0.182171186958547,0.3012984151115706,0,0,5.231684739486909,8.908556962758436,SDC1
GO_Biological_Process_2023,Positive Regulation Of Lipid Storage (GO:0010884),1/20,0.182171186958547,0.3012984151115706,0,0,5.231684739486909,8.908556962758436,ZC3H12A
GO_Biological_Process_2023,Transport Along Microtubule (GO:0010970),1/20,0.182171186958547,0.3012984151115706,0,0,5.231684739486909,8.908556962758436,BAG3
GO_Biological_Process_2023,Positive Regulation Of Protein Processing (GO:0010954),1/20,0.182171186958547,0.3012984151115706,0,0,5.231684739486909,8.908556962758436,GSN
GO_Biological_Process_2023,Long-Term Memory (GO:0007616),1/20,0.182171186958547,0.3012984151115706,0,0,5.231684739486909,8.908556962758436,PRNP
GO_Biological_Process_2023,protein-DNA Complex Disassembly (GO:0032986),1/20,0.182171186958547,0.3012984151115706,0,0,5.231684739486909,8.908556962758436,MYC
GO_Biological_Process_2023,Regulation Of Calcium Ion Import (GO:0090279),1/20,0.182171186958547,0.3012984151115706,0,0,5.231684739486909,8.908556962758436,CXCL12
GO_Biological_Process_2023,Regulation Of Calcium Ion Transmembrane Transport (GO:1903169),1/20,0.182171186958547,0.3012984151115706,0,0,5.231684739486909,8.908556962758436,PRNP
GO_Biological_Process_2023,Negative Regulation Of Cytokine Production Involved In Inflammatory Response (GO:1900016),1/20,0.182171186958547,0.3012984151115706,0,0,5.231684739486909,8.908556962758436,ZC3H12A
GO_Biological_Process_2023,Defense Response To Symbiont (GO:0140546),3/148,0.1849990407589495,0.3056418176115688,0,0,2.0642394538771223,3.483207230487368,IFITM1;IFI27;PMAIP1
GO_Biological_Process_2023,Cellular Response To UV (GO:0034644),2/79,0.1870767274857147,0.3080665675444106,0,0,2.5873015873015874,4.336929198982091,CDKN1A;MYC
GO_Biological_Process_2023,Positive Regulation Of Catabolic Process (GO:0009896),2/79,0.1870767274857147,0.3080665675444106,0,0,2.5873015873015874,4.336929198982091,TIPARP;EZR
GO_Biological_Process_2023,Positive Regulation Of Cytoskeleton Organization (GO:0051495),2/79,0.1870767274857147,0.3080665675444106,0,0,2.5873015873015874,4.336929198982091,GSN;CCL27
GO_Biological_Process_2023,Negative Regulation Of DNA-binding Transcription Factor Activity (GO:0043433),3/149,0.187511062593512,0.3084465361880247,0,0,2.049996523190321,3.4315249214751327,NFKBIA;PRNP;ZC3H12A
GO_Biological_Process_2023,Regulation Of Membrane Protein Ectodomain Proteolysis (GO:0051043),1/21,0.1903576498347592,0.3114382715979053,0,0,4.969849246231155,8.244237447277422,APOE
GO_Biological_Process_2023,Regulation Of Steroid Metabolic Process (GO:0019218),1/21,0.1903576498347592,0.3114382715979053,0,0,4.969849246231155,8.244237447277422,APOE
GO_Biological_Process_2023,Skin Epidermis Development (GO:0098773),1/21,0.1903576498347592,0.3114382715979053,0,0,4.969849246231155,8.244237447277422,SFN
GO_Biological_Process_2023,Positive Regulation Of Granulocyte Chemotaxis (GO:0071624),1/21,0.1903576498347592,0.3114382715979053,0,0,4.969849246231155,8.244237447277422,S100A14
GO_Biological_Process_2023,Regulation Of Anoikis (GO:2000209),1/21,0.1903576498347592,0.3114382715979053,0,0,4.969849246231155,8.244237447277422,MCL1
GO_Biological_Process_2023,Regulation Of Organelle Assembly (GO:1902115),2/80,0.1906887482391839,0.3116434234976953,0,0,2.554001554001554,4.232268591096898,GSN;EZR
GO_Biological_Process_2023,Regulation Of Cell Growth (GO:0001558),4/227,0.1929810820578198,0.3150499346094796,0,0,1.7916170952686008,2.9475023618900345,CDKN1A;BTG1;HSPA1B;HSPA1A
GO_Biological_Process_2023,Cellular Response To Interleukin-1 (GO:0071347),2/81,0.1943101337404015,0.3165374759319445,0,0,2.521544559519243,4.131045868969444,EGR1;ZC3H12A
GO_Biological_Process_2023,Negative Regulation Of NF-kappaB Transcription Factor Activity (GO:0032088),2/81,0.1943101337404015,0.3165374759319445,0,0,2.521544559519243,4.131045868969444,NFKBIA;ZC3H12A
GO_Biological_Process_2023,Cellular Response To Lipid (GO:0071396),4/228,0.1950111991581914,0.3173383101231579,0,0,1.783527696793003,2.9155296769838297,ZFP36;ZC3H12A;HSPA1B;HSPA1A
GO_Biological_Process_2023,Positive Regulation Of Nucleic Acid-Templated Transcription (GO:1903508),8/557,0.1957446115057608,0.3181900069004588,0,0,1.4610655737704918,2.3829168206524005,COL1A1;EGR1;CEBPB;MYC;TAF7;APOE;FOS;IRF6
GO_Biological_Process_2023,Regulation Of Phosphorylation (GO:0042325),2/82,0.1979403391192459,0.3198625494375268,0,0,2.48989898989899,4.033112516956104,CDKN1A;NOP53
GO_Biological_Process_2023,Negative Regulation Of Apoptotic Signaling Pathway (GO:2001234),2/82,0.1979403391192459,0.3198625494375268,0,0,2.48989898989899,4.033112516956104,SLC25A5;HSPA1A
GO_Biological_Process_2023,Blood Vessel Endothelial Cell Migration (GO:0043534),1/22,0.1984625719282345,0.3198625494375268,0,0,4.732950466618808,7.653913334056085,NR4A1
GO_Biological_Process_2023,Placenta Development (GO:0001890),1/22,0.1984625719282345,0.3198625494375268,0,0,4.732950466618808,7.653913334056085,PHLDA2
GO_Biological_Process_2023,Cytoskeleton-Dependent Intracellular Transport (GO:0030705),1/22,0.1984625719282345,0.3198625494375268,0,0,4.732950466618808,7.653913334056085,TUBB2A
GO_Biological_Process_2023,Positive Regulation Of Phosphatase Activity (GO:0010922),1/22,0.1984625719282345,0.3198625494375268,0,0,4.732950466618808,7.653913334056085,PPP1R15A
GO_Biological_Process_2023,Positive Regulation Of Protein Autophosphorylation (GO:0031954),1/22,0.1984625719282345,0.3198625494375268,0,0,4.732950466618808,7.653913334056085,GPNMB
GO_Biological_Process_2023,Modulation By Host Of Viral Process (GO:0044788),1/22,0.1984625719282345,0.3198625494375268,0,0,4.732950466618808,7.653913334056085,IFI27
GO_Biological_Process_2023,Negative Regulation Of Multicellular Organismal Process (GO:0051241),4/231,0.2011412103951675,0.3238352112100732,0,0,1.7596871347658003,2.822094860805404,RGCC;GPNMB;ARHGDIB;TACSTD2
GO_Biological_Process_2023,Regulation Of Epithelial To Mesenchymal Transition (GO:0010717),2/83,0.2015788294152306,0.3238514597710227,0,0,2.4590347923681257,3.938328060173813,COL1A1;RGCC
GO_Biological_Process_2023,Regulation Of Cell Division (GO:0051302),2/83,0.2015788294152306,0.3238514597710227,0,0,2.4590347923681257,3.938328060173813,MYC;SFN
GO_Biological_Process_2023,Regulation Of Interleukin-1 Beta Production (GO:0032651),2/84,0.2052250792916977,0.327225359202558,0,0,2.4289233801428924,3.84655954231675,EGR1;ZC3H12A
GO_Biological_Process_2023,Purine Ribonucleotide Metabolic Process (GO:0009150),2/84,0.2052250792916977,0.327225359202558,0,0,2.4289233801428924,3.84655954231675,HSPA1B;HSPA1A
GO_Biological_Process_2023,Positive Regulation Of Developmental Process (GO:0051094),4/233,0.2052599533097722,0.327225359202558,0,0,1.7441404509402014,2.761808099658144,CEBPB;APOE;KRT10;DCN
GO_Biological_Process_2023,Regulation Of Cholesterol Metabolic Process (GO:0090181),1/23,0.2064867613185778,0.327225359202558,0,0,4.517587939698492,7.126580711797677,APOE
GO_Biological_Process_2023,Negative Regulation Of Lymphocyte Activation (GO:0051250),1/23,0.2064867613185778,0.327225359202558,0,0,4.517587939698492,7.126580711797677,GPNMB
GO_Biological_Process_2023,Negative Regulation Of Protein Depolymerization (GO:1901880),1/23,0.2064867613185778,0.327225359202558,0,0,4.517587939698492,7.126580711797677,LIMA1
GO_Biological_Process_2023,Regulation Of Interleukin-4 Production (GO:0032673),1/23,0.2064867613185778,0.327225359202558,0,0,4.517587939698492,7.126580711797677,CEBPB
GO_Biological_Process_2023,Cell-Cell Signaling By Wnt (GO:0198738),1/23,0.2064867613185778,0.327225359202558,0,0,4.517587939698492,7.126580711797677,CPE
GO_Biological_Process_2023,Cholesterol Efflux (GO:0033344),1/23,0.2064867613185778,0.327225359202558,0,0,4.517587939698492,7.126580711797677,APOE
GO_Biological_Process_2023,Positive Regulation Of Protein Targeting To Membrane (GO:0090314),1/23,0.2064867613185778,0.327225359202558,0,0,4.517587939698492,7.126580711797677,PRNP
GO_Biological_Process_2023,Long-Chain Fatty Acid Transport (GO:0015909),1/23,0.2064867613185778,0.327225359202558,0,0,4.517587939698492,7.126580711797677,APOE
GO_Biological_Process_2023,Regulation Of T Cell Migration (GO:2000404),1/23,0.2064867613185778,0.327225359202558,0,0,4.517587939698492,7.126580711797677,CXCL12
GO_Biological_Process_2023,Negative Regulation Of Actin Filament Polymerization (GO:0030837),1/23,0.2064867613185778,0.327225359202558,0,0,4.517587939698492,7.126580711797677,GSN
GO_Biological_Process_2023,Regulation Of Osteoblast Differentiation (GO:0045667),2/85,0.2088785730572049,0.3299802275095573,0,0,2.3995375441158573,3.7576810395091074,IFITM1;TENT5A
GO_Biological_Process_2023,Response To Interleukin-1 (GO:0070555),2/85,0.2088785730572049,0.3299802275095573,0,0,2.3995375441158573,3.7576810395091074,ANXA1;ZC3H12A
GO_Biological_Process_2023,Integrin-Mediated Signaling Pathway (GO:0007229),2/85,0.2088785730572049,0.3299802275095573,0,0,2.3995375441158573,3.7576810395091074,COL3A1;FBLN1
GO_Biological_Process_2023,Negative Regulation Of Binding (GO:0051100),2/86,0.2125388044387241,0.33319281292475,0,0,2.370851370851371,3.671573213687656,NFKBIA;CDKN1A
GO_Biological_Process_2023,Response To Lipopolysaccharide (GO:0032496),3/159,0.2130886861186362,0.33319281292475,0,0,1.9176103084732523,2.9647153446790657,ZFP36;ZC3H12A;S100A14
GO_Biological_Process_2023,Regulation Of Cytoplasmic Translation (GO:2000765),1/24,0.2144310182188985,0.33319281292475,0,0,4.320952589032117,6.653261007649563,PABPC1
GO_Biological_Process_2023,Regulation Of Execution Phase Of Apoptosis (GO:1900117),1/24,0.2144310182188985,0.33319281292475,0,0,4.320952589032117,6.653261007649563,ZC3H12A
GO_Biological_Process_2023,Regulation Of Heterotypic Cell-Cell Adhesion (GO:0034114),1/24,0.2144310182188985,0.33319281292475,0,0,4.320952589032117,6.653261007649563,CD44
GO_Biological_Process_2023,Acylglycerol Homeostasis (GO:0055090),1/24,0.2144310182188985,0.33319281292475,0,0,4.320952589032117,6.653261007649563,APOE
GO_Biological_Process_2023,Amyloid Fibril Formation (GO:1990000),1/24,0.2144310182188985,0.33319281292475,0,0,4.320952589032117,6.653261007649563,GSN
GO_Biological_Process_2023,Regulation Of Ruffle Assembly (GO:1900027),1/24,0.2144310182188985,0.33319281292475,0,0,4.320952589032117,6.653261007649563,TACSTD2
GO_Biological_Process_2023,Regulation Of Supramolecular Fiber Organization (GO:1902903),1/24,0.2144310182188985,0.33319281292475,0,0,4.320952589032117,6.653261007649563,APOE
GO_Biological_Process_2023,Fat-Soluble Vitamin Metabolic Process (GO:0006775),1/24,0.2144310182188985,0.33319281292475,0,0,4.320952589032117,6.653261007649563,CBR1
GO_Biological_Process_2023,Positive Regulation Of Lipid Metabolic Process (GO:0045834),1/24,0.2144310182188985,0.33319281292475,0,0,4.320952589032117,6.653261007649563,APOE
GO_Biological_Process_2023,Gliogenesis (GO:0042063),1/24,0.2144310182188985,0.33319281292475,0,0,4.320952589032117,6.653261007649563,ANXA1
GO_Biological_Process_2023,Positive Regulation Of p38MAPK Cascade (GO:1900745),1/24,0.2144310182188985,0.33319281292475,0,0,4.320952589032117,6.653261007649563,ZC3H12A
GO_Biological_Process_2023,Protein Kinase B Signaling (GO:0043491),1/24,0.2144310182188985,0.33319281292475,0,0,4.320952589032117,6.653261007649563,ZFP36L1
GO_Biological_Process_2023,Mononuclear Cell Differentiation (GO:1903131),1/24,0.2144310182188985,0.33319281292475,0,0,4.320952589032117,6.653261007649563,LY6D
GO_Biological_Process_2023,Regulation Of Actin Nucleation (GO:0051125),1/24,0.2144310182188985,0.33319281292475,0,0,4.320952589032117,6.653261007649563,GSN
GO_Biological_Process_2023,Regulation Of Type II Interferon Production (GO:0032649),2/87,0.2162052764803214,0.3356055265037777,0,0,2.342840166369578,3.588122897733772,PRNP;ZC3H12A
GO_Biological_Process_2023,Negative Regulation Of Neuron Death (GO:1901215),2/88,0.2198775013707891,0.339837178900352,0,0,2.315480385247827,3.5072227118932733,GPNMB;APOE
GO_Biological_Process_2023,Cellular Response To Oxygen-Containing Compound (GO:1901701),6/406,0.2220004963513989,0.339837178900352,0,0,1.5,2.2576134919428674,EGR1;ZFP36;ZC3H12A;FOS;EZR;ZFP36L1
GO_Biological_Process_2023,Negative Regulation Of Protein Transport (GO:0051224),1/25,0.2222961348450487,0.339837178900352,0,0,4.14070351758794,6.226561570384656,APOE
GO_Biological_Process_2023,Negative Regulation Of Proteolysis Involved In Protein Catabolic Process (GO:1903051),1/25,0.2222961348450487,0.339837178900352,0,0,4.14070351758794,6.226561570384656,RPL11
GO_Biological_Process_2023,Negative Regulation Of Response To Endoplasmic Reticulum Stress (GO:1903573),1/25,0.2222961348450487,0.339837178900352,0,0,4.14070351758794,6.226561570384656,HSPA1A
GO_Biological_Process_2023,Negative Regulation Of Stress Fiber Assembly (GO:0051497),1/25,0.2222961348450487,0.339837178900352,0,0,4.14070351758794,6.226561570384656,TACSTD2
GO_Biological_Process_2023,Regulation Of Myelination (GO:0031641),1/25,0.2222961348450487,0.339837178900352,0,0,4.14070351758794,6.226561570384656,TYMP
GO_Biological_Process_2023,Regulation Of Protein Processing (GO:0070613),1/25,0.2222961348450487,0.339837178900352,0,0,4.14070351758794,6.226561570384656,PRNP
GO_Biological_Process_2023,Peptide Hormone Secretion (GO:0030072),1/25,0.2222961348450487,0.339837178900352,0,0,4.14070351758794,6.226561570384656,ANXA1
GO_Biological_Process_2023,Positive Regulation Of T Cell Migration (GO:2000406),1/25,0.2222961348450487,0.339837178900352,0,0,4.14070351758794,6.226561570384656,CXCL12
GO_Biological_Process_2023,Ventricular Cardiac Muscle Tissue Development (GO:0003229),1/25,0.2222961348450487,0.339837178900352,0,0,4.14070351758794,6.226561570384656,HOPX
GO_Biological_Process_2023,"Wound Healing, Spreading Of Cells (GO:0044319)",1/25,0.2222961348450487,0.339837178900352,0,0,4.14070351758794,6.226561570384656,CD44
GO_Biological_Process_2023,Regulation Of Biomineral Tissue Development (GO:0070167),1/25,0.2222961348450487,0.339837178900352,0,0,4.14070351758794,6.226561570384656,CEBPB
GO_Biological_Process_2023,Regulation Of Cell Cycle Phase Transition (GO:1901987),1/25,0.2222961348450487,0.339837178900352,0,0,4.14070351758794,6.226561570384656,CDKN1A
GO_Biological_Process_2023,Regulation Of Cell Size (GO:0008361),1/25,0.2222961348450487,0.339837178900352,0,0,4.14070351758794,6.226561570384656,EZR
GO_Biological_Process_2023,Cellular Response To Peptide Hormone Stimulus (GO:0071375),2/89,0.2235550003741977,0.3414171628698685,0,0,2.2887495646116336,3.428770706989903,NR4A1;ZFP36L1
GO_Biological_Process_2023,Regulation Of Peptidyl-Tyrosine Phosphorylation (GO:0050730),2/90,0.2272373036176318,0.3454663895202422,0,0,2.2626262626262625,3.352670034774279,PRNP;CD44
GO_Biological_Process_2023,Regulation Of Phosphatidylinositol 3-Kinase Signaling (GO:0014066),2/90,0.2272373036176318,0.3454663895202422,0,0,2.2626262626262625,3.352670034774279,NOP53;DCN
GO_Biological_Process_2023,Negative Regulation Of Interleukin-1 Beta Production (GO:0032691),1/26,0.2300828957266827,0.3454663895202422,0,0,3.974874371859297,5.840344997302112,ZC3H12A
GO_Biological_Process_2023,Regulation Of Epidermal Growth Factor-Activated Receptor Activity (GO:0007176),1/26,0.2300828957266827,0.3454663895202422,0,0,3.974874371859297,5.840344997302112,AREG
GO_Biological_Process_2023,L-amino Acid Transport (GO:0015807),1/26,0.2300828957266827,0.3454663895202422,0,0,3.974874371859297,5.840344997302112,SLC3A2
GO_Biological_Process_2023,Acute Inflammatory Response (GO:0002526),1/26,0.2300828957266827,0.3454663895202422,0,0,3.974874371859297,5.840344997302112,CEBPB
GO_Biological_Process_2023,Nucleic Acid Phosphodiester Bond Hydrolysis (GO:0090305),1/26,0.2300828957266827,0.3454663895202422,0,0,3.974874371859297,5.840344997302112,ZC3H12A
GO_Biological_Process_2023,Organelle Fusion (GO:0048284),1/26,0.2300828957266827,0.3454663895202422,0,0,3.974874371859297,5.840344997302112,MCL1
GO_Biological_Process_2023,Organelle Membrane Fusion (GO:0090174),1/26,0.2300828957266827,0.3454663895202422,0,0,3.974874371859297,5.840344997302112,VAMP8
GO_Biological_Process_2023,Plasma Membrane Invagination (GO:0099024),1/26,0.2300828957266827,0.3454663895202422,0,0,3.974874371859297,5.840344997302112,GSN
GO_Biological_Process_2023,Regulation Of Transcription By RNA Polymerase III (GO:0006359),1/26,0.2300828957266827,0.3454663895202422,0,0,3.974874371859297,5.840344997302112,ZFP36L2
GO_Biological_Process_2023,Cellular Response To Xenobiotic Stimulus (GO:0071466),1/26,0.2300828957266827,0.3454663895202422,0,0,3.974874371859297,5.840344997302112,MYC
GO_Biological_Process_2023,Dendritic Spine Organization (GO:0097061),1/26,0.2300828957266827,0.3454663895202422,0,0,3.974874371859297,5.840344997302112,PRNP
GO_Biological_Process_2023,Positive Regulation Of Monooxygenase Activity (GO:0032770),1/26,0.2300828957266827,0.3454663895202422,0,0,3.974874371859297,5.840344997302112,APOE
GO_Biological_Process_2023,Positive Regulation Of Nuclear Division (GO:0051785),1/26,0.2300828957266827,0.3454663895202422,0,0,3.974874371859297,5.840344997302112,RGCC
GO_Biological_Process_2023,miRNA-mediated Gene Silencing (GO:0035195),1/26,0.2300828957266827,0.3454663895202422,0,0,3.974874371859297,5.840344997302112,ZFP36
GO_Biological_Process_2023,Mitotic G1 DNA Damage Checkpoint Signaling (GO:0031571),1/26,0.2300828957266827,0.3454663895202422,0,0,3.974874371859297,5.840344997302112,CDKN1A
GO_Biological_Process_2023,Positive Regulation Of Binding (GO:0051099),2/91,0.2309239500321694,0.3457013678841271,0,0,2.237090001134945,3.2788286401533377,RPL11;APOE
GO_Biological_Process_2023,Lymphocyte Differentiation (GO:0030098),2/91,0.2309239500321694,0.3457013678841271,0,0,2.237090001134945,3.2788286401533377,LY6D;SLC25A5
GO_Biological_Process_2023,Regulation Of Actin Cytoskeleton Organization (GO:0032956),2/91,0.2309239500321694,0.3457013678841271,0,0,2.237090001134945,3.2788286401533377,ARHGDIB;EZR
GO_Biological_Process_2023,Protein-Containing Complex Assembly (GO:0065003),5/328,0.2320038076276336,0.3469750923552467,0,0,1.5461617845518774,2.25894467914792,VAMP8;CXCL12;ZC3H12A;HOPX;HSPA1A
GO_Biological_Process_2023,Amino Acid Import Across Plasma Membrane (GO:0089718),1/27,0.2377920775242915,0.3507838339331078,0,0,3.821801314263626,5.489477227235043,SLC3A2
GO_Biological_Process_2023,Regulation Of Mitochondrial Fission (GO:0090140),1/27,0.2377920775242915,0.3507838339331078,0,0,3.821801314263626,5.489477227235043,DCN
GO_Biological_Process_2023,Regulation Of Peptidase Activity (GO:0052547),1/27,0.2377920775242915,0.3507838339331078,0,0,3.821801314263626,5.489477227235043,CSTA
GO_Biological_Process_2023,Cell Surface Receptor Signaling Pathway Involved In Cell-Cell Signaling (GO:1905114),1/27,0.2377920775242915,0.3507838339331078,0,0,3.821801314263626,5.489477227235043,CPE
GO_Biological_Process_2023,Clathrin-Dependent Endocytosis (GO:0072583),1/27,0.2377920775242915,0.3507838339331078,0,0,3.821801314263626,5.489477227235043,CLTB
GO_Biological_Process_2023,Cortical Cytoskeleton Organization (GO:0030865),1/27,0.2377920775242915,0.3507838339331078,0,0,3.821801314263626,5.489477227235043,EZR
GO_Biological_Process_2023,Positive Regulation Of Immune System Process (GO:0002684),1/27,0.2377920775242915,0.3507838339331078,0,0,3.821801314263626,5.489477227235043,AQP3
GO_Biological_Process_2023,Positive Regulation Of Response To Wounding (GO:1903036),1/27,0.2377920775242915,0.3507838339331078,0,0,3.821801314263626,5.489477227235043,ANXA1
GO_Biological_Process_2023,Microtubule Polymerization Or Depolymerization (GO:0031109),1/27,0.2377920775242915,0.3507838339331078,0,0,3.821801314263626,5.489477227235043,TPPP3
GO_Biological_Process_2023,Monoubiquitinated Histone H2A Deubiquitination (GO:0035522),1/27,0.2377920775242915,0.3507838339331078,0,0,3.821801314263626,5.489477227235043,TAF7
GO_Biological_Process_2023,Monoubiquitinated Histone Deubiquitination (GO:0035521),1/27,0.2377920775242915,0.3507838339331078,0,0,3.821801314263626,5.489477227235043,TAF7
GO_Biological_Process_2023,Myeloid Cell Development (GO:0061515),1/27,0.2377920775242915,0.3507838339331078,0,0,3.821801314263626,5.489477227235043,CEBPB
GO_Biological_Process_2023,Negative Regulation Of NIK/NF-kappaB Signaling (GO:1901223),1/27,0.2377920775242915,0.3507838339331078,0,0,3.821801314263626,5.489477227235043,ZC3H12A
GO_Biological_Process_2023,Regulation Of Actin Polymerization Or Depolymerization (GO:0008064),1/27,0.2377920775242915,0.3507838339331078,0,0,3.821801314263626,5.489477227235043,CXCL12
GO_Biological_Process_2023,Positive Regulation Of Cellular Component Biogenesis (GO:0044089),2/93,0.2383084712706434,0.3512036322714249,0,0,2.187701187701188,3.1375777372613727,RGCC;SDC1
GO_Biological_Process_2023,Regulation Of Glucose Metabolic Process (GO:0010906),1/28,0.2454244493195781,0.3561475485815716,0,0,3.680067001675042,5.169633447658624,PMAIP1
GO_Biological_Process_2023,RNA Phosphodiester Bond Hydrolysis (GO:0090501),1/28,0.2454244493195781,0.3561475485815716,0,0,3.680067001675042,5.169633447658624,ZC3H12A
GO_Biological_Process_2023,Regulation Of Lipid Biosynthetic Process (GO:0046890),1/28,0.2454244493195781,0.3561475485815716,0,0,3.680067001675042,5.169633447658624,APOE
GO_Biological_Process_2023,Negative Regulation Of Wound Healing (GO:0061045),1/28,0.2454244493195781,0.3561475485815716,0,0,3.680067001675042,5.169633447658624,APOE
GO_Biological_Process_2023,Apoptotic Cell Clearance (GO:0043277),1/28,0.2454244493195781,0.3561475485815716,0,0,3.680067001675042,5.169633447658624,ANXA1
GO_Biological_Process_2023,Regulation Of Nitric-Oxide Synthase Activity (GO:0050999),1/28,0.2454244493195781,0.3561475485815716,0,0,3.680067001675042,5.169633447658624,APOE
GO_Biological_Process_2023,Regulation Of Protein Targeting To Membrane (GO:0090313),1/28,0.2454244493195781,0.3561475485815716,0,0,3.680067001675042,5.169633447658624,PRNP
GO_Biological_Process_2023,Regulation Of Protein Transport (GO:0051223),1/28,0.2454244493195781,0.3561475485815716,0,0,3.680067001675042,5.169633447658624,DNAJA1
GO_Biological_Process_2023,Cellular Response To Osmotic Stress (GO:0071470),1/28,0.2454244493195781,0.3561475485815716,0,0,3.680067001675042,5.169633447658624,ZFP36L1
GO_Biological_Process_2023,Positive Regulation Of Defense Response To Virus By Host (GO:0002230),1/28,0.2454244493195781,0.3561475485815716,0,0,3.680067001675042,5.169633447658624,ZC3H12A
GO_Biological_Process_2023,Establishment Of Endothelial Barrier (GO:0061028),1/28,0.2454244493195781,0.3561475485815716,0,0,3.680067001675042,5.169633447658624,EZR
GO_Biological_Process_2023,Transcription By RNA Polymerase III (GO:0006383),1/28,0.2454244493195781,0.3561475485815716,0,0,3.680067001675042,5.169633447658624,ZFP36L1
GO_Biological_Process_2023,Positive Regulation Of Protein Import Into Nucleus (GO:0042307),1/28,0.2454244493195781,0.3561475485815716,0,0,3.680067001675042,5.169633447658624,ZC3H12A
GO_Biological_Process_2023,Pyroptosis (GO:0070269),1/28,0.2454244493195781,0.3561475485815716,0,0,3.680067001675042,5.169633447658624,IFI27
GO_Biological_Process_2023,Negative Regulation Of Actin Filament Bundle Assembly (GO:0032232),1/28,0.2454244493195781,0.3561475485815716,0,0,3.680067001675042,5.169633447658624,TACSTD2
GO_Biological_Process_2023,Negative Regulation Of Cytoskeleton Organization (GO:0051494),1/28,0.2454244493195781,0.3561475485815716,0,0,3.680067001675042,5.169633447658624,LIMA1
GO_Biological_Process_2023,Cell Junction Assembly (GO:0034329),2/95,0.2457050463032076,0.3562135360280953,0,0,2.140436624307592,3.004367063071291,DSG1;PKP3
GO_Biological_Process_2023,Positive Regulation Of Supramolecular Fiber Organization (GO:1902905),2/96,0.2494067909928498,0.3603967002974502,0,0,2.117558564367075,2.9405900871231445,GSN;APOE
GO_Biological_Process_2023,Regulation Of Developmental Growth (GO:0048638),1/29,0.252980772589684,0.3603967002974502,0,0,3.548456568557071,4.877147000705543,APOE
GO_Biological_Process_2023,Negative Regulation Of Plasma Membrane Bounded Cell Projection Assembly (GO:0120033),1/29,0.252980772589684,0.3603967002974502,0,0,3.548456568557071,4.877147000705543,TACSTD2
GO_Biological_Process_2023,TOR Signaling (GO:0031929),1/29,0.252980772589684,0.3603967002974502,0,0,3.548456568557071,4.877147000705543,RPS6
GO_Biological_Process_2023,Regulation Of Muscle Contraction (GO:0006937),1/29,0.252980772589684,0.3603967002974502,0,0,3.548456568557071,4.877147000705543,MYL9
GO_Biological_Process_2023,Regulation Of Neuron Migration (GO:2001222),1/29,0.252980772589684,0.3603967002974502,0,0,3.548456568557071,4.877147000705543,COL3A1
GO_Biological_Process_2023,Peptidyl-Tyrosine Dephosphorylation (GO:0035335),1/29,0.252980772589684,0.3603967002974502,0,0,3.548456568557071,4.877147000705543,DUSP1
GO_Biological_Process_2023,Response To Interferon-Beta (GO:0035456),1/29,0.252980772589684,0.3603967002974502,0,0,3.548456568557071,4.877147000705543,IFITM1
GO_Biological_Process_2023,Positive Regulation Of Calcium Ion Transport (GO:0051928),1/29,0.252980772589684,0.3603967002974502,0,0,3.548456568557071,4.877147000705543,CXCL12
GO_Biological_Process_2023,Glycolytic Process (GO:0006096),1/29,0.252980772589684,0.3603967002974502,0,0,3.548456568557071,4.877147000705543,LDHA
GO_Biological_Process_2023,Positive Regulation Of Viral Genome Replication (GO:0045070),1/29,0.252980772589684,0.3603967002974502,0,0,3.548456568557071,4.877147000705543,PABPC1
GO_Biological_Process_2023,Lipid Droplet Organization (GO:0034389),1/29,0.252980772589684,0.3603967002974502,0,0,3.548456568557071,4.877147000705543,LDAF1
GO_Biological_Process_2023,Maintenance Of Blood-Brain Barrier (GO:0035633),1/29,0.252980772589684,0.3603967002974502,0,0,3.548456568557071,4.877147000705543,ACTG1
GO_Biological_Process_2023,Morphogenesis Of An Epithelium (GO:0002009),1/29,0.252980772589684,0.3603967002974502,0,0,3.548456568557071,4.877147000705543,ACTG1
GO_Biological_Process_2023,Negative Regulation Of DNA Binding (GO:0043392),1/29,0.252980772589684,0.3603967002974502,0,0,3.548456568557071,4.877147000705543,NFKBIA
GO_Biological_Process_2023,Regulation Of Blood Coagulation (GO:0030193),1/29,0.252980772589684,0.3603967002974502,0,0,3.548456568557071,4.877147000705543,APOE
GO_Biological_Process_2023,Regulation Of Defense Response (GO:0031347),2/97,0.253110289845866,0.3603967002974502,0,0,2.095162147793727,2.878606039624586,ANXA1;APOE
GO_Biological_Process_2023,Regulation Of Protein Localization (GO:0032880),2/97,0.253110289845866,0.3603967002974502,0,0,2.095162147793727,2.878606039624586,RSL1D1;KRT5
GO_Biological_Process_2023,Monocarboxylic Acid Metabolic Process (GO:0032787),2/97,0.253110289845866,0.3603967002974502,0,0,2.095162147793727,2.878606039624586,LDHB;LDHA
GO_Biological_Process_2023,Cytokine-Mediated Signaling Pathway (GO:0019221),4/257,0.2563907878121945,0.364724923507488,0,0,1.5767524401064774,2.1460428245515204,NFKBIA;EGR1;CXCL12;PLP2
GO_Biological_Process_2023,Negative Regulation Of Interleukin-1 Production (GO:0032692),1/30,0.2604618012849767,0.3684403631622219,0,0,3.425922717033443,4.608890626901229,ZC3H12A
GO_Biological_Process_2023,Negative Regulation Of Myeloid Leukocyte Differentiation (GO:0002762),1/30,0.2604618012849767,0.3684403631622219,0,0,3.425922717033443,4.608890626901229,MYC
GO_Biological_Process_2023,Regulation Of Macrophage Derived Foam Cell Differentiation (GO:0010743),1/30,0.2604618012849767,0.3684403631622219,0,0,3.425922717033443,4.608890626901229,NFKBIA
GO_Biological_Process_2023,"Phagocytosis, Engulfment (GO:0006911)",1/30,0.2604618012849767,0.3684403631622219,0,0,3.425922717033443,4.608890626901229,GSN
GO_Biological_Process_2023,Embryonic Skeletal System Morphogenesis (GO:0048704),1/30,0.2604618012849767,0.3684403631622219,0,0,3.425922717033443,4.608890626901229,EIF4A3
GO_Biological_Process_2023,Regulation Of Cell Migration Involved In Sprouting Angiogenesis (GO:0090049),1/30,0.2604618012849767,0.3684403631622219,0,0,3.425922717033443,4.608890626901229,ANXA1
GO_Biological_Process_2023,Cellular Component Assembly (GO:0022607),4/260,0.2629656071255029,0.3716351630551651,0,0,1.5580357142857142,2.0811182023786787,LIMA1;GSN;KRT14;EZR
GO_Biological_Process_2023,Positive Regulation Of ERK1 And ERK2 Cascade (GO:0070374),3/179,0.2661480554142297,0.3730880786649135,0,0,1.6979695431472082,2.247606572898238,GPNMB;APOE;CD44
GO_Biological_Process_2023,Negative Regulation Of Developmental Growth (GO:0048640),1/31,0.2678682819607093,0.3730880786649135,0,0,3.3115577889447234,4.362182296847866,CDKN1A
GO_Biological_Process_2023,Regulation Of Dendrite Morphogenesis (GO:0048814),1/31,0.2678682819607093,0.3730880786649135,0,0,3.3115577889447234,4.362182296847866,SDC2
GO_Biological_Process_2023,Regulation Of Extrinsic Apoptotic Signaling Pathway Via Death Domain Receptors (GO:1902041),1/31,0.2678682819607093,0.3730880786649135,0,0,3.3115577889447234,4.362182296847866,PMAIP1
GO_Biological_Process_2023,Actin Filament Polymerization (GO:0030041),1/31,0.2678682819607093,0.3730880786649135,0,0,3.3115577889447234,4.362182296847866,GSN
GO_Biological_Process_2023,Regulation Of Long-Term Synaptic Potentiation (GO:1900271),1/31,0.2678682819607093,0.3730880786649135,0,0,3.3115577889447234,4.362182296847866,APOE
GO_Biological_Process_2023,Regulation Of Macrophage Activation (GO:0043030),1/31,0.2678682819607093,0.3730880786649135,0,0,3.3115577889447234,4.362182296847866,ZC3H12A
GO_Biological_Process_2023,Regulation Of Protein Autophosphorylation (GO:0031952),1/31,0.2678682819607093,0.3730880786649135,0,0,3.3115577889447234,4.362182296847866,GPNMB
GO_Biological_Process_2023,Positive Regulation Of Rho Protein Signal Transduction (GO:0035025),1/31,0.2678682819607093,0.3730880786649135,0,0,3.3115577889447234,4.362182296847866,COL3A1
GO_Biological_Process_2023,Endodermal Cell Differentiation (GO:0035987),1/31,0.2678682819607093,0.3730880786649135,0,0,3.3115577889447234,4.362182296847866,COL6A1
GO_Biological_Process_2023,Positive Regulation Of Extrinsic Apoptotic Signaling Pathway (GO:2001238),1/31,0.2678682819607093,0.3730880786649135,0,0,3.3115577889447234,4.362182296847866,PMAIP1
GO_Biological_Process_2023,Triglyceride Homeostasis (GO:0070328),1/31,0.2678682819607093,0.3730880786649135,0,0,3.3115577889447234,4.362182296847866,APOE
GO_Biological_Process_2023,Leukocyte Cell-Cell Adhesion (GO:0007159),1/31,0.2678682819607093,0.3730880786649135,0,0,3.3115577889447234,4.362182296847866,EZR
GO_Biological_Process_2023,Negative Regulation Of DNA Biosynthetic Process (GO:2000279),1/31,0.2678682819607093,0.3730880786649135,0,0,3.3115577889447234,4.362182296847866,CDKN1A
GO_Biological_Process_2023,Regulation Of Cell Morphogenesis (GO:0022604),1/31,0.2678682819607093,0.3730880786649135,0,0,3.3115577889447234,4.362182296847866,CD44
GO_Biological_Process_2023,Hemopoiesis (GO:0030097),2/101,0.2679338809157927,0.3730880786649135,0,0,2.01010101010101,2.647333266062948,CEBPB;ZFP36L2
GO_Biological_Process_2023,Regulation Of Protein Secretion (GO:0050708),2/102,0.2716402584331571,0.3775550380974614,0,0,1.9898989898989896,2.593388923930461,APOE;EZR
GO_Biological_Process_2023,Protein Catabolic Process (GO:0030163),2/102,0.2716402584331571,0.3775550380974614,0,0,1.9898989898989896,2.593388923930461,PMAIP1;APOE
GO_Biological_Process_2023,Negative Regulation Of Fat Cell Differentiation (GO:0045599),1/32,0.2752009537742224,0.3814542039962917,0,0,3.204571243313341,4.1347099266061775,ZFP36L2
GO_Biological_Process_2023,Phosphatidylinositol 3-Kinase Signaling (GO:0014065),1/32,0.2752009537742224,0.3814542039962917,0,0,3.204571243313341,4.1347099266061775,ZFP36L1
GO_Biological_Process_2023,Muscle Cell Development (GO:0055001),1/32,0.2752009537742224,0.3814542039962917,0,0,3.204571243313341,4.1347099266061775,SDC1
GO_Biological_Process_2023,Positive Regulation Of Inflammatory Response (GO:0050729),2/104,0.2790510068326582,0.3860842697273765,0,0,1.95068330362448,2.4897754945672688,NFKBIA;VAMP8
GO_Biological_Process_2023,Positive Regulation Of Vasculature Development (GO:1904018),2/104,0.2790510068326582,0.3860842697273765,0,0,1.95068330362448,2.4897754945672688,BTG1;ZC3H12A
GO_Biological_Process_2023,Cardiac Muscle Contraction (GO:0060048),1/33,0.2824605485993796,0.3862163638339892,0,0,3.1042713567839195,3.9244707255325473,GSN
GO_Biological_Process_2023,Regulation Of Protein Polymerization (GO:0032271),1/33,0.2824605485993796,0.3862163638339892,0,0,3.1042713567839195,3.9244707255325473,TPPP3
GO_Biological_Process_2023,Positive Regulation Of RNA Metabolic Process (GO:0051254),1/33,0.2824605485993796,0.3862163638339892,0,0,3.1042713567839195,3.9244707255325473,HSPA1A
GO_Biological_Process_2023,Signal Transduction By P53 Class Mediator (GO:0072331),1/33,0.2824605485993796,0.3862163638339892,0,0,3.1042713567839195,3.9244707255325473,PMAIP1
GO_Biological_Process_2023,Positive Regulation Of Epidermal Growth Factor Receptor Signaling Pathway (GO:0045742),1/33,0.2824605485993796,0.3862163638339892,0,0,3.1042713567839195,3.9244707255325473,AREG
GO_Biological_Process_2023,Positive Regulation Of Nitrogen Compound Metabolic Process (GO:0051173),1/33,0.2824605485993796,0.3862163638339892,0,0,3.1042713567839195,3.9244707255325473,NFKBIA
GO_Biological_Process_2023,Positive Regulation Of Protein Dephosphorylation (GO:0035307),1/33,0.2824605485993796,0.3862163638339892,0,0,3.1042713567839195,3.9244707255325473,PPP1R15A
GO_Biological_Process_2023,Inositol Lipid-Mediated Signaling (GO:0048017),1/33,0.2824605485993796,0.3862163638339892,0,0,3.1042713567839195,3.9244707255325473,EZR
GO_Biological_Process_2023,Positive Regulation Of Telomerase Activity (GO:0051973),1/33,0.2824605485993796,0.3862163638339892,0,0,3.1042713567839195,3.9244707255325473,MYC
GO_Biological_Process_2023,Monoubiquitinated Protein Deubiquitination (GO:0035520),1/33,0.2824605485993796,0.3862163638339892,0,0,3.1042713567839195,3.9244707255325473,TAF7
GO_Biological_Process_2023,Regulation Of G0 To G1 Transition (GO:0070316),1/33,0.2824605485993796,0.3862163638339892,0,0,3.1042713567839195,3.9244707255325473,SOX15
GO_Biological_Process_2023,ncRNA Catabolic Process (GO:0034661),1/33,0.2824605485993796,0.3862163638339892,0,0,3.1042713567839195,3.9244707255325473,ZC3H12A
GO_Biological_Process_2023,Regulation Of Activated T Cell Proliferation (GO:0046006),1/33,0.2824605485993796,0.3862163638339892,0,0,3.1042713567839195,3.9244707255325473,PRNP
GO_Biological_Process_2023,Positive Regulation Of Cell Migration (GO:0030335),4/272,0.2895614748730244,0.3900511342846121,0,0,1.487359122753579,1.843414536888432,COL1A1;CXCL12;GPNMB;S100A11
GO_Biological_Process_2023,Negative Regulation Of Interleukin-6 Production (GO:0032715),1/34,0.2896477910754225,0.3900511342846121,0,0,3.010050251256281,3.7297219848476746,ZC3H12A
GO_Biological_Process_2023,Regulation Of Interleukin-17 Production (GO:0032660),1/34,0.2896477910754225,0.3900511342846121,0,0,3.010050251256281,3.7297219848476746,PRNP
GO_Biological_Process_2023,Regulation Of Neuronal Synaptic Plasticity (GO:0048168),1/34,0.2896477910754225,0.3900511342846121,0,0,3.010050251256281,3.7297219848476746,APOE
GO_Biological_Process_2023,Cellular Response To Amyloid-Beta (GO:1904646),1/34,0.2896477910754225,0.3900511342846121,0,0,3.010050251256281,3.7297219848476746,PRNP
GO_Biological_Process_2023,Cellular Response To Hydrogen Peroxide (GO:0070301),1/34,0.2896477910754225,0.3900511342846121,0,0,3.010050251256281,3.7297219848476746,ANXA1
GO_Biological_Process_2023,Cellular Response To Vascular Endothelial Growth Factor Stimulus (GO:0035924),1/34,0.2896477910754225,0.3900511342846121,0,0,3.010050251256281,3.7297219848476746,NR4A1
GO_Biological_Process_2023,Positive Regulation Of Carbohydrate Metabolic Process (GO:0045913),1/34,0.2896477910754225,0.3900511342846121,0,0,3.010050251256281,3.7297219848476746,PMAIP1
GO_Biological_Process_2023,Embryonic Skeletal System Development (GO:0048706),1/34,0.2896477910754225,0.3900511342846121,0,0,3.010050251256281,3.7297219848476746,COL1A1
GO_Biological_Process_2023,Superoxide Metabolic Process (GO:0006801),1/34,0.2896477910754225,0.3900511342846121,0,0,3.010050251256281,3.7297219848476746,SOD3
GO_Biological_Process_2023,Positive Regulation Of Neuron Death (GO:1901216),1/34,0.2896477910754225,0.3900511342846121,0,0,3.010050251256281,3.7297219848476746,PRNP
GO_Biological_Process_2023,Positive Regulation Of Organelle Organization (GO:0010638),1/34,0.2896477910754225,0.3900511342846121,0,0,3.010050251256281,3.7297219848476746,ANXA1
GO_Biological_Process_2023,Histone Deubiquitination (GO:0016578),1/34,0.2896477910754225,0.3900511342846121,0,0,3.010050251256281,3.7297219848476746,TAF7
GO_Biological_Process_2023,Microtubule Polymerization (GO:0046785),1/34,0.2896477910754225,0.3900511342846121,0,0,3.010050251256281,3.7297219848476746,TPPP3
GO_Biological_Process_2023,Negative Regulation Of JNK Cascade (GO:0046329),1/34,0.2896477910754225,0.3900511342846121,0,0,3.010050251256281,3.7297219848476746,DNAJA1
GO_Biological_Process_2023,Regulation Of Blood Circulation (GO:1903522),1/34,0.2896477910754225,0.3900511342846121,0,0,3.010050251256281,3.7297219848476746,FXYD1
GO_Biological_Process_2023,Regulation Of calcineurin-NFAT Signaling Cascade (GO:0070884),1/34,0.2896477910754225,0.3900511342846121,0,0,3.010050251256281,3.7297219848476746,PRNP
GO_Biological_Process_2023,Regulation Of Cellular Response To Stress (GO:0080135),2/107,0.290156850388619,0.3900511342846121,0,0,1.8946608946608947,2.344327659095108,DNAJB1;TAF7
GO_Biological_Process_2023,Positive Regulation Of Autophagy (GO:0010508),2/107,0.290156850388619,0.3900511342846121,0,0,1.8946608946608947,2.344327659095108,ZC3H12A;DCN
GO_Biological_Process_2023,Defense Response To Virus (GO:0051607),3/189,0.2932709854088831,0.3933478119960176,0,0,1.6058621254298346,1.969843996438265,IFITM1;IFI27;PMAIP1
GO_Biological_Process_2023,Positive Regulation Of DNA Metabolic Process (GO:0051054),2/108,0.2938547028204486,0.3933478119960176,0,0,1.8766914427291783,2.298327412458919,RGCC;MYC
GO_Biological_Process_2023,Lipid Transport (GO:0006869),2/108,0.2938547028204486,0.3933478119960176,0,0,1.8766914427291783,2.298327412458919,CRABP2;APOE
GO_Biological_Process_2023,Regulation Of Cellular Senescence (GO:2000772),1/35,0.2967633987534311,0.3933478119960176,0,0,2.9213715637008573,3.54894088012851,RSL1D1
GO_Biological_Process_2023,Regulation Of mRNA Processing (GO:0050684),1/35,0.2967633987534311,0.3933478119960176,0,0,2.9213715637008573,3.54894088012851,ZFP36L1
GO_Biological_Process_2023,Neutral Amino Acid Transport (GO:0015804),1/35,0.2967633987534311,0.3933478119960176,0,0,2.9213715637008573,3.54894088012851,SLC3A2
GO_Biological_Process_2023,One-Carbon Compound Transport (GO:0019755),1/35,0.2967633987534311,0.3933478119960176,0,0,2.9213715637008573,3.54894088012851,CA2
GO_Biological_Process_2023,Response To Exogenous dsRNA (GO:0043330),1/35,0.2967633987534311,0.3933478119960176,0,0,2.9213715637008573,3.54894088012851,SLC3A2
GO_Biological_Process_2023,Dendrite Morphogenesis (GO:0048813),1/35,0.2967633987534311,0.3933478119960176,0,0,2.9213715637008573,3.54894088012851,SDC2
GO_Biological_Process_2023,Positive Regulation Of Cell Development (GO:0010720),1/35,0.2967633987534311,0.3933478119960176,0,0,2.9213715637008573,3.54894088012851,SERPINF1
GO_Biological_Process_2023,Positive Regulation Of Mitotic Nuclear Division (GO:0045840),1/35,0.2967633987534311,0.3933478119960176,0,0,2.9213715637008573,3.54894088012851,RGCC
GO_Biological_Process_2023,Intrinsic Apoptotic Signaling Pathway By P53 Class Mediator (GO:0072332),1/35,0.2967633987534311,0.3933478119960176,0,0,2.9213715637008573,3.54894088012851,PMAIP1
GO_Biological_Process_2023,Liver Development (GO:0001889),1/35,0.2967633987534311,0.3933478119960176,0,0,2.9213715637008573,3.54894088012851,CEBPB
GO_Biological_Process_2023,Regulation Of G2/M Transition Of Mitotic Cell Cycle (GO:0010389),1/35,0.2967633987534311,0.3933478119960176,0,0,2.9213715637008573,3.54894088012851,CDKN1A
GO_Biological_Process_2023,Regulation Of Axon Extension (GO:0030516),1/35,0.2967633987534311,0.3933478119960176,0,0,2.9213715637008573,3.54894088012851,APOE
GO_Biological_Process_2023,Regulation Of Cardiac Muscle Contraction (GO:0055117),1/35,0.2967633987534311,0.3933478119960176,0,0,2.9213715637008573,3.54894088012851,ZC3H12A
GO_Biological_Process_2023,Cell-Matrix Adhesion (GO:0007160),2/109,0.2975499631159602,0.3937014795813797,0,0,1.8590578684036627,2.2534999856206213,COL3A1;CD44
GO_Biological_Process_2023,Cellular Response To Salt (GO:1902075),2/109,0.2975499631159602,0.3937014795813797,0,0,1.8590578684036627,2.2534999856206213,EGR1;ZC3H12A
GO_Biological_Process_2023,Protein Localization To Membrane (GO:0072657),3/192,0.3014492960908019,0.3985128128949083,0,0,1.580130529369108,1.8948189743642063,CPE;PKP3;EZR
GO_Biological_Process_2023,"DNA Damage Response, Signal Transduction By P53 Class Mediator (GO:0030330)",1/36,0.3038080819844295,0.3995392744847315,0,0,2.8377602297200286,3.380791434126185,CDKN1A
GO_Biological_Process_2023,Negative Regulation Of Protein Kinase B Signaling (GO:0051898),1/36,0.3038080819844295,0.3995392744847315,0,0,2.8377602297200286,3.380791434126185,NOP53
GO_Biological_Process_2023,Regulation Of Intracellular Protein Transport (GO:0033157),1/36,0.3038080819844295,0.3995392744847315,0,0,2.8377602297200286,3.380791434126185,IFI27
GO_Biological_Process_2023,Positive Regulation Of RNA Splicing (GO:0033120),1/36,0.3038080819844295,0.3995392744847315,0,0,2.8377602297200286,3.380791434126185,HSPA1A
GO_Biological_Process_2023,Histone H3 Acetylation (GO:0043966),1/36,0.3038080819844295,0.3995392744847315,0,0,2.8377602297200286,3.380791434126185,TAF7
GO_Biological_Process_2023,Positive Regulation Of Signaling Receptor Activity (GO:2000273),1/36,0.3038080819844295,0.3995392744847315,0,0,2.8377602297200286,3.380791434126185,AREG
GO_Biological_Process_2023,Regulation Of Cell Differentiation (GO:0045595),3/193,0.3041781989818723,0.3996790732502486,0,0,1.5717339032861342,1.870585852845177,CEBPB;HOPX;ZFP36L1
GO_Biological_Process_2023,Cytoskeleton Organization (GO:0007010),2/111,0.3049314473928455,0.400321614211578,0,0,1.8247613752200909,2.167211222684004,CNN2;APOE
GO_Biological_Process_2023,Calcium Ion Transport (GO:0006816),2/112,0.3086170575351828,0.4044592060257803,0,0,1.808080808080808,2.1256775548508937,SLC3A2;TPT1
GO_Biological_Process_2023,Regulation Of Protein Serine/Threonine Kinase Activity (GO:0071900),2/112,0.3086170575351828,0.4044592060257803,0,0,1.808080808080808,2.1256775548508937,CDKN1A;CCNI
GO_Biological_Process_2023,Regulation Of Defense Response To Virus By Host (GO:0050691),1/37,0.3107825442509396,0.4048457046777072,0,0,2.758793969849246,3.2240971983470845,ZC3H12A
GO_Biological_Process_2023,Negative Regulation Of Transferase Activity (GO:0051348),1/37,0.3107825442509396,0.4048457046777072,0,0,2.758793969849246,3.2240971983470845,ZFP36
GO_Biological_Process_2023,Regulation Of Ossification (GO:0030278),1/37,0.3107825442509396,0.4048457046777072,0,0,2.758793969849246,3.2240971983470845,TENT5A
GO_Biological_Process_2023,Regulation Of Phosphoprotein Phosphatase Activity (GO:0043666),1/37,0.3107825442509396,0.4048457046777072,0,0,2.758793969849246,3.2240971983470845,PPP1R15A
GO_Biological_Process_2023,Regulation Of Vascular Associated Smooth Muscle Cell Proliferation (GO:1904705),1/37,0.3107825442509396,0.4048457046777072,0,0,2.758793969849246,3.2240971983470845,CDKN1A
GO_Biological_Process_2023,Positive Regulation Of Exocytosis (GO:0045921),1/37,0.3107825442509396,0.4048457046777072,0,0,2.758793969849246,3.2240971983470845,SDC1
GO_Biological_Process_2023,Melanosome Organization (GO:0032438),1/37,0.3107825442509396,0.4048457046777072,0,0,2.758793969849246,3.2240971983470845,APOE
GO_Biological_Process_2023,Positive Regulation Of Cellular Component Organization (GO:0051130),2/113,0.3122988478346994,0.4064714385477402,0,0,1.7917007917007917,2.0851718925161022,PPP1R15A;APOE
GO_Biological_Process_2023,Regulation Of MAP Kinase Activity (GO:0043405),2/114,0.3159765270928876,0.4092657611852986,0,0,1.7756132756132756,2.045661592448686,DUSP1;APOE
GO_Biological_Process_2023,RNA 3'-End Processing (GO:0031123),1/38,0.3176874819497763,0.4092657611852986,0,0,2.684096156457965,3.07781854672427,HEXIM1
GO_Biological_Process_2023,Regulation Of Intracellular Transport (GO:0032386),1/38,0.3176874819497763,0.4092657611852986,0,0,2.684096156457965,3.07781854672427,CRYAB
GO_Biological_Process_2023,Negative Regulation Of Type I Interferon Production (GO:0032480),1/38,0.3176874819497763,0.4092657611852986,0,0,2.684096156457965,3.07781854672427,REL
GO_Biological_Process_2023,Calcium-Dependent Cell-Cell Adhesion Via Plasma Membrane Cell Adhesion Molecules (GO:0016339),1/38,0.3176874819497763,0.4092657611852986,0,0,2.684096156457965,3.07781854672427,DSG1
GO_Biological_Process_2023,Regulation Of Telomere Maintenance (GO:0032204),1/38,0.3176874819497763,0.4092657611852986,0,0,2.684096156457965,3.07781854672427,MYC
GO_Biological_Process_2023,Connective Tissue Development (GO:0061448),1/38,0.3176874819497763,0.4092657611852986,0,0,2.684096156457965,3.07781854672427,CD44
GO_Biological_Process_2023,Positive Regulation Of Bone Mineralization (GO:0030501),1/38,0.3176874819497763,0.4092657611852986,0,0,2.684096156457965,3.07781854672427,TENT5A
GO_Biological_Process_2023,Tumor Necrosis Factor-Mediated Signaling Pathway (GO:0033209),1/38,0.3176874819497763,0.4092657611852986,0,0,2.684096156457965,3.07781854672427,NFKBIA
GO_Biological_Process_2023,Positive Regulation Of Myoblast Differentiation (GO:0045663),1/38,0.3176874819497763,0.4092657611852986,0,0,2.684096156457965,3.07781854672427,BTG1
GO_Biological_Process_2023,mRNA Transcription By RNA Polymerase II (GO:0042789),1/38,0.3176874819497763,0.4092657611852986,0,0,2.684096156457965,3.07781854672427,TAF7
GO_Biological_Process_2023,Membrane Assembly (GO:0071709),1/38,0.3176874819497763,0.4092657611852986,0,0,2.684096156457965,3.07781854672427,DMKN
GO_Biological_Process_2023,DNA-templated Transcription (GO:0006351),3/199,0.3205706039021544,0.4126291120745659,0,0,1.5231534238060709,1.732819656735889,TAF7;ZFP36L2;ZFP36L1
GO_Biological_Process_2023,Negative Regulation Of Protein Secretion (GO:0050709),1/39,0.3245235847719431,0.414897241290712,0,0,2.6133298069293835,2.941033694945818,APOE
GO_Biological_Process_2023,Negative Regulation Of Transport (GO:0051051),1/39,0.3245235847719431,0.414897241290712,0,0,2.6133298069293835,2.941033694945818,CRYAB
GO_Biological_Process_2023,Regulation Of Mitochondrial Membrane Potential (GO:0051881),1/39,0.3245235847719431,0.414897241290712,0,0,2.6133298069293835,2.941033694945818,PMAIP1
GO_Biological_Process_2023,Regulation Of Nitric Oxide Biosynthetic Process (GO:0045428),1/39,0.3245235847719431,0.414897241290712,0,0,2.6133298069293835,2.941033694945818,ZC3H12A
GO_Biological_Process_2023,"Nuclear-Transcribed mRNA Catabolic Process, Deadenylation-Dependent Decay (GO:0000288)",1/39,0.3245235847719431,0.414897241290712,0,0,2.6133298069293835,2.941033694945818,ZFP36
GO_Biological_Process_2023,Regulation Of Protein Tyrosine Kinase Activity (GO:0061097),1/39,0.3245235847719431,0.414897241290712,0,0,2.6133298069293835,2.941033694945818,PRNP
GO_Biological_Process_2023,Positive Regulation Of ATP-dependent Activity (GO:0032781),1/39,0.3245235847719431,0.414897241290712,0,0,2.6133298069293835,2.941033694945818,DNAJB1
GO_Biological_Process_2023,Positive Regulation Of Lipid Biosynthetic Process (GO:0046889),1/39,0.3245235847719431,0.414897241290712,0,0,2.6133298069293835,2.941033694945818,APOE
GO_Biological_Process_2023,Organic Substance Transport (GO:0071702),3/201,0.326038502491712,0.4164825727444718,0,0,1.5076142131979695,1.68964324994727,SLC3A2;AQP3;TPT1
GO_Biological_Process_2023,Cellular Response To Molecule Of Bacterial Origin (GO:0071219),2/117,0.3269820795650746,0.4169847226776835,0,0,1.7290294246815987,1.932795390467605,ZFP36;ZC3H12A
GO_Biological_Process_2023,Protein Processing (GO:0016485),2/117,0.3269820795650746,0.4169847226776835,0,0,1.7290294246815987,1.932795390467605,C1R;CPE
GO_Biological_Process_2023,Regulation Of Protein Binding (GO:0043393),2/118,0.3306405252999629,0.4189538198596629,0,0,1.7140369209334727,1.8969649746192256,CDKN1A;RPL11
GO_Biological_Process_2023,Positive Regulation Of Cell Cycle Process (GO:0090068),2/118,0.3306405252999629,0.4189538198596629,0,0,1.7140369209334727,1.8969649746192256,RGCC;SOX15
GO_Biological_Process_2023,L-alpha-amino Acid Transmembrane Transport (GO:1902475),1/40,0.3312915354401823,0.4189538198596629,0,0,2.54619250096637,2.8129227654318845,SLC3A2
GO_Biological_Process_2023,Negative Regulation Of Protein Localization (GO:1903828),1/40,0.3312915354401823,0.4189538198596629,0,0,2.54619250096637,2.8129227654318845,BTF3
GO_Biological_Process_2023,Regulation Of Protein Dephosphorylation (GO:0035304),1/40,0.3312915354401823,0.4189538198596629,0,0,2.54619250096637,2.8129227654318845,PPP1R15A
GO_Biological_Process_2023,Regulation Of Small Molecule Metabolic Process (GO:0062012),1/40,0.3312915354401823,0.4189538198596629,0,0,2.54619250096637,2.8129227654318845,APOE
GO_Biological_Process_2023,Cyclic-Nucleotide-Mediated Signaling (GO:0019935),1/40,0.3312915354401823,0.4189538198596629,0,0,2.54619250096637,2.8129227654318845,APOE
GO_Biological_Process_2023,Establishment Or Maintenance Of Epithelial Cell Apical/Basal Polarity (GO:0045197),1/40,0.3312915354401823,0.4189538198596629,0,0,2.54619250096637,2.8129227654318845,EZR
GO_Biological_Process_2023,Positive Regulation Of Myeloid Leukocyte Differentiation (GO:0002763),1/40,0.3312915354401823,0.4189538198596629,0,0,2.54619250096637,2.8129227654318845,ZFP36L1
GO_Biological_Process_2023,Positive Regulation Of Wound Healing (GO:0090303),1/40,0.3312915354401823,0.4189538198596629,0,0,2.54619250096637,2.8129227654318845,ANXA1
GO_Biological_Process_2023,Positive Regulation Of Angiogenesis (GO:0045766),2/119,0.3342934948533607,0.4223975351983665,0,0,1.6993006993006994,1.8619848571697335,BTG1;ZC3H12A
GO_Biological_Process_2023,Regulation Of Chemokine Production (GO:0032642),1/41,0.3379920100397979,0.4242401783018176,0,0,2.4824120603015074,2.6927543377926204,EGR1
GO_Biological_Process_2023,Regulation Of Dendrite Development (GO:0050773),1/41,0.3379920100397979,0.4242401783018176,0,0,2.4824120603015074,2.6927543377926204,SDC2
GO_Biological_Process_2023,Acylglycerol Metabolic Process (GO:0006639),1/41,0.3379920100397979,0.4242401783018176,0,0,2.4824120603015074,2.6927543377926204,APOE
GO_Biological_Process_2023,Carbohydrate Catabolic Process (GO:0016052),1/41,0.3379920100397979,0.4242401783018176,0,0,2.4824120603015074,2.6927543377926204,LDHA
GO_Biological_Process_2023,Positive Regulation Of Ossification (GO:0045778),1/41,0.3379920100397979,0.4242401783018176,0,0,2.4824120603015074,2.6927543377926204,TENT5A
GO_Biological_Process_2023,Positive Regulation Of Viral Process (GO:0048524),1/41,0.3379920100397979,0.4242401783018176,0,0,2.4824120603015074,2.6927543377926204,PABPC1
GO_Biological_Process_2023,Lymphocyte Migration (GO:0072676),1/41,0.3379920100397979,0.4242401783018176,0,0,2.4824120603015074,2.6927543377926204,KLF5
GO_Biological_Process_2023,Regulation Of Amide Metabolic Process (GO:0034248),1/41,0.3379920100397979,0.4242401783018176,0,0,2.4824120603015074,2.6927543377926204,PKP3
GO_Biological_Process_2023,Negative Regulation Of Cell Differentiation (GO:0045596),3/207,0.3424378699290966,0.4294647127008124,0,0,1.4628247237981489,1.5676581152673636,NFKBIA;ZFP36L2;HOPX
GO_Biological_Process_2023,Regulation Of Osteoclast Differentiation (GO:0045670),1/42,0.344625677945044,0.4304269596757969,0,0,2.4217428606446867,2.579874053958348,CEBPB
GO_Biological_Process_2023,Branching Morphogenesis Of An Epithelial Tube (GO:0048754),1/42,0.344625677945044,0.4304269596757969,0,0,2.4217428606446867,2.579874053958348,MYC
GO_Biological_Process_2023,Cardiac Ventricle Morphogenesis (GO:0003208),1/42,0.344625677945044,0.4304269596757969,0,0,2.4217428606446867,2.579874053958348,CPE
GO_Biological_Process_2023,Regulation Of Ubiquitin-Dependent Protein Catabolic Process (GO:2000058),1/42,0.344625677945044,0.4304269596757969,0,0,2.4217428606446867,2.579874053958348,RPL11
GO_Biological_Process_2023,Negative Regulation Of I-kappaB kinase/NF-kappaB Signaling (GO:0043124),1/42,0.344625677945044,0.4304269596757969,0,0,2.4217428606446867,2.579874053958348,ZC3H12A
GO_Biological_Process_2023,Receptor-Mediated Endocytosis (GO:0006898),2/122,0.3452170182416795,0.4308103646096742,0,0,1.6565656565656566,1.7618934494773038,CLTB;APOE
GO_Biological_Process_2023,Regulation Of Intracellular Signal Transduction (GO:1902531),4/297,0.3459386493248436,0.4313555997754222,0,0,1.3587100369157905,1.4422623260219525,NFKBIA;RPL11;EZR;NOP53
GO_Biological_Process_2023,Regulation Of Chromosome Organization (GO:0033044),1/43,0.3511932019412653,0.4350430915298584,0,0,2.363962670495334,2.473694919601735,MYC
GO_Biological_Process_2023,Regulation Of Endothelial Cell Apoptotic Process (GO:2000351),1/43,0.3511932019412653,0.4350430915298584,0,0,2.363962670495334,2.473694919601735,RGCC
GO_Biological_Process_2023,Regulation Of Primary Metabolic Process (GO:0080090),1/43,0.3511932019412653,0.4350430915298584,0,0,2.363962670495334,2.473694919601735,APOE
GO_Biological_Process_2023,Response To Amyloid-Beta (GO:1904645),1/43,0.3511932019412653,0.4350430915298584,0,0,2.363962670495334,2.473694919601735,PRNP
GO_Biological_Process_2023,Positive Regulation Of Stress Fiber Assembly (GO:0051496),1/43,0.3511932019412653,0.4350430915298584,0,0,2.363962670495334,2.473694919601735,RGCC
GO_Biological_Process_2023,mRNA Transcription (GO:0009299),1/43,0.3511932019412653,0.4350430915298584,0,0,2.363962670495334,2.473694919601735,TAF7
GO_Biological_Process_2023,Regulation Of JUN Kinase Activity (GO:0043506),1/43,0.3511932019412653,0.4350430915298584,0,0,2.363962670495334,2.473694919601735,DNAJA1
GO_Biological_Process_2023,Regulation Of Cell-Cell Adhesion (GO:0022407),1/43,0.3511932019412653,0.4350430915298584,0,0,2.363962670495334,2.473694919601735,SPINT2
GO_Biological_Process_2023,Cellular Response To Lipopolysaccharide (GO:0071222),2/124,0.3524674479014492,0.4355531676759344,0,0,1.6292432521940718,1.698969987670421,ZFP36;ZC3H12A
GO_Biological_Process_2023,Protein Dephosphorylation (GO:0006470),2/124,0.3524674479014492,0.4355531676759344,0,0,1.6292432521940718,1.698969987670421,PPP1R15A;DUSP1
GO_Biological_Process_2023,Regulation Of DNA Metabolic Process (GO:0051052),2/124,0.3524674479014492,0.4355531676759344,0,0,1.6292432521940718,1.698969987670421,MYC;TAF7
GO_Biological_Process_2023,Regulation Of Mitotic Cell Cycle (GO:0007346),2/125,0.3560823858036039,0.4396616255032273,0,0,1.6159152500615914,1.668583024830908,BTG3;BTG1
GO_Biological_Process_2023,Autophagosome Maturation (GO:0097352),1/44,0.3576952382847675,0.4398606217544016,0,0,2.308869931050602,2.373689018141451,VAMP8
GO_Biological_Process_2023,Bone Development (GO:0060348),1/44,0.3576952382847675,0.4398606217544016,0,0,2.308869931050602,2.373689018141451,RPL13
GO_Biological_Process_2023,Extracellular Matrix Disassembly (GO:0022617),1/44,0.3576952382847675,0.4398606217544016,0,0,2.308869931050602,2.373689018141451,GSN
GO_Biological_Process_2023,Positive Regulation Of Leukocyte Cell-Cell Adhesion (GO:1903039),1/44,0.3576952382847675,0.4398606217544016,0,0,2.308869931050602,2.373689018141451,CD44
GO_Biological_Process_2023,Lymphocyte Chemotaxis (GO:0048247),1/44,0.3576952382847675,0.4398606217544016,0,0,2.308869931050602,2.373689018141451,KLF5
GO_Biological_Process_2023,mRNA Processing (GO:0006397),3/214,0.3615321644905319,0.444218352962819,0,0,1.4137897851661174,1.43839575902822,HEXIM1;EIF4A3;PABPC1
GO_Biological_Process_2023,Regulation Of Tumor Necrosis Factor Production (GO:0032680),2/127,0.3632905914777368,0.444887614166928,0,0,1.58989898989899,1.6098557795920132,ZFP36;ZC3H12A
GO_Biological_Process_2023,Regulation Of Cellular Metabolic Process (GO:0031323),1/45,0.3641324366778817,0.444887614166928,0,0,2.256281407035176,2.279380404926681,RSL1D1
GO_Biological_Process_2023,Regulation Of Protein Modification Process (GO:0031399),1/45,0.3641324366778817,0.444887614166928,0,0,2.256281407035176,2.279380404926681,NOP53
GO_Biological_Process_2023,Regulation Of Telomerase Activity (GO:0051972),1/45,0.3641324366778817,0.444887614166928,0,0,2.256281407035176,2.279380404926681,MYC
GO_Biological_Process_2023,Epidermal Growth Factor Receptor Signaling Pathway (GO:0007173),1/45,0.3641324366778817,0.444887614166928,0,0,2.256281407035176,2.279380404926681,AREG
GO_Biological_Process_2023,Establishment Of Protein Localization To Extracellular Region (GO:0035592),1/45,0.3641324366778817,0.444887614166928,0,0,2.256281407035176,2.279380404926681,ARL4D
GO_Biological_Process_2023,Triglyceride Metabolic Process (GO:0006641),1/45,0.3641324366778817,0.444887614166928,0,0,2.256281407035176,2.279380404926681,APOE
GO_Biological_Process_2023,Protein Targeting (GO:0006605),2/129,0.3704684745885532,0.4479774480230379,0,0,1.5647021395052891,1.5537287687021244,NACA;RPL11
GO_Biological_Process_2023,Regulation Of Cytokine Production Involved In Inflammatory Response (GO:1900015),1/46,0.3705054405101429,0.4479774480230379,0,0,2.2060301507537687,2.1903389894516705,ZC3H12A
GO_Biological_Process_2023,Amino Acid Transport (GO:0006865),1/46,0.3705054405101429,0.4479774480230379,0,0,2.2060301507537687,2.1903389894516705,SLC3A2
GO_Biological_Process_2023,Regulation Of Nervous System Development (GO:0051960),1/46,0.3705054405101429,0.4479774480230379,0,0,2.2060301507537687,2.1903389894516705,TYMP
GO_Biological_Process_2023,Cellular Component Disassembly (GO:0022411),1/46,0.3705054405101429,0.4479774480230379,0,0,2.2060301507537687,2.1903389894516705,GSN
GO_Biological_Process_2023,Positive Regulation Of Blood Vessel Endothelial Cell Migration (GO:0043536),1/46,0.3705054405101429,0.4479774480230379,0,0,2.2060301507537687,2.1903389894516705,ANXA1
GO_Biological_Process_2023,Response To Hydrogen Peroxide (GO:0042542),1/46,0.3705054405101429,0.4479774480230379,0,0,2.2060301507537687,2.1903389894516705,ANXA1
GO_Biological_Process_2023,Positive Regulation Of Cell-Cell Adhesion (GO:0022409),1/46,0.3705054405101429,0.4479774480230379,0,0,2.2060301507537687,2.1903389894516705,CD44
GO_Biological_Process_2023,Development Of Primary Male Sexual Characteristics (GO:0046546),1/46,0.3705054405101429,0.4479774480230379,0,0,2.2060301507537687,2.1903389894516705,SOX15
GO_Biological_Process_2023,Epithelial Cell Migration (GO:0010631),1/46,0.3705054405101429,0.4479774480230379,0,0,2.2060301507537687,2.1903389894516705,S100A2
GO_Biological_Process_2023,Vacuolar Transport (GO:0007034),1/46,0.3705054405101429,0.4479774480230379,0,0,2.2060301507537687,2.1903389894516705,HSPA1A
GO_Biological_Process_2023,Male Gonad Development (GO:0008584),1/46,0.3705054405101429,0.4479774480230379,0,0,2.2060301507537687,2.1903389894516705,SOX15
GO_Biological_Process_2023,Myofibril Assembly (GO:0030239),1/46,0.3705054405101429,0.4479774480230379,0,0,2.2060301507537687,2.1903389894516705,MYL9
GO_Biological_Process_2023,Positive Regulation Of Peptidyl-Tyrosine Phosphorylation (GO:0050731),2/130,0.3740455278662269,0.4518971090249871,0,0,1.5523989898989898,1.5265946362115397,PRNP;CD44
GO_Biological_Process_2023,Negative Regulation Of Hydrolase Activity (GO:0051346),1/47,0.376814886705751,0.4534349113258242,0,0,2.1579637317019884,2.1061752538856453,CSTA
GO_Biological_Process_2023,Negative Regulation Of Tumor Necrosis Factor Production (GO:0032720),1/47,0.376814886705751,0.4534349113258242,0,0,2.1579637317019884,2.1061752538856453,ZC3H12A
GO_Biological_Process_2023,Regulation Of Wound Healing (GO:0061041),1/47,0.376814886705751,0.4534349113258242,0,0,2.1579637317019884,2.1061752538856453,ANXA1
GO_Biological_Process_2023,Cognition (GO:0050890),1/47,0.376814886705751,0.4534349113258242,0,0,2.1579637317019884,2.1061752538856453,CBR3
GO_Biological_Process_2023,Secondary Alcohol Metabolic Process (GO:1902652),1/47,0.376814886705751,0.4534349113258242,0,0,2.1579637317019884,2.1061752538856453,APOE
GO_Biological_Process_2023,Positive Regulation Of Cell Motility (GO:2000147),3/221,0.3805444446837829,0.4575593918221676,0,0,1.3679038792902716,1.32160348257447,COL1A1;CXCL12;GPNMB
GO_Biological_Process_2023,Plasma Membrane Bounded Cell Projection Organization (GO:0120036),2/132,0.3811748654446817,0.4575910627168723,0,0,1.5283605283605284,1.4740992128790684,LIMA1;APOE
GO_Biological_Process_2023,Circulatory System Development (GO:0072359),2/132,0.3811748654446817,0.4575910627168723,0,0,1.5283605283605284,1.4740992128790684,CDKN1A;COL3A1
GO_Biological_Process_2023,Regulation Of Intrinsic Apoptotic Signaling Pathway (GO:2001242),1/48,0.3830614060395898,0.4576798345031376,0,0,2.111942692184326,2.026535673888961,PMAIP1
GO_Biological_Process_2023,Cellular Defense Response (GO:0006968),1/48,0.3830614060395898,0.4576798345031376,0,0,2.111942692184326,2.026535673888961,LGALS3BP
GO_Biological_Process_2023,Cellular Response To Mechanical Stimulus (GO:0071260),1/48,0.3830614060395898,0.4576798345031376,0,0,2.111942692184326,2.026535673888961,CNN2
GO_Biological_Process_2023,Cellular Response To Radiation (GO:0071478),1/48,0.3830614060395898,0.4576798345031376,0,0,2.111942692184326,2.026535673888961,CDKN1A
GO_Biological_Process_2023,Cytoplasmic Microtubule Organization (GO:0031122),1/48,0.3830614060395898,0.4576798345031376,0,0,2.111942692184326,2.026535673888961,EZR
GO_Biological_Process_2023,Regulation Of DNA Binding (GO:0051101),1/48,0.3830614060395898,0.4576798345031376,0,0,2.111942692184326,2.026535673888961,NFKBIA
GO_Biological_Process_2023,Negative Regulation Of Tumor Necrosis Factor Superfamily Cytokine Production (GO:1903556),1/49,0.3892456229672477,0.4636062254680663,0,0,2.0678391959799,1.9510987409424116,ZC3H12A
GO_Biological_Process_2023,Regulation Of Mitotic Metaphase/Anaphase Transition (GO:0030071),1/49,0.3892456229672477,0.4636062254680663,0,0,2.0678391959799,1.9510987409424116,DUSP1
GO_Biological_Process_2023,Positive Regulation Of Nervous System Development (GO:0051962),1/49,0.3892456229672477,0.4636062254680663,0,0,2.0678391959799,1.9510987409424116,SERPINF1
GO_Biological_Process_2023,Heterophilic Cell-Cell Adhesion Via Plasma Membrane Cell Adhesion Molecules (GO:0007157),1/49,0.3892456229672477,0.4636062254680663,0,0,2.0678391959799,1.9510987409424116,LGALS7
GO_Biological_Process_2023,Positive Regulation Of Protein Modification Process (GO:0031401),3/225,0.391356378475756,0.4657540560807309,0,0,1.3429825764851149,1.2599012158923015,EGR1;CDKN1A;GPNMB
GO_Biological_Process_2023,Non-Membrane-Bounded Organelle Assembly (GO:0140694),2/135,0.3918041128092912,0.4659209033799656,0,0,1.4936583883952306,1.3995478670313066,LDAF1;MYL9
GO_Biological_Process_2023,"G Protein-Coupled Receptor Signaling Pathway, Coupled To Cyclic Nucleotide Second Messenger (GO:0007187)",1/50,0.3953681557510544,0.467589973429233,0,0,2.025535842477695,1.8795714928238212,ANXA1
GO_Biological_Process_2023,Regulation Of Epithelial Cell Migration (GO:0010632),1/50,0.3953681557510544,0.467589973429233,0,0,2.025535842477695,1.8795714928238212,TACSTD2
GO_Biological_Process_2023,Regulation Of Interferon-Beta Production (GO:0032648),1/50,0.3953681557510544,0.467589973429233,0,0,2.025535842477695,1.8795714928238212,REL
GO_Biological_Process_2023,Blood Circulation (GO:0008015),1/50,0.3953681557510544,0.467589973429233,0,0,2.025535842477695,1.8795714928238212,CXCL12
GO_Biological_Process_2023,Positive Regulation Of Cell Death (GO:0010942),1/50,0.3953681557510544,0.467589973429233,0,0,2.025535842477695,1.8795714928238212,PRNP
GO_Biological_Process_2023,tRNA Processing (GO:0008033),1/50,0.3953681557510544,0.467589973429233,0,0,2.025535842477695,1.8795714928238212,HEXIM1
GO_Biological_Process_2023,Intracellular Iron Ion Homeostasis (GO:0006879),1/50,0.3953681557510544,0.467589973429233,0,0,2.025535842477695,1.8795714928238212,MYC
GO_Biological_Process_2023,Protein Localization To Plasma Membrane (GO:0072659),2/137,0.3988450044858849,0.4713339951607765,0,0,1.4713804713804717,1.3524670293145111,PKP3;EZR
GO_Biological_Process_2023,SMAD Protein Signal Transduction (GO:0060395),1/51,0.4014296166851454,0.4721784699363317,0,0,1.984924623115578,1.8116864795932897,FOS
GO_Biological_Process_2023,Regulation Of Stress-Activated MAPK Cascade (GO:0032872),1/51,0.4014296166851454,0.4721784699363317,0,0,1.984924623115578,1.8116864795932897,MYC
GO_Biological_Process_2023,Positive Regulation Of Ras Protein Signal Transduction (GO:0046579),1/51,0.4014296166851454,0.4721784699363317,0,0,1.984924623115578,1.8116864795932897,COL3A1
GO_Biological_Process_2023,Positive Regulation Of Actin Filament Bundle Assembly (GO:0032233),1/51,0.4014296166851454,0.4721784699363317,0,0,1.984924623115578,1.8116864795932897,RGCC
GO_Biological_Process_2023,Metaphase Plate Congression (GO:0051310),1/51,0.4014296166851454,0.4721784699363317,0,0,1.984924623115578,1.8116864795932897,GEM
GO_Biological_Process_2023,Microtubule Bundle Formation (GO:0001578),1/51,0.4014296166851454,0.4721784699363317,0,0,1.984924623115578,1.8116864795932897,TPPP3
GO_Biological_Process_2023,Intracellular Calcium Ion Homeostasis (GO:0006874),2/139,0.4058480895063414,0.4767097620089005,0,0,1.44975300449753,1.3073529773997317,CXCL12;TPT1
GO_Biological_Process_2023,Negative Regulation Of Response To Stimulus (GO:0048585),1/52,0.4074306117999475,0.4767097620089005,0,0,1.9459060005911912,1.7471991060741807,COL3A1
GO_Biological_Process_2023,Arachidonic Acid Metabolic Process (GO:0019369),1/52,0.4074306117999475,0.4767097620089005,0,0,1.9459060005911912,1.7471991060741807,CBR1
GO_Biological_Process_2023,Cartilage Development (GO:0051216),1/52,0.4074306117999475,0.4767097620089005,0,0,1.9459060005911912,1.7471991060741807,CD44
GO_Biological_Process_2023,Sprouting Angiogenesis (GO:0002040),1/52,0.4074306117999475,0.4767097620089005,0,0,1.9459060005911912,1.7471991060741807,NR4A1
GO_Biological_Process_2023,Positive Regulation Of Transcription Initiation By RNA Polymerase II (GO:0060261),1/52,0.4074306117999475,0.4767097620089005,0,0,1.9459060005911912,1.7471991060741807,TAF7
GO_Biological_Process_2023,Negative Regulation Of Intracellular Signal Transduction (GO:1902532),3/231,0.4074845820472119,0.4767097620089005,0,0,1.3072401816724553,1.1735777261271798,DUSP1;ZC3H12A;NOP53
GO_Biological_Process_2023,Regulation Of I-kappaB kinase/NF-kappaB Signaling (GO:0043122),3/232,0.4101608320326375,0.4794704170751896,0,0,1.3014652095848205,1.1598735032985887,ZC3H12A;REL;LITAF
GO_Biological_Process_2023,Regulation Of Macromolecule Biosynthetic Process (GO:0010556),1/53,0.4133717413870322,0.4806279264783988,0,0,1.9083880943177425,1.6858852917962188,PKP3
GO_Biological_Process_2023,Negative Regulation Of Viral Genome Replication (GO:0045071),1/53,0.4133717413870322,0.4806279264783988,0,0,1.9083880943177425,1.6858852917962188,IFITM1
GO_Biological_Process_2023,Regulation Of Proteasomal Protein Catabolic Process (GO:0061136),1/53,0.4133717413870322,0.4806279264783988,0,0,1.9083880943177425,1.6858852917962188,APOE
GO_Biological_Process_2023,Carboxylic Acid Transport (GO:0046942),1/53,0.4133717413870322,0.4806279264783988,0,0,1.9083880943177425,1.6858852917962188,SLC3A2
GO_Biological_Process_2023,Positive Regulation Of Chemokine Production (GO:0032722),1/53,0.4133717413870322,0.4806279264783988,0,0,1.9083880943177425,1.6858852917962188,EGR1
GO_Biological_Process_2023,Gonad Development (GO:0008406),1/53,0.4133717413870322,0.4806279264783988,0,0,1.9083880943177425,1.6858852917962188,SOX15
GO_Biological_Process_2023,"Regulation Of Alternative mRNA Splicing, Via Spliceosome (GO:0000381)",1/53,0.4133717413870322,0.4806279264783988,0,0,1.9083880943177425,1.6858852917962188,SAP18
GO_Biological_Process_2023,Protein Localization To Cell Periphery (GO:1990778),2/142,0.4162790368686154,0.4836370712085523,0,0,1.4184704184704184,1.2431467398061158,PKP3;EZR
GO_Biological_Process_2023,Protein Modification Process (GO:0036211),8/711,0.4180091153760978,0.4848619873560079,0,0,1.1318752963489809,0.987280535785297,BRD2;COL3A1;CSTA;ANXA1;KRT1;CPE;TAF7;KRT10
GO_Biological_Process_2023,ERBB Signaling Pathway (GO:0038127),1/54,0.4192535996279672,0.4848619873560079,0,0,1.8722859580923483,1.627539412897697,AREG
GO_Biological_Process_2023,Regulation Of Focal Adhesion Assembly (GO:0051893),1/54,0.4192535996279672,0.4848619873560079,0,0,1.8722859580923483,1.627539412897697,ACTG1
GO_Biological_Process_2023,Negative Regulation Of Neuron Projection Development (GO:0010977),1/54,0.4192535996279672,0.4848619873560079,0,0,1.8722859580923483,1.627539412897697,APOE
GO_Biological_Process_2023,Nucleosome Assembly (GO:0006334),1/54,0.4192535996279672,0.4848619873560079,0,0,1.8722859580923483,1.627539412897697,BRD2
GO_Biological_Process_2023,Regulation Of Smooth Muscle Cell Proliferation (GO:0048660),1/54,0.4192535996279672,0.4848619873560079,0,0,1.8722859580923483,1.627539412897697,APOE
GO_Biological_Process_2023,Positive Regulation Of Transferase Activity (GO:0051347),2/143,0.4197357656077661,0.4850493401188143,0,0,1.4083387062110466,1.2226209334221314,MYC;APOE
GO_Biological_Process_2023,Positive Regulation Of Intracellular Signal Transduction (GO:1902533),6/525,0.4285877144972851,0.4949012099568498,0,0,1.1489780108455991,0.9734829493193614,HEXIM1;RPS15;REL;PMAIP1;LITAF;DCN
GO_Biological_Process_2023,RNA Polymerase II Preinitiation Complex Assembly (GO:0051123),1/56,0.4308418497249187,0.4959919470617415,0,0,1.8040201005025125,1.5190105312629705,TAF7
GO_Biological_Process_2023,Peptide Metabolic Process (GO:0006518),1/56,0.4308418497249187,0.4959919470617415,0,0,1.8040201005025125,1.5190105312629705,CPE
GO_Biological_Process_2023,Regulation Of Stem Cell Population Maintenance (GO:2000036),1/56,0.4308418497249187,0.4959919470617415,0,0,1.8040201005025125,1.5190105312629705,MYC
GO_Biological_Process_2023,Positive Regulation Of DNA-templated Transcription Initiation (GO:2000144),1/56,0.4308418497249187,0.4959919470617415,0,0,1.8040201005025125,1.5190105312629705,TAF7
GO_Biological_Process_2023,Regulation Of Inflammatory Response (GO:0050727),3/240,0.4314322217611132,0.4962944692240596,0,0,1.257019854783782,1.056707275654343,NFKBIA;ANXA1;APOE
GO_Biological_Process_2023,Regulation Of Transcription Initiation By RNA Polymerase II (GO:0060260),1/57,0.4365494010474847,0.500660365319409,0,0,1.7717157214644652,1.4684931926330618,TAF7
GO_Biological_Process_2023,Chemokine-Mediated Signaling Pathway (GO:0070098),1/57,0.4365494010474847,0.500660365319409,0,0,1.7717157214644652,1.4684931926330618,CXCL12
GO_Biological_Process_2023,Positive Regulation Of Interleukin-1 Beta Production (GO:0032731),1/57,0.4365494010474847,0.500660365319409,0,0,1.7717157214644652,1.4684931926330618,EGR1
GO_Biological_Process_2023,Post-Transcriptional Regulation Of Gene Expression (GO:0010608),1/57,0.4365494010474847,0.500660365319409,0,0,1.7717157214644652,1.4684931926330618,PKP3
GO_Biological_Process_2023,Muscle Organ Development (GO:0007517),1/58,0.4421999998339941,0.5063741494697666,0,0,1.740544829410209,1.4202724160163902,TAGLN
GO_Biological_Process_2023,Regulation Of Bone Mineralization (GO:0030500),1/58,0.4421999998339941,0.5063741494697666,0,0,1.740544829410209,1.4202724160163902,TENT5A
GO_Biological_Process_2023,Positive Regulation Of DNA-binding Transcription Factor Activity (GO:0051091),3/246,0.4472051347111335,0.5108495712093366,0,0,1.2256063169768754,0.9862918234720636,RGCC;HSPA1B;HSPA1A
GO_Biological_Process_2023,Phospholipid Transport (GO:0015914),1/59,0.4477942115947188,0.5108495712093366,0,0,1.7104487957026513,1.3742113392020114,APOE
GO_Biological_Process_2023,Chordate Embryonic Development (GO:0043009),1/59,0.4477942115947188,0.5108495712093366,0,0,1.7104487957026513,1.3742113392020114,COL1A1
GO_Biological_Process_2023,Transcription Preinitiation Complex Assembly (GO:0070897),1/59,0.4477942115947188,0.5108495712093366,0,0,1.7104487957026513,1.3742113392020114,TAF7
GO_Biological_Process_2023,protein-DNA Complex Assembly (GO:0065004),1/59,0.4477942115947188,0.5108495712093366,0,0,1.7104487957026513,1.3742113392020114,BRD2
GO_Biological_Process_2023,Positive Regulation Of NF-kappaB Transcription Factor Activity (GO:0051092),2/152,0.4503639175015068,0.5133945334949456,0,0,1.323232323232323,1.0555415211165364,HSPA1B;HSPA1A
GO_Biological_Process_2023,Response To Retinoic Acid (GO:0032526),1/60,0.4533325962584122,0.5156147772758968,0,0,1.681372966527553,1.330183274831934,AQP3
GO_Biological_Process_2023,Sterol Metabolic Process (GO:0016125),1/60,0.4533325962584122,0.5156147772758968,0,0,1.681372966527553,1.330183274831934,APOE
GO_Biological_Process_2023,Histone Acetylation (GO:0016573),1/60,0.4533325962584122,0.5156147772758968,0,0,1.681372966527553,1.330183274831934,TAF7
GO_Biological_Process_2023,Positive Regulation Of Organelle Assembly (GO:1902117),1/61,0.4588157080798082,0.5214597132339905,0,0,1.6532663316582914,1.288070804786777,SDC1
GO_Biological_Process_2023,Positive Regulation Of Apoptotic Signaling Pathway (GO:2001235),1/62,0.4642440960951576,0.5260507147226355,0,0,1.6260812258011368,1.2477649663473405,PMAIP1
GO_Biological_Process_2023,Fat Cell Differentiation (GO:0045444),1/62,0.4642440960951576,0.5260507147226355,0,0,1.6260812258011368,1.2477649663473405,NR4A1
GO_Biological_Process_2023,mRNA Export From Nucleus (GO:0006406),1/62,0.4642440960951576,0.5260507147226355,0,0,1.6260812258011368,1.2477649663473405,EIF4A3
GO_Biological_Process_2023,Regulation Of T Cell Activation (GO:0050863),1/62,0.4642440960951576,0.5260507147226355,0,0,1.6260812258011368,1.2477649663473405,GPNMB
GO_Biological_Process_2023,Regulation Of Nucleic Acid-Templated Transcription (GO:1903506),5/452,0.4732898923460462,0.5358999902124515,0,0,1.1101359490621237,0.8304340860954226,CEBPB;BTG1;CRABP2;SOX15;RPL6
GO_Biological_Process_2023,Regulation Of Secretion By Cell (GO:1903530),1/64,0.4749388686968527,0.5365640462906277,0,0,1.574300071787509,1.1721753146425786,VAMP8
GO_Biological_Process_2023,Cellular Response To Virus (GO:0098586),1/64,0.4749388686968527,0.5365640462906277,0,0,1.574300071787509,1.1721753146425786,ZC3H12A
GO_Biological_Process_2023,Positive Regulation Of Interleukin-1 Production (GO:0032732),1/64,0.4749388686968527,0.5365640462906277,0,0,1.574300071787509,1.1721753146425786,EGR1
GO_Biological_Process_2023,RNA Export From Nucleus (GO:0006405),1/65,0.4802063242660991,0.5396977605809645,0,0,1.5496231155778897,1.1367096495006708,EIF4A3
GO_Biological_Process_2023,Antimicrobial Humoral Immune Response Mediated By Antimicrobial Peptide (GO:0061844),1/65,0.4802063242660991,0.5396977605809645,0,0,1.5496231155778897,1.1367096495006708,CXCL14
GO_Biological_Process_2023,Cellular Response To Light Stimulus (GO:0071482),1/65,0.4802063242660991,0.5396977605809645,0,0,1.5496231155778897,1.1367096495006708,MYC
GO_Biological_Process_2023,Regulation Of Translational Initiation (GO:0006446),1/65,0.4802063242660991,0.5396977605809645,0,0,1.5496231155778897,1.1367096495006708,EIF1
GO_Biological_Process_2023,Positive Regulation Of T Cell Proliferation (GO:0042102),1/65,0.4802063242660991,0.5396977605809645,0,0,1.5496231155778897,1.1367096495006708,ANXA1
GO_Biological_Process_2023,Positive Regulation Of Cell Cycle (GO:0045787),1/65,0.4802063242660991,0.5396977605809645,0,0,1.5496231155778897,1.1367096495006708,RGCC
GO_Biological_Process_2023,Regulation Of Cell-Matrix Adhesion (GO:0001952),1/65,0.4802063242660991,0.5396977605809645,0,0,1.5496231155778897,1.1367096495006708,ACTG1
GO_Biological_Process_2023,Negative Regulation Of Nucleic Acid-Templated Transcription (GO:1903507),5/456,0.4809752965414458,0.5401612855895407,0,0,1.1000625390869294,0.8051790804304686,HEXIM1;ID4;SAP18;TAF7;CRYAB
GO_Biological_Process_2023,Mitochondrion Organization (GO:0007005),2/162,0.4833030570302441,0.542373430667274,0,0,1.2398989898989898,0.9015446591892284,MCL1;TYMP
GO_Biological_Process_2023,Negative Regulation Of Immune Response (GO:0050777),1/66,0.4854211976341649,0.5439446112542603,0,0,1.525705450328566,1.1026857881843173,COL3A1
GO_Biological_Process_2023,Regulation Of Endocytosis (GO:0030100),1/66,0.4854211976341649,0.5439446112542603,0,0,1.525705450328566,1.1026857881843173,APOE
GO_Biological_Process_2023,Activation Of Cysteine-Type Endopeptidase Activity Involved In Apoptotic Process (GO:0006919),1/67,0.4905840112592053,0.5485127505960856,0,0,1.5025125628140703,1.0700274503610792,FAM162A
GO_Biological_Process_2023,Regulation Of Neurogenesis (GO:0050767),1/67,0.4905840112592053,0.5485127505960856,0,0,1.5025125628140703,1.0700274503610792,SERPINF1
GO_Biological_Process_2023,Cholesterol Metabolic Process (GO:0008203),1/67,0.4905840112592053,0.5485127505960856,0,0,1.5025125628140703,1.0700274503610792,APOE
GO_Biological_Process_2023,B Cell Differentiation (GO:0030183),1/68,0.4956952821636893,0.5534107240073612,0,0,1.4800120003000077,1.0386633811930914,SLC25A5
GO_Biological_Process_2023,Neuropeptide Signaling Pathway (GO:0007218),1/68,0.4956952821636893,0.5534107240073612,0,0,1.4800120003000077,1.0386633811930914,CPE
GO_Biological_Process_2023,Regulation Of Heart Contraction (GO:0008016),1/69,0.500755522308534,0.5574170582640919,0,0,1.4581732190363583,1.0085269537658983,FXYD1
GO_Biological_Process_2023,Response To Molecule Of Bacterial Origin (GO:0002237),1/69,0.500755522308534,0.5574170582640919,0,0,1.4581732190363583,1.0085269537658983,S100A14
GO_Biological_Process_2023,Establishment Of Protein Localization To Membrane (GO:0090150),1/69,0.500755522308534,0.5574170582640919,0,0,1.4581732190363583,1.0085269537658983,NACA
GO_Biological_Process_2023,Positive Regulation Of Phosphatidylinositol 3-Kinase Signaling (GO:0014068),1/69,0.500755522308534,0.5574170582640919,0,0,1.4581732190363583,1.0085269537658983,DCN
GO_Biological_Process_2023,Chromatin Organization (GO:0006325),3/268,0.5034227508283917,0.5599746457452376,0,0,1.1225936213006418,0.7704640704697314,BRD2;SOX15;MYC
GO_Biological_Process_2023,Neutrophil Chemotaxis (GO:0030593),1/70,0.5057652387756465,0.5605225579700838,0,0,1.4369674459252786,0.9795558086095748,KLF5
GO_Biological_Process_2023,Positive Regulation Of Protein Polymerization (GO:0032273),1/70,0.5057652387756465,0.5605225579700838,0,0,1.4369674459252786,0.9795558086095748,TPPP3
GO_Biological_Process_2023,Positive Regulation Of Protein Transport (GO:0051222),1/70,0.5057652387756465,0.5605225579700838,0,0,1.4369674459252786,0.9795558086095748,EZR
GO_Biological_Process_2023,Protein K48-linked Ubiquitination (GO:0070936),1/70,0.5057652387756465,0.5605225579700838,0,0,1.4369674459252786,0.9795558086095748,IFI27
GO_Biological_Process_2023,Regulation Of Cellular Biosynthetic Process (GO:0031326),1/70,0.5057652387756465,0.5605225579700838,0,0,1.4369674459252786,0.9795558086095748,PKP3
GO_Biological_Process_2023,Negative Regulation Of Protein Binding (GO:0032091),1/71,0.5107249334696091,0.5656054636012118,0,0,1.416367552045944,0.9516915272016224,CDKN1A
GO_Biological_Process_2023,Heart Development (GO:0007507),2/171,0.5118910416934445,0.5660692906318018,0,0,1.1733309425617118,0.7857134223531504,CDKN1A;COL3A1
GO_Biological_Process_2023,Metal Ion Transport (GO:0030001),2/171,0.5118910416934445,0.5660692906318018,0,0,1.1733309425617118,0.7857134223531504,SLC3A2;TPT1
GO_Biological_Process_2023,Cell-Cell Adhesion Via Plasma-Membrane Adhesion Molecules (GO:0098742),2/172,0.5150032547861086,0.5681361320004664,0,0,1.166369578134284,0.7739819254730677,DSG1;LGALS7
GO_Biological_Process_2023,Plasma Membrane Organization (GO:0007009),1/72,0.5156351033007534,0.5681361320004664,0,0,1.396347936867436,0.9248793332622998,DMKN
GO_Biological_Process_2023,Second-Messenger-Mediated Signaling (GO:0019932),1/72,0.5156351033007534,0.5681361320004664,0,0,1.396347936867436,0.9248793332622998,APOE
GO_Biological_Process_2023,Protein Targeting To Membrane (GO:0006612),1/72,0.5156351033007534,0.5681361320004664,0,0,1.396347936867436,0.9248793332622998,NACA
GO_Biological_Process_2023,Negative Regulation Of Catabolic Process (GO:0009895),1/72,0.5156351033007534,0.5681361320004664,0,0,1.396347936867436,0.9248793332622998,RPL11
GO_Biological_Process_2023,Monocarboxylic Acid Transport (GO:0015718),1/73,0.5204962404113022,0.5728818606379198,0,0,1.3768844221105527,0.8990678202624621,CRABP2
GO_Biological_Process_2023,Plasma Membrane Bounded Cell Projection Assembly (GO:0120031),3/275,0.5206985624411984,0.5728818606379198,0,0,1.0933114362496268,0.7134775280501673,GSN;EMP3;EZR
GO_Biological_Process_2023,Positive Regulation Of Protein Phosphorylation (GO:0001934),4/377,0.5226509177005358,0.5746125836838257,0,0,1.0629206106034907,0.6896670024554237,PRNP;CDKN1A;GPNMB;CD44
GO_Biological_Process_2023,Positive Regulation Of I-kappaB kinase/NF-kappaB Signaling (GO:0043123),2/175,0.5242613328384474,0.5758631551162918,0,0,1.1459683540608396,0.7400262452135655,REL;LITAF
GO_Biological_Process_2023,Negative Regulation Of Neuron Apoptotic Process (GO:0043524),1/74,0.5253088319278648,0.5758631551162918,0,0,1.3579541543333105,0.8742087038575203,APOE
GO_Biological_Process_2023,Positive Regulation Of Lymphocyte Proliferation (GO:0050671),1/74,0.5253088319278648,0.5758631551162918,0,0,1.3579541543333105,0.8742087038575203,ANXA1
GO_Biological_Process_2023,Regulation Of Cell Cycle G1/S Phase Transition (GO:1902806),1/74,0.5253088319278648,0.5758631551162918,0,0,1.3579541543333105,0.8742087038575203,CDKN1A
GO_Biological_Process_2023,Nucleosome Organization (GO:0034728),1/75,0.5300733603880184,0.5798275386193849,0,0,1.3395355154149124,0.8502565938086776,BRD2
GO_Biological_Process_2023,Positive Regulation Of Neurogenesis (GO:0050769),1/75,0.5300733603880184,0.5798275386193849,0,0,1.3395355154149124,0.8502565938086776,SERPINF1
GO_Biological_Process_2023,Regulation Of DNA Replication (GO:0006275),1/75,0.5300733603880184,0.5798275386193849,0,0,1.3395355154149124,0.8502565938086776,S100A11
GO_Biological_Process_2023,Wnt Signaling Pathway (GO:0016055),1/76,0.5347903032317255,0.5833025985572816,0,0,1.321608040201005,0.8271687875669174,CPE
GO_Biological_Process_2023,Transcription Initiation At RNA Polymerase II Promoter (GO:0006367),1/76,0.5347903032317255,0.5833025985572816,0,0,1.321608040201005,0.8271687875669174,TAF7
GO_Biological_Process_2023,Positive Regulation Of Protein Secretion (GO:0050714),1/76,0.5347903032317255,0.5833025985572816,0,0,1.321608040201005,0.8271687875669174,EZR
GO_Biological_Process_2023,Regulation Of Ras Protein Signal Transduction (GO:0046578),1/76,0.5347903032317255,0.5833025985572816,0,0,1.321608040201005,0.8271687875669174,ARHGDIB
GO_Biological_Process_2023,"RNA Splicing, Via Transesterification Reactions With Bulged Adenosine As Nucleophile (GO:0000377)",2/180,0.5394267994620252,0.5846080845213991,0,0,1.1134944955169674,0.6873024571147923,EIF4A3;PABPC1
GO_Biological_Process_2023,Regulation Of Immune Response (GO:0050776),1/77,0.5394601334395485,0.5846080845213991,0,0,1.3041523406506217,0.8049050782659102,COL3A1
GO_Biological_Process_2023,Actomyosin Structure Organization (GO:0031032),1/77,0.5394601334395485,0.5846080845213991,0,0,1.3041523406506217,0.8049050782659102,MYL9
GO_Biological_Process_2023,Negative Regulation Of Transforming Growth Factor Beta Receptor Signaling Pathway (GO:0030512),1/77,0.5394601334395485,0.5846080845213991,0,0,1.3041523406506217,0.8049050782659102,HSPA1A
GO_Biological_Process_2023,Neutrophil Migration (GO:1990266),1/77,0.5394601334395485,0.5846080845213991,0,0,1.3041523406506217,0.8049050782659102,KLF5
GO_Biological_Process_2023,Cell Morphogenesis Involved In Neuron Differentiation (GO:0048667),1/77,0.5394601334395485,0.5846080845213991,0,0,1.3041523406506217,0.8049050782659102,SDC2
GO_Biological_Process_2023,Regulation Of Transcription Elongation By RNA Polymerase II (GO:0034243),1/77,0.5394601334395485,0.5846080845213991,0,0,1.3041523406506217,0.8049050782659102,HEXIM1
GO_Biological_Process_2023,Positive Regulation Of Endothelial Cell Proliferation (GO:0001938),1/77,0.5394601334395485,0.5846080845213991,0,0,1.3041523406506217,0.8049050782659102,NR4A1
GO_Biological_Process_2023,Monoatomic Cation Homeostasis (GO:0055080),1/77,0.5394601334395485,0.5846080845213991,0,0,1.3041523406506217,0.8049050782659102,S100A14
GO_Biological_Process_2023,Positive Regulation Of Multicellular Organismal Process (GO:0051240),4/387,0.5433117339418887,0.5883611700657336,0,0,1.034635264027282,0.6312020338904396,COL1A1;CEBPB;RGCC;APOE
GO_Biological_Process_2023,Proteolysis Involved In Protein Catabolic Process (GO:0051603),1/78,0.544083319204552,0.588775877567783,0,0,1.2871500358937544,0.7834275809102157,PMAIP1
GO_Biological_Process_2023,Response To Insulin (GO:0032868),1/79,0.5486603241296241,0.5916159366949327,0,0,1.2705836876691148,0.7627005714660321,ZFP36L1
GO_Biological_Process_2023,Positive Regulation Of Endocytosis (GO:0045807),1/79,0.5486603241296241,0.5916159366949327,0,0,1.2705836876691148,0.7627005714660321,APOE
GO_Biological_Process_2023,Vesicle Fusion (GO:0006906),1/79,0.5486603241296241,0.5916159366949327,0,0,1.2705836876691148,0.7627005714660321,VAMP8
GO_Biological_Process_2023,Positive Regulation Of Protein Localization To Membrane (GO:1905477),1/79,0.5486603241296241,0.5916159366949327,0,0,1.2705836876691148,0.7627005714660321,PRNP
GO_Biological_Process_2023,Positive Regulation Of Protein Modification By Small Protein Conjugation Or Removal (GO:1903322),1/79,0.5486603241296241,0.5916159366949327,0,0,1.2705836876691148,0.7627005714660321,ZC3H12A
GO_Biological_Process_2023,Regulation Of Protein Localization To Plasma Membrane (GO:1903076),1/80,0.5531916072648388,0.5952310262828344,0,0,1.254436740665352,0.7426903392796255,VAMP8
GO_Biological_Process_2023,Response To Type II Interferon (GO:0034341),1/80,0.5531916072648388,0.5952310262828344,0,0,1.254436740665352,0.7426903392796255,IFITM1
GO_Biological_Process_2023,Wound Healing (GO:0042060),1/80,0.5531916072648388,0.5952310262828344,0,0,1.254436740665352,0.7426903392796255,COL3A1
GO_Biological_Process_2023,Macromolecule Modification (GO:0043412),1/81,0.5576776229377498,0.5996320786023357,0,0,1.2386934673366834,0.7233650516865618,CPE
GO_Biological_Process_2023,Cellular Response To Organic Substance (GO:0071310),1/82,0.5621188211968801,0.603978733413669,0,0,1.2233389168062534,0.7046946278996441,TIPARP
GO_Biological_Process_2023,Endocytosis (GO:0006897),2/189,0.5658777669000009,0.6075866880605963,0,0,1.05941770647653,0.603208270014294,ANXA1;APOE
GO_Biological_Process_2023,Calcium-Mediated Signaling (GO:0019722),1/85,0.5751779449472499,0.6162620838720535,0,0,1.1794687724335966,0.6523356544527062,PRNP
GO_Biological_Process_2023,Positive Regulation Of Canonical Wnt Signaling Pathway (GO:0090263),1/85,0.5751779449472499,0.6162620838720535,0,0,1.1794687724335966,0.6523356544527062,COL1A1
GO_Biological_Process_2023,Positive Regulation Of Endothelial Cell Migration (GO:0010595),1/85,0.5751779449472499,0.6162620838720535,0,0,1.1794687724335966,0.6523356544527062,ZC3H12A
GO_Biological_Process_2023,Glucose Homeostasis (GO:0042593),1/87,0.5836679914950987,0.6249166128021729,0,0,1.1519224027112305,0.6202214761277236,RPS6
GO_Biological_Process_2023,Positive Regulation Of Cell Adhesion (GO:0045785),1/88,0.5878494885157634,0.6289491349586027,0,0,1.138624155259054,0.6049331780092367,CXCL12
GO_Biological_Process_2023,Sensory Perception Of Mechanical Stimulus (GO:0050954),1/89,0.591989195722158,0.6324849305494142,0,0,1.1256281407035176,0.5901295699518402,COL1A1
GO_Biological_Process_2023,Positive Regulation Of Peptidyl-Serine Phosphorylation (GO:0033138),1/89,0.591989195722158,0.6324849305494142,0,0,1.1256281407035176,0.5901295699518402,CD44
GO_Biological_Process_2023,Regulation Of RNA Metabolic Process (GO:0051252),1/91,0.6001448988156681,0.6407466678687367,0,0,1.100502512562814,0.5618991453376235,AHNAK2
GO_Biological_Process_2023,Positive Regulation Of MAPK Cascade (GO:0043410),3/310,0.6018849714192065,0.6421519237324633,0,0,0.9669306701499694,0.4908999966431734,GPNMB;APOE;CD44
GO_Biological_Process_2023,B Cell Activation (GO:0042113),1/92,0.6041617136020576,0.6424663770105505,0,0,1.0883538571980782,0.5484360698708618,SLC25A5
GO_Biological_Process_2023,Sensory Perception Of Sound (GO:0007605),1/92,0.6041617136020576,0.6424663770105505,0,0,1.0883538571980782,0.5484360698708618,COL1A1
GO_Biological_Process_2023,Steroid Metabolic Process (GO:0008202),1/92,0.6041617136020576,0.6424663770105505,0,0,1.0883538571980782,0.5484360698708618,CBR1
GO_Biological_Process_2023,Positive Regulation Of Neuron Projection Development (GO:0010976),1/92,0.6041617136020576,0.6424663770105505,0,0,1.0883538571980782,0.5484360698708618,APOE
GO_Biological_Process_2023,Organelle Organization (GO:0006996),4/418,0.6043000575841813,0.6424663770105505,0,0,0.9556344276841172,0.4813381727496461,CNN2;MYC;APOE;GEM
GO_Biological_Process_2023,Defense Response To Bacterium (GO:0042742),2/204,0.607505270072967,0.6454210968867776,0,0,0.97999799979998,0.4884255433235287,CEBPB;S100A14
GO_Biological_Process_2023,Regulation Of Peptidyl-Serine Phosphorylation (GO:0033135),1/93,0.6081383763355012,0.6456409531522664,0,0,1.0764693030369237,0.5353850545471538,CD44
GO_Biological_Process_2023,"Regulation Of mRNA Splicing, Via Spliceosome (GO:0048024)",1/94,0.6120752863236749,0.6489111677959184,0,0,1.0648403306856864,0.5227301046685241,SAP18
GO_Biological_Process_2023,Vesicle Organization (GO:0016050),1/94,0.6120752863236749,0.6489111677959184,0,0,1.0648403306856864,0.5227301046685241,VAMP8
GO_Biological_Process_2023,Regulation Of Canonical Wnt Signaling Pathway (GO:0060828),2/207,0.6154601156600987,0.65167517545617,0,0,0.9655087459965508,0.4686435933664049,COL1A1;APOE
GO_Biological_Process_2023,T Cell Receptor Signaling Pathway (GO:0050852),1/95,0.6159728391110465,0.65167517545617,0,0,1.0534587832780926,0.5104559909803796,ZC3H12A
GO_Biological_Process_2023,Positive Regulation Of Epithelial Cell Migration (GO:0010634),1/95,0.6159728391110465,0.65167517545617,0,0,1.0534587832780926,0.5104559909803796,ZC3H12A
GO_Biological_Process_2023,Regulation Of Macroautophagy (GO:0016241),1/96,0.6198314260741546,0.6552997979779095,0,0,1.0423168473948692,0.4985482066164667,DCN
GO_Biological_Process_2023,"mRNA Splicing, Via Spliceosome (GO:0000398)",2/211,0.6258746774328615,0.6612274311790692,0,0,0.946836788942052,0.4436925706229843,EIF4A3;PABPC1
GO_Biological_Process_2023,Positive Regulation Of Cold-Induced Thermogenesis (GO:0120162),1/98,0.6274332493027582,0.6619508166390521,0,0,1.0207221675387246,0.4757769643136218,CEBPB
GO_Biological_Process_2023,Positive Regulation Of Protein-Containing Complex Assembly (GO:0031334),1/98,0.6274332493027582,0.6619508166390521,0,0,1.0207221675387246,0.4757769643136218,TPPP3
GO_Biological_Process_2023,Cellular Response To Insulin Stimulus (GO:0032869),1/99,0.6311772493570809,0.6654373923284465,0,0,1.0102553584247769,0.464887747030177,ZFP36L1
GO_Biological_Process_2023,Intracellular Protein Transport (GO:0006886),3/325,0.6338085689575228,0.6670242538652644,0,0,0.9211779172052842,0.4200647869344704,ARL4D;BAG3;RPL11
GO_Biological_Process_2023,Antimicrobial Humoral Response (GO:0019730),1/100,0.6348838112697764,0.6670242538652644,0,0,1.0,0.454313271209604,CXCL14
GO_Biological_Process_2023,Regulation Of Organelle Organization (GO:0033043),1/100,0.6348838112697764,0.6670242538652644,0,0,1.0,0.454313271209604,EZR
GO_Biological_Process_2023,Response To UV (GO:0009411),1/100,0.6348838112697764,0.6670242538652644,0,0,1.0,0.454313271209604,MYC
GO_Biological_Process_2023,Protein Complex Oligomerization (GO:0051259),1/100,0.6348838112697764,0.6670242538652644,0,0,1.0,0.454313271209604,ZC3H12A
GO_Biological_Process_2023,Visual Perception (GO:0007601),1/101,0.6385533074411538,0.6704145951305253,0,0,0.9899497487437184,0.4440420770500481,COL1A1
GO_Biological_Process_2023,Sensory Perception Of Light Stimulus (GO:0050953),1/102,0.642186106799596,0.6737617394746453,0,0,0.9800985123637992,0.4340632175669919,COL1A1
GO_Biological_Process_2023,Proteasomal Protein Catabolic Process (GO:0010498),2/220,0.6485094501114488,0.6798581576503925,0,0,0.9073301825595405,0.3929453787196234,IFI27;PMAIP1
GO_Biological_Process_2023,Positive Regulation Of Kinase Activity (GO:0033674),1/104,0.6493430720264805,0.6798581576503925,0,0,0.9609698980338586,0.4149411183845573,CDKN1A
GO_Biological_Process_2023,Macroautophagy (GO:0016236),1/104,0.6493430720264805,0.6798581576503925,0,0,0.9609698980338586,0.4149411183845573,VAMP8
GO_Biological_Process_2023,Positive Regulation Of Stress-Activated MAPK Cascade (GO:0032874),1/105,0.6528679573920863,0.682605214250525,0,0,0.9516814843448008,0.4057783123183748,ZC3H12A
GO_Biological_Process_2023,Lysosomal Transport (GO:0007041),1/105,0.6528679573920863,0.682605214250525,0,0,0.9516814843448008,0.4057783123183748,HSPA1A
GO_Biological_Process_2023,Response To Calcium Ion (GO:0051592),1/106,0.6563575850020138,0.685780511226242,0,0,0.9425699928212492,0.3968686613882323,AQP3
GO_Biological_Process_2023,Positive Regulation Of T Cell Activation (GO:0050870),1/107,0.6598123057378238,0.6884405256148781,0,0,0.933630416232104,0.388203405372955,ANXA1
GO_Biological_Process_2023,Monoatomic Ion Transport (GO:0006811),1/107,0.6598123057378238,0.6884405256148781,0,0,0.933630416232104,0.388203405372955,PLP2
GO_Biological_Process_2023,Positive Regulation Of Metabolic Process (GO:0009893),1/108,0.6632324670568477,0.6915328200902437,0,0,0.9248579345324754,0.3797741558133871,CEBPB
GO_Biological_Process_2023,Negative Regulation Of Developmental Process (GO:0051093),1/109,0.6666184129739804,0.6941078320656909,0,0,0.916247906197655,0.3715728772578474,HOPX
GO_Biological_Process_2023,Positive Regulation Of Wnt Signaling Pathway (GO:0030177),1/109,0.6666184129739804,0.6941078320656909,0,0,0.916247906197655,0.3715728772578474,COL1A1
GO_Biological_Process_2023,Negative Regulation Of Inflammatory Response (GO:0050728),1/111,0.6732890175997336,0.6986526449750661,0,0,0.8994974874371859,0.3558237511616551,APOE
GO_Biological_Process_2023,RNA Metabolic Process (GO:0016070),1/111,0.6732890175997336,0.6986526449750661,0,0,0.8994974874371859,0.3558237511616551,ZC3H12A
GO_Biological_Process_2023,T Cell Activation (GO:0042110),1/111,0.6732890175997336,0.6986526449750661,0,0,0.8994974874371859,0.3558237511616551,CD44
GO_Biological_Process_2023,Negative Regulation Of Transmembrane Receptor Protein Serine/Threonine Kinase Signaling Pathway (GO:0090101),1/111,0.6732890175997336,0.6986526449750661,0,0,0.8994974874371859,0.3558237511616551,HSPA1A
GO_Biological_Process_2023,Regulation Of Transforming Growth Factor Beta Receptor Signaling Pathway (GO:0017015),1/111,0.6732890175997336,0.6986526449750661,0,0,0.8994974874371859,0.3558237511616551,HSPA1A
GO_Biological_Process_2023,Positive Regulation Of Phosphorylation (GO:0042327),2/231,0.6746907426925027,0.6996279775353468,0,0,0.863261435313837,0.3396941103556566,CDKN1A;GPNMB
GO_Biological_Process_2023,Small GTPase Mediated Signal Transduction (GO:0007264),1/112,0.6765743473112501,0.7001435356397158,0,0,0.8913486350672281,0.3482614435144341,CDKN1A
GO_Biological_Process_2023,Protein Deubiquitination (GO:0016579),1/112,0.6765743473112501,0.7001435356397158,0,0,0.8913486350672281,0.3482614435144341,ZC3H12A
GO_Biological_Process_2023,Negative Regulation Of Defense Response (GO:0031348),1/112,0.6765743473112501,0.7001435356397158,0,0,0.8913486350672281,0.3482614435144341,APOE
GO_Biological_Process_2023,Regulation Of Cytoskeleton Organization (GO:0051493),1/114,0.683046714602197,0.7049153764457278,0,0,0.8754836127540356,0.3337273716848506,EZR
GO_Biological_Process_2023,Regulation Of Interleukin-6 Production (GO:0032675),1/114,0.683046714602197,0.7049153764457278,0,0,0.8754836127540356,0.3337273716848506,ZC3H12A
GO_Biological_Process_2023,Protein Modification By Small Protein Removal (GO:0070646),1/114,0.683046714602197,0.7049153764457278,0,0,0.8754836127540356,0.3337273716848506,ZC3H12A
GO_Biological_Process_2023,Negative Regulation Of Canonical Wnt Signaling Pathway (GO:0090090),1/114,0.683046714602197,0.7049153764457278,0,0,0.8754836127540356,0.3337273716848506,APOE
GO_Biological_Process_2023,Positive Regulation Of Protein Serine/Threonine Kinase Activity (GO:0071902),1/117,0.692514396042861,0.7137138163298873,0,0,0.8527118350372552,0.3133087141185804,RGCC
GO_Biological_Process_2023,Protein Maturation (GO:0051604),1/117,0.692514396042861,0.7137138163298873,0,0,0.8527118350372552,0.3133087141185804,CPE
GO_Biological_Process_2023,Positive Regulation Of Cell Projection Organization (GO:0031346),1/118,0.6956073317848006,0.7164140772630679,0,0,0.845380749903363,0.3068478138715934,APOE
GO_Biological_Process_2023,Organonitrogen Compound Biosynthetic Process (GO:1901566),1/123,0.7106137702230504,0.7313721887825552,0,0,0.8105280500864981,0.2768976317492876,APOE
GO_Biological_Process_2023,Neuron Projection Guidance (GO:0097485),1/124,0.7135255255654438,0.733372572070317,0,0,0.8038975364628018,0.2713452170770706,CXCL12
GO_Biological_Process_2023,Positive Regulation Of Defense Response (GO:0031349),1/124,0.7135255255654438,0.733372572070317,0,0,0.8038975364628018,0.2713452170770706,NFKBIA
GO_Biological_Process_2023,Regulation Of Response To External Stimulus (GO:0032101),1/127,0.7220870340624399,0.7416690553251502,0,0,0.7846374730796841,0.2554854949797123,ANXA1
GO_Biological_Process_2023,Regulation Of DNA Repair (GO:0006282),1/129,0.7276527766729426,0.746879374430561,0,0,0.7722989949748744,0.2455380232172469,TAF7
GO_Biological_Process_2023,Regulation Of Cell Cycle Process (GO:0010564),1/130,0.7303939147263233,0.7491853627693837,0,0,0.7662732265981068,0.2407410413206643,MYC
GO_Biological_Process_2023,Antigen Receptor-Mediated Signaling Pathway (GO:0050851),1/134,0.7410866611649599,0.7596388982847863,0,0,0.7430762836740091,0.2226536751666657,ZC3H12A
GO_Biological_Process_2023,Regulation Of Protein Kinase B Signaling (GO:0051896),1/136,0.7462737148219287,0.7644385922618133,0,0,0.7319932998324958,0.2142272351530403,NOP53
GO_Biological_Process_2023,Negative Regulation Of Wnt Signaling Pathway (GO:0030178),1/140,0.7563396476796467,0.7742260582666654,0,0,0.7107841365098876,0.1984969430102926,APOE
GO_Biological_Process_2023,Regulation Of Cold-Induced Thermogenesis (GO:0120161),1/146,0.7706982785234464,0.7873283155515991,0,0,0.6811644429041761,0.1774149463430572,CEBPB
GO_Biological_Process_2023,Negative Regulation Of Response To External Stimulus (GO:0032102),1/146,0.7706982785234464,0.7873283155515991,0,0,0.6811644429041761,0.1774149463430572,APOE
GO_Biological_Process_2023,Neuron Projection Morphogenesis (GO:0048812),1/146,0.7706982785234464,0.7873283155515991,0,0,0.6811644429041761,0.1774149463430572,SDC2
GO_Biological_Process_2023,Axon Guidance (GO:0007411),1/149,0.777558641095328,0.7933905438695535,0,0,0.6672551948933858,0.1678788815691765,CXCL12
GO_Biological_Process_2023,Central Nervous System Development (GO:0007417),2/283,0.7776798400305526,0.7933905438695535,0,0,0.7016427621409828,0.1764213060169772,GSN;PHGDH
GO_Biological_Process_2023,Neuron Development (GO:0048666),1/150,0.7797997353776313,0.7950178997961719,0,0,0.6627432464335098,0.164836268730291,APOE
GO_Biological_Process_2023,Regulation Of Cellular Component Organization (GO:0051128),1/153,0.7863891079150508,0.8011967037601223,0,0,0.6495636075112404,0.1560924478581284,APOE
GO_Biological_Process_2023,Positive Regulation Of Response To External Stimulus (GO:0032103),1/155,0.7906726445156229,0.8050195271782047,0,0,0.6410624551328069,0.1505671382701188,NFKBIA
GO_Biological_Process_2023,Nitrogen Compound Transport (GO:0071705),1/163,0.8069688204409236,0.8210596124701136,0,0,0.6091568955890564,0.1306460303698868,SLC3A2
GO_Biological_Process_2023,Brain Development (GO:0007420),1/169,0.8183567646763946,0.832087582875663,0,0,0.5872218234027279,0.1177126632932345,PHGDH
GO_Biological_Process_2023,Protein Transport (GO:0015031),2/313,0.8231892362715962,0.8364397672377387,0,0,0.6329858066192471,0.1231595230280963,ARL4D;APOE
GO_Biological_Process_2023,Regulation Of Neuron Projection Development (GO:0010975),1/174,0.8273342321436886,0.8400880440333031,0,0,0.5701048595579051,0.1080613895941531,APOE
GO_Biological_Process_2023,Phosphate-Containing Compound Metabolic Process (GO:0006796),1/184,0.8439859992638473,0.856422497578519,0,0,0.5386769915149519,0.0913700535900012,PPA1
GO_Biological_Process_2023,Proteolysis (GO:0006508),2/330,0.8451150233935748,0.8569941502284242,0,0,0.5996550874599655,0.1009114803598987,CPE;PCOLCE
GO_Biological_Process_2023,Axonogenesis (GO:0007409),1/188,0.8501901851438446,0.8615639668848993,0,0,0.5270469997044044,0.0855372020724991,CXCL12
GO_Biological_Process_2023,Neuron Projection Development (GO:0031175),1/192,0.8561488312819886,0.8664432060068221,0,0,0.5159041279696914,0.0801256116253105,APOE
GO_Biological_Process_2023,Transcription By RNA Polymerase II (GO:0006366),1/192,0.8561488312819886,0.8664432060068221,0,0,0.5159041279696914,0.0801256116253105,TAF7
GO_Biological_Process_2023,Regulation Of Signal Transduction (GO:0009966),1/193,0.8576012689701117,0.8673337266286509,0,0,0.5131909547738693,0.0788343463225011,PRNP
GO_Biological_Process_2023,Protein Localization (GO:0008104),2/351,0.8687932084853668,0.8780665182490532,0,0,0.5629648924777865,0.0791810948568953,ARL4D;CPE
GO_Biological_Process_2023,Regulation Of MAPK Cascade (GO:0043408),1/204,0.8726463575954879,0.8813728211714428,0,0,0.4851102804663713,0.0660840964756946,DUSP1
GO_Biological_Process_2023,Protein Polyubiquitination (GO:0000209),1/226,0.8981547293522425,0.9065319220310776,0,0,0.4371859296482412,0.0469594177767252,IFI27
GO_Biological_Process_2023,Chromatin Remodeling (GO:0006338),1/228,0.9002045097002905,0.907391771254784,0,0,0.4332897970026343,0.0455531898856198,MYC
GO_Biological_Process_2023,Cilium Organization (GO:0044782),1/228,0.9002045097002905,0.907391771254784,0,0,0.4332897970026343,0.0455531898856198,GSN
GO_Biological_Process_2023,Cilium Assembly (GO:0060271),1/243,0.9143242732694472,0.9210114853744762,0,0,0.4061215166742805,0.0363762984371287,GSN
GO_Biological_Process_2023,Vesicle-Mediated Transport (GO:0016192),2/411,0.9193489785899608,0.9254576096769374,0,0,0.4788965449112148,0.0402701668929634,VAMP8;ARL4D
GO_Biological_Process_2023,Phosphorylation (GO:0016310),2/429,0.9305285955438606,0.9360895234056764,0,0,0.4582830648404419,0.0329975135431714,BRD2;TAF7
GO_Biological_Process_2023,Negative Regulation Of Signal Transduction (GO:0009968),1/267,0.9328960361865728,0.9378483708179546,0,0,0.3690255790229342,0.0256330754014875,DCN
GO_Biological_Process_2023,Chemical Synaptic Transmission (GO:0007268),1/273,0.9368751094862604,0.94122399925178,0,0,0.360774460537984,0.0235244045008293,APOE
GO_Biological_Process_2023,DNA Metabolic Process (GO:0006259),1/288,0.9458252944595236,0.9495860312168178,0,0,0.3416560152679775,0.0190293535031365,NOP53
GO_Biological_Process_2023,DNA Repair (GO:0006281),1/291,0.9474576247830658,0.9505949016863208,0,0,0.3380696586380177,0.0182466560691828,NOP53
GO_Biological_Process_2023,Proteasome-Mediated Ubiquitin-Dependent Protein Catabolic Process (GO:0043161),1/319,0.9605177458115964,0.9630604797515344,0,0,0.3078600549919408,0.0124014715949614,IFI27
GO_Biological_Process_2023,Organelle Assembly (GO:0070925),1/322,0.9617092140888042,0.963177412578178,0,0,0.304935894425398,0.0119056567280658,GSN
GO_Biological_Process_2023,Protein Phosphorylation (GO:0006468),2/500,0.9619058912414412,0.963177412578178,0,0,0.3915054156018011,0.0152055454326809,BRD2;TAF7
GO_Biological_Process_2023,Ubiquitin-Dependent Protein Catabolic Process (GO:0006511),1/367,0.9758321428247156,0.9764766818886684,0,0,0.2668259329434055,0.0065278143126657,IFI27
GO_Biological_Process_2023,Nervous System Development (GO:0007399),1/433,0.9877170746218896,0.9877170746218896,0,0,0.2252931323283082,0.0027843942092732,GSN
