Gene_set,Term,Overlap,P-value,Adjusted P-value,Old P-value,Old Adjusted P-value,Odds Ratio,Combined Score,Genes
GO_Biological_Process_2023,Supramolecular Fiber Organization (GO:0097435),18/316,3.232380520082957e-09,5.766566847827996e-06,0,0,6.4723799690242645,126.53533238944908,DSP;APP;GSN;ACTN1;TPM1;EMP2;KRT5;KRT10;CNN3;COL1A1;CST3;MARCKS;TPPP3;COL1A2;KRT14;SERPINH1;RAC1;MYL9
GO_Biological_Process_2023,Negative Regulation Of Apoptotic Process (GO:0043066),19/482,4.073917582851991e-07,0.0003633934483903976,0,0,4.384127059890457,64.50581212439992,GRN;TSC22D1;PLK2;ANXA4;GSTP1;CAV1;HSPB1;KLF4;PTMS;MYC;CCL2;SFN;APOE;NUPR1;GAS6;CRYAB;HSPA1B;HSPA1A;IER3
GO_Biological_Process_2023,Regulation Of miRNA Transcription (GO:1902893),7/59,1.977698092616979e-06,0.000990160329615402,0,0,13.774013551215624,180.90206714782056,EGR1;JUN;KLF5;NFIB;MYC;FOS;KLF4
GO_Biological_Process_2023,Proton Motive Force-Driven ATP Synthesis (GO:0015986),7/60,2.2200904251466413e-06,0.000990160329615402,0,0,13.513442174210578,175.91748523818214,ATP5PF;NDUFB7;NDUFS4;NDUFC2;ATP5MC3;NDUFC1;ATP5MC1
GO_Biological_Process_2023,Positive Regulation Of miRNA Transcription (GO:1902895),6/43,4.155483667201026e-06,0.0014826765724573,0,0,16.5196433546949,204.6962509645269,EGR1;JUN;KLF5;MYC;FOS;KLF4
GO_Biological_Process_2023,Positive Regulation Of miRNA Metabolic Process (GO:2000630),6/49,9.068384089326396e-06,0.0023680674574352,0,0,14.210261328218651,164.99131524160097,EGR1;JUN;KLF5;MYC;FOS;KLF4
GO_Biological_Process_2023,Integrated Stress Response Signaling (GO:0140467),5/29,9.2917445078737e-06,0.0023680674574352,0,0,21.128205128205128,244.79950290336265,CEBPB;JUN;MAFB;CEBPD;FOS
GO_Biological_Process_2023,Actin Filament Organization (GO:0007015),9/144,1.4841908030649196e-05,0.0033097454908347,0,0,6.863874345549738,76.31293766910882,MARCKS;GSN;ACTN1;TPM1;PLS3;DSTN;EMP2;RAC1;CNN3
GO_Biological_Process_2023,Bleb Assembly (GO:0032060),3/6,1.9269523068842994e-05,0.0038196476838684,0,0,100.49238578680205,1091.0444080855816,PMP22;EMP1;EMP2
GO_Biological_Process_2023,Regulation Of Endothelial Cell Migration (GO:0010594),7/88,2.8823844145484143e-05,0.0047517229310941,0,0,8.829591249280368,92.30726282845026,GRN;SPARC;EMP2;RAC1;APOE;DCN;RHOB
GO_Biological_Process_2023,Negative Regulation Of Peptidase Activity (GO:0010466),6/60,2.963485145494461e-05,0.0047517229310941,0,0,11.309278350515465,117.91686334351428,CST3;SERPINF1;SERPINH1;TIMP3;SERPING1;SERPINB5
GO_Biological_Process_2023,Negative Regulation Of Endothelial Cell Proliferation (GO:0001937),5/37,3.19622618683464e-05,0.0047517229310941,0,0,15.83974358974359,163.95646784574072,SPARC;CAV2;CAV1;CCL2;APOE
GO_Biological_Process_2023,Regulation Of Angiogenesis (GO:0045765),10/205,4.266585971572081e-05,0.0058550687486804,0,0,5.291497975708502,53.24364261140229,GRN;RNH1;SPARC;GPNMB;SERPINF1;HSPB1;EMP2;KLF4;DCN;RHOB
GO_Biological_Process_2023,Response To Cadmium Ion (GO:0046686),4/21,5.082545165940558e-05,0.0060864149413646,0,0,23.74909963985594,234.8100391955592,JUN;MT1X;FOS;MT1E
GO_Biological_Process_2023,Negative Regulation Of Endopeptidase Activity (GO:0010951),6/66,5.117501352044293e-05,0.0060864149413646,0,0,10.175257731958762,100.5341834341029,CST3;SERPINF1;SERPINH1;TIMP3;SERPING1;SERPINB5
GO_Biological_Process_2023,Aerobic Electron Transport Chain (GO:0019646),6/68,6.063573890742817e-05,0.006372807737553,0,0,9.84602593947456,95.61107634878178,NDUFB7;UQCRQ;NDUFS4;NDUFC2;NDUFC1;COX5B
GO_Biological_Process_2023,Cellular Response To Cadmium Ion (GO:0071276),4/22,6.16354107697523e-05,0.006372807737553,0,0,22.428571428571427,217.428716911634,JUN;MT1X;FOS;MT1E
GO_Biological_Process_2023,Positive Regulation Of Transcription By RNA Polymerase II (GO:0045944),23/938,6.766277687455208e-05,0.006372807737553,0,0,2.6819486894507736,25.74932058577306,KLF10;APP;EGR1;JUN;CEBPB;ANXA2;CD81;ADIRF;NUCKS1;FOS;KLF4;ETS2;DCN;PTMS;SEM1;NFKBIA;KLF5;NFIB;MYC;NFIC;HES1;TCF4;ATF3
GO_Biological_Process_2023,Mitochondrial ATP Synthesis Coupled Electron Transport (GO:0042775),6/70,7.144403293220934e-05,0.006372807737553,0,0,9.53737113402062,91.04943074916848,NDUFB7;UQCRQ;NDUFS4;NDUFC2;NDUFC1;COX5B
GO_Biological_Process_2023,Negative Regulation Of Epithelial Cell Proliferation (GO:0050680),6/70,7.144403293220934e-05,0.006372807737553,0,0,9.53737113402062,91.04943074916848,SPARC;CAV2;NFIB;CAV1;NUPR1;APOE
GO_Biological_Process_2023,Apoptotic Process (GO:0006915),10/228,0.0001037073614381671,0.0088101872764614,0,0,4.727667793336552,43.37132865551142,NFKBIA;APP;IFI27;MYC;PMP22;EMP1;EMP2;RTN4;IER3;RHOB
GO_Biological_Process_2023,Negative Regulation Of Cell Population Proliferation (GO:0008285),13/379,0.0001204455839313828,0.0096554946723335,0,0,3.691329885158236,33.31171439716541,KLF10;APP;GSTP1;APLP2;ATRAID;GPNMB;MYC;HES1;IGFBP7;APOE;NUPR1;HSPA1B;HSPA1A
GO_Biological_Process_2023,Negative Regulation Of Programmed Cell Death (GO:0043069),13/381,0.00012689218193988913,0.0096554946723335,0,0,3.670890490583585,32.935863786359,TSC22D1;PLK2;ANXA4;GSTP1;HSPB1;PTMS;MYC;NUPR1;GAS6;CRYAB;HSPA1B;HSPA1A;IER3
GO_Biological_Process_2023,Negative Regulation Of DNA-binding Transcription Factor Activity (GO:0043433),8/149,0.00012989454716143828,0.0096554946723335,0,0,5.809397163120567,51.98706136867632,NFKBIA;ANXA4;ID1;ID3;HES1;NUPR1;GAS6;KLF4
GO_Biological_Process_2023,Macrophage Chemotaxis (GO:0048246),3/11,0.00015320271943439296,0.0109325460588382,0,0,37.6751269035533,330.92884130781977,LGALS3;KLF5;CCL2
GO_Biological_Process_2023,Proton Motive Force-Driven Mitochondrial ATP Synthesis (GO:0042776),5/53,0.00018485918100710728,0.012473667927828,0,0,10.551282051282053,90.6979363837438,ATP5PF;NDUFB7;NDUFS4;NDUFC2;NDUFC1
GO_Biological_Process_2023,Positive Regulation Of Microtubule Polymerization (GO:0031116),4/29,0.00018946001545207968,0.012473667927828,0,0,16.142857142857142,138.36579697475634,ARL2;RAC1;HSPA1B;HSPA1A
GO_Biological_Process_2023,Negative Regulation Of Protein Catabolic Process (GO:0042177),5/54,0.0002020828777619212,0.012473667927828,0,0,10.33542647828362,87.92174350764732,CST3;SNX3;ANXA2;TIMP3;ATRAID
GO_Biological_Process_2023,Macrophage Migration (GO:1905517),3/12,0.00020276702349047895,0.012473667927828,0,0,33.48730964467005,284.75776049641166,LGALS3;KLF5;CCL2
GO_Biological_Process_2023,Cellular Respiration (GO:0045333),6/85,0.0002105199505203156,0.0125189197242747,0,0,7.7206055069816,65.36210680281118,NDUFB7;UQCRQ;NDUFS4;NDUFC2;NDUFC1;COX5B
GO_Biological_Process_2023,Receptor-Mediated Endocytosis (GO:0006898),7/122,0.00022859739941952917,0.0131554116311109,0,0,6.208380265825636,52.048255095605846,CD81;CAV2;CAV1;CLTB;CLTA;CD9;APOE
GO_Biological_Process_2023,Negative Regulation Of Transcription By RNA Polymerase II (GO:0000122),19/763,0.00024636783867806617,0.0137350070063021,0,0,2.6886472999465334,22.339123114057124,KLF10;JUN;CEBPB;HSBP1;CAV1;KLF4;ETS2;EFNA1;EID1;MAFB;IFI27;CCND1;MYC;NFIC;ID1;ID3;HES1;ATF3;HSPA1A
GO_Biological_Process_2023,Regulation Of Apoptotic Process (GO:0042981),18/705,0.0002667422046642597,0.0144202452460921,0,0,2.751523585584721,22.642914634850897,EGR1;JUN;TSC22D1;ACTN1;PLK2;ANXA4;GSTP1;HSPB1;RTN4;RHOB;PTMS;MYC;NUPR1;GAS6;CRYAB;HSPA1B;HSPA1A;IER3
GO_Biological_Process_2023,Positive Regulation Of DNA-templated Transcription (GO:0045893),26/1243,0.0002906042407856993,0.0152481754576966,0,0,2.281651696748175,18.580740599404084,APP;CEBPB;CD81;ADIRF;NUCKS1;ETS2;PTMS;MYC;HES1;APOE;KLF10;EGR1;JUN;ANXA2;FOS;KLF4;DCN;COL1A1;SEM1;NFKBIA;MAFB;KLF5;NFIB;NFIC;TCF4;ATF3
GO_Biological_Process_2023,Negative Regulation Of Endocytosis (GO:0045806),4/33,0.000316376872754873,0.0161261811712769,0,0,13.913441238564392,112.12252948199962,SNX3;LGALS3;CAV1;RAC1
GO_Biological_Process_2023,Negative Regulation Of Cellular Process (GO:0048523),15/537,0.0003446325130889834,0.0170784556486318,0,0,2.994408201304753,23.87451207496684,KLF10;APP;APLP2;TACSTD2;RTN4;RHOB;GJA1;GPNMB;MYC;CHMP2A;IGFBP7;NUPR1;CRYAB;HSPA1B;HSPA1A
GO_Biological_Process_2023,"Mitochondrial Electron Transport, NADH To Ubiquinone (GO:0006120)",4/34,0.0003557732688924604,0.0171540408568689,0,0,13.448979591836734,106.80126422611052,NDUFB7;NDUFS4;NDUFC2;NDUFC1
GO_Biological_Process_2023,Plasma Membrane Bounded Cell Projection Organization (GO:0120036),7/132,0.0003698806629953666,0.0173649237574666,0,0,5.70880829015544,45.11288779648466,APP;LIMA1;MAP1B;TPM1;RAB13;APOE;RAC1
GO_Biological_Process_2023,Cellular Response To Transforming Growth Factor Beta Stimulus (GO:0071560),6/96,0.00040752456417382895,0.0181737230797568,0,0,6.77319587628866,52.86756640129645,JUN;COL1A2;APLP2;ID1;FOS;ZFP36L1
GO_Biological_Process_2023,Oxidative Phosphorylation (GO:0006119),5/63,0.0004176696447701974,0.0181737230797568,0,0,8.72767462422635,67.90846318747721,ATP5PF;NDUFB7;NDUFS4;NDUFC2;NDUFC1
GO_Biological_Process_2023,Protein Polymerization (GO:0051258),5/63,0.0004176696447701974,0.0181737230797568,0,0,8.72767462422635,67.90846318747721,TPPP3;GSN;CHMP2A;RAC1;KRT5
GO_Biological_Process_2023,Regulation Of Erythrocyte Differentiation (GO:0045646),4/36,0.0004448946011773135,0.0188974278214363,0,0,12.607142857142858,97.2978079915696,MAFB;HSPA1B;ZFP36L1;HSPA1A
GO_Biological_Process_2023,Ruffle Organization (GO:0031529),3/16,0.0005011239651713426,0.0207908175317598,0,0,23.178836392034363,176.1280286078286,LIMA1;TPM1;RAC1
GO_Biological_Process_2023,Response To Reactive Oxygen Species (GO:0000302),5/66,0.0005183636414983251,0.0210172894643866,0,0,8.297183690626314,62.76681356484983,JUN;GSTP1;TPM1;FOS;APOE
GO_Biological_Process_2023,Membrane Assembly (GO:0071709),4/38,0.0005488816438829229,0.0217601078374918,0,0,11.864345738295318,89.07309099917518,ANXA2;CHMP2A;EMP2;DMKN
GO_Biological_Process_2023,Regulation Of Protein Tyrosine Kinase Activity (GO:0061097),4/39,0.0006068640222899578,0.0229539567503545,0,0,11.524781341107872,85.36642728574833,EFNA1;APP;CAV1;GAS6
GO_Biological_Process_2023,Negative Regulation Of DNA-templated Transcription (GO:0045892),22/1025,0.0006212852318774981,0.0229539567503545,0,0,2.316275891426843,17.1027332525018,KLF10;JUN;CEBPB;HSBP1;CAV1;KLF4;ETS2;EFNA1;EID1;MAFB;IFI27;CCND1;NFIB;MYC;NFIC;ID1;ID3;HES1;GAS6;CRYAB;ATF3;HSPA1A
GO_Biological_Process_2023,Regulation Of Endopeptidase Activity (GO:0052548),5/69,0.000636296477275603,0.0229539567503545,0,0,7.907051282051282,58.1946793072387,SERPINF1;SERPINH1;TIMP3;SERPING1;SERPINB5
GO_Biological_Process_2023,Lysosomal Transport (GO:0007041),6/105,0.0006569142848848823,0.0229539567503545,0,0,6.154639175257732,45.100931303106,GRN;LAMP1;PSAP;CHMP2A;RHOB;HSPA1A
GO_Biological_Process_2023,Negative Regulation Of MAPK Cascade (GO:0043409),6/105,0.0006569142848848823,0.0229539567503545,0,0,6.154639175257732,45.100931303106,MYC;CAV1;GSTP1;PEBP1;TIMP3;APOE
GO_Biological_Process_2023,Endothelial Cell Migration (GO:0043542),4/40,0.0006690615196291692,0.0229539567503545,0,0,11.20408163265306,81.89774214112175,S100A2;ID1;RAB13;EMP2
GO_Biological_Process_2023,Negative Regulation Of Mitotic Cell Cycle Phase Transition (GO:1901991),4/40,0.0006690615196291692,0.0229539567503545,0,0,11.20408163265306,81.89774214112175,GPNMB;CCL2;KLF4;ZFP36L1
GO_Biological_Process_2023,Negative Regulation Of Viral Entry Into Host Cell (GO:0046597),3/18,0.0007195272026923491,0.0242195571623235,0,0,20.086294416243653,145.36282995258424,IFITM3;SNX3;GSN
GO_Biological_Process_2023,Transforming Growth Factor Beta Receptor Signaling Pathway (GO:0007179),5/72,0.0007732638317856864,0.0255463458501048,0,0,7.55185610409491,54.10822023534692,JUN;COL1A2;APLP2;ID1;FOS
GO_Biological_Process_2023,Regulation Of Transcription By RNA Polymerase II (GO:0006357),35/2028,0.000942897347014999,0.0280492995464768,0,0,1.895254603232526,13.203391905620377,APP;CEBPB;CEBPD;CD81;ADIRF;NUCKS1;ETS2;PTMS;CCND1;MYC;HES1;KLF10;EGR1;JUN;ANXA2;HSBP1;ANXA4;CAV1;FOS;KLF4;DCN;EFNA1;SEM1;NFKBIA;EID1;MAFB;KLF5;IFI27;NFIB;NFIC;ID1;ID3;TCF4;ATF3;HSPA1A
GO_Biological_Process_2023,Cellular Heat Acclimation (GO:0070370),2/5,0.0009754681839454336,0.0280492995464768,0,0,66.65656565656566,462.1028413784856,HSPA1B;HSPA1A
GO_Biological_Process_2023,Glycolipid Transport (GO:0046836),2/5,0.0009754681839454336,0.0280492995464768,0,0,66.65656565656566,462.1028413784856,NPC2;PSAP
GO_Biological_Process_2023,Heat Acclimation (GO:0010286),2/5,0.0009754681839454336,0.0280492995464768,0,0,66.65656565656566,462.1028413784856,HSPA1B;HSPA1A
GO_Biological_Process_2023,Humoral Immune Response Mediated By Circulating Immunoglobulin (GO:0002455),2/5,0.0009754681839454336,0.0280492995464768,0,0,66.65656565656566,462.1028413784856,C1R;CD81
GO_Biological_Process_2023,Negative Regulation Of Erythrocyte Differentiation (GO:0045647),2/5,0.0009754681839454336,0.0280492995464768,0,0,66.65656565656566,462.1028413784856,MAFB;ZFP36L1
GO_Biological_Process_2023,Plasma Membrane Raft Assembly (GO:0044854),2/5,0.0009754681839454336,0.0280492995464768,0,0,66.65656565656566,462.1028413784856,CAV2;EMP2
GO_Biological_Process_2023,Regulation Of Mitotic Spindle Assembly (GO:1901673),3/20,0.0009905301969888136,0.0280492995464768,0,0,17.721409375933113,122.5837770787782,CHMP2A;HSPA1B;HSPA1A
GO_Biological_Process_2023,Negative Regulation Of Viral Life Cycle (GO:1903901),3/20,0.0009905301969888136,0.0280492995464768,0,0,17.721409375933113,122.5837770787782,IFITM3;SNX3;GSN
GO_Biological_Process_2023,Positive Regulation Of Macromolecule Metabolic Process (GO:0010604),11/364,0.0011373660153805,0.0308193694197922,0,0,3.2063342176656624,21.73586856501888,NFKBIA;APP;EGR1;GJA1;GSN;ANXA2;MYC;GAS6;KLF4;HSPA1B;HSPA1A
GO_Biological_Process_2023,Regulation Of Fibroblast Proliferation (GO:0048145),4/46,0.0011401784650819,0.0308193694197922,0,0,9.60058309037901,65.05902796595161,GSTP1;MYC;NDUFS4;GAS6
GO_Biological_Process_2023,Vacuolar Transport (GO:0007034),4/46,0.0011401784650819,0.0308193694197922,0,0,9.60058309037901,65.05902796595161,GRN;PSAP;CHMP2A;HSPA1A
GO_Biological_Process_2023,Modulation By Host Of Viral Process (GO:0044788),3/22,0.0013185462203513,0.0341144105741533,0,0,15.854394870424793,105.13406751270358,IFI27;CAV2;NUCKS1
GO_Biological_Process_2023,Positive Regulation Of Cholesterol Efflux (GO:0010875),3/22,0.0013185462203513,0.0341144105741533,0,0,15.854394870424793,105.13406751270358,NFKBIA;CAV1;APOE
GO_Biological_Process_2023,Regulation Of Tumor Necrosis Factor-Mediated Signaling Pathway (GO:0010803),4/48,0.0013385699216315,0.0341144105741533,0,0,9.16326530612245,60.625569437732594,GSTP1;GAS6;HSPA1B;HSPA1A
GO_Biological_Process_2023,Regulation Of DNA Binding (GO:0051101),4/48,0.0013385699216315,0.0341144105741533,0,0,9.16326530612245,60.625569437732594,NFKBIA;JUN;HES1;TXN
GO_Biological_Process_2023,Regulation Of Nucleotide-Binding Oligomerization Domain Containing 2 Signaling Pathway (GO:0070432),2/6,0.0014535707837741,0.0355228805240142,0,0,49.98989898989899,326.6206097208578,HSPA1B;HSPA1A
GO_Biological_Process_2023,Negative Regulation Of Stress-Activated Protein Kinase Signaling Cascade (GO:0070303),2/6,0.0014535707837741,0.0355228805240142,0,0,49.98989898989899,326.6206097208578,GSTP1;MYC
GO_Biological_Process_2023,Receptor-Mediated Virion Attachment To Host Cell (GO:0046813),2/6,0.0014535707837741,0.0355228805240142,0,0,49.98989898989899,326.6206097208578,CD81;GAS6
GO_Biological_Process_2023,Negative Regulation Of Growth (GO:0045926),6/124,0.0015592887441538,0.037104360427755,0,0,5.158658046479119,33.34311780301567,GJA1;MT1X;RTN4;HSPA1B;MT1E;HSPA1A
GO_Biological_Process_2023,Positive Regulation Of Transport (GO:0051050),4/50,0.0015598806233641,0.037104360427755,0,0,8.763975155279503,56.64285082988862,CEBPB;CD151;ANXA2;APOE
GO_Biological_Process_2023,Positive Regulation Of Endothelial Cell Migration (GO:0010595),5/85,0.0016330044910439,0.0383326317371379,0,0,6.32051282051282,40.560840018013536,GRN;SPARC;HSPB1;RAC1;RHOB
GO_Biological_Process_2023,Cholesterol Transport (GO:0030301),4/51,0.0016795486223,0.0385629885577839,0,0,8.577073382544507,54.80089627367308,LIMA1;NPC2;CAV1;APOE
GO_Biological_Process_2023,Regulation Of Supramolecular Fiber Organization (GO:1902903),3/24,0.0017076659731305,0.0385629885577839,0,0,14.343002175489485,91.40261395182884,MAP1B;ARL2;APOE
GO_Biological_Process_2023,Protein Kinase B Signaling (GO:0043491),3/24,0.0017076659731305,0.0385629885577839,0,0,14.343002175489485,91.40261395182884,CCL2;GAS6;ZFP36L1
GO_Biological_Process_2023,ATP Biosynthetic Process (GO:0006754),3/25,0.0019263332020576,0.0405231264235944,0,0,13.690355329949238,85.59397680666795,ATP5PF;ATP5MC3;ATP5MC1
GO_Biological_Process_2023,NADH Dehydrogenase Complex Assembly (GO:0010257),4/53,0.001937740092534,0.0405231264235944,0,0,8.226155768429821,51.382484683548725,NDUFB7;NDUFS4;NDUFC2;NDUFC1
GO_Biological_Process_2023,Mitochondrial Respiratory Chain Complex I Assembly (GO:0032981),4/53,0.001937740092534,0.0405231264235944,0,0,8.226155768429821,51.382484683548725,NDUFB7;NDUFS4;NDUFC2;NDUFC1
GO_Biological_Process_2023,Negative Regulation Of Cysteine-Type Endopeptidase Activity (GO:2000117),4/53,0.001937740092534,0.0405231264235944,0,0,8.226155768429821,51.382484683548725,CST3;SFN;GAS6;KLF4
GO_Biological_Process_2023,Positive Regulation Of Protein Modification Process (GO:0031401),8/225,0.0019724031324471,0.0405231264235944,0,0,3.760176651305684,23.420270107307864,EFNA1;APP;EGR1;GPNMB;CCND1;TXN;RAC1;GAS6
GO_Biological_Process_2023,Regulation Of Myeloid Leukocyte Differentiation (GO:0002761),2/7,0.0020216133697869,0.0405231264235944,0,0,39.98989898989899,248.09171029141777,CEBPB;PRXL2A
GO_Biological_Process_2023,Positive Regulation Of CoA-transferase Activity (GO:1905920),2/7,0.0020216133697869,0.0405231264235944,0,0,39.98989898989899,248.09171029141777,TSPO;APOE
GO_Biological_Process_2023,Positive Regulation Of Aspartic-Type Peptidase Activity (GO:1905247),2/7,0.0020216133697869,0.0405231264235944,0,0,39.98989898989899,248.09171029141777,EFNA1;GRN
GO_Biological_Process_2023,Positive Regulation Of Microtubule Nucleation (GO:0090063),2/7,0.0020216133697869,0.0405231264235944,0,0,39.98989898989899,248.09171029141777,HSPA1B;HSPA1A
GO_Biological_Process_2023,Regulation Of CoA-transferase Activity (GO:1905918),2/7,0.0020216133697869,0.0405231264235944,0,0,39.98989898989899,248.09171029141777,TSPO;APOE
GO_Biological_Process_2023,Epithelial Cell Differentiation (GO:0030855),6/132,0.0021411000582919,0.0423782536394317,0,0,4.829160530191458,29.682123892270933,LGALS3;CBR1;ANXA4;KRT14;KRT10;CNN3
GO_Biological_Process_2023,Negative Regulation Of Receptor-Mediated Endocytosis (GO:0048261),3/26,0.0021616710096346,0.0423782536394317,0,0,13.094460384021188,80.35905008065508,APP;ANXA2;RAC1
GO_Biological_Process_2023,Positive Regulation Of Binding (GO:0051099),5/91,0.0022064516446075,0.0427859753693463,0,0,5.877757901013715,35.950540003303175,APP;CAV1;HES1;TXN;APOE
GO_Biological_Process_2023,Positive Regulation Of Cell Differentiation (GO:0045597),9/283,0.002249735842944,0.0431562230517435,0,0,3.3579317460924063,20.473116683494386,COL1A1;GJA1;CEBPB;TACSTD2;ADIRF;TCF4;NBL1;ATRAID;ZFP36L1
GO_Biological_Process_2023,Positive Regulation Of Protein Catabolic Process (GO:0045732),5/92,0.0023146406127895,0.0436124541759481,0,0,5.809902740937224,35.257399700593666,CD81;PLK2;NUPR1;APOE;OAZ2
GO_Biological_Process_2023,Negative Regulation Of Multicellular Organismal Process (GO:0051241),8/231,0.002322412077755,0.0436124541759481,0,0,3.65788490284006,22.185616758361537,EFNA1;GJA1;GRN;GPNMB;NFIB;ID1;TACSTD2;GAS6
GO_Biological_Process_2023,Cellular Response To Peptide (GO:1901653),4/56,0.0023746314270888,0.0441285673534009,0,0,7.750392464678179,46.83494770645078,APP;GJA1;CAV1;ZFP36L1
GO_Biological_Process_2023,Myeloid Cell Development (GO:0061515),3/27,0.0024141059150854,0.0443996386856945,0,0,12.548223350253808,75.62094298941223,APP;CEBPB;ANXA2
GO_Biological_Process_2023,Positive Regulation Of Epithelial Cell Migration (GO:0010634),5/95,0.0026623763793661,0.0469445033149181,0,0,5.615384615384615,33.29101085304574,GRN;SPARC;RAC1;RTN4;RHOB
GO_Biological_Process_2023,Skin Morphogenesis (GO:0043589),2/8,0.0026777674677022,0.0469445033149181,0,0,33.323232323232325,197.36590289038227,COL1A1;COL1A2
GO_Biological_Process_2023,Negative Regulation Of Long-Term Synaptic Potentiation (GO:1900272),2/8,0.0026777674677022,0.0469445033149181,0,0,33.323232323232325,197.36590289038227,APP;APOE
GO_Biological_Process_2023,Positive Regulation Of Tumor Necrosis Factor-Mediated Signaling Pathway (GO:1903265),2/8,0.0026777674677022,0.0469445033149181,0,0,33.323232323232325,197.36590289038227,HSPA1B;HSPA1A
GO_Biological_Process_2023,Positive Regulation Of Fibroblast Proliferation (GO:0048146),3/28,0.0026840467141937,0.0469445033149181,0,0,12.045685279187817,71.31563234569973,MYC;NDUFS4;GAS6
GO_Biological_Process_2023,Positive Regulation Of Supramolecular Fiber Organization (GO:1902905),5/96,0.0027862697528819,0.0482592741664211,0,0,5.553395322626092,32.67091114865691,APP;GSN;ARL2;RAC1;APOE
GO_Biological_Process_2023,Aerobic Respiration (GO:0009060),4/59,0.0028749370578511,0.0490911351005636,0,0,7.326530612244898,42.87283866824234,NDUFB7;NDUFS4;NDUFC2;NDUFC1
GO_Biological_Process_2023,Regulation Of Muscle Contraction (GO:0006937),3/29,0.002971884860348,0.0490911351005636,0,0,11.581803982819212,67.38940857682955,CAV1;TPM1;MYL9
GO_Biological_Process_2023,Regulation Of Protein Modification By Small Protein Conjugation Or Removal (GO:1903320),3/29,0.002971884860348,0.0490911351005636,0,0,11.581803982819212,67.38940857682955,EGR1;HSPA1B;HSPA1A
GO_Biological_Process_2023,Regulation Of Spindle Assembly (GO:0090169),3/29,0.002971884860348,0.0490911351005636,0,0,11.581803982819212,67.38940857682955,CHMP2A;HSPA1B;HSPA1A
GO_Biological_Process_2023,Response To Steroid Hormone (GO:0048545),3/29,0.002971884860348,0.0490911351005636,0,0,11.581803982819212,67.38940857682955,CAV1;HSPA1B;HSPA1A
GO_Biological_Process_2023,protein-DNA Complex Organization (GO:0071824),4/60,0.0030565414874588,0.0500263304002434,0,0,7.19533527696793,41.66438194796197,MYC;NUCKS1;TCF4;HMGN3
GO_Biological_Process_2023,Regulation Of Vasculature Development (GO:1901342),3/30,0.0032779948419926,0.0531631163464981,0,0,11.152284263959393,63.79690278522437,RNH1;GPNMB;EMP2
GO_Biological_Process_2023,Actin-Mediated Cell Contraction (GO:0070252),2/9,0.0034202318391573,0.0535236280794442,0,0,28.561327561327563,162.17255858986445,GSN;EMP2
GO_Biological_Process_2023,Myelin Assembly (GO:0032288),2/9,0.0034202318391573,0.0535236280794442,0,0,28.561327561327563,162.17255858986445,PMP22;CD9
GO_Biological_Process_2023,Negative Regulation Of Protein Localization To Cell Surface (GO:2000009),2/9,0.0034202318391573,0.0535236280794442,0,0,28.561327561327563,162.17255858986445,LEPROT;TAX1BP3
GO_Biological_Process_2023,Positive Regulation Of Epidermis Development (GO:0045684),2/9,0.0034202318391573,0.0535236280794442,0,0,28.561327561327563,162.17255858986445,SFN;KRT10
GO_Biological_Process_2023,Positive Regulation Of Cholesterol Transport (GO:0032376),3/31,0.00360273455,0.0554075727344831,0,0,10.753444525018129,60.49954695168429,NFKBIA;CAV1;APOE
GO_Biological_Process_2023,Positive Regulation Of Mononuclear Cell Migration (GO:0071677),3/31,0.00360273455,0.0554075727344831,0,0,10.753444525018129,60.49954695168429,LGALS3;S100A14;GAS6
GO_Biological_Process_2023,Positive Regulation Of Protein Metabolic Process (GO:0051247),7/196,0.0036421691636645,0.0555352973331418,0,0,3.763385146804836,21.13206939337988,NFKBIA;APP;PLK2;PERP;APOE;KLF4;OAZ2
GO_Biological_Process_2023,Positive Regulation Of Interleukin-1 Production (GO:0032732),4/64,0.0038612882755342,0.0561172682177196,0,0,6.714285714285714,37.30963669275872,APP;EGR1;S100A13;HSPB1
GO_Biological_Process_2023,Positive Regulation Of Inflammatory Response (GO:0050729),5/104,0.0039322638791335,0.0561172682177196,0,0,5.102564102564102,28.260755222784237,NFKBIA;APP;GRN;CD81;NUPR1
GO_Biological_Process_2023,Regulation Of Cholesterol Efflux (GO:0010874),3/32,0.0039464456405227,0.0561172682177196,0,0,10.382110974969368,57.46436072810552,NFKBIA;CAV1;APOE
GO_Biological_Process_2023,Negative Regulation Of G1/S Transition Of Mitotic Cell Cycle (GO:2000134),3/32,0.0039464456405227,0.0561172682177196,0,0,10.382110974969368,57.46436072810552,GPNMB;CCL2;KLF4
GO_Biological_Process_2023,Purine Ribonucleoside Triphosphate Metabolic Process (GO:0009205),3/32,0.0039464456405227,0.0561172682177196,0,0,10.382110974969368,57.46436072810552,EFNA1;HSPA1B;HSPA1A
GO_Biological_Process_2023,Regulation Of Neuron Apoptotic Process (GO:0043523),5/105,0.0040960318506073,0.0561172682177196,0,0,5.051282051282051,27.770618287278307,EGR1;GRN;CCL2;NUPR1;APOE
GO_Biological_Process_2023,Regulation Of Inclusion Body Assembly (GO:0090083),2/10,0.0042472321345398,0.0561172682177196,0,0,24.98989898989899,136.4820277236255,HSPA1B;HSPA1A
GO_Biological_Process_2023,Actin Filament Depolymerization (GO:0030042),2/10,0.0042472321345398,0.0561172682177196,0,0,24.98989898989899,136.4820277236255,GSN;DSTN
GO_Biological_Process_2023,Regulation Of Microtubule Nucleation (GO:0010968),2/10,0.0042472321345398,0.0561172682177196,0,0,24.98989898989899,136.4820277236255,HSPA1B;HSPA1A
GO_Biological_Process_2023,Negative Regulation Of Inclusion Body Assembly (GO:0090084),2/10,0.0042472321345398,0.0561172682177196,0,0,24.98989898989899,136.4820277236255,HSPA1B;HSPA1A
GO_Biological_Process_2023,Negative Regulation Of Programmed Necrotic Cell Death (GO:0062099),2/10,0.0042472321345398,0.0561172682177196,0,0,24.98989898989899,136.4820277236255,NUPR1;YBX3
GO_Biological_Process_2023,Positive Regulation Of Phospholipid Transport (GO:2001140),2/10,0.0042472321345398,0.0561172682177196,0,0,24.98989898989899,136.4820277236255,TSPO;APOE
GO_Biological_Process_2023,Receptor-Mediated Endocytosis Of Virus By Host Cell (GO:0019065),2/10,0.0042472321345398,0.0561172682177196,0,0,24.98989898989899,136.4820277236255,CAV2;CAV1
GO_Biological_Process_2023,Cellular Response To Organic Cyclic Compound (GO:0071407),6/152,0.0043042453861882,0.0561172682177196,0,0,4.163395000706115,22.682814812779835,EGR1;CTNNA1;CCL2;HSPA1B;ZFP36L1;HSPA1A
GO_Biological_Process_2023,Actin Filament Bundle Assembly (GO:0051017),3/33,0.0043094538934011,0.0561172682177196,0,0,10.03553299492386,54.6629871343117,LIMA1;CALD1;PLS3
GO_Biological_Process_2023,Actin Filament Bundle Organization (GO:0061572),3/33,0.0043094538934011,0.0561172682177196,0,0,10.03553299492386,54.6629871343117,LIMA1;CALD1;PLS3
GO_Biological_Process_2023,Negative Regulation Of Epithelial Cell Migration (GO:0010633),3/33,0.0043094538934011,0.0561172682177196,0,0,10.03553299492386,54.6629871343117,TACSTD2;APOE;DCN
GO_Biological_Process_2023,Positive Regulation Of DNA Binding (GO:0043388),3/33,0.0043094538934011,0.0561172682177196,0,0,10.03553299492386,54.6629871343117,HES1;TXN;H1-0
GO_Biological_Process_2023,Positive Regulation Of Nitrogen Compound Metabolic Process (GO:0051173),3/33,0.0043094538934011,0.0561172682177196,0,0,10.03553299492386,54.6629871343117,NFKBIA;APP;KLF4
GO_Biological_Process_2023,Regulation Of Amyloid-Beta Formation (GO:1902003),3/33,0.0043094538934011,0.0561172682177196,0,0,10.03553299492386,54.6629871343117,EFNA1;APOE;RTN4
GO_Biological_Process_2023,Regulation Of Cell Population Proliferation (GO:0042127),16/766,0.0044814740675044,0.0579344183799119,0,0,2.208695652173913,11.944191534368716,KLF10;APP;JUN;TSC22D1;CD81;EMP2;ZFP36L1;GPNMB;MYC;S100A13;TSPO;HES1;IGFBP7;NUPR1;HSPA1B;HSPA1A
GO_Biological_Process_2023,Epithelium Development (GO:0060429),6/154,0.0045860832876239,0.0588602344253316,0,0,4.106714962385065,22.11354687931576,LGALS3;CBR1;ANXA4;KRT14;KRT10;CNN3
GO_Biological_Process_2023,Cellular Component Assembly (GO:0022607),8/260,0.0047539105427172,0.0602867009314688,0,0,3.232142857142857,17.28804604777118,LIMA1;GSN;CALD1;KRT14;PLS3;HES1;GAS6;RTN4
GO_Biological_Process_2023,Skin Development (GO:0043588),4/68,0.0047986051189846,0.0602867009314688,0,0,6.293367346938775,33.6029944353692,DSP;COL1A1;COL1A2;KRT10
GO_Biological_Process_2023,Intermediate Filament Organization (GO:0045109),4/68,0.0047986051189846,0.0602867009314688,0,0,6.293367346938775,33.6029944353692,DSP;KRT14;KRT5;KRT10
GO_Biological_Process_2023,Protein Stabilization (GO:0050821),7/208,0.0050297138001585,0.0612287663273892,0,0,3.53654009744026,18.716757209231154,EFNA1;GRN;LAMP1;CRYAB;HSPA1B;RTN4;HSPA1A
GO_Biological_Process_2023,Negative Regulation Of Cell Cycle G1/S Phase Transition (GO:1902807),3/35,0.0050945877067937,0.0612287663273892,0,0,9.407360406091373,49.666879272481374,GPNMB;CCL2;KLF4
GO_Biological_Process_2023,Platelet Aggregation (GO:0070527),3/35,0.0050945877067937,0.0612287663273892,0,0,9.407360406091373,49.666879272481374,ACTN1;HSPB1;MYL9
GO_Biological_Process_2023,Regulation Of Epithelial Cell Apoptotic Process (GO:1904035),2/11,0.0051570205394645,0.0612287663273892,0,0,22.21212121212121,117.00004466783103,NUPR1;ZFP36L1
GO_Biological_Process_2023,Regulation Of Muscle System Process (GO:0090257),2/11,0.0051570205394645,0.0612287663273892,0,0,22.21212121212121,117.00004466783103,TPM1;MYL9
GO_Biological_Process_2023,Regulation Of Ventricular Cardiac Muscle Cell Action Potential (GO:0098911),2/11,0.0051570205394645,0.0612287663273892,0,0,22.21212121212121,117.00004466783103,DSP;CAV1
GO_Biological_Process_2023,Positive Regulation Of Lipid Transport (GO:0032370),2/11,0.0051570205394645,0.0612287663273892,0,0,22.21212121212121,117.00004466783103,TSPO;APOE
GO_Biological_Process_2023,Cytoskeleton Organization (GO:0007010),5/111,0.0051824796611187,0.0612287663273892,0,0,4.763909046927915,25.06993624638882,DST;TPM1;CCL2;APOE;RAC1
GO_Biological_Process_2023,Negative Regulation Of Inflammatory Response (GO:0050728),5/111,0.0051824796611187,0.0612287663273892,0,0,4.763909046927915,25.06993624638882,GRN;PLK2;GSTP1;APOE;KLF4
GO_Biological_Process_2023,Negative Regulation Of Extrinsic Apoptotic Signaling Pathway (GO:2001237),4/70,0.0053199003877868,0.0620345325919024,0,0,6.1020408163265305,31.95212059737399,LGALS3;GSTP1;HSPA1B;HSPA1A
GO_Biological_Process_2023,Regulation Of Protein Phosphorylation (GO:0001932),8/265,0.005320226169597,0.0620345325919024,0,0,3.168450064850843,16.590763267542993,EFNA1;APP;GPNMB;CCND1;NDUFS4;HSPB1;RAC1;GAS6
GO_Biological_Process_2023,Regulation Of Macromolecule Metabolic Process (GO:0060255),6/162,0.0058508682994154,0.0672177617129403,0,0,3.894528152260111,20.02241261266993,APP;MYC;APOE;ATRAID;YBX3;ZFP36L1
GO_Biological_Process_2023,Cholesterol Homeostasis (GO:0042632),4/72,0.005877786338127,0.0672177617129403,0,0,5.921968787515006,30.41863718634327,LIMA1;NPC2;CAV1;APOE
GO_Biological_Process_2023,Negative Regulation Of Catabolic Process (GO:0009895),4/72,0.005877786338127,0.0672177617129403,0,0,5.921968787515006,30.41863718634327,CST3;SNX3;NUPR1;ATRAID
GO_Biological_Process_2023,Regulation Of Vascular Associated Smooth Muscle Cell Proliferation (GO:1904705),3/37,0.0059604378312344,0.067728796757467,0,0,8.853090474768587,45.35094165112317,GJA1;JUN;TPM1
GO_Biological_Process_2023,Astrocyte Activation (GO:0048143),2/12,0.0061478754316609,0.0683769650322635,0,0,19.98989898989899,101.78154350719132,APP;GRN
GO_Biological_Process_2023,Negative Regulation Of Complement Activation (GO:0045916),2/12,0.0061478754316609,0.0683769650322635,0,0,19.98989898989899,101.78154350719132,SERPING1;CD59
GO_Biological_Process_2023,Cellular Response To Reactive Oxygen Species (GO:0034614),4/73,0.0061707911267906,0.0683769650322635,0,0,5.835847382431234,29.692372629986004,JUN;TPM1;FOS;RHOB
GO_Biological_Process_2023,Sterol Homeostasis (GO:0055092),4/73,0.0061707911267906,0.0683769650322635,0,0,5.835847382431234,29.692372629986004,LIMA1;NPC2;CAV1;APOE
GO_Biological_Process_2023,Cellular Response To Oxidative Stress (GO:0034599),5/117,0.0064587671283627,0.0711261762777719,0,0,4.507326007326007,22.727365768827884,JUN;TPM1;FOS;HSPA1B;HSPA1A
GO_Biological_Process_2023,Positive Regulation Of Intracellular Signal Transduction (GO:1902533),12/525,0.0067426270432921,0.0735811677450662,0,0,2.3997760358342664,11.997213920991271,APP;GJA1;CD81;CAV2;PLK2;CAV1;S100A13;TXN;NUPR1;GAS6;RTN4;DCN
GO_Biological_Process_2023,Regulation Of Mitotic Spindle Organization (GO:0060236),3/39,0.006909073873999,0.0735811677450662,0,0,8.360406091370558,41.59234877252794,CHMP2A;HSPA1B;HSPA1A
GO_Biological_Process_2023,Regulation Of Nitric Oxide Biosynthetic Process (GO:0045428),3/39,0.006909073873999,0.0735811677450662,0,0,8.360406091370558,41.59234877252794,CAV1;RAC1;KLF4
GO_Biological_Process_2023,Negative Regulation Of Transport (GO:0051051),3/39,0.006909073873999,0.0735811677450662,0,0,8.360406091370558,41.59234877252794,SNX3;LGALS3;CRYAB
GO_Biological_Process_2023,Positive Regulation Of Intrinsic Apoptotic Signaling Pathway (GO:2001244),3/39,0.006909073873999,0.0735811677450662,0,0,8.360406091370558,41.59234877252794,MYC;CAV1;NUPR1
GO_Biological_Process_2023,Positive Regulation Of Angiogenesis (GO:0045766),5/119,0.0069291682629882,0.0735811677450662,0,0,4.427800269905533,22.01509154079102,GRN;HSPB1;EMP2;KLF4;RHOB
GO_Biological_Process_2023,Regulation Of Nitrogen Compound Metabolic Process (GO:0051171),2/13,0.0072181010363148,0.0757476014634454,0,0,18.171717171717173,89.6077061786221,ALDH2;APOE
GO_Biological_Process_2023,ncRNA Transcription (GO:0098781),2/13,0.0072181010363148,0.0757476014634454,0,0,18.171717171717173,89.6077061786221,CAVIN1;ZFP36L1
GO_Biological_Process_2023,Regulation Of Glycolytic Process (GO:0006110),3/40,0.0074150224240263,0.0758416400947017,0,0,8.134037590890383,39.89133172446582,APP;ARL2;NUPR1
GO_Biological_Process_2023,Cellular Response To Heat (GO:0034605),3/40,0.0074150224240263,0.0758416400947017,0,0,8.134037590890383,39.89133172446582,HSBP1;HSPA1B;HSPA1A
GO_Biological_Process_2023,Negative Regulation Of Protein Localization (GO:1903828),3/40,0.0074150224240263,0.0758416400947017,0,0,8.134037590890383,39.89133172446582,LEPROT;CTNNA1;TAX1BP3
GO_Biological_Process_2023,Negative Regulation Of Blood Vessel Morphogenesis (GO:2000181),4/77,0.0074396227671372,0.0758416400947017,0,0,5.514956667598546,27.02844489893672,SPARC;SERPINF1;KLF4;DCN
GO_Biological_Process_2023,Neutrophil Migration (GO:1990266),4/77,0.0074396227671372,0.0758416400947017,0,0,5.514956667598546,27.02844489893672,LGALS3;KLF5;CCL2;EMP2
GO_Biological_Process_2023,Regulation Of Protein Catabolic Process (GO:0042176),5/122,0.0076789367656166,0.0778364953969321,0,0,4.313609467455621,21.004147217080448,SNX3;PLK2;APOE;ATRAID;OAZ2
GO_Biological_Process_2023,Central Nervous System Development (GO:0007417),8/283,0.0077946443135738,0.0785629686746656,0,0,2.958333333333333,14.36069195577936,APP;MARCKS;GSN;NFIB;GSTP1;APLP2;NDUFS4;RTN4
GO_Biological_Process_2023,Regulation Of Cell Motility (GO:2000145),5/123,0.0079409235792846,0.0791572119361294,0,0,4.27683615819209,20.68160648499252,CAVIN1;TACSTD2;KRT5;RAC1;RHOB
GO_Biological_Process_2023,Negative Regulation Of Proteolysis (GO:0045861),3/41,0.0079423435743089,0.0791572119361294,0,0,7.919583222014427,38.29551599382337,CST3;EFNA1;TIMP3
GO_Biological_Process_2023,Negative Regulation Of Cellular Component Organization (GO:0051129),4/79,0.0081338984677975,0.0806159714808381,0,0,5.36734693877551,25.826143528716216,LGALS3;CRYAB;HSPA1B;HSPA1A
GO_Biological_Process_2023,Membrane Raft Organization (GO:0031579),2/14,0.0083660270881822,0.0814926297684807,0,0,16.656565656565657,79.67795051677446,ANXA2;EMP2
GO_Biological_Process_2023,Negative Regulation Of Receptor Signaling Pathway Via STAT (GO:1904893),2/14,0.0083660270881822,0.0814926297684807,0,0,16.656565656565657,79.67795051677446,LEPROT;CAV1
GO_Biological_Process_2023,Protein Localization To Vacuole (GO:0072665),2/14,0.0083660270881822,0.0814926297684807,0,0,16.656565656565657,79.67795051677446,CD81;RTN4
GO_Biological_Process_2023,Regulation Of Osteoclast Differentiation (GO:0045670),3/42,0.0084912352718872,0.0814926297684807,0,0,7.716126513080828,36.79605293636041,CEBPB;MAFB;PRXL2A
GO_Biological_Process_2023,Collagen Fibril Organization (GO:0030199),3/42,0.0084912352718872,0.0814926297684807,0,0,7.716126513080828,36.79605293636041,COL1A1;COL1A2;SERPINH1
GO_Biological_Process_2023,Wound Healing (GO:0042060),4/80,0.0084964288884178,0.0814926297684807,0,0,5.296455424274973,25.254078548459987,DSP;DST;TPM1;CHMP2A
GO_Biological_Process_2023,Extracellular Matrix Organization (GO:0030198),6/176,0.0086498721180764,0.0825207051264619,0,0,3.57125530624621,16.96421531881607,COL1A1;APP;COL1A2;GSN;SERPINH1;GAS6
GO_Biological_Process_2023,Regulation Of Interleukin-8 Production (GO:0032677),4/81,0.0088693778840417,0.0841647348145234,0,0,5.227405247813411,24.700277159233604,ANXA4;KLF4;HSPA1B;HSPA1A
GO_Biological_Process_2023,Energy Derivation By Oxidation Of Organic Compounds (GO:0015980),3/43,0.0090618828226133,0.0850863102923276,0,0,7.522842639593908,35.3850321555175,UQCRQ;NDUFS4;COX5B
GO_Biological_Process_2023,mRNA Catabolic Process (GO:0006402),3/43,0.0090618828226133,0.0850863102923276,0,0,7.522842639593908,35.3850321555175,RNH1;HSPA1B;HSPA1A
GO_Biological_Process_2023,Negative Regulation Of Cytokine Production (GO:0001818),6/178,0.009116387262003,0.0851499208136831,0,0,3.529369455766003,16.5798542587614,GPNMB;APLP2;ANXA4;RAC1;GAS6;KLF4
GO_Biological_Process_2023,Regulation Of Phosphorylation (GO:0042325),4/82,0.0092528602217495,0.0856893294188282,0,0,5.160125588697017,24.16395252997982,APP;NDUFS4;HSPB1;EMP2
GO_Biological_Process_2023,Regulation Of Monocyte Differentiation (GO:0045655),2/15,0.0095900084936835,0.0856893294188282,0,0,15.374514374514376,71.44588341233826,MYC;ZFP36L1
GO_Biological_Process_2023,Cellular Response To Zinc Ion (GO:0071294),2/15,0.0095900084936835,0.0856893294188282,0,0,15.374514374514376,71.44588341233826,MT1X;MT1E
GO_Biological_Process_2023,Negative Regulation Of Immune Effector Process (GO:0002698),2/15,0.0095900084936835,0.0856893294188282,0,0,15.374514374514376,71.44588341233826,LGALS3;GRN
GO_Biological_Process_2023,Negative Regulation Of Platelet Activation (GO:0010544),2/15,0.0095900084936835,0.0856893294188282,0,0,15.374514374514376,71.44588341233826,CD9;APOE
GO_Biological_Process_2023,Regulation Of Amyloid Fibril Formation (GO:1905906),2/15,0.0095900084936835,0.0856893294188282,0,0,15.374514374514376,71.44588341233826,APP;CRYAB
GO_Biological_Process_2023,Regulation Of Viral Entry Into Host Cell (GO:0046596),3/44,0.0096544592002155,0.0856893294188282,0,0,7.338987247740498,34.05536215760635,IFITM3;SNX3;GSN
GO_Biological_Process_2023,Response To Unfolded Protein (GO:0006986),3/44,0.0096544592002155,0.0856893294188282,0,0,7.338987247740498,34.05536215760635,SERPINH1;HSPB1;HSPA1A
GO_Biological_Process_2023,Lymphocyte Chemotaxis (GO:0048247),3/44,0.0096544592002155,0.0856893294188282,0,0,7.338987247740498,34.05536215760635,KLF5;CCL2;GAS6
GO_Biological_Process_2023,Positive Regulation Of Cytokine-Mediated Signaling Pathway (GO:0001961),3/44,0.0096544592002155,0.0856893294188282,0,0,7.338987247740498,34.05536215760635,GAS6;HSPA1B;HSPA1A
GO_Biological_Process_2023,Transmembrane Receptor Protein Serine/Threonine Kinase Signaling Pathway (GO:0007178),5/130,0.0099508954614366,0.0878831559564504,0,0,4.035897435897436,18.60586145140937,JUN;COL1A2;APLP2;ID1;FOS
GO_Biological_Process_2023,Regulation Of Cysteine-Type Endopeptidase Activity Involved In Apoptotic Process (GO:0043281),4/84,0.010051872319132,0.0879046089084878,0,0,5.030612244897959,23.14079802223381,MYC;SFN;GAS6;KLF4
GO_Biological_Process_2023,Regulation Of Interleukin-1 Beta Production (GO:0032651),4/84,0.010051872319132,0.0879046089084878,0,0,5.030612244897959,23.14079802223381,APP;EGR1;GSTP1;HSPB1
GO_Biological_Process_2023,Epidermis Development (GO:0008544),4/85,0.0104676198849292,0.0910938237790912,0,0,4.968253968253968,22.65259800022629,DSP;KRT14;EMP1;KRT5
GO_Biological_Process_2023,Regulation Of Stem Cell Proliferation (GO:0072091),2/16,0.0108884250018907,0.0917752741697316,0,0,14.275613275613276,64.52655688502057,GJA1;ZFP36L1
GO_Biological_Process_2023,Negative Regulation Of Amyloid-Beta Formation (GO:1902430),2/16,0.0108884250018907,0.0917752741697316,0,0,14.275613275613276,64.52655688502057,APOE;RTN4
GO_Biological_Process_2023,Negative Regulation Of Chemokine Production (GO:0032682),2/16,0.0108884250018907,0.0917752741697316,0,0,14.275613275613276,64.52655688502057,GSTP1;KLF4
GO_Biological_Process_2023,Negative Regulation Of Receptor Signaling Pathway Via JAK-STAT (GO:0046426),2/16,0.0108884250018907,0.0917752741697316,0,0,14.275613275613276,64.52655688502057,LEPROT;CAV1
GO_Biological_Process_2023,Positive Regulation By Host Of Viral Transcription (GO:0043923),2/16,0.0108884250018907,0.0917752741697316,0,0,14.275613275613276,64.52655688502057,JUN;NUCKS1
GO_Biological_Process_2023,Negative Regulation Of Angiogenesis (GO:0016525),4/86,0.0108943363724642,0.0917752741697316,0,0,4.90741662518666,22.179129424034084,SPARC;SERPINF1;KLF4;DCN
GO_Biological_Process_2023,Homotypic Cell-Cell Adhesion (GO:0034109),3/46,0.0109060303385555,0.0917752741697316,0,0,6.996930704757408,31.61520738006147,ACTN1;HSPB1;MYL9
GO_Biological_Process_2023,Regulation Of ERK1 And ERK2 Cascade (GO:0070372),7/244,0.0115947421200107,0.0971127696812171,0,0,2.9938348527579195,13.3441313312576,APP;GPNMB;GSTP1;TIMP3;CCL2;APOE;GAS6
GO_Biological_Process_2023,Negative Regulation Of Neuron Death (GO:1901215),4/88,0.0117810854608779,0.0977556114521221,0,0,4.790087463556851,21.274023659747563,GRN;GPNMB;CCL2;APOE
GO_Biological_Process_2023,Negative Regulation Of Protein Kinase Activity (GO:0006469),4/88,0.0117810854608779,0.0977556114521221,0,0,4.790087463556851,21.274023659747563,GSTP1;CAV1;HSPB1;SFN
GO_Biological_Process_2023,Positive Regulation Of Peptidyl-Serine Phosphorylation (GO:0033138),4/89,0.0122413166965711,0.0980774469989186,0,0,4.733493397358943,20.841280008372543,APP;CAV1;TXN;GAS6
GO_Biological_Process_2023,Regulation Of Cell Migration (GO:0030334),10/434,0.0122569967049847,0.0980774469989186,0,0,2.405163853028798,10.586709545859764,COL1A1;GRN;CD151;GPNMB;APLP2;CAV1;TPM1;KRT5;RAC1;RHOB
GO_Biological_Process_2023,Response To Interferon-Alpha (GO:0035455),2/17,0.0122596808748648,0.0980774469989186,0,0,13.323232323232324,58.64139939765107,IFITM3;GAS6
GO_Biological_Process_2023,Negative Regulation Of Fibroblast Proliferation (GO:0048147),2/17,0.0122596808748648,0.0980774469989186,0,0,13.323232323232324,58.64139939765107,GSTP1;MYC
GO_Biological_Process_2023,Negative Regulation Of Interleukin-8 Production (GO:0032717),2/17,0.0122596808748648,0.0980774469989186,0,0,13.323232323232324,58.64139939765107,ANXA4;KLF4
GO_Biological_Process_2023,Positive Chemotaxis (GO:0050918),2/17,0.0122596808748648,0.0980774469989186,0,0,13.323232323232324,58.64139939765107,LGALS3;GPNMB
GO_Biological_Process_2023,Positive Regulation By Host Of Viral Process (GO:0044794),2/17,0.0122596808748648,0.0980774469989186,0,0,13.323232323232324,58.64139939765107,CAV2;NUCKS1
GO_Biological_Process_2023,rRNA Transcription (GO:0009303),2/17,0.0122596808748648,0.0980774469989186,0,0,13.323232323232324,58.64139939765107,CAVIN1;ZFP36L1
GO_Biological_Process_2023,Mitochondrial Respiratory Chain Complex Assembly (GO:0033108),4/90,0.0127129141043288,0.1012492801880475,0,0,4.678215472235406,20.421051187786546,NDUFB7;NDUFS4;NDUFC2;NDUFC1
GO_Biological_Process_2023,Negative Regulation Of T Cell Activation (GO:0050868),3/49,0.0129514996055504,0.1022366163553185,0,0,6.539615978812624,28.42472661929245,LGALS3;CEBPB;GPNMB
GO_Biological_Process_2023,Negative Regulation Of Cysteine-Type Endopeptidase Activity Involved In Apoptotic Process (GO:0043154),3/49,0.0129514996055504,0.1022366163553185,0,0,6.539615978812624,28.42472661929245,SFN;GAS6;KLF4
GO_Biological_Process_2023,Regulation Of Epithelial Cell Proliferation (GO:0050678),4/91,0.0131959709139781,0.1037075423371678,0,0,4.62420830401126,20.012850913677784,GRN;MYC;NUPR1;ZFP36L1
GO_Biological_Process_2023,Regulation Of Epithelial Cell Migration (GO:0010632),3/50,0.0136786260429923,0.1044646707065912,0,0,6.400151204233719,27.468942123223947,TACSTD2;EMP2;RTN4
GO_Biological_Process_2023,Positive Regulation Of Fat Cell Differentiation (GO:0045600),3/50,0.0136786260429923,0.1044646707065912,0,0,6.400151204233719,27.468942123223947,CEBPB;ADIRF;ZFP36L1
GO_Biological_Process_2023,Regulation Of Epidermal Cell Differentiation (GO:0045604),2/18,0.0137022045657748,0.1044646707065912,0,0,12.48989898989899,53.58414643474309,SFN;ZFP36L1
GO_Biological_Process_2023,Regulation Of Epithelial Cell Differentiation (GO:0030856),2/18,0.0137022045657748,0.1044646707065912,0,0,12.48989898989899,53.58414643474309,CEBPB;CAV1
GO_Biological_Process_2023,Myoblast Fusion (GO:0007520),2/18,0.0137022045657748,0.1044646707065912,0,0,12.48989898989899,53.58414643474309,CD81;CD9
GO_Biological_Process_2023,Negative Regulation Of Amyloid Precursor Protein Catabolic Process (GO:1902992),2/18,0.0137022045657748,0.1044646707065912,0,0,12.48989898989899,53.58414643474309,APOE;RTN4
GO_Biological_Process_2023,Positive Regulation Of Natural Killer Cell Activation (GO:0032816),2/18,0.0137022045657748,0.1044646707065912,0,0,12.48989898989899,53.58414643474309,LAMP1;GAS6
GO_Biological_Process_2023,Positive Regulation Of Protein Phosphorylation (GO:0001934),9/377,0.0138759248630523,0.1053389359816402,0,0,2.4881629865695425,10.643365903703176,EFNA1;APP;GPNMB;CCND1;CD81;CAV1;TXN;RAC1;GAS6
GO_Biological_Process_2023,Protein Localization To Cell Periphery (GO:1990778),5/142,0.0141638053008007,0.1064165251581485,0,0,3.680142242186038,15.666606540766953,CD81;CAV1;RAB13;EMP2;GAS6
GO_Biological_Process_2023,Regulation Of Endothelial Cell Proliferation (GO:0001936),4/93,0.0141968234235646,0.1064165251581485,0,0,4.519834900252236,19.23070897367363,SPARC;CAV2;CAV1;APOE
GO_Biological_Process_2023,Regulation Of Peptidyl-Serine Phosphorylation (GO:0033135),4/93,0.0141968234235646,0.1064165251581485,0,0,4.519834900252236,19.23070897367363,APP;CAV1;TXN;GAS6
GO_Biological_Process_2023,Receptor Internalization (GO:0031623),3/51,0.0144285702203611,0.1077011266657923,0,0,6.266497461928934,26.5608314530226,CD81;CAV1;CD9
GO_Biological_Process_2023,Cellular Response To Hormone Stimulus (GO:0032870),4/94,0.0147147933134764,0.1085703037950403,0,0,4.469387755102041,18.85590868567605,CAV1;HSPA1B;ZFP36L1;HSPA1A
GO_Biological_Process_2023,Ras Protein Signal Transduction (GO:0007265),5/144,0.0149663146755444,0.1085703037950403,0,0,3.626821619627375,15.239735042336031,COL1A2;PLK2;TAX1BP3;RAC1;RHOB
GO_Biological_Process_2023,Rho Protein Signal Transduction (GO:0007266),3/52,0.0152014163710364,0.1085703037950403,0,0,6.1382989744121,25.69717025640832,COL1A2;TAX1BP3;RHOB
GO_Biological_Process_2023,Regulation Of Proteolysis (GO:0030162),3/52,0.0152014163710364,0.1085703037950403,0,0,6.1382989744121,25.69717025640832,CST3;PERP;CAV1
GO_Biological_Process_2023,Cell Cycle G1/S Phase Transition (GO:0044843),3/52,0.0152014163710364,0.1085703037950403,0,0,6.1382989744121,25.69717025640832,CCND1;MYC;PLK2
GO_Biological_Process_2023,Cellular Response To Ionizing Radiation (GO:0071479),3/52,0.0152014163710364,0.1085703037950403,0,0,6.1382989744121,25.69717025640832,NUCKS1;CRYAB;RHOB
GO_Biological_Process_2023,Regulation Of Cell Development (GO:0060284),3/52,0.0152014163710364,0.1085703037950403,0,0,6.1382989744121,25.69717025640832,GRN;ANXA2;HES1
GO_Biological_Process_2023,Regulation Of Integrin-Mediated Signaling Pathway (GO:2001044),2/19,0.0152144484017713,0.1085703037950403,0,0,11.754604872251932,49.19901329869125,CD63;EMP2
GO_Biological_Process_2023,Regulation Of Tissue Remodeling (GO:0034103),2/19,0.0152144484017713,0.1085703037950403,0,0,11.754604872251932,49.19901329869125,CST3;GPNMB
GO_Biological_Process_2023,Regulation Of Vascular Endothelial Growth Factor Signaling Pathway (GO:1900746),2/19,0.0152144484017713,0.1085703037950403,0,0,11.754604872251932,49.19901329869125,CD63;DCN
GO_Biological_Process_2023,Heme Biosynthetic Process (GO:0006783),2/19,0.0152144484017713,0.1085703037950403,0,0,11.754604872251932,49.19901329869125,PGRMC1;TSPO
GO_Biological_Process_2023,Regulation Of Protein Metabolic Process (GO:0051246),4/96,0.0157862373617276,0.1111108382166793,0,0,4.371783496007098,18.13685433330235,NFKBIA;APP;APOE;KLF4
GO_Biological_Process_2023,Regulation Of Cold-Induced Thermogenesis (GO:0120161),5/146,0.0157987425166026,0.1111108382166793,0,0,3.575013638843426,14.828530695116717,GJA1;CEBPB;APLP2;CAV1;ID1
GO_Biological_Process_2023,Positive Regulation Of Cellular Catabolic Process (GO:0031331),5/146,0.0157987425166026,0.1111108382166793,0,0,3.575013638843426,14.828530695116717,APP;TMEM59;PLK2;APOE;DCN
GO_Biological_Process_2023,Actin Polymerization Or Depolymerization (GO:0008154),3/53,0.0159972388139271,0.1111108382166793,0,0,6.01522842639594,24.875009582390742,GSN;DSTN;RAC1
GO_Biological_Process_2023,Blood Vessel Morphogenesis (GO:0048514),3/53,0.0159972388139271,0.1111108382166793,0,0,6.01522842639594,24.875009582390742,CAV1;ID1;HES1
GO_Biological_Process_2023,Regulation Of Receptor Signaling Pathway Via JAK-STAT (GO:0046425),3/53,0.0159972388139271,0.1111108382166793,0,0,6.01522842639594,24.875009582390742,LEPROT;CAV1;HES1
GO_Biological_Process_2023,Positive Regulation Of Multicellular Organismal Process (GO:0051240),9/387,0.0161877073011769,0.1111108382166793,0,0,2.421091997008227,9.983380435801871,COL1A1;GJA1;CEBPB;APLP2;CAV1;S100A13;APOE;GAS6;RTN4
GO_Biological_Process_2023,Negative Regulation Of Protein Metabolic Process (GO:0051248),5/147,0.0162263133118003,0.1111108382166793,0,0,3.549656915854099,14.628565928322413,SNX3;CST3;APOE;ATRAID;CRYAB
GO_Biological_Process_2023,Positive Regulation Of Cellular Process (GO:0048522),12/594,0.0166646678554118,0.1111108382166793,0,0,2.107699056810704,8.629898960767964,GRN;TSC22D1;CAVIN1;CD81;MYC;CAV1;TPM1;S100A13;HES1;EMP2;NUPR1;ZFP36L1
GO_Biological_Process_2023,Cellular Response To Copper Ion (GO:0071280),2/20,0.0167948882548689,0.1111108382166793,0,0,11.1010101010101,45.36628383483138,MT1X;MT1E
GO_Biological_Process_2023,Late Endosome To Vacuole Transport (GO:0045324),2/20,0.0167948882548689,0.1111108382166793,0,0,11.1010101010101,45.36628383483138,LEPROT;CHMP2A
GO_Biological_Process_2023,Microglial Cell Activation (GO:0001774),2/20,0.0167948882548689,0.1111108382166793,0,0,11.1010101010101,45.36628383483138,APP;GRN
GO_Biological_Process_2023,Peripheral Nervous System Development (GO:0007422),2/20,0.0167948882548689,0.1111108382166793,0,0,11.1010101010101,45.36628383483138,GSTM3;PMP22
GO_Biological_Process_2023,Positive Regulation Of Protein Processing (GO:0010954),2/20,0.0167948882548689,0.1111108382166793,0,0,11.1010101010101,45.36628383483138,GSN;ANXA2
GO_Biological_Process_2023,Positive Regulation Of Vascular Associated Smooth Muscle Cell Proliferation (GO:1904707),2/20,0.0167948882548689,0.1111108382166793,0,0,11.1010101010101,45.36628383483138,JUN;GJA1
GO_Biological_Process_2023,Regulation Of Calcium Ion Import (GO:0090279),2/20,0.0167948882548689,0.1111108382166793,0,0,11.1010101010101,45.36628383483138,LGALS3;CCL2
GO_Biological_Process_2023,Regulation Of Lipid Metabolic Process (GO:0019216),3/54,0.0168161021964705,0.1111108382166793,0,0,5.896984174380412,24.09164757699128,NPC2;CAV1;PSAP
GO_Biological_Process_2023,Apical Junction Assembly (GO:0043297),3/54,0.0168161021964705,0.1111108382166793,0,0,5.896984174380412,24.09164757699128,RAB13;CTNNA1;ARL2
GO_Biological_Process_2023,Negative Regulation Of Protein Modification By Small Protein Conjugation Or Removal (GO:1903321),3/54,0.0168161021964705,0.1111108382166793,0,0,5.896984174380412,24.09164757699128,CAV1;HSPA1B;HSPA1A
GO_Biological_Process_2023,Negative Regulation Of Protein Ubiquitination (GO:0031397),3/54,0.0168161021964705,0.1111108382166793,0,0,5.896984174380412,24.09164757699128,CAV1;HSPA1B;HSPA1A
GO_Biological_Process_2023,Positive Regulation Of Cold-Induced Thermogenesis (GO:0120162),4/98,0.0169055476223315,0.1112896566724705,0,0,4.278332609639601,17.456082420924414,GJA1;CEBPB;APLP2;CAV1
GO_Biological_Process_2023,Skeletal System Development (GO:0001501),5/149,0.0171044362969275,0.112184979241613,0,0,3.5,14.239460957930143,COL1A1;GJA1;COL1A2;PLS3;ETS2
GO_Biological_Process_2023,Axon Development (GO:0061564),4/99,0.0174833410127952,0.1142501112337974,0,0,4.233082706766917,17.129197930647717,APP;APLP2;MAP1B;RTN4
GO_Biological_Process_2023,Regulation Of Membrane Protein Ectodomain Proteolysis (GO:0051043),2/21,0.0184420232483939,0.1183473722127152,0,0,10.516214779372676,41.9925427496273,TIMP3;APOE
GO_Biological_Process_2023,Modulation By Host Of Viral Genome Replication (GO:0044827),2/21,0.0184420232483939,0.1183473722127152,0,0,10.516214779372676,41.9925427496273,IFI27;NUCKS1
GO_Biological_Process_2023,Negative Regulation Of Tumor Necrosis Factor-Mediated Signaling Pathway (GO:0010804),2/21,0.0184420232483939,0.1183473722127152,0,0,10.516214779372676,41.9925427496273,GSTP1;GAS6
GO_Biological_Process_2023,Porphyrin-Containing Compound Biosynthetic Process (GO:0006779),2/21,0.0184420232483939,0.1183473722127152,0,0,10.516214779372676,41.9925427496273,PGRMC1;TSPO
GO_Biological_Process_2023,Positive Regulation Of Granulocyte Chemotaxis (GO:0071624),2/21,0.0184420232483939,0.1183473722127152,0,0,10.516214779372676,41.9925427496273,RAC1;S100A14
GO_Biological_Process_2023,RNA Catabolic Process (GO:0006401),3/57,0.0194114444537247,0.1232384943254271,0,0,5.568527918781726,21.95053825283205,RNH1;HSPA1B;HSPA1A
GO_Biological_Process_2023,Monoatomic Anion Transport (GO:0006820),3/57,0.0194114444537247,0.1232384943254271,0,0,5.568527918781726,21.95053825283205,FXYD3;TSPO;VDAC2
GO_Biological_Process_2023,Positive Regulation Of Interleukin-1 Beta Production (GO:0032731),3/57,0.0194114444537247,0.1232384943254271,0,0,5.568527918781726,21.95053825283205,APP;EGR1;HSPB1
GO_Biological_Process_2023,Cellular Response To Growth Factor Stimulus (GO:0071363),5/155,0.0199263415207939,0.1244131687798822,0,0,3.358974358974359,13.152778650631731,APLP2;HSPB1;CCL2;KLF4;ZFP36L1
GO_Biological_Process_2023,Blood Vessel Endothelial Cell Migration (GO:0043534),2/22,0.0201543754357544,0.1244131687798822,0,0,9.98989898989899,39.00390099361183,ID1;EMP2
GO_Biological_Process_2023,Regulation Of Protein Export From Nucleus (GO:0046825),2/22,0.0201543754357544,0.1244131687798822,0,0,9.98989898989899,39.00390099361183,IFI27;GAS6
GO_Biological_Process_2023,Cellular Response To Low-Density Lipoprotein Particle Stimulus (GO:0071404),2/22,0.0201543754357544,0.1244131687798822,0,0,9.98989898989899,39.00390099361183,CD81;CD9
GO_Biological_Process_2023,Response To Gamma Radiation (GO:0010332),2/22,0.0201543754357544,0.1244131687798822,0,0,9.98989898989899,39.00390099361183,MYC;CRYAB
GO_Biological_Process_2023,Negative Regulation Of Extrinsic Apoptotic Signaling Pathway In Absence Of Ligand (GO:2001240),2/22,0.0201543754357544,0.1244131687798822,0,0,9.98989898989899,39.00390099361183,HSPA1B;HSPA1A
GO_Biological_Process_2023,Negative Regulation Of Myeloid Cell Differentiation (GO:0045638),2/22,0.0201543754357544,0.1244131687798822,0,0,9.98989898989899,39.00390099361183,MAFB;ZFP36L1
GO_Biological_Process_2023,Negative Regulation Of Signal Transduction In Absence Of Ligand (GO:1901099),2/22,0.0201543754357544,0.1244131687798822,0,0,9.98989898989899,39.00390099361183,HSPA1B;HSPA1A
GO_Biological_Process_2023,Positive Regulation Of Vasculature Development (GO:1904018),4/104,0.0205564585653846,0.126457662347056,0,0,4.020408163265306,15.617597552926842,GRN;HSPB1;EMP2;RHOB
GO_Biological_Process_2023,Positive Regulation Of Protein Binding (GO:0032092),3/59,0.0212576490223405,0.1298754995063544,0,0,5.369108049311095,20.676641778420727,APP;CAV1;APOE
GO_Biological_Process_2023,Regulation Of Cell Death (GO:0010941),3/59,0.0212576490223405,0.1298754995063544,0,0,5.369108049311095,20.676641778420727,CHMP2A;CRYAB;HSPA1B
GO_Biological_Process_2023,Regulation Of G1/S Transition Of Mitotic Cell Cycle (GO:2000045),4/106,0.0218728194145835,0.1312885679976185,0,0,3.941176470588236,15.06518858152958,GPNMB;APLP2;CCL2;KLF4
GO_Biological_Process_2023,Cholesterol Efflux (GO:0033344),2/23,0.02193048949736,0.1312885679976185,0,0,9.513708513708512,36.34120010270031,NPC2;APOE
GO_Biological_Process_2023,Negative Regulation Of Lymphocyte Activation (GO:0051250),2/23,0.02193048949736,0.1312885679976185,0,0,9.513708513708512,36.34120010270031,LGALS3;GPNMB
GO_Biological_Process_2023,Negative Regulation Of Oxidative Stress-Induced Cell Death (GO:1903202),2/23,0.02193048949736,0.1312885679976185,0,0,9.513708513708512,36.34120010270031,HSPB1;TXN
GO_Biological_Process_2023,Positive Regulation Of Epithelial Cell Apoptotic Process (GO:1904037),2/23,0.02193048949736,0.1312885679976185,0,0,9.513708513708512,36.34120010270031,GSN;CCL2
GO_Biological_Process_2023,Positive Regulation Of Neuron Apoptotic Process (GO:0043525),2/23,0.02193048949736,0.1312885679976185,0,0,9.513708513708512,36.34120010270031,GRN;NUPR1
GO_Biological_Process_2023,Regulation Of Extrinsic Apoptotic Signaling Pathway (GO:2001236),3/60,0.0222156039824466,0.1321087916822829,0,0,5.274646005877639,20.080368230600836,LGALS3;GSTP1;CAV1
GO_Biological_Process_2023,Positive Regulation Of Phagocytosis (GO:0050766),3/60,0.0222156039824466,0.1321087916822829,0,0,5.274646005877639,20.080368230600836,APLP2;CCL2;GAS6
GO_Biological_Process_2023,Positive Regulation Of Gene Expression (GO:0010628),10/480,0.0229766638758522,0.1354753210395371,0,0,2.16461366181411,8.167685195467971,APP;EGR1;GJA1;GSN;MYC;S100A13;GAS6;KLF4;HSPA1B;HSPA1A
GO_Biological_Process_2023,Negative Regulation Of Intrinsic Apoptotic Signaling Pathway (GO:2001243),3/61,0.0231968013804758,0.1354753210395371,0,0,5.183441274286714,19.50912983009035,HSPB1;YBX3;HSPA1A
GO_Biological_Process_2023,Response To Tumor Necrosis Factor (GO:0034612),4/108,0.0232396426983522,0.1354753210395371,0,0,3.864992150706436,14.53969743553625,NFKBIA;CCL2;YBX3;ZFP36L1
GO_Biological_Process_2023,Positive Regulation Of Metabolic Process (GO:0009893),4/108,0.0232396426983522,0.1354753210395371,0,0,3.864992150706436,14.53969743553625,GJA1;CEBPB;APLP2;CAV1
GO_Biological_Process_2023,ERK1 And ERK2 Cascade (GO:0070371),2/24,0.0237689324469591,0.1354753210395371,0,0,9.08080808080808,33.956554984338226,MYC;ZFP36L1
GO_Biological_Process_2023,Regulation Of Ruffle Assembly (GO:1900027),2/24,0.0237689324469591,0.1354753210395371,0,0,9.08080808080808,33.956554984338226,CAV1;TACSTD2
GO_Biological_Process_2023,Response To Copper Ion (GO:0046688),2/24,0.0237689324469591,0.1354753210395371,0,0,9.08080808080808,33.956554984338226,MT1X;MT1E
GO_Biological_Process_2023,Endosome Transport Via Multivesicular Body Sorting Pathway (GO:0032509),2/24,0.0237689324469591,0.1354753210395371,0,0,9.08080808080808,33.956554984338226,LEPROT;CHMP2A
GO_Biological_Process_2023,Eosinophil Chemotaxis (GO:0048245),2/24,0.0237689324469591,0.1354753210395371,0,0,9.08080808080808,33.956554984338226,LGALS3;CCL2
GO_Biological_Process_2023,Eosinophil Migration (GO:0072677),2/24,0.0237689324469591,0.1354753210395371,0,0,9.08080808080808,33.956554984338226,LGALS3;CCL2
GO_Biological_Process_2023,Gliogenesis (GO:0042063),2/24,0.0237689324469591,0.1354753210395371,0,0,9.08080808080808,33.956554984338226,NFIB;CD9
GO_Biological_Process_2023,Mononuclear Cell Differentiation (GO:1903131),2/24,0.0237689324469591,0.1354753210395371,0,0,9.08080808080808,33.956554984338226,LY6D;GAS6
GO_Biological_Process_2023,Regulation Of Actin Nucleation (GO:0051125),2/24,0.0237689324469591,0.1354753210395371,0,0,9.08080808080808,33.956554984338226,GSN;RNH1
GO_Biological_Process_2023,Positive Regulation Of Cell Population Proliferation (GO:0008284),10/483,0.0238565572504829,0.1355417138052918,0,0,2.1505507955936354,8.033804353949503,GJA1;GRN;TSC22D1;CD81;MYC;NDUFS4;S100A13;HES1;EMP2;GAS6
GO_Biological_Process_2023,Positive Regulation Of Cell Motility (GO:2000147),6/221,0.023983389427991,0.1357704607198119,0,0,2.8173099976024933,10.509675734825342,COL1A1;GRN;CD151;GPNMB;CAVIN1;CAV1
GO_Biological_Process_2023,Negative Regulation Of Cell Migration (GO:0030336),5/163,0.0241406347413341,0.1357704607198119,0,0,3.187601428107757,11.870177531683645,GJA1;TPM1;TACSTD2;RAC1;RHOB
GO_Biological_Process_2023,Negative Regulation Of Kinase Activity (GO:0033673),3/62,0.0242012368323431,0.1357704607198119,0,0,5.095328228512432,18.96150754157799,GSTP1;HSPB1;SFN
GO_Biological_Process_2023,Regulation Of T Cell Activation (GO:0050863),3/62,0.0242012368323431,0.1357704607198119,0,0,5.095328228512432,18.96150754157799,LGALS3;GPNMB;CCL2
GO_Biological_Process_2023,Positive Regulation Of Nucleic Acid-Templated Transcription (GO:1903508),11/557,0.0248033009201005,0.138711877245954,0,0,2.052386766672481,7.58721934055376,COL1A1;EGR1;JUN;CEBPB;MAFB;NFIB;MYC;TCF4;APOE;FOS;KLF4
GO_Biological_Process_2023,G1/S Transition Of Mitotic Cell Cycle (GO:0000082),3/63,0.0252288983054118,0.1391861254807804,0,0,5.01015228426396,18.43618393885774,CCND1;MYC;PLK2
GO_Biological_Process_2023,Regulation Of Cellular Catabolic Process (GO:0031329),3/63,0.0252288983054118,0.1391861254807804,0,0,5.01015228426396,18.43618393885774,PSAP;HSPB1;NUPR1
GO_Biological_Process_2023,Mitotic Cell Cycle Phase Transition (GO:0044772),4/111,0.0253853633106351,0.1391861254807804,0,0,3.75605569330536,13.798180534058352,CCND1;MYC;PLK2;CHMP2A
GO_Biological_Process_2023,Activation Of Protein Kinase B Activity (GO:0032148),2/25,0.0256682933201663,0.1391861254807804,0,0,8.685551163812033,31.810820468950148,TXN;GAS6
GO_Biological_Process_2023,Regulation Of Monocyte Chemotaxis (GO:0090025),2/25,0.0256682933201663,0.1391861254807804,0,0,8.685551163812033,31.810820468950148,S100A14;NBL1
GO_Biological_Process_2023,Cellular Response To Steroid Hormone Stimulus (GO:0071383),2/25,0.0256682933201663,0.1391861254807804,0,0,8.685551163812033,31.810820468950148,HSPA1B;HSPA1A
GO_Biological_Process_2023,Response To Zinc Ion (GO:0010043),2/25,0.0256682933201663,0.1391861254807804,0,0,8.685551163812033,31.810820468950148,MT1X;MT1E
GO_Biological_Process_2023,Sterol Transport (GO:0015918),2/25,0.0256682933201663,0.1391861254807804,0,0,8.685551163812033,31.810820468950148,NPC2;CAV1
GO_Biological_Process_2023,Negative Regulation Of Protein Transport (GO:0051224),2/25,0.0256682933201663,0.1391861254807804,0,0,8.685551163812033,31.810820468950148,SNX3;APOE
GO_Biological_Process_2023,Regulation Of Biomineral Tissue Development (GO:0070167),2/25,0.0256682933201663,0.1391861254807804,0,0,8.685551163812033,31.810820468950148,CEBPB;GAS6
GO_Biological_Process_2023,Negative Regulation Of Cell Death (GO:0060548),3/64,0.0262797663190797,0.1420700094340552,0,0,4.927768993925272,17.931934435559224,GPNMB;CHMP2A;HSPA1B
GO_Biological_Process_2023,Positive Regulation Of Cellular Component Organization (GO:0051130),4/113,0.0268800168319432,0.144875981958268,0,0,3.686762778505898,13.332706188429968,LGALS3;CD151;ANXA2;APOE
GO_Biological_Process_2023,Positive Regulation Of Cell Cycle (GO:0045787),3/65,0.0273538141573354,0.1462519118540158,0,0,4.848043229081382,17.447619395780233,APP;CCND1;NUPR1
GO_Biological_Process_2023,Cellular Response To Xenobiotic Stimulus (GO:0071466),2/26,0.0276271829006745,0.1462519118540158,0,0,8.323232323232324,29.871707121892776,MYC;GAS6
GO_Biological_Process_2023,Mitotic G1 DNA Damage Checkpoint Signaling (GO:0031571),2/26,0.0276271829006745,0.1462519118540158,0,0,8.323232323232324,29.871707121892776,CCND1;PLK2
GO_Biological_Process_2023,Positive Regulation Of Erythrocyte Differentiation (GO:0045648),2/26,0.0276271829006745,0.1462519118540158,0,0,8.323232323232324,29.871707121892776,HSPA1B;HSPA1A
GO_Biological_Process_2023,Positive Regulation Of Microtubule Polymerization Or Depolymerization (GO:0031112),2/26,0.0276271829006745,0.1462519118540158,0,0,8.323232323232324,29.871707121892776,ARL2;RAC1
GO_Biological_Process_2023,Regulation Of Cardiac Muscle Cell Contraction (GO:0086004),2/26,0.0276271829006745,0.1462519118540158,0,0,8.323232323232324,29.871707121892776,DSP;CAV1
GO_Biological_Process_2023,Regulation Of Endocytosis (GO:0030100),3/66,0.0284510080327513,0.1501674506817408,0,0,4.7708484408992025,16.982177034654356,LGALS3;CD151;APOE
GO_Biological_Process_2023,Positive Regulation Of Phosphorylation (GO:0042327),6/231,0.0289472100311878,0.1523357601641273,0,0,2.6907216494845363,9.531293390352392,EFNA1;APP;GPNMB;CCND1;RAC1;GAS6
GO_Biological_Process_2023,Regulation Of Neurogenesis (GO:0050767),3/67,0.0295713073395418,0.1524072403480137,0,0,4.696065989847716,16.534616995789808,APLP2;SERPINF1;HES1
GO_Biological_Process_2023,Regulation Of Extrinsic Apoptotic Signaling Pathway In Absence Of Ligand (GO:2001239),2/27,0.0296442334084981,0.1524072403480137,0,0,7.98989898989899,28.11236101024157,HSPA1B;HSPA1A
GO_Biological_Process_2023,Regulation Of Microtubule Polymerization Or Depolymerization (GO:0031110),2/27,0.0296442334084981,0.1524072403480137,0,0,7.98989898989899,28.11236101024157,MAP1B;ARL2
GO_Biological_Process_2023,Regulation Of Peptidase Activity (GO:0052547),2/27,0.0296442334084981,0.1524072403480137,0,0,7.98989898989899,28.11236101024157,CST3;CAV1
GO_Biological_Process_2023,Chaperone Cofactor-Dependent Protein Refolding (GO:0051085),2/27,0.0296442334084981,0.1524072403480137,0,0,7.98989898989899,28.11236101024157,HSPA1B;HSPA1A
GO_Biological_Process_2023,Clathrin-Dependent Endocytosis (GO:0072583),2/27,0.0296442334084981,0.1524072403480137,0,0,7.98989898989899,28.11236101024157,CLTB;CLTA
GO_Biological_Process_2023,Cortical Cytoskeleton Organization (GO:0030865),2/27,0.0296442334084981,0.1524072403480137,0,0,7.98989898989899,28.11236101024157,RAB13;RAC1
GO_Biological_Process_2023,Peptide Cross-Linking (GO:0018149),2/27,0.0296442334084981,0.1524072403480137,0,0,7.98989898989899,28.11236101024157,DSP;KRT10
GO_Biological_Process_2023,Positive Regulation Of Developmental Process (GO:0051094),6/233,0.0300152354536355,0.1538712070381777,0,0,2.6667423588718835,9.349732521407814,GJA1;CEBPB;APOE;KRT10;RTN4;DCN
GO_Biological_Process_2023,Nervous System Development (GO:0007399),9/433,0.0305648033455183,0.1562395678177788,0,0,2.1533142349106,7.510557961746942,APP;MARCKS;GSN;GSTP1;APLP2;PMP22;HES1;NBL1;ITM2B
GO_Biological_Process_2023,Regulation Of Protein Kinase Activity (GO:0045859),4/119,0.0316752226302636,0.1589468743043442,0,0,3.4933451641526174,12.059797873871938,GSTP1;HSPB1;SFN;GAS6
GO_Biological_Process_2023,Regulation Of Protein-Containing Complex Assembly (GO:0043254),4/119,0.0316752226302636,0.1589468743043442,0,0,3.4933451641526174,12.059797873871938,LGALS3;GSN;APOE;CRYAB
GO_Biological_Process_2023,Cellular Response To Tumor Necrosis Factor (GO:0071356),4/119,0.0316752226302636,0.1589468743043442,0,0,3.4933451641526174,12.059797873871938,NFKBIA;CCL2;YBX3;ZFP36L1
GO_Biological_Process_2023,Apoptotic Cell Clearance (GO:0043277),2/28,0.0317180982356202,0.1589468743043442,0,0,7.682206682206682,26.51027997028578,RAC1;GAS6
GO_Biological_Process_2023,Cellular Response To Osmotic Stress (GO:0071470),2/28,0.0317180982356202,0.1589468743043442,0,0,7.682206682206682,26.51027997028578,YBX3;ZFP36L1
GO_Biological_Process_2023,Protein Depolymerization (GO:0051261),2/28,0.0317180982356202,0.1589468743043442,0,0,7.682206682206682,26.51027997028578,GSN;DSTN
GO_Biological_Process_2023,Regulation Of Cardiac Muscle Cell Action Potential (GO:0098901),2/28,0.0317180982356202,0.1589468743043442,0,0,7.682206682206682,26.51027997028578,DSP;CAV1
GO_Biological_Process_2023,Neutrophil Chemotaxis (GO:0030593),3/70,0.0330703326834923,0.1647974120317046,0,0,4.485112508523373,15.290280888801105,LGALS3;KLF5;CCL2
GO_Biological_Process_2023,Positive Regulation Of Protein Polymerization (GO:0032273),3/70,0.0330703326834923,0.1647974120317046,0,0,4.485112508523373,15.290280888801105,TPPP3;ARL2;RAC1
GO_Biological_Process_2023,Regulation Of Developmental Growth (GO:0048638),2/29,0.0338474516440146,0.1668062257815526,0,0,7.397306397306397,25.046477343523872,APP;APOE
GO_Biological_Process_2023,Negative Regulation Of DNA Binding (GO:0043392),2/29,0.0338474516440146,0.1668062257815526,0,0,7.397306397306397,25.046477343523872,NFKBIA;JUN
GO_Biological_Process_2023,Positive Regulation Of Calcium Ion Transport (GO:0051928),2/29,0.0338474516440146,0.1668062257815526,0,0,7.397306397306397,25.046477343523872,LGALS3;CCL2
GO_Biological_Process_2023,Regulation Of Blood Coagulation (GO:0030193),2/29,0.0338474516440146,0.1668062257815526,0,0,7.397306397306397,25.046477343523872,CAV1;APOE
GO_Biological_Process_2023,Positive Regulation Of ERK1 And ERK2 Cascade (GO:0070374),5/179,0.0341950566627888,0.1671038529173826,0,0,2.892130857648099,9.76289148270089,APP;GPNMB;CCL2;APOE;GAS6
GO_Biological_Process_2023,Cell-Cell Junction Assembly (GO:0007043),3/71,0.0342825169101805,0.1671038529173826,0,0,4.418931024186325,14.905583581524706,GJA1;CTNNA1;CD9
GO_Biological_Process_2023,Negative Regulation Of Supramolecular Fiber Organization (GO:1902904),3/71,0.0342825169101805,0.1671038529173826,0,0,4.418931024186325,14.905583581524706,LIMA1;APOE;CRYAB
GO_Biological_Process_2023,Positive Regulation Of Cell-Substrate Adhesion (GO:0010811),3/71,0.0342825169101805,0.1671038529173826,0,0,4.418931024186325,14.905583581524706,ARL2;EMP2;RAC1
GO_Biological_Process_2023,Regulation Of Autophagy (GO:0010506),6/241,0.0345449269791902,0.1679241137081073,0,0,2.5749067778021497,8.665834781090904,TMEM59;PLK2;PSAP;HSPB1;NUPR1;DCN
GO_Biological_Process_2023,Cellular Response To Cytokine Stimulus (GO:0071345),7/308,0.0356892794869053,0.1730154201213019,0,0,2.3495601879744545,7.830860733311136,NFKBIA;EGR1;CCL2;MT1X;GAS6;YBX3;ZFP36L1
GO_Biological_Process_2023,Negative Regulation Of Interleukin-1 Production (GO:0032692),2/30,0.0360309884965366,0.1732595241989793,0,0,7.132756132756133,23.70482996930019,GSTP1;GAS6
GO_Biological_Process_2023,Negative Regulation Of Myeloid Leukocyte Differentiation (GO:0002762),2/30,0.0360309884965366,0.1732595241989793,0,0,7.132756132756133,23.70482996930019,MAFB;MYC
GO_Biological_Process_2023,"Phagocytosis, Engulfment (GO:0006911)",2/30,0.0360309884965366,0.1732595241989793,0,0,7.132756132756133,23.70482996930019,GSN;RAC1
GO_Biological_Process_2023,Positive Regulation Of MAPK Cascade (GO:0043410),7/310,0.0367564124218797,0.1758900864525478,0,0,2.333812137690453,7.709614391407912,APP;GPNMB;CD81;CAV2;CCL2;APOE;GAS6
GO_Biological_Process_2023,Granulocyte Chemotaxis (GO:0071621),3/73,0.0367752254746638,0.1758900864525478,0,0,4.292240754169688,14.17697453700434,LGALS3;KLF5;CCL2
GO_Biological_Process_2023,Negative Regulation Of Cell Growth (GO:0030308),4/125,0.0369417778707116,0.1762142559394375,0,0,3.3191094619666046,10.947791065360018,GJA1;RTN4;HSPA1B;HSPA1A
GO_Biological_Process_2023,Positive Regulation Of Intracellular Protein Transport (GO:0090316),4/126,0.037865638640637,0.1796554852061216,0,0,3.2917363666778185,10.7761942449666,LEPROT;CD81;GAS6;OAZ2
GO_Biological_Process_2023,Negative Regulation Of Neuron Apoptotic Process (GO:0043524),3/74,0.0380555884306284,0.1796554852061216,0,0,4.231572174161721,13.83177100318916,GRN;CCL2;APOE
GO_Biological_Process_2023,Regulation Of Centrosome Duplication (GO:0010824),2/31,0.0382674239788824,0.1796554852061216,0,0,6.886450714036921,22.47156498788087,PLK2;CHMP2A
GO_Biological_Process_2023,Actin Filament Polymerization (GO:0030041),2/31,0.0382674239788824,0.1796554852061216,0,0,6.886450714036921,22.47156498788087,GSN;RAC1
GO_Biological_Process_2023,Regulation Of Long-Term Synaptic Potentiation (GO:1900271),2/31,0.0382674239788824,0.1796554852061216,0,0,6.886450714036921,22.47156498788087,APP;APOE
GO_Biological_Process_2023,Regulation Of Protein Localization To Cell Surface (GO:2000008),2/31,0.0382674239788824,0.1796554852061216,0,0,6.886450714036921,22.47156498788087,LEPROT;TAX1BP3
GO_Biological_Process_2023,Regulation Of Tumor Necrosis Factor Production (GO:0032680),4/127,0.0388026991948337,0.1812146999046688,0,0,3.264808362369338,10.608229071142864,APP;GSTP1;HSPB1;GAS6
GO_Biological_Process_2023,Regulation Of Anatomical Structure Morphogenesis (GO:0022603),4/127,0.0388026991948337,0.1812146999046688,0,0,3.264808362369338,10.608229071142864,RNH1;SPARC;GPNMB;EMP2
GO_Biological_Process_2023,Regulation Of Fat Cell Differentiation (GO:0045598),3/75,0.0393585070908985,0.1828530641931328,0,0,4.1725888324873095,13.498504866555718,CEBPB;ADIRF;ZFP36L1
GO_Biological_Process_2023,Regulation Of Stress Fiber Assembly (GO:0051492),3/75,0.0393585070908985,0.1828530641931328,0,0,4.1725888324873095,13.498504866555718,TPM1;TACSTD2;RAC1
GO_Biological_Process_2023,Negative Regulation Of Nucleic Acid-Templated Transcription (GO:1903507),9/456,0.0403703902632413,0.1870669512457729,0,0,2.0400927650303946,6.548001445173314,KLF10;EID1;JUN;ID1;ID3;HES1;GAS6;KLF4;CRYAB
GO_Biological_Process_2023,'De Novo' Post-Translational Protein Folding (GO:0051084),2/32,0.0405554933220173,0.1874378240582354,0,0,6.656565656565657,21.334852328849312,HSPA1B;HSPA1A
GO_Biological_Process_2023,Positive Regulation Of Peptidyl-Tyrosine Phosphorylation (GO:0050731),4/130,0.0416931251530952,0.189196323049019,0,0,3.186588921282799,10.125128273545416,EFNA1;CD81;HES1;GAS6
GO_Biological_Process_2023,Actomyosin Structure Organization (GO:0031032),3/77,0.0420316296186853,0.189196323049019,0,0,4.059404582247222,12.865604326296657,PDLIM1;TPM1;MYL9
GO_Biological_Process_2023,Cell Morphogenesis Involved In Neuron Differentiation (GO:0048667),3/77,0.0420316296186853,0.189196323049019,0,0,4.059404582247222,12.865604326296657,APP;APLP2;MAP1B
GO_Biological_Process_2023,Positive Regulation Of Synaptic Transmission (GO:0050806),3/77,0.0420316296186853,0.189196323049019,0,0,4.059404582247222,12.865604326296657,APP;PLK2;CCL2
GO_Biological_Process_2023,Regulation Of T Cell Proliferation (GO:0042129),3/77,0.0420316296186853,0.189196323049019,0,0,4.059404582247222,12.865604326296657,LGALS3;CEBPB;GPNMB
GO_Biological_Process_2023,Regulation Of Potassium Ion Transmembrane Transport (GO:1901379),2/33,0.0428939515536669,0.189196323049019,0,0,6.4415118931247966,20.28447846195992,CD63;CAV1
GO_Biological_Process_2023,Cardiac Muscle Contraction (GO:0060048),2/33,0.0428939515536669,0.189196323049019,0,0,6.4415118931247966,20.28447846195992,GSN;TPM1
GO_Biological_Process_2023,Regulation Of Protein Polymerization (GO:0032271),2/33,0.0428939515536669,0.189196323049019,0,0,6.4415118931247966,20.28447846195992,TPPP3;ARL2
GO_Biological_Process_2023,Epithelial Tube Morphogenesis (GO:0060562),2/33,0.0428939515536669,0.189196323049019,0,0,6.4415118931247966,20.28447846195992,HES1;RHOB
GO_Biological_Process_2023,Ventricular Cardiac Muscle Tissue Morphogenesis (GO:0055010),2/33,0.0428939515536669,0.189196323049019,0,0,6.4415118931247966,20.28447846195992,DSP;TPM1
GO_Biological_Process_2023,Negative Regulation Of Blood Vessel Endothelial Cell Migration (GO:0043537),2/33,0.0428939515536669,0.189196323049019,0,0,6.4415118931247966,20.28447846195992,APOE;KLF4
GO_Biological_Process_2023,Positive Regulation Of Small Molecule Metabolic Process (GO:0062013),2/33,0.0428939515536669,0.189196323049019,0,0,6.4415118931247966,20.28447846195992,APP;APOE
GO_Biological_Process_2023,Positive Regulation Of Telomerase Activity (GO:0051973),2/33,0.0428939515536669,0.189196323049019,0,0,6.4415118931247966,20.28447846195992,MYC;KLF4
GO_Biological_Process_2023,Neuron Projection Development (GO:0031175),5/192,0.0440298872906311,0.189196323049019,0,0,2.689291101055807,8.398351194214666,APP;MAP1B;RAB13;APOE;NBL1
GO_Biological_Process_2023,Protein Localization To Membrane (GO:0072657),5/192,0.0440298872906311,0.189196323049019,0,0,2.689291101055807,8.398351194214666,CD81;CAV1;RAB13;EMP2;GAS6
GO_Biological_Process_2023,Regulation Of Neuron Differentiation (GO:0045664),3/79,0.044793779119631,0.189196323049019,0,0,3.952177397809244,12.274222046062532,HES1;TCF4;NBL1
GO_Biological_Process_2023,Vesicle Fusion (GO:0006906),3/79,0.044793779119631,0.189196323049019,0,0,3.952177397809244,12.274222046062532,CAV2;RAB13;CHMP2A
GO_Biological_Process_2023,Positive Regulation Of Endocytosis (GO:0045807),3/79,0.044793779119631,0.189196323049019,0,0,3.952177397809244,12.274222046062532,CD151;APOE;GAS6
GO_Biological_Process_2023,Regulation Of Signal Transduction (GO:0009966),5/193,0.0448497130279265,0.189196323049019,0,0,2.674849972722313,8.30390613763502,SNX3;APP;CD63;NUCKS1;IGFBP7
GO_Biological_Process_2023,Regulation Of Cell Differentiation (GO:0045595),5/193,0.0448497130279265,0.189196323049019,0,0,2.674849972722313,8.30390613763502,CEBPB;CEBPD;EMP2;KLF4;ZFP36L1
GO_Biological_Process_2023,ATP Metabolic Process (GO:0046034),2/34,0.0452815731960364,0.189196323049019,0,0,6.23989898989899,19.311583224616665,HSPA1B;HSPA1A
GO_Biological_Process_2023,Regulation Of Neuronal Synaptic Plasticity (GO:0048168),2/34,0.0452815731960364,0.189196323049019,0,0,6.23989898989899,19.311583224616665,APP;APOE
GO_Biological_Process_2023,Cellular Response To Amyloid-Beta (GO:1904646),2/34,0.0452815731960364,0.189196323049019,0,0,6.23989898989899,19.311583224616665,APP;GJA1
GO_Biological_Process_2023,Response To Estrogen (GO:0043627),2/34,0.0452815731960364,0.189196323049019,0,0,6.23989898989899,19.311583224616665,GSTM3;CAV1
GO_Biological_Process_2023,Positive Regulation Of Neuron Death (GO:1901216),2/34,0.0452815731960364,0.189196323049019,0,0,6.23989898989899,19.311583224616665,GRN;NUPR1
GO_Biological_Process_2023,Regulation Of T Cell Receptor Signaling Pathway (GO:0050856),2/34,0.0452815731960364,0.189196323049019,0,0,6.23989898989899,19.311583224616665,LGALS3;CD81
GO_Biological_Process_2023,Cellular Response To Metal Ion (GO:0071248),4/135,0.0467746106682468,0.189196323049019,0,0,3.064184452406917,9.383803603583353,JUN;MT1X;FOS;MT1E
GO_Biological_Process_2023,Activation Of Protein Kinase Activity (GO:0032147),3/81,0.047644064808467,0.189196323049019,0,0,3.850449043342445,11.720756163276285,EMP2;TXN;GAS6
GO_Biological_Process_2023,Negative Regulation Of NF-kappaB Transcription Factor Activity (GO:0032088),3/81,0.047644064808467,0.189196323049019,0,0,3.850449043342445,11.720756163276285,NFKBIA;ANXA4;KLF4
GO_Biological_Process_2023,Regulation Of Axon Extension (GO:0030516),2/35,0.0477171520360592,0.189196323049019,0,0,6.05050505050505,18.408446001894514,APOE;RTN4
GO_Biological_Process_2023,Protein Localization To Plasma Membrane (GO:0072659),4/137,0.048899497362236,0.189196323049019,0,0,3.017799601043425,9.10768346956255,CD81;RAB13;EMP2;GAS6
GO_Biological_Process_2023,B Cell Chemotaxis (GO:0035754),1/5,0.049014519870416,0.189196323049019,0,0,24.86934673366834,74.99696447567176,GAS6
GO_Biological_Process_2023,Regulation Of Establishment Of T Cell Polarity (GO:1903903),1/5,0.049014519870416,0.189196323049019,0,0,24.86934673366834,74.99696447567176,GSN
GO_Biological_Process_2023,Regulation Of Glomerular Filtration (GO:0003093),1/5,0.049014519870416,0.189196323049019,0,0,24.86934673366834,74.99696447567176,GAS6
GO_Biological_Process_2023,Regulation Of Growth Hormone Receptor Signaling Pathway (GO:0060398),1/5,0.049014519870416,0.189196323049019,0,0,24.86934673366834,74.99696447567176,LEPROT
GO_Biological_Process_2023,Regulation Of Hormone Biosynthetic Process (GO:0046885),1/5,0.049014519870416,0.189196323049019,0,0,24.86934673366834,74.99696447567176,EGR1
GO_Biological_Process_2023,Regulation Of Hydrogen Peroxide Metabolic Process (GO:0010310),1/5,0.049014519870416,0.189196323049019,0,0,24.86934673366834,74.99696447567176,RAC1
GO_Biological_Process_2023,Regulation Of Keratinocyte Apoptotic Process (GO:1902172),1/5,0.049014519870416,0.189196323049019,0,0,24.86934673366834,74.99696447567176,ZFP36L1
GO_Biological_Process_2023,Adiponectin-Activated Signaling Pathway (GO:0033211),1/5,0.049014519870416,0.189196323049019,0,0,24.86934673366834,74.99696447567176,APLP2
GO_Biological_Process_2023,Regulation Of Morphogenesis Of A Branching Structure (GO:0060688),1/5,0.049014519870416,0.189196323049019,0,0,24.86934673366834,74.99696447567176,RTN4
GO_Biological_Process_2023,Regulation Of Neutrophil Activation (GO:1902563),1/5,0.049014519870416,0.189196323049019,0,0,24.86934673366834,74.99696447567176,GRN
GO_Biological_Process_2023,Axo-Dendritic Transport (GO:0008088),1/5,0.049014519870416,0.189196323049019,0,0,24.86934673366834,74.99696447567176,APP
GO_Biological_Process_2023,Regulation Of Peptidyl-Cysteine S-nitrosylation (GO:2000169),1/5,0.049014519870416,0.189196323049019,0,0,24.86934673366834,74.99696447567176,TXN
GO_Biological_Process_2023,Bundle Of His cell-Purkinje Myocyte Adhesion Involved In Cell Communication (GO:0086073),1/5,0.049014519870416,0.189196323049019,0,0,24.86934673366834,74.99696447567176,DSP
GO_Biological_Process_2023,Regulation Of Plasma Membrane Repair (GO:1905684),1/5,0.049014519870416,0.189196323049019,0,0,24.86934673366834,74.99696447567176,ANXA2
GO_Biological_Process_2023,Regulation Of pro-B Cell Differentiation (GO:2000973),1/5,0.049014519870416,0.189196323049019,0,0,24.86934673366834,74.99696447567176,HES1
GO_Biological_Process_2023,Regulation Of Protein Depolymerization (GO:1901879),1/5,0.049014519870416,0.189196323049019,0,0,24.86934673366834,74.99696447567176,MAP1B
GO_Biological_Process_2023,Cellular Response To Cold (GO:0070417),1/5,0.049014519870416,0.189196323049019,0,0,24.86934673366834,74.99696447567176,NFKBIA
GO_Biological_Process_2023,Regulation Of Tetrapyrrole Biosynthetic Process (GO:1901463),1/5,0.049014519870416,0.189196323049019,0,0,24.86934673366834,74.99696447567176,TMEM14C
GO_Biological_Process_2023,Regulation Of Type B Pancreatic Cell Proliferation (GO:0061469),1/5,0.049014519870416,0.189196323049019,0,0,24.86934673366834,74.99696447567176,NUPR1
GO_Biological_Process_2023,Renal System Process Involved In Regulation Of Blood Volume (GO:0001977),1/5,0.049014519870416,0.189196323049019,0,0,24.86934673366834,74.99696447567176,EMP2
GO_Biological_Process_2023,Response To Heparin (GO:0071503),1/5,0.049014519870416,0.189196323049019,0,0,24.86934673366834,74.99696447567176,EGR1
GO_Biological_Process_2023,Ruffle Assembly (GO:0097178),1/5,0.049014519870416,0.189196323049019,0,0,24.86934673366834,74.99696447567176,RAC1
GO_Biological_Process_2023,Ventricular Compact Myocardium Morphogenesis (GO:0003223),1/5,0.049014519870416,0.189196323049019,0,0,24.86934673366834,74.99696447567176,DSP
GO_Biological_Process_2023,Lipoprotein Metabolic Process (GO:0042157),1/5,0.049014519870416,0.189196323049019,0,0,24.86934673366834,74.99696447567176,APOE
GO_Biological_Process_2023,Mesodermal Cell Fate Commitment (GO:0001710),1/5,0.049014519870416,0.189196323049019,0,0,24.86934673366834,74.99696447567176,KLF4
GO_Biological_Process_2023,Morphogenesis Of An Endothelium (GO:0003159),1/5,0.049014519870416,0.189196323049019,0,0,24.86934673366834,74.99696447567176,RHOB
GO_Biological_Process_2023,Negative Regulation Of Actin Filament Depolymerization (GO:0030835),1/5,0.049014519870416,0.189196323049019,0,0,24.86934673366834,74.99696447567176,LIMA1
GO_Biological_Process_2023,Negative Regulation Of Amyloid Precursor Protein Biosynthetic Process (GO:0042985),1/5,0.049014519870416,0.189196323049019,0,0,24.86934673366834,74.99696447567176,ITM2B
GO_Biological_Process_2023,Negative Regulation Of Cardiac Muscle Cell Apoptotic Process (GO:0010667),1/5,0.049014519870416,0.189196323049019,0,0,24.86934673366834,74.99696447567176,NUPR1
GO_Biological_Process_2023,Negative Regulation Of Fibroblast Migration (GO:0010764),1/5,0.049014519870416,0.189196323049019,0,0,24.86934673366834,74.99696447567176,RAC1
GO_Biological_Process_2023,Negative Regulation Of Glial Cell Proliferation (GO:0060253),1/5,0.049014519870416,0.189196323049019,0,0,24.86934673366834,74.99696447567176,HES1
GO_Biological_Process_2023,Negative Regulation Of Monocyte Chemotaxis (GO:0090027),1/5,0.049014519870416,0.189196323049019,0,0,24.86934673366834,74.99696447567176,NBL1
GO_Biological_Process_2023,Negative Regulation Of Morphogenesis Of An Epithelium (GO:1905331),1/5,0.049014519870416,0.189196323049019,0,0,24.86934673366834,74.99696447567176,TACSTD2
GO_Biological_Process_2023,Negative Regulation Of Transcription From RNA Polymerase II Promoter In Response To Stress (GO:0097201),1/5,0.049014519870416,0.189196323049019,0,0,24.86934673366834,74.99696447567176,JUN
GO_Biological_Process_2023,Negative Regulation Of Trophoblast Cell Migration (GO:1901164),1/5,0.049014519870416,0.189196323049019,0,0,24.86934673366834,74.99696447567176,GJA1
GO_Biological_Process_2023,Plasma Membrane Raft Organization (GO:0044857),1/5,0.049014519870416,0.189196323049019,0,0,24.86934673366834,74.99696447567176,EMP2
GO_Biological_Process_2023,Positive Regulation Of Extrinsic Apoptotic Signaling Pathway Via Death Domain Receptors (GO:1902043),1/5,0.049014519870416,0.189196323049019,0,0,24.86934673366834,74.99696447567176,TIMP3
GO_Biological_Process_2023,Positive Regulation Of Gap Junction Assembly (GO:1903598),1/5,0.049014519870416,0.189196323049019,0,0,24.86934673366834,74.99696447567176,CAV1
GO_Biological_Process_2023,Positive Regulation Of Hemoglobin Biosynthetic Process (GO:0046985),1/5,0.049014519870416,0.189196323049019,0,0,24.86934673366834,74.99696447567176,KLF4
GO_Biological_Process_2023,Positive Regulation Of Intrinsic Apoptotic Signaling Pathway By P53 Class Mediator (GO:1902255),1/5,0.049014519870416,0.189196323049019,0,0,24.86934673366834,74.99696447567176,MYC
GO_Biological_Process_2023,Positive Regulation Of Tau-Protein Kinase Activity (GO:1902949),1/5,0.049014519870416,0.189196323049019,0,0,24.86934673366834,74.99696447567176,EGR1
GO_Biological_Process_2023,Positive Regulation Of Vesicle Fusion (GO:0031340),1/5,0.049014519870416,0.189196323049019,0,0,24.86934673366834,74.99696447567176,ANXA2
GO_Biological_Process_2023,Radial Glial Cell Differentiation (GO:0060019),1/5,0.049014519870416,0.189196323049019,0,0,24.86934673366834,74.99696447567176,HES1
GO_Biological_Process_2023,Regulation Of T Cell Activation Via T Cell Receptor Contact With Antigen Bound To MHC Molecule On Antigen Presenting Cell (GO:2001188),1/5,0.049014519870416,0.189196323049019,0,0,24.86934673366834,74.99696447567176,LGALS3
GO_Biological_Process_2023,Regulation Of Blood Vessel Remodeling (GO:0060312),1/5,0.049014519870416,0.189196323049019,0,0,24.86934673366834,74.99696447567176,CST3
GO_Biological_Process_2023,Negative Regulation Of Apoptotic Signaling Pathway (GO:2001234),3/82,0.049101960522251,0.189196323049019,0,0,3.801516417143224,11.457224263457675,LGALS3;GSTP1;HSPA1A
GO_Biological_Process_2023,Regulation Of Intracellular Protein Transport (GO:0033157),2/36,0.0501995008461569,0.1909507665448698,0,0,5.872251931075461,17.568310863627904,IFI27;OAZ2
GO_Biological_Process_2023,Regulation Of Receptor Internalization (GO:0002090),2/36,0.0501995008461569,0.1909507665448698,0,0,5.872251931075461,17.568310863627904,CD63;ANXA2
GO_Biological_Process_2023,Substrate Adhesion-Dependent Cell Spreading (GO:0034446),2/36,0.0501995008461569,0.1909507665448698,0,0,5.872251931075461,17.568310863627904,EFNA1;RAC1
GO_Biological_Process_2023,Negative Regulation Of T Cell Proliferation (GO:0042130),2/36,0.0501995008461569,0.1909507665448698,0,0,5.872251931075461,17.568310863627904,CEBPB;GPNMB
GO_Biological_Process_2023,Positive Regulation Of RNA Splicing (GO:0033120),2/36,0.0501995008461569,0.1909507665448698,0,0,5.872251931075461,17.568310863627904,PRDX6;HSPA1A
GO_Biological_Process_2023,Positive Regulation Of Myeloid Cell Differentiation (GO:0045639),2/36,0.0501995008461569,0.1909507665448698,0,0,5.872251931075461,17.568310863627904,HSPA1B;HSPA1A
GO_Biological_Process_2023,Positive Regulation Of Proteasomal Ubiquitin-Dependent Protein Catabolic Process (GO:0032436),3/83,0.0505815238385671,0.1919945500595824,0,0,3.753807106598985,11.201994465025969,CAV1;HSPA1B;HSPA1A
GO_Biological_Process_2023,Purine Ribonucleotide Metabolic Process (GO:0009150),3/84,0.0520826238943719,0.1966321801838171,0,0,3.707275803722504,10.954717877625804,EFNA1;HSPA1B;HSPA1A
GO_Biological_Process_2023,Negative Regulation Of Gene Expression (GO:0010629),7/336,0.05257143875898,0.1966321801838171,0,0,2.14651085878073,6.3227243839757055,APP;RNH1;GPNMB;APOE;KLF4;HSPA1B;HSPA1A
GO_Biological_Process_2023,Type I Interferon-Mediated Signaling Pathway (GO:0060337),2/37,0.0527274511453542,0.1966321801838171,0,0,5.704184704184704,16.785242657704043,IFITM3;IFI27
GO_Biological_Process_2023,Negative Regulation Of Endothelial Cell Migration (GO:0010596),2/37,0.0527274511453542,0.1966321801838171,0,0,5.704184704184704,16.785242657704043,APOE;DCN
GO_Biological_Process_2023,Negative Regulation Of Smooth Muscle Cell Proliferation (GO:0048662),2/37,0.0527274511453542,0.1966321801838171,0,0,5.704184704184704,16.785242657704043,TPM1;APOE
GO_Biological_Process_2023,Negative Regulation Of Stress-Activated MAPK Cascade (GO:0032873),2/37,0.0527274511453542,0.1966321801838171,0,0,5.704184704184704,16.785242657704043,GSTP1;MYC
GO_Biological_Process_2023,Positive Regulation Of Immune Effector Process (GO:0002699),2/37,0.0527274511453542,0.1966321801838171,0,0,5.704184704184704,16.785242657704043,CD81;APLP2
GO_Biological_Process_2023,mRNA Metabolic Process (GO:0016071),3/85,0.0536051258792773,0.1966321801838171,0,0,3.661879410672279,10.71506409870918,RNH1;HSPA1B;HSPA1A
GO_Biological_Process_2023,Regulation Of MAPK Cascade (GO:0043408),5/204,0.0544705711947349,0.1966321801838171,0,0,2.525576600953485,7.349667083989915,CD81;CAV2;GSTP1;CAV1;PEBP1
GO_Biological_Process_2023,Negative Regulation Of Binding (GO:0051100),3/86,0.055148891178145,0.1966321801838171,0,0,3.617576906611216,10.482720030479646,NFKBIA;JUN;CAV1
GO_Biological_Process_2023,Regulation Of Intracellular Transport (GO:0032386),2/38,0.0552998529270401,0.1966321801838171,0,0,5.545454545454546,16.054007893661755,LAMP1;CRYAB
GO_Biological_Process_2023,Cellular Response To Type I Interferon (GO:0071357),2/38,0.0552998529270401,0.1966321801838171,0,0,5.545454545454546,16.054007893661755,IFITM3;IFI27
GO_Biological_Process_2023,Response To cAMP (GO:0051591),2/38,0.0552998529270401,0.1966321801838171,0,0,5.545454545454546,16.054007893661755,NDUFS4;ZFP36L1
GO_Biological_Process_2023,Negative Regulation Of Epithelial Cell Apoptotic Process (GO:1904036),2/38,0.0552998529270401,0.1966321801838171,0,0,5.545454545454546,16.054007893661755,NUPR1;GAS6
GO_Biological_Process_2023,Positive Regulation Of Protein Tyrosine Kinase Activity (GO:0061098),2/38,0.0552998529270401,0.1966321801838171,0,0,5.545454545454546,16.054007893661755,EFNA1;GAS6
GO_Biological_Process_2023,Positive Regulation Of Transferase Activity (GO:0051347),4/143,0.0555891233370948,0.1966321801838171,0,0,2.8866539421524005,8.341759381696933,MYC;TSPO;APOE;KLF4
GO_Biological_Process_2023,Positive Regulation Of Cell Migration (GO:0030335),6/272,0.0561466333266726,0.1966321801838171,0,0,2.271219285326719,6.540631310952897,COL1A1;GRN;CD151;GPNMB;CAV1;RTN4
GO_Biological_Process_2023,Axonal Transport (GO:0098930),2/39,0.0579155744332589,0.1966321801838171,0,0,5.395304395304395,15.369975594462096,DST;HSBP1
GO_Biological_Process_2023,Negative Regulation Of Lymphocyte Proliferation (GO:0050672),2/39,0.0579155744332589,0.1966321801838171,0,0,5.395304395304395,15.369975594462096,CEBPB;GPNMB
GO_Biological_Process_2023,Odontogenesis (GO:0042476),2/39,0.0579155744332589,0.1966321801838171,0,0,5.395304395304395,15.369975594462096,COL1A1;COL1A2
GO_Biological_Process_2023,Positive Regulation Of Pattern Recognition Receptor Signaling Pathway (GO:0062208),2/39,0.0579155744332589,0.1966321801838171,0,0,5.395304395304395,15.369975594462096,CAV1;RTN4
GO_Biological_Process_2023,Positive Regulation Of Protein Kinase Activity (GO:0045860),4/145,0.0579234231566367,0.1966321801838171,0,0,2.8454190186712984,8.105555742330417,EFNA1;EGR1;EMP2;GAS6
GO_Biological_Process_2023,Positive Regulation Of Cell Adhesion (GO:0045785),3/88,0.0582996390300356,0.1966321801838171,0,0,3.532099134069872,10.038788675236006,TPM1;ARL2;RAC1
GO_Biological_Process_2023,Regulation Of Centriole Elongation (GO:1903722),1/6,0.0585267307609904,0.1966321801838171,0,0,19.894472361809044,56.46591775214154,CHMP2A
GO_Biological_Process_2023,Regulation Of Hemoglobin Biosynthetic Process (GO:0046984),1/6,0.0585267307609904,0.1966321801838171,0,0,19.894472361809044,56.46591775214154,KLF4
GO_Biological_Process_2023,Regulation Of Ketone Biosynthetic Process (GO:0010566),1/6,0.0585267307609904,0.1966321801838171,0,0,19.894472361809044,56.46591775214154,EGR1
GO_Biological_Process_2023,Angiotensin-Activated Signaling Pathway (GO:0038166),1/6,0.0585267307609904,0.1966321801838171,0,0,19.894472361809044,56.46591775214154,CAV1
GO_Biological_Process_2023,Regulation Of Phospholipid Transport (GO:2001138),1/6,0.0585267307609904,0.1966321801838171,0,0,19.894472361809044,56.46591775214154,TSPO
GO_Biological_Process_2023,Cardiac Muscle Cell-Cardiac Muscle Cell Adhesion (GO:0086042),1/6,0.0585267307609904,0.1966321801838171,0,0,19.894472361809044,56.46591775214154,DSP
GO_Biological_Process_2023,Cellular Hyperosmotic Response (GO:0071474),1/6,0.0585267307609904,0.1966321801838171,0,0,19.894472361809044,56.46591775214154,YBX3
GO_Biological_Process_2023,Cellular Response To Laminar Fluid Shear Stress (GO:0071499),1/6,0.0585267307609904,0.1966321801838171,0,0,19.894472361809044,56.46591775214154,KLF4
GO_Biological_Process_2023,Cholesterol Catabolic Process (GO:0006707),1/6,0.0585267307609904,0.1966321801838171,0,0,19.894472361809044,56.46591775214154,APOE
GO_Biological_Process_2023,Desmosome Organization (GO:0002934),1/6,0.0585267307609904,0.1966321801838171,0,0,19.894472361809044,56.46591775214154,DSP
GO_Biological_Process_2023,Sterol Catabolic Process (GO:0016127),1/6,0.0585267307609904,0.1966321801838171,0,0,19.894472361809044,56.46591775214154,APOE
GO_Biological_Process_2023,Vascular Associated Smooth Muscle Cell Development (GO:0097084),1/6,0.0585267307609904,0.1966321801838171,0,0,19.894472361809044,56.46591775214154,HES1
GO_Biological_Process_2023,Hepatocyte Growth Factor Receptor Signaling Pathway (GO:0048012),1/6,0.0585267307609904,0.1966321801838171,0,0,19.894472361809044,56.46591775214154,RAC1
GO_Biological_Process_2023,Locomotor Rhythm (GO:0045475),1/6,0.0585267307609904,0.1966321801838171,0,0,19.894472361809044,56.46591775214154,EGR1
GO_Biological_Process_2023,Long-Term Synaptic Depression (GO:0060292),1/6,0.0585267307609904,0.1966321801838171,0,0,19.894472361809044,56.46591775214154,PLK2
GO_Biological_Process_2023,Maintenance Of Protein Location In Extracellular Region (GO:0071694),1/6,0.0585267307609904,0.1966321801838171,0,0,19.894472361809044,56.46591775214154,NBL1
GO_Biological_Process_2023,Membrane Invagination (GO:0010324),1/6,0.0585267307609904,0.1966321801838171,0,0,19.894472361809044,56.46591775214154,SNX3
GO_Biological_Process_2023,Negative Regulation Of Acute Inflammatory Response (GO:0002674),1/6,0.0585267307609904,0.1966321801838171,0,0,19.894472361809044,56.46591775214154,GSTP1
GO_Biological_Process_2023,Negative Regulation Of Dendritic Cell Apoptotic Process (GO:2000669),1/6,0.0585267307609904,0.1966321801838171,0,0,19.894472361809044,56.46591775214154,GAS6
GO_Biological_Process_2023,Negative Regulation Of Low-Density Lipoprotein Receptor Activity (GO:1905598),1/6,0.0585267307609904,0.1966321801838171,0,0,19.894472361809044,56.46591775214154,APP
GO_Biological_Process_2023,Negative Regulation Of Membrane Protein Ectodomain Proteolysis (GO:0051045),1/6,0.0585267307609904,0.1966321801838171,0,0,19.894472361809044,56.46591775214154,TIMP3
GO_Biological_Process_2023,Negative Regulation Of Oligodendrocyte Differentiation (GO:0048715),1/6,0.0585267307609904,0.1966321801838171,0,0,19.894472361809044,56.46591775214154,HES1
GO_Biological_Process_2023,Negative Regulation Of Response To Reactive Oxygen Species (GO:1901032),1/6,0.0585267307609904,0.1966321801838171,0,0,19.894472361809044,56.46591775214154,TXN
GO_Biological_Process_2023,Negative Regulation Of Ruffle Assembly (GO:1900028),1/6,0.0585267307609904,0.1966321801838171,0,0,19.894472361809044,56.46591775214154,TACSTD2
GO_Biological_Process_2023,"Nuclear-Transcribed mRNA Catabolic Process, Deadenylation-Independent Decay (GO:0031086)",1/6,0.0585267307609904,0.1966321801838171,0,0,19.894472361809044,56.46591775214154,ZFP36L1
GO_Biological_Process_2023,Pharyngeal Arch Artery Morphogenesis (GO:0061626),1/6,0.0585267307609904,0.1966321801838171,0,0,19.894472361809044,56.46591775214154,HES1
GO_Biological_Process_2023,Positive Regulation Of ER-associated Ubiquitin-Dependent Protein Catabolic Process (GO:1903071),1/6,0.0585267307609904,0.1966321801838171,0,0,19.894472361809044,56.46591775214154,CAV1
GO_Biological_Process_2023,Positive Regulation Of Amyloid-Beta Clearance (GO:1900223),1/6,0.0585267307609904,0.1966321801838171,0,0,19.894472361809044,56.46591775214154,APOE
GO_Biological_Process_2023,Positive Regulation Of Aspartic-Type Endopeptidase Activity Involved In Amyloid Precursor Protein Catabolic Process (GO:1902961),1/6,0.0585267307609904,0.1966321801838171,0,0,19.894472361809044,56.46591775214154,EFNA1
GO_Biological_Process_2023,Positive Regulation Of Cysteine-Type Endopeptidase Activity Involved In Apoptotic Signaling Pathway (GO:2001269),1/6,0.0585267307609904,0.1966321801838171,0,0,19.894472361809044,56.46591775214154,GSN
GO_Biological_Process_2023,Positive Regulation Of Hormone Metabolic Process (GO:0032352),1/6,0.0585267307609904,0.1966321801838171,0,0,19.894472361809044,56.46591775214154,EGR1
GO_Biological_Process_2023,Positive Regulation Of Kidney Development (GO:0090184),1/6,0.0585267307609904,0.1966321801838171,0,0,19.894472361809044,56.46591775214154,MYC
GO_Biological_Process_2023,Positive Regulation Of Membrane Depolarization (GO:1904181),1/6,0.0585267307609904,0.1966321801838171,0,0,19.894472361809044,56.46591775214154,DCN
GO_Biological_Process_2023,Positive Regulation Of Pinocytosis (GO:0048549),1/6,0.0585267307609904,0.1966321801838171,0,0,19.894472361809044,56.46591775214154,APLP2
GO_Biological_Process_2023,Positive Regulation Of Receptor Catabolic Process (GO:2000646),1/6,0.0585267307609904,0.1966321801838171,0,0,19.894472361809044,56.46591775214154,APOE
GO_Biological_Process_2023,Positive Regulation Of Steroid Metabolic Process (GO:0045940),1/6,0.0585267307609904,0.1966321801838171,0,0,19.894472361809044,56.46591775214154,APOE
GO_Biological_Process_2023,Protein Localization To Basolateral Plasma Membrane (GO:1903361),1/6,0.0585267307609904,0.1966321801838171,0,0,19.894472361809044,56.46591775214154,CAV1
GO_Biological_Process_2023,Regulation Of Cell Adhesion Molecule Production (GO:0060353),1/6,0.0585267307609904,0.1966321801838171,0,0,19.894472361809044,56.46591775214154,CAV1
GO_Biological_Process_2023,Neuron Projection Morphogenesis (GO:0048812),4/146,0.0591100350299638,0.1982186137095027,0,0,2.8252371371083647,7.990772372376219,APP;APLP2;MAP1B;NBL1
GO_Biological_Process_2023,Organelle Organization (GO:0006996),8/418,0.0596189392012977,0.199550070422355,0,0,1.9705284552845528,5.556460636295332,DST;CAV2;MYC;CAV1;TPM1;CHMP2A;CCL2;APOE
GO_Biological_Process_2023,Cellular Response To Chemical Stress (GO:0062197),3/89,0.0599063264776533,0.1997624045535206,0,0,3.490851139180734,9.82665226973149,CAV1;HSPA1B;HSPA1A
GO_Biological_Process_2023,Cellular Response To Peptide Hormone Stimulus (GO:0071375),3/89,0.0599063264776533,0.1997624045535206,0,0,3.490851139180734,9.82665226973149,CAV1;RAB13;ZFP36L1
GO_Biological_Process_2023,Regulation Of Cytosolic Calcium Ion Concentration (GO:0051480),2/40,0.0605735018773766,0.2008608315041635,0,0,5.253056884635832,14.729034349424168,CAV2;CAV1
GO_Biological_Process_2023,Regulation Of Microtubule Polymerization (GO:0031113),2/40,0.0605735018773766,0.2008608315041635,0,0,5.253056884635832,14.729034349424168,ARL2;RAC1
GO_Biological_Process_2023,Regulation Of Small Molecule Metabolic Process (GO:0062012),2/40,0.0605735018773766,0.2008608315041635,0,0,5.253056884635832,14.729034349424168,ARL2;APOE
GO_Biological_Process_2023,Regulation Of Peptidyl-Tyrosine Phosphorylation (GO:0050730),3/90,0.0615336873024211,0.2015118716795139,0,0,3.450551374059163,9.62072552614985,EFNA1;APP;CD81
GO_Biological_Process_2023,Positive Regulation Of Proteasomal Protein Catabolic Process (GO:1901800),3/90,0.0615336873024211,0.2015118716795139,0,0,3.450551374059163,9.62072552614985,NUPR1;HSPA1B;HSPA1A
GO_Biological_Process_2023,Negative Regulation Of Protein Phosphorylation (GO:0001933),4/149,0.0627473419326677,0.2015118716795139,0,0,2.7663617171006334,7.659057108220177,CAV1;GSTP1;HSPB1;SFN
GO_Biological_Process_2023,rRNA Metabolic Process (GO:0016072),3/91,0.063181565752201,0.2015118716795139,0,0,3.411167512690356,9.420766981809484,CAVIN1;RPS24;ZFP36L1
GO_Biological_Process_2023,Regulation Of Chemokine Production (GO:0032642),2/41,0.0632725392250683,0.2015118716795139,0,0,5.118104118104118,14.127522570834804,APP;EGR1
GO_Biological_Process_2023,Regulation Of Heart Rate By Cardiac Conduction (GO:0086091),2/41,0.0632725392250683,0.2015118716795139,0,0,5.118104118104118,14.127522570834804,DSP;CAV1
GO_Biological_Process_2023,Acylglycerol Metabolic Process (GO:0006639),2/41,0.0632725392250683,0.2015118716795139,0,0,5.118104118104118,14.127522570834804,CAV1;APOE
GO_Biological_Process_2023,Lymphocyte Migration (GO:0072676),2/41,0.0632725392250683,0.2015118716795139,0,0,5.118104118104118,14.127522570834804,KLF5;CCL2
GO_Biological_Process_2023,Protein Localization To Lysosome (GO:0061462),2/41,0.0632725392250683,0.2015118716795139,0,0,5.118104118104118,14.127522570834804,CD81;RTN4
GO_Biological_Process_2023,Neuron Development (GO:0048666),4/150,0.0639854868678937,0.2015118716795139,0,0,2.74727425216662,7.552528869212002,APP;MAP1B;RAB13;APOE
GO_Biological_Process_2023,Skeletal Muscle Tissue Development (GO:0007519),2/42,0.0660116079502312,0.2015118716795139,0,0,4.98989898989899,13.5621695873434,CAV2;CAV1
GO_Biological_Process_2023,Keratinocyte Differentiation (GO:0030216),2/42,0.0660116079502312,0.2015118716795139,0,0,4.98989898989899,13.5621695873434,DSP;KRT10
GO_Biological_Process_2023,Modulation By Host Of Symbiont Process (GO:0051851),2/42,0.0660116079502312,0.2015118716795139,0,0,4.98989898989899,13.5621695873434,JUN;NUCKS1
GO_Biological_Process_2023,Monocyte Chemotaxis (GO:0002548),2/42,0.0660116079502312,0.2015118716795139,0,0,4.98989898989899,13.5621695873434,LGALS3;CCL2
GO_Biological_Process_2023,Positive Regulation Of Neuron Differentiation (GO:0045666),2/42,0.0660116079502312,0.2015118716795139,0,0,4.98989898989899,13.5621695873434,TCF4;NBL1
GO_Biological_Process_2023,Positive Regulation Of NF-kappaB Transcription Factor Activity (GO:0051092),4/152,0.0665001173925767,0.2015118716795139,0,0,2.709873138444567,7.345250879126401,APP;CAV1;HSPA1B;HSPA1A
GO_Biological_Process_2023,Positive Regulation Of Protein Kinase B Signaling (GO:0051897),3/93,0.0665382374289198,0.2015118716795139,0,0,3.33502538071066,9.037847070802028,TXN;GAS6;RTN4
GO_Biological_Process_2023,Regulation Of Dendritic Cell Chemotaxis (GO:2000508),1/7,0.0679442688885301,0.2015118716795139,0,0,16.57788944723618,44.57906348265406,GAS6
GO_Biological_Process_2023,Regulation Of Extent Of Cell Growth (GO:0061387),1/7,0.0679442688885301,0.2015118716795139,0,0,16.57788944723618,44.57906348265406,APOE
GO_Biological_Process_2023,Regulation Of Hydrogen Peroxide-Induced Cell Death (GO:1903205),1/7,0.0679442688885301,0.2015118716795139,0,0,16.57788944723618,44.57906348265406,TXN
GO_Biological_Process_2023,Regulation Of Leukocyte Proliferation (GO:0070663),1/7,0.0679442688885301,0.2015118716795139,0,0,16.57788944723618,44.57906348265406,GSTP1
GO_Biological_Process_2023,Regulation Of Lymphocyte Apoptotic Process (GO:0070228),1/7,0.0679442688885301,0.2015118716795139,0,0,16.57788944723618,44.57906348265406,LGALS3
GO_Biological_Process_2023,Aldehyde Catabolic Process (GO:0046185),1/7,0.0679442688885301,0.2015118716795139,0,0,16.57788944723618,44.57906348265406,ALDH2
GO_Biological_Process_2023,Regulation Of Mammary Gland Epithelial Cell Proliferation (GO:0033599),1/7,0.0679442688885301,0.2015118716795139,0,0,16.57788944723618,44.57906348265406,RTN4
GO_Biological_Process_2023,Anterograde Axonal Protein Transport (GO:0099641),1/7,0.0679442688885301,0.2015118716795139,0,0,16.57788944723618,44.57906348265406,HSPB1
GO_Biological_Process_2023,Atrial Cardiac Muscle Cell To AV Node Cell Signaling (GO:0086026),1/7,0.0679442688885301,0.2015118716795139,0,0,16.57788944723618,44.57906348265406,GJA1
GO_Biological_Process_2023,Regulation Of Nitric Oxide Metabolic Process (GO:0080164),1/7,0.0679442688885301,0.2015118716795139,0,0,16.57788944723618,44.57906348265406,RAC1
GO_Biological_Process_2023,Axo-Dendritic Protein Transport (GO:0099640),1/7,0.0679442688885301,0.2015118716795139,0,0,16.57788944723618,44.57906348265406,HSPB1
GO_Biological_Process_2023,Cellular Biogenic Amine Catabolic Process (GO:0042402),1/7,0.0679442688885301,0.2015118716795139,0,0,16.57788944723618,44.57906348265406,COMT
GO_Biological_Process_2023,Cellular Response To Interferon-Alpha (GO:0035457),1/7,0.0679442688885301,0.2015118716795139,0,0,16.57788944723618,44.57906348265406,GAS6
GO_Biological_Process_2023,Cytoplasmic Sequestering Of NF-kappaB (GO:0007253),1/7,0.0679442688885301,0.2015118716795139,0,0,16.57788944723618,44.57906348265406,NFKBIA
GO_Biological_Process_2023,Tooth Mineralization (GO:0034505),1/7,0.0679442688885301,0.2015118716795139,0,0,16.57788944723618,44.57906348265406,COL1A1
GO_Biological_Process_2023,Very-Low-Density Lipoprotein Particle Remodeling (GO:0034372),1/7,0.0679442688885301,0.2015118716795139,0,0,16.57788944723618,44.57906348265406,APOE
GO_Biological_Process_2023,Hepoxilin Biosynthetic Process (GO:0051122),1/7,0.0679442688885301,0.2015118716795139,0,0,16.57788944723618,44.57906348265406,GSTP1
GO_Biological_Process_2023,Hepoxilin Metabolic Process (GO:0051121),1/7,0.0679442688885301,0.2015118716795139,0,0,16.57788944723618,44.57906348265406,GSTP1
GO_Biological_Process_2023,Hyperosmotic Response (GO:0006972),1/7,0.0679442688885301,0.2015118716795139,0,0,16.57788944723618,44.57906348265406,YBX3
GO_Biological_Process_2023,Immunological Synapse Formation (GO:0001771),1/7,0.0679442688885301,0.2015118716795139,0,0,16.57788944723618,44.57906348265406,CD81
GO_Biological_Process_2023,Intermediate Filament Bundle Assembly (GO:0045110),1/7,0.0679442688885301,0.2015118716795139,0,0,16.57788944723618,44.57906348265406,KRT14
GO_Biological_Process_2023,Mitochondrial Outer Membrane Permeabilization (GO:0097345),1/7,0.0679442688885301,0.2015118716795139,0,0,16.57788944723618,44.57906348265406,VDAC2
GO_Biological_Process_2023,Mitral Valve Development (GO:0003174),1/7,0.0679442688885301,0.2015118716795139,0,0,16.57788944723618,44.57906348265406,EFNA1
GO_Biological_Process_2023,Negative Regulation Of Appetite (GO:0032099),1/7,0.0679442688885301,0.2015118716795139,0,0,16.57788944723618,44.57906348265406,NENF
GO_Biological_Process_2023,Negative Regulation Of Fatty Acid Oxidation (GO:0046322),1/7,0.0679442688885301,0.2015118716795139,0,0,16.57788944723618,44.57906348265406,APLP2
GO_Biological_Process_2023,Negative Regulation Of Glial Cell Apoptotic Process (GO:0034351),1/7,0.0679442688885301,0.2015118716795139,0,0,16.57788944723618,44.57906348265406,GAS6
GO_Biological_Process_2023,Negative Regulation Of Intracellular Transport (GO:0032387),1/7,0.0679442688885301,0.2015118716795139,0,0,16.57788944723618,44.57906348265406,CRYAB
GO_Biological_Process_2023,Negative Regulation Of Leukocyte Proliferation (GO:0070664),1/7,0.0679442688885301,0.2015118716795139,0,0,16.57788944723618,44.57906348265406,GSTP1
GO_Biological_Process_2023,Negative Regulation Of Microglial Cell Activation (GO:1903979),1/7,0.0679442688885301,0.2015118716795139,0,0,16.57788944723618,44.57906348265406,GRN
GO_Biological_Process_2023,Negative Regulation Of Nitric Oxide Biosynthetic Process (GO:0045019),1/7,0.0679442688885301,0.2015118716795139,0,0,16.57788944723618,44.57906348265406,CAV1
GO_Biological_Process_2023,Negative Regulation Of Nitric Oxide Metabolic Process (GO:1904406),1/7,0.0679442688885301,0.2015118716795139,0,0,16.57788944723618,44.57906348265406,CAV1
GO_Biological_Process_2023,Negative Regulation Of Striated Muscle Cell Apoptotic Process (GO:0010664),1/7,0.0679442688885301,0.2015118716795139,0,0,16.57788944723618,44.57906348265406,NUPR1
GO_Biological_Process_2023,Neuroepithelial Cell Differentiation (GO:0060563),1/7,0.0679442688885301,0.2015118716795139,0,0,16.57788944723618,44.57906348265406,MAP1B
GO_Biological_Process_2023,Positive Regulation By Host Of Viral Genome Replication (GO:0044829),1/7,0.0679442688885301,0.2015118716795139,0,0,16.57788944723618,44.57906348265406,NUCKS1
GO_Biological_Process_2023,Positive Regulation Of Apoptotic Cell Clearance (GO:2000427),1/7,0.0679442688885301,0.2015118716795139,0,0,16.57788944723618,44.57906348265406,CCL2
GO_Biological_Process_2023,Positive Regulation Of Astrocyte Differentiation (GO:0048711),1/7,0.0679442688885301,0.2015118716795139,0,0,16.57788944723618,44.57906348265406,HES1
GO_Biological_Process_2023,Positive Regulation Of Calcium Ion Import (GO:0090280),1/7,0.0679442688885301,0.2015118716795139,0,0,16.57788944723618,44.57906348265406,LGALS3
GO_Biological_Process_2023,Positive Regulation Of Cardiac Epithelial To Mesenchymal Transition (GO:0062043),1/7,0.0679442688885301,0.2015118716795139,0,0,16.57788944723618,44.57906348265406,EMP2
GO_Biological_Process_2023,Positive Regulation Of Cell Migration By Vascular Endothelial Growth Factor Signaling Pathway (GO:0038089),1/7,0.0679442688885301,0.2015118716795139,0,0,16.57788944723618,44.57906348265406,HSPB1
GO_Biological_Process_2023,Positive Regulation Of Dendritic Cell Chemotaxis (GO:2000510),1/7,0.0679442688885301,0.2015118716795139,0,0,16.57788944723618,44.57906348265406,GAS6
GO_Biological_Process_2023,Positive Regulation Of Leukocyte Differentiation (GO:1902107),1/7,0.0679442688885301,0.2015118716795139,0,0,16.57788944723618,44.57906348265406,LGALS3
GO_Biological_Process_2023,Protein Localization To Presynapse (GO:1905383),1/7,0.0679442688885301,0.2015118716795139,0,0,16.57788944723618,44.57906348265406,HSPB1
GO_Biological_Process_2023,Regulation Of Cdc42 Protein Signal Transduction (GO:0032489),1/7,0.0679442688885301,0.2015118716795139,0,0,16.57788944723618,44.57906348265406,APOE
GO_Biological_Process_2023,Regulation Of Apoptotic Cell Clearance (GO:2000425),1/7,0.0679442688885301,0.2015118716795139,0,0,16.57788944723618,44.57906348265406,CCL2
GO_Biological_Process_2023,Regulation Of Cardiac Muscle Cell Action Potential Involved In Regulation Of Contraction (GO:0098909),1/7,0.0679442688885301,0.2015118716795139,0,0,16.57788944723618,44.57906348265406,CAV1
GO_Biological_Process_2023,Vesicle Organization (GO:0016050),3/94,0.0682467043328599,0.2015118716795139,0,0,3.298209404808389,8.854459164365215,ANXA2;CAV2;CAV1
GO_Biological_Process_2023,Regulation Of Endothelial Cell Apoptotic Process (GO:2000351),2/43,0.0687896467784887,0.2015118716795139,0,0,4.867947770386794,13.030045670347697,CCL2;GAS6
GO_Biological_Process_2023,Regulation Of Primary Metabolic Process (GO:0080090),2/43,0.0687896467784887,0.2015118716795139,0,0,4.867947770386794,13.030045670347697,PSAP;APOE
GO_Biological_Process_2023,Response To Amyloid-Beta (GO:1904645),2/43,0.0687896467784887,0.2015118716795139,0,0,4.867947770386794,13.030045670347697,APP;GJA1
GO_Biological_Process_2023,Intracellular Glucose Homeostasis (GO:0001678),2/43,0.0687896467784887,0.2015118716795139,0,0,4.867947770386794,13.030045670347697,NUCKS1;GAS6
GO_Biological_Process_2023,Positive Regulation Of Biomineral Tissue Development (GO:0070169),2/43,0.0687896467784887,0.2015118716795139,0,0,4.867947770386794,13.030045670347697,CEBPB;ATRAID
GO_Biological_Process_2023,Positive Regulation Of Cell-Matrix Adhesion (GO:0001954),2/43,0.0687896467784887,0.2015118716795139,0,0,4.867947770386794,13.030045670347697,EMP2;RAC1
GO_Biological_Process_2023,Positive Regulation Of Receptor-Mediated Endocytosis (GO:0048260),2/43,0.0687896467784887,0.2015118716795139,0,0,4.867947770386794,13.030045670347697,CD63;ANXA2
GO_Biological_Process_2023,Positive Regulation Of Stress Fiber Assembly (GO:0051496),2/43,0.0687896467784887,0.2015118716795139,0,0,4.867947770386794,13.030045670347697,TPM1;RAC1
GO_Biological_Process_2023,Bone Development (GO:0060348),2/44,0.0716056114889121,0.2081258673606766,0,0,4.751803751803752,12.52851945708889,GJA1;PLS3
GO_Biological_Process_2023,Regulation Of Cell-Substrate Adhesion (GO:0010810),2/44,0.0716056114889121,0.2081258673606766,0,0,4.751803751803752,12.52851945708889,ARL2;RAC1
GO_Biological_Process_2023,Regulation Of Defense Response (GO:0031347),3/97,0.0734906143235922,0.2081258673606766,0,0,3.1924613889188898,8.33423196719981,GRN;APLP2;APOE
GO_Biological_Process_2023,Regulation Of Cellular Metabolic Process (GO:0031323),2/45,0.0744584746361064,0.2081258673606766,0,0,4.641061780596664,12.055221541075596,NPC2;ARL2
GO_Biological_Process_2023,Regulation Of Protein Modification Process (GO:0031399),2/45,0.0744584746361064,0.2081258673606766,0,0,4.641061780596664,12.055221541075596,NDUFS4;HSPB1
GO_Biological_Process_2023,Regulation Of Stem Cell Differentiation (GO:2000736),2/45,0.0744584746361064,0.2081258673606766,0,0,4.641061780596664,12.055221541075596,TACSTD2;HES1
GO_Biological_Process_2023,Regulation Of Telomerase Activity (GO:0051972),2/45,0.0744584746361064,0.2081258673606766,0,0,4.641061780596664,12.055221541075596,MYC;KLF4
GO_Biological_Process_2023,Chromosome Organization (GO:0051276),2/45,0.0744584746361064,0.2081258673606766,0,0,4.641061780596664,12.055221541075596,MYC;H1-0
GO_Biological_Process_2023,Triglyceride Metabolic Process (GO:0006641),2/45,0.0744584746361064,0.2081258673606766,0,0,4.641061780596664,12.055221541075596,CAV1;APOE
GO_Biological_Process_2023,Zymogen Activation (GO:0031638),2/45,0.0744584746361064,0.2081258673606766,0,0,4.641061780596664,12.055221541075596,C1R;PERP
GO_Biological_Process_2023,MAPK Cascade (GO:0000165),3/98,0.0752775128137596,0.2081258673606766,0,0,3.158696232968208,8.170200992229566,MYC;CCL2;ZFP36L1
GO_Biological_Process_2023,Cellular Response To Insulin Stimulus (GO:0032869),3/99,0.0770835823208496,0.2081258673606766,0,0,3.125634517766497,8.010579186959143,CAV2;RAB13;ZFP36L1
GO_Biological_Process_2023,Regulation Of Defense Response To Bacterium (GO:1900424),1/8,0.0772680713380291,0.2081258673606766,0,0,14.208901651112706,36.38152974515558,GRN
GO_Biological_Process_2023,Regulation Of Epidermis Development (GO:0045682),1/8,0.0772680713380291,0.2081258673606766,0,0,14.208901651112706,36.38152974515558,KRT10
GO_Biological_Process_2023,Regulation Of Fibroblast Apoptotic Process (GO:2000269),1/8,0.0772680713380291,0.2081258673606766,0,0,14.208901651112706,36.38152974515558,GAS6
GO_Biological_Process_2023,Regulation Of Gap Junction Assembly (GO:1903596),1/8,0.0772680713380291,0.2081258673606766,0,0,14.208901651112706,36.38152974515558,CAV1
GO_Biological_Process_2023,Regulation Of Glial Cell Proliferation (GO:0060251),1/8,0.0772680713380291,0.2081258673606766,0,0,14.208901651112706,36.38152974515558,HES1
GO_Biological_Process_2023,Regulation Of Heme Biosynthetic Process (GO:0070453),1/8,0.0772680713380291,0.2081258673606766,0,0,14.208901651112706,36.38152974515558,TMEM14C
GO_Biological_Process_2023,T Cell Mediated Cytotoxicity (GO:0001913),1/8,0.0772680713380291,0.2081258673606766,0,0,14.208901651112706,36.38152974515558,EMP2
GO_Biological_Process_2023,Regulation Of Interleukin-23 Production (GO:0032667),1/8,0.0772680713380291,0.2081258673606766,0,0,14.208901651112706,36.38152974515558,RAC1
GO_Biological_Process_2023,Regulation Of Intrinsic Apoptotic Signaling Pathway By P53 Class Mediator (GO:1902253),1/8,0.0772680713380291,0.2081258673606766,0,0,14.208901651112706,36.38152974515558,MYC
GO_Biological_Process_2023,Actin Filament Network Formation (GO:0051639),1/8,0.0772680713380291,0.2081258673606766,0,0,14.208901651112706,36.38152974515558,PLS3
GO_Biological_Process_2023,Alcohol Catabolic Process (GO:0046164),1/8,0.0772680713380291,0.2081258673606766,0,0,14.208901651112706,36.38152974515558,APOE
GO_Biological_Process_2023,Regulation Of Macrophage Migration (GO:1905521),1/8,0.0772680713380291,0.2081258673606766,0,0,14.208901651112706,36.38152974515558,CD81
GO_Biological_Process_2023,Regulation Of Morphogenesis Of An Epithelium (GO:1905330),1/8,0.0772680713380291,0.2081258673606766,0,0,14.208901651112706,36.38152974515558,GJA1
GO_Biological_Process_2023,Regulation Of Pinocytosis (GO:0048548),1/8,0.0772680713380291,0.2081258673606766,0,0,14.208901651112706,36.38152974515558,CAV1
GO_Biological_Process_2023,Bundle Of His Cell To Purkinje Myocyte Communication (GO:0086069),1/8,0.0772680713380291,0.2081258673606766,0,0,14.208901651112706,36.38152974515558,DSP
GO_Biological_Process_2023,Regulation Of Podosome Assembly (GO:0071801),1/8,0.0772680713380291,0.2081258673606766,0,0,14.208901651112706,36.38152974515558,GSN
GO_Biological_Process_2023,Regulation Of Vesicle Fusion (GO:0031338),1/8,0.0772680713380291,0.2081258673606766,0,0,14.208901651112706,36.38152974515558,ANXA2
GO_Biological_Process_2023,Commissural Neuron Axon Guidance (GO:0071679),1/8,0.0772680713380291,0.2081258673606766,0,0,14.208901651112706,36.38152974515558,NFIB
GO_Biological_Process_2023,Cyclooxygenase Pathway (GO:0019371),1/8,0.0772680713380291,0.2081258673606766,0,0,14.208901651112706,36.38152974515558,CBR1
GO_Biological_Process_2023,Endosome To Melanosome Transport (GO:0035646),1/8,0.0772680713380291,0.2081258673606766,0,0,14.208901651112706,36.38152974515558,CD63
GO_Biological_Process_2023,Endosome To Pigment Granule Transport (GO:0043485),1/8,0.0772680713380291,0.2081258673606766,0,0,14.208901651112706,36.38152974515558,CD63
GO_Biological_Process_2023,Endothelial Cell Chemotaxis (GO:0035767),1/8,0.0772680713380291,0.2081258673606766,0,0,14.208901651112706,36.38152974515558,RAB13
GO_Biological_Process_2023,Sphingosine-1-Phosphate Receptor Signaling Pathway (GO:0003376),1/8,0.0772680713380291,0.2081258673606766,0,0,14.208901651112706,36.38152974515558,RAC1
GO_Biological_Process_2023,tRNA Transcription (GO:0009304),1/8,0.0772680713380291,0.2081258673606766,0,0,14.208901651112706,36.38152974515558,ZFP36L1
GO_Biological_Process_2023,Triglyceride-Rich Lipoprotein Particle Remodeling (GO:0034370),1/8,0.0772680713380291,0.2081258673606766,0,0,14.208901651112706,36.38152974515558,APOE
GO_Biological_Process_2023,Vascular Associated Smooth Muscle Cell Differentiation (GO:0035886),1/8,0.0772680713380291,0.2081258673606766,0,0,14.208901651112706,36.38152974515558,HES1
GO_Biological_Process_2023,Vitamin K Metabolic Process (GO:0042373),1/8,0.0772680713380291,0.2081258673606766,0,0,14.208901651112706,36.38152974515558,CBR1
GO_Biological_Process_2023,Negative Regulation Of Glial Cell Differentiation (GO:0045686),1/8,0.0772680713380291,0.2081258673606766,0,0,14.208901651112706,36.38152974515558,HES1
GO_Biological_Process_2023,Negative Regulation Of Glycoprotein Biosynthetic Process (GO:0010561),1/8,0.0772680713380291,0.2081258673606766,0,0,14.208901651112706,36.38152974515558,ITM2B
GO_Biological_Process_2023,Negative Regulation Of Platelet Aggregation (GO:0090331),1/8,0.0772680713380291,0.2081258673606766,0,0,14.208901651112706,36.38152974515558,CD9
GO_Biological_Process_2023,p38MAPK Cascade (GO:0038066),1/8,0.0772680713380291,0.2081258673606766,0,0,14.208901651112706,36.38152974515558,ZFP36L1
GO_Biological_Process_2023,Positive Regulation Of Adaptive Immune Response (GO:0002821),1/8,0.0772680713380291,0.2081258673606766,0,0,14.208901651112706,36.38152974515558,CD81
GO_Biological_Process_2023,Positive Regulation Of Membrane Invagination (GO:1905155),1/8,0.0772680713380291,0.2081258673606766,0,0,14.208901651112706,36.38152974515558,APLP2
GO_Biological_Process_2023,Positive Regulation Of Mitochondrial Membrane Permeability Involved In Apoptotic Process (GO:1902110),1/8,0.0772680713380291,0.2081258673606766,0,0,14.208901651112706,36.38152974515558,VDAC2
GO_Biological_Process_2023,Pyrimidine-Containing Compound Metabolic Process (GO:0072527),1/8,0.0772680713380291,0.2081258673606766,0,0,14.208901651112706,36.38152974515558,ERH
GO_Biological_Process_2023,Regulation Of DNA Methylation (GO:0044030),1/8,0.0772680713380291,0.2081258673606766,0,0,14.208901651112706,36.38152974515558,MYC
GO_Biological_Process_2023,Regulation Of DNA-templated Transcription Initiation (GO:2000142),1/8,0.0772680713380291,0.2081258673606766,0,0,14.208901651112706,36.38152974515558,JUN
GO_Biological_Process_2023,Regulation Of ER-associated Ubiquitin-Dependent Protein Catabolic Process (GO:1903069),1/8,0.0772680713380291,0.2081258673606766,0,0,14.208901651112706,36.38152974515558,CAV1
GO_Biological_Process_2023,Regulation Of Aspartic-Type Endopeptidase Activity Involved In Amyloid Precursor Protein Catabolic Process (GO:1902959),1/8,0.0772680713380291,0.2081258673606766,0,0,14.208901651112706,36.38152974515558,EFNA1
GO_Biological_Process_2023,Regulation Of Cell Killing (GO:0031341),1/8,0.0772680713380291,0.2081258673606766,0,0,14.208901651112706,36.38152974515558,CD59
GO_Biological_Process_2023,Cardiac Conduction (GO:0061337),2/46,0.0773472253700272,0.2081258673606766,0,0,4.535353535353536,11.608013208044897,DSP;CAV1
GO_Biological_Process_2023,Myofibril Assembly (GO:0030239),2/46,0.0773472253700272,0.2081258673606766,0,0,4.535353535353536,11.608013208044897,TPM1;MYL9
GO_Biological_Process_2023,Bicellular Tight Junction Assembly (GO:0070830),2/47,0.0802708691611082,0.2143760936877501,0,0,4.434343434343434,11.184959505346583,RAB13;ARL2
GO_Biological_Process_2023,Negative Regulation Of Hydrolase Activity (GO:0051346),2/47,0.0802708691611082,0.2143760936877501,0,0,4.434343434343434,11.184959505346583,CST3;ARL2
GO_Biological_Process_2023,Negative Regulation Of Tumor Necrosis Factor Production (GO:0032720),2/47,0.0802708691611082,0.2143760936877501,0,0,4.434343434343434,11.184959505346583,GSTP1;GAS6
GO_Biological_Process_2023,Positive Regulation Of Epithelial To Mesenchymal Transition (GO:0010718),2/47,0.0802708691611082,0.2143760936877501,0,0,4.434343434343434,11.184959505346583,COL1A1;EMP2
GO_Biological_Process_2023,Positive Regulation Of Smooth Muscle Cell Proliferation (GO:0048661),2/47,0.0802708691611082,0.2143760936877501,0,0,4.434343434343434,11.184959505346583,GJA1;JUN
GO_Biological_Process_2023,Regulation Of Intrinsic Apoptotic Signaling Pathway (GO:2001242),2/48,0.0832284276217124,0.2173441321777269,0,0,4.337725076855512,10.784305954054672,CAV1;NUPR1
GO_Biological_Process_2023,Negative Regulation Of ERK1 And ERK2 Cascade (GO:0070373),2/48,0.0832284276217124,0.2173441321777269,0,0,4.337725076855512,10.784305954054672,GSTP1;TIMP3
GO_Biological_Process_2023,Positive Regulation Of Reactive Oxygen Species Metabolic Process (GO:2000379),2/48,0.0832284276217124,0.2173441321777269,0,0,4.337725076855512,10.784305954054672,CBR1;GSTP1
GO_Biological_Process_2023,Regulation Of I-kappaB kinase/NF-kappaB Signaling (GO:0043122),5/232,0.0839361180778257,0.2173441321777269,0,0,2.210888964192929,5.477917969400538,GJA1;PLK2;GSTP1;S100A13;HSPB1
GO_Biological_Process_2023,Interferon-Mediated Signaling Pathway (GO:0140888),2/49,0.0862189382580095,0.2173441321777269,0,0,4.24521813883516,10.404458354124063,IFITM3;IFI27
GO_Biological_Process_2023,Negative Regulation Of Tumor Necrosis Factor Superfamily Cytokine Production (GO:1903556),2/49,0.0862189382580095,0.2173441321777269,0,0,4.24521813883516,10.404458354124063,GSTP1;GAS6
GO_Biological_Process_2023,Regulation Of Complement Activation (GO:0030449),1/9,0.0864990660572792,0.2173441321777269,0,0,12.4321608040201,30.429226090981548,CD59
GO_Biological_Process_2023,Regulation Of Complement-Dependent Cytotoxicity (GO:1903659),1/9,0.0864990660572792,0.2173441321777269,0,0,12.4321608040201,30.429226090981548,CD59
GO_Biological_Process_2023,Regulation Of Dendritic Cell Apoptotic Process (GO:2000668),1/9,0.0864990660572792,0.2173441321777269,0,0,12.4321608040201,30.429226090981548,GAS6
GO_Biological_Process_2023,ESCRT III Complex Disassembly (GO:1904903),1/9,0.0864990660572792,0.2173441321777269,0,0,12.4321608040201,30.429226090981548,CHMP2A
GO_Biological_Process_2023,ESCRT Complex Disassembly (GO:1904896),1/9,0.0864990660572792,0.2173441321777269,0,0,12.4321608040201,30.429226090981548,CHMP2A
GO_Biological_Process_2023,Regulation Of Inflammatory Response To Wounding (GO:0106014),1/9,0.0864990660572792,0.2173441321777269,0,0,12.4321608040201,30.429226090981548,GRN
GO_Biological_Process_2023,Biomineral Tissue Development (GO:0031214),1/9,0.0864990660572792,0.2173441321777269,0,0,12.4321608040201,30.429226090981548,COL1A1
GO_Biological_Process_2023,Regulation Of Protein Lipidation (GO:1903059),1/9,0.0864990660572792,0.2173441321777269,0,0,12.4321608040201,30.429226090981548,TSPO
GO_Biological_Process_2023,Regulation Of Tau-Protein Kinase Activity (GO:1902947),1/9,0.0864990660572792,0.2173441321777269,0,0,12.4321608040201,30.429226090981548,EGR1
GO_Biological_Process_2023,Response To Laminar Fluid Shear Stress (GO:0034616),1/9,0.0864990660572792,0.2173441321777269,0,0,12.4321608040201,30.429226090981548,KLF4
GO_Biological_Process_2023,Sequestering Of Extracellular Ligand From Receptor (GO:0035581),1/9,0.0864990660572792,0.2173441321777269,0,0,12.4321608040201,30.429226090981548,NBL1
GO_Biological_Process_2023,Endothelial Tube Morphogenesis (GO:0061154),1/9,0.0864990660572792,0.2173441321777269,0,0,12.4321608040201,30.429226090981548,RHOB
GO_Biological_Process_2023,Granulocyte Migration (GO:0097530),1/9,0.0864990660572792,0.2173441321777269,0,0,12.4321608040201,30.429226090981548,EMP2
GO_Biological_Process_2023,Vesicle Fusion With Vacuole (GO:0051469),1/9,0.0864990660572792,0.2173441321777269,0,0,12.4321608040201,30.429226090981548,CHMP2A
GO_Biological_Process_2023,High-Density Lipoprotein Particle Assembly (GO:0034380),1/9,0.0864990660572792,0.2173441321777269,0,0,12.4321608040201,30.429226090981548,APOE
GO_Biological_Process_2023,Homologous Recombination (GO:0035825),1/9,0.0864990660572792,0.2173441321777269,0,0,12.4321608040201,30.429226090981548,NUCKS1
GO_Biological_Process_2023,Intestinal Cholesterol Absorption (GO:0030299),1/9,0.0864990660572792,0.2173441321777269,0,0,12.4321608040201,30.429226090981548,LIMA1
GO_Biological_Process_2023,Mitral Valve Morphogenesis (GO:0003183),1/9,0.0864990660572792,0.2173441321777269,0,0,12.4321608040201,30.429226090981548,EFNA1
GO_Biological_Process_2023,Motor Neuron Axon Guidance (GO:0008045),1/9,0.0864990660572792,0.2173441321777269,0,0,12.4321608040201,30.429226090981548,RAC1
GO_Biological_Process_2023,Multivesicular Body-Lysosome Fusion (GO:0061763),1/9,0.0864990660572792,0.2173441321777269,0,0,12.4321608040201,30.429226090981548,CHMP2A
GO_Biological_Process_2023,Myelin Maintenance (GO:0043217),1/9,0.0864990660572792,0.2173441321777269,0,0,12.4321608040201,30.429226090981548,PRDX6
GO_Biological_Process_2023,Negative Regulation Of Establishment Of Protein Localization (GO:1904950),1/9,0.0864990660572792,0.2173441321777269,0,0,12.4321608040201,30.429226090981548,SNX3
GO_Biological_Process_2023,Negative Regulation Of Extracellular Matrix Organization (GO:1903054),1/9,0.0864990660572792,0.2173441321777269,0,0,12.4321608040201,30.429226090981548,CST3
GO_Biological_Process_2023,Negative Regulation Of Heterotypic Cell-Cell Adhesion (GO:0034115),1/9,0.0864990660572792,0.2173441321777269,0,0,12.4321608040201,30.429226090981548,KLF4
GO_Biological_Process_2023,Negative Regulation Of Hormone Secretion (GO:0046888),1/9,0.0864990660572792,0.2173441321777269,0,0,12.4321608040201,30.429226090981548,GJA1
GO_Biological_Process_2023,Negative Regulation Of Lipid Localization (GO:1905953),1/9,0.0864990660572792,0.2173441321777269,0,0,12.4321608040201,30.429226090981548,NFKBIA
GO_Biological_Process_2023,Negative Regulation Of Necroptotic Process (GO:0060546),1/9,0.0864990660572792,0.2173441321777269,0,0,12.4321608040201,30.429226090981548,YBX3
GO_Biological_Process_2023,Negative Regulation Of Protein Autophosphorylation (GO:0031953),1/9,0.0864990660572792,0.2173441321777269,0,0,12.4321608040201,30.429226090981548,CAV1
GO_Biological_Process_2023,Negative Regulation Of Vascular Endothelial Growth Factor Signaling Pathway (GO:1900747),1/9,0.0864990660572792,0.2173441321777269,0,0,12.4321608040201,30.429226090981548,DCN
GO_Biological_Process_2023,Neuron Remodeling (GO:0016322),1/9,0.0864990660572792,0.2173441321777269,0,0,12.4321608040201,30.429226090981548,APP
GO_Biological_Process_2023,Positive Regulation Of Mesenchymal Cell Proliferation (GO:0002053),1/9,0.0864990660572792,0.2173441321777269,0,0,12.4321608040201,30.429226090981548,MYC
GO_Biological_Process_2023,Positive Regulation Of Monocyte Differentiation (GO:0045657),1/9,0.0864990660572792,0.2173441321777269,0,0,12.4321608040201,30.429226090981548,ZFP36L1
GO_Biological_Process_2023,"Positive Regulation Of Phagocytosis, Engulfment (GO:0060100)",1/9,0.0864990660572792,0.2173441321777269,0,0,12.4321608040201,30.429226090981548,APLP2
GO_Biological_Process_2023,Quinone Metabolic Process (GO:1901661),1/9,0.0864990660572792,0.2173441321777269,0,0,12.4321608040201,30.429226090981548,CBR1
GO_Biological_Process_2023,"Regulation Of CD4-positive, Alpha-Beta T Cell Proliferation (GO:2000561)",1/9,0.0864990660572792,0.2173441321777269,0,0,12.4321608040201,30.429226090981548,CD81
GO_Biological_Process_2023,Regulation Of Cell-Cell Adhesion Involved In Gastrulation (GO:0070587),1/9,0.0864990660572792,0.2173441321777269,0,0,12.4321608040201,30.429226090981548,KLF4
GO_Biological_Process_2023,Cellular Response To Organonitrogen Compound (GO:0071417),3/105,0.0883124080071284,0.2215883767717542,0,0,2.9408778739922363,7.137141991170913,EGR1;CTNNA1;ZFP36L1
GO_Biological_Process_2023,Blood Circulation (GO:0008015),2/50,0.0892414542606553,0.2236049921362487,0,0,4.156565656565657,10.043965211617904,CYB5R3;SERPING1
GO_Biological_Process_2023,Positive Regulation Of Autophagy (GO:0010508),3/107,0.0922003613732937,0.2245371154562241,0,0,2.8840296759078483,6.874924645539169,TMEM59;PLK2;DCN
GO_Biological_Process_2023,SMAD Protein Signal Transduction (GO:0060395),2/51,0.0922950442929787,0.2245371154562241,0,0,4.071531642960214,9.7015024039535,JUN;FOS
GO_Biological_Process_2023,Regulation Of Stress-Activated MAPK Cascade (GO:0032872),2/51,0.0922950442929787,0.2245371154562241,0,0,4.071531642960214,9.7015024039535,MYC;GSTP1
GO_Biological_Process_2023,Regulation Of Substrate Adhesion-Dependent Cell Spreading (GO:1900024),2/51,0.0922950442929787,0.2245371154562241,0,0,4.071531642960214,9.7015024039535,TACSTD2;RAC1
GO_Biological_Process_2023,Negative Regulation Of MAP Kinase Activity (GO:0043407),2/51,0.0922950442929787,0.2245371154562241,0,0,4.071531642960214,9.7015024039535,GSTP1;APOE
GO_Biological_Process_2023,Positive Regulation Of Actin Filament Bundle Assembly (GO:0032233),2/51,0.0922950442929787,0.2245371154562241,0,0,4.071531642960214,9.7015024039535,TPM1;RAC1
GO_Biological_Process_2023,Regulation Of Inflammatory Response (GO:0050727),5/240,0.0936404862538112,0.2245371154562241,0,0,2.1347517730496453,5.055716493016906,NFKBIA;APP;GRN;APOE;KLF4
GO_Biological_Process_2023,Negative Regulation Of Innate Immune Response (GO:0045824),2/52,0.0953787922697506,0.2245371154562241,0,0,3.98989898989899,9.375859760148904,GRN;SERPING1
GO_Biological_Process_2023,Negative Regulation Of Response To Stimulus (GO:0048585),2/52,0.0953787922697506,0.2245371154562241,0,0,3.98989898989899,9.375859760148904,APLP2;KLF4
GO_Biological_Process_2023,Regulation Of Cysteine-Type Endopeptidase Activity Involved In Apoptotic Signaling Pathway (GO:2001267),1/10,0.0956381720564831,0.2245371154562241,0,0,11.050251256281408,25.93696464958489,GSN
GO_Biological_Process_2023,Regulation Of Dendritic Cell Differentiation (GO:2001198),1/10,0.0956381720564831,0.2245371154562241,0,0,11.050251256281408,25.93696464958489,LGALS3
GO_Biological_Process_2023,Acidic Amino Acid Transport (GO:0015800),1/10,0.0956381720564831,0.2245371154562241,0,0,11.050251256281408,25.93696464958489,GJA1
GO_Biological_Process_2023,Regulation Of Mitochondrial Depolarization (GO:0051900),1/10,0.0956381720564831,0.2245371154562241,0,0,11.050251256281408,25.93696464958489,DCN
GO_Biological_Process_2023,"Regulation Of Phagocytosis, Engulfment (GO:0060099)",1/10,0.0956381720564831,0.2245371154562241,0,0,11.050251256281408,25.93696464958489,APLP2
GO_Biological_Process_2023,Regulation Of Programmed Necrotic Cell Death (GO:0062098),1/10,0.0956381720564831,0.2245371154562241,0,0,11.050251256281408,25.93696464958489,NUPR1
GO_Biological_Process_2023,Regulation Of Respiratory Burst (GO:0060263),1/10,0.0956381720564831,0.2245371154562241,0,0,11.050251256281408,25.93696464958489,RAC1
GO_Biological_Process_2023,Cellular Response To Increased Oxygen Levels (GO:0036295),1/10,0.0956381720564831,0.2245371154562241,0,0,11.050251256281408,25.93696464958489,CAV1
GO_Biological_Process_2023,Regulation Of Toll-Like Receptor 9 Signaling Pathway (GO:0034163),1/10,0.0956381720564831,0.2245371154562241,0,0,11.050251256281408,25.93696464958489,RTN4
GO_Biological_Process_2023,Removal Of Superoxide Radicals (GO:0019430),1/10,0.0956381720564831,0.2245371154562241,0,0,11.050251256281408,25.93696464958489,SOD3
GO_Biological_Process_2023,Engulfment Of Apoptotic Cell (GO:0043652),1/10,0.0956381720564831,0.2245371154562241,0,0,11.050251256281408,25.93696464958489,RAC1
GO_Biological_Process_2023,Epithelial Cell Apoptotic Process (GO:1904019),1/10,0.0956381720564831,0.2245371154562241,0,0,11.050251256281408,25.93696464958489,GSN
GO_Biological_Process_2023,Fatty Acid Homeostasis (GO:0055089),1/10,0.0956381720564831,0.2245371154562241,0,0,11.050251256281408,25.93696464958489,APOE
GO_Biological_Process_2023,Vacuole Fusion (GO:0097576),1/10,0.0956381720564831,0.2245371154562241,0,0,11.050251256281408,25.93696464958489,CHMP2A
GO_Biological_Process_2023,Heme Catabolic Process (GO:0042167),1/10,0.0956381720564831,0.2245371154562241,0,0,11.050251256281408,25.93696464958489,BLVRB
GO_Biological_Process_2023,Lipoprotein Catabolic Process (GO:0042159),1/10,0.0956381720564831,0.2245371154562241,0,0,11.050251256281408,25.93696464958489,APOE
GO_Biological_Process_2023,Mast Cell Activation Involved In Immune Response (GO:0002279),1/10,0.0956381720564831,0.2245371154562241,0,0,11.050251256281408,25.93696464958489,S100A13
GO_Biological_Process_2023,Mast Cell Degranulation (GO:0043303),1/10,0.0956381720564831,0.2245371154562241,0,0,11.050251256281408,25.93696464958489,S100A13
GO_Biological_Process_2023,Muscle Filament Sliding (GO:0030049),1/10,0.0956381720564831,0.2245371154562241,0,0,11.050251256281408,25.93696464958489,TPM1
GO_Biological_Process_2023,Negative Regulation Of Autophagosome Assembly (GO:1902902),1/10,0.0956381720564831,0.2245371154562241,0,0,11.050251256281408,25.93696464958489,NUPR1
GO_Biological_Process_2023,Negative Regulation Of Glycolytic Process (GO:0045820),1/10,0.0956381720564831,0.2245371154562241,0,0,11.050251256281408,25.93696464958489,NUPR1
GO_Biological_Process_2023,Negative Regulation Of Hemostasis (GO:1900047),1/10,0.0956381720564831,0.2245371154562241,0,0,11.050251256281408,25.93696464958489,APOE
GO_Biological_Process_2023,Negative Regulation Of Homotypic Cell-Cell Adhesion (GO:0034111),1/10,0.0956381720564831,0.2245371154562241,0,0,11.050251256281408,25.93696464958489,CD9
GO_Biological_Process_2023,Negative Regulation Of Hydrogen Peroxide-Induced Cell Death (GO:1903206),1/10,0.0956381720564831,0.2245371154562241,0,0,11.050251256281408,25.93696464958489,TXN
GO_Biological_Process_2023,Negative Regulation Of Mitochondrial Outer Membrane Permeabilization Involved In Apoptotic Signaling Pathway (GO:1901029),1/10,0.0956381720564831,0.2245371154562241,0,0,11.050251256281408,25.93696464958489,HSPA1A
GO_Biological_Process_2023,Negative Regulation Of Response To Cytokine Stimulus (GO:0060761),1/10,0.0956381720564831,0.2245371154562241,0,0,11.050251256281408,25.93696464958489,KLF4
GO_Biological_Process_2023,Neuron Projection Fasciculation (GO:0106030),1/10,0.0956381720564831,0.2245371154562241,0,0,11.050251256281408,25.93696464958489,RTN4
GO_Biological_Process_2023,Neuron Projection Maintenance (GO:1990535),1/10,0.0956381720564831,0.2245371154562241,0,0,11.050251256281408,25.93696464958489,APP
GO_Biological_Process_2023,Nuclear Pore Complex Assembly (GO:0051292),1/10,0.0956381720564831,0.2245371154562241,0,0,11.050251256281408,25.93696464958489,RTN4
GO_Biological_Process_2023,Positive Regulation Of Actin Nucleation (GO:0051127),1/10,0.0956381720564831,0.2245371154562241,0,0,11.050251256281408,25.93696464958489,GSN
GO_Biological_Process_2023,Positive Regulation Of Cellular Respiration (GO:1901857),1/10,0.0956381720564831,0.2245371154562241,0,0,11.050251256281408,25.93696464958489,NUPR1
GO_Biological_Process_2023,Positive Regulation Of Cholesterol Metabolic Process (GO:0090205),1/10,0.0956381720564831,0.2245371154562241,0,0,11.050251256281408,25.93696464958489,APOE
GO_Biological_Process_2023,Positive Regulation Of Defense Response To Bacterium (GO:1900426),1/10,0.0956381720564831,0.2245371154562241,0,0,11.050251256281408,25.93696464958489,GRN
GO_Biological_Process_2023,Positive Regulation Of Transcription From RNA Polymerase II Promoter In Response To Endoplasmic Reticulum Stress (GO:1990440),1/10,0.0956381720564831,0.2245371154562241,0,0,11.050251256281408,25.93696464958489,CEBPB
GO_Biological_Process_2023,Regulation Of Amyloid Precursor Protein Biosynthetic Process (GO:0042984),1/10,0.0956381720564831,0.2245371154562241,0,0,11.050251256281408,25.93696464958489,ITM2B
GO_Biological_Process_2023,Regulation Of Axon Regeneration (GO:0048679),1/10,0.0956381720564831,0.2245371154562241,0,0,11.050251256281408,25.93696464958489,GRN
GO_Biological_Process_2023,Regulation Of Biosynthetic Process (GO:0009889),1/10,0.0956381720564831,0.2245371154562241,0,0,11.050251256281408,25.93696464958489,GSTP1
GO_Biological_Process_2023,Regulation Of Cardiac Muscle Cell Apoptotic Process (GO:0010665),1/10,0.0956381720564831,0.2245371154562241,0,0,11.050251256281408,25.93696464958489,NUPR1
GO_Biological_Process_2023,Cell-Matrix Adhesion (GO:0007160),3/109,0.0961582714173515,0.2245371154562241,0,0,2.829326692845513,6.625603466421482,CD63;EMP2;RAC1
GO_Biological_Process_2023,Extracellular Structure Organization (GO:0043062),3/109,0.0961582714173515,0.2245371154562241,0,0,2.829326692845513,6.625603466421482,COL1A1;APP;COL1A2
GO_Biological_Process_2023,Negative Regulation Of Developmental Process (GO:0051093),3/109,0.0961582714173515,0.2245371154562241,0,0,2.829326692845513,6.625603466421482,CST3;NFIB;GAS6
GO_Biological_Process_2023,Positive Regulation Of Cysteine-Type Endopeptidase Activity Involved In Apoptotic Process (GO:0043280),3/109,0.0961582714173515,0.2245371154562241,0,0,2.829326692845513,6.625603466421482,BEX3;GSN;MYC
GO_Biological_Process_2023,Regulation Of Wnt Signaling Pathway (GO:0030111),3/109,0.0961582714173515,0.2245371154562241,0,0,2.829326692845513,6.625603466421482,SNX3;APP;TAX1BP3
GO_Biological_Process_2023,External Encapsulating Structure Organization (GO:0045229),3/110,0.0981629721395125,0.22828675559139,0,0,2.8027420655628825,6.505518041671875,COL1A1;APP;COL1A2
GO_Biological_Process_2023,Regulation Of Proteasomal Protein Catabolic Process (GO:0061136),2/53,0.0984917971521169,0.22828675559139,0,0,3.9114676173499694,9.065929283683165,NUPR1;APOE
GO_Biological_Process_2023,Tight Junction Assembly (GO:0120192),2/53,0.0984917971521169,0.22828675559139,0,0,3.9114676173499694,9.065929283683165,RAB13;ARL2
GO_Biological_Process_2023,Negative Regulation Of Metabolic Process (GO:0009892),2/53,0.0984917971521169,0.22828675559139,0,0,3.9114676173499694,9.065929283683165,GSTP1;ID1
GO_Biological_Process_2023,Positive Regulation Of Chemokine Production (GO:0032722),2/53,0.0984917971521169,0.22828675559139,0,0,3.9114676173499694,9.065929283683165,APP;EGR1
GO_Biological_Process_2023,Negative Regulation Of Transmembrane Receptor Protein Serine/Threonine Kinase Signaling Pathway (GO:0090101),3/111,0.1001845738063604,0.22828675559139,0,0,2.7766497461928936,6.3883520697862,CAV1;NBL1;HSPA1A
GO_Biological_Process_2023,Regulation Of Gene Expression (GO:0010468),16/1127,0.1002754672557143,0.22828675559139,0,0,1.4627636676711149,3.3641139205357304,APP;EGR1;CEBPB;GSN;KLF4;PRDX6;YBX3;ATRAID;ZFP36L1;GJA1;MAFB;MYC;APOE;GAS6;HSPA1B;HSPA1A
GO_Biological_Process_2023,Regulation Of Exocytosis (GO:0017157),2/54,0.1016331727713355,0.22828675559139,0,0,3.836052836052836,8.77069478933889,ANXA2;RAB13
GO_Biological_Process_2023,Endoplasmic Reticulum Organization (GO:0007029),2/54,0.1016331727713355,0.22828675559139,0,0,3.836052836052836,8.77069478933889,CAV2;RTN4
GO_Biological_Process_2023,Epidermal Cell Differentiation (GO:0009913),2/54,0.1016331727713355,0.22828675559139,0,0,3.836052836052836,8.77069478933889,DSP;KRT10
GO_Biological_Process_2023,Negative Regulation Of Neuron Projection Development (GO:0010977),2/54,0.1016331727713355,0.22828675559139,0,0,3.836052836052836,8.77069478933889,EFNA1;APOE
GO_Biological_Process_2023,Positive Regulation Of Leukocyte Chemotaxis (GO:0002690),2/54,0.1016331727713355,0.22828675559139,0,0,3.836052836052836,8.77069478933889,S100A14;GAS6
GO_Biological_Process_2023,Regulation Of Blood Vessel Endothelial Cell Migration (GO:0043535),2/54,0.1016331727713355,0.22828675559139,0,0,3.836052836052836,8.77069478933889,HSPB1;APOE
GO_Biological_Process_2023,Positive Regulation Of Cytokine Production (GO:0001819),6/320,0.1027110201534412,0.22828675559139,0,0,1.919298706415392,4.368008828803376,APP;EGR1;CEBPB;S100A13;HSPA1B;HSPA1A
GO_Biological_Process_2023,Regulation Of Protein Ubiquitination (GO:0031396),3/113,0.1042776844975899,0.22828675559139,0,0,2.7258883248730963,6.162409997576357,CAV1;HSPA1B;HSPA1A
GO_Biological_Process_2023,Golgi To Lysosome Transport (GO:0090160),1/11,0.1046862992439068,0.22828675559139,0,0,9.944723618090451,22.4431232477853,LAMP1
GO_Biological_Process_2023,Regulation Of Fatty Acid Metabolic Process (GO:0019217),1/11,0.1046862992439068,0.22828675559139,0,0,9.944723618090451,22.4431232477853,CAV1
GO_Biological_Process_2023,Regulation Of mRNA 3'-End Processing (GO:0031440),1/11,0.1046862992439068,0.22828675559139,0,0,9.944723618090451,22.4431232477853,ZFP36L1
GO_Biological_Process_2023,Regulation Of Mesenchymal Cell Proliferation (GO:0010464),1/11,0.1046862992439068,0.22828675559139,0,0,9.944723618090451,22.4431232477853,MYC
GO_Biological_Process_2023,Regulation Of Microtubule-Based Movement (GO:0060632),1/11,0.1046862992439068,0.22828675559139,0,0,9.944723618090451,22.4431232477853,LAMP1
GO_Biological_Process_2023,Regulation Of Monocyte Chemotactic Protein-1 Production (GO:0071637),1/11,0.1046862992439068,0.22828675559139,0,0,9.944723618090451,22.4431232477853,GSTP1
GO_Biological_Process_2023,Regulation Of Protein Exit From Endoplasmic Reticulum (GO:0070861),1/11,0.1046862992439068,0.22828675559139,0,0,9.944723618090451,22.4431232477853,CD81
GO_Biological_Process_2023,Cellular Response To Fluid Shear Stress (GO:0071498),1/11,0.1046862992439068,0.22828675559139,0,0,9.944723618090451,22.4431232477853,KLF4
GO_Biological_Process_2023,Regulation Of Stress-Activated Protein Kinase Signaling Cascade (GO:0070302),1/11,0.1046862992439068,0.22828675559139,0,0,9.944723618090451,22.4431232477853,GSTP1
GO_Biological_Process_2023,Cellular Response To Superoxide (GO:0071451),1/11,0.1046862992439068,0.22828675559139,0,0,9.944723618090451,22.4431232477853,SOD3
GO_Biological_Process_2023,Central Nervous System Projection Neuron Axonogenesis (GO:0021952),1/11,0.1046862992439068,0.22828675559139,0,0,9.944723618090451,22.4431232477853,NFIB
GO_Biological_Process_2023,Response To X-ray (GO:0010165),1/11,0.1046862992439068,0.22828675559139,0,0,9.944723618090451,22.4431232477853,NUCKS1
GO_Biological_Process_2023,Response To Nitric Oxide (GO:0071731),1/11,0.1046862992439068,0.22828675559139,0,0,9.944723618090451,22.4431232477853,TXN
GO_Biological_Process_2023,Skeletal Muscle Fiber Development (GO:0048741),1/11,0.1046862992439068,0.22828675559139,0,0,9.944723618090451,22.4431232477853,CAV2
GO_Biological_Process_2023,Endoplasmic Reticulum Membrane Organization (GO:0090158),1/11,0.1046862992439068,0.22828675559139,0,0,9.944723618090451,22.4431232477853,RTN4
GO_Biological_Process_2023,Epithelial Cell-Cell Adhesion (GO:0090136),1/11,0.1046862992439068,0.22828675559139,0,0,9.944723618090451,22.4431232477853,DSP
GO_Biological_Process_2023,Visual Learning (GO:0008542),1/11,0.1046862992439068,0.22828675559139,0,0,9.944723618090451,22.4431232477853,APP
GO_Biological_Process_2023,Intestinal Lipid Absorption (GO:0098856),1/11,0.1046862992439068,0.22828675559139,0,0,9.944723618090451,22.4431232477853,LIMA1
GO_Biological_Process_2023,Intracellular Copper Ion Homeostasis (GO:0006878),1/11,0.1046862992439068,0.22828675559139,0,0,9.944723618090451,22.4431232477853,APP
GO_Biological_Process_2023,Lysosomal Membrane Organization (GO:0097212),1/11,0.1046862992439068,0.22828675559139,0,0,9.944723618090451,22.4431232477853,CHMP2A
GO_Biological_Process_2023,Macrophage Activation Involved In Immune Response (GO:0002281),1/11,0.1046862992439068,0.22828675559139,0,0,9.944723618090451,22.4431232477853,GRN
GO_Biological_Process_2023,Mast Cell Mediated Immunity (GO:0002448),1/11,0.1046862992439068,0.22828675559139,0,0,9.944723618090451,22.4431232477853,S100A13
GO_Biological_Process_2023,Negative Regulation Of Amyloid Fibril Formation (GO:1905907),1/11,0.1046862992439068,0.22828675559139,0,0,9.944723618090451,22.4431232477853,CRYAB
GO_Biological_Process_2023,Negative Regulation Of Cell Division (GO:0051782),1/11,0.1046862992439068,0.22828675559139,0,0,9.944723618090451,22.4431232477853,MYC
GO_Biological_Process_2023,Negative Regulation Of Cellular Response To Vascular Endothelial Growth Factor Stimulus (GO:1902548),1/11,0.1046862992439068,0.22828675559139,0,0,9.944723618090451,22.4431232477853,DCN
GO_Biological_Process_2023,Negative Regulation Of Leukocyte Apoptotic Process (GO:2000107),1/11,0.1046862992439068,0.22828675559139,0,0,9.944723618090451,22.4431232477853,GAS6
GO_Biological_Process_2023,Negative Regulation Of Leukocyte Chemotaxis (GO:0002689),1/11,0.1046862992439068,0.22828675559139,0,0,9.944723618090451,22.4431232477853,NBL1
GO_Biological_Process_2023,Negative Regulation Of Nitrogen Compound Metabolic Process (GO:0051172),1/11,0.1046862992439068,0.22828675559139,0,0,9.944723618090451,22.4431232477853,APOE
GO_Biological_Process_2023,Negative Regulation Of Potassium Ion Transmembrane Transport (GO:1901380),1/11,0.1046862992439068,0.22828675559139,0,0,9.944723618090451,22.4431232477853,CAV1
GO_Biological_Process_2023,Negative Regulation Of Voltage-Gated Potassium Channel Activity (GO:1903817),1/11,0.1046862992439068,0.22828675559139,0,0,9.944723618090451,22.4431232477853,CAV1
GO_Biological_Process_2023,Phospholipid Efflux (GO:0033700),1/11,0.1046862992439068,0.22828675559139,0,0,9.944723618090451,22.4431232477853,APOE
GO_Biological_Process_2023,Polyamine Metabolic Process (GO:0006595),1/11,0.1046862992439068,0.22828675559139,0,0,9.944723618090451,22.4431232477853,OAZ2
GO_Biological_Process_2023,Positive Regulation Of Protein Exit From Endoplasmic Reticulum (GO:0070863),1/11,0.1046862992439068,0.22828675559139,0,0,9.944723618090451,22.4431232477853,CD81
GO_Biological_Process_2023,Regulation Of T Cell Apoptotic Process (GO:0070232),1/11,0.1046862992439068,0.22828675559139,0,0,9.944723618090451,22.4431232477853,LGALS3
GO_Biological_Process_2023,Regulation Of Actin Filament Depolymerization (GO:0030834),1/11,0.1046862992439068,0.22828675559139,0,0,9.944723618090451,22.4431232477853,LIMA1
GO_Biological_Process_2023,Regulation Of Amyloid Precursor Protein Catabolic Process (GO:1902991),1/11,0.1046862992439068,0.22828675559139,0,0,9.944723618090451,22.4431232477853,APOE
GO_Biological_Process_2023,Regulation Of Astrocyte Differentiation (GO:0048710),1/11,0.1046862992439068,0.22828675559139,0,0,9.944723618090451,22.4431232477853,HES1
GO_Biological_Process_2023,Regulation Of Cell Communication By Electrical Coupling Involved In Cardiac Conduction (GO:1901844),1/11,0.1046862992439068,0.22828675559139,0,0,9.944723618090451,22.4431232477853,CAV1
GO_Biological_Process_2023,Response To Peptide Hormone (GO:0043434),2/55,0.1048020475500832,0.22828675559139,0,0,3.763483895559368,8.489222766072233,CAV1;ZFP36L1
GO_Biological_Process_2023,Neuron Migration (GO:0001764),2/55,0.1048020475500832,0.22828675559139,0,0,3.763483895559368,8.489222766072233,MAP1B;RAC1
GO_Biological_Process_2023,Response To Endoplasmic Reticulum Stress (GO:0034976),3/114,0.1063487931507688,0.2313734719280141,0,0,2.7011935793661683,6.0534587787747896,JUN;CEBPB;ATF3
GO_Biological_Process_2023,Regulation Of Reactive Oxygen Species Metabolic Process (GO:2000377),2/56,0.1079975643594305,0.2346743664034398,0,0,3.6936026936026938,8.220654292796869,CBR1;RAC1
GO_Biological_Process_2023,Regulation Of Chemokine (C-X-C Motif) Ligand 2 Production (GO:2000341),1/12,0.1136443487055952,0.236847567863063,0,0,9.040201005025123,19.659557478207127,KLF4
GO_Biological_Process_2023,Actin-Myosin Filament Sliding (GO:0033275),1/12,0.1136443487055952,0.236847567863063,0,0,9.040201005025123,19.659557478207127,TPM1
GO_Biological_Process_2023,Atrial Cardiac Muscle Cell Action Potential (GO:0086014),1/12,0.1136443487055952,0.236847567863063,0,0,9.040201005025123,19.659557478207127,GJA1
GO_Biological_Process_2023,Axonal Fasciculation (GO:0007413),1/12,0.1136443487055952,0.236847567863063,0,0,9.040201005025123,19.659557478207127,RTN4
GO_Biological_Process_2023,Axonal Transport Of Mitochondrion (GO:0019896),1/12,0.1136443487055952,0.236847567863063,0,0,9.040201005025123,19.659557478207127,HSBP1
GO_Biological_Process_2023,Biogenic Amine Metabolic Process (GO:0006576),1/12,0.1136443487055952,0.236847567863063,0,0,9.040201005025123,19.659557478207127,OAZ2
GO_Biological_Process_2023,Cell Projection Assembly (GO:0030031),1/12,0.1136443487055952,0.236847567863063,0,0,9.040201005025123,19.659557478207127,GSN
GO_Biological_Process_2023,Regulation Of Vascular Associated Smooth Muscle Cell Migration (GO:1904752),1/12,0.1136443487055952,0.236847567863063,0,0,9.040201005025123,19.659557478207127,TPM1
GO_Biological_Process_2023,Relaxation Of Cardiac Muscle (GO:0055119),1/12,0.1136443487055952,0.236847567863063,0,0,9.040201005025123,19.659557478207127,GSN
GO_Biological_Process_2023,Defense Response To Tumor Cell (GO:0002357),1/12,0.1136443487055952,0.236847567863063,0,0,9.040201005025123,19.659557478207127,KLF4
GO_Biological_Process_2023,"Mitochondrial Electron Transport, Ubiquinol To Cytochrome C (GO:0006122)",1/12,0.1136443487055952,0.236847567863063,0,0,9.040201005025123,19.659557478207127,UQCRQ
GO_Biological_Process_2023,Myelination In Peripheral Nervous System (GO:0022011),1/12,0.1136443487055952,0.236847567863063,0,0,9.040201005025123,19.659557478207127,PRDX6
GO_Biological_Process_2023,Negative Regulation By Host Of Viral Transcription (GO:0043922),1/12,0.1136443487055952,0.236847567863063,0,0,9.040201005025123,19.659557478207127,JUN
GO_Biological_Process_2023,Negative Regulation Of JUN Kinase Activity (GO:0043508),1/12,0.1136443487055952,0.236847567863063,0,0,9.040201005025123,19.659557478207127,GSTP1
GO_Biological_Process_2023,Negative Regulation Of Cell Cycle Phase Transition (GO:1901988),1/12,0.1136443487055952,0.236847567863063,0,0,9.040201005025123,19.659557478207127,ZFP36L1
GO_Biological_Process_2023,Negative Regulation Of Coagulation (GO:0050819),1/12,0.1136443487055952,0.236847567863063,0,0,9.040201005025123,19.659557478207127,APOE
GO_Biological_Process_2023,Negative Regulation Of Locomotion (GO:0040013),1/12,0.1136443487055952,0.236847567863063,0,0,9.040201005025123,19.659557478207127,TACSTD2
GO_Biological_Process_2023,Negative Regulation Of Macrophage Derived Foam Cell Differentiation (GO:0010745),1/12,0.1136443487055952,0.236847567863063,0,0,9.040201005025123,19.659557478207127,NFKBIA
GO_Biological_Process_2023,Negative Regulation Of Mitochondrial Membrane Permeability (GO:0035795),1/12,0.1136443487055952,0.236847567863063,0,0,9.040201005025123,19.659557478207127,HSPA1A
GO_Biological_Process_2023,Negative Regulation Of Mononuclear Cell Migration (GO:0071676),1/12,0.1136443487055952,0.236847567863063,0,0,9.040201005025123,19.659557478207127,NBL1
GO_Biological_Process_2023,Negative Regulation Of Potassium Ion Transport (GO:0043267),1/12,0.1136443487055952,0.236847567863063,0,0,9.040201005025123,19.659557478207127,CAV1
GO_Biological_Process_2023,Negative Regulation Of Stem Cell Differentiation (GO:2000737),1/12,0.1136443487055952,0.236847567863063,0,0,9.040201005025123,19.659557478207127,HES1
GO_Biological_Process_2023,Negative Regulation Of Substrate Adhesion-Dependent Cell Spreading (GO:1900025),1/12,0.1136443487055952,0.236847567863063,0,0,9.040201005025123,19.659557478207127,TACSTD2
GO_Biological_Process_2023,Nucleotide Metabolic Process (GO:0009117),1/12,0.1136443487055952,0.236847567863063,0,0,9.040201005025123,19.659557478207127,REXO2
GO_Biological_Process_2023,Phosphatidylcholine Acyl-Chain Remodeling (GO:0036151),1/12,0.1136443487055952,0.236847567863063,0,0,9.040201005025123,19.659557478207127,TSPO
GO_Biological_Process_2023,Porphyrin-Containing Compound Catabolic Process (GO:0006787),1/12,0.1136443487055952,0.236847567863063,0,0,9.040201005025123,19.659557478207127,BLVRB
GO_Biological_Process_2023,"Positive Regulation Of CD4-positive, Alpha-Beta T Cell Activation (GO:2000516)",1/12,0.1136443487055952,0.236847567863063,0,0,9.040201005025123,19.659557478207127,CD81
GO_Biological_Process_2023,Positive Regulation Of ERAD Pathway (GO:1904294),1/12,0.1136443487055952,0.236847567863063,0,0,9.040201005025123,19.659557478207127,CAV1
GO_Biological_Process_2023,Positive Regulation Of Integrin-Mediated Signaling Pathway (GO:2001046),1/12,0.1136443487055952,0.236847567863063,0,0,9.040201005025123,19.659557478207127,EMP2
GO_Biological_Process_2023,Positive Regulation Of Neuroinflammatory Response (GO:0150078),1/12,0.1136443487055952,0.236847567863063,0,0,9.040201005025123,19.659557478207127,NUPR1
GO_Biological_Process_2023,Positive Regulation Of Protein Export From Nucleus (GO:0046827),1/12,0.1136443487055952,0.236847567863063,0,0,9.040201005025123,19.659557478207127,GAS6
GO_Biological_Process_2023,Positive Regulation Of Vasoconstriction (GO:0045907),1/12,0.1136443487055952,0.236847567863063,0,0,9.040201005025123,19.659557478207127,CAV1
GO_Biological_Process_2023,Protein Heterotetramerization (GO:0051290),1/12,0.1136443487055952,0.236847567863063,0,0,9.040201005025123,19.659557478207127,KRT10
GO_Biological_Process_2023,Regulation Of Actomyosin Structure Organization (GO:0110020),1/12,0.1136443487055952,0.236847567863063,0,0,9.040201005025123,19.659557478207127,RAC1
GO_Biological_Process_2023,Regulation Of Cell Communication By Electrical Coupling (GO:0010649),1/12,0.1136443487055952,0.236847567863063,0,0,9.040201005025123,19.659557478207127,CAV1
GO_Biological_Process_2023,Cellular Response To Oxygen-Containing Compound (GO:1901701),7/406,0.1138217057475743,0.2369404002960007,0,0,1.763566948459231,3.8324462039341394,EGR1;JUN;GSTP1;TPM1;CCL2;FOS;ZFP36L1
GO_Biological_Process_2023,Regulation Of Neuron Death (GO:1901214),2/58,0.1144651666427582,0.2374486712682333,0,0,3.561327561327561,7.719123085387519,EGR1;GPNMB
GO_Biological_Process_2023,Regulation Of Phagocytosis (GO:0050764),2/58,0.1144651666427582,0.2374486712682333,0,0,3.561327561327561,7.719123085387519,SNX3;GAS6
GO_Biological_Process_2023,Memory (GO:0007613),2/58,0.1144651666427582,0.2374486712682333,0,0,3.561327561327561,7.719123085387519,PLK2;APOE
GO_Biological_Process_2023,Heart Morphogenesis (GO:0003007),2/59,0.1177356082636544,0.2431022281740273,0,0,3.4986709197235517,7.484754897547597,EMP2;HES1
GO_Biological_Process_2023,Negative Regulation Of Cytokine-Mediated Signaling Pathway (GO:0001960),2/59,0.1177356082636544,0.2431022281740273,0,0,3.4986709197235517,7.484754897547597,GSTP1;GAS6
GO_Biological_Process_2023,Phospholipid Transport (GO:0015914),2/59,0.1177356082636544,0.2431022281740273,0,0,3.4986709197235517,7.484754897547597,NPC2;APOE
GO_Biological_Process_2023,Positive Regulation Of Proteolysis (GO:0045862),2/59,0.1177356082636544,0.2431022281740273,0,0,3.4986709197235517,7.484754897547597,PERP;APOE
GO_Biological_Process_2023,Axonogenesis (GO:0007409),4/188,0.1200393587238524,0.2444782676707016,0,0,2.175687666370896,4.612317739750818,EFNA1;APP;APLP2;MAP1B
GO_Biological_Process_2023,Endocytosis (GO:0006897),4/189,0.121734806090777,0.2444782676707016,0,0,2.1638168781025926,4.556804295865727,APP;CAV1;APOE;GAS6
GO_Biological_Process_2023,GTP Metabolic Process (GO:0046039),1/13,0.1225132126107664,0.2444782676707016,0,0,8.28643216080402,17.397665920944878,EFNA1
GO_Biological_Process_2023,Regulation Of Humoral Immune Response (GO:0002920),1/13,0.1225132126107664,0.2444782676707016,0,0,8.28643216080402,17.397665920944878,CD59
GO_Biological_Process_2023,Regulation Of Immune Effector Process (GO:0002697),1/13,0.1225132126107664,0.2444782676707016,0,0,8.28643216080402,17.397665920944878,CD59
GO_Biological_Process_2023,T Cell Differentiation In Thymus (GO:0033077),1/13,0.1225132126107664,0.2444782676707016,0,0,8.28643216080402,17.397665920944878,ZFP36L1
GO_Biological_Process_2023,Regulation Of Lamellipodium Organization (GO:1902743),1/13,0.1225132126107664,0.2444782676707016,0,0,8.28643216080402,17.397665920944878,RAC1
GO_Biological_Process_2023,Regulation Of Leukocyte Migration (GO:0002685),1/13,0.1225132126107664,0.2444782676707016,0,0,8.28643216080402,17.397665920944878,CD81
GO_Biological_Process_2023,Acute-Phase Response (GO:0006953),1/13,0.1225132126107664,0.2444782676707016,0,0,8.28643216080402,17.397665920944878,CEBPB
GO_Biological_Process_2023,Regulation Of Nitric-Oxide Synthase Biosynthetic Process (GO:0051769),1/13,0.1225132126107664,0.2444782676707016,0,0,8.28643216080402,17.397665920944878,GSTP1
GO_Biological_Process_2023,Catecholamine Metabolic Process (GO:0006584),1/13,0.1225132126107664,0.2444782676707016,0,0,8.28643216080402,17.397665920944878,COMT
GO_Biological_Process_2023,Regulation Of Response To Endoplasmic Reticulum Stress (GO:1905897),1/13,0.1225132126107664,0.2444782676707016,0,0,8.28643216080402,17.397665920944878,NUPR1
GO_Biological_Process_2023,Regulation Of Trophoblast Cell Migration (GO:1901163),1/13,0.1225132126107664,0.2444782676707016,0,0,8.28643216080402,17.397665920944878,GJA1
GO_Biological_Process_2023,Regulation Of Vasculogenesis (GO:2001212),1/13,0.1225132126107664,0.2444782676707016,0,0,8.28643216080402,17.397665920944878,EMP2
GO_Biological_Process_2023,Relaxation Of Muscle (GO:0090075),1/13,0.1225132126107664,0.2444782676707016,0,0,8.28643216080402,17.397665920944878,GSN
GO_Biological_Process_2023,Response To UV-A (GO:0070141),1/13,0.1225132126107664,0.2444782676707016,0,0,8.28643216080402,17.397665920944878,CCND1
GO_Biological_Process_2023,Clathrin Coat Assembly (GO:0048268),1/13,0.1225132126107664,0.2444782676707016,0,0,8.28643216080402,17.397665920944878,CLTA
GO_Biological_Process_2023,Cytoplasmic Sequestering Of Protein (GO:0051220),1/13,0.1225132126107664,0.2444782676707016,0,0,8.28643216080402,17.397665920944878,NFKBIA
GO_Biological_Process_2023,Cytoplasmic Sequestering Of Transcription Factor (GO:0042994),1/13,0.1225132126107664,0.2444782676707016,0,0,8.28643216080402,17.397665920944878,NFKBIA
GO_Biological_Process_2023,Response To Progesterone (GO:0032570),1/13,0.1225132126107664,0.2444782676707016,0,0,8.28643216080402,17.397665920944878,CAV1
GO_Biological_Process_2023,Thymus Development (GO:0048538),1/13,0.1225132126107664,0.2444782676707016,0,0,8.28643216080402,17.397665920944878,HES1
GO_Biological_Process_2023,Membrane Depolarization (GO:0051899),1/13,0.1225132126107664,0.2444782676707016,0,0,8.28643216080402,17.397665920944878,CAV1
GO_Biological_Process_2023,Negative Regulation Of Cell Migration Involved In Sprouting Angiogenesis (GO:0090051),1/13,0.1225132126107664,0.2444782676707016,0,0,8.28643216080402,17.397665920944878,KLF4
GO_Biological_Process_2023,Negative Regulation Of Neuroinflammatory Response (GO:0150079),1/13,0.1225132126107664,0.2444782676707016,0,0,8.28643216080402,17.397665920944878,GRN
GO_Biological_Process_2023,Negative Regulation Of Receptor Internalization (GO:0002091),1/13,0.1225132126107664,0.2444782676707016,0,0,8.28643216080402,17.397665920944878,ANXA2
GO_Biological_Process_2023,Negative Regulation Of Viral Transcription (GO:0032897),1/13,0.1225132126107664,0.2444782676707016,0,0,8.28643216080402,17.397665920944878,IFITM3
GO_Biological_Process_2023,Positive Regulation Of T Cell Receptor Signaling Pathway (GO:0050862),1/13,0.1225132126107664,0.2444782676707016,0,0,8.28643216080402,17.397665920944878,CD81
GO_Biological_Process_2023,Positive Regulation Of Leukocyte Degranulation (GO:0043302),1/13,0.1225132126107664,0.2444782676707016,0,0,8.28643216080402,17.397665920944878,LAMP1
GO_Biological_Process_2023,Positive Regulation Of Superoxide Anion Generation (GO:0032930),1/13,0.1225132126107664,0.2444782676707016,0,0,8.28643216080402,17.397665920944878,GSTP1
GO_Biological_Process_2023,Positive Regulation Of Type 2 Immune Response (GO:0002830),1/13,0.1225132126107664,0.2444782676707016,0,0,8.28643216080402,17.397665920944878,CD81
GO_Biological_Process_2023,Protein Localization To Nucleus (GO:0034504),3/122,0.123480177679577,0.2461325552853245,0,0,2.5185769739367827,5.26804358631712,COL1A1;APLP2;ARL2
GO_Biological_Process_2023,Positive Regulation Of Cell Junction Assembly (GO:1901890),2/61,0.1243457655234195,0.2473052906285178,0,0,3.379729498373566,7.045685456427677,CAV1;RAC1
GO_Biological_Process_2023,Positive Regulation Of Interleukin-8 Production (GO:0032757),2/61,0.1243457655234195,0.2473052906285178,0,0,3.379729498373566,7.045685456427677,HSPA1B;HSPA1A
GO_Biological_Process_2023,Positive Regulation Of Epithelial Cell Proliferation (GO:0050679),3/123,0.1256888427302304,0.249698101815959,0,0,2.49746192893401,5.179600998900278,GRN;MYC;RTN4
GO_Biological_Process_2023,Transcription By RNA Polymerase II (GO:0006366),4/192,0.126882620786053,0.2517893164430686,0,0,2.128962223187147,4.395227321074526,ANXA2;TSC22D1;CEBPD;NFIC
GO_Biological_Process_2023,Fat Cell Differentiation (GO:0045444),2/62,0.1276839186856092,0.2524009628145149,0,0,3.323232323232323,6.839868307696459,MAFB;KLF4
GO_Biological_Process_2023,Positive Regulation Of Apoptotic Signaling Pathway (GO:2001235),2/62,0.1276839186856092,0.2524009628145149,0,0,3.323232323232323,6.839868307696459,CAV1;NUPR1
GO_Biological_Process_2023,Protein-Containing Complex Disassembly (GO:0032984),2/62,0.1276839186856092,0.2524009628145149,0,0,3.323232323232323,6.839868307696459,MYC;CHMP2A
GO_Biological_Process_2023,Positive Regulation Of Defense Response (GO:0031349),3/124,0.1279117628948558,0.2524009628145149,0,0,2.476695892939548,5.093113606778357,NFKBIA;APP;GRN
GO_Biological_Process_2023,Response To Cytokine (GO:0034097),3/125,0.1301487308762109,0.2524009628145149,0,0,2.456270283764667,5.008525221038258,IFITM3;APP;TIMP3
GO_Biological_Process_2023,Regulation Of Endothelial Cell Chemotaxis (GO:2001026),1/14,0.1312937743788508,0.2524009628145149,0,0,7.648627754155393,15.529145947074284,HSPB1
GO_Biological_Process_2023,Regulation Of Extracellular Matrix Disassembly (GO:0010715),1/14,0.1312937743788508,0.2524009628145149,0,0,7.648627754155393,15.529145947074284,CST3
GO_Biological_Process_2023,Regulation Of Hemopoiesis (GO:1903706),1/14,0.1312937743788508,0.2524009628145149,0,0,7.648627754155393,15.529145947074284,MAFB
GO_Biological_Process_2023,Regulation Of Microglial Cell Activation (GO:1903978),1/14,0.1312937743788508,0.2524009628145149,0,0,7.648627754155393,15.529145947074284,GRN
GO_Biological_Process_2023,Regulation Of Superoxide Anion Generation (GO:0032928),1/14,0.1312937743788508,0.2524009628145149,0,0,7.648627754155393,15.529145947074284,GSTP1
GO_Biological_Process_2023,Ceramide Transport (GO:0035627),1/14,0.1312937743788508,0.2524009628145149,0,0,7.648627754155393,15.529145947074284,PSAP
GO_Biological_Process_2023,Contractile Actin Filament Bundle Assembly (GO:0030038),1/14,0.1312937743788508,0.2524009628145149,0,0,7.648627754155393,15.529145947074284,PDLIM1
GO_Biological_Process_2023,Copper Ion Homeostasis (GO:0055070),1/14,0.1312937743788508,0.2524009628145149,0,0,7.648627754155393,15.529145947074284,APP
GO_Biological_Process_2023,Response To Muscle Stretch (GO:0035994),1/14,0.1312937743788508,0.2524009628145149,0,0,7.648627754155393,15.529145947074284,GSN
GO_Biological_Process_2023,Stress Fiber Assembly (GO:0043149),1/14,0.1312937743788508,0.2524009628145149,0,0,7.648627754155393,15.529145947074284,PDLIM1
GO_Biological_Process_2023,Striated Muscle Cell Development (GO:0055002),1/14,0.1312937743788508,0.2524009628145149,0,0,7.648627754155393,15.529145947074284,MYL9
GO_Biological_Process_2023,Lipoprotein Biosynthetic Process (GO:0042158),1/14,0.1312937743788508,0.2524009628145149,0,0,7.648627754155393,15.529145947074284,APOE
GO_Biological_Process_2023,Mitochondrion Transport Along Microtubule (GO:0047497),1/14,0.1312937743788508,0.2524009628145149,0,0,7.648627754155393,15.529145947074284,HSBP1
GO_Biological_Process_2023,Myotube Cell Development (GO:0014904),1/14,0.1312937743788508,0.2524009628145149,0,0,7.648627754155393,15.529145947074284,CAV2
GO_Biological_Process_2023,Negative Regulation Of Smooth Muscle Cell Migration (GO:0014912),1/14,0.1312937743788508,0.2524009628145149,0,0,7.648627754155393,15.529145947074284,TPM1
GO_Biological_Process_2023,Nuclear Pore Organization (GO:0006999),1/14,0.1312937743788508,0.2524009628145149,0,0,7.648627754155393,15.529145947074284,RTN4
GO_Biological_Process_2023,Positive Regulation Of Cytoplasmic Translation (GO:2000767),1/14,0.1312937743788508,0.2524009628145149,0,0,7.648627754155393,15.529145947074284,YBX3
GO_Biological_Process_2023,Positive Regulation Of Endothelial Cell Chemotaxis (GO:2001028),1/14,0.1312937743788508,0.2524009628145149,0,0,7.648627754155393,15.529145947074284,HSPB1
GO_Biological_Process_2023,Positive Regulation Of Exosomal Secretion (GO:1903543),1/14,0.1312937743788508,0.2524009628145149,0,0,7.648627754155393,15.529145947074284,CHMP2A
GO_Biological_Process_2023,Positive Regulation Of Long-Term Synaptic Potentiation (GO:1900273),1/14,0.1312937743788508,0.2524009628145149,0,0,7.648627754155393,15.529145947074284,APP
GO_Biological_Process_2023,Positive Regulation Of Membrane Protein Ectodomain Proteolysis (GO:0051044),1/14,0.1312937743788508,0.2524009628145149,0,0,7.648627754155393,15.529145947074284,APOE
GO_Biological_Process_2023,"Positive Regulation Of Nuclear-Transcribed mRNA Catabolic Process, Deadenylation-Dependent Decay (GO:1900153)",1/14,0.1312937743788508,0.2524009628145149,0,0,7.648627754155393,15.529145947074284,ZFP36L1
GO_Biological_Process_2023,Positive Regulation Of Response To Cytokine Stimulus (GO:0060760),1/14,0.1312937743788508,0.2524009628145149,0,0,7.648627754155393,15.529145947074284,GAS6
GO_Biological_Process_2023,Regulation Of Branching Involved In Ureteric Bud Morphogenesis (GO:0090189),1/14,0.1312937743788508,0.2524009628145149,0,0,7.648627754155393,15.529145947074284,TACSTD2
GO_Biological_Process_2023,Response To Metal Ion (GO:0010038),2/64,0.1344225663522014,0.2575830916995997,0,0,3.215705441511893,6.45317143498723,CAV1;MT1X
GO_Biological_Process_2023,Endocytic Recycling (GO:0032456),2/64,0.1344225663522014,0.2575830916995997,0,0,3.215705441511893,6.45317143498723,SNX3;RAB13
GO_Biological_Process_2023,Positive Regulation Of Cysteine-Type Endopeptidase Activity (GO:2001056),2/64,0.1344225663522014,0.2575830916995997,0,0,3.215705441511893,6.45317143498723,MYC;PERP
GO_Biological_Process_2023,Regulation Of Response To External Stimulus (GO:0032101),3/127,0.1346639798868546,0.2577688198692582,0,0,2.4164074013427213,4.844830729741804,GRN;APLP2;CAV1
GO_Biological_Process_2023,Positive Regulation Of DNA Biosynthetic Process (GO:2000573),2/65,0.137821576382599,0.2612308003945694,0,0,3.1645021645021645,6.271395690931595,MYC;KLF4
GO_Biological_Process_2023,DNA-templated Transcription (GO:0006351),4/199,0.1392417886462713,0.2612308003945694,0,0,2.0518053375196232,4.045223210419924,TSC22D1;CEBPD;NFIC;ZFP36L1
GO_Biological_Process_2023,3'-UTR-mediated mRNA Destabilization (GO:0061158),1/15,0.139986908731619,0.2612308003945694,0,0,7.101938262742283,13.963876250165317,ZFP36L1
GO_Biological_Process_2023,Regulation Of Cholesterol Biosynthetic Process (GO:0045540),1/15,0.139986908731619,0.2612308003945694,0,0,7.101938262742283,13.963876250165317,APOE
GO_Biological_Process_2023,DNA Alkylation (GO:0006305),1/15,0.139986908731619,0.2612308003945694,0,0,7.101938262742283,13.963876250165317,FOS
GO_Biological_Process_2023,Astrocyte Development (GO:0014002),1/15,0.139986908731619,0.2612308003945694,0,0,7.101938262742283,13.963876250165317,APP
GO_Biological_Process_2023,Cellular Response To Corticosteroid Stimulus (GO:0071384),1/15,0.139986908731619,0.2612308003945694,0,0,7.101938262742283,13.963876250165317,ZFP36L1
GO_Biological_Process_2023,Retrograde Axonal Transport (GO:0008090),1/15,0.139986908731619,0.2612308003945694,0,0,7.101938262742283,13.963876250165317,DST
GO_Biological_Process_2023,Endosome To Lysosome Transport Via Multivesicular Body Sorting Pathway (GO:0032510),1/15,0.139986908731619,0.2612308003945694,0,0,7.101938262742283,13.963876250165317,CHMP2A
GO_Biological_Process_2023,Epiboly Involved In Wound Healing (GO:0090505),1/15,0.139986908731619,0.2612308003945694,0,0,7.101938262742283,13.963876250165317,CD151
GO_Biological_Process_2023,High-Density Lipoprotein Particle Remodeling (GO:0034375),1/15,0.139986908731619,0.2612308003945694,0,0,7.101938262742283,13.963876250165317,APOE
GO_Biological_Process_2023,Intracellular Sterol Transport (GO:0032366),1/15,0.139986908731619,0.2612308003945694,0,0,7.101938262742283,13.963876250165317,NPC2
GO_Biological_Process_2023,Midbody Abscission (GO:0061952),1/15,0.139986908731619,0.2612308003945694,0,0,7.101938262742283,13.963876250165317,CHMP2A
GO_Biological_Process_2023,Negative Regulation Of Cation Transmembrane Transport (GO:1904063),1/15,0.139986908731619,0.2612308003945694,0,0,7.101938262742283,13.963876250165317,CAV1
GO_Biological_Process_2023,Negative Regulation Of Endoplasmic Reticulum Stress-Induced Intrinsic Apoptotic Signaling Pathway (GO:1902236),1/15,0.139986908731619,0.2612308003945694,0,0,7.101938262742283,13.963876250165317,HSPA1A
GO_Biological_Process_2023,Negative Regulation Of Macrophage Activation (GO:0043031),1/15,0.139986908731619,0.2612308003945694,0,0,7.101938262742283,13.963876250165317,GRN
GO_Biological_Process_2023,Negative Regulation Of Phagocytosis (GO:0050765),1/15,0.139986908731619,0.2612308003945694,0,0,7.101938262742283,13.963876250165317,SNX3
GO_Biological_Process_2023,Negative Regulation Of Synaptic Transmission (GO:0050805),1/15,0.139986908731619,0.2612308003945694,0,0,7.101938262742283,13.963876250165317,PLK2
GO_Biological_Process_2023,Nitric Oxide Biosynthetic Process (GO:0006809),1/15,0.139986908731619,0.2612308003945694,0,0,7.101938262742283,13.963876250165317,CYB5R3
GO_Biological_Process_2023,Positive Regulation Of Cyclin-Dependent Protein Serine/Threonine Kinase Activity (GO:0045737),1/15,0.139986908731619,0.2612308003945694,0,0,7.101938262742283,13.963876250165317,CCND1
GO_Biological_Process_2023,Positive Regulation Of Endothelial Cell Apoptotic Process (GO:2000353),1/15,0.139986908731619,0.2612308003945694,0,0,7.101938262742283,13.963876250165317,CCL2
GO_Biological_Process_2023,Positive Regulation Of Sprouting Angiogenesis (GO:1903672),1/15,0.139986908731619,0.2612308003945694,0,0,7.101938262742283,13.963876250165317,KLF4
GO_Biological_Process_2023,Protein Localization To Cell-Cell Junction (GO:0150105),1/15,0.139986908731619,0.2612308003945694,0,0,7.101938262742283,13.963876250165317,DSP
GO_Biological_Process_2023,Regulation Of Amyloid-Beta Clearance (GO:1900221),1/15,0.139986908731619,0.2612308003945694,0,0,7.101938262742283,13.963876250165317,APOE
GO_Biological_Process_2023,Negative Regulation Of Immune Response (GO:0050777),2/66,0.1412394085870013,0.2632926906156849,0,0,3.11489898989899,6.096788351656931,LGALS3;PLK2
GO_Biological_Process_2023,Plasma Membrane Bounded Cell Projection Assembly (GO:0120031),5/275,0.1423260201169462,0.2650413568774865,0,0,1.8547008547008548,3.6159895833650615,GSN;PMP22;EMP1;EMP2;RAC1
GO_Biological_Process_2023,Negative Regulation Of Cellular Catabolic Process (GO:0031330),2/67,0.1446753520694938,0.2683104975214204,0,0,3.0668220668220667,5.928973623253177,TIMP3;NUPR1
GO_Biological_Process_2023,Negative Regulation Of Cell Motility (GO:2000146),3/133,0.1485252637790944,0.2683104975214204,0,0,2.304178055447091,4.394068032736382,TPM1;TACSTD2;RHOB
GO_Biological_Process_2023,Regulation Of Fatty Acid Oxidation (GO:0046320),1/16,0.1485934818111902,0.2683104975214204,0,0,6.628140703517588,12.636822082241835,APLP2
GO_Biological_Process_2023,Regulation Of Interleukin-1 Production (GO:0032652),1/16,0.1485934818111902,0.2683104975214204,0,0,6.628140703517588,12.636822082241835,GAS6
GO_Biological_Process_2023,Activation Of Cysteine-Type Endopeptidase Activity (GO:0097202),1/16,0.1485934818111902,0.2683104975214204,0,0,6.628140703517588,12.636822082241835,PERP
GO_Biological_Process_2023,Regulation Of Nucleocytoplasmic Transport (GO:0046822),1/16,0.1485934818111902,0.2683104975214204,0,0,6.628140703517588,12.636822082241835,IFI27
GO_Biological_Process_2023,Cell Communication By Electrical Coupling Involved In Cardiac Conduction (GO:0086064),1/16,0.1485934818111902,0.2683104975214204,0,0,6.628140703517588,12.636822082241835,GJA1
GO_Biological_Process_2023,Cell Surface Toll-Like Receptor Signaling Pathway (GO:0140895),1/16,0.1485934818111902,0.2683104975214204,0,0,6.628140703517588,12.636822082241835,S100A14
GO_Biological_Process_2023,Regulation Of Response To Cytokine Stimulus (GO:0060759),1/16,0.1485934818111902,0.2683104975214204,0,0,6.628140703517588,12.636822082241835,KLF4
GO_Biological_Process_2023,Regulation Of Steroid Biosynthetic Process (GO:0050810),1/16,0.1485934818111902,0.2683104975214204,0,0,6.628140703517588,12.636822082241835,EGR1
GO_Biological_Process_2023,Cellular Response To Gamma Radiation (GO:0071480),1/16,0.1485934818111902,0.2683104975214204,0,0,6.628140703517588,12.636822082241835,CRYAB
GO_Biological_Process_2023,Reverse Cholesterol Transport (GO:0043691),1/16,0.1485934818111902,0.2683104975214204,0,0,6.628140703517588,12.636822082241835,APOE
GO_Biological_Process_2023,Endoplasmic Reticulum Tubular Network Organization (GO:0071786),1/16,0.1485934818111902,0.2683104975214204,0,0,6.628140703517588,12.636822082241835,RTN4
GO_Biological_Process_2023,"Synaptic Transmission, Cholinergic (GO:0007271)",1/16,0.1485934818111902,0.2683104975214204,0,0,6.628140703517588,12.636822082241835,APOE
GO_Biological_Process_2023,Intracellular Cholesterol Transport (GO:0032367),1/16,0.1485934818111902,0.2683104975214204,0,0,6.628140703517588,12.636822082241835,NPC2
GO_Biological_Process_2023,Late Endosome To Lysosome Transport (GO:1902774),1/16,0.1485934818111902,0.2683104975214204,0,0,6.628140703517588,12.636822082241835,CHMP2A
GO_Biological_Process_2023,"Mitochondrial Electron Transport, Cytochrome C To Oxygen (GO:0006123)",1/16,0.1485934818111902,0.2683104975214204,0,0,6.628140703517588,12.636822082241835,COX5B
GO_Biological_Process_2023,Negative Regulation Of Anoikis (GO:2000811),1/16,0.1485934818111902,0.2683104975214204,0,0,6.628140703517588,12.636822082241835,CAV1
GO_Biological_Process_2023,Negative Regulation Of Biosynthetic Process (GO:0009890),1/16,0.1485934818111902,0.2683104975214204,0,0,6.628140703517588,12.636822082241835,GSTP1
GO_Biological_Process_2023,Negative Regulation Of Inflammatory Response To Antigenic Stimulus (GO:0002862),1/16,0.1485934818111902,0.2683104975214204,0,0,6.628140703517588,12.636822082241835,PLK2
GO_Biological_Process_2023,Neuron Projection Organization (GO:0106027),1/16,0.1485934818111902,0.2683104975214204,0,0,6.628140703517588,12.636822082241835,APP
GO_Biological_Process_2023,Nitric Oxide Metabolic Process (GO:0046209),1/16,0.1485934818111902,0.2683104975214204,0,0,6.628140703517588,12.636822082241835,CYB5R3
GO_Biological_Process_2023,Pharyngeal System Development (GO:0060037),1/16,0.1485934818111902,0.2683104975214204,0,0,6.628140703517588,12.636822082241835,HES1
GO_Biological_Process_2023,Positive Regulation Of Lymphocyte Migration (GO:2000403),1/16,0.1485934818111902,0.2683104975214204,0,0,6.628140703517588,12.636822082241835,APP
GO_Biological_Process_2023,Positive Regulation Of Stem Cell Proliferation (GO:2000648),1/16,0.1485934818111902,0.2683104975214204,0,0,6.628140703517588,12.636822082241835,GJA1
GO_Biological_Process_2023,Prostanoid Metabolic Process (GO:0006692),1/16,0.1485934818111902,0.2683104975214204,0,0,6.628140703517588,12.636822082241835,GSTP1
GO_Biological_Process_2023,Protein Kinase A Signaling (GO:0010737),1/16,0.1485934818111902,0.2683104975214204,0,0,6.628140703517588,12.636822082241835,RAB13
GO_Biological_Process_2023,Regulation Of B Cell Receptor Signaling Pathway (GO:0050855),1/16,0.1485934818111902,0.2683104975214204,0,0,6.628140703517588,12.636822082241835,CD81
GO_Biological_Process_2023,Regulation Of DNA Strand Elongation (GO:0060382),1/16,0.1485934818111902,0.2683104975214204,0,0,6.628140703517588,12.636822082241835,NUCKS1
GO_Biological_Process_2023,Regulation Of NMDA Receptor Activity (GO:2000310),1/16,0.1485934818111902,0.2683104975214204,0,0,6.628140703517588,12.636822082241835,CCL2
GO_Biological_Process_2023,Regulation Of DNA-templated Transcription (GO:0006355),24/1922,0.1511166589993851,0.2725906164356958,0,0,1.2861864163234027,2.4305105408004555,KLF10;EGR1;JUN;CEBPB;CEBPD;ANXA4;FOS;KLF4;ETS2;COL1A1;EID1;MAFB;KLF5;NFIB;MYC;NFIC;ID1;ID3;HES1;TCF4;APOE;GAS6;CRYAB;ATF3
GO_Biological_Process_2023,Regulation Of Monoatomic Ion Transmembrane Transporter Activity (GO:0032412),2/69,0.1515987898971927,0.2729084169289523,0,0,2.974973616764661,5.612340646899519,APP;FXYD3
GO_Biological_Process_2023,Phagocytosis (GO:0006909),2/69,0.1515987898971927,0.2729084169289523,0,0,2.974973616764661,5.612340646899519,GSN;GAS6
GO_Biological_Process_2023,Negative Regulation Of Cell Differentiation (GO:0045596),4/207,0.1539305700130572,0.2737226587177098,0,0,1.9701417512817936,3.686634888531132,EFNA1;NFKBIA;CAV1;HES1
GO_Biological_Process_2023,Regulation Of Cellular Biosynthetic Process (GO:0031326),2/70,0.1550849226995339,0.2737226587177098,0,0,2.931075460487225,5.462886925837976,APP;RAC1
GO_Biological_Process_2023,Regulation Of Protein Kinase B Signaling (GO:0051896),3/136,0.1556231070735254,0.2737226587177098,0,0,2.2518606160070225,4.189177232020214,TXN;GAS6;RTN4
GO_Biological_Process_2023,Regulation Of Cellular Respiration (GO:0043457),1/17,0.157114351192228,0.2737226587177098,0,0,6.21356783919598,11.499955704952034,ARL2
GO_Biological_Process_2023,"DNA Damage Response, Signal Transduction By P53 Class Mediator Resulting In Cell Cycle Arrest (GO:0006977)",1/17,0.157114351192228,0.2737226587177098,0,0,6.21356783919598,11.499955704952034,PLK2
GO_Biological_Process_2023,Regulation Of Establishment Of Cell Polarity (GO:2000114),1/17,0.157114351192228,0.2737226587177098,0,0,6.21356783919598,11.499955704952034,GSN
GO_Biological_Process_2023,Golgi To Vacuole Transport (GO:0006896),1/17,0.157114351192228,0.2737226587177098,0,0,6.21356783919598,11.499955704952034,LAMP1
GO_Biological_Process_2023,Rac Protein Signal Transduction (GO:0016601),1/17,0.157114351192228,0.2737226587177098,0,0,6.21356783919598,11.499955704952034,RAC1
GO_Biological_Process_2023,Regulation Of Inflammatory Response To Antigenic Stimulus (GO:0002861),1/17,0.157114351192228,0.2737226587177098,0,0,6.21356783919598,11.499955704952034,PLK2
GO_Biological_Process_2023,Amyloid Precursor Protein Metabolic Process (GO:0042982),1/17,0.157114351192228,0.2737226587177098,0,0,6.21356783919598,11.499955704952034,APOE
GO_Biological_Process_2023,Regulation Of Oxidative Phosphorylation (GO:0002082),1/17,0.157114351192228,0.2737226587177098,0,0,6.21356783919598,11.499955704952034,NUPR1
GO_Biological_Process_2023,Carbohydrate Derivative Transport (GO:1901264),1/17,0.157114351192228,0.2737226587177098,0,0,6.21356783919598,11.499955704952034,NPC2
GO_Biological_Process_2023,Regulation Of Protein Sumoylation (GO:0033233),1/17,0.157114351192228,0.2737226587177098,0,0,6.21356783919598,11.499955704952034,EGR1
GO_Biological_Process_2023,Regulation Of Receptor Signaling Pathway Via STAT (GO:1904892),1/17,0.157114351192228,0.2737226587177098,0,0,6.21356783919598,11.499955704952034,HES1
GO_Biological_Process_2023,Cellular Response To Glucocorticoid Stimulus (GO:0071385),1/17,0.157114351192228,0.2737226587177098,0,0,6.21356783919598,11.499955704952034,ZFP36L1
GO_Biological_Process_2023,Cellular Response To Unfolded Protein (GO:0034620),1/17,0.157114351192228,0.2737226587177098,0,0,6.21356783919598,11.499955704952034,HSPA1A
GO_Biological_Process_2023,Regulation Of Viral Transcription (GO:0046782),1/17,0.157114351192228,0.2737226587177098,0,0,6.21356783919598,11.499955704952034,IFITM3
GO_Biological_Process_2023,Embryonic Heart Tube Development (GO:0035050),1/17,0.157114351192228,0.2737226587177098,0,0,6.21356783919598,11.499955704952034,HES1
GO_Biological_Process_2023,Extracellular Matrix Assembly (GO:0085029),1/17,0.157114351192228,0.2737226587177098,0,0,6.21356783919598,11.499955704952034,GAS6
GO_Biological_Process_2023,Toll-Like Receptor 4 Signaling Pathway (GO:0034142),1/17,0.157114351192228,0.2737226587177098,0,0,6.21356783919598,11.499955704952034,S100A14
GO_Biological_Process_2023,Negative Regulation Of Leukocyte Activation (GO:0002695),1/17,0.157114351192228,0.2737226587177098,0,0,6.21356783919598,11.499955704952034,GRN
GO_Biological_Process_2023,Negative Regulation Of Oxidative Stress-Induced Intrinsic Apoptotic Signaling Pathway (GO:1902176),1/17,0.157114351192228,0.2737226587177098,0,0,6.21356783919598,11.499955704952034,HSPB1
GO_Biological_Process_2023,Negative Regulation Of Vascular Associated Smooth Muscle Cell Proliferation (GO:1904706),1/17,0.157114351192228,0.2737226587177098,0,0,6.21356783919598,11.499955704952034,TPM1
GO_Biological_Process_2023,Neuron Maturation (GO:0042551),1/17,0.157114351192228,0.2737226587177098,0,0,6.21356783919598,11.499955704952034,APP
GO_Biological_Process_2023,Positive Regulation Of Alpha-Beta T Cell Proliferation (GO:0046641),1/17,0.157114351192228,0.2737226587177098,0,0,6.21356783919598,11.499955704952034,CD81
GO_Biological_Process_2023,Positive Regulation Of Amyloid-Beta Formation (GO:1902004),1/17,0.157114351192228,0.2737226587177098,0,0,6.21356783919598,11.499955704952034,EFNA1
GO_Biological_Process_2023,Positive Regulation Of Glial Cell Differentiation (GO:0045687),1/17,0.157114351192228,0.2737226587177098,0,0,6.21356783919598,11.499955704952034,HES1
GO_Biological_Process_2023,Positive Regulation Of Heart Rate (GO:0010460),1/17,0.157114351192228,0.2737226587177098,0,0,6.21356783919598,11.499955704952034,TPM1
GO_Biological_Process_2023,Positive Regulation Of Nitric-Oxide Synthase Activity (GO:0051000),1/17,0.157114351192228,0.2737226587177098,0,0,6.21356783919598,11.499955704952034,APOE
GO_Biological_Process_2023,Positive Regulation Of Stem Cell Differentiation (GO:2000738),1/17,0.157114351192228,0.2737226587177098,0,0,6.21356783919598,11.499955704952034,TACSTD2
GO_Biological_Process_2023,Positive Regulation Of Transcription From RNA Polymerase II Promoter In Response To Stress (GO:0036003),1/17,0.157114351192228,0.2737226587177098,0,0,6.21356783919598,11.499955704952034,CEBPB
GO_Biological_Process_2023,Prostaglandin Biosynthetic Process (GO:0001516),1/17,0.157114351192228,0.2737226587177098,0,0,6.21356783919598,11.499955704952034,CBR1
GO_Biological_Process_2023,Regulation Of Aerobic Respiration (GO:1903715),1/17,0.157114351192228,0.2737226587177098,0,0,6.21356783919598,11.499955704952034,ARL2
GO_Biological_Process_2023,Regulation Of Cellular Localization (GO:0060341),2/72,0.1621027002960182,0.2779768269220659,0,0,2.8470418470418477,5.180264363849609,GSN;KRT5
GO_Biological_Process_2023,Cellular Response To Hypoxia (GO:0071456),2/72,0.1621027002960182,0.2779768269220659,0,0,2.8470418470418477,5.180264363849609,MYC;ZFP36L1
GO_Biological_Process_2023,Response To Ionizing Radiation (GO:0010212),2/72,0.1621027002960182,0.2779768269220659,0,0,2.8470418470418477,5.180264363849609,MYC;RHOB
GO_Biological_Process_2023,Plasma Membrane Organization (GO:0007009),2/72,0.1621027002960182,0.2779768269220659,0,0,2.8470418470418477,5.180264363849609,CHMP2A;DMKN
GO_Biological_Process_2023,Negative Regulation Of Wnt Signaling Pathway (GO:0030178),3/140,0.1652477197553054,0.2779768269220659,0,0,2.1856682352069363,3.934879504297894,CAV1;TAX1BP3;APOE
GO_Biological_Process_2023,3'-UTR-mediated mRNA Stabilization (GO:0070935),1/18,0.1655503660358053,0.2779768269220659,0,0,5.847768253029855,10.51709310132786,YBX3
GO_Biological_Process_2023,Regulation Of Exosomal Secretion (GO:1903541),1/18,0.1655503660358053,0.2779768269220659,0,0,5.847768253029855,10.51709310132786,CHMP2A
GO_Biological_Process_2023,Actin Filament Capping (GO:0051693),1/18,0.1655503660358053,0.2779768269220659,0,0,5.847768253029855,10.51709310132786,GSN
GO_Biological_Process_2023,Regulation Of Lymphocyte Proliferation (GO:0050670),1/18,0.1655503660358053,0.2779768269220659,0,0,5.847768253029855,10.51709310132786,LGALS3
GO_Biological_Process_2023,Regulation Of Mitochondrial Outer Membrane Permeabilization Involved In Apoptotic Signaling Pathway (GO:1901028),1/18,0.1655503660358053,0.2779768269220659,0,0,5.847768253029855,10.51709310132786,HSPA1A
GO_Biological_Process_2023,Associative Learning (GO:0008306),1/18,0.1655503660358053,0.2779768269220659,0,0,5.847768253029855,10.51709310132786,APP
GO_Biological_Process_2023,Regulation Of Nervous System Process (GO:0031644),1/18,0.1655503660358053,0.2779768269220659,0,0,5.847768253029855,10.51709310132786,APP
GO_Biological_Process_2023,Regulation Of Oligodendrocyte Differentiation (GO:0048713),1/18,0.1655503660358053,0.2779768269220659,0,0,5.847768253029855,10.51709310132786,HES1
GO_Biological_Process_2023,Barbed-End Actin Filament Capping (GO:0051016),1/18,0.1655503660358053,0.2779768269220659,0,0,5.847768253029855,10.51709310132786,GSN
GO_Biological_Process_2023,Regulation Of Oxidative Stress-Induced Intrinsic Apoptotic Signaling Pathway (GO:1902175),1/18,0.1655503660358053,0.2779768269220659,0,0,5.847768253029855,10.51709310132786,HSPB1
GO_Biological_Process_2023,Branching Involved In Ureteric Bud Morphogenesis (GO:0001658),1/18,0.1655503660358053,0.2779768269220659,0,0,5.847768253029855,10.51709310132786,MYC
GO_Biological_Process_2023,Cardiac Muscle Cell Contraction (GO:0086003),1/18,0.1655503660358053,0.2779768269220659,0,0,5.847768253029855,10.51709310132786,GSN
GO_Biological_Process_2023,Regulation Of Vascular Endothelial Cell Proliferation (GO:1905562),1/18,0.1655503660358053,0.2779768269220659,0,0,5.847768253029855,10.51709310132786,CCL2
GO_Biological_Process_2023,Renal Absorption (GO:0070293),1/18,0.1655503660358053,0.2779768269220659,0,0,5.847768253029855,10.51709310132786,GSN
GO_Biological_Process_2023,Response To Organophosphorus (GO:0046683),1/18,0.1655503660358053,0.2779768269220659,0,0,5.847768253029855,10.51709310132786,NDUFS4
GO_Biological_Process_2023,Glycerolipid Catabolic Process (GO:0046503),1/18,0.1655503660358053,0.2779768269220659,0,0,5.847768253029855,10.51709310132786,PRDX6
GO_Biological_Process_2023,Ureteric Bud Morphogenesis (GO:0060675),1/18,0.1655503660358053,0.2779768269220659,0,0,5.847768253029855,10.51709310132786,MYC
GO_Biological_Process_2023,Icosanoid Biosynthetic Process (GO:0046456),1/18,0.1655503660358053,0.2779768269220659,0,0,5.847768253029855,10.51709310132786,MGST3
GO_Biological_Process_2023,Intracellular Lipid Transport (GO:0032365),1/18,0.1655503660358053,0.2779768269220659,0,0,5.847768253029855,10.51709310132786,NPC2
GO_Biological_Process_2023,Lysosomal Lumen Acidification (GO:0007042),1/18,0.1655503660358053,0.2779768269220659,0,0,5.847768253029855,10.51709310132786,GRN
GO_Biological_Process_2023,Maintenance Of Protein Localization In Organelle (GO:0072595),1/18,0.1655503660358053,0.2779768269220659,0,0,5.847768253029855,10.51709310132786,ARL2
GO_Biological_Process_2023,Mitotic Cytokinetic Process (GO:1902410),1/18,0.1655503660358053,0.2779768269220659,0,0,5.847768253029855,10.51709310132786,CHMP2A
GO_Biological_Process_2023,Negative Regulation Of T Cell Receptor Signaling Pathway (GO:0050860),1/18,0.1655503660358053,0.2779768269220659,0,0,5.847768253029855,10.51709310132786,LGALS3
GO_Biological_Process_2023,Negative Regulation Of Lipid Storage (GO:0010888),1/18,0.1655503660358053,0.2779768269220659,0,0,5.847768253029855,10.51709310132786,NFKBIA
GO_Biological_Process_2023,Nitric Oxide Mediated Signal Transduction (GO:0007263),1/18,0.1655503660358053,0.2779768269220659,0,0,5.847768253029855,10.51709310132786,APOE
GO_Biological_Process_2023,Positive Regulation Of Cyclin-Dependent Protein Kinase Activity (GO:1904031),1/18,0.1655503660358053,0.2779768269220659,0,0,5.847768253029855,10.51709310132786,CCND1
GO_Biological_Process_2023,Positive Regulation Of Epidermal Cell Differentiation (GO:0045606),1/18,0.1655503660358053,0.2779768269220659,0,0,5.847768253029855,10.51709310132786,SFN
GO_Biological_Process_2023,Positive Regulation Of Focal Adhesion Assembly (GO:0051894),1/18,0.1655503660358053,0.2779768269220659,0,0,5.847768253029855,10.51709310132786,RAC1
GO_Biological_Process_2023,Positive Regulation Of Interleukin-4 Production (GO:0032753),1/18,0.1655503660358053,0.2779768269220659,0,0,5.847768253029855,10.51709310132786,CEBPB
GO_Biological_Process_2023,Positive Regulation Of Monocyte Chemotaxis (GO:0090026),1/18,0.1655503660358053,0.2779768269220659,0,0,5.847768253029855,10.51709310132786,S100A14
GO_Biological_Process_2023,Positive Regulation Of Neutrophil Chemotaxis (GO:0090023),1/18,0.1655503660358053,0.2779768269220659,0,0,5.847768253029855,10.51709310132786,RAC1
GO_Biological_Process_2023,Cellular Response To Decreased Oxygen Levels (GO:0036294),2/73,0.1656330532612982,0.2779768269220659,0,0,2.806800398349694,5.046572271238703,MYC;ZFP36L1
GO_Biological_Process_2023,Protein Tetramerization (GO:0051262),2/73,0.1656330532612982,0.2779768269220659,0,0,2.806800398349694,5.046572271238703,APLP2;KRT10
GO_Biological_Process_2023,Regulation Of Rho Protein Signal Transduction (GO:0035023),2/73,0.1656330532612982,0.2779768269220659,0,0,2.806800398349694,5.046572271238703,RAC1;APOE
GO_Biological_Process_2023,Gland Development (GO:0048732),2/74,0.1691768732048807,0.2836574640954016,0,0,2.767676767676768,4.917637208774679,CAV1;HES1
GO_Biological_Process_2023,Regulation Of Plasma Membrane Bounded Cell Projection Assembly (GO:0120032),2/75,0.1727335422229741,0.2848868898075539,0,0,2.72962501729625,4.793235424721277,CAV1;RAC1
GO_Biological_Process_2023,Regulation Of Centriole Replication (GO:0046599),1/19,0.1739023671527052,0.2848868898075539,0,0,5.522613065326633,9.66049300943,PLK2
GO_Biological_Process_2023,Regulation Of Early Endosome To Late Endosome Transport (GO:2000641),1/19,0.1739023671527052,0.2848868898075539,0,0,5.522613065326633,9.66049300943,SNX3
GO_Biological_Process_2023,Regulation Of Granulocyte Chemotaxis (GO:0071622),1/19,0.1739023671527052,0.2848868898075539,0,0,5.522613065326633,9.66049300943,S100A14
GO_Biological_Process_2023,Regulation Of Lymphocyte Differentiation (GO:0045619),1/19,0.1739023671527052,0.2848868898075539,0,0,5.522613065326633,9.66049300943,ZFP36L1
GO_Biological_Process_2023,Regulation Of Neuroinflammatory Response (GO:0150077),1/19,0.1739023671527052,0.2848868898075539,0,0,5.522613065326633,9.66049300943,NUPR1
GO_Biological_Process_2023,Atrioventricular Valve Morphogenesis (GO:0003181),1/19,0.1739023671527052,0.2848868898075539,0,0,5.522613065326633,9.66049300943,EFNA1
GO_Biological_Process_2023,Regulation Of Nuclear Division (GO:0051783),1/19,0.1739023671527052,0.2848868898075539,0,0,5.522613065326633,9.66049300943,CAV2
GO_Biological_Process_2023,Cardiac Ventricle Development (GO:0003231),1/19,0.1739023671527052,0.2848868898075539,0,0,5.522613065326633,9.66049300943,HES1
GO_Biological_Process_2023,Release Of Cytochrome C From Mitochondria (GO:0001836),1/19,0.1739023671527052,0.2848868898075539,0,0,5.522613065326633,9.66049300943,SFN
GO_Biological_Process_2023,Cortical Actin Cytoskeleton Organization (GO:0030866),1/19,0.1739023671527052,0.2848868898075539,0,0,5.522613065326633,9.66049300943,RAB13
GO_Biological_Process_2023,Dopamine Metabolic Process (GO:0042417),1/19,0.1739023671527052,0.2848868898075539,0,0,5.522613065326633,9.66049300943,COMT
GO_Biological_Process_2023,Establishment Of Skin Barrier (GO:0061436),1/19,0.1739023671527052,0.2848868898075539,0,0,5.522613065326633,9.66049300943,SFN
GO_Biological_Process_2023,tRNA Metabolic Process (GO:0006399),1/19,0.1739023671527052,0.2848868898075539,0,0,5.522613065326633,9.66049300943,ZFP36L1
GO_Biological_Process_2023,Xenobiotic Catabolic Process (GO:0042178),1/19,0.1739023671527052,0.2848868898075539,0,0,5.522613065326633,9.66049300943,GSTM3
GO_Biological_Process_2023,Leukotriene Biosynthetic Process (GO:0019370),1/19,0.1739023671527052,0.2848868898075539,0,0,5.522613065326633,9.66049300943,MGST3
GO_Biological_Process_2023,Linoleic Acid Metabolic Process (GO:0043651),1/19,0.1739023671527052,0.2848868898075539,0,0,5.522613065326633,9.66049300943,GSTP1
GO_Biological_Process_2023,Negative Regulation Of Fatty Acid Metabolic Process (GO:0045922),1/19,0.1739023671527052,0.2848868898075539,0,0,5.522613065326633,9.66049300943,APLP2
GO_Biological_Process_2023,Negative Regulation Of Leukocyte Cell-Cell Adhesion (GO:1903038),1/19,0.1739023671527052,0.2848868898075539,0,0,5.522613065326633,9.66049300943,GPNMB
GO_Biological_Process_2023,Pore Complex Assembly (GO:0046931),1/19,0.1739023671527052,0.2848868898075539,0,0,5.522613065326633,9.66049300943,RTN4
GO_Biological_Process_2023,Positive Regulation Of Mitochondrial Fission (GO:0090141),1/19,0.1739023671527052,0.2848868898075539,0,0,5.522613065326633,9.66049300943,DCN
GO_Biological_Process_2023,Protein Heterooligomerization (GO:0051291),1/19,0.1739023671527052,0.2848868898075539,0,0,5.522613065326633,9.66049300943,KRT10
GO_Biological_Process_2023,Regulation Of B Cell Differentiation (GO:0045577),1/19,0.1739023671527052,0.2848868898075539,0,0,5.522613065326633,9.66049300943,ZFP36L1
GO_Biological_Process_2023,Regulation Of Acute Inflammatory Response (GO:0002673),1/19,0.1739023671527052,0.2848868898075539,0,0,5.522613065326633,9.66049300943,GSTP1
GO_Biological_Process_2023,Regulation Of Behavior (GO:0050795),1/19,0.1739023671527052,0.2848868898075539,0,0,5.522613065326633,9.66049300943,APOE
GO_Biological_Process_2023,Monoatomic Cation Homeostasis (GO:0055080),2/77,0.1798830098073791,0.2912127218047023,0,0,2.656565656565657,4.557201796283064,CAV1;S100A14
GO_Biological_Process_2023,Negative Regulation Of Transforming Growth Factor Beta Receptor Signaling Pathway (GO:0030512),2/77,0.1798830098073791,0.2912127218047023,0,0,2.656565656565657,4.557201796283064,CAV1;HSPA1A
GO_Biological_Process_2023,DNA Methylation (GO:0006306),1/20,0.182171186958547,0.2912127218047023,0,0,5.231684739486909,8.908556962758436,FOS
GO_Biological_Process_2023,Regulation Of Fibroblast Migration (GO:0010762),1/20,0.182171186958547,0.2912127218047023,0,0,5.231684739486909,8.908556962758436,RAC1
GO_Biological_Process_2023,T Cell Mediated Immunity (GO:0002456),1/20,0.182171186958547,0.2912127218047023,0,0,5.231684739486909,8.908556962758436,EMP2
GO_Biological_Process_2023,Ameboidal-Type Cell Migration (GO:0001667),1/20,0.182171186958547,0.2912127218047023,0,0,5.231684739486909,8.908556962758436,PDLIM1
GO_Biological_Process_2023,Regulation Of Necroptotic Process (GO:0060544),1/20,0.182171186958547,0.2912127218047023,0,0,5.231684739486909,8.908556962758436,YBX3
GO_Biological_Process_2023,Cell Projection Organization (GO:0030030),1/20,0.182171186958547,0.2912127218047023,0,0,5.231684739486909,8.908556962758436,GSN
GO_Biological_Process_2023,Regulation Of Smooth Muscle Contraction (GO:0006940),1/20,0.182171186958547,0.2912127218047023,0,0,5.231684739486909,8.908556962758436,CAV1
GO_Biological_Process_2023,Response To Fibroblast Growth Factor (GO:0071774),1/20,0.182171186958547,0.2912127218047023,0,0,5.231684739486909,8.908556962758436,ZFP36L1
GO_Biological_Process_2023,Response To Ketone (GO:1901654),1/20,0.182171186958547,0.2912127218047023,0,0,5.231684739486909,8.908556962758436,CAV1
GO_Biological_Process_2023,Sensory Perception Of Pain (GO:0019233),1/20,0.182171186958547,0.2912127218047023,0,0,5.231684739486909,8.908556962758436,CCL2
GO_Biological_Process_2023,Endothelial Cell Development (GO:0001885),1/20,0.182171186958547,0.2912127218047023,0,0,5.231684739486909,8.908556962758436,GSTM3
GO_Biological_Process_2023,Transport Along Microtubule (GO:0010970),1/20,0.182171186958547,0.2912127218047023,0,0,5.231684739486909,8.908556962758436,APP
GO_Biological_Process_2023,Xenobiotic Transport (GO:0042908),1/20,0.182171186958547,0.2912127218047023,0,0,5.231684739486909,8.908556962758436,GJA1
GO_Biological_Process_2023,Leukotriene Metabolic Process (GO:0006691),1/20,0.182171186958547,0.2912127218047023,0,0,5.231684739486909,8.908556962758436,MGST3
GO_Biological_Process_2023,Lipopolysaccharide-Mediated Signaling Pathway (GO:0031663),1/20,0.182171186958547,0.2912127218047023,0,0,5.231684739486909,8.908556962758436,CCL2
GO_Biological_Process_2023,Long-Term Synaptic Potentiation (GO:0060291),1/20,0.182171186958547,0.2912127218047023,0,0,5.231684739486909,8.908556962758436,PLK2
GO_Biological_Process_2023,Negative Regulation Of Cytokine Production Involved In Inflammatory Response (GO:1900016),1/20,0.182171186958547,0.2912127218047023,0,0,5.231684739486909,8.908556962758436,APLP2
GO_Biological_Process_2023,Negative Regulation Of miRNA Transcription (GO:1902894),1/20,0.182171186958547,0.2912127218047023,0,0,5.231684739486909,8.908556962758436,NFIB
GO_Biological_Process_2023,Negative Regulation Of Phosphoprotein Phosphatase Activity (GO:0032515),1/20,0.182171186958547,0.2912127218047023,0,0,5.231684739486909,8.908556962758436,LGALS3
GO_Biological_Process_2023,Negative Regulation Of Protein Localization To Cell Periphery (GO:1904376),1/20,0.182171186958547,0.2912127218047023,0,0,5.231684739486909,8.908556962758436,TMEM59
GO_Biological_Process_2023,Negative Regulation Of Protein Localization To Plasma Membrane (GO:1903077),1/20,0.182171186958547,0.2912127218047023,0,0,5.231684739486909,8.908556962758436,TMEM59
GO_Biological_Process_2023,Negative Regulation Of Reproductive Process (GO:2000242),1/20,0.182171186958547,0.2912127218047023,0,0,5.231684739486909,8.908556962758436,GJA1
GO_Biological_Process_2023,Positive Regulation Of Antigen Receptor-Mediated Signaling Pathway (GO:0050857),1/20,0.182171186958547,0.2912127218047023,0,0,5.231684739486909,8.908556962758436,CD81
GO_Biological_Process_2023,Positive Regulation Of Epithelial Cell Differentiation (GO:0030858),1/20,0.182171186958547,0.2912127218047023,0,0,5.231684739486909,8.908556962758436,SFN
GO_Biological_Process_2023,protein-DNA Complex Disassembly (GO:0032986),1/20,0.182171186958547,0.2912127218047023,0,0,5.231684739486909,8.908556962758436,MYC
GO_Biological_Process_2023,Positive Regulation Of Tumor Necrosis Factor Production (GO:0032760),2/78,0.1834746263330842,0.2930337810010943,0,0,2.621477937267411,4.445184817601474,APP;HSPB1
GO_Biological_Process_2023,Response To Insulin (GO:0032868),2/79,0.1870767274857147,0.2976279325098023,0,0,2.5873015873015874,4.336929198982091,RAB13;ZFP36L1
GO_Biological_Process_2023,Positive Regulation Of Catabolic Process (GO:0009896),2/79,0.1870767274857147,0.2976279325098023,0,0,2.5873015873015874,4.336929198982091,PLK2;OAZ2
GO_Biological_Process_2023,Positive Regulation Of Protein Localization To Membrane (GO:1905477),2/79,0.1870767274857147,0.2976279325098023,0,0,2.5873015873015874,4.336929198982091,LGALS3;CD81
GO_Biological_Process_2023,Axon Guidance (GO:0007411),3/149,0.187511062593512,0.2976279325098023,0,0,2.049996523190321,3.4315249214751327,EFNA1;NFIB;RAC1
GO_Biological_Process_2023,Regulation Of Lipid Storage (GO:0010883),1/21,0.1903576498347592,0.2976279325098023,0,0,4.969849246231155,8.244237447277422,NFKBIA
GO_Biological_Process_2023,Regulation Of Steroid Metabolic Process (GO:0019218),1/21,0.1903576498347592,0.2976279325098023,0,0,4.969849246231155,8.244237447277422,APOE
GO_Biological_Process_2023,Regulation Of Transferase Activity (GO:0051338),1/21,0.1903576498347592,0.2976279325098023,0,0,4.969849246231155,8.244237447277422,EMP2
GO_Biological_Process_2023,Chaperone-Mediated Protein Complex Assembly (GO:0051131),1/21,0.1903576498347592,0.2976279325098023,0,0,4.969849246231155,8.244237447277422,HSPA1A
GO_Biological_Process_2023,Skin Epidermis Development (GO:0098773),1/21,0.1903576498347592,0.2976279325098023,0,0,4.969849246231155,8.244237447277422,SFN
GO_Biological_Process_2023,Negative Regulation Of GTPase Activity (GO:0034260),1/21,0.1903576498347592,0.2976279325098023,0,0,4.969849246231155,8.244237447277422,ARL2
GO_Biological_Process_2023,Negative Regulation Of Biomineral Tissue Development (GO:0070168),1/21,0.1903576498347592,0.2976279325098023,0,0,4.969849246231155,8.244237447277422,GAS6
GO_Biological_Process_2023,Negative Regulation Of miRNA Metabolic Process (GO:2000629),1/21,0.1903576498347592,0.2976279325098023,0,0,4.969849246231155,8.244237447277422,NFIB
GO_Biological_Process_2023,Negative Regulation Of Osteoclast Differentiation (GO:0045671),1/21,0.1903576498347592,0.2976279325098023,0,0,4.969849246231155,8.244237447277422,MAFB
GO_Biological_Process_2023,Plasma Membrane Repair (GO:0001778),1/21,0.1903576498347592,0.2976279325098023,0,0,4.969849246231155,8.244237447277422,CHMP2A
GO_Biological_Process_2023,Positive Regulation Of G2/M Transition Of Mitotic Cell Cycle (GO:0010971),1/21,0.1903576498347592,0.2976279325098023,0,0,4.969849246231155,8.244237447277422,CCND1
GO_Biological_Process_2023,Positive Regulation Of T Cell Cytokine Production (GO:0002726),1/21,0.1903576498347592,0.2976279325098023,0,0,4.969849246231155,8.244237447277422,CD81
GO_Biological_Process_2023,Positive Regulation Of Amyloid Precursor Protein Catabolic Process (GO:1902993),1/21,0.1903576498347592,0.2976279325098023,0,0,4.969849246231155,8.244237447277422,EFNA1
GO_Biological_Process_2023,Positive Regulation Of Natural Killer Cell Mediated Cytotoxicity (GO:0045954),1/21,0.1903576498347592,0.2976279325098023,0,0,4.969849246231155,8.244237447277422,LAMP1
GO_Biological_Process_2023,Positive Regulation Of Signal Transduction By P53 Class Mediator (GO:1901798),1/21,0.1903576498347592,0.2976279325098023,0,0,4.969849246231155,8.244237447277422,MYC
GO_Biological_Process_2023,Positive Regulation Of Transcription Regulatory Region DNA Binding (GO:2000679),1/21,0.1903576498347592,0.2976279325098023,0,0,4.969849246231155,8.244237447277422,H1-0
GO_Biological_Process_2023,Positive Regulation Of Vacuole Organization (GO:0044090),1/21,0.1903576498347592,0.2976279325098023,0,0,4.969849246231155,8.244237447277422,GRN
GO_Biological_Process_2023,Regulation Of Anoikis (GO:2000209),1/21,0.1903576498347592,0.2976279325098023,0,0,4.969849246231155,8.244237447277422,CAV1
GO_Biological_Process_2023,Regulation Of Organelle Assembly (GO:1902115),2/80,0.1906887482391839,0.2976279325098023,0,0,2.554001554001554,4.232268591096898,GSN;PLK2
GO_Biological_Process_2023,Regulation Of Protein Localization To Plasma Membrane (GO:1903076),2/80,0.1906887482391839,0.2976279325098023,0,0,2.554001554001554,4.232268591096898,LGALS3;TMEM59
GO_Biological_Process_2023,Response To Type II Interferon (GO:0034341),2/80,0.1906887482391839,0.2976279325098023,0,0,2.554001554001554,4.232268591096898,IFITM3;CCL2
GO_Biological_Process_2023,Negative Regulation Of Protein Serine/Threonine Kinase Activity (GO:0071901),2/80,0.1906887482391839,0.2976279325098023,0,0,2.554001554001554,4.232268591096898,GSTP1;APOE
GO_Biological_Process_2023,Regulation Of Cell Growth (GO:0001558),4/227,0.1929810820578198,0.3009425265656911,0,0,1.7916170952686008,2.9475023618900345,GJA1;HSPA1B;RTN4;HSPA1A
GO_Biological_Process_2023,Cellular Response To Interleukin-1 (GO:0071347),2/81,0.1943101337404015,0.3027504616531671,0,0,2.521544559519243,4.131045868969444,EGR1;CCL2
GO_Biological_Process_2023,Cellular Response To Lipid (GO:0071396),4/228,0.1950111991581914,0.3035776433666785,0,0,1.783527696793003,2.9155296769838297,GSTP1;CCL2;HSPA1B;HSPA1A
GO_Biological_Process_2023,Positive Regulation Of Tumor Necrosis Factor Superfamily Cytokine Production (GO:1903557),2/82,0.1979403391192459,0.3060131619014437,0,0,2.48989898989899,4.033112516956104,APP;HSPB1
GO_Biological_Process_2023,Regulation Of Mononuclear Cell Migration (GO:0071675),1/22,0.1984625719282345,0.3060131619014437,0,0,4.732950466618808,7.653913334056085,LGALS3
GO_Biological_Process_2023,Cellular Response To Topologically Incorrect Protein (GO:0035967),1/22,0.1984625719282345,0.3060131619014437,0,0,4.732950466618808,7.653913334056085,HSPA1A
GO_Biological_Process_2023,Dendritic Cell Differentiation (GO:0097028),1/22,0.1984625719282345,0.3060131619014437,0,0,4.732950466618808,7.653913334056085,GAS6
GO_Biological_Process_2023,Mammary Gland Development (GO:0030879),1/22,0.1984625719282345,0.3060131619014437,0,0,4.732950466618808,7.653913334056085,CAV1
GO_Biological_Process_2023,Negative Regulation Of Axonogenesis (GO:0050771),1/22,0.1984625719282345,0.3060131619014437,0,0,4.732950466618808,7.653913334056085,RTN4
GO_Biological_Process_2023,Negative Regulation Of Macroautophagy (GO:0016242),1/22,0.1984625719282345,0.3060131619014437,0,0,4.732950466618808,7.653913334056085,NUPR1
GO_Biological_Process_2023,Negative Regulation Of Protein Localization To Nucleus (GO:1900181),1/22,0.1984625719282345,0.3060131619014437,0,0,4.732950466618808,7.653913334056085,CTNNA1
GO_Biological_Process_2023,Positive Regulation Of Protein Autophosphorylation (GO:0031954),1/22,0.1984625719282345,0.3060131619014437,0,0,4.732950466618808,7.653913334056085,GPNMB
GO_Biological_Process_2023,Positive Regulation Of Receptor Internalization (GO:0002092),1/22,0.1984625719282345,0.3060131619014437,0,0,4.732950466618808,7.653913334056085,CD63
GO_Biological_Process_2023,"Positive Regulation Of Synaptic Transmission, Glutamatergic (GO:0051968)",1/22,0.1984625719282345,0.3060131619014437,0,0,4.732950466618808,7.653913334056085,CCL2
GO_Biological_Process_2023,Regulation Of Epithelial To Mesenchymal Transition (GO:0010717),2/83,0.2015788294152306,0.3094807501521269,0,0,2.4590347923681257,3.938328060173813,COL1A1;EFNA1
GO_Biological_Process_2023,Vesicle-Mediated Transport To The Plasma Membrane (GO:0098876),2/83,0.2015788294152306,0.3094807501521269,0,0,2.4590347923681257,3.938328060173813,SNX3;RAB13
GO_Biological_Process_2023,Positive Regulation Of Ubiquitin-Dependent Protein Catabolic Process (GO:2000060),2/83,0.2015788294152306,0.3094807501521269,0,0,2.4590347923681257,3.938328060173813,HSPA1B;HSPA1A
GO_Biological_Process_2023,Regulation Of NIK/NF-kappaB Signaling (GO:1901222),2/83,0.2015788294152306,0.3094807501521269,0,0,2.4590347923681257,3.938328060173813,NFKBIA;APP
GO_Biological_Process_2023,Regulation Of Cell Division (GO:0051302),2/83,0.2015788294152306,0.3094807501521269,0,0,2.4590347923681257,3.938328060173813,MYC;SFN
GO_Biological_Process_2023,Positive Regulation Of Response To External Stimulus (GO:0032103),3/155,0.2027633389651177,0.3108627697825679,0,0,1.9684744857066525,3.141125834684901,NFKBIA;APP;GRN
GO_Biological_Process_2023,Regulation Of Centrosome Cycle (GO:0046605),1/23,0.2064867613185778,0.3108627697825679,0,0,4.517587939698492,7.126580711797677,CHMP2A
GO_Biological_Process_2023,Regulation Of Cholesterol Metabolic Process (GO:0090181),1/23,0.2064867613185778,0.3108627697825679,0,0,4.517587939698492,7.126580711797677,APOE
GO_Biological_Process_2023,Regulation Of Cholesterol Transport (GO:0032374),1/23,0.2064867613185778,0.3108627697825679,0,0,4.517587939698492,7.126580711797677,TSPO
GO_Biological_Process_2023,U2-type Prespliceosome Assembly (GO:1903241),1/23,0.2064867613185778,0.3108627697825679,0,0,4.517587939698492,7.126580711797677,SF3B6
GO_Biological_Process_2023,Regulation Of Interleukin-4 Production (GO:0032673),1/23,0.2064867613185778,0.3108627697825679,0,0,4.517587939698492,7.126580711797677,CEBPB
GO_Biological_Process_2023,Artery Development (GO:0060840),1/23,0.2064867613185778,0.3108627697825679,0,0,4.517587939698492,7.126580711797677,HES1
GO_Biological_Process_2023,Axon Extension (GO:0048675),1/23,0.2064867613185778,0.3108627697825679,0,0,4.517587939698492,7.126580711797677,MAP1B
GO_Biological_Process_2023,"Regulation Of Nuclear-Transcribed mRNA Catabolic Process, Deadenylation-Dependent Decay (GO:1900151)",1/23,0.2064867613185778,0.3108627697825679,0,0,4.517587939698492,7.126580711797677,ZFP36L1
GO_Biological_Process_2023,Regulation Of Toll-Like Receptor 4 Signaling Pathway (GO:0034143),1/23,0.2064867613185778,0.3108627697825679,0,0,4.517587939698492,7.126580711797677,APLP2
GO_Biological_Process_2023,Glial Cell Development (GO:0021782),1/23,0.2064867613185778,0.3108627697825679,0,0,4.517587939698492,7.126580711797677,APP
GO_Biological_Process_2023,Long-Chain Fatty Acid Transport (GO:0015909),1/23,0.2064867613185778,0.3108627697825679,0,0,4.517587939698492,7.126580711797677,APOE
GO_Biological_Process_2023,Negative Regulation Of Actin Filament Polymerization (GO:0030837),1/23,0.2064867613185778,0.3108627697825679,0,0,4.517587939698492,7.126580711797677,GSN
GO_Biological_Process_2023,Negative Regulation Of Neuron Differentiation (GO:0045665),1/23,0.2064867613185778,0.3108627697825679,0,0,4.517587939698492,7.126580711797677,HES1
GO_Biological_Process_2023,Negative Regulation Of Protein Depolymerization (GO:1901880),1/23,0.2064867613185778,0.3108627697825679,0,0,4.517587939698492,7.126580711797677,LIMA1
GO_Biological_Process_2023,Nuclear Membrane Reassembly (GO:0031468),1/23,0.2064867613185778,0.3108627697825679,0,0,4.517587939698492,7.126580711797677,CHMP2A
GO_Biological_Process_2023,Positive Regulation Of Cell-Substrate Junction Organization (GO:0150117),1/23,0.2064867613185778,0.3108627697825679,0,0,4.517587939698492,7.126580711797677,RAC1
GO_Biological_Process_2023,Positive Regulation Of Lamellipodium Assembly (GO:0010592),1/23,0.2064867613185778,0.3108627697825679,0,0,4.517587939698492,7.126580711797677,RAC1
GO_Biological_Process_2023,"Positive Regulation Of mRNA Splicing, Via Spliceosome (GO:0048026)",1/23,0.2064867613185778,0.3108627697825679,0,0,4.517587939698492,7.126580711797677,PRDX6
GO_Biological_Process_2023,Positive Regulation Of Morphogenesis Of An Epithelium (GO:1905332),1/23,0.2064867613185778,0.3108627697825679,0,0,4.517587939698492,7.126580711797677,GJA1
GO_Biological_Process_2023,Positive Regulation Of Neutrophil Migration (GO:1902624),1/23,0.2064867613185778,0.3108627697825679,0,0,4.517587939698492,7.126580711797677,RAC1
GO_Biological_Process_2023,Protein Localization To Cell Junction (GO:1902414),1/23,0.2064867613185778,0.3108627697825679,0,0,4.517587939698492,7.126580711797677,DSP
GO_Biological_Process_2023,Regulation Of T Cell Migration (GO:2000404),1/23,0.2064867613185778,0.3108627697825679,0,0,4.517587939698492,7.126580711797677,APP
GO_Biological_Process_2023,Response To Interleukin-1 (GO:0070555),2/85,0.2088785730572049,0.3134056975055119,0,0,2.3995375441158573,3.7576810395091074,APP;CCL2
GO_Biological_Process_2023,Establishment Of Protein Localization To Organelle (GO:0072594),2/85,0.2088785730572049,0.3134056975055119,0,0,2.3995375441158573,3.7576810395091074,LAMP1;APLP2
GO_Biological_Process_2023,Negative Regulation Of Cell Cycle (GO:0045786),2/85,0.2088785730572049,0.3134056975055119,0,0,2.3995375441158573,3.7576810395091074,NUPR1;RHOB
GO_Biological_Process_2023,Positive Regulation Of Canonical Wnt Signaling Pathway (GO:0090263),2/85,0.2088785730572049,0.3134056975055119,0,0,2.3995375441158573,3.7576810395091074,COL1A1;CAV1
GO_Biological_Process_2023,Inflammatory Response (GO:0006954),4/236,0.2114842078217913,0.3156311357281476,0,0,1.721323011963406,2.6742559532999604,CEBPB;CCL2;FOS;RAC1
GO_Biological_Process_2023,Regulation Of Mitotic Cell Cycle Phase Transition (GO:1901990),2/86,0.2125388044387241,0.3156311357281476,0,0,2.370851370851371,3.671573213687656,APLP2;ZFP36L1
GO_Biological_Process_2023,Response To Lipopolysaccharide (GO:0032496),3/159,0.2130886861186362,0.3156311357281476,0,0,1.9176103084732523,2.9647153446790657,GSTP1;CCL2;S100A14
GO_Biological_Process_2023,Regulation Of Cysteine-Type Endopeptidase Activity (GO:2000116),1/24,0.2144310182188985,0.3156311357281476,0,0,4.320952589032117,6.653261007649563,CST3
GO_Biological_Process_2023,Regulation Of Cytoplasmic Translation (GO:2000765),1/24,0.2144310182188985,0.3156311357281476,0,0,4.320952589032117,6.653261007649563,YBX3
GO_Biological_Process_2023,Regulation Of Endoplasmic Reticulum Stress-Induced Intrinsic Apoptotic Signaling Pathway (GO:1902235),1/24,0.2144310182188985,0.3156311357281476,0,0,4.320952589032117,6.653261007649563,HSPA1A
GO_Biological_Process_2023,Regulation Of Heterotypic Cell-Cell Adhesion (GO:0034114),1/24,0.2144310182188985,0.3156311357281476,0,0,4.320952589032117,6.653261007649563,KLF4
GO_Biological_Process_2023,Acylglycerol Homeostasis (GO:0055090),1/24,0.2144310182188985,0.3156311357281476,0,0,4.320952589032117,6.653261007649563,APOE
GO_Biological_Process_2023,Regulation Of Microtubule Depolymerization (GO:0031114),1/24,0.2144310182188985,0.3156311357281476,0,0,4.320952589032117,6.653261007649563,MAP1B
GO_Biological_Process_2023,Amyloid Fibril Formation (GO:1990000),1/24,0.2144310182188985,0.3156311357281476,0,0,4.320952589032117,6.653261007649563,GSN
GO_Biological_Process_2023,Regulation Of Proteolysis Involved In Protein Catabolic Process (GO:1903050),1/24,0.2144310182188985,0.3156311357281476,0,0,4.320952589032117,6.653261007649563,EFNA1
GO_Biological_Process_2023,Cell Morphogenesis Involved In Differentiation (GO:0000904),1/24,0.2144310182188985,0.3156311357281476,0,0,4.320952589032117,6.653261007649563,ACTN1
GO_Biological_Process_2023,Response To Purine-Containing Compound (GO:0014074),1/24,0.2144310182188985,0.3156311357281476,0,0,4.320952589032117,6.653261007649563,NDUFS4
GO_Biological_Process_2023,Dicarboxylic Acid Transport (GO:0006835),1/24,0.2144310182188985,0.3156311357281476,0,0,4.320952589032117,6.653261007649563,GJA1
GO_Biological_Process_2023,Early Endosome To Late Endosome Transport (GO:0045022),1/24,0.2144310182188985,0.3156311357281476,0,0,4.320952589032117,6.653261007649563,EMP2
GO_Biological_Process_2023,Fat-Soluble Vitamin Metabolic Process (GO:0006775),1/24,0.2144310182188985,0.3156311357281476,0,0,4.320952589032117,6.653261007649563,CBR1
GO_Biological_Process_2023,mRNA Polyadenylation (GO:0006378),1/24,0.2144310182188985,0.3156311357281476,0,0,4.320952589032117,6.653261007649563,APP
GO_Biological_Process_2023,Multivesicular Body Sorting Pathway (GO:0071985),1/24,0.2144310182188985,0.3156311357281476,0,0,4.320952589032117,6.653261007649563,CHMP2A
GO_Biological_Process_2023,Negative Regulation Of Antigen Receptor-Mediated Signaling Pathway (GO:0050858),1/24,0.2144310182188985,0.3156311357281476,0,0,4.320952589032117,6.653261007649563,LGALS3
GO_Biological_Process_2023,Positive Regulation Of ERBB Signaling Pathway (GO:1901186),1/24,0.2144310182188985,0.3156311357281476,0,0,4.320952589032117,6.653261007649563,RTN4
GO_Biological_Process_2023,Positive Regulation Of Cell Cycle G2/M Phase Transition (GO:1902751),1/24,0.2144310182188985,0.3156311357281476,0,0,4.320952589032117,6.653261007649563,CCND1
GO_Biological_Process_2023,Positive Regulation Of Lipid Metabolic Process (GO:0045834),1/24,0.2144310182188985,0.3156311357281476,0,0,4.320952589032117,6.653261007649563,APOE
GO_Biological_Process_2023,Positive Regulation Of Natural Killer Cell Mediated Immunity (GO:0002717),1/24,0.2144310182188985,0.3156311357281476,0,0,4.320952589032117,6.653261007649563,LAMP1
GO_Biological_Process_2023,Glucose Homeostasis (GO:0042593),2/87,0.2162052764803214,0.3179803901408849,0,0,2.342840166369578,3.588122897733772,APLP2;NUCKS1
GO_Biological_Process_2023,RNA Polyadenylation (GO:0043631),1/25,0.2222961348450487,0.3208546153426917,0,0,4.14070351758794,6.226561570384656,APP
GO_Biological_Process_2023,Regulation Of Keratinocyte Proliferation (GO:0010837),1/25,0.2222961348450487,0.3208546153426917,0,0,4.14070351758794,6.226561570384656,ZFP36L1
GO_Biological_Process_2023,Regulation Of Lysosomal Lumen pH (GO:0035751),1/25,0.2222961348450487,0.3208546153426917,0,0,4.14070351758794,6.226561570384656,GRN
GO_Biological_Process_2023,Regulation Of Neutrophil Chemotaxis (GO:0090022),1/25,0.2222961348450487,0.3208546153426917,0,0,4.14070351758794,6.226561570384656,RAC1
GO_Biological_Process_2023,Regulation Of Platelet Aggregation (GO:0090330),1/25,0.2222961348450487,0.3208546153426917,0,0,4.14070351758794,6.226561570384656,CD9
GO_Biological_Process_2023,Cardiac Conduction System Development (GO:0003161),1/25,0.2222961348450487,0.3208546153426917,0,0,4.14070351758794,6.226561570384656,GJA1
GO_Biological_Process_2023,Cellular Response To Hexose Stimulus (GO:0071331),1/25,0.2222961348450487,0.3208546153426917,0,0,4.14070351758794,6.226561570384656,GAS6
GO_Biological_Process_2023,Ventricular Cardiac Muscle Tissue Development (GO:0003229),1/25,0.2222961348450487,0.3208546153426917,0,0,4.14070351758794,6.226561570384656,TPM1
GO_Biological_Process_2023,Vesicle-Mediated Transport Between Endosomal Compartments (GO:0098927),1/25,0.2222961348450487,0.3208546153426917,0,0,4.14070351758794,6.226561570384656,EMP2
GO_Biological_Process_2023,"Wound Healing, Spreading Of Cells (GO:0044319)",1/25,0.2222961348450487,0.3208546153426917,0,0,4.14070351758794,6.226561570384656,CD151
GO_Biological_Process_2023,Lamellipodium Assembly (GO:0030032),1/25,0.2222961348450487,0.3208546153426917,0,0,4.14070351758794,6.226561570384656,RAC1
GO_Biological_Process_2023,Late Endosome To Vacuole Transport Via Multivesicular Body Sorting Pathway (GO:0032511),1/25,0.2222961348450487,0.3208546153426917,0,0,4.14070351758794,6.226561570384656,LEPROT
GO_Biological_Process_2023,Long-Chain Fatty Acid Biosynthetic Process (GO:0042759),1/25,0.2222961348450487,0.3208546153426917,0,0,4.14070351758794,6.226561570384656,GSTP1
GO_Biological_Process_2023,Negative Regulation Of Protein Localization To Membrane (GO:1905476),1/25,0.2222961348450487,0.3208546153426917,0,0,4.14070351758794,6.226561570384656,TMEM59
GO_Biological_Process_2023,Negative Regulation Of Proteolysis Involved In Protein Catabolic Process (GO:1903051),1/25,0.2222961348450487,0.3208546153426917,0,0,4.14070351758794,6.226561570384656,EFNA1
GO_Biological_Process_2023,Negative Regulation Of Response To Endoplasmic Reticulum Stress (GO:1903573),1/25,0.2222961348450487,0.3208546153426917,0,0,4.14070351758794,6.226561570384656,HSPA1A
GO_Biological_Process_2023,Negative Regulation Of Stress Fiber Assembly (GO:0051497),1/25,0.2222961348450487,0.3208546153426917,0,0,4.14070351758794,6.226561570384656,TACSTD2
GO_Biological_Process_2023,Organophosphate Ester Transport (GO:0015748),1/25,0.2222961348450487,0.3208546153426917,0,0,4.14070351758794,6.226561570384656,NPC2
GO_Biological_Process_2023,Positive Regulation Of T Cell Migration (GO:2000406),1/25,0.2222961348450487,0.3208546153426917,0,0,4.14070351758794,6.226561570384656,APP
GO_Biological_Process_2023,Positive Regulation Of Peptidase Activity (GO:0010952),1/25,0.2222961348450487,0.3208546153426917,0,0,4.14070351758794,6.226561570384656,GRN
GO_Biological_Process_2023,Regulation Of B Cell Activation (GO:0050864),1/25,0.2222961348450487,0.3208546153426917,0,0,4.14070351758794,6.226561570384656,ZFP36L1
GO_Biological_Process_2023,Regulation Of Actin Cytoskeleton Reorganization (GO:2000249),1/25,0.2222961348450487,0.3208546153426917,0,0,4.14070351758794,6.226561570384656,RNH1
GO_Biological_Process_2023,Regulation Of Cell Size (GO:0008361),1/25,0.2222961348450487,0.3208546153426917,0,0,4.14070351758794,6.226561570384656,RAC1
GO_Biological_Process_2023,Vesicle-Mediated Transport (GO:0016192),6/411,0.2300518103230988,0.3278497491824297,0,0,1.4810996563573884,2.176402975906037,APP;ANXA2;CAV2;RAB13;CHMP2A;RHOB
GO_Biological_Process_2023,Regulation Of Epidermal Growth Factor-Activated Receptor Activity (GO:0007176),1/26,0.2300828957266827,0.3278497491824297,0,0,3.974874371859297,5.840344997302112,APP
GO_Biological_Process_2023,"Wnt Signaling Pathway, Planar Cell Polarity Pathway (GO:0060071)",1/26,0.2300828957266827,0.3278497491824297,0,0,3.974874371859297,5.840344997302112,RAC1
GO_Biological_Process_2023,Regulation Of Keratinocyte Differentiation (GO:0045616),1/26,0.2300828957266827,0.3278497491824297,0,0,3.974874371859297,5.840344997302112,ZFP36L1
GO_Biological_Process_2023,Acute Inflammatory Response (GO:0002526),1/26,0.2300828957266827,0.3278497491824297,0,0,3.974874371859297,5.840344997302112,CEBPB
GO_Biological_Process_2023,Regulation Of Myeloid Cell Differentiation (GO:0045637),1/26,0.2300828957266827,0.3278497491824297,0,0,3.974874371859297,5.840344997302112,MAFB
GO_Biological_Process_2023,Regulation Of Vasoconstriction (GO:0019229),1/26,0.2300828957266827,0.3278497491824297,0,0,3.974874371859297,5.840344997302112,CAV1
GO_Biological_Process_2023,Response To Glucocorticoid (GO:0051384),1/26,0.2300828957266827,0.3278497491824297,0,0,3.974874371859297,5.840344997302112,ZFP36L1
GO_Biological_Process_2023,Negative Regulation Of Endothelial Cell Apoptotic Process (GO:2000352),1/26,0.2300828957266827,0.3278497491824297,0,0,3.974874371859297,5.840344997302112,GAS6
GO_Biological_Process_2023,Negative Regulation Of Interleukin-1 Beta Production (GO:0032691),1/26,0.2300828957266827,0.3278497491824297,0,0,3.974874371859297,5.840344997302112,GSTP1
GO_Biological_Process_2023,Nuclear Membrane Organization (GO:0071763),1/26,0.2300828957266827,0.3278497491824297,0,0,3.974874371859297,5.840344997302112,CHMP2A
GO_Biological_Process_2023,Organelle Membrane Fusion (GO:0090174),1/26,0.2300828957266827,0.3278497491824297,0,0,3.974874371859297,5.840344997302112,CAV2
GO_Biological_Process_2023,Plasma Membrane Invagination (GO:0099024),1/26,0.2300828957266827,0.3278497491824297,0,0,3.974874371859297,5.840344997302112,GSN
GO_Biological_Process_2023,Positive Regulation Of Monooxygenase Activity (GO:0032770),1/26,0.2300828957266827,0.3278497491824297,0,0,3.974874371859297,5.840344997302112,APOE
GO_Biological_Process_2023,Protein Localization To Cell Surface (GO:0034394),1/26,0.2300828957266827,0.3278497491824297,0,0,3.974874371859297,5.840344997302112,EMP2
GO_Biological_Process_2023,Regulation Of Actin Filament Bundle Assembly (GO:0032231),1/26,0.2300828957266827,0.3278497491824297,0,0,3.974874371859297,5.840344997302112,RAC1
GO_Biological_Process_2023,Regulation Of Actin Cytoskeleton Organization (GO:0032956),2/91,0.2309239500321694,0.3287855761032644,0,0,2.237090001134945,3.2788286401533377,RNH1;RAC1
GO_Biological_Process_2023,Protein-Containing Complex Assembly (GO:0065003),5/328,0.2320038076276336,0.3300596433873193,0,0,1.5461617845518774,2.25894467914792,CHMP2A;CLTA;HES1;TCF4;HSPA1A
GO_Biological_Process_2023,Positive Regulation Of DNA-binding Transcription Factor Activity (GO:0051091),4/246,0.2325997456481324,0.3306437818615683,0,0,1.6493506493506491,2.405472582034088,APP;CAV1;HSPA1B;HSPA1A
GO_Biological_Process_2023,Membrane Organization (GO:0061024),3/167,0.2340612680505318,0.3324564507978891,0,0,1.82332549213817,2.6477828986834435,SNX3;ANXA2;CHMP2A
GO_Biological_Process_2023,Steroid Metabolic Process (GO:0008202),2/92,0.234614487227205,0.3327124365765769,0,0,2.212121212121212,3.2071589757618537,CBR1;TSPO
GO_Biological_Process_2023,Positive Regulation Of Neuron Projection Development (GO:0010976),2/92,0.234614487227205,0.3327124365765769,0,0,2.212121212121212,3.2071589757618537,SNX3;APOE
GO_Biological_Process_2023,Regulation Of Mitochondrial Fission (GO:0090140),1/27,0.2377920775242915,0.3342955605227235,0,0,3.821801314263626,5.489477227235043,DCN
GO_Biological_Process_2023,Cellular Response To Epidermal Growth Factor Stimulus (GO:0071364),1/27,0.2377920775242915,0.3342955605227235,0,0,3.821801314263626,5.489477227235043,ZFP36L1
GO_Biological_Process_2023,Regulation Of Transcription Regulatory Region DNA Binding (GO:2000677),1/27,0.2377920775242915,0.3342955605227235,0,0,3.821801314263626,5.489477227235043,H1-0
GO_Biological_Process_2023,Dorsal/Ventral Pattern Formation (GO:0009953),1/27,0.2377920775242915,0.3342955605227235,0,0,3.821801314263626,5.489477227235043,NBL1
GO_Biological_Process_2023,Glycerophospholipid Catabolic Process (GO:0046475),1/27,0.2377920775242915,0.3342955605227235,0,0,3.821801314263626,5.489477227235043,PRDX6
GO_Biological_Process_2023,Ventricular Septum Morphogenesis (GO:0060412),1/27,0.2377920775242915,0.3342955605227235,0,0,3.821801314263626,5.489477227235043,HES1
GO_Biological_Process_2023,Microtubule Polymerization Or Depolymerization (GO:0031109),1/27,0.2377920775242915,0.3342955605227235,0,0,3.821801314263626,5.489477227235043,TPPP3
GO_Biological_Process_2023,Negative Regulation Of Cellular Response To Insulin Stimulus (GO:1900077),1/27,0.2377920775242915,0.3342955605227235,0,0,3.821801314263626,5.489477227235043,APLP2
GO_Biological_Process_2023,Positive Regulation Of Mitotic Cell Cycle (GO:0045931),1/27,0.2377920775242915,0.3342955605227235,0,0,3.821801314263626,5.489477227235043,HES1
GO_Biological_Process_2023,Positive Regulation Of Nitric Oxide Biosynthetic Process (GO:0045429),1/27,0.2377920775242915,0.3342955605227235,0,0,3.821801314263626,5.489477227235043,KLF4
GO_Biological_Process_2023,Positive Regulation Of Response To Wounding (GO:1903036),1/27,0.2377920775242915,0.3342955605227235,0,0,3.821801314263626,5.489477227235043,GRN
GO_Biological_Process_2023,Negative Regulation Of Amide Metabolic Process (GO:0034249),2/93,0.2383084712706434,0.3344943451981336,0,0,2.187701187701188,3.1375777372613727,APOE;RTN4
GO_Biological_Process_2023,Positive Regulation Of Cellular Component Biogenesis (GO:0044089),2/93,0.2383084712706434,0.3344943451981336,0,0,2.187701187701188,3.1375777372613727,LGALS3;CHMP2A
GO_Biological_Process_2023,Brain Development (GO:0007420),3/169,0.2393627485201892,0.3357100183647936,0,0,1.8011742401076387,2.5752740819217634,NFIB;NDUFS4;RTN4
GO_Biological_Process_2023,Muscle Contraction (GO:0006936),2/94,0.2420054666899618,0.339149844913505,0,0,2.163812033377251,3.070005614813883,TPM1;CRYAB
GO_Biological_Process_2023,Regulation Of Lipid Biosynthetic Process (GO:0046890),1/28,0.2454244493195781,0.3396720074368715,0,0,3.680067001675042,5.169633447658624,APOE
GO_Biological_Process_2023,Regulation Of Nitric-Oxide Synthase Activity (GO:0050999),1/28,0.2454244493195781,0.3396720074368715,0,0,3.680067001675042,5.169633447658624,APOE
GO_Biological_Process_2023,Regulation Of Protein Localization To Membrane (GO:1905475),1/28,0.2454244493195781,0.3396720074368715,0,0,3.680067001675042,5.169633447658624,GSN
GO_Biological_Process_2023,Regulation Of Protein Transport (GO:0051223),1/28,0.2454244493195781,0.3396720074368715,0,0,3.680067001675042,5.169633447658624,SNX3
GO_Biological_Process_2023,Cell-Substrate Junction Assembly (GO:0007044),1/28,0.2454244493195781,0.3396720074368715,0,0,3.680067001675042,5.169633447658624,DST
GO_Biological_Process_2023,Regulation Of Sodium Ion Transmembrane Transport (GO:1902305),1/28,0.2454244493195781,0.3396720074368715,0,0,3.680067001675042,5.169633447658624,FXYD3
GO_Biological_Process_2023,Transcription By RNA Polymerase III (GO:0006383),1/28,0.2454244493195781,0.3396720074368715,0,0,3.680067001675042,5.169633447658624,ZFP36L1
GO_Biological_Process_2023,Vascular Endothelial Growth Factor Receptor Signaling Pathway (GO:0048010),1/28,0.2454244493195781,0.3396720074368715,0,0,3.680067001675042,5.169633447658624,HSPB1
GO_Biological_Process_2023,Negative Regulation Of Actin Filament Bundle Assembly (GO:0032232),1/28,0.2454244493195781,0.3396720074368715,0,0,3.680067001675042,5.169633447658624,TACSTD2
GO_Biological_Process_2023,Negative Regulation Of Cytoskeleton Organization (GO:0051494),1/28,0.2454244493195781,0.3396720074368715,0,0,3.680067001675042,5.169633447658624,LIMA1
GO_Biological_Process_2023,Negative Regulation Of Type II Interferon Production (GO:0032689),1/28,0.2454244493195781,0.3396720074368715,0,0,3.680067001675042,5.169633447658624,GAS6
GO_Biological_Process_2023,Negative Regulation Of Wound Healing (GO:0061045),1/28,0.2454244493195781,0.3396720074368715,0,0,3.680067001675042,5.169633447658624,APOE
GO_Biological_Process_2023,Phospholipid Catabolic Process (GO:0009395),1/28,0.2454244493195781,0.3396720074368715,0,0,3.680067001675042,5.169633447658624,PRDX6
GO_Biological_Process_2023,Positive Regulation Of mRNA Processing (GO:0050685),1/28,0.2454244493195781,0.3396720074368715,0,0,3.680067001675042,5.169633447658624,PRDX6
GO_Biological_Process_2023,Positive Regulation Of Nitric Oxide Metabolic Process (GO:1904407),1/28,0.2454244493195781,0.3396720074368715,0,0,3.680067001675042,5.169633447658624,KLF4
GO_Biological_Process_2023,Pyroptosis (GO:0070269),1/28,0.2454244493195781,0.3396720074368715,0,0,3.680067001675042,5.169633447658624,IFI27
GO_Biological_Process_2023,Recombinational Repair (GO:0000725),2/95,0.2457050463032076,0.3397967462053662,0,0,2.140436624307592,3.004367063071291,SEM1;NUCKS1
GO_Biological_Process_2023,Generation Of Neurons (GO:0048699),3/172,0.2473527954934082,0.3418105245238113,0,0,1.7689304057910071,2.471089003542929,MAP1B;RAC1;RTN4
GO_Biological_Process_2023,Regulation Of Establishment Of Planar Polarity (GO:0090175),1/29,0.252980772589684,0.3461025293711627,0,0,3.548456568557071,4.877147000705543,RAC1
GO_Biological_Process_2023,RNA Biosynthetic Process (GO:0032774),1/29,0.252980772589684,0.3461025293711627,0,0,3.548456568557071,4.877147000705543,ZFP36L1
GO_Biological_Process_2023,Chondrocyte Differentiation (GO:0002062),1/29,0.252980772589684,0.3461025293711627,0,0,3.548456568557071,4.877147000705543,NFIB
GO_Biological_Process_2023,Response To Interferon-Beta (GO:0035456),1/29,0.252980772589684,0.3461025293711627,0,0,3.548456568557071,4.877147000705543,IFITM3
GO_Biological_Process_2023,Sarcomere Organization (GO:0045214),1/29,0.252980772589684,0.3461025293711627,0,0,3.548456568557071,4.877147000705543,TPM1
GO_Biological_Process_2023,Establishment Of Mitotic Spindle Orientation (GO:0000132),1/29,0.252980772589684,0.3461025293711627,0,0,3.548456568557071,4.877147000705543,GJA1
GO_Biological_Process_2023,Vacuolar Acidification (GO:0007035),1/29,0.252980772589684,0.3461025293711627,0,0,3.548456568557071,4.877147000705543,GRN
GO_Biological_Process_2023,Heterotypic Cell-Cell Adhesion (GO:0034113),1/29,0.252980772589684,0.3461025293711627,0,0,3.548456568557071,4.877147000705543,DSP
GO_Biological_Process_2023,Maintenance Of Blood-Brain Barrier (GO:0035633),1/29,0.252980772589684,0.3461025293711627,0,0,3.548456568557071,4.877147000705543,GJA1
GO_Biological_Process_2023,Multivesicular Body Assembly (GO:0036258),1/29,0.252980772589684,0.3461025293711627,0,0,3.548456568557071,4.877147000705543,CHMP2A
GO_Biological_Process_2023,Negative Regulation Of Plasma Membrane Bounded Cell Projection Assembly (GO:0120033),1/29,0.252980772589684,0.3461025293711627,0,0,3.548456568557071,4.877147000705543,TACSTD2
GO_Biological_Process_2023,Positive Regulation Of B Cell Proliferation (GO:0030890),1/29,0.252980772589684,0.3461025293711627,0,0,3.548456568557071,4.877147000705543,CD81
GO_Biological_Process_2023,Positive Regulation Of Endopeptidase Activity (GO:0010950),1/29,0.252980772589684,0.3461025293711627,0,0,3.548456568557071,4.877147000705543,EFNA1
GO_Biological_Process_2023,Positive Regulation Of I-kappaB kinase/NF-kappaB Signaling (GO:0043123),3/175,0.2553839697105925,0.3491088305728012,0,0,1.7378113563923976,2.3720900885367504,GJA1;PLK2;S100A13
GO_Biological_Process_2023,Cytokine-Mediated Signaling Pathway (GO:0019221),4/257,0.2563907878121945,0.3491088305728012,0,0,1.5767524401064774,2.1460428245515204,NFKBIA;EGR1;APLP2;CCL2
GO_Biological_Process_2023,Negative Regulation Of Macromolecule Biosynthetic Process (GO:0010558),2/98,0.2568151396703299,0.3491088305728012,0,0,2.073232323232323,2.818349436543183,GSTP1;TSPO
GO_Biological_Process_2023,Positive Regulation Of Protein-Containing Complex Assembly (GO:0031334),2/98,0.2568151396703299,0.3491088305728012,0,0,2.073232323232323,2.818349436543183,LGALS3;TPPP3
GO_Biological_Process_2023,Positive Regulation Of Hydrolase Activity (GO:0051345),3/176,0.2580693506463658,0.3491088305728012,0,0,1.7276781784572048,2.340186617756609,CAV2;PSAP;CCL2
GO_Biological_Process_2023,Regulation Of Dendritic Spine Morphogenesis (GO:0061001),1/30,0.2604618012849767,0.3491088305728012,0,0,3.425922717033443,4.608890626901229,EFNA1
GO_Biological_Process_2023,Regulation Of Macrophage Derived Foam Cell Differentiation (GO:0010743),1/30,0.2604618012849767,0.3491088305728012,0,0,3.425922717033443,4.608890626901229,NFKBIA
GO_Biological_Process_2023,Artery Morphogenesis (GO:0048844),1/30,0.2604618012849767,0.3491088305728012,0,0,3.425922717033443,4.608890626901229,HES1
GO_Biological_Process_2023,Regulation Of Potassium Ion Transport (GO:0043266),1/30,0.2604618012849767,0.3491088305728012,0,0,3.425922717033443,4.608890626901229,CD63
GO_Biological_Process_2023,Cardiac Muscle Cell Action Potential Involved In Contraction (GO:0086002),1/30,0.2604618012849767,0.3491088305728012,0,0,3.425922717033443,4.608890626901229,GJA1
GO_Biological_Process_2023,Response To Epidermal Growth Factor (GO:0070849),1/30,0.2604618012849767,0.3491088305728012,0,0,3.425922717033443,4.608890626901229,ZFP36L1
GO_Biological_Process_2023,Immunoglobulin Mediated Immune Response (GO:0016064),1/30,0.2604618012849767,0.3491088305728012,0,0,3.425922717033443,4.608890626901229,CD81
GO_Biological_Process_2023,Intrinsic Apoptotic Signaling Pathway In Response To Endoplasmic Reticulum Stress (GO:0070059),1/30,0.2604618012849767,0.3491088305728012,0,0,3.425922717033443,4.608890626901229,CEBPB
GO_Biological_Process_2023,Lamellipodium Organization (GO:0097581),1/30,0.2604618012849767,0.3491088305728012,0,0,3.425922717033443,4.608890626901229,RAC1
GO_Biological_Process_2023,Multivesicular Body Organization (GO:0036257),1/30,0.2604618012849767,0.3491088305728012,0,0,3.425922717033443,4.608890626901229,CHMP2A
GO_Biological_Process_2023,Negative Regulation Of Axon Extension (GO:0030517),1/30,0.2604618012849767,0.3491088305728012,0,0,3.425922717033443,4.608890626901229,RTN4
GO_Biological_Process_2023,Negative Regulation Of Blood Coagulation (GO:0030195),1/30,0.2604618012849767,0.3491088305728012,0,0,3.425922717033443,4.608890626901229,APOE
GO_Biological_Process_2023,Negative Regulation Of Carbohydrate Metabolic Process (GO:0045912),1/30,0.2604618012849767,0.3491088305728012,0,0,3.425922717033443,4.608890626901229,NUPR1
GO_Biological_Process_2023,Negative Regulation Of Epithelial To Mesenchymal Transition (GO:0010719),1/30,0.2604618012849767,0.3491088305728012,0,0,3.425922717033443,4.608890626901229,EFNA1
GO_Biological_Process_2023,Negative Regulation Of Peptidyl-Tyrosine Phosphorylation (GO:0050732),1/30,0.2604618012849767,0.3491088305728012,0,0,3.425922717033443,4.608890626901229,CAV1
GO_Biological_Process_2023,Positive Regulation Of Lipid Kinase Activity (GO:0090218),1/30,0.2604618012849767,0.3491088305728012,0,0,3.425922717033443,4.608890626901229,CD81
GO_Biological_Process_2023,Positive Regulation Of Locomotion (GO:0040017),1/30,0.2604618012849767,0.3491088305728012,0,0,3.425922717033443,4.608890626901229,CAVIN1
GO_Biological_Process_2023,Positive Regulation Of Phosphate Metabolic Process (GO:0045937),1/30,0.2604618012849767,0.3491088305728012,0,0,3.425922717033443,4.608890626901229,APP
GO_Biological_Process_2023,Positive Regulation Of Protein Targeting To Mitochondrion (GO:1903955),1/30,0.2604618012849767,0.3491088305728012,0,0,3.425922717033443,4.608890626901229,LEPROT
GO_Biological_Process_2023,Prostaglandin Metabolic Process (GO:0006693),1/30,0.2604618012849767,0.3491088305728012,0,0,3.425922717033443,4.608890626901229,GSTP1
GO_Biological_Process_2023,Regulation Of Arp2/3 Complex-Mediated Actin Nucleation (GO:0034315),1/30,0.2604618012849767,0.3491088305728012,0,0,3.425922717033443,4.608890626901229,RNH1
GO_Biological_Process_2023,Regulation Of Cell Migration Involved In Sprouting Angiogenesis (GO:0090049),1/30,0.2604618012849767,0.3491088305728012,0,0,3.425922717033443,4.608890626901229,KLF4
GO_Biological_Process_2023,Response To UV (GO:0009411),2/100,0.2642273190435063,0.3538900429231346,0,0,2.0307153164296023,2.702771390555414,CCND1;MYC
GO_Biological_Process_2023,Regulation Of Extrinsic Apoptotic Signaling Pathway Via Death Domain Receptors (GO:1902041),1/31,0.2678682819607093,0.3552988959240932,0,0,3.3115577889447234,4.362182296847866,LGALS3
GO_Biological_Process_2023,Regulation Of Protein Autophosphorylation (GO:0031952),1/31,0.2678682819607093,0.3552988959240932,0,0,3.3115577889447234,4.362182296847866,GPNMB
GO_Biological_Process_2023,Cardiac Muscle Tissue Morphogenesis (GO:0055008),1/31,0.2678682819607093,0.3552988959240932,0,0,3.3115577889447234,4.362182296847866,TPM1
GO_Biological_Process_2023,Cellular Response To cAMP (GO:0071320),1/31,0.2678682819607093,0.3552988959240932,0,0,3.3115577889447234,4.362182296847866,ZFP36L1
GO_Biological_Process_2023,Endodermal Cell Differentiation (GO:0035987),1/31,0.2678682819607093,0.3552988959240932,0,0,3.3115577889447234,4.362182296847866,COL6A1
GO_Biological_Process_2023,Triglyceride Homeostasis (GO:0070328),1/31,0.2678682819607093,0.3552988959240932,0,0,3.3115577889447234,4.362182296847866,APOE
GO_Biological_Process_2023,Negative Regulation Of Developmental Growth (GO:0048640),1/31,0.2678682819607093,0.3552988959240932,0,0,3.3115577889447234,4.362182296847866,RTN4
GO_Biological_Process_2023,Positive Regulation Of Rho Protein Signal Transduction (GO:0035025),1/31,0.2678682819607093,0.3552988959240932,0,0,3.3115577889447234,4.362182296847866,RAC1
GO_Biological_Process_2023,Positive Regulation Of Extrinsic Apoptotic Signaling Pathway (GO:2001238),1/31,0.2678682819607093,0.3552988959240932,0,0,3.3115577889447234,4.362182296847866,CAV1
GO_Biological_Process_2023,Positive Regulation Of Lamellipodium Organization (GO:1902745),1/31,0.2678682819607093,0.3552988959240932,0,0,3.3115577889447234,4.362182296847866,RAC1
GO_Biological_Process_2023,Positive Regulation Of Leukocyte Migration (GO:0002687),1/31,0.2678682819607093,0.3552988959240932,0,0,3.3115577889447234,4.362182296847866,LGALS3
GO_Biological_Process_2023,Positive Regulation Of Proteolysis Involved In Protein Catabolic Process (GO:1903052),1/31,0.2678682819607093,0.3552988959240932,0,0,3.3115577889447234,4.362182296847866,NUPR1
GO_Biological_Process_2023,Regulation Of Cell Morphogenesis (GO:0022604),1/31,0.2678682819607093,0.3552988959240932,0,0,3.3115577889447234,4.362182296847866,SPARC
GO_Biological_Process_2023,Endosomal Transport (GO:0016197),3/180,0.2688479130500232,0.3563333409221704,0,0,1.688290458573518,2.2177542809123287,SNX3;RAB13;CHMP2A
GO_Biological_Process_2023,Calcium Ion Homeostasis (GO:0055074),2/102,0.2716402584331571,0.3595001639797865,0,0,1.9898989898989896,2.593388923930461,CAV1;S100A14
GO_Biological_Process_2023,Regulation Of RNA Splicing (GO:0043484),2/102,0.2716402584331571,0.3595001639797865,0,0,1.9898989898989896,2.593388923930461,PRDX6;HSPA1A
GO_Biological_Process_2023,Protein Localization (GO:0008104),5/351,0.2751255656854091,0.3615305607755616,0,0,1.4416777827182452,1.8605250886135,GJA1;CD81;CAV1;ID1;EMP2
GO_Biological_Process_2023,NIK/NF-kappaB Signaling (GO:0038061),1/32,0.2752009537742224,0.3615305607755616,0,0,3.204571243313341,4.1347099266061775,NFKBIA
GO_Biological_Process_2023,Amide Transport (GO:0042886),1/32,0.2752009537742224,0.3615305607755616,0,0,3.204571243313341,4.1347099266061775,GJA1
GO_Biological_Process_2023,Regulation Of Natural Killer Cell Mediated Cytotoxicity (GO:0042269),1/32,0.2752009537742224,0.3615305607755616,0,0,3.204571243313341,4.1347099266061775,LAMP1
GO_Biological_Process_2023,Cellular Nitrogen Compound Biosynthetic Process (GO:0044271),1/32,0.2752009537742224,0.3615305607755616,0,0,3.204571243313341,4.1347099266061775,CYB5R3
GO_Biological_Process_2023,Chromosome Condensation (GO:0030261),1/32,0.2752009537742224,0.3615305607755616,0,0,3.204571243313341,4.1347099266061775,H1-0
GO_Biological_Process_2023,Vesicle Budding From Membrane (GO:0006900),1/32,0.2752009537742224,0.3615305607755616,0,0,3.204571243313341,4.1347099266061775,SNX3
GO_Biological_Process_2023,Heterochromatin Formation (GO:0031507),1/32,0.2752009537742224,0.3615305607755616,0,0,3.204571243313341,4.1347099266061775,H1-0
GO_Biological_Process_2023,Muscle Cell Development (GO:0055001),1/32,0.2752009537742224,0.3615305607755616,0,0,3.204571243313341,4.1347099266061775,HES1
GO_Biological_Process_2023,Phosphatidylinositol 3-Kinase Signaling (GO:0014065),1/32,0.2752009537742224,0.3615305607755616,0,0,3.204571243313341,4.1347099266061775,ZFP36L1
GO_Biological_Process_2023,Positive Regulation Of Signal Transduction (GO:0009967),4/266,0.2762092336657276,0.3625881330828978,0,0,1.5218881445708057,1.9580561237696947,CD63;CAV2;EMP2;GAS6
GO_Biological_Process_2023,Regulation Of Lamellipodium Assembly (GO:0010591),1/33,0.2824605485993796,0.3683549844307698,0,0,3.1042713567839195,3.9244707255325473,RAC1
GO_Biological_Process_2023,Regulation Of Sprouting Angiogenesis (GO:1903670),1/33,0.2824605485993796,0.3683549844307698,0,0,3.1042713567839195,3.9244707255325473,KLF4
GO_Biological_Process_2023,Ubiquitin-Dependent Protein Catabolic Process Via The Multivesicular Body Sorting Pathway (GO:0043162),1/33,0.2824605485993796,0.3683549844307698,0,0,3.1042713567839195,3.9244707255325473,CHMP2A
GO_Biological_Process_2023,Vasculogenesis (GO:0001570),1/33,0.2824605485993796,0.3683549844307698,0,0,3.1042713567839195,3.9244707255325473,CAV1
GO_Biological_Process_2023,Negative Regulation Of Small Molecule Metabolic Process (GO:0062014),1/33,0.2824605485993796,0.3683549844307698,0,0,3.1042713567839195,3.9244707255325473,NUPR1
GO_Biological_Process_2023,Positive Regulation Of RNA Metabolic Process (GO:0051254),1/33,0.2824605485993796,0.3683549844307698,0,0,3.1042713567839195,3.9244707255325473,HSPA1A
GO_Biological_Process_2023,Positive Regulation Of Establishment Of Protein Localization To Mitochondrion (GO:1903749),1/33,0.2824605485993796,0.3683549844307698,0,0,3.1042713567839195,3.9244707255325473,LEPROT
GO_Biological_Process_2023,Positive Regulation Of Ion Transmembrane Transporter Activity (GO:0032414),1/33,0.2824605485993796,0.3683549844307698,0,0,3.1042713567839195,3.9244707255325473,CCL2
GO_Biological_Process_2023,Regulation Of Cell Adhesion Mediated By Integrin (GO:0033628),1/33,0.2824605485993796,0.3683549844307698,0,0,3.1042713567839195,3.9244707255325473,EFNA1
GO_Biological_Process_2023,Intrinsic Apoptotic Signaling Pathway (GO:0097193),2/105,0.2827546689999499,0.3684691961255739,0,0,1.931646562714524,2.440008904942008,CEBPB;SFN
GO_Biological_Process_2023,Positive Regulation Of Apoptotic Process (GO:0043065),4/270,0.2850998826906883,0.3709945571745744,0,0,1.4986957188890593,1.8807367789600613,JUN;GRN;NUPR1;RHOB
GO_Biological_Process_2023,Negative Regulation Of Macromolecule Metabolic Process (GO:0010605),3/186,0.2851084853622991,0.3709945571745744,0,0,1.632437380377798,2.0485220321646063,APP;APOE;KLF4
GO_Biological_Process_2023,Apoptotic Mitochondrial Changes (GO:0008637),1/34,0.2896477910754225,0.3722850571171136,0,0,3.010050251256281,3.7297219848476746,SFN
GO_Biological_Process_2023,Cellular Response To Glucose Stimulus (GO:0071333),1/34,0.2896477910754225,0.3722850571171136,0,0,3.010050251256281,3.7297219848476746,GAS6
GO_Biological_Process_2023,Cellular Response To Hydrogen Peroxide (GO:0070301),1/34,0.2896477910754225,0.3722850571171136,0,0,3.010050251256281,3.7297219848476746,RHOB
GO_Biological_Process_2023,Cellular Response To Vascular Endothelial Growth Factor Stimulus (GO:0035924),1/34,0.2896477910754225,0.3722850571171136,0,0,3.010050251256281,3.7297219848476746,HSPB1
GO_Biological_Process_2023,Semaphorin-Plexin Signaling Pathway (GO:0071526),1/34,0.2896477910754225,0.3722850571171136,0,0,3.010050251256281,3.7297219848476746,RAC1
GO_Biological_Process_2023,Embryonic Skeletal System Development (GO:0048706),1/34,0.2896477910754225,0.3722850571171136,0,0,3.010050251256281,3.7297219848476746,COL1A1
GO_Biological_Process_2023,Establishment Of Mitotic Spindle Localization (GO:0040001),1/34,0.2896477910754225,0.3722850571171136,0,0,3.010050251256281,3.7297219848476746,GJA1
GO_Biological_Process_2023,Superoxide Metabolic Process (GO:0006801),1/34,0.2896477910754225,0.3722850571171136,0,0,3.010050251256281,3.7297219848476746,SOD3
GO_Biological_Process_2023,Glial Cell Differentiation (GO:0010001),1/34,0.2896477910754225,0.3722850571171136,0,0,3.010050251256281,3.7297219848476746,NFIB
GO_Biological_Process_2023,Microtubule Polymerization (GO:0046785),1/34,0.2896477910754225,0.3722850571171136,0,0,3.010050251256281,3.7297219848476746,TPPP3
GO_Biological_Process_2023,Negative Regulation Of JNK Cascade (GO:0046329),1/34,0.2896477910754225,0.3722850571171136,0,0,3.010050251256281,3.7297219848476746,GSTP1
GO_Biological_Process_2023,Negative Regulation Of Cell Cycle Process (GO:0010948),1/34,0.2896477910754225,0.3722850571171136,0,0,3.010050251256281,3.7297219848476746,CHMP2A
GO_Biological_Process_2023,Negative Regulation Of Interleukin-6 Production (GO:0032715),1/34,0.2896477910754225,0.3722850571171136,0,0,3.010050251256281,3.7297219848476746,GAS6
GO_Biological_Process_2023,Negative Regulation Of Mitotic Cell Cycle (GO:0045930),1/34,0.2896477910754225,0.3722850571171136,0,0,3.010050251256281,3.7297219848476746,ZFP36L1
GO_Biological_Process_2023,Positive Regulation Of Carbohydrate Metabolic Process (GO:0045913),1/34,0.2896477910754225,0.3722850571171136,0,0,3.010050251256281,3.7297219848476746,APP
GO_Biological_Process_2023,Positive Regulation Of Organelle Organization (GO:0010638),1/34,0.2896477910754225,0.3722850571171136,0,0,3.010050251256281,3.7297219848476746,ANXA2
GO_Biological_Process_2023,Regulation Of Blood Circulation (GO:1903522),1/34,0.2896477910754225,0.3722850571171136,0,0,3.010050251256281,3.7297219848476746,TPM1
GO_Biological_Process_2023,Monoatomic Ion Transport (GO:0006811),2/107,0.290156850388619,0.372402748987983,0,0,1.8946608946608947,2.344327659095108,VDAC2;TSPO
GO_Biological_Process_2023,Positive Regulation Of T Cell Activation (GO:0050870),2/107,0.290156850388619,0.372402748987983,0,0,1.8946608946608947,2.344327659095108,CD81;CCL2
GO_Biological_Process_2023,Lipid Transport (GO:0006869),2/108,0.2938547028204486,0.3768776346741052,0,0,1.8766914427291783,2.298327412458919,NPC2;APOE
GO_Biological_Process_2023,Intracellular Monoatomic Cation Homeostasis (GO:0030003),3/190,0.295995537622568,0.3778914370993013,0,0,1.5971931919976112,1.9444404019364787,APP;MYC;CAV1
GO_Biological_Process_2023,Regulation Of mRNA Processing (GO:0050684),1/35,0.2967633987534311,0.3778914370993013,0,0,2.9213715637008573,3.54894088012851,ZFP36L1
GO_Biological_Process_2023,Endoderm Formation (GO:0001706),1/35,0.2967633987534311,0.3778914370993013,0,0,2.9213715637008573,3.54894088012851,COL6A1
GO_Biological_Process_2023,Skeletal Muscle Organ Development (GO:0060538),1/35,0.2967633987534311,0.3778914370993013,0,0,2.9213715637008573,3.54894088012851,CAV1
GO_Biological_Process_2023,Establishment Of Spindle Orientation (GO:0051294),1/35,0.2967633987534311,0.3778914370993013,0,0,2.9213715637008573,3.54894088012851,GJA1
GO_Biological_Process_2023,Liver Development (GO:0001889),1/35,0.2967633987534311,0.3778914370993013,0,0,2.9213715637008573,3.54894088012851,CEBPB
GO_Biological_Process_2023,Macrophage Activation (GO:0042116),1/35,0.2967633987534311,0.3778914370993013,0,0,2.9213715637008573,3.54894088012851,APP
GO_Biological_Process_2023,Positive Regulation Of Cell Development (GO:0010720),1/35,0.2967633987534311,0.3778914370993013,0,0,2.9213715637008573,3.54894088012851,SERPINF1
GO_Biological_Process_2023,Positive Regulation Of Substrate Adhesion-Dependent Cell Spreading (GO:1900026),1/35,0.2967633987534311,0.3778914370993013,0,0,2.9213715637008573,3.54894088012851,RAC1
GO_Biological_Process_2023,Regulation Of G2/M Transition Of Mitotic Cell Cycle (GO:0010389),1/35,0.2967633987534311,0.3778914370993013,0,0,2.9213715637008573,3.54894088012851,CCND1
GO_Biological_Process_2023,Regulation Of Proteasomal Ubiquitin-Dependent Protein Catabolic Process (GO:0032434),2/109,0.2975499631159602,0.3783529110469515,0,0,1.8590578684036627,2.2534999856206213,HSPA1B;HSPA1A
GO_Biological_Process_2023,Positive Regulation Of Wnt Signaling Pathway (GO:0030177),2/109,0.2975499631159602,0.3783529110469515,0,0,1.8590578684036627,2.2534999856206213,COL1A1;CAV1
GO_Biological_Process_2023,"DNA Damage Response, Signal Transduction By P53 Class Mediator (GO:0030330)",1/36,0.3038080819844295,0.3843926370639874,0,0,2.8377602297200286,3.380791434126185,PLK2
GO_Biological_Process_2023,Regulation Of Glucose Import (GO:0046324),1/36,0.3038080819844295,0.3843926370639874,0,0,2.8377602297200286,3.380791434126185,APLP2
GO_Biological_Process_2023,Interstrand Cross-Link Repair (GO:0036297),1/36,0.3038080819844295,0.3843926370639874,0,0,2.8377602297200286,3.380791434126185,NUCKS1
GO_Biological_Process_2023,Lytic Vacuole Organization (GO:0080171),1/36,0.3038080819844295,0.3843926370639874,0,0,2.8377602297200286,3.380791434126185,GRN
GO_Biological_Process_2023,Negative Regulation Of Organelle Assembly (GO:1902116),1/36,0.3038080819844295,0.3843926370639874,0,0,2.8377602297200286,3.380791434126185,NUPR1
GO_Biological_Process_2023,Positive Regulation Of Signaling Receptor Activity (GO:2000273),1/36,0.3038080819844295,0.3843926370639874,0,0,2.8377602297200286,3.380791434126185,CCL2
GO_Biological_Process_2023,Protein Destabilization (GO:0031648),1/36,0.3038080819844295,0.3843926370639874,0,0,2.8377602297200286,3.380791434126185,GSN
GO_Biological_Process_2023,Regulation Of Transforming Growth Factor Beta Receptor Signaling Pathway (GO:0017015),2/111,0.3049314473928455,0.3852674944396859,0,0,1.8247613752200909,2.167211222684004,CAV1;HSPA1A
GO_Biological_Process_2023,Double-Strand Break Repair Via Homologous Recombination (GO:0000724),2/111,0.3049314473928455,0.3852674944396859,0,0,1.8247613752200909,2.167211222684004,SEM1;NUCKS1
GO_Biological_Process_2023,Calcium Ion Transport (GO:0006816),2/112,0.3086170575351828,0.3888050904233354,0,0,1.808080808080808,2.1256775548508937,CAV1;GAS6
GO_Biological_Process_2023,Small GTPase Mediated Signal Transduction (GO:0007264),2/112,0.3086170575351828,0.3888050904233354,0,0,1.808080808080808,2.1256775548508937,PLK2;RAC1
GO_Biological_Process_2023,Negative Regulation Of Defense Response (GO:0031348),2/112,0.3086170575351828,0.3888050904233354,0,0,1.808080808080808,2.1256775548508937,APOE;KLF4
GO_Biological_Process_2023,Regulation Of Programmed Cell Death (GO:0043067),3/195,0.309639303702757,0.3888050904233354,0,0,1.5552030456852792,1.823237928855138,ACTN1;CRYAB;RTN4
GO_Biological_Process_2023,Aortic Valve Morphogenesis (GO:0003180),1/37,0.3107825442509396,0.3888050904233354,0,0,2.758793969849246,3.2240971983470845,EFNA1
GO_Biological_Process_2023,Regulation Of Sodium Ion Transmembrane Transporter Activity (GO:2000649),1/37,0.3107825442509396,0.3888050904233354,0,0,2.758793969849246,3.2240971983470845,FXYD3
GO_Biological_Process_2023,Ventricular Septum Development (GO:0003281),1/37,0.3107825442509396,0.3888050904233354,0,0,2.758793969849246,3.2240971983470845,HES1
GO_Biological_Process_2023,Melanosome Organization (GO:0032438),1/37,0.3107825442509396,0.3888050904233354,0,0,2.758793969849246,3.2240971983470845,APOE
GO_Biological_Process_2023,Muscle Tissue Development (GO:0060537),1/37,0.3107825442509396,0.3888050904233354,0,0,2.758793969849246,3.2240971983470845,CAV1
GO_Biological_Process_2023,Positive Regulation Of Exocytosis (GO:0045921),1/37,0.3107825442509396,0.3888050904233354,0,0,2.758793969849246,3.2240971983470845,CHMP2A
GO_Biological_Process_2023,Positive Regulation Of Receptor Signaling Pathway Via JAK-STAT (GO:0046427),1/37,0.3107825442509396,0.3888050904233354,0,0,2.758793969849246,3.2240971983470845,HES1
GO_Biological_Process_2023,Positive Regulation Of Receptor Signaling Pathway Via STAT (GO:1904894),1/37,0.3107825442509396,0.3888050904233354,0,0,2.758793969849246,3.2240971983470845,HES1
GO_Biological_Process_2023,Positive Regulation Of Signaling (GO:0023056),1/37,0.3107825442509396,0.3888050904233354,0,0,2.758793969849246,3.2240971983470845,ANXA2
GO_Biological_Process_2023,Regulation Of Cellular Component Biogenesis (GO:0044087),1/37,0.3107825442509396,0.3888050904233354,0,0,2.758793969849246,3.2240971983470845,APOE
GO_Biological_Process_2023,Regulation Of Interleukin-6 Production (GO:0032675),2/114,0.3159765270928876,0.3944731450900711,0,0,1.7756132756132756,2.045661592448686,APP;GAS6
GO_Biological_Process_2023,Negative Regulation Of Canonical Wnt Signaling Pathway (GO:0090090),2/114,0.3159765270928876,0.3944731450900711,0,0,1.7756132756132756,2.045661592448686,CAV1;APOE
GO_Biological_Process_2023,Regulation Of MAP Kinase Activity (GO:0043405),2/114,0.3159765270928876,0.3944731450900711,0,0,1.7756132756132756,2.045661592448686,GSTP1;APOE
GO_Biological_Process_2023,Regulation Of Telomere Maintenance (GO:0032204),1/38,0.3176874819497763,0.3946758132300842,0,0,2.684096156457965,3.07781854672427,MYC
GO_Biological_Process_2023,Response To Transforming Growth Factor Beta (GO:0071559),1/38,0.3176874819497763,0.3946758132300842,0,0,2.684096156457965,3.07781854672427,ZFP36L1
GO_Biological_Process_2023,Fatty Acid Transport (GO:0015908),1/38,0.3176874819497763,0.3946758132300842,0,0,2.684096156457965,3.07781854672427,APOE
GO_Biological_Process_2023,Tumor Necrosis Factor-Mediated Signaling Pathway (GO:0033209),1/38,0.3176874819497763,0.3946758132300842,0,0,2.684096156457965,3.07781854672427,NFKBIA
GO_Biological_Process_2023,Lymphocyte Proliferation (GO:0046651),1/38,0.3176874819497763,0.3946758132300842,0,0,2.684096156457965,3.07781854672427,EMP2
GO_Biological_Process_2023,Membrane Fission (GO:0090148),1/38,0.3176874819497763,0.3946758132300842,0,0,2.684096156457965,3.07781854672427,CHMP2A
GO_Biological_Process_2023,Positive Regulation Of Bone Mineralization (GO:0030501),1/38,0.3176874819497763,0.3946758132300842,0,0,2.684096156457965,3.07781854672427,ATRAID
GO_Biological_Process_2023,RNA Transport (GO:0050658),1/39,0.3245235847719431,0.3990007410290465,0,0,2.6133298069293835,2.941033694945818,ZFP36L1
GO_Biological_Process_2023,Anterograde Axonal Transport (GO:0008089),1/39,0.3245235847719431,0.3990007410290465,0,0,2.6133298069293835,2.941033694945818,HSPB1
GO_Biological_Process_2023,Regulation Of Monoatomic Cation Transmembrane Transport (GO:1904062),1/39,0.3245235847719431,0.3990007410290465,0,0,2.6133298069293835,2.941033694945818,CD63
GO_Biological_Process_2023,Regulation Of Protein Targeting To Mitochondrion (GO:1903214),1/39,0.3245235847719431,0.3990007410290465,0,0,2.6133298069293835,2.941033694945818,LEPROT
GO_Biological_Process_2023,Regulation Of Receptor-Mediated Endocytosis (GO:0048259),1/39,0.3245235847719431,0.3990007410290465,0,0,2.6133298069293835,2.941033694945818,RAC1
GO_Biological_Process_2023,Retina Homeostasis (GO:0001895),1/39,0.3245235847719431,0.3990007410290465,0,0,2.6133298069293835,2.941033694945818,HSPB1
GO_Biological_Process_2023,Heterochromatin Organization (GO:0070828),1/39,0.3245235847719431,0.3990007410290465,0,0,2.6133298069293835,2.941033694945818,H1-0
GO_Biological_Process_2023,Negative Regulation Of Cell-Substrate Adhesion (GO:0010812),1/39,0.3245235847719431,0.3990007410290465,0,0,2.6133298069293835,2.941033694945818,TACSTD2
GO_Biological_Process_2023,Negative Regulation Of Mitochondrion Organization (GO:0010823),1/39,0.3245235847719431,0.3990007410290465,0,0,2.6133298069293835,2.941033694945818,HSPA1A
GO_Biological_Process_2023,Negative Regulation Of Protein Secretion (GO:0050709),1/39,0.3245235847719431,0.3990007410290465,0,0,2.6133298069293835,2.941033694945818,APOE
GO_Biological_Process_2023,Neuron Projection Extension (GO:1990138),1/39,0.3245235847719431,0.3990007410290465,0,0,2.6133298069293835,2.941033694945818,MAP1B
GO_Biological_Process_2023,Positive Regulation Of ATP-dependent Activity (GO:0032781),1/39,0.3245235847719431,0.3990007410290465,0,0,2.6133298069293835,2.941033694945818,TPM1
GO_Biological_Process_2023,Positive Regulation Of Intracellular Transport (GO:0032388),1/39,0.3245235847719431,0.3990007410290465,0,0,2.6133298069293835,2.941033694945818,OAZ2
GO_Biological_Process_2023,Positive Regulation Of Lipid Biosynthetic Process (GO:0046889),1/39,0.3245235847719431,0.3990007410290465,0,0,2.6133298069293835,2.941033694945818,APOE
GO_Biological_Process_2023,Positive Regulation Of Lymphocyte Differentiation (GO:0045621),1/39,0.3245235847719431,0.3990007410290465,0,0,2.6133298069293835,2.941033694945818,GAS6
GO_Biological_Process_2023,Cellular Response To Molecule Of Bacterial Origin (GO:0071219),2/117,0.3269820795650746,0.4017465770964828,0,0,1.7290294246815987,1.932795390467605,GSTP1;CCL2
GO_Biological_Process_2023,Regulation Of Protein Binding (GO:0043393),2/118,0.3306405252999629,0.403704985809621,0,0,1.7140369209334727,1.8969649746192256,APP;CAV1
GO_Biological_Process_2023,Positive Regulation Of Cell Projection Organization (GO:0031346),2/118,0.3306405252999629,0.403704985809621,0,0,1.7140369209334727,1.8969649746192256,SNX3;APOE
GO_Biological_Process_2023,Regulation Of Cytokine-Mediated Signaling Pathway (GO:0001959),1/40,0.3312915354401823,0.403704985809621,0,0,2.54619250096637,2.8129227654318845,GAS6
GO_Biological_Process_2023,Notch Signaling Pathway (GO:0007219),1/40,0.3312915354401823,0.403704985809621,0,0,2.54619250096637,2.8129227654318845,HES1
GO_Biological_Process_2023,Aortic Valve Development (GO:0003176),1/40,0.3312915354401823,0.403704985809621,0,0,2.54619250096637,2.8129227654318845,EFNA1
GO_Biological_Process_2023,Cyclic-Nucleotide-Mediated Signaling (GO:0019935),1/40,0.3312915354401823,0.403704985809621,0,0,2.54619250096637,2.8129227654318845,APOE
GO_Biological_Process_2023,mRNA 3'-End Processing (GO:0031124),1/40,0.3312915354401823,0.403704985809621,0,0,2.54619250096637,2.8129227654318845,APP
GO_Biological_Process_2023,Negative Regulation Of Cell-Cell Adhesion (GO:0022408),1/40,0.3312915354401823,0.403704985809621,0,0,2.54619250096637,2.8129227654318845,KLF4
GO_Biological_Process_2023,Negative Regulation Of Secretion By Cell (GO:1903531),1/40,0.3312915354401823,0.403704985809621,0,0,2.54619250096637,2.8129227654318845,APOE
GO_Biological_Process_2023,Positive Regulation Of Catalytic Activity (GO:0043085),1/40,0.3312915354401823,0.403704985809621,0,0,2.54619250096637,2.8129227654318845,CAV1
GO_Biological_Process_2023,Positive Regulation Of Myeloid Leukocyte Differentiation (GO:0002763),1/40,0.3312915354401823,0.403704985809621,0,0,2.54619250096637,2.8129227654318845,ZFP36L1
GO_Biological_Process_2023,Regulation Of Autophagosome Assembly (GO:2000785),1/40,0.3312915354401823,0.403704985809621,0,0,2.54619250096637,2.8129227654318845,NUPR1
GO_Biological_Process_2023,Heart Contraction (GO:0060047),1/41,0.3379920100397979,0.4104681728461535,0,0,2.4824120603015074,2.6927543377926204,TPM1
GO_Biological_Process_2023,Negative Regulation Of DNA Recombination (GO:0045910),1/41,0.3379920100397979,0.4104681728461535,0,0,2.4824120603015074,2.6927543377926204,H1-0
GO_Biological_Process_2023,Non-Canonical Wnt Signaling Pathway (GO:0035567),1/41,0.3379920100397979,0.4104681728461535,0,0,2.4824120603015074,2.6927543377926204,RAC1
GO_Biological_Process_2023,Positive Regulation Of Ossification (GO:0045778),1/41,0.3379920100397979,0.4104681728461535,0,0,2.4824120603015074,2.6927543377926204,ATRAID
GO_Biological_Process_2023,Positive Regulation Of Response To Biotic Stimulus (GO:0002833),1/41,0.3379920100397979,0.4104681728461535,0,0,2.4824120603015074,2.6927543377926204,GRN
GO_Biological_Process_2023,Regulation Of Canonical Wnt Signaling Pathway (GO:0060828),3/207,0.3424378699290966,0.4155844625534071,0,0,1.4628247237981489,1.5676581152673636,COL1A1;CAV1;APOE
GO_Biological_Process_2023,Regulation Of Neurotransmitter Receptor Activity (GO:0099601),1/42,0.344625677945044,0.4156945297187009,0,0,2.4217428606446867,2.579874053958348,APP
GO_Biological_Process_2023,Branching Morphogenesis Of An Epithelial Tube (GO:0048754),1/42,0.344625677945044,0.4156945297187009,0,0,2.4217428606446867,2.579874053958348,MYC
GO_Biological_Process_2023,Cardiac Ventricle Morphogenesis (GO:0003208),1/42,0.344625677945044,0.4156945297187009,0,0,2.4217428606446867,2.579874053958348,TPM1
GO_Biological_Process_2023,Embryonic Heart Tube Morphogenesis (GO:0003143),1/42,0.344625677945044,0.4156945297187009,0,0,2.4217428606446867,2.579874053958348,HES1
GO_Biological_Process_2023,Stress-Activated MAPK Cascade (GO:0051403),1/42,0.344625677945044,0.4156945297187009,0,0,2.4217428606446867,2.579874053958348,ZFP36L1
GO_Biological_Process_2023,Substantia Nigra Development (GO:0021762),1/42,0.344625677945044,0.4156945297187009,0,0,2.4217428606446867,2.579874053958348,ATP5PF
GO_Biological_Process_2023,Lysosome Localization (GO:0032418),1/42,0.344625677945044,0.4156945297187009,0,0,2.4217428606446867,2.579874053958348,S100A13
GO_Biological_Process_2023,Negative Regulation Of I-kappaB kinase/NF-kappaB Signaling (GO:0043124),1/42,0.344625677945044,0.4156945297187009,0,0,2.4217428606446867,2.579874053958348,GSTP1
GO_Biological_Process_2023,Positive Regulation Of Calcium Ion Transmembrane Transport (GO:1904427),1/42,0.344625677945044,0.4156945297187009,0,0,2.4217428606446867,2.579874053958348,CAV1
GO_Biological_Process_2023,Positive Regulation Of Macromolecule Biosynthetic Process (GO:0010557),2/122,0.3452170182416795,0.4161264598264569,0,0,1.6565656565656566,1.7618934494773038,CCL2;KLF4
GO_Biological_Process_2023,Regulation Of Cell Cycle (GO:0051726),4/298,0.3482068270480147,0.4194469814001743,0,0,1.3540191586838817,1.428434217158251,JUN;MYC;NUPR1;RHOB
GO_Biological_Process_2023,Organonitrogen Compound Biosynthetic Process (GO:1901566),2/123,0.3488455825927885,0.4199328740523176,0,0,1.642791551882461,1.73006635039327,GSTP1;APOE
GO_Biological_Process_2023,Regulation Of Chromosome Organization (GO:0033044),1/43,0.3511932019412653,0.4204890417873941,0,0,2.363962670495334,2.473694919601735,MYC
GO_Biological_Process_2023,DNA-templated DNA Replication Maintenance Of Fidelity (GO:0045005),1/43,0.3511932019412653,0.4204890417873941,0,0,2.363962670495334,2.473694919601735,NUCKS1
GO_Biological_Process_2023,Ephrin Receptor Signaling Pathway (GO:0048013),1/43,0.3511932019412653,0.4204890417873941,0,0,2.363962670495334,2.473694919601735,EFNA1
GO_Biological_Process_2023,Lysosome Organization (GO:0007040),1/43,0.3511932019412653,0.4204890417873941,0,0,2.363962670495334,2.473694919601735,GRN
GO_Biological_Process_2023,mRNA Destabilization (GO:0061157),1/43,0.3511932019412653,0.4204890417873941,0,0,2.363962670495334,2.473694919601735,ZFP36L1
GO_Biological_Process_2023,Negative Regulation Of BMP Signaling Pathway (GO:0030514),1/43,0.3511932019412653,0.4204890417873941,0,0,2.363962670495334,2.473694919601735,NBL1
GO_Biological_Process_2023,Regulation Of JUN Kinase Activity (GO:0043506),1/43,0.3511932019412653,0.4204890417873941,0,0,2.363962670495334,2.473694919601735,GSTP1
GO_Biological_Process_2023,Regulation Of Cellular Component Size (GO:0032535),1/43,0.3511932019412653,0.4204890417873941,0,0,2.363962670495334,2.473694919601735,RAC1
GO_Biological_Process_2023,Cellular Response To Lipopolysaccharide (GO:0071222),2/124,0.3524674479014492,0.4214490127722422,0,0,1.6292432521940718,1.698969987670421,GSTP1;CCL2
GO_Biological_Process_2023,Regulation Of DNA Metabolic Process (GO:0051052),2/124,0.3524674479014492,0.4214490127722422,0,0,1.6292432521940718,1.698969987670421,MYC;NUCKS1
GO_Biological_Process_2023,Regulation Of Mitotic Cell Cycle (GO:0007346),2/125,0.3560823858036039,0.4234428036496518,0,0,1.6159152500615914,1.668583024830908,APP;CAV2
GO_Biological_Process_2023,Regulation Of Insulin Receptor Signaling Pathway (GO:0046626),1/44,0.3576952382847675,0.4234428036496518,0,0,2.308869931050602,2.373689018141451,NUCKS1
GO_Biological_Process_2023,Autophagosome Maturation (GO:0097352),1/44,0.3576952382847675,0.4234428036496518,0,0,2.308869931050602,2.373689018141451,CHMP2A
GO_Biological_Process_2023,Cellular Response To Ketone (GO:1901655),1/44,0.3576952382847675,0.4234428036496518,0,0,2.308869931050602,2.373689018141451,GAS6
GO_Biological_Process_2023,Embryonic Organ Morphogenesis (GO:0048562),1/44,0.3576952382847675,0.4234428036496518,0,0,2.308869931050602,2.373689018141451,HES1
GO_Biological_Process_2023,Establishment Of Protein Localization To Mitochondrion (GO:0072655),1/44,0.3576952382847675,0.4234428036496518,0,0,2.308869931050602,2.373689018141451,TSPO
GO_Biological_Process_2023,Extracellular Matrix Disassembly (GO:0022617),1/44,0.3576952382847675,0.4234428036496518,0,0,2.308869931050602,2.373689018141451,GSN
GO_Biological_Process_2023,Nucleus Organization (GO:0006997),1/44,0.3576952382847675,0.4234428036496518,0,0,2.308869931050602,2.373689018141451,CHMP2A
GO_Biological_Process_2023,Positive Regulation Of Biosynthetic Process (GO:0009891),1/44,0.3576952382847675,0.4234428036496518,0,0,2.308869931050602,2.373689018141451,APOE
GO_Biological_Process_2023,Positive Regulation Of Chemotaxis (GO:0050921),1/44,0.3576952382847675,0.4234428036496518,0,0,2.308869931050602,2.373689018141451,HSPB1
GO_Biological_Process_2023,Positive Regulation Of Leukocyte Cell-Cell Adhesion (GO:1903039),1/44,0.3576952382847675,0.4234428036496518,0,0,2.308869931050602,2.373689018141451,CCL2
GO_Biological_Process_2023,Positive Regulation Of Nucleocytoplasmic Transport (GO:0046824),1/44,0.3576952382847675,0.4234428036496518,0,0,2.308869931050602,2.373689018141451,GAS6
GO_Biological_Process_2023,Positive Regulation Of Osteoblast Differentiation (GO:0045669),1/44,0.3576952382847675,0.4234428036496518,0,0,2.308869931050602,2.373689018141451,ATRAID
GO_Biological_Process_2023,Regulation Of B Cell Proliferation (GO:0030888),1/44,0.3576952382847675,0.4234428036496518,0,0,2.308869931050602,2.373689018141451,CD81
GO_Biological_Process_2023,Regulation Of DNA Recombination (GO:0000018),1/44,0.3576952382847675,0.4234428036496518,0,0,2.308869931050602,2.373689018141451,H1-0
GO_Biological_Process_2023,Regulation Of GTPase Activity (GO:0043087),3/214,0.3615321644905319,0.4277011813336266,0,0,1.4137897851661174,1.43839575902822,CAV2;ARL2;CCL2
GO_Biological_Process_2023,Cytosolic Transport (GO:0016482),2/127,0.3632905914777368,0.4290701895860905,0,0,1.58989898989899,1.6098557795920132,LAMP1;EMP2
GO_Biological_Process_2023,I-kappaB kinase/NF-kappaB Signaling (GO:0007249),1/45,0.3641324366778817,0.4290701895860905,0,0,2.256281407035176,2.279380404926681,NFKBIA
GO_Biological_Process_2023,Establishment Of Protein Localization To Extracellular Region (GO:0035592),1/45,0.3641324366778817,0.4290701895860905,0,0,2.256281407035176,2.279380404926681,RAB13
GO_Biological_Process_2023,Mitotic Nuclear Division (GO:0140014),1/45,0.3641324366778817,0.4290701895860905,0,0,2.256281407035176,2.279380404926681,CHMP2A
GO_Biological_Process_2023,Natural Killer Cell Activation (GO:0030101),1/45,0.3641324366778817,0.4290701895860905,0,0,2.256281407035176,2.279380404926681,EMP2
GO_Biological_Process_2023,Positive Regulation Of mRNA Catabolic Process (GO:0061014),1/45,0.3641324366778817,0.4290701895860905,0,0,2.256281407035176,2.279380404926681,ZFP36L1
GO_Biological_Process_2023,Protein Homooligomerization (GO:0051260),2/129,0.3704684745885532,0.4328629377014374,0,0,1.5647021395052891,1.5537287687021244,APLP2;CHMP2A
GO_Biological_Process_2023,Regulation Of Cytokine Production Involved In Inflammatory Response (GO:1900015),1/46,0.3705054405101429,0.4328629377014374,0,0,2.2060301507537687,2.1903389894516705,APLP2
GO_Biological_Process_2023,T Cell Differentiation (GO:0030217),1/46,0.3705054405101429,0.4328629377014374,0,0,2.2060301507537687,2.1903389894516705,ZFP36L1
GO_Biological_Process_2023,Regulation Of mRNA Catabolic Process (GO:0061013),1/46,0.3705054405101429,0.4328629377014374,0,0,2.2060301507537687,2.1903389894516705,ZFP36L1
GO_Biological_Process_2023,Regulation Of Nervous System Development (GO:0051960),1/46,0.3705054405101429,0.4328629377014374,0,0,2.2060301507537687,2.1903389894516705,HES1
GO_Biological_Process_2023,Cellular Component Disassembly (GO:0022411),1/46,0.3705054405101429,0.4328629377014374,0,0,2.2060301507537687,2.1903389894516705,GSN
GO_Biological_Process_2023,Replication Fork Processing (GO:0031297),1/46,0.3705054405101429,0.4328629377014374,0,0,2.2060301507537687,2.1903389894516705,NUCKS1
GO_Biological_Process_2023,Response To Glucose (GO:0009749),1/46,0.3705054405101429,0.4328629377014374,0,0,2.2060301507537687,2.1903389894516705,GAS6
GO_Biological_Process_2023,Response To Hydrogen Peroxide (GO:0042542),1/46,0.3705054405101429,0.4328629377014374,0,0,2.2060301507537687,2.1903389894516705,RHOB
GO_Biological_Process_2023,Epithelial Cell Migration (GO:0010631),1/46,0.3705054405101429,0.4328629377014374,0,0,2.2060301507537687,2.1903389894516705,S100A2
GO_Biological_Process_2023,Negative Regulation Of Cellular Metabolic Process (GO:0031324),1/46,0.3705054405101429,0.4328629377014374,0,0,2.2060301507537687,2.1903389894516705,NUPR1
GO_Biological_Process_2023,Negative Regulation Of Cold-Induced Thermogenesis (GO:0120163),1/46,0.3705054405101429,0.4328629377014374,0,0,2.2060301507537687,2.1903389894516705,ID1
GO_Biological_Process_2023,Positive Regulation Of Blood Vessel Endothelial Cell Migration (GO:0043536),1/46,0.3705054405101429,0.4328629377014374,0,0,2.2060301507537687,2.1903389894516705,HSPB1
GO_Biological_Process_2023,Regulation Of Cell Cycle Process (GO:0010564),2/130,0.3740455278662269,0.4367128414354377,0,0,1.5523989898989898,1.5265946362115397,CAV2;MYC
GO_Biological_Process_2023,Regulation Of Wound Healing (GO:0061041),1/47,0.376814886705751,0.4385112575884277,0,0,2.1579637317019884,2.1061752538856453,CAV1
GO_Biological_Process_2023,Secondary Alcohol Metabolic Process (GO:1902652),1/47,0.376814886705751,0.4385112575884277,0,0,2.1579637317019884,2.1061752538856453,APOE
GO_Biological_Process_2023,Insulin Receptor Signaling Pathway (GO:0008286),1/47,0.376814886705751,0.4385112575884277,0,0,2.1579637317019884,2.1061752538856453,CAV2
GO_Biological_Process_2023,Positive Regulation Of TOR Signaling (GO:0032008),1/47,0.376814886705751,0.4385112575884277,0,0,2.1579637317019884,2.1061752538856453,GAS6
GO_Biological_Process_2023,Positive Regulation Of Lymphocyte Activation (GO:0051251),1/47,0.376814886705751,0.4385112575884277,0,0,2.1579637317019884,2.1061752538856453,CCL2
GO_Biological_Process_2023,Circulatory System Development (GO:0072359),2/132,0.3811748654446817,0.4432959321729545,0,0,1.5283605283605284,1.4740992128790684,PDLIM1;GJA1
GO_Biological_Process_2023,Cellular Response To Radiation (GO:0071478),1/48,0.3830614060395898,0.4449098622230652,0,0,2.111942692184326,2.026535673888961,RHOB
GO_Biological_Process_2023,Myelination (GO:0042552),1/48,0.3830614060395898,0.4449098622230652,0,0,2.111942692184326,2.026535673888961,PMP22
GO_Biological_Process_2023,Unsaturated Fatty Acid Metabolic Process (GO:0033559),1/49,0.3892456229672477,0.4506256920010187,0,0,2.0678391959799,1.9510987409424116,GSTP1
GO_Biological_Process_2023,Intrinsic Apoptotic Signaling Pathway In Response To DNA Damage (GO:0008630),1/49,0.3892456229672477,0.4506256920010187,0,0,2.0678391959799,1.9510987409424116,SFN
GO_Biological_Process_2023,Negative Regulation Of DNA Metabolic Process (GO:0051053),1/49,0.3892456229672477,0.4506256920010187,0,0,2.0678391959799,1.9510987409424116,H1-0
GO_Biological_Process_2023,Positive Regulation Of Nervous System Development (GO:0051962),1/49,0.3892456229672477,0.4506256920010187,0,0,2.0678391959799,1.9510987409424116,SERPINF1
GO_Biological_Process_2023,Regulation Of Cell Communication (GO:0010646),1/49,0.3892456229672477,0.4506256920010187,0,0,2.0678391959799,1.9510987409424116,IGFBP7
GO_Biological_Process_2023,"G Protein-Coupled Receptor Signaling Pathway, Coupled To Cyclic Nucleotide Second Messenger (GO:0007187)",1/50,0.3953681557510544,0.4556439210981144,0,0,2.025535842477695,1.8795714928238212,CCL2
GO_Biological_Process_2023,Cell Chemotaxis (GO:0060326),1/50,0.3953681557510544,0.4556439210981144,0,0,2.025535842477695,1.8795714928238212,RAB13
GO_Biological_Process_2023,Ribosome Assembly (GO:0042255),1/50,0.3953681557510544,0.4556439210981144,0,0,2.025535842477695,1.8795714928238212,EFNA1
GO_Biological_Process_2023,Intracellular Iron Ion Homeostasis (GO:0006879),1/50,0.3953681557510544,0.4556439210981144,0,0,2.025535842477695,1.8795714928238212,MYC
GO_Biological_Process_2023,Mitotic Metaphase Plate Congression (GO:0007080),1/50,0.3953681557510544,0.4556439210981144,0,0,2.025535842477695,1.8795714928238212,CHMP2A
GO_Biological_Process_2023,Negative Regulation Of Cell Projection Organization (GO:0031345),1/50,0.3953681557510544,0.4556439210981144,0,0,2.025535842477695,1.8795714928238212,APOE
GO_Biological_Process_2023,Plasma Membrane Bounded Cell Projection Morphogenesis (GO:0120039),1/50,0.3953681557510544,0.4556439210981144,0,0,2.025535842477695,1.8795714928238212,NBL1
GO_Biological_Process_2023,Protein Localization To Organelle (GO:0033365),2/137,0.3988450044858849,0.4593540916738661,0,0,1.4713804713804717,1.3524670293145111,COL1A1;LAMP1
GO_Biological_Process_2023,Sensory Perception (GO:0007600),1/51,0.4014296166851454,0.4599553218794472,0,0,1.984924623115578,1.8116864795932897,CCL2
GO_Biological_Process_2023,Metaphase Plate Congression (GO:0051310),1/51,0.4014296166851454,0.4599553218794472,0,0,1.984924623115578,1.8116864795932897,CHMP2A
GO_Biological_Process_2023,Microtubule Bundle Formation (GO:0001578),1/51,0.4014296166851454,0.4599553218794472,0,0,1.984924623115578,1.8116864795932897,TPPP3
GO_Biological_Process_2023,"Negative Regulation Of Gene Expression, Epigenetic (GO:0045814)",1/51,0.4014296166851454,0.4599553218794472,0,0,1.984924623115578,1.8116864795932897,H1-0
GO_Biological_Process_2023,Positive Regulation Of Ras Protein Signal Transduction (GO:0046579),1/51,0.4014296166851454,0.4599553218794472,0,0,1.984924623115578,1.8116864795932897,RAC1
GO_Biological_Process_2023,Positive Regulation Of Leukocyte Mediated Cytotoxicity (GO:0001912),1/51,0.4014296166851454,0.4599553218794472,0,0,1.984924623115578,1.8116864795932897,LAMP1
GO_Biological_Process_2023,Positive Regulation Of Protein Localization To Cell Periphery (GO:1904377),1/51,0.4014296166851454,0.4599553218794472,0,0,1.984924623115578,1.8116864795932897,LGALS3
GO_Biological_Process_2023,Positive Regulation Of Protein Localization To Plasma Membrane (GO:1903078),1/51,0.4014296166851454,0.4599553218794472,0,0,1.984924623115578,1.8116864795932897,LGALS3
GO_Biological_Process_2023,Intracellular Calcium Ion Homeostasis (GO:0006874),2/139,0.4058480895063414,0.4645063861803362,0,0,1.44975300449753,1.3073529773997317,CAV2;CAV1
GO_Biological_Process_2023,Adenylate Cyclase-Inhibiting G Protein-Coupled Receptor Signaling Pathway (GO:0007193),1/52,0.4074306117999475,0.4645063861803362,0,0,1.9459060005911912,1.7471991060741807,PSAP
GO_Biological_Process_2023,Arachidonic Acid Metabolic Process (GO:0019369),1/52,0.4074306117999475,0.4645063861803362,0,0,1.9459060005911912,1.7471991060741807,CBR1
GO_Biological_Process_2023,Regulation Of Protein Localization To Nucleus (GO:1900180),1/52,0.4074306117999475,0.4645063861803362,0,0,1.9459060005911912,1.7471991060741807,CTNNA1
GO_Biological_Process_2023,Cardiac Muscle Tissue Development (GO:0048738),1/52,0.4074306117999475,0.4645063861803362,0,0,1.9459060005911912,1.7471991060741807,GJA1
GO_Biological_Process_2023,Cartilage Development (GO:0051216),1/52,0.4074306117999475,0.4645063861803362,0,0,1.9459060005911912,1.7471991060741807,NFIB
GO_Biological_Process_2023,Positive Regulation Of B Cell Activation (GO:0050871),1/52,0.4074306117999475,0.4645063861803362,0,0,1.9459060005911912,1.7471991060741807,CD81
GO_Biological_Process_2023,Negative Regulation Of Intracellular Signal Transduction (GO:1902532),3/231,0.4074845820472119,0.4645063861803362,0,0,1.3072401816724553,1.1735777261271798,GSTP1;CAV1;PEBP1
GO_Biological_Process_2023,Regulation Of Cyclin-Dependent Protein Kinase Activity (GO:1904029),1/53,0.4133717413870322,0.4685229902379069,0,0,1.9083880943177425,1.6858852917962188,CCND1
GO_Biological_Process_2023,Carboxylic Acid Transport (GO:0046942),1/53,0.4133717413870322,0.4685229902379069,0,0,1.9083880943177425,1.6858852917962188,PSAP
GO_Biological_Process_2023,Cellular Response To Alcohol (GO:0097306),1/53,0.4133717413870322,0.4685229902379069,0,0,1.9083880943177425,1.6858852917962188,CTNNA1
GO_Biological_Process_2023,Endosome Organization (GO:0007032),1/53,0.4133717413870322,0.4685229902379069,0,0,1.9083880943177425,1.6858852917962188,SNX3
GO_Biological_Process_2023,mRNA Stabilization (GO:0048255),1/53,0.4133717413870322,0.4685229902379069,0,0,1.9083880943177425,1.6858852917962188,YBX3
GO_Biological_Process_2023,Mitochondrial Transport (GO:0006839),1/53,0.4133717413870322,0.4685229902379069,0,0,1.9083880943177425,1.6858852917962188,TSPO
GO_Biological_Process_2023,Negative Regulation Of Viral Genome Replication (GO:0045071),1/53,0.4133717413870322,0.4685229902379069,0,0,1.9083880943177425,1.6858852917962188,IFITM3
GO_Biological_Process_2023,Positive Regulation Of NIK/NF-kappaB Signaling (GO:1901224),1/53,0.4133717413870322,0.4685229902379069,0,0,1.9083880943177425,1.6858852917962188,APP
GO_Biological_Process_2023,Protein Homotetramerization (GO:0051289),1/53,0.4133717413870322,0.4685229902379069,0,0,1.9083880943177425,1.6858852917962188,APLP2
GO_Biological_Process_2023,Positive Regulation Of GTPase Activity (GO:0043547),3/234,0.4155023441451383,0.4706388456856678,0,0,1.290065264684554,1.1330217794351636,CAV2;CCL2;TAX1BP3
GO_Biological_Process_2023,Regulation Of Focal Adhesion Assembly (GO:0051893),1/54,0.4192535996279672,0.4739850581345333,0,0,1.8722859580923483,1.627539412897697,RAC1
GO_Biological_Process_2023,Regulation Of Myoblast Differentiation (GO:0045661),1/54,0.4192535996279672,0.4739850581345333,0,0,1.8722859580923483,1.627539412897697,ZFP36L1
GO_Biological_Process_2023,Regulation Of Smooth Muscle Cell Proliferation (GO:0048660),1/54,0.4192535996279672,0.4739850581345333,0,0,1.8722859580923483,1.627539412897697,APOE
GO_Biological_Process_2023,Regulation Of Cell Adhesion (GO:0030155),2/144,0.4231821267362764,0.4781234414803781,0,0,1.398349694124342,1.2025145012328535,EFNA1;TPM1
GO_Biological_Process_2023,Cellular Response To Fibroblast Growth Factor Stimulus (GO:0044344),1/55,0.4250767749174149,0.4790505157628985,0,0,1.8375209380234503,1.5719724807707876,ZFP36L1
GO_Biological_Process_2023,"Regulation Of Synaptic Transmission, Glutamatergic (GO:0051966)",1/55,0.4250767749174149,0.4790505157628985,0,0,1.8375209380234503,1.5719724807707876,CCL2
GO_Biological_Process_2023,Phosphatidylcholine Metabolic Process (GO:0046470),1/55,0.4250767749174149,0.4790505157628985,0,0,1.8375209380234503,1.5719724807707876,TSPO
GO_Biological_Process_2023,Positive Regulation Of Tyrosine Phosphorylation Of STAT Protein (GO:0042531),1/55,0.4250767749174149,0.4790505157628985,0,0,1.8375209380234503,1.5719724807707876,HES1
GO_Biological_Process_2023,Negative Regulation Of Response To External Stimulus (GO:0032102),2/146,0.4300431951119408,0.4837141975514505,0,0,1.378787878787879,1.1635172055269425,APOE;KLF4
GO_Biological_Process_2023,Regulation Of Mitotic Nuclear Division (GO:0007088),1/56,0.4308418497249187,0.4837141975514505,0,0,1.8040201005025125,1.5190105312629705,CAV2
GO_Biological_Process_2023,Regulation Of Stem Cell Population Maintenance (GO:2000036),1/56,0.4308418497249187,0.4837141975514505,0,0,1.8040201005025125,1.5190105312629705,MYC
GO_Biological_Process_2023,Mitotic DNA Damage Checkpoint Signaling (GO:0044773),1/56,0.4308418497249187,0.4837141975514505,0,0,1.8040201005025125,1.5190105312629705,CCND1
GO_Biological_Process_2023,Positive Regulation Of DNA-templated Transcription Initiation (GO:2000144),1/56,0.4308418497249187,0.4837141975514505,0,0,1.8040201005025125,1.5190105312629705,JUN
GO_Biological_Process_2023,Positive Regulation Of Cellular Metabolic Process (GO:0031325),1/56,0.4308418497249187,0.4837141975514505,0,0,1.8040201005025125,1.5190105312629705,CBR1
GO_Biological_Process_2023,Chemokine-Mediated Signaling Pathway (GO:0070098),1/57,0.4365494010474847,0.4888914824034606,0,0,1.7717157214644652,1.4684931926330618,CCL2
GO_Biological_Process_2023,Endosome To Lysosome Transport (GO:0008333),1/57,0.4365494010474847,0.4888914824034606,0,0,1.7717157214644652,1.4684931926330618,RHOB
GO_Biological_Process_2023,Striated Muscle Contraction (GO:0006941),1/57,0.4365494010474847,0.4888914824034606,0,0,1.7717157214644652,1.4684931926330618,TPM1
GO_Biological_Process_2023,Myeloid Cell Differentiation (GO:0030099),1/57,0.4365494010474847,0.4888914824034606,0,0,1.7717157214644652,1.4684931926330618,CEBPB
GO_Biological_Process_2023,Defense Response To Symbiont (GO:0140546),2/148,0.436861177553996,0.4889337144017119,0,0,1.35976200359762,1.1260730416696714,IFITM3;IFI27
GO_Biological_Process_2023,Response To Organic Cyclic Compound (GO:0014070),1/58,0.4421999998339941,0.4933613506590653,0,0,1.740544829410209,1.4202724160163902,CCL2
GO_Biological_Process_2023,Inorganic Anion Transport (GO:0015698),1/58,0.4421999998339941,0.4933613506590653,0,0,1.740544829410209,1.4202724160163902,FXYD3
GO_Biological_Process_2023,mRNA Transport (GO:0051028),1/58,0.4421999998339941,0.4933613506590653,0,0,1.740544829410209,1.4202724160163902,ZFP36L1
GO_Biological_Process_2023,Positive Regulation Of Mitochondrion Organization (GO:0010822),1/58,0.4421999998339941,0.4933613506590653,0,0,1.740544829410209,1.4202724160163902,DCN
GO_Biological_Process_2023,Regulation Of Bone Mineralization (GO:0030500),1/58,0.4421999998339941,0.4933613506590653,0,0,1.740544829410209,1.4202724160163902,ATRAID
GO_Biological_Process_2023,DNA-templated Transcription Initiation (GO:0006352),1/59,0.4477942115947188,0.4968065133613049,0,0,1.7104487957026513,1.3742113392020114,ZFP36L1
GO_Biological_Process_2023,Anterior/Posterior Pattern Specification (GO:0009952),1/59,0.4477942115947188,0.4968065133613049,0,0,1.7104487957026513,1.3742113392020114,HES1
GO_Biological_Process_2023,Cellular Response To Chemokine (GO:1990869),1/59,0.4477942115947188,0.4968065133613049,0,0,1.7104487957026513,1.3742113392020114,CCL2
GO_Biological_Process_2023,Chordate Embryonic Development (GO:0043009),1/59,0.4477942115947188,0.4968065133613049,0,0,1.7104487957026513,1.3742113392020114,COL1A1
GO_Biological_Process_2023,Microtubule Cytoskeleton Organization Involved In Mitosis (GO:1902850),1/59,0.4477942115947188,0.4968065133613049,0,0,1.7104487957026513,1.3742113392020114,PLK2
GO_Biological_Process_2023,Mitotic Cytokinesis (GO:0000281),1/59,0.4477942115947188,0.4968065133613049,0,0,1.7104487957026513,1.3742113392020114,RHOB
GO_Biological_Process_2023,Negative Regulation Of Protein-Containing Complex Assembly (GO:0031333),1/59,0.4477942115947188,0.4968065133613049,0,0,1.7104487957026513,1.3742113392020114,CRYAB
GO_Biological_Process_2023,Protein Targeting To Mitochondrion (GO:0006626),1/59,0.4477942115947188,0.4968065133613049,0,0,1.7104487957026513,1.3742113392020114,TSPO
GO_Biological_Process_2023,protein-DNA Complex Assembly (GO:0065004),1/59,0.4477942115947188,0.4968065133613049,0,0,1.7104487957026513,1.3742113392020114,TCF4
GO_Biological_Process_2023,Sterol Metabolic Process (GO:0016125),1/60,0.4533325962584122,0.5026385032473633,0,0,1.681372966527553,1.330183274831934,APOE
GO_Biological_Process_2023,Negative Regulation Of Autophagy (GO:0010507),1/61,0.4588157080798082,0.5080864203689496,0,0,1.6532663316582914,1.288070804786777,NUPR1
GO_Biological_Process_2023,Negative Regulation Of Viral Process (GO:0048525),1/61,0.4588157080798082,0.5080864203689496,0,0,1.6532663316582914,1.288070804786777,IFITM3
GO_Biological_Process_2023,Cell Junction Organization (GO:0034330),1/62,0.4642440960951576,0.5128244380394806,0,0,1.6260812258011368,1.2477649663473405,APP
GO_Biological_Process_2023,Spliceosomal Complex Assembly (GO:0000245),1/62,0.4642440960951576,0.5128244380394806,0,0,1.6260812258011368,1.2477649663473405,SF3B6
GO_Biological_Process_2023,Glycerophospholipid Metabolic Process (GO:0006650),1/62,0.4642440960951576,0.5128244380394806,0,0,1.6260812258011368,1.2477649663473405,PRDX6
GO_Biological_Process_2023,Phosphatidylinositol-Mediated Signaling (GO:0048015),1/62,0.4642440960951576,0.5128244380394806,0,0,1.6260812258011368,1.2477649663473405,ZFP36L1
GO_Biological_Process_2023,Positive Regulation Of Mitotic Cell Cycle Phase Transition (GO:1901992),1/63,0.4696183035751055,0.5184400084022205,0,0,1.5997730588426,1.2091645247691418,CCND1
GO_Biological_Process_2023,Peptidyl-Serine Phosphorylation (GO:0018105),2/158,0.470271536490919,0.5188400872602347,0,0,1.271950271950272,0.9596165405879008,PLK2;GAS6
GO_Biological_Process_2023,Regulation Of Secretion By Cell (GO:1903530),1/64,0.4749388686968527,0.5233421505591015,0,0,1.574300071787509,1.1721753146425786,RAB13
GO_Biological_Process_2023,Positive Regulation Of Macroautophagy (GO:0016239),1/64,0.4749388686968527,0.5233421505591015,0,0,1.574300071787509,1.1721753146425786,DCN
GO_Biological_Process_2023,Antimicrobial Humoral Immune Response Mediated By Antimicrobial Peptide (GO:0061844),1/65,0.4802063242660991,0.527192666148136,0,0,1.5496231155778897,1.1367096495006708,CXCL14
GO_Biological_Process_2023,Canonical Wnt Signaling Pathway (GO:0060070),1/65,0.4802063242660991,0.527192666148136,0,0,1.5496231155778897,1.1367096495006708,CAV1
GO_Biological_Process_2023,Cellular Response To Light Stimulus (GO:0071482),1/65,0.4802063242660991,0.527192666148136,0,0,1.5496231155778897,1.1367096495006708,MYC
GO_Biological_Process_2023,Regulation Of Translational Initiation (GO:0006446),1/65,0.4802063242660991,0.527192666148136,0,0,1.5496231155778897,1.1367096495006708,HSPB1
GO_Biological_Process_2023,Regulation Of Tyrosine Phosphorylation Of STAT Protein (GO:0042509),1/65,0.4802063242660991,0.527192666148136,0,0,1.5496231155778897,1.1367096495006708,HES1
GO_Biological_Process_2023,Regulation Of Cell-Matrix Adhesion (GO:0001952),1/65,0.4802063242660991,0.527192666148136,0,0,1.5496231155778897,1.1367096495006708,EMP2
GO_Biological_Process_2023,Mitochondrion Organization (GO:0007005),2/162,0.4833030570302441,0.5302660847121498,0,0,1.2398989898989898,0.9015446591892284,CAV2;TSPO
GO_Biological_Process_2023,Cellular Response To Type II Interferon (GO:0071346),1/66,0.4854211976341649,0.5322627022614322,0,0,1.525705450328566,1.1026857881843173,CCL2
GO_Biological_Process_2023,Activation Of Cysteine-Type Endopeptidase Activity Involved In Apoptotic Process (GO:0006919),1/67,0.4905840112592053,0.5362756593666803,0,0,1.5025125628140703,1.0700274503610792,BEX3
GO_Biological_Process_2023,Regulation Of Viral Genome Replication (GO:0045069),1/67,0.4905840112592053,0.5362756593666803,0,0,1.5025125628140703,1.0700274503610792,IFITM3
GO_Biological_Process_2023,Cholesterol Metabolic Process (GO:0008203),1/67,0.4905840112592053,0.5362756593666803,0,0,1.5025125628140703,1.0700274503610792,APOE
GO_Biological_Process_2023,Extrinsic Apoptotic Signaling Pathway (GO:0097191),1/67,0.4905840112592053,0.5362756593666803,0,0,1.5025125628140703,1.0700274503610792,IFI27
GO_Biological_Process_2023,Protein Secretion (GO:0009306),1/67,0.4905840112592053,0.5362756593666803,0,0,1.5025125628140703,1.0700274503610792,RAB13
GO_Biological_Process_2023,Cell-Cell Junction Organization (GO:0045216),1/68,0.4956952821636893,0.5415311594488804,0,0,1.4800120003000077,1.0386633811930914,DSP
GO_Biological_Process_2023,Peptidyl-Serine Modification (GO:0018209),2/166,0.4961360332084165,0.5416809566975612,0,0,1.209411185020941,0.8476825030852104,PLK2;GAS6
GO_Biological_Process_2023,Regulation Of Cytokine Production (GO:0001817),2/167,0.4993126955468189,0.5448158096975688,0,0,1.202020202020202,0.8348303583619261,GPNMB;S100A13
GO_Biological_Process_2023,Regulation Of Heart Contraction (GO:0008016),1/69,0.500755522308534,0.5452454925819373,0,0,1.4581732190363583,1.0085269537658983,TPM1
GO_Biological_Process_2023,Response To Molecule Of Bacterial Origin (GO:0002237),1/69,0.500755522308534,0.5452454925819373,0,0,1.4581732190363583,1.0085269537658983,S100A14
GO_Biological_Process_2023,Positive Regulation Of Phosphatidylinositol 3-Kinase Signaling (GO:0014068),1/69,0.500755522308534,0.5452454925819373,0,0,1.4581732190363583,1.0085269537658983,DCN
GO_Biological_Process_2023,Negative Regulation Of Signal Transduction (GO:0009968),3/267,0.5009290147655804,0.5452454925819373,0,0,1.1269035532994924,0.7790181434353709,LEPROT;TAX1BP3;DCN
GO_Biological_Process_2023,Double-Strand Break Repair (GO:0006302),2/168,0.5024765895852316,0.54659648525613,0,0,1.1947182670074237,0.8222125520888384,SEM1;NUCKS1
GO_Biological_Process_2023,Chromatin Organization (GO:0006325),3/268,0.5034227508283917,0.5472920094319628,0,0,1.1225936213006418,0.7704640704697314,MYC;NUCKS1;HMGN3
GO_Biological_Process_2023,Sensory Organ Development (GO:0007423),1/70,0.5057652387756465,0.548168399742256,0,0,1.4369674459252786,0.9795558086095748,MAFB
GO_Biological_Process_2023,Sulfur Compound Biosynthetic Process (GO:0044272),1/70,0.5057652387756465,0.548168399742256,0,0,1.4369674459252786,0.9795558086095748,GSTP1
GO_Biological_Process_2023,Positive Regulation Of Protein Transport (GO:0051222),1/70,0.5057652387756465,0.548168399742256,0,0,1.4369674459252786,0.9795558086095748,OAZ2
GO_Biological_Process_2023,Protein K48-linked Ubiquitination (GO:0070936),1/70,0.5057652387756465,0.548168399742256,0,0,1.4369674459252786,0.9795558086095748,IFI27
GO_Biological_Process_2023,Regulation Of Actin Filament-Based Process (GO:0032970),1/70,0.5057652387756465,0.548168399742256,0,0,1.4369674459252786,0.9795558086095748,RAC1
GO_Biological_Process_2023,Regulation Of Hydrolase Activity (GO:0051336),1/71,0.5107249334696091,0.5525368594965329,0,0,1.416367552045944,0.9516915272016224,CAV1
GO_Biological_Process_2023,Negative Regulation Of Cellular Response To Growth Factor Stimulus (GO:0090288),1/71,0.5107249334696091,0.5525368594965329,0,0,1.416367552045944,0.9516915272016224,NBL1
GO_Biological_Process_2023,Negative Regulation Of Protein Binding (GO:0032091),1/71,0.5107249334696091,0.5525368594965329,0,0,1.416367552045944,0.9516915272016224,CAV1
GO_Biological_Process_2023,Heart Development (GO:0007507),2/171,0.5118910416934445,0.5534627990188515,0,0,1.1733309425617118,0.7857134223531504,PDLIM1;GJA1
GO_Biological_Process_2023,Second-Messenger-Mediated Signaling (GO:0019932),1/72,0.5156351033007534,0.5571732430578704,0,0,1.396347936867436,0.9248793332622998,APOE
GO_Biological_Process_2023,DNA Replication (GO:0006260),1/73,0.5204962404113022,0.5617454887439582,0,0,1.3768844221105527,0.8990678202624621,PTMS
GO_Biological_Process_2023,Positive Regulation Of Secretion By Cell (GO:1903532),1/73,0.5204962404113022,0.5617454887439582,0,0,1.3768844221105527,0.8990678202624621,ANXA2
GO_Biological_Process_2023,Regulation Of Neuron Projection Development (GO:0010975),2/174,0.521188450322183,0.5618128068729754,0,0,1.1526896875734085,0.7511428504980086,SNX3;APOE
GO_Biological_Process_2023,Positive Regulation Of Cellular Biosynthetic Process (GO:0031328),2/174,0.521188450322183,0.5618128068729754,0,0,1.1526896875734085,0.7511428504980086,EGR1;KLF4
GO_Biological_Process_2023,Regulation Of mRNA Stability (GO:0043488),1/74,0.5253088319278648,0.5648890633871675,0,0,1.3579541543333105,0.8742087038575203,ZFP36L1
GO_Biological_Process_2023,Import Into Nucleus (GO:0051170),1/74,0.5253088319278648,0.5648890633871675,0,0,1.3579541543333105,0.8742087038575203,APLP2
GO_Biological_Process_2023,Positive Regulation Of Lymphocyte Proliferation (GO:0050671),1/74,0.5253088319278648,0.5648890633871675,0,0,1.3579541543333105,0.8742087038575203,CD81
GO_Biological_Process_2023,Regulation Of Cell Cycle G1/S Phase Transition (GO:1902806),1/74,0.5253088319278648,0.5648890633871675,0,0,1.3579541543333105,0.8742087038575203,APLP2
GO_Biological_Process_2023,Positive Regulation Of Neurogenesis (GO:0050769),1/75,0.5300733603880184,0.5689836792612665,0,0,1.3395355154149124,0.8502565938086776,SERPINF1
GO_Biological_Process_2023,Regulation Of BMP Signaling Pathway (GO:0030510),1/75,0.5300733603880184,0.5689836792612665,0,0,1.3395355154149124,0.8502565938086776,NBL1
GO_Biological_Process_2023,Regulation Of DNA Replication (GO:0006275),1/75,0.5300733603880184,0.5689836792612665,0,0,1.3395355154149124,0.8502565938086776,NUCKS1
GO_Biological_Process_2023,Positive Regulation Of Interleukin-6 Production (GO:0032755),1/76,0.5347903032317255,0.5737016842846653,0,0,1.321608040201005,0.8271687875669174,APP
GO_Biological_Process_2023,DNA Damage Response (GO:0006974),4/384,0.5371605065235718,0.575898043051714,0,0,1.0429645542427497,0.6481590146174901,CCND1;MYC;SFN;IER3
GO_Biological_Process_2023,Regulation Of Immune Response (GO:0050776),1/77,0.5394601334395485,0.5773226623012325,0,0,1.3041523406506217,0.8049050782659102,APLP2
GO_Biological_Process_2023,Chloride Transport (GO:0006821),1/77,0.5394601334395485,0.5773226623012325,0,0,1.3041523406506217,0.8049050782659102,FXYD3
GO_Biological_Process_2023,Positive Regulation Of JNK Cascade (GO:0046330),1/77,0.5394601334395485,0.5773226623012325,0,0,1.3041523406506217,0.8049050782659102,APP
GO_Biological_Process_2023,Transmembrane Receptor Protein Tyrosine Kinase Signaling Pathway (GO:0007169),3/284,0.5424263688583035,0.5801490659731496,0,0,1.057806600791228,0.6470633953699181,EFNA1;CAV2;RAC1
GO_Biological_Process_2023,Regulation Of Innate Immune Response (GO:0045088),1/78,0.544083319204552,0.5801820929234434,0,0,1.2871500358937544,0.7834275809102157,APLP2
GO_Biological_Process_2023,Cellular Response To Nutrient Levels (GO:0031669),1/78,0.544083319204552,0.5801820929234434,0,0,1.2871500358937544,0.7834275809102157,KLF10
GO_Biological_Process_2023,Long-Chain Fatty Acid Metabolic Process (GO:0001676),1/78,0.544083319204552,0.5801820929234434,0,0,1.2871500358937544,0.7834275809102157,GSTP1
GO_Biological_Process_2023,Negative Regulation Of Protein Modification Process (GO:0031400),1/78,0.544083319204552,0.5801820929234434,0,0,1.2871500358937544,0.7834275809102157,TSPO
GO_Biological_Process_2023,Regulation Of TOR Signaling (GO:0032006),1/78,0.544083319204552,0.5801820929234434,0,0,1.2871500358937544,0.7834275809102157,GAS6
GO_Biological_Process_2023,Macromolecule Biosynthetic Process (GO:0009059),2/183,0.5483655214469135,0.5829720180150383,0,0,1.0948713655895976,0.6578131736168856,APOE;RPS24
GO_Biological_Process_2023,Regulation Of Cyclin-Dependent Protein Serine/Threonine Kinase Activity (GO:0000079),1/79,0.5486603241296241,0.5829720180150383,0,0,1.2705836876691148,0.7627005714660321,CCND1
GO_Biological_Process_2023,Cellular Response To UV (GO:0034644),1/79,0.5486603241296241,0.5829720180150383,0,0,1.2705836876691148,0.7627005714660321,MYC
GO_Biological_Process_2023,Positive Regulation Of Cytoskeleton Organization (GO:0051495),1/79,0.5486603241296241,0.5829720180150383,0,0,1.2705836876691148,0.7627005714660321,GSN
GO_Biological_Process_2023,Positive Regulation Of Protein Modification By Small Protein Conjugation Or Removal (GO:1903322),1/79,0.5486603241296241,0.5829720180150383,0,0,1.2705836876691148,0.7627005714660321,CAV1
GO_Biological_Process_2023,Protein Import Into Nucleus (GO:0006606),1/79,0.5486603241296241,0.5829720180150383,0,0,1.2705836876691148,0.7627005714660321,APLP2
GO_Biological_Process_2023,Calcium Ion Transmembrane Transport (GO:0070588),1/80,0.5531916072648388,0.5867383040193059,0,0,1.254436740665352,0.7426903392796255,GAS6
GO_Biological_Process_2023,Glycoprotein Biosynthetic Process (GO:0009101),1/80,0.5531916072648388,0.5867383040193059,0,0,1.254436740665352,0.7426903392796255,TMEM59
GO_Biological_Process_2023,Positive Regulation Of Immune Response (GO:0050778),1/80,0.5531916072648388,0.5867383040193059,0,0,1.254436740665352,0.7426903392796255,CD81
GO_Biological_Process_2023,Cytoskeleton-Dependent Cytokinesis (GO:0061640),1/81,0.5576776229377498,0.5911449074990764,0,0,1.2386934673366834,0.7233650516865618,RHOB
GO_Biological_Process_2023,Cellular Response To Organic Substance (GO:0071310),1/82,0.5621188211968801,0.595498798702633,0,0,1.2233389168062534,0.7046946278996441,CCL2
GO_Biological_Process_2023,Defense Response To Virus (GO:0051607),2/189,0.5658777669000009,0.5991251846585173,0,0,1.05941770647653,0.603208270014294,IFITM3;IFI27
GO_Biological_Process_2023,Protein Modification Process (GO:0036211),7/711,0.5703034243089017,0.6033350007544974,0,0,0.9838082901554404,0.55249368694944,DSP;APP;TMEM59;PLK2;CCL2;KRT10;GAS6
GO_Biological_Process_2023,Ribosomal Small Subunit Biogenesis (GO:0042274),1/84,0.5708685433147935,0.6033350007544974,0,0,1.1937397832536174,0.6692061267801053,RPS24
GO_Biological_Process_2023,Positive Regulation Of Protein Ubiquitination (GO:0031398),1/84,0.5708685433147935,0.6033350007544974,0,0,1.1937397832536174,0.6692061267801053,CAV1
GO_Biological_Process_2023,Regulation Of Kinase Activity (GO:0043549),1/85,0.5751779449472499,0.6053790287822384,0,0,1.1794687724335966,0.6523356544527062,EMP2
GO_Biological_Process_2023,Regulation Of Osteoblast Differentiation (GO:0045667),1/85,0.5751779449472499,0.6053790287822384,0,0,1.1794687724335966,0.6523356544527062,ATRAID
GO_Biological_Process_2023,Integrin-Mediated Signaling Pathway (GO:0007229),1/85,0.5751779449472499,0.6053790287822384,0,0,1.1794687724335966,0.6523356544527062,DST
GO_Biological_Process_2023,Mitotic Spindle Organization (GO:0007052),1/85,0.5751779449472499,0.6053790287822384,0,0,1.1794687724335966,0.6523356544527062,PLK2
GO_Biological_Process_2023,Nuclear-Transcribed mRNA Catabolic Process (GO:0000956),1/85,0.5751779449472499,0.6053790287822384,0,0,1.1794687724335966,0.6523356544527062,ZFP36L1
GO_Biological_Process_2023,Positive Regulation Of Amide Metabolic Process (GO:0034250),1/85,0.5751779449472499,0.6053790287822384,0,0,1.1794687724335966,0.6523356544527062,EFNA1
GO_Biological_Process_2023,Positive Regulation Of Protein Localization (GO:1903829),1/85,0.5751779449472499,0.6053790287822384,0,0,1.1794687724335966,0.6523356544527062,RTN4
GO_Biological_Process_2023,Regulation Of Type II Interferon Production (GO:0032649),1/87,0.5836679914950987,0.6139526514311652,0,0,1.1519224027112305,0.6202214761277236,GAS6
GO_Biological_Process_2023,Positive Regulation Of Plasma Membrane Bounded Cell Projection Assembly (GO:0120034),1/88,0.5878494885157634,0.6179867339493941,0,0,1.138624155259054,0.6049331780092367,RAC1
GO_Biological_Process_2023,Golgi Vesicle Transport (GO:0048193),2/197,0.5884633088541269,0.6182676931659378,0,0,1.0155400155400156,0.538480649852649,SNX3;RAB13
GO_Biological_Process_2023,Regulation Of Vesicle-Mediated Transport (GO:0060627),1/89,0.591989195722158,0.6212404265696058,0,0,1.1256281407035176,0.5901295699518402,RAB13
GO_Biological_Process_2023,Sensory Perception Of Mechanical Stimulus (GO:0050954),1/89,0.591989195722158,0.6212404265696058,0,0,1.1256281407035176,0.5901295699518402,COL1A1
GO_Biological_Process_2023,Regulation Of Phosphatidylinositol 3-Kinase Signaling (GO:0014066),1/90,0.5960875287025766,0.6251735162877112,0,0,1.1129241714188922,0.5757910883551692,DCN
GO_Biological_Process_2023,Organic Substance Transport (GO:0071702),2/201,0.599426855548892,0.6283064102815648,0,0,0.9949241155271306,0.5091835781900128,CAV1;CHMP2A
GO_Biological_Process_2023,Lymphocyte Differentiation (GO:0030098),1/91,0.6001448988156681,0.6283207156614742,0,0,1.100502512562814,0.5618991453376235,LY6D
GO_Biological_Process_2023,Regulation Of RNA Metabolic Process (GO:0051252),1/91,0.6001448988156681,0.6283207156614742,0,0,1.100502512562814,0.5618991453376235,PRDX6
GO_Biological_Process_2023,Regulation Of Translation (GO:0006417),2/202,0.6021333969171315,0.6300328329033212,0,0,0.98989898989899,0.5021522659436054,APP;HSPB1
GO_Biological_Process_2023,Sensory Perception Of Sound (GO:0007605),1/92,0.6041617136020576,0.6317845821020345,0,0,1.0883538571980782,0.5484360698708618,COL1A1
GO_Biological_Process_2023,Defense Response To Bacterium (GO:0042742),2/204,0.607505270072967,0.6349088469889708,0,0,0.97999799979998,0.4884255433235287,CEBPB;S100A14
GO_Biological_Process_2023,Cytoplasmic Translation (GO:0002181),1/93,0.6081383763355012,0.6351129072186957,0,0,1.0764693030369237,0.5353850545471538,RPS24
GO_Biological_Process_2023,Protein Transport (GO:0015031),3/313,0.6084125327560264,0.6351129072186957,0,0,0.9574259046995252,0.4757469610948606,RAB13;CHMP2A;APOE
GO_Biological_Process_2023,"Regulation Of mRNA Splicing, Via Spliceosome (GO:0048024)",1/94,0.6120752863236749,0.6381895445946442,0,0,1.0648403306856864,0.5227301046685241,PRDX6
GO_Biological_Process_2023,"Retrograde Transport, Endosome To Golgi (GO:0042147)",1/94,0.6120752863236749,0.6381895445946442,0,0,1.0648403306856864,0.5227301046685241,SNX3
GO_Biological_Process_2023,Regulation Of Macroautophagy (GO:0016241),1/96,0.6198314260741546,0.6458991028716659,0,0,1.0423168473948692,0.4985482066164667,DCN
GO_Biological_Process_2023,Regulation Of Protein Localization (GO:0032880),1/97,0.6236514348962008,0.6491214468231168,0,0,1.0314070351758795,0.4869929254325685,KRT5
GO_Biological_Process_2023,Monocarboxylic Acid Metabolic Process (GO:0032787),1/97,0.6236514348962008,0.6491214468231168,0,0,1.0314070351758795,0.4869929254325685,TSPO
GO_Biological_Process_2023,Phosphorylation (GO:0016310),4/429,0.6247296602079585,0.6498645561580163,0,0,0.9303721488595438,0.4376808001529695,APP;PLK2;CCL2;GAS6
GO_Biological_Process_2023,Antimicrobial Humoral Response (GO:0019730),1/100,0.6348838112697764,0.6592739926107574,0,0,1.0,0.454313271209604,CXCL14
GO_Biological_Process_2023,ncRNA Processing (GO:0034470),1/100,0.6348838112697764,0.6592739926107574,0,0,1.0,0.454313271209604,RPS24
GO_Biological_Process_2023,Protein Complex Oligomerization (GO:0051259),1/100,0.6348838112697764,0.6592739926107574,0,0,1.0,0.454313271209604,CHMP2A
GO_Biological_Process_2023,Hemopoiesis (GO:0030097),1/101,0.6385533074411538,0.6619285883062279,0,0,0.9899497487437184,0.4440420770500481,CEBPB
GO_Biological_Process_2023,Visual Perception (GO:0007601),1/101,0.6385533074411538,0.6619285883062279,0,0,0.9899497487437184,0.4440420770500481,COL1A1
GO_Biological_Process_2023,rRNA Processing (GO:0006364),1/101,0.6385533074411538,0.6619285883062279,0,0,0.9899497487437184,0.4440420770500481,RPS24
GO_Biological_Process_2023,Activation Of GTPase Activity (GO:0090630),1/102,0.642186106799596,0.6641507330611474,0,0,0.9800985123637992,0.4340632175669919,TAX1BP3
GO_Biological_Process_2023,Regulation Of Protein Secretion (GO:0050708),1/102,0.642186106799596,0.6641507330611474,0,0,0.9800985123637992,0.4340632175669919,APOE
GO_Biological_Process_2023,Sensory Perception Of Light Stimulus (GO:0050953),1/102,0.642186106799596,0.6641507330611474,0,0,0.9800985123637992,0.4340632175669919,COL1A1
GO_Biological_Process_2023,Protein Catabolic Process (GO:0030163),1/102,0.642186106799596,0.6641507330611474,0,0,0.9800985123637992,0.4340632175669919,APOE
GO_Biological_Process_2023,Proteasomal Protein Catabolic Process (GO:0010498),2/220,0.6485094501114488,0.6703017723052287,0,0,0.9073301825595405,0.3929453787196234,PSMB5;IFI27
GO_Biological_Process_2023,Macroautophagy (GO:0016236),1/104,0.6493430720264805,0.6703865975088201,0,0,0.9609698980338586,0.4149411183845573,CHMP2A
GO_Biological_Process_2023,Positive Regulation Of Kinase Activity (GO:0033674),1/104,0.6493430720264805,0.6703865975088201,0,0,0.9609698980338586,0.4149411183845573,GAS6
GO_Biological_Process_2023,Positive Regulation Of Stress-Activated MAPK Cascade (GO:0032874),1/105,0.6528679573920863,0.6736358796920081,0,0,0.9516814843448008,0.4057783123183748,APP
GO_Biological_Process_2023,Response To Calcium Ion (GO:0051592),1/106,0.6563575850020138,0.676845047192828,0,0,0.9425699928212492,0.3968686613882323,CAV1
GO_Biological_Process_2023,Regulation Of Cellular Response To Stress (GO:0080135),1/107,0.6598123057378238,0.680014531159028,0,0,0.933630416232104,0.388203405372955,NUPR1
GO_Biological_Process_2023,Positive Regulation Of DNA Metabolic Process (GO:0051054),1/108,0.6632324670568477,0.6827505604324388,0,0,0.9248579345324754,0.3797741558133871,MYC
GO_Biological_Process_2023,Positive Regulation Of Translation (GO:0045727),1/108,0.6632324670568477,0.6827505604324388,0,0,0.9248579345324754,0.3797741558133871,YBX3
GO_Biological_Process_2023,Cellular Response To Salt (GO:1902075),1/109,0.6666184129739804,0.6858403972004503,0,0,0.916247906197655,0.3715728772578474,EGR1
GO_Biological_Process_2023,Response To Lipid (GO:0033993),1/110,0.6699704840956059,0.6884950136097702,0,0,0.9077958600341156,0.3635918695397154,S100A14
GO_Biological_Process_2023,Regulation Of JNK Cascade (GO:0046328),1/110,0.6699704840956059,0.6884950136097702,0,0,0.9077958600341156,0.3635918695397154,APP
GO_Biological_Process_2023,Mitotic Sister Chromatid Segregation (GO:0000070),1/111,0.6732890175997336,0.6915069702924149,0,0,0.8994974874371859,0.3558237511616551,CHMP2A
GO_Biological_Process_2023,Regulation Of Protein Serine/Threonine Kinase Activity (GO:0071900),1/112,0.6765743473112501,0.6944813783678195,0,0,0.8913486350672281,0.3482614435144341,CCND1
GO_Biological_Process_2023,Regulation Of Cytoskeleton Organization (GO:0051493),1/114,0.683046714602197,0.700721873979482,0,0,0.8754836127540356,0.3337273716848506,RAC1
GO_Biological_Process_2023,Positive Regulation Of Protein Serine/Threonine Kinase Activity (GO:0071902),1/117,0.692514396042861,0.709618427651042,0,0,0.8527118350372552,0.3133087141185804,CCND1
GO_Biological_Process_2023,Protein Processing (GO:0016485),1/117,0.692514396042861,0.709618427651042,0,0,0.8527118350372552,0.3133087141185804,C1R
GO_Biological_Process_2023,Ribonucleoprotein Complex Biogenesis (GO:0022613),1/118,0.6956073317848006,0.7123785762939635,0,0,0.845380749903363,0.3068478138715934,RPS24
GO_Biological_Process_2023,Positive Regulation Of Programmed Cell Death (GO:0043068),2/245,0.7057071518905297,0.7223072627496873,0,0,0.8129442573887018,0.2833557259345162,JUN;RHOB
GO_Biological_Process_2023,Fatty Acid Metabolic Process (GO:0006631),1/122,0.7076725687660174,0.7239035909854215,0,0,0.8172681589767017,0.2825898889623316,TSPO
GO_Biological_Process_2023,Modulation Of Chemical Synaptic Transmission (GO:0050804),1/123,0.7106137702230504,0.7264956825661444,0,0,0.8105280500864981,0.2768976317492876,APP
GO_Biological_Process_2023,Neuron Projection Guidance (GO:0097485),1/124,0.7135255255654438,0.728649836892119,0,0,0.8038975364628018,0.2713452170770706,EFNA1
GO_Biological_Process_2023,Ubiquitin-Dependent Protein Catabolic Process (GO:0006511),3/367,0.7135377046247376,0.728649836892119,0,0,0.8131310314051431,0.2744479847910862,PSMB5;IFI27;CHMP2A
GO_Biological_Process_2023,Cellular Response To Starvation (GO:0009267),1/126,0.7192618685309876,0.7336553307371537,0,0,0.7909547738693468,0.2606431490060761,KLF10
GO_Biological_Process_2023,Protein-Containing Complex Organization (GO:0043933),1/126,0.7192618685309876,0.7336553307371537,0,0,0.7909547738693468,0.2606431490060761,HES1
GO_Biological_Process_2023,Protein Targeting (GO:0006605),1/129,0.7276527766729426,0.7417900306197311,0,0,0.7722989949748744,0.2455380232172469,TSPO
GO_Biological_Process_2023,Synapse Organization (GO:0050808),1/131,0.7331076000158043,0.7469240196620187,0,0,0.7603401623502126,0.2360573310794884,APP
GO_Biological_Process_2023,Protein Phosphorylation (GO:0006468),4/500,0.7399264588953308,0.753441097413967,0,0,0.7942725477287689,0.2392384478055837,APP;PLK2;CCL2;GAS6
GO_Biological_Process_2023,Non-Membrane-Bounded Organelle Assembly (GO:0140694),1/135,0.743693243928707,0.7568446931938466,0,0,0.7374934373359334,0.2183914504625392,MYL9
GO_Biological_Process_2023,Negative Regulation Of Cellular Biosynthetic Process (GO:0031327),1/137,0.7488283343138599,0.7616361165427172,0,0,0.7265740467041087,0.210158284256341,CAV1
GO_Biological_Process_2023,Chemical Synaptic Transmission (GO:0007268),2/273,0.7603836959122781,0.7729484407450166,0,0,0.7279063699727907,0.1993969278525846,PMP22;APOE
GO_Biological_Process_2023,Protein Glycosylation (GO:0006486),1/147,0.7730081424044016,0.7853340125566359,0,0,0.6764645143525848,0.1741664076420715,TMEM59
GO_Biological_Process_2023,Regulation Of Cellular Component Organization (GO:0051128),1/153,0.7863891079150508,0.7984736303474392,0,0,0.6495636075112404,0.1560924478581284,APOE
GO_Biological_Process_2023,Ribosome Biogenesis (GO:0042254),1/155,0.7906726445156229,0.8023663241273442,0,0,0.6410624551328069,0.1505671382701188,RPS24
GO_Biological_Process_2023,Peptide Biosynthetic Process (GO:0043043),1/158,0.7969382105229577,0.8082647911159502,0,0,0.6287168325704958,0.1427049714417737,RPS24
GO_Biological_Process_2023,Regulation Of Intracellular Signal Transduction (GO:1902531),2/297,0.8000630005968341,0.8109729506049728,0,0,0.6678650915939052,0.1489771955336692,NFKBIA;HSPB1
GO_Biological_Process_2023,Adenylate Cyclase-Modulating G Protein-Coupled Receptor Signaling Pathway (GO:0007188),1/163,0.8069688204409236,0.8170444810820702,0,0,0.6091568955890564,0.1306460303698868,PSAP
GO_Biological_Process_2023,Nitrogen Compound Transport (GO:0071705),1/163,0.8069688204409236,0.8170444810820702,0,0,0.6091568955890564,0.1306460303698868,CHMP2A
GO_Biological_Process_2023,Metal Ion Transport (GO:0030001),1/171,0.8220021720657791,0.8317934628277651,0,0,0.5802542122376588,0.1137369287884457,CAV1
GO_Biological_Process_2023,Neuron Differentiation (GO:0030182),1/173,0.8255747771016111,0.8349350353453936,0,0,0.5734486385415449,0.1099160176513599,RTN4
GO_Biological_Process_2023,Proteasome-Mediated Ubiquitin-Dependent Protein Catabolic Process (GO:0043161),2/319,0.8312268274253161,0.8401748782587897,0,0,0.6208138163974126,0.114759025840807,PSMB5;IFI27
GO_Biological_Process_2023,Organelle Assembly (GO:0070925),2/322,0.8351214736887211,0.8436334705892857,0,0,0.61489898989899,0.110791323846165,GSN;CHMP2A
GO_Biological_Process_2023,"RNA Splicing, Via Transesterification Reactions With Bulged Adenosine As Nucleophile (GO:0000377)",1/180,0.8375262086141492,0.8455839027547494,0,0,0.5508267594958031,0.0976630837566713,SF3B6
GO_Biological_Process_2023,Endomembrane System Organization (GO:0010256),1/196,0.8618716082753269,0.8696713513366421,0,0,0.5052183996907615,0.075100192580976,CAV2
GO_Biological_Process_2023,Anterograde Trans-Synaptic Signaling (GO:0098916),1/199,0.8660145054493834,0.8733577601592425,0,0,0.4974874371859296,0.0715653690513794,PMP22
GO_Biological_Process_2023,"mRNA Splicing, Via Spliceosome (GO:0000398)",1/211,0.8813857079808011,0.8883571203603102,0,0,0.4687724335965542,0.0591871802020121,SF3B6
GO_Biological_Process_2023,mRNA Processing (GO:0006397),1/214,0.8849459769149011,0.8914419101164222,0,0,0.4620992285370514,0.0564817782115859,SF3B6
GO_Biological_Process_2023,Protein Polyubiquitination (GO:0000209),1/226,0.8981547293522425,0.904237041289165,0,0,0.4371859296482412,0.0469594177767252,IFI27
GO_Biological_Process_2023,Chromatin Remodeling (GO:0006338),1/228,0.9002045097002905,0.9052789432386236,0,0,0.4332897970026343,0.0455531898856198,MYC
GO_Biological_Process_2023,Cilium Organization (GO:0044782),1/228,0.9002045097002905,0.9052789432386236,0,0,0.4332897970026343,0.0455531898856198,GSN
GO_Biological_Process_2023,Translation (GO:0006412),1/234,0.906110786202554,0.9107051507523132,0,0,0.4220027174499104,0.0416068092550969,RPS24
GO_Biological_Process_2023,Cilium Assembly (GO:0060271),1/243,0.9143242732694472,0.9184428510769672,0,0,0.4061215166742805,0.0363762984371287,GSN
GO_Biological_Process_2023,Monoatomic Cation Transmembrane Transport (GO:0098655),1/281,0.941817631809925,0.9455276618733292,0,0,0.3503230437903805,0.0209996313976804,GAS6
GO_Biological_Process_2023,Regulation Of Nucleic Acid-Templated Transcription (GO:1903506),2/452,0.9426985922562544,0.9458798023538568,0,0,0.4343434343434343,0.025630030074121,CEBPB;MAFB
GO_Biological_Process_2023,Inorganic Cation Transmembrane Transport (GO:0098662),1/284,0.9435701057554372,0.946222073450084,0,0,0.3465561020650958,0.0201295770735271,GAS6
GO_Biological_Process_2023,DNA Metabolic Process (GO:0006259),1/288,0.9458252944595236,0.9479507445594326,0,0,0.3416560152679775,0.0190293535031365,PTMS
GO_Biological_Process_2023,DNA Repair (GO:0006281),1/291,0.9474576247830658,0.9490535668798368,0,0,0.3380696586380177,0.0182466560691828,NUCKS1
GO_Biological_Process_2023,Gene Expression (GO:0010467),1/296,0.9500701265174428,0.951136422955734,0,0,0.332254492802998,0.0170179022577091,RPS24
GO_Biological_Process_2023,Intracellular Protein Transport (GO:0006886),1/325,0.9628648992116902,0.9634049243935252,0,0,0.3020658849804578,0.011430828148476,APLP2
GO_Biological_Process_2023,Proteolysis (GO:0006508),1/330,0.9647144128791107,0.9647144128791107,0,0,0.2973988483450688,0.0106835083895974,PSMB5
