Gene_set,Term,Overlap,P-value,Adjusted P-value,Old P-value,Old Adjusted P-value,Odds Ratio,Combined Score,Genes
GO_Biological_Process_2023,Cytoplasmic Translation (GO:0002181),17/93,4.453386441566774e-17,7.210032648896607e-14,0,0,24.109002013229794,907.7107191369274,RPL12;RPL11;RPS15;RPS17;RPS15A;RPS18;RPS29;RPL36;RPL35;RPLP2;RPL13;RPL37;RPL26;RPL39;RPL28;RPS21;RPS24
GO_Biological_Process_2023,Macromolecule Biosynthetic Process (GO:0009059),18/183,3.811995876189807e-13,2.17274136529618e-10,0,0,11.76923076923077,336.5464888964631,RPL12;RPL11;RPS15;RPS17;RPS15A;RPS18;RPS29;RPL36;RPL35;RPLP2;RPL13;RPL37;RPL26;APOE;RPL39;RPL28;RPS21;RPS24
GO_Biological_Process_2023,Peptide Biosynthetic Process (GO:0043043),17/158,4.0260803557063254e-13,2.17274136529618e-10,0,0,12.95209859318684,369.6634229046713,RPL12;RPL11;RPS15;RPS17;RPS15A;RPS18;RPS29;RPL36;RPL35;RPLP2;RPL13;RPL37;RPL26;RPL39;RPL28;RPS21;RPS24
GO_Biological_Process_2023,Translation (GO:0006412),17/234,2.2172345662171067e-10,8.97425690676374e-08,0,0,8.383344665206113,186.35831642518897,RPL12;RPL11;RPS15;RPS17;RPS15A;RPS29;RPS18;RPL36;RPL13;RPL35;RPLP2;RPL26;RPL37;RPL28;RPS21;RPL39;RPS24
GO_Biological_Process_2023,Gene Expression (GO:0010467),18/296,1.1463804141834015e-09,3.711979781125855e-07,0,0,6.94513400268796,142.9770868387672,RPL12;RPL11;RPS15;RPS17;RPS15A;RPS29;RPS18;CASP4;RPL36;RPL13;RPL35;RPLP2;RPL26;RPL37;RPL28;RPS21;RPL39;RPS24
GO_Biological_Process_2023,Epidermis Development (GO:0008544),9/85,1.784364121990489e-07,4.2803230098769137e-05,0,0,12.228988702121796,190.02666552150015,DSP;KRTDAP;CRABP2;FABP5;KRT15;KRT14;EMP1;KRT5;HLA-DRB1
GO_Biological_Process_2023,Regulation Of T Cell Activation (GO:0050863),8/62,1.8506646738195429e-07,4.2803230098769137e-05,0,0,15.23611111111111,236.19858639158733,PYCARD;LGALS3;MYDGF;GPNMB;HLA-DRA;THY1;B2M;HLA-DRB1
GO_Biological_Process_2023,Regulation Of Cysteine-Type Endopeptidase Activity Involved In Apoptotic Process (GO:0043281),8/84,1.977743771042469e-06,0.0004002458956647197,0,0,10.81359649122807,142.02095207374543,PYCARD;BCAP31;ARL6IP5;TNFSF10;PMAIP1;SFN;KLF4;CD44
GO_Biological_Process_2023,Cell-Cell Junction Organization (GO:0045216),7/68,5.209173903879142e-06,0.0008051359940825661,0,0,11.736430816274526,142.7747286438201,DSP;CXADR;FSCN1;DSG1;PKP1;PKP3;CLDN1
GO_Biological_Process_2023,Intermediate Filament Organization (GO:0045109),7/68,5.209173903879142e-06,0.0008051359940825661,0,0,11.736430816274526,142.7747286438201,DSP;KRT15;KRT1;KRT14;PKP1;KRT5;KRT10
GO_Biological_Process_2023,Positive Regulation Of Intracellular Signal Transduction (GO:1902533),18/525,5.915763017277761e-06,0.0008051359940825661,0,0,3.763508680668444,45.30470378233798,BCAP31;CD74;NDFIP2;IL18;TXN;ADRB2;RTN4;DCN;RPS15;PYCARD;MYDGF;GJA1;S100A13;TNFSF10;PMAIP1;RPL37;TMEM9B;HLA-DRB1
GO_Biological_Process_2023,Peptide Cross-Linking (GO:0018149),5/27,6.420000268513295e-06,0.0008051359940825661,0,0,23.05128205128205,275.60325810758144,DSP;CSTA;ANXA1;KRT1;KRT10
GO_Biological_Process_2023,Regulation Of Immune Effector Process (GO:0002697),4/13,6.464958568914984e-06,0.0008051359940825661,0,0,44.87755102040816,536.2469711319385,CFH;HLA-DRA;CD55;HLA-DRB1
GO_Biological_Process_2023,Cardiac Muscle Cell-Cardiac Muscle Cell Adhesion (GO:0086042),3/6,1.9269523068842994e-05,0.0019498348655285,0,0,100.49238578680205,1091.0444080855816,DSP;CXADR;JUP
GO_Biological_Process_2023,Desmosome Organization (GO:0002934),3/6,1.9269523068842994e-05,0.0019498348655285,0,0,100.49238578680205,1091.0444080855816,DSP;JUP;PKP3
GO_Biological_Process_2023,Regulation Of T-helper Cell Differentiation (GO:0045622),3/6,1.9269523068842994e-05,0.0019498348655285,0,0,100.49238578680205,1091.0444080855816,MYDGF;HLA-DRA;HLA-DRB1
GO_Biological_Process_2023,Establishment Of Skin Barrier (GO:0061436),4/19,3.343535939158139e-05,0.002852254827243,0,0,26.918367346938776,277.4179092680899,CLDN4;IL18;SFN;CLDN1
GO_Biological_Process_2023,Positive Regulation Of Alpha-Beta T Cell Activation (GO:0046635),4/19,3.343535939158139e-05,0.002852254827243,0,0,26.918367346938776,277.4179092680899,HLA-DRA;HLA-A;CD55;HLA-DRB1
GO_Biological_Process_2023,"Regulation Of CD4-positive, Alpha-Beta T Cell Activation (GO:2000514)",3/7,3.3473033797170354e-05,0.002852254827243,0,0,75.36548223350253,776.6239908457204,HLA-DRA;CD55;HLA-DRB1
GO_Biological_Process_2023,Positive Regulation Of Apoptotic Signaling Pathway (GO:2001235),6/62,3.579115113132364e-05,0.0028972936840806,0,0,10.904270986745214,111.6358531355786,PYCARD;BCAP31;CTSK;TNFSF10;CTSH;PMAIP1
GO_Biological_Process_2023,Positive Regulation Of Cysteine-Type Endopeptidase Activity (GO:2001056),6/64,4.293362606078043e-05,0.0033099781234477,0,0,10.527195165303946,105.85995040023371,PYCARD;BCAP31;PERP;ARL6IP5;TNFSF10;PMAIP1
GO_Biological_Process_2023,Antigen Processing And Presentation Of Endogenous Peptide Antigen (GO:0002483),4/21,5.082545165940558e-05,0.0035776698363729,0,0,23.74909963985594,234.8100391955592,HLA-B;HLA-DRA;HLA-A;HLA-DRB1
GO_Biological_Process_2023,Skin Epidermis Development (GO:0098773),4/21,5.082545165940558e-05,0.0035776698363729,0,0,23.74909963985594,234.8100391955592,CLDN4;IL18;SFN;CLDN1
GO_Biological_Process_2023,Positive Regulation Of T Cell Mediated Immunity (GO:0002711),5/43,6.723327393029232e-05,0.0045354446038809,0,0,13.334682860998653,128.110862510313,HLA-B;HLA-DRA;HLA-A;CD55;HLA-DRB1
GO_Biological_Process_2023,Positive Regulation Of Leukocyte Cell-Cell Adhesion (GO:1903039),5/44,7.524121289207404e-05,0.0047464037421019,0,0,12.992110453648916,123.35763887867834,PYCARD;HLA-DRA;THY1;CD44;HLA-DRB1
GO_Biological_Process_2023,Cell-Cell Junction Assembly (GO:0007043),6/71,7.739574933451497e-05,0.0047464037421019,0,0,9.390166534496432,88.89275047707838,GJA1;JUP;FSCN1;DSG1;PKP1;PKP3
GO_Biological_Process_2023,Positive Regulation Of Monocyte Differentiation (GO:0045657),3/9,7.91555905106562e-05,0.0047464037421019,0,0,50.23857868020305,474.45791686900793,CD74;CTNNBIP1;HLA-DRB1
GO_Biological_Process_2023,Positive Regulation Of T Cell Activation (GO:0050870),7/107,0.00010092163999813964,0.0056186834141868,0,0,7.1450777202072535,65.74304750012564,PYCARD;ANXA1;HLA-DRA;HLA-A;THY1;B2M;HLA-DRB1
GO_Biological_Process_2023,Negative Regulation Of Intrinsic Apoptotic Signaling Pathway In Response To DNA Damage (GO:1902230),4/25,0.00010411396073230693,0.0056186834141868,0,0,19.221574344023324,176.26230732641343,CD74;SFRP2;CD44;TPT1
GO_Biological_Process_2023,Positive Regulation Of Peptidase Activity (GO:0010952),4/25,0.00010411396073230693,0.0056186834141868,0,0,19.221574344023324,176.26230732641343,GRN;CLDN4;CTSK;CTSH
GO_Biological_Process_2023,Regulation Of Peptidase Activity (GO:0052547),4/27,0.00014220084233688404,0.0071944738669817,0,0,17.54835847382431,155.44809947118517,CSTB;CSTA;CTSK;CTSH
GO_Biological_Process_2023,Positive Regulation Of Response To Wounding (GO:1903036),4/27,0.00014220084233688404,0.0071944738669817,0,0,17.54835847382431,155.44809947118517,GRN;CLDN4;ANXA1;CLDN1
GO_Biological_Process_2023,Detection Of Bacterium (GO:0016045),3/12,0.00020276702349047895,0.0096552885597378,0,0,33.48730964467005,284.75776049641166,HLA-B;HLA-A;HLA-DRB1
GO_Biological_Process_2023,Negative Regulation Of Locomotion (GO:0040013),3/12,0.00020276702349047895,0.0096552885597378,0,0,33.48730964467005,284.75776049641166,TACSTD2;FBLN1;SPINT2
GO_Biological_Process_2023,Defense Response To Gram-positive Bacterium (GO:0050830),6/85,0.0002105199505203156,0.0097380514254968,0,0,7.7206055069816,65.36210680281118,CASP4;HMGB2;IL18;DEFB1;HLA-A;RPL39
GO_Biological_Process_2023,Regulation Of Angiogenesis (GO:0045765),9/205,0.00022841264590484135,0.0102722242699982,0,0,4.7130035260177365,39.51550275815001,MYDGF;GRN;SFRP2;JUP;GPNMB;KRT1;CTSH;KLF4;DCN
GO_Biological_Process_2023,Regulation Of Intrinsic Apoptotic Signaling Pathway In Response To DNA Damage By P53 Class Mediator (GO:1902165),3/13,0.00026165809515097364,0.0114493096229574,0,0,30.13705583756345,248.5846578261998,CD74;RPL26;CD44
GO_Biological_Process_2023,Response To Organic Cyclic Compound (GO:0014070),5/58,0.00028348784410563496,0.0120780742001848,0,0,9.553459119496855,78.0359148140527,ANXA1;ARL6IP5;IL18;PMAIP1;AQP3
GO_Biological_Process_2023,Positive Regulation Of Proteolysis (GO:0045862),5/59,0.00030724672721336934,0.0124930282192716,0,0,9.376068376068377,75.83232332652554,CTSK;PERP;CTSH;APOE;CTSC
GO_Biological_Process_2023,Signal Transduction By P53 Class Mediator (GO:0072331),4/33,0.000316376872754873,0.0124930282192716,0,0,13.913441238564392,112.12252948199962,PYCARD;HINT1;PMAIP1;NDRG1
GO_Biological_Process_2023,Positive Regulation Of T Cell Mediated Cytotoxicity (GO:0001916),4/33,0.000316376872754873,0.0124930282192716,0,0,13.913441238564392,112.12252948199962,HLA-B;HLA-DRA;HLA-A;HLA-DRB1
GO_Biological_Process_2023,Epithelial Cell Differentiation (GO:0030855),7/132,0.0003698806629953666,0.0142580188902261,0,0,5.70880829015544,45.11288779648466,LGALS3;EHF;ANXA1;KRT15;KRT14;IRF6;KRT10
GO_Biological_Process_2023,Regulation Of Monocyte Differentiation (GO:0045655),3/15,0.00041017649693527065,0.0150926306485955,0,0,25.111675126903556,195.84402098106767,CD74;CTNNBIP1;HLA-DRB1
GO_Biological_Process_2023,Negative Regulation Of Immune Effector Process (GO:0002698),3/15,0.00041017649693527065,0.0150926306485955,0,0,25.111675126903556,195.84402098106767,LGALS3;GRN;CD55
GO_Biological_Process_2023,Regulation Of T Cell Mediated Cytotoxicity (GO:0001914),4/36,0.0004448946011773135,0.0160063190956904,0,0,12.607142857142858,97.2978079915696,HLA-B;HLA-DRA;HLA-A;HLA-DRB1
GO_Biological_Process_2023,Protein-Containing Complex Assembly (GO:0065003),11/328,0.0004849641699600834,0.0170686302427255,0,0,3.5770700849565205,27.29817979732381,VAMP8;CD74;STMP1;CASP4;AP2S1;TSPAN4;CAPG;CYBA;ADRB2;NSG1;CLDN1
GO_Biological_Process_2023,Regulation Of Stem Cell Proliferation (GO:0072091),3/16,0.0005011239651713426,0.017262121268349,0,0,23.178836392034363,176.1280286078286,GJA1;HMGB2;FBLN1
GO_Biological_Process_2023,Protein Catabolic Process (GO:0030163),6/102,0.0005633873591517924,0.0186402318076604,0,0,6.347938144329897,47.49237307364356,CTSK;LAMP2;PMAIP1;CTSH;APOE;CTSC
GO_Biological_Process_2023,Regulation Of I-kappaB kinase/NF-kappaB Signaling (GO:0043122),9/232,0.0005641577261120216,0.0186402318076604,0,0,4.136665649285094,30.942989961358258,PYCARD;CD74;NDFIP2;GJA1;S100A13;TNFSF10;RORA;TMEM9B;HLA-DRB1
GO_Biological_Process_2023,Amyloid Precursor Protein Metabolic Process (GO:0042982),3/17,0.0006040394207294829,0.0191752906306084,0,0,21.5221174764322,159.51916044937724,APH1A;NSG1;APOE
GO_Biological_Process_2023,Positive Regulation Of Alpha-Beta T Cell Proliferation (GO:0046641),3/17,0.0006040394207294829,0.0191752906306084,0,0,21.5221174764322,159.51916044937724,IL18;HLA-A;CD55
GO_Biological_Process_2023,Intrinsic Apoptotic Signaling Pathway (GO:0097193),6/105,0.0006569142848848823,0.0204527736005504,0,0,6.154639175257732,45.100931303106,PYCARD;HINT1;CASP4;ARL6IP5;PMAIP1;SFN
GO_Biological_Process_2023,Negative Regulation Of T Cell Receptor Signaling Pathway (GO:0050860),3/18,0.0007195272026923491,0.0219795196445077,0,0,20.086294416243653,145.36282995258424,LGALS3;THY1;EZR
GO_Biological_Process_2023,Cholesterol Homeostasis (GO:0042632),5/72,0.0007732638317856864,0.0231835952529819,0,0,7.55185610409491,54.10822023534692,LIMA1;NPC2;IL18;RORA;APOE
GO_Biological_Process_2023,Keratinocyte Differentiation (GO:0030216),4/42,0.0008067730463282587,0.0237484647637354,0,0,10.613319011815252,75.59302673955138,DSP;CSTA;ANXA1;KRT10
GO_Biological_Process_2023,Sterol Homeostasis (GO:0055092),5/73,0.0008234685243405408,0.0238070632304881,0,0,7.440422322775264,52.84176944790253,LIMA1;NPC2;IL18;RORA;APOE
GO_Biological_Process_2023,Response To Amyloid-Beta (GO:1904645),4/43,0.0008826236600453894,0.025069608870412,0,0,10.34065934065934,72.72184139201934,GJA1;MMP2;CASP4;ADRB2
GO_Biological_Process_2023,Bundle Of His cell-Purkinje Myocyte Adhesion Involved In Cell Communication (GO:0086073),2/5,0.0009754681839454336,0.0258656191762078,0,0,66.65656565656566,462.1028413784856,DSP;JUP
GO_Biological_Process_2023,Regulation Of Plasma Membrane Repair (GO:1905684),2/5,0.0009754681839454336,0.0258656191762078,0,0,66.65656565656566,462.1028413784856,ANXA2;S100A10
GO_Biological_Process_2023,"Positive Regulation Of CD4-positive, CD25-positive, Alpha-Beta Regulatory T Cell Differentiation (GO:0032831)",2/5,0.0009754681839454336,0.0258656191762078,0,0,66.65656565656566,462.1028413784856,HLA-DRA;HLA-DRB1
GO_Biological_Process_2023,Positive Regulation Of Vesicle Fusion (GO:0031340),2/5,0.0009754681839454336,0.0258656191762078,0,0,66.65656565656566,462.1028413784856,ANXA1;ANXA2
GO_Biological_Process_2023,Positive Regulation Of Protein Processing (GO:0010954),3/20,0.0009905301969888136,0.0258656191762078,0,0,17.721409375933113,122.5837770787782,ANXA2;ENO1;S100A10
GO_Biological_Process_2023,Regulation Of T Cell Proliferation (GO:0042129),5/77,0.0010489037290013,0.0268413685930476,0,0,7.0256410256410255,48.19596578027063,LGALS3;MYDGF;ANXA1;GPNMB;HLA-DRB1
GO_Biological_Process_2023,Defense Response To Bacterium (GO:0042742),8/204,0.0010610547189345,0.0268413685930476,0,0,4.167517006802721,28.54120624622918,PYCARD;CASP4;IL18;HMGB2;DEFB1;S100A14;HLA-A;RPL39
GO_Biological_Process_2023,Positive Regulation Of T Cell Cytokine Production (GO:0002726),3/21,0.0011471485105092,0.0281399005835527,0,0,16.736040609137056,113.3109608085056,IL18;HLA-A;CD55
GO_Biological_Process_2023,Positive Regulation Of Signal Transduction By P53 Class Mediator (GO:1901798),3/21,0.0011471485105092,0.0281399005835527,0,0,16.736040609137056,113.3109608085056,RPS15;PMAIP1;RPL37
GO_Biological_Process_2023,Ribonucleoprotein Complex Biogenesis (GO:0022613),6/118,0.0012087053107147,0.0287879934043016,0,0,5.436671575846834,36.52467679212233,RPS15;RPS17;RPS15A;RPL11;RPL26;RPS24
GO_Biological_Process_2023,Regulation Of Signal Transduction By P53 Class Mediator (GO:1901796),4/47,0.0012365931398092,0.0287879934043016,0,0,9.376839107736116,62.78164306999791,RPS15;RPL11;RPL37;SGK1
GO_Biological_Process_2023,Positive Regulation Of Lymphocyte Activation (GO:0051251),4/47,0.0012365931398092,0.0287879934043016,0,0,9.376839107736116,62.78164306999791,PYCARD;HLA-DRA;THY1;HLA-DRB1
GO_Biological_Process_2023,Cellular Component Assembly (GO:0022607),9/260,0.0012608875141457,0.0287879934043016,0,0,3.669948478337957,24.50035375139078,LIMA1;CD74;KRT14;TSPAN4;FSCN1;PKP1;CAPG;EZR;RTN4
GO_Biological_Process_2023,Positive Regulation Of Angiogenesis (GO:0045766),6/119,0.0012624753129743,0.0287879934043016,0,0,5.388285740352158,35.96508819013522,MYDGF;GRN;SFRP2;JUP;CTSH;KLF4
GO_Biological_Process_2023,Supramolecular Fiber Organization (GO:0097435),10/316,0.0013484348266352,0.0303210553378129,0,0,3.3529411764705883,22.158953680511384,DSP;MARCKS;LUM;TPM3;KRT15;KRT1;KRT14;KRT5;KRT10;B2M
GO_Biological_Process_2023,Regulation Of Digestive System Process (GO:0044058),2/6,0.0014535707837741,0.031610312628647,0,0,49.98989898989899,326.6206097208578,SGK1;TYMP
GO_Biological_Process_2023,Positive Regulation Of Unsaturated Fatty Acid Biosynthetic Process (GO:2001280),2/6,0.0014535707837741,0.031610312628647,0,0,49.98989898989899,326.6206097208578,CD74;ANXA1
GO_Biological_Process_2023,Regulation Of Cell Migration (GO:0030334),12/434,0.0014643443157186,0.031610312628647,0,0,2.9310275284864376,19.12890477727267,CD74;GRN;CLDN4;SFRP2;ANXA1;GPNMB;CTSH;KRT5;THY1;SGK1;CLDN1;TMSB10
GO_Biological_Process_2023,Regulation Of Cell Motility (GO:2000145),6/123,0.0014960628556399,0.0318700758326451,0,0,5.203013481363997,33.84517804978016,TACSTD2;FBLN1;SPINT2;KRT5;SGK1;TMSB10
GO_Biological_Process_2023,Regulation Of Epithelial Cell Migration (GO:0010632),4/50,0.0015598806233641,0.0323775221695711,0,0,8.763975155279503,56.64285082988862,TACSTD2;CTSH;RTN4;RAB11A
GO_Biological_Process_2023,Positive Regulation Of Transport (GO:0051050),4/50,0.0015598806233641,0.0323775221695711,0,0,8.763975155279503,56.64285082988862,ANXA1;ANXA2;APOE;SGK1
GO_Biological_Process_2023,Positive Regulation Of Apoptotic Process (GO:0043065),9/270,0.0016351292722236,0.0333097736204625,0,0,3.527532045495577,22.632763466429097,PYCARD;GRN;SFRP2;CTSK;ARL6IP5;TNFSF10;CTSH;PMAIP1;TLE5
GO_Biological_Process_2023,Positive Regulation Of Leukocyte Mediated Cytotoxicity (GO:0001912),4/51,0.0016795486223,0.0333097736204625,0,0,8.577073382544507,54.80089627367308,HLA-B;HLA-DRA;HLA-A;HLA-DRB1
GO_Biological_Process_2023,Regulation Of Heterotypic Cell-Cell Adhesion (GO:0034114),3/24,0.0017076659731305,0.0333097736204625,0,0,14.343002175489485,91.40261395182884,THY1;KLF4;CD44
GO_Biological_Process_2023,Acylglycerol Homeostasis (GO:0055090),3/24,0.0017076659731305,0.0333097736204625,0,0,14.343002175489485,91.40261395182884,IL18;RORA;APOE
GO_Biological_Process_2023,Negative Regulation Of Antigen Receptor-Mediated Signaling Pathway (GO:0050858),3/24,0.0017076659731305,0.0333097736204625,0,0,14.343002175489485,91.40261395182884,LGALS3;THY1;EZR
GO_Biological_Process_2023,Negative Regulation Of Response To Stimulus (GO:0048585),4/52,0.0018054466882107,0.0340789984343227,0,0,8.39795918367347,53.04946512994202,PIM3;THY1;KLF4;TLE5
GO_Biological_Process_2023,Regulation Of Cell Development (GO:0060284),4/52,0.0018054466882107,0.0340789984343227,0,0,8.39795918367347,53.04946512994202,GRN;ANXA2;HMGB2;S100A10
GO_Biological_Process_2023,Regulation Of Type II Interferon Production (GO:0032649),5/87,0.0018102494535835,0.0340789984343227,0,0,6.165728580362726,38.93220216228463,PYCARD;MYDGF;IL18;HLA-A;HLA-DRB1
GO_Biological_Process_2023,Positive Regulation Of Release Of Cytochrome C From Mitochondria (GO:0090200),3/25,0.0019263332020576,0.0340936671425526,0,0,13.690355329949238,85.59397680666795,PYCARD;TNFSF10;PMAIP1
GO_Biological_Process_2023,Positive Regulation Of I-kappaB kinase/NF-kappaB Signaling (GO:0043123),7/175,0.0019360404491337,0.0340936671425526,0,0,4.238341968911917,26.477390180872085,CD74;GJA1;NDFIP2;TNFSF10;S100A13;HLA-DRB1;TMEM9B
GO_Biological_Process_2023,Actin Cytoskeleton Reorganization (GO:0031532),4/53,0.001937740092534,0.0340936671425526,0,0,8.226155768429821,51.382484683548725,ANXA1;CXADR;EZR;PDLIM4
GO_Biological_Process_2023,Mitochondrial Transport (GO:0006839),4/53,0.001937740092534,0.0340936671425526,0,0,8.226155768429821,51.382484683548725,BCAP31;TIMM13;TSPO;PMAIP1
GO_Biological_Process_2023,Intermediate Filament Bundle Assembly (GO:0045110),2/7,0.0020216133697869,0.0340936671425526,0,0,39.98989898989899,248.09171029141777,KRT14;PKP1
GO_Biological_Process_2023,Negative Regulation Of RNA Catabolic Process (GO:1902369),2/7,0.0020216133697869,0.0340936671425526,0,0,39.98989898989899,248.09171029141777,PKP1;PKP3
GO_Biological_Process_2023,"Positive Regulation Of CD4-positive, Alpha-Beta T Cell Differentiation (GO:0043372)",2/7,0.0020216133697869,0.0340936671425526,0,0,39.98989898989899,248.09171029141777,HLA-DRA;HLA-DRB1
GO_Biological_Process_2023,Positive Regulation Of CoA-transferase Activity (GO:1905920),2/7,0.0020216133697869,0.0340936671425526,0,0,39.98989898989899,248.09171029141777,TSPO;APOE
GO_Biological_Process_2023,Positive Regulation Of Plasminogen Activation (GO:0010756),2/7,0.0020216133697869,0.0340936671425526,0,0,39.98989898989899,248.09171029141777,ENO1;S100A10
GO_Biological_Process_2023,Regulation Of CoA-transferase Activity (GO:1905918),2/7,0.0020216133697869,0.0340936671425526,0,0,39.98989898989899,248.09171029141777,TSPO;APOE
GO_Biological_Process_2023,Epidermal Cell Differentiation (GO:0009913),4/54,0.0020765932331265,0.0346598396333184,0,0,8.061224489795919,49.79439807569174,DSP;CSTA;ANXA1;KRT10
GO_Biological_Process_2023,Negative Regulation Of Cytokine Production (GO:0001818),7/178,0.00213130994636,0.0352101102362944,0,0,4.163348786473957,25.608835365935647,PYCARD;ANXA1;GPNMB;APOD;EZR;KLF4;HLA-DRB1
GO_Biological_Process_2023,Positive Regulation Of Binding (GO:0051099),5/91,0.0022064516446075,0.0356494648291398,0,0,5.877757901013715,35.950540003303175,RPL11;HMGB2;TXN;APOE;B2M
GO_Biological_Process_2023,rRNA Metabolic Process (GO:0016072),5/91,0.0022064516446075,0.0356494648291398,0,0,5.877757901013715,35.950540003303175,RPS15;RPS17;RPL11;RPL26;RPS24
GO_Biological_Process_2023,Negative Regulation Of Cell Motility (GO:2000146),6/133,0.0022239629078092,0.0356494648291398,0,0,4.79089211786671,29.264994812787855,CD74;SFRP2;TACSTD2;FBLN1;SPINT2;THY1
GO_Biological_Process_2023,T Cell Mediated Cytotoxicity (GO:0001913),2/8,0.0026777674677022,0.0393935627802613,0,0,33.323232323232325,197.36590289038227,CTSH;HLA-A
GO_Biological_Process_2023,Astral Microtubule Organization (GO:0030953),2/8,0.0026777674677022,0.0393935627802613,0,0,33.323232323232325,197.36590289038227,EZR;RAB11A
GO_Biological_Process_2023,Bundle Of His Cell To Purkinje Myocyte Communication (GO:0086069),2/8,0.0026777674677022,0.0393935627802613,0,0,33.323232323232325,197.36590289038227,DSP;JUP
GO_Biological_Process_2023,Regulation Of Vesicle Fusion (GO:0031338),2/8,0.0026777674677022,0.0393935627802613,0,0,33.323232323232325,197.36590289038227,ANXA1;ANXA2
GO_Biological_Process_2023,Positive Regulation Of Memory T Cell Differentiation (GO:0043382),2/8,0.0026777674677022,0.0393935627802613,0,0,33.323232323232325,197.36590289038227,HLA-DRA;HLA-DRB1
GO_Biological_Process_2023,Pyroptosis (GO:0070269),3/28,0.0026840467141937,0.0393935627802613,0,0,12.045685279187817,71.31563234569973,PYCARD;IFI27;CASP4
GO_Biological_Process_2023,"Regulation Of DNA Damage Response, Signal Transduction By P53 Class Mediator (GO:0043516)",3/28,0.0026840467141937,0.0393935627802613,0,0,12.045685279187817,71.31563234569973,CD74;PMAIP1;CD44
GO_Biological_Process_2023,Regulation Of Cardiac Muscle Cell Action Potential (GO:0098901),3/28,0.0026840467141937,0.0393935627802613,0,0,12.045685279187817,71.31563234569973,DSP;CXADR;JUP
GO_Biological_Process_2023,Positive Regulation Of Mitochondrion Organization (GO:0010822),4/58,0.0027008557557807,0.0393935627802613,0,0,7.462585034013605,44.13512048118966,PYCARD;TNFSF10;PMAIP1;DCN
GO_Biological_Process_2023,Positive Regulation Of Type II Interferon Production (GO:0032729),4/58,0.0027008557557807,0.0393935627802613,0,0,7.462585034013605,44.13512048118966,PYCARD;MYDGF;IL18;HLA-A
GO_Biological_Process_2023,Regulation Of Inflammatory Response (GO:0050727),8/240,0.0029368827357897,0.0418389703382908,0,0,3.514367816091954,20.49019314842516,PYCARD;GRN;ANXA1;CASP4;IL18;RORA;APOE;KLF4
GO_Biological_Process_2023,Vesicle-Mediated Transport (GO:0016192),11/411,0.0029395164516198,0.0418389703382908,0,0,2.822751322751323,16.45525758117545,VAMP8;GOLGA4;ARL4A;ANXA2;AP2S1;RHOV;ADRB2;NSG1;OCIAD2;RAB11A;S100A10
GO_Biological_Process_2023,Vacuolar Acidification (GO:0007035),3/29,0.002971884860348,0.0418389703382908,0,0,11.581803982819212,67.38940857682955,GRN;ATP6V0B;ATP6V0E1
GO_Biological_Process_2023,Heterotypic Cell-Cell Adhesion (GO:0034113),3/29,0.002971884860348,0.0418389703382908,0,0,11.581803982819212,67.38940857682955,DSP;CXADR;JUP
GO_Biological_Process_2023,Positive Regulation Of Cold-Induced Thermogenesis (GO:0120162),5/98,0.003046494595945,0.0422952193862891,0,0,5.433416046319272,31.47992845042133,GJA1;FABP5;IL18;ADRB2;DECR1
GO_Biological_Process_2023,Negative Regulation Of Peptidase Activity (GO:0010466),4/60,0.0030565414874588,0.0422952193862891,0,0,7.19533527696793,41.66438194796197,CSTB;CSTA;SERPINB2;SERPINB5
GO_Biological_Process_2023,Regulation Of ERK1 And ERK2 Cascade (GO:0070372),8/244,0.0032476412075724,0.0439472646634578,0,0,3.45409604519774,19.791370460711597,PYCARD;CD74;GPNMB;FBLN1;APOE;EZR;HLA-DRB1;CD44
GO_Biological_Process_2023,Immunoglobulin Mediated Immune Response (GO:0016064),3/30,0.0032779948419926,0.0439472646634578,0,0,11.152284263959393,63.79690278522437,CD74;HLA-DRA;HLA-DRB1
GO_Biological_Process_2023,Negative Regulation Of Blood Coagulation (GO:0030195),3/30,0.0032779948419926,0.0439472646634578,0,0,11.152284263959393,63.79690278522437,SERPINB2;KRT1;APOE
GO_Biological_Process_2023,ncRNA Processing (GO:0034470),5/100,0.0033238214487381,0.0439472646634578,0,0,5.318488529014845,30.350700013257832,RPS15;RPS17;RPL11;RPL26;RPS24
GO_Biological_Process_2023,Regulation Of Complement Activation (GO:0030449),2/9,0.0034202318391573,0.0439472646634578,0,0,28.561327561327563,162.17255858986445,CFH;CD55
GO_Biological_Process_2023,T-helper 1 Type Immune Response (GO:0042088),2/9,0.0034202318391573,0.0439472646634578,0,0,28.561327561327563,162.17255858986445,IL18;HLA-DRB1
GO_Biological_Process_2023,Regulation Of Memory T Cell Differentiation (GO:0043380),2/9,0.0034202318391573,0.0439472646634578,0,0,28.561327561327563,162.17255858986445,HLA-DRA;HLA-DRB1
GO_Biological_Process_2023,Positive Regulation Of Epidermis Development (GO:0045684),2/9,0.0034202318391573,0.0439472646634578,0,0,28.561327561327563,162.17255858986445,SFN;KRT10
GO_Biological_Process_2023,"Regulation Of CD8-positive, Alpha-Beta T Cell Activation (GO:2001185)",2/9,0.0034202318391573,0.0439472646634578,0,0,28.561327561327563,162.17255858986445,DAPL1;HLA-A
GO_Biological_Process_2023,rRNA Processing (GO:0006364),5/101,0.0034690922247468,0.0442240969438199,0,0,5.262820512820513,29.8078908307987,RPS15;RPS17;RPL11;RPL26;RPS24
GO_Biological_Process_2023,Antigen Processing And Presentation Of Exogenous Peptide Antigen (GO:0002478),3/31,0.00360273455,0.0448679018188464,0,0,10.753444525018129,60.49954695168429,HLA-DRA;HLA-A;HLA-DRB1
GO_Biological_Process_2023,Triglyceride Homeostasis (GO:0070328),3/31,0.00360273455,0.0448679018188464,0,0,10.753444525018129,60.49954695168429,IL18;RORA;APOE
GO_Biological_Process_2023,Positive Regulation Of Extrinsic Apoptotic Signaling Pathway (GO:2001238),3/31,0.00360273455,0.0448679018188464,0,0,10.753444525018129,60.49954695168429,PYCARD;TNFSF10;PMAIP1
GO_Biological_Process_2023,Positive Regulation Of Macromolecule Metabolic Process (GO:0010604),10/364,0.0037514652886639,0.0463635290255486,0,0,2.891168599464764,16.148936689566114,CD74;GJA1;ANXA2;IFNGR1;RPL11;CTSH;PKP1;PKP3;EZR;KLF4
GO_Biological_Process_2023,Positive Regulation Of Inflammatory Response (GO:0050729),5/104,0.0039322638791335,0.0478671821076483,0,0,5.102564102564102,28.260755222784237,PYCARD;VAMP8;GRN;CASP4;IL18
GO_Biological_Process_2023,Positive Regulation Of Vasculature Development (GO:1904018),5/104,0.0039322638791335,0.0478671821076483,0,0,5.102564102564102,28.260755222784237,MYDGF;GRN;SFRP2;JUP;CTSH
GO_Biological_Process_2023,Positive Regulation Of MAPK Cascade (GO:0043410),9/310,0.0041098459591669,0.0491338440381437,0,0,3.0524951731575376,16.771537082497918,PYCARD;CD74;MYDGF;GPNMB;ARL6IP5;APOE;ADRB2;HLA-DRB1;CD44
GO_Biological_Process_2023,Regulation Of Dendritic Cell Differentiation (GO:2001198),2/10,0.0042472321345398,0.0491338440381437,0,0,24.98989898989899,136.4820277236255,LGALS3;HLA-B
GO_Biological_Process_2023,Negative Regulation Of Response To Cytokine Stimulus (GO:0060761),2/10,0.0042472321345398,0.0491338440381437,0,0,24.98989898989899,136.4820277236255,KLF4;TLE5
GO_Biological_Process_2023,Positive Regulation Of Phospholipid Transport (GO:2001140),2/10,0.0042472321345398,0.0491338440381437,0,0,24.98989898989899,136.4820277236255,TSPO;APOE
GO_Biological_Process_2023,Actin Filament Bundle Assembly (GO:0051017),3/33,0.0043094538934011,0.0491338440381437,0,0,10.03553299492386,54.6629871343117,LIMA1;FSCN1;EZR
GO_Biological_Process_2023,Actin Filament Bundle Organization (GO:0061572),3/33,0.0043094538934011,0.0491338440381437,0,0,10.03553299492386,54.6629871343117,LIMA1;FSCN1;EZR
GO_Biological_Process_2023,Negative Regulation Of Blood Vessel Endothelial Cell Migration (GO:0043537),3/33,0.0043094538934011,0.0491338440381437,0,0,10.03553299492386,54.6629871343117,JUP;APOE;KLF4
GO_Biological_Process_2023,Negative Regulation Of Epithelial Cell Migration (GO:0010633),3/33,0.0043094538934011,0.0491338440381437,0,0,10.03553299492386,54.6629871343117,TACSTD2;APOE;DCN
GO_Biological_Process_2023,Regulation Of Amyloid-Beta Formation (GO:1902003),3/33,0.0043094538934011,0.0491338440381437,0,0,10.03553299492386,54.6629871343117,IFNGR1;APOE;RTN4
GO_Biological_Process_2023,Positive Regulation Of Metabolic Process (GO:0009893),5/108,0.0046165456406343,0.0522670447006088,0,0,4.9034105053522525,26.371073964885344,GJA1;FABP5;IL18;ADRB2;DECR1
GO_Biological_Process_2023,Cellular Response To Amyloid-Beta (GO:1904646),3/34,0.0046920695585813,0.0523893835540905,0,0,9.711314884558703,52.07091984713094,GJA1;CASP4;ADRB2
GO_Biological_Process_2023,Regulation Of T Cell Receptor Signaling Pathway (GO:0050856),3/34,0.0046920695585813,0.0523893835540905,0,0,9.711314884558703,52.07091984713094,LGALS3;THY1;EZR
GO_Biological_Process_2023,Ribosome Biogenesis (GO:0042254),6/155,0.0047319948902293,0.0524732858032967,0,0,4.0789455476371685,21.83626140966508,RPS15;RPS17;RPS15A;RPL11;RPL26;RPS24
GO_Biological_Process_2023,Skin Development (GO:0043588),4/68,0.0047986051189846,0.0525085686241806,0,0,6.293367346938775,33.6029944353692,DSP;CSTA;ANXA1;KRT10
GO_Biological_Process_2023,Positive Regulation Of Cysteine-Type Endopeptidase Activity Involved In Apoptotic Process (GO:0043280),5/109,0.004800042097825,0.0525085686241806,0,0,4.856015779092703,25.9269023952046,PYCARD;BCAP31;ARL6IP5;TNFSF10;PMAIP1
GO_Biological_Process_2023,Negative Regulation Of Cell Population Proliferation (GO:0008285),10/379,0.0049684587287001,0.0527700287506364,0,0,2.771501925545571,14.701835500054944,SFRP2;GPNMB;CTNNBIP1;HMGA1;APOD;FBLN1;APOE;IRF6;B2M;S100A11
GO_Biological_Process_2023,Response To Lipid (GO:0033993),5/110,0.0049886615032986,0.0527700287506364,0,0,4.809523809523809,25.49330246391608,ANXA1;HMGB2;CTSH;S100A14;AQP3
GO_Biological_Process_2023,Positive Regulation Of Cytokine Production (GO:0001819),9/320,0.0050440360245065,0.0527700287506364,0,0,2.9528290769515664,15.61913326098313,PYCARD;CD74;MYDGF;ANXA1;S100A13;IL18;CYBA;RORA;HLA-A
GO_Biological_Process_2023,Intrinsic Apoptotic Signaling Pathway By P53 Class Mediator (GO:0072332),3/35,0.0050945877067937,0.0527700287506364,0,0,9.407360406091373,49.666879272481374,PYCARD;HINT1;PMAIP1
GO_Biological_Process_2023,Regulation Of Axon Extension (GO:0030516),3/35,0.0050945877067937,0.0527700287506364,0,0,9.407360406091373,49.666879272481374,GOLGA4;APOE;RTN4
GO_Biological_Process_2023,Regulation Of Ventricular Cardiac Muscle Cell Action Potential (GO:0098911),2/11,0.0051570205394645,0.0527700287506364,0,0,22.21212121212121,117.00004466783103,DSP;JUP
GO_Biological_Process_2023,Epithelial Cell-Cell Adhesion (GO:0090136),2/11,0.0051570205394645,0.0527700287506364,0,0,22.21212121212121,117.00004466783103,DSP;JUP
GO_Biological_Process_2023,Macrophage Chemotaxis (GO:0048246),2/11,0.0051570205394645,0.0527700287506364,0,0,22.21212121212121,117.00004466783103,LGALS3;KLF5
GO_Biological_Process_2023,Positive Regulation Of Lipid Transport (GO:0032370),2/11,0.0051570205394645,0.0527700287506364,0,0,22.21212121212121,117.00004466783103,TSPO;APOE
GO_Biological_Process_2023,"Regulation Of CD4-positive, Alpha-Beta T Cell Differentiation (GO:0043370)",2/11,0.0051570205394645,0.0527700287506364,0,0,22.21212121212121,117.00004466783103,HLA-DRA;HLA-DRB1
GO_Biological_Process_2023,Negative Regulation Of Inflammatory Response (GO:0050728),5/111,0.0051824796611187,0.0527700287506364,0,0,4.763909046927915,25.06993624638882,GRN;RORA;APOE;KLF4;HLA-DRB1
GO_Biological_Process_2023,Negative Regulation Of Protein Binding (GO:0032091),4/71,0.0055942009572442,0.0566063209361152,0,0,6.0106609808102345,31.17143667727425,CTNNBIP1;ADRB2;B2M;TLE5
GO_Biological_Process_2023,Mitochondrion Organization (GO:0007005),6/162,0.0058508682994154,0.0570150151005479,0,0,3.894528152260111,20.02241261266993,BCAP31;CXADR;STMP1;TIMM13;TSPO;TYMP
GO_Biological_Process_2023,Cellular Response To Hypoxia (GO:0071456),4/72,0.005877786338127,0.0570150151005479,0,0,5.921968787515006,30.41863718634327,PMAIP1;RORA;AQP3;NDRG1
GO_Biological_Process_2023,Negative Regulation Of Endothelial Cell Migration (GO:0010596),3/37,0.0059604378312344,0.0570150151005479,0,0,8.853090474768587,45.35094165112317,JUP;APOE;DCN
GO_Biological_Process_2023,Astrocyte Activation (GO:0048143),2/12,0.0061478754316609,0.0570150151005479,0,0,19.98989898989899,101.78154350719132,GRN;IFNGR1
GO_Biological_Process_2023,Fibrinolysis (GO:0042730),2/12,0.0061478754316609,0.0570150151005479,0,0,19.98989898989899,101.78154350719132,SERPINB2;KRT1
GO_Biological_Process_2023,Macrophage Migration (GO:1905517),2/12,0.0061478754316609,0.0570150151005479,0,0,19.98989898989899,101.78154350719132,LGALS3;KLF5
GO_Biological_Process_2023,Negative Regulation Of Intrinsic Apoptotic Signaling Pathway In Response To DNA Damage By P53 Class Mediator (GO:1902166),2/12,0.0061478754316609,0.0570150151005479,0,0,19.98989898989899,101.78154350719132,CD74;CD44
GO_Biological_Process_2023,Negative Regulation Of Substrate Adhesion-Dependent Cell Spreading (GO:1900025),2/12,0.0061478754316609,0.0570150151005479,0,0,19.98989898989899,101.78154350719132,TACSTD2;FBLN1
GO_Biological_Process_2023,Positive Regulation By Symbiont Of Entry Into Host (GO:0075294),2/12,0.0061478754316609,0.0570150151005479,0,0,19.98989898989899,101.78154350719132,CD74;HLA-DRB1
GO_Biological_Process_2023,"Positive Regulation Of CD4-positive, Alpha-Beta T Cell Activation (GO:2000516)",2/12,0.0061478754316609,0.0570150151005479,0,0,19.98989898989899,101.78154350719132,HLA-DRA;HLA-DRB1
GO_Biological_Process_2023,Positive Regulation Of Viral Entry Into Host Cell (GO:0046598),2/12,0.0061478754316609,0.0570150151005479,0,0,19.98989898989899,101.78154350719132,CD74;HLA-DRB1
GO_Biological_Process_2023,Protein Heterotetramerization (GO:0051290),2/12,0.0061478754316609,0.0570150151005479,0,0,19.98989898989899,101.78154350719132,KRT1;KRT10
GO_Biological_Process_2023,Cellular Response To Decreased Oxygen Levels (GO:0036294),4/73,0.0061707911267906,0.0570150151005479,0,0,5.835847382431234,29.692372629986004,PMAIP1;RORA;AQP3;NDRG1
GO_Biological_Process_2023,Granulocyte Chemotaxis (GO:0071621),4/73,0.0061707911267906,0.0570150151005479,0,0,5.835847382431234,29.692372629986004,LGALS3;ANXA1;CXADR;KLF5
GO_Biological_Process_2023,Protein Tetramerization (GO:0051262),4/73,0.0061707911267906,0.0570150151005479,0,0,5.835847382431234,29.692372629986004,KRT1;KRT10;B2M;HLA-DRB1
GO_Biological_Process_2023,Positive Regulation Of Cell Migration (GO:0030335),8/272,0.0061980498194542,0.0570150151005479,0,0,3.083333333333333,15.67418846011876,GRN;CLDN4;GPNMB;CTSH;CLDN1;S100A11;RAB11A;RTN4
GO_Biological_Process_2023,Fatty Acid Transport (GO:0015908),3/38,0.0064242870484076,0.0584321389402923,0,0,8.599709934735316,43.40849457481817,CRABP2;FABP5;APOE
GO_Biological_Process_2023,Membrane Assembly (GO:0071709),3/38,0.0064242870484076,0.0584321389402923,0,0,8.599709934735316,43.40849457481817,ANXA2;DMKN;S100A10
GO_Biological_Process_2023,Negative Regulation Of Transport (GO:0051051),3/39,0.006909073873999,0.0624904502905279,0,0,8.360406091370558,41.59234877252794,LGALS3;NDFIP2;ARL6IP5
GO_Biological_Process_2023,Regulation Of Humoral Immune Response (GO:0002920),2/13,0.0072181010363148,0.0631681382583447,0,0,18.171717171717173,89.6077061786221,CFH;CD55
GO_Biological_Process_2023,Antigen Processing And Presentation Of Endogenous Peptide Antigen Via MHC Class I Via ER Pathway (GO:0002484),2/13,0.0072181010363148,0.0631681382583447,0,0,18.171717171717173,89.6077061786221,HLA-B;HLA-A
GO_Biological_Process_2023,"Antigen Processing And Presentation Of Endogenous Peptide Antigen Via MHC Class I Via ER Pathway, TAP-independent (GO:0002486)",2/13,0.0072181010363148,0.0631681382583447,0,0,18.171717171717173,89.6077061786221,HLA-B;HLA-A
GO_Biological_Process_2023,Antigen Processing And Presentation Of Endogenous Peptide Antigen Via MHC Class Ib (GO:0002476),2/13,0.0072181010363148,0.0631681382583447,0,0,18.171717171717173,89.6077061786221,HLA-B;HLA-A
GO_Biological_Process_2023,Antigen Processing And Presentation Of Peptide Antigen Via MHC Class Ib (GO:0002428),2/13,0.0072181010363148,0.0631681382583447,0,0,18.171717171717173,89.6077061786221,HLA-B;HLA-A
GO_Biological_Process_2023,"Negative Regulation Of DNA Damage Response, Signal Transduction By P53 Class Mediator (GO:0043518)",2/13,0.0072181010363148,0.0631681382583447,0,0,18.171717171717173,89.6077061786221,CD74;CD44
GO_Biological_Process_2023,Negative Regulation Of Cell-Cell Adhesion (GO:0022408),3/40,0.0074150224240263,0.0635181021402045,0,0,8.134037590890383,39.89133172446582,SPINT2;FXYD5;KLF4
GO_Biological_Process_2023,Negative Regulation Of Secretion By Cell (GO:1903531),3/40,0.0074150224240263,0.0635181021402045,0,0,8.134037590890383,39.89133172446582,VAMP8;ANXA1;APOE
GO_Biological_Process_2023,Positive Regulation Of Myeloid Leukocyte Differentiation (GO:0002763),3/40,0.0074150224240263,0.0635181021402045,0,0,8.134037590890383,39.89133172446582,CD74;CTNNBIP1;HLA-DRB1
GO_Biological_Process_2023,Positive Regulation Of Wound Healing (GO:0090303),3/40,0.0074150224240263,0.0635181021402045,0,0,8.134037590890383,39.89133172446582,CLDN4;ANXA1;CLDN1
GO_Biological_Process_2023,Cell-Cell Adhesion Via Plasma-Membrane Adhesion Molecules (GO:0098742),6/172,0.0077686325749119,0.0659608533984809,0,0,3.658054900012421,17.769591054842717,CLDN4;CXADR;DSG1;CLDN1;LGALS7;MPZL2
GO_Biological_Process_2023,Proteolysis Involved In Protein Catabolic Process (GO:0051603),4/78,0.0077816695485545,0.0659608533984809,0,0,5.44015444015444,26.41730492570561,CTSK;CTSH;PMAIP1;CTSC
GO_Biological_Process_2023,Positive Regulation Of Epithelial Cell Proliferation (GO:0050679),5/123,0.0079409235792846,0.0660712090525221,0,0,4.27683615819209,20.68160648499252,MYDGF;GRN;HMGB2;CLDN1;RTN4
GO_Biological_Process_2023,Regulation Of Chemokine Production (GO:0032642),3/41,0.0079423435743089,0.0660712090525221,0,0,7.919583222014427,38.29551599382337,PYCARD;CD74;IL18
GO_Biological_Process_2023,Regulation Of Release Of Cytochrome C From Mitochondria (GO:0090199),3/41,0.0079423435743089,0.0660712090525221,0,0,7.919583222014427,38.29551599382337,PYCARD;TNFSF10;PMAIP1
GO_Biological_Process_2023,Negative Regulation Of Cellular Process (GO:0048523),12/537,0.0079996959063168,0.0660712090525221,0,0,2.3434650455927053,11.31507355333072,VAMP8;GJA1;SFRP2;GPNMB;TACSTD2;HMGA1;FBLN1;SPINT2;ENO1;IRF6;S100A11;RTN4
GO_Biological_Process_2023,Positive Regulation Of Endocytosis (GO:0045807),4/79,0.0081338984677975,0.0660712090525221,0,0,5.36734693877551,25.826143528716216,PYCARD;CYBA;APOE;B2M
GO_Biological_Process_2023,Apoptotic Process (GO:0006915),7/228,0.0081794008861073,0.0660712090525221,0,0,3.213208918481701,15.443120255096565,PYCARD;IFI27;CASP4;EMP1;PMAIP1;NSG1;RTN4
GO_Biological_Process_2023,Positive Regulation Of Defense Response (GO:0031349),5/124,0.0082090601362042,0.0660712090525221,0,0,4.240680887739711,20.36594137643501,PYCARD;GRN;CASP4;IL18;CYBA
GO_Biological_Process_2023,MHC Class II Protein Complex Assembly (GO:0002399),2/14,0.0083660270881822,0.0660712090525221,0,0,16.656565656565657,79.67795051677446,HLA-DRA;HLA-DRB1
GO_Biological_Process_2023,Establishment Of Apical/Basal Cell Polarity (GO:0035089),2/14,0.0083660270881822,0.0660712090525221,0,0,16.656565656565657,79.67795051677446,FSCN1;EZR
GO_Biological_Process_2023,Membrane Raft Organization (GO:0031579),2/14,0.0083660270881822,0.0660712090525221,0,0,16.656565656565657,79.67795051677446,ANXA2;S100A10
GO_Biological_Process_2023,Microvillus Assembly (GO:0030033),2/14,0.0083660270881822,0.0660712090525221,0,0,16.656565656565657,79.67795051677446,FXYD5;EZR
GO_Biological_Process_2023,Peptide Antigen Assembly With MHC Class II Protein Complex (GO:0002503),2/14,0.0083660270881822,0.0660712090525221,0,0,16.656565656565657,79.67795051677446,HLA-DRA;HLA-DRB1
GO_Biological_Process_2023,Positive Regulation Of Heterotypic Cell-Cell Adhesion (GO:0034116),2/14,0.0083660270881822,0.0660712090525221,0,0,16.656565656565657,79.67795051677446,THY1;CD44
GO_Biological_Process_2023,Prostanoid Biosynthetic Process (GO:0046457),2/14,0.0083660270881822,0.0660712090525221,0,0,16.656565656565657,79.67795051677446,CD74;PTGDS
GO_Biological_Process_2023,Positive Regulation Of Immune Response (GO:0050778),4/80,0.0084964288884178,0.0667753318948955,0,0,5.296455424274973,25.254078548459987,PYCARD;CD74;HLA-DRA;HLA-DRB1
GO_Biological_Process_2023,Negative Regulation Of Multicellular Organismal Process (GO:0051241),7/231,0.008754531092666,0.0684714291740399,0,0,3.1696891191709846,15.018569868411172,GJA1;GRN;SFRP2;ZNF706;GPNMB;IFNGR1;TACSTD2
GO_Biological_Process_2023,Regulation Of Interleukin-8 Production (GO:0032677),4/81,0.0088693778840417,0.0690361672801131,0,0,5.227405247813411,24.700277159233604,PYCARD;CD74;ANXA1;KLF4
GO_Biological_Process_2023,Positive Regulation Of Cell-Matrix Adhesion (GO:0001954),3/43,0.0090618828226133,0.0701970731569906,0,0,7.522842639593908,35.3850321555175,JUP;THY1;S100A10
GO_Biological_Process_2023,Positive Regulation Of Gene Expression (GO:0010628),11/480,0.0091532251561839,0.0705670072755327,0,0,2.3989011856815696,11.259600117002718,CD74;GJA1;IFNGR1;RPL11;S100A13;CTSH;PKP1;RPL26;PKP3;EZR;KLF4
GO_Biological_Process_2023,Regulation Of Gene Expression (GO:0010468),20/1127,0.0093033693068047,0.0710480429324951,0,0,1.876242095754291,8.775894727254473,CD74;NDFIP2;CRABP2;IFNGR1;AHNAK2;RPL11;HMGA1;RORA;BAZ1A;KLF4;TLE5;GJA1;HINT1;SFRP2;SOX15;CTSH;PKP1;APOE;PKP3;EZR
GO_Biological_Process_2023,Positive Regulation Of ERK1 And ERK2 Cascade (GO:0070374),6/179,0.0093562737944072,0.0710480429324951,0,0,3.5087897026398904,16.392041508856156,PYCARD;CD74;GPNMB;APOE;HLA-DRB1;CD44
GO_Biological_Process_2023,Negative Regulation Of Apoptotic Process (GO:0043066),11/482,0.0094238545931671,0.0710480429324951,0,0,2.388467630505847,11.14103373056055,CD74;MYDGF;GRN;ANXA1;CTSH;SFN;PIM3;APOE;KLF4;CD44;TPT1
GO_Biological_Process_2023,Regulation Of Intrinsic Apoptotic Signaling Pathway In Response To DNA Damage (GO:1902229),2/15,0.0095900084936835,0.0710480429324951,0,0,15.374514374514376,71.44588341233826,SFRP2;TPT1
GO_Biological_Process_2023,"Positive Regulation Of DNA Damage Response, Signal Transduction By P53 Class Mediator (GO:0043517)",2/15,0.0095900084936835,0.0710480429324951,0,0,15.374514374514376,71.44588341233826,PMAIP1;RPL26
GO_Biological_Process_2023,Regulation Of Amyloid-Beta Clearance (GO:1900221),2/15,0.0095900084936835,0.0710480429324951,0,0,15.374514374514376,71.44588341233826,IFNGR1;APOE
GO_Biological_Process_2023,Protein Targeting (GO:0006605),5/129,0.009644413789602,0.0710480429324951,0,0,4.0686517783291976,18.8841443972766,BCAP31;LAMP2;RPL11;TIMM13;TSPO
GO_Biological_Process_2023,Regulation Of Viral Entry Into Host Cell (GO:0046596),3/44,0.0096544592002155,0.0710480429324951,0,0,7.338987247740498,34.05536215760635,CD74;HLA-DRB1;LY6E
GO_Biological_Process_2023,Establishment Of Protein Localization To Mitochondrion (GO:0072655),3/44,0.0096544592002155,0.0710480429324951,0,0,7.338987247740498,34.05536215760635,BCAP31;TIMM13;TSPO
GO_Biological_Process_2023,Extracellular Matrix Disassembly (GO:0022617),3/44,0.0096544592002155,0.0710480429324951,0,0,7.338987247740498,34.05536215760635,CTSK;MMP2;CAPG
GO_Biological_Process_2023,Ribosomal Small Subunit Biogenesis (GO:0042274),4/84,0.010051872319132,0.073637924365044,0,0,5.030612244897959,23.14079802223381,RPS15;RPS17;RPS15A;RPS24
GO_Biological_Process_2023,Regulation Of Apoptotic Signaling Pathway (GO:2001233),3/45,0.0102691253206439,0.0748906031266781,0,0,7.163886874546773,32.800668633723014,PYCARD;CTSK;CTSH
GO_Biological_Process_2023,Regulation Of Plasminogen Activation (GO:0010755),2/16,0.0108884250018907,0.0767689700787889,0,0,14.275613275613276,64.52655688502057,ENO1;S100A10
GO_Biological_Process_2023,Regulation Of Response To Cytokine Stimulus (GO:0060759),2/16,0.0108884250018907,0.0767689700787889,0,0,14.275613275613276,64.52655688502057,KLF4;TLE5
GO_Biological_Process_2023,Negative Regulation Of Amyloid-Beta Formation (GO:1902430),2/16,0.0108884250018907,0.0767689700787889,0,0,14.275613275613276,64.52655688502057,APOE;RTN4
GO_Biological_Process_2023,Negative Regulation Of Intrinsic Apoptotic Signaling Pathway By P53 Class Mediator (GO:1902254),2/16,0.0108884250018907,0.0767689700787889,0,0,14.275613275613276,64.52655688502057,CD74;CD44
GO_Biological_Process_2023,Negative Regulation Of Natural Killer Cell Mediated Cytotoxicity (GO:0045953),2/16,0.0108884250018907,0.0767689700787889,0,0,14.275613275613276,64.52655688502057,HLA-B;HLA-A
GO_Biological_Process_2023,Regulation Of Nervous System Development (GO:0051960),3/46,0.0109060303385555,0.0767689700787889,0,0,6.996930704757408,31.61520738006147,HMGB2;TYMP;S100A10
GO_Biological_Process_2023,Cellular Component Disassembly (GO:0022411),3/46,0.0109060303385555,0.0767689700787889,0,0,6.996930704757408,31.61520738006147,CTSK;MMP2;CAPG
GO_Biological_Process_2023,Homotypic Cell-Cell Adhesion (GO:0034109),3/46,0.0109060303385555,0.0767689700787889,0,0,6.996930704757408,31.61520738006147,CXADR;CLIC1;MYL12A
GO_Biological_Process_2023,Regulation Of Wound Healing (GO:0061041),3/47,0.0115653119162109,0.0806221413424987,0,0,6.83756345177665,30.49378950483647,CLDN4;ANXA1;CLDN1
GO_Biological_Process_2023,Positive Regulation Of Smooth Muscle Cell Proliferation (GO:0048661),3/47,0.0115653119162109,0.0806221413424987,0,0,6.83756345177665,30.49378950483647,GJA1;MMP2;IL18
GO_Biological_Process_2023,Regulation Of Apoptotic Process (GO:0042981),14/705,0.011602815894257,0.0806221413424987,0,0,2.081493238722126,9.276190148019433,CD74;ANXA1;RTN4;PYCARD;MYDGF;SFRP2;ARL6IP5;TNFSF10;CTSH;PMAIP1;PIM3;SGK1;CD44;TPT1
GO_Biological_Process_2023,Regulation Of Intrinsic Apoptotic Signaling Pathway (GO:2001242),3/48,0.0122470965035044,0.0835719136310365,0,0,6.685279187817259,29.431716933517144,PYCARD;BCAP31;PMAIP1
GO_Biological_Process_2023,Positive Chemotaxis (GO:0050918),2/17,0.0122596808748648,0.0835719136310365,0,0,13.323232323232324,58.64139939765107,LGALS3;GPNMB
GO_Biological_Process_2023,Positive Regulation Of Regulatory T Cell Differentiation (GO:0045591),2/17,0.0122596808748648,0.0835719136310365,0,0,13.323232323232324,58.64139939765107,HLA-DRA;HLA-DRB1
GO_Biological_Process_2023,Prostaglandin Biosynthetic Process (GO:0001516),2/17,0.0122596808748648,0.0835719136310365,0,0,13.323232323232324,58.64139939765107,CD74;PTGDS
GO_Biological_Process_2023,Protein Localization To Plasma Membrane (GO:0072659),5/137,0.0122854326400164,0.0835719136310365,0,0,3.8205128205128207,16.807738908917543,JUP;PKP3;EZR;RAB11A;S100A10
GO_Biological_Process_2023,Protein Localization To Membrane (GO:0072657),6/192,0.0128979948631561,0.0859363846778121,0,0,3.261390089790489,14.189275778913128,JUP;PKP3;THY1;EZR;RAB11A;S100A10
GO_Biological_Process_2023,Antibacterial Humoral Response (GO:0019731),3/49,0.0129514996055504,0.0859363846778121,0,0,6.539615978812624,28.42472661929245,DEFB1;HLA-A;RPL39
GO_Biological_Process_2023,Negative Regulation Of T Cell Activation (GO:0050868),3/49,0.0129514996055504,0.0859363846778121,0,0,6.539615978812624,28.42472661929245,LGALS3;GPNMB;HLA-DRB1
GO_Biological_Process_2023,Negative Regulation Of Cysteine-Type Endopeptidase Activity Involved In Apoptotic Process (GO:0043154),3/49,0.0129514996055504,0.0859363846778121,0,0,6.539615978812624,28.42472661929245,SFN;KLF4;CD44
GO_Biological_Process_2023,Proton Transmembrane Transport (GO:1902600),3/49,0.0129514996055504,0.0859363846778121,0,0,6.539615978812624,28.42472661929245,ATP6V0B;ATP6V0E1;ATP5MF
GO_Biological_Process_2023,Regulation Of Cell Communication (GO:0010646),3/49,0.0129514996055504,0.0859363846778121,0,0,6.539615978812624,28.42472661929245,ANXA1;CXADR;TYMP
GO_Biological_Process_2023,Regulation Of Epidermal Cell Differentiation (GO:0045604),2/18,0.0137022045657748,0.087338067684998,0,0,12.48989898989899,53.58414643474309,SFN;AQP3
GO_Biological_Process_2023,Regulation Of Lymphocyte Proliferation (GO:0050670),2/18,0.0137022045657748,0.087338067684998,0,0,12.48989898989899,53.58414643474309,LGALS3;MYDGF
GO_Biological_Process_2023,Antigen Processing And Presentation Of Peptide Antigen Via MHC Class I (GO:0002474),2/18,0.0137022045657748,0.087338067684998,0,0,12.48989898989899,53.58414643474309,HLA-A;B2M
GO_Biological_Process_2023,Renal Absorption (GO:0070293),2/18,0.0137022045657748,0.087338067684998,0,0,12.48989898989899,53.58414643474309,CLDN4;SGK1
GO_Biological_Process_2023,Lysosomal Lumen Acidification (GO:0007042),2/18,0.0137022045657748,0.087338067684998,0,0,12.48989898989899,53.58414643474309,ATP6V0B;GRN
GO_Biological_Process_2023,Negative Regulation Of Amyloid Precursor Protein Catabolic Process (GO:1902992),2/18,0.0137022045657748,0.087338067684998,0,0,12.48989898989899,53.58414643474309,APOE;RTN4
GO_Biological_Process_2023,Negative Regulation Of Signal Transduction By P53 Class Mediator (GO:1901797),2/18,0.0137022045657748,0.087338067684998,0,0,12.48989898989899,53.58414643474309,CD74;CD44
GO_Biological_Process_2023,Peptide Antigen Assembly With MHC Protein Complex (GO:0002501),2/18,0.0137022045657748,0.087338067684998,0,0,12.48989898989899,53.58414643474309,HLA-DRA;HLA-DRB1
GO_Biological_Process_2023,Positive Regulation Of Focal Adhesion Assembly (GO:0051894),2/18,0.0137022045657748,0.087338067684998,0,0,12.48989898989899,53.58414643474309,THY1;S100A10
GO_Biological_Process_2023,Regulation Of T Cell Cytokine Production (GO:0002724),2/18,0.0137022045657748,0.087338067684998,0,0,12.48989898989899,53.58414643474309,HLA-A;CD55
GO_Biological_Process_2023,Positive Regulation Of Protein Metabolic Process (GO:0051247),6/196,0.0141544812924423,0.0894344635126505,0,0,3.192078133478025,13.590987697678283,PERP;IL18;RPL26;APOE;EZR;KLF4
GO_Biological_Process_2023,Protein Localization To Cell Periphery (GO:1990778),5/142,0.0141638053008007,0.0894344635126505,0,0,3.680142242186038,15.666606540766953,JUP;PKP3;EZR;RAB11A;S100A10
GO_Biological_Process_2023,Positive Regulation Of Protein Kinase B Signaling (GO:0051897),4/93,0.0141968234235646,0.0894344635126505,0,0,4.519834900252236,19.23070897367363,MYDGF;IL18;TXN;RTN4
GO_Biological_Process_2023,Regulation Of Substrate Adhesion-Dependent Cell Spreading (GO:1900024),3/51,0.0144285702203611,0.0901924910685898,0,0,6.266497461928934,26.5608314530226,TACSTD2;FBLN1;S100A10
GO_Biological_Process_2023,Cholesterol Transport (GO:0030301),3/51,0.0144285702203611,0.0901924910685898,0,0,6.266497461928934,26.5608314530226,LIMA1;NPC2;APOE
GO_Biological_Process_2023,Positive Regulation Of Transferase Activity (GO:0051347),5/143,0.014561348079652,0.090672394388295,0,0,3.653288740245262,15.451163329551344,CD74;TSPO;APOE;KLF4;HLA-DRB1
GO_Biological_Process_2023,Regulation Of Proteolysis (GO:0030162),3/52,0.0152014163710364,0.0924380540113618,0,0,6.1382989744121,25.69717025640832,CSTB;CSTA;PERP
GO_Biological_Process_2023,Regulation Of Tissue Remodeling (GO:0034103),2/19,0.0152144484017713,0.0924380540113618,0,0,11.754604872251932,49.19901329869125,GPNMB;IL18
GO_Biological_Process_2023,Immunoglobulin Production Involved In Immunoglobulin-Mediated Immune Response (GO:0002381),2/19,0.0152144484017713,0.0924380540113618,0,0,11.754604872251932,49.19901329869125,HLA-DRA;HLA-DRB1
GO_Biological_Process_2023,Positive Regulation Of Activated T Cell Proliferation (GO:0042104),2/19,0.0152144484017713,0.0924380540113618,0,0,11.754604872251932,49.19901329869125,PYCARD;IL18
GO_Biological_Process_2023,Protein Heterooligomerization (GO:0051291),2/19,0.0152144484017713,0.0924380540113618,0,0,11.754604872251932,49.19901329869125,KRT1;KRT10
GO_Biological_Process_2023,Cell Junction Assembly (GO:0034329),4/95,0.0152445709827261,0.0924380540113618,0,0,4.4200493384166855,18.491417143603503,FSCN1;DSG1;PKP1;PKP3
GO_Biological_Process_2023,Positive Regulation Of Epithelial Cell Migration (GO:0010634),4/95,0.0152445709827261,0.0924380540113618,0,0,4.4200493384166855,18.491417143603503,GRN;CTSH;RTN4;RAB11A
GO_Biological_Process_2023,Regulation Of Cold-Induced Thermogenesis (GO:0120161),5/146,0.0157987425166026,0.0954409109491776,0,0,3.575013638843426,14.828530695116717,GJA1;FABP5;IL18;ADRB2;DECR1
GO_Biological_Process_2023,Negative Regulation Of Cysteine-Type Endopeptidase Activity (GO:2000117),3/53,0.0159972388139271,0.0959241838509188,0,0,6.01522842639594,24.875009582390742,SFN;KLF4;CD44
GO_Biological_Process_2023,Positive Regulation Of Chemokine Production (GO:0032722),3/53,0.0159972388139271,0.0959241838509188,0,0,6.01522842639594,24.875009582390742,PYCARD;CD74;IL18
GO_Biological_Process_2023,Positive Regulation Of Multicellular Organismal Process (GO:0051240),9/387,0.0161877073011769,0.0967081111461459,0,0,2.421091997008227,9.983380435801871,GJA1;FABP5;S100A13;IL18;ENO1;APOE;ADRB2;RTN4;DECR1
GO_Biological_Process_2023,Regulation Of Defense Response (GO:0031347),4/97,0.0163398709129806,0.0972331052003064,0,0,4.324555628703094,17.79185795383184,GRN;ANXA1;CASP4;APOE
GO_Biological_Process_2023,T Cell Mediated Immunity (GO:0002456),2/20,0.0167948882548689,0.0972331052003064,0,0,11.1010101010101,45.36628383483138,CTSH;HLA-A
GO_Biological_Process_2023,Calcium-Mediated Signaling Using Intracellular Calcium Source (GO:0035584),2/20,0.0167948882548689,0.0972331052003064,0,0,11.1010101010101,45.36628383483138,BCAP31;DEFB1
GO_Biological_Process_2023,Microglial Cell Activation (GO:0001774),2/20,0.0167948882548689,0.0972331052003064,0,0,11.1010101010101,45.36628383483138,GRN;IFNGR1
GO_Biological_Process_2023,Myoblast Differentiation (GO:0045445),2/20,0.0167948882548689,0.0972331052003064,0,0,11.1010101010101,45.36628383483138,SOX15;SDC1
GO_Biological_Process_2023,Negative Regulation Of Cytokine Production Involved In Inflammatory Response (GO:1900016),2/20,0.0167948882548689,0.0972331052003064,0,0,11.1010101010101,45.36628383483138,PYCARD;APOD
GO_Biological_Process_2023,Positive Regulation Of Vascular Associated Smooth Muscle Cell Proliferation (GO:1904707),2/20,0.0167948882548689,0.0972331052003064,0,0,11.1010101010101,45.36628383483138,GJA1;MMP2
GO_Biological_Process_2023,Regulation Of Focal Adhesion Assembly (GO:0051893),3/54,0.0168161021964705,0.0972331052003064,0,0,5.896984174380412,24.09164757699128,APOD;THY1;S100A10
GO_Biological_Process_2023,Regulation Of Smooth Muscle Cell Proliferation (GO:0048660),3/54,0.0168161021964705,0.0972331052003064,0,0,5.896984174380412,24.09164757699128,IL18;APOD;APOE
GO_Biological_Process_2023,Positive Regulation Of Protein-Containing Complex Assembly (GO:0031334),4/98,0.0169055476223315,0.0974024256247502,0,0,4.278332609639601,17.456082420924414,LGALS3;STMP1;FSCN1;CAPG
GO_Biological_Process_2023,Antimicrobial Humoral Response (GO:0019730),4/100,0.0180733221304631,0.1037613777631906,0,0,4.188775510204081,16.81088959163861,DEFB1;HLA-A;CXCL14;RPL39
GO_Biological_Process_2023,Regulation Of Steroid Metabolic Process (GO:0019218),2/21,0.0184420232483939,0.1044912949644954,0,0,10.516214779372676,41.9925427496273,RORA;APOE
GO_Biological_Process_2023,Innate Immune Response In Mucosa (GO:0002227),2/21,0.0184420232483939,0.1044912949644954,0,0,10.516214779372676,41.9925427496273,DEFB1;RPL39
GO_Biological_Process_2023,Positive Regulation Of Granulocyte Chemotaxis (GO:0071624),2/21,0.0184420232483939,0.1044912949644954,0,0,10.516214779372676,41.9925427496273,CD74;S100A14
GO_Biological_Process_2023,Cellular Response To Organic Cyclic Compound (GO:0071407),5/152,0.0184798517236557,0.1044912949644954,0,0,3.4280481423338567,13.681594622050351,JUP;ARL6IP5;IL18;RORA;EZR
GO_Biological_Process_2023,Cellular Response To Peptide (GO:1901653),3/56,0.018523163468073,0.1044912949644954,0,0,5.6738818120869645,22.631601044641528,GJA1;CASP4;ADRB2
GO_Biological_Process_2023,Monoatomic Anion Transport (GO:0006820),3/57,0.0194114444537247,0.1088830748931525,0,0,5.568527918781726,21.95053825283205,FXYD3;TSPO;CLIC1
GO_Biological_Process_2023,Epithelium Development (GO:0060429),5/154,0.0194362005213842,0.1088830748931525,0,0,3.381689898468422,13.325947899962705,LGALS3;EHF;KRT15;KRT14;KRT10
GO_Biological_Process_2023,Positive Regulation Of Response To External Stimulus (GO:0032103),5/155,0.0199263415207939,0.1112439549040186,0,0,3.358974358974359,13.152778650631731,PYCARD;GRN;CASP4;IL18;CYBA
GO_Biological_Process_2023,Negative Regulation Of Axonogenesis (GO:0050771),2/22,0.0201543754357544,0.1117463487345427,0,0,9.98989898989899,39.00390099361183,THY1;RTN4
GO_Biological_Process_2023,Positive Regulation Of Viral Life Cycle (GO:1903902),2/22,0.0201543754357544,0.1117463487345427,0,0,9.98989898989899,39.00390099361183,CD74;HLA-DRB1
GO_Biological_Process_2023,Positive Regulation Of Protein Binding (GO:0032092),3/59,0.0212576490223405,0.1170616794801677,0,0,5.369108049311095,20.676641778420727,RPL11;APOE;B2M
GO_Biological_Process_2023,Protein Targeting To Mitochondrion (GO:0006626),3/59,0.0212576490223405,0.1170616794801677,0,0,5.369108049311095,20.676641778420727,BCAP31;TIMM13;TSPO
GO_Biological_Process_2023,Adaptive Immune Response Based On Somatic Recombination Of Immune Receptors Built From Immunoglobulin Superfamily Domains (GO:0002460),2/23,0.02193048949736,0.1183515416540863,0,0,9.513708513708512,36.34120010270031,IL18;HLA-DRB1
GO_Biological_Process_2023,Cholesterol Efflux (GO:0033344),2/23,0.02193048949736,0.1183515416540863,0,0,9.513708513708512,36.34120010270031,NPC2;APOE
GO_Biological_Process_2023,Long-Chain Fatty Acid Transport (GO:0015909),2/23,0.02193048949736,0.1183515416540863,0,0,9.513708513708512,36.34120010270031,FABP5;APOE
GO_Biological_Process_2023,Negative Regulation Of Lymphocyte Activation (GO:0051250),2/23,0.02193048949736,0.1183515416540863,0,0,9.513708513708512,36.34120010270031,LGALS3;GPNMB
GO_Biological_Process_2023,Positive Regulation Of Cell-Substrate Junction Organization (GO:0150117),2/23,0.02193048949736,0.1183515416540863,0,0,9.513708513708512,36.34120010270031,THY1;S100A10
GO_Biological_Process_2023,Regulation Of T Cell Migration (GO:2000404),2/23,0.02193048949736,0.1183515416540863,0,0,9.513708513708512,36.34120010270031,PYCARD;APOD
GO_Biological_Process_2023,Regulation Of Extrinsic Apoptotic Signaling Pathway (GO:2001236),3/60,0.0222156039824466,0.1190962345946397,0,0,5.274646005877639,20.080368230600836,PYCARD;LGALS3;TNFSF10
GO_Biological_Process_2023,protein-DNA Complex Organization (GO:0071824),3/60,0.0222156039824466,0.1190962345946397,0,0,5.274646005877639,20.080368230600836,SOX15;HMGB2;HMGN1
GO_Biological_Process_2023,Negative Regulation Of Intrinsic Apoptotic Signaling Pathway (GO:2001243),3/61,0.0231968013804758,0.1233605951758437,0,0,5.183441274286714,19.50912983009035,SFRP2;ENO1;TPT1
GO_Biological_Process_2023,Positive Regulation Of Organelle Assembly (GO:1902117),3/61,0.0231968013804758,0.1233605951758437,0,0,5.183441274286714,19.50912983009035,FSCN1;SDC1;CAPG
GO_Biological_Process_2023,Lipid Transport (GO:0006869),4/108,0.0232396426983522,0.1233605951758437,0,0,3.864992150706436,14.53969743553625,CRABP2;FABP5;NPC2;APOE
GO_Biological_Process_2023,Regulation Of Ruffle Assembly (GO:1900027),2/24,0.0237689324469591,0.1257578484693688,0,0,9.08080808080808,33.956554984338226,SH3YL1;TACSTD2
GO_Biological_Process_2023,Negative Regulation Of Cell Migration (GO:0030336),5/163,0.0241406347413341,0.127308428815049,0,0,3.187601428107757,11.870177531683645,CD74;GJA1;SFRP2;TACSTD2;THY1
GO_Biological_Process_2023,Positive Regulation Of DNA-templated Transcription (GO:0045893),20/1243,0.0243522842421917,0.1280076239873653,0,0,1.6877441628054874,6.270188338894186,CD74;EHF;ANXA2;JUP;IL18;HMGA1;HMGB2;RORA;KLF4;DCN;MYDGF;ELF1;SFRP2;KLF5;SOX15;APOE;IRF6;HLA-DRB1;S100A10;HMGN1
GO_Biological_Process_2023,Activation Of Protein Kinase B Activity (GO:0032148),2/25,0.0256682933201663,0.1336236877342421,0,0,8.685551163812033,31.810820468950148,IL18;TXN
GO_Biological_Process_2023,Regulation Of Lysosomal Lumen pH (GO:0035751),2/25,0.0256682933201663,0.1336236877342421,0,0,8.685551163812033,31.810820468950148,GRN;ATP6V0B
GO_Biological_Process_2023,Negative Regulation Of Protein Transport (GO:0051224),2/25,0.0256682933201663,0.1336236877342421,0,0,8.685551163812033,31.810820468950148,NDFIP2;APOE
GO_Biological_Process_2023,Positive Regulation Of Interleukin-1 Production (GO:0032732),3/64,0.0262797663190797,0.1363684027903527,0,0,4.927768993925272,17.931934435559224,PYCARD;STMP1;S100A13
GO_Biological_Process_2023,Regulation Of Cytokine Production (GO:0001817),5/167,0.0264475675052171,0.1366141553454035,0,0,3.1082621082621085,11.291045241981209,ANXA1;GPNMB;HLA-B;S100A13;HLA-DRB1
GO_Biological_Process_2023,Positive Regulation Of Transcription By RNA Polymerase II (GO:0045944),16/938,0.026495889301085,0.1366141553454035,0,0,1.7804394982552108,6.464358623331308,EHF;ANXA2;JUP;IL18;HMGA1;HMGB2;RORA;KLF4;DCN;MYDGF;ELF1;SFRP2;KLF5;SOX15;IRF6;S100A10
GO_Biological_Process_2023,Positive Regulation Of Cellular Component Organization (GO:0051130),4/113,0.0268800168319432,0.1377536642247898,0,0,3.686762778505898,13.332706188429968,LGALS3;ANXA2;APOE;S100A10
GO_Biological_Process_2023,Regulation Of Cell Growth (GO:0001558),6/227,0.0268870647900145,0.1377536642247898,0,0,2.739982273639036,9.908077219660248,GJA1;SFRP2;LTBP4;ENO1;SGK1;RTN4
GO_Biological_Process_2023,Antimicrobial Humoral Immune Response Mediated By Antimicrobial Peptide (GO:0061844),3/65,0.0273538141573354,0.1392636010085724,0,0,4.848043229081382,17.447619395780233,DEFB1;CXCL14;RPL39
GO_Biological_Process_2023,Positive Regulation Of T Cell Proliferation (GO:0042102),3/65,0.0273538141573354,0.1392636010085724,0,0,4.848043229081382,17.447619395780233,PYCARD;ANXA1;IL18
GO_Biological_Process_2023,Antigen Processing And Presentation Of Exogenous Peptide Antigen Via MHC Class II (GO:0019886),2/26,0.0276271829006745,0.1394393452399259,0,0,8.323232323232324,29.871707121892776,HLA-DRA;HLA-DRB1
GO_Biological_Process_2023,Regulation Of Cardiac Muscle Cell Contraction (GO:0086004),2/26,0.0276271829006745,0.1394393452399259,0,0,8.323232323232324,29.871707121892776,DSP;JUP
GO_Biological_Process_2023,Regulation Of Interleukin-6 Production (GO:0032675),4/114,0.0276467139110662,0.1394393452399259,0,0,3.653061224489796,13.108091108377458,PYCARD;CD74;HLA-B;CYBA
GO_Biological_Process_2023,Regulation Of Endocytosis (GO:0030100),3/66,0.0284510080327513,0.1430502546739888,0,0,4.7708484408992025,16.982177034654356,LGALS3;AP2S1;APOE
GO_Biological_Process_2023,Regulation Of Neurogenesis (GO:0050767),3/67,0.0295713073395418,0.1476738888872571,0,0,4.696065989847716,16.534616995789808,HMGB2;B2M;S100A10
GO_Biological_Process_2023,Regulation Of Insulin Secretion Involved In Cellular Response To Glucose Stimulus (GO:0061178),2/27,0.0296442334084981,0.1476738888872571,0,0,7.98989898989899,28.11236101024157,PIM3;HLA-DRB1
GO_Biological_Process_2023,Negative Regulation Of Neurogenesis (GO:0050768),2/27,0.0296442334084981,0.1476738888872571,0,0,7.98989898989899,28.11236101024157,THY1;B2M
GO_Biological_Process_2023,Regulation Of Protein Binding (GO:0043393),4/118,0.0308434213140434,0.1531763776301727,0,0,3.524167561761547,12.259986178472978,CTNNBIP1;RPL11;B2M;TLE5
GO_Biological_Process_2023,Regulation Of Glucose Metabolic Process (GO:0010906),2/28,0.0317180982356202,0.155468018170673,0,0,7.682206682206682,26.51027997028578,PMAIP1;RORA
GO_Biological_Process_2023,Antigen Processing And Presentation Of Peptide Antigen Via MHC Class II (GO:0002495),2/28,0.0317180982356202,0.155468018170673,0,0,7.682206682206682,26.51027997028578,HLA-DRA;HLA-DRB1
GO_Biological_Process_2023,Regulation Of Sodium Ion Transmembrane Transport (GO:1902305),2/28,0.0317180982356202,0.155468018170673,0,0,7.682206682206682,26.51027997028578,FXYD3;FXYD5
GO_Biological_Process_2023,Mucosal Immune Response (GO:0002385),2/28,0.0317180982356202,0.155468018170673,0,0,7.682206682206682,26.51027997028578,DEFB1;RPL39
GO_Biological_Process_2023,Regulation Of Endopeptidase Activity (GO:0052548),3/69,0.0318810265797797,0.155468018170673,0,0,4.553299492385787,15.689505426965288,APH1A;SERPINB2;SERPINB5
GO_Biological_Process_2023,Positive Regulation Of Phosphatidylinositol 3-Kinase Signaling (GO:0014068),3/69,0.0318810265797797,0.155468018170673,0,0,4.553299492385787,15.689505426965288,MYDGF;IL18;DCN
GO_Biological_Process_2023,Extracellular Matrix Organization (GO:0030198),5/176,0.0321401264329657,0.1557930080687771,0,0,2.9433198380566803,10.118103396736007,POSTN;LUM;CTSK;MMP2;CAPG
GO_Biological_Process_2023,Positive Regulation Of Hydrolase Activity (GO:0051345),5/176,0.0321401264329657,0.1557930080687771,0,0,2.9433198380566803,10.118103396736007,CTSK;HMGB2;CTSH;THY1;S100A10
GO_Biological_Process_2023,Negative Regulation Of Epithelial Cell Proliferation (GO:0050680),3/70,0.0330703326834923,0.1588749810521484,0,0,4.485112508523373,15.290280888801105,SFRP2;APOE;B2M
GO_Biological_Process_2023,Neutrophil Chemotaxis (GO:0030593),3/70,0.0330703326834923,0.1588749810521484,0,0,4.485112508523373,15.290280888801105,LGALS3;CXADR;KLF5
GO_Biological_Process_2023,Regulation Of Actin Filament-Based Process (GO:0032970),3/70,0.0330703326834923,0.1588749810521484,0,0,4.485112508523373,15.290280888801105,FSCN1;ABRACL;EZR
GO_Biological_Process_2023,Maintenance Of Blood-Brain Barrier (GO:0035633),2/29,0.0338474516440146,0.1616490389724473,0,0,7.397306397306397,25.046477343523872,GJA1;CLDN1
GO_Biological_Process_2023,Positive Regulation Of Endopeptidase Activity (GO:0010950),2/29,0.0338474516440146,0.1616490389724473,0,0,7.397306397306397,25.046477343523872,APH1A;PYCARD
GO_Biological_Process_2023,Positive Regulation Of Cell-Substrate Adhesion (GO:0010811),3/71,0.0342825169101805,0.1632452790517125,0,0,4.418931024186325,14.905583581524706,JUP;FBLN2;S100A10
GO_Biological_Process_2023,Plasma Membrane Organization (GO:0007009),3/72,0.0355175071354049,0.1685964326019169,0,0,4.354667843743103,14.534703522115317,SERP1;DEGS1;DMKN
GO_Biological_Process_2023,Regulation Of Vasculature Development (GO:1901342),2/30,0.0360309884965366,0.1685964326019169,0,0,7.132756132756133,23.70482996930019,GPNMB;KRT1
GO_Biological_Process_2023,Negative Regulation Of Peptidyl-Tyrosine Phosphorylation (GO:0050732),2/30,0.0360309884965366,0.1685964326019169,0,0,7.132756132756133,23.70482996930019,SFRP2;THY1
GO_Biological_Process_2023,Prostaglandin Metabolic Process (GO:0006693),2/30,0.0360309884965366,0.1685964326019169,0,0,7.132756132756133,23.70482996930019,CD74;PTGDS
GO_Biological_Process_2023,Regulation Of Cell Migration Involved In Sprouting Angiogenesis (GO:0090049),2/30,0.0360309884965366,0.1685964326019169,0,0,7.132756132756133,23.70482996930019,ANXA1;KLF4
GO_Biological_Process_2023,Negative Regulation Of Growth (GO:0045926),4/124,0.0360311091292546,0.1685964326019169,0,0,3.346938775510204,11.123124524025986,GJA1;SFRP2;ENO1;RTN4
GO_Biological_Process_2023,Positive Regulation Of Secretion By Cell (GO:1903532),3/73,0.0367752254746638,0.1715823920561406,0,0,4.292240754169688,14.17697453700434,ANXA2;EZR;S100A10
GO_Biological_Process_2023,Negative Regulation Of Cell Growth (GO:0030308),4/125,0.0369417778707116,0.1718641907260982,0,0,3.3191094619666046,10.947791065360018,GJA1;SFRP2;ENO1;RTN4
GO_Biological_Process_2023,Cellular Response To Starvation (GO:0009267),4/126,0.037865638640637,0.1745210124558045,0,0,3.2917363666778185,10.7761942449666,DAPL1;LAMP2;PMAIP1;PLIN2
GO_Biological_Process_2023,Positive Regulation Of Lymphocyte Proliferation (GO:0050671),3/74,0.0380555884306284,0.1745210124558045,0,0,4.231572174161721,13.83177100318916,CD74;ANXA1;IL18
GO_Biological_Process_2023,Regulation Of Extrinsic Apoptotic Signaling Pathway Via Death Domain Receptors (GO:1902041),2/31,0.0382674239788824,0.1745210124558045,0,0,6.886450714036921,22.47156498788087,LGALS3;PMAIP1
GO_Biological_Process_2023,Regulation Of Long-Term Synaptic Potentiation (GO:1900271),2/31,0.0382674239788824,0.1745210124558045,0,0,6.886450714036921,22.47156498788087,APOE;NSG1
GO_Biological_Process_2023,Positive Regulation Of Leukocyte Migration (GO:0002687),2/31,0.0382674239788824,0.1745210124558045,0,0,6.886450714036921,22.47156498788087,LGALS3;THY1
GO_Biological_Process_2023,Positive Regulation Of Mononuclear Cell Migration (GO:0071677),2/31,0.0382674239788824,0.1745210124558045,0,0,6.886450714036921,22.47156498788087,LGALS3;S100A14
GO_Biological_Process_2023,Regulation Of Cell Morphogenesis (GO:0022604),2/31,0.0382674239788824,0.1745210124558045,0,0,6.886450714036921,22.47156498788087,CLDN4;CD44
GO_Biological_Process_2023,Regulation Of Response To External Stimulus (GO:0032101),4/127,0.0388026991948337,0.1764650842596514,0,0,3.264808362369338,10.608229071142864,GRN;ANXA1;CASP4;CD55
GO_Biological_Process_2023,Negative Regulation Of Macromolecule Metabolic Process (GO:0010605),5/186,0.0393015741334146,0.1774969999447486,0,0,2.779288851112056,8.995142537647066,NDFIP2;SFRP2;APOE;KLF4;TLE5
GO_Biological_Process_2023,Defense Response To Gram-negative Bacterium (GO:0050829),3/75,0.0393585070908985,0.1774969999447486,0,0,4.1725888324873095,13.498504866555718,PYCARD;HMGB2;DEFB1
GO_Biological_Process_2023,Nucleosome Organization (GO:0034728),3/75,0.0393585070908985,0.1774969999447486,0,0,4.1725888324873095,13.498504866555718,HMGB2;HMGA1;BAZ1A
GO_Biological_Process_2023,Intracellular pH Reduction (GO:0051452),2/32,0.0405554933220173,0.1813794024539945,0,0,6.656565656565657,21.334852328849312,ATP6V0B;ATP6V0E1
GO_Biological_Process_2023,Muscle Cell Development (GO:0055001),2/32,0.0405554933220173,0.1813794024539945,0,0,6.656565656565657,21.334852328849312,CXADR;SDC1
GO_Biological_Process_2023,Negative Regulation Of G1/S Transition Of Mitotic Cell Cycle (GO:2000134),2/32,0.0405554933220173,0.1813794024539945,0,0,6.656565656565657,21.334852328849312,GPNMB;KLF4
GO_Biological_Process_2023,Positive Regulation Of Interleukin-6 Production (GO:0032755),3/76,0.0406838872546084,0.1814523786920416,0,0,4.115221472776581,13.17662292356699,PYCARD;CD74;CYBA
GO_Biological_Process_2023,Endocytosis (GO:0006897),5/189,0.0416249552229583,0.1851395673240921,0,0,2.73355629877369,8.690126930333951,ANXA1;ADRB2;APOE;RHOV;OCIAD2
GO_Biological_Process_2023,Neutrophil Migration (GO:1990266),3/77,0.0420316296186853,0.1864361872675385,0,0,4.059404582247222,12.865604326296657,LGALS3;CXADR;KLF5
GO_Biological_Process_2023,Positive Regulation Of DNA Binding (GO:0043388),2/33,0.0428939515536669,0.1881986654888532,0,0,6.4415118931247966,20.28447846195992,HMGB2;TXN
GO_Biological_Process_2023,Positive Regulation Of Cytokine Production Involved In Immune Response (GO:0002720),2/33,0.0428939515536669,0.1881986654888532,0,0,6.4415118931247966,20.28447846195992,HLA-A;CD55
GO_Biological_Process_2023,Positive Regulation Of Small Molecule Metabolic Process (GO:0062013),2/33,0.0428939515536669,0.1881986654888532,0,0,6.4415118931247966,20.28447846195992,PMAIP1;APOE
GO_Biological_Process_2023,Regulation Of Activated T Cell Proliferation (GO:0046006),2/33,0.0428939515536669,0.1881986654888532,0,0,6.4415118931247966,20.28447846195992,PYCARD;IL18
GO_Biological_Process_2023,Positive Regulation Of Tumor Necrosis Factor Production (GO:0032760),3/78,0.0434016299293596,0.1899114563665764,0,0,4.00507614213198,12.564958299367063,PYCARD;IFNGR1;CYBA
GO_Biological_Process_2023,Membrane Protein Proteolysis (GO:0033619),2/34,0.0452815731960364,0.1910963319363567,0,0,6.23989898989899,19.311583224616665,APH1A;CTSH
GO_Biological_Process_2023,Positive Regulation Of Organelle Organization (GO:0010638),2/34,0.0452815731960364,0.1910963319363567,0,0,6.23989898989899,19.311583224616665,ANXA1;ANXA2
GO_Biological_Process_2023,Activation Of Protein Kinase Activity (GO:0032147),3/81,0.047644064808467,0.1910963319363567,0,0,3.850449043342445,11.720756163276285,IL18;ADRB2;TXN
GO_Biological_Process_2023,Negative Regulation Of Cell Cycle G1/S Phase Transition (GO:1902807),2/35,0.0477171520360592,0.1910963319363567,0,0,6.05050505050505,18.408446001894514,GPNMB;KLF4
GO_Biological_Process_2023,Platelet Aggregation (GO:0070527),2/35,0.0477171520360592,0.1910963319363567,0,0,6.05050505050505,18.408446001894514,CLIC1;MYL12A
GO_Biological_Process_2023,Regulation Of Protein Kinase B Signaling (GO:0051896),4/136,0.0478304724158974,0.1910963319363567,0,0,3.0408163265306123,9.24436243489024,MYDGF;IL18;TXN;RTN4
GO_Biological_Process_2023,Proteolysis (GO:0006508),7/330,0.0485960464693638,0.1910963319363567,0,0,2.187057861050065,6.614129033302421,APH1A;CFH;CTSK;MMP2;CASP4;CTSH;CTSC
GO_Biological_Process_2023,Regulation Of Circadian Sleep/Wake Cycle (GO:0042749),1/5,0.049014519870416,0.1910963319363567,0,0,24.86934673366834,74.99696447567176,PTGDS
GO_Biological_Process_2023,"Regulation Of Circadian Sleep/Wake Cycle, Sleep (GO:0045187)",1/5,0.049014519870416,0.1910963319363567,0,0,24.86934673366834,74.99696447567176,PTGDS
GO_Biological_Process_2023,Regulation Of Extracellular Exosome Assembly (GO:1903551),1/5,0.049014519870416,0.1910963319363567,0,0,24.86934673366834,74.99696447567176,SDC1
GO_Biological_Process_2023,Regulation Of Monoatomic Anion Transport (GO:0044070),1/5,0.049014519870416,0.1910963319363567,0,0,24.86934673366834,74.99696447567176,CA2
GO_Biological_Process_2023,Regulation Of Morphogenesis Of A Branching Structure (GO:0060688),1/5,0.049014519870416,0.1910963319363567,0,0,24.86934673366834,74.99696447567176,RTN4
GO_Biological_Process_2023,Regulation Of Neutrophil Activation (GO:1902563),1/5,0.049014519870416,0.1910963319363567,0,0,24.86934673366834,74.99696447567176,GRN
GO_Biological_Process_2023,Regulation Of Peptidyl-Cysteine S-nitrosylation (GO:2000169),1/5,0.049014519870416,0.1910963319363567,0,0,24.86934673366834,74.99696447567176,TXN
GO_Biological_Process_2023,Bradykinin Catabolic Process (GO:0010815),1/5,0.049014519870416,0.1910963319363567,0,0,24.86934673366834,74.99696447567176,CTSH
GO_Biological_Process_2023,Regulation Of Transmission Of Nerve Impulse (GO:0051969),1/5,0.049014519870416,0.1910963319363567,0,0,24.86934673366834,74.99696447567176,TYMP
GO_Biological_Process_2023,Regulation Of Type 2 Immune Response (GO:0002828),1/5,0.049014519870416,0.1910963319363567,0,0,24.86934673366834,74.99696447567176,CD74
GO_Biological_Process_2023,Epithelial Tube Branching Involved In Lung Morphogenesis (GO:0060441),1/5,0.049014519870416,0.1910963319363567,0,0,24.86934673366834,74.99696447567176,CTSH
GO_Biological_Process_2023,Glycolipid Transport (GO:0046836),1/5,0.049014519870416,0.1910963319363567,0,0,24.86934673366834,74.99696447567176,NPC2
GO_Biological_Process_2023,Ventricular Compact Myocardium Morphogenesis (GO:0003223),1/5,0.049014519870416,0.1910963319363567,0,0,24.86934673366834,74.99696447567176,DSP
GO_Biological_Process_2023,Hydrogen Peroxide Biosynthetic Process (GO:0050665),1/5,0.049014519870416,0.1910963319363567,0,0,24.86934673366834,74.99696447567176,CYBA
GO_Biological_Process_2023,Lipid Droplet Disassembly (GO:1905691),1/5,0.049014519870416,0.1910963319363567,0,0,24.86934673366834,74.99696447567176,PLIN2
GO_Biological_Process_2023,Lipoprotein Metabolic Process (GO:0042157),1/5,0.049014519870416,0.1910963319363567,0,0,24.86934673366834,74.99696447567176,APOE
GO_Biological_Process_2023,Mesodermal Cell Fate Commitment (GO:0001710),1/5,0.049014519870416,0.1910963319363567,0,0,24.86934673366834,74.99696447567176,KLF4
GO_Biological_Process_2023,Negative Regulation Of Actin Filament Depolymerization (GO:0030835),1/5,0.049014519870416,0.1910963319363567,0,0,24.86934673366834,74.99696447567176,LIMA1
GO_Biological_Process_2023,Negative Regulation Of Amyloid Precursor Protein Biosynthetic Process (GO:0042985),1/5,0.049014519870416,0.1910963319363567,0,0,24.86934673366834,74.99696447567176,ITM2A
GO_Biological_Process_2023,Negative Regulation Of Cellular Response To Hypoxia (GO:1900038),1/5,0.049014519870416,0.1910963319363567,0,0,24.86934673366834,74.99696447567176,ENO1
GO_Biological_Process_2023,Negative Regulation Of Endoplasmic Reticulum Calcium Ion Concentration (GO:0032471),1/5,0.049014519870416,0.1910963319363567,0,0,24.86934673366834,74.99696447567176,BCAP31
GO_Biological_Process_2023,Negative Regulation Of Morphogenesis Of An Epithelium (GO:1905331),1/5,0.049014519870416,0.1910963319363567,0,0,24.86934673366834,74.99696447567176,TACSTD2
GO_Biological_Process_2023,Negative Regulation Of Trophoblast Cell Migration (GO:1901164),1/5,0.049014519870416,0.1910963319363567,0,0,24.86934673366834,74.99696447567176,GJA1
GO_Biological_Process_2023,Neutrophil Degranulation (GO:0043312),1/5,0.049014519870416,0.1910963319363567,0,0,24.86934673366834,74.99696447567176,VAMP8
GO_Biological_Process_2023,Osmosensory Signaling Pathway (GO:0007231),1/5,0.049014519870416,0.1910963319363567,0,0,24.86934673366834,74.99696447567176,PYCARD
GO_Biological_Process_2023,Positive Regulation Of NK T Cell Proliferation (GO:0051142),1/5,0.049014519870416,0.1910963319363567,0,0,24.86934673366834,74.99696447567176,IL18
GO_Biological_Process_2023,Positive Regulation Of T Cell Mediated Immune Response To Tumor Cell (GO:0002842),1/5,0.049014519870416,0.1910963319363567,0,0,24.86934673366834,74.99696447567176,HLA-DRB1
GO_Biological_Process_2023,Positive Regulation Of T-helper 2 Cell Differentiation (GO:0045630),1/5,0.049014519870416,0.1910963319363567,0,0,24.86934673366834,74.99696447567176,IL18
GO_Biological_Process_2023,Positive Regulation Of Extrinsic Apoptotic Signaling Pathway Via Death Domain Receptors (GO:1902043),1/5,0.049014519870416,0.1910963319363567,0,0,24.86934673366834,74.99696447567176,PMAIP1
GO_Biological_Process_2023,Positive Regulation Of Hemoglobin Biosynthetic Process (GO:0046985),1/5,0.049014519870416,0.1910963319363567,0,0,24.86934673366834,74.99696447567176,KLF4
GO_Biological_Process_2023,Positive Regulation Of Intrinsic Apoptotic Signaling Pathway By P53 Class Mediator (GO:1902255),1/5,0.049014519870416,0.1910963319363567,0,0,24.86934673366834,74.99696447567176,RPL26
GO_Biological_Process_2023,Positive Regulation Of Podosome Assembly (GO:0071803),1/5,0.049014519870416,0.1910963319363567,0,0,24.86934673366834,74.99696447567176,FSCN1
GO_Biological_Process_2023,Positive Regulation Of Receptor Binding (GO:1900122),1/5,0.049014519870416,0.1910963319363567,0,0,24.86934673366834,74.99696447567176,B2M
GO_Biological_Process_2023,Protection From Natural Killer Cell Mediated Cytotoxicity (GO:0042270),1/5,0.049014519870416,0.1910963319363567,0,0,24.86934673366834,74.99696447567176,HLA-B
GO_Biological_Process_2023,Protein Import (GO:0017038),1/5,0.049014519870416,0.1910963319363567,0,0,24.86934673366834,74.99696447567176,LAMP2
GO_Biological_Process_2023,Protein Targeting To Vacuole Involved In Autophagy (GO:0071211),1/5,0.049014519870416,0.1910963319363567,0,0,24.86934673366834,74.99696447567176,LAMP2
GO_Biological_Process_2023,"Regulation Of DNA Damage Response, Signal Transduction By P53 Class Mediator Resulting In Transcription Of P21 Class Mediator (GO:1902162)",1/5,0.049014519870416,0.1910963319363567,0,0,24.86934673366834,74.99696447567176,RPL26
GO_Biological_Process_2023,Regulation Of T Cell Activation Via T Cell Receptor Contact With Antigen Bound To MHC Molecule On Antigen Presenting Cell (GO:2001188),1/5,0.049014519870416,0.1910963319363567,0,0,24.86934673366834,74.99696447567176,LGALS3
GO_Biological_Process_2023,Positive Regulation Of Tumor Necrosis Factor Superfamily Cytokine Production (GO:1903557),3/82,0.049101960522251,0.1910963319363567,0,0,3.801516417143224,11.457224263457675,PYCARD;IFNGR1;CYBA
GO_Biological_Process_2023,"DNA Damage Response, Signal Transduction By P53 Class Mediator (GO:0030330)",2/36,0.0501995008461569,0.1939689543435037,0,0,5.872251931075461,17.568310863627904,RPL26;NDRG1
GO_Biological_Process_2023,Negative Regulation Of T Cell Proliferation (GO:0042130),2/36,0.0501995008461569,0.1939689543435037,0,0,5.872251931075461,17.568310863627904,GPNMB;HLA-DRB1
GO_Biological_Process_2023,Protein Destabilization (GO:0031648),2/36,0.0501995008461569,0.1939689543435037,0,0,5.872251931075461,17.568310863627904,CTSH;SERF2
GO_Biological_Process_2023,Regulation Of Cell Division (GO:0051302),3/83,0.0505815238385671,0.1949797311777147,0,0,3.753807106598985,11.201994465025969,SFRP2;SFN;RAB11A
GO_Biological_Process_2023,Negative Regulation Of Wnt Signaling Pathway (GO:0030178),4/140,0.0521853956667059,0.1982317512595051,0,0,2.95078031212485,8.713514393945305,SFRP2;CTNNBIP1;APOE;TLE5
GO_Biological_Process_2023,Regulation Of Sodium Ion Transmembrane Transporter Activity (GO:2000649),2/37,0.0527274511453542,0.1982317512595051,0,0,5.704184704184704,16.785242657704043,FXYD3;FXYD5
GO_Biological_Process_2023,Regulation Of Vascular Associated Smooth Muscle Cell Proliferation (GO:1904705),2/37,0.0527274511453542,0.1982317512595051,0,0,5.704184704184704,16.785242657704043,GJA1;MMP2
GO_Biological_Process_2023,Negative Regulation Of Smooth Muscle Cell Proliferation (GO:0048662),2/37,0.0527274511453542,0.1982317512595051,0,0,5.704184704184704,16.785242657704043,APOD;APOE
GO_Biological_Process_2023,Positive Regulation Of Exocytosis (GO:0045921),2/37,0.0527274511453542,0.1982317512595051,0,0,5.704184704184704,16.785242657704043,SDC1;S100A10
GO_Biological_Process_2023,Positive Regulation Of Immune Effector Process (GO:0002699),2/37,0.0527274511453542,0.1982317512595051,0,0,5.704184704184704,16.785242657704043,HLA-DRA;HLA-DRB1
GO_Biological_Process_2023,Regulation Of Cellular Component Biogenesis (GO:0044087),2/37,0.0527274511453542,0.1982317512595051,0,0,5.704184704184704,16.785242657704043,APOE;EZR
GO_Biological_Process_2023,Response To Interleukin-1 (GO:0070555),3/85,0.0536051258792773,0.1982317512595051,0,0,3.661879410672279,10.71506409870918,PYCARD;ANXA1;TLE5
GO_Biological_Process_2023,Positive Regulation Of Cell Population Proliferation (GO:0008284),9/483,0.0543734821239748,0.1982317512595051,0,0,1.921200874809464,5.594303915239615,CD74;GJA1;GRN;SFRP2;RPS15A;SOX15;S100A13;IL18;CTSH
GO_Biological_Process_2023,Response To Peptide (GO:1901652),2/38,0.0552998529270401,0.1982317512595051,0,0,5.545454545454546,16.054007893661755,ANXA1;MMP2
GO_Biological_Process_2023,Regulation Of Mitochondrial Membrane Potential (GO:0051881),2/39,0.0579155744332589,0.1982317512595051,0,0,5.395304395304395,15.369975594462096,ARL6IP5;PMAIP1
GO_Biological_Process_2023,Retina Homeostasis (GO:0001895),2/39,0.0579155744332589,0.1982317512595051,0,0,5.395304395304395,15.369975594462096,KRT1;B2M
GO_Biological_Process_2023,Negative Regulation Of Cell-Substrate Adhesion (GO:0010812),2/39,0.0579155744332589,0.1982317512595051,0,0,5.395304395304395,15.369975594462096,TACSTD2;FBLN1
GO_Biological_Process_2023,Negative Regulation Of Lymphocyte Proliferation (GO:0050672),2/39,0.0579155744332589,0.1982317512595051,0,0,5.395304395304395,15.369975594462096,GPNMB;HLA-DRB1
GO_Biological_Process_2023,Positive Regulation Of Intrinsic Apoptotic Signaling Pathway (GO:2001244),2/39,0.0579155744332589,0.1982317512595051,0,0,5.395304395304395,15.369975594462096,BCAP31;PMAIP1
GO_Biological_Process_2023,Positive Regulation Of Pattern Recognition Receptor Signaling Pathway (GO:0062208),2/39,0.0579155744332589,0.1982317512595051,0,0,5.395304395304395,15.369975594462096,CYBA;RTN4
GO_Biological_Process_2023,Protein Stabilization (GO:0050821),5/208,0.0582436881009022,0.1982317512595051,0,0,2.47530630289251,7.037591744938416,GRN;RPL11;LAMP2;DSG1;RTN4
GO_Biological_Process_2023,Regulation Of Endothelial Cell Migration (GO:0010594),3/88,0.0582996390300356,0.1982317512595051,0,0,3.532099134069872,10.038788675236006,GRN;APOE;DCN
GO_Biological_Process_2023,Negative Regulation Of Neuron Death (GO:1901215),3/88,0.0582996390300356,0.1982317512595051,0,0,3.532099134069872,10.038788675236006,GRN;GPNMB;APOE
GO_Biological_Process_2023,Negative Regulation Of Protein Kinase Activity (GO:0006469),3/88,0.0582996390300356,0.1982317512595051,0,0,3.532099134069872,10.038788675236006,PYCARD;SFN;THY1
GO_Biological_Process_2023,AV Node Cell To Bundle Of His Cell Communication (GO:0086067),1/6,0.0585267307609904,0.1982317512595051,0,0,19.894472361809044,56.46591775214154,CXADR
GO_Biological_Process_2023,Regulation Of Hemoglobin Biosynthetic Process (GO:0046984),1/6,0.0585267307609904,0.1982317512595051,0,0,19.894472361809044,56.46591775214154,KLF4
GO_Biological_Process_2023,Regulation Of Histamine Secretion By Mast Cell (GO:1903593),1/6,0.0585267307609904,0.1982317512595051,0,0,19.894472361809044,56.46591775214154,VAMP8
GO_Biological_Process_2023,Regulation Of Metallopeptidase Activity (GO:1905048),1/6,0.0585267307609904,0.1982317512595051,0,0,19.894472361809044,56.46591775214154,CLDN4
GO_Biological_Process_2023,Angiotensin-Activated Signaling Pathway (GO:0038166),1/6,0.0585267307609904,0.1982317512595051,0,0,19.894472361809044,56.46591775214154,CA2
GO_Biological_Process_2023,Antigen Processing And Presentation Of Endogenous Peptide Antigen Via MHC Class I (GO:0019885),1/6,0.0585267307609904,0.1982317512595051,0,0,19.894472361809044,56.46591775214154,HLA-A
GO_Biological_Process_2023,Antigen Processing And Presentation Of Exogenous Peptide Antigen Via MHC Class I (GO:0042590),1/6,0.0585267307609904,0.1982317512595051,0,0,19.894472361809044,56.46591775214154,HLA-A
GO_Biological_Process_2023,Autophagosome Membrane Docking (GO:0016240),1/6,0.0585267307609904,0.1982317512595051,0,0,19.894472361809044,56.46591775214154,VAMP8
GO_Biological_Process_2023,Bleb Assembly (GO:0032060),1/6,0.0585267307609904,0.1982317512595051,0,0,19.894472361809044,56.46591775214154,EMP1
GO_Biological_Process_2023,Regulation Of Phospholipid Transport (GO:2001138),1/6,0.0585267307609904,0.1982317512595051,0,0,19.894472361809044,56.46591775214154,TSPO
GO_Biological_Process_2023,Regulation Of Prostaglandin Biosynthetic Process (GO:0031392),1/6,0.0585267307609904,0.1982317512595051,0,0,19.894472361809044,56.46591775214154,CD74
GO_Biological_Process_2023,Regulation Of Striated Muscle Tissue Development (GO:0016202),1/6,0.0585267307609904,0.1982317512595051,0,0,19.894472361809044,56.46591775214154,SOX15
GO_Biological_Process_2023,Cellular Response To Laminar Fluid Shear Stress (GO:0071499),1/6,0.0585267307609904,0.1982317512595051,0,0,19.894472361809044,56.46591775214154,KLF4
GO_Biological_Process_2023,Cholesterol Catabolic Process (GO:0006707),1/6,0.0585267307609904,0.1982317512595051,0,0,19.894472361809044,56.46591775214154,APOE
GO_Biological_Process_2023,Ribosomal Small Subunit Export From Nucleus (GO:0000056),1/6,0.0585267307609904,0.1982317512595051,0,0,19.894472361809044,56.46591775214154,RPS15
GO_Biological_Process_2023,Spontaneous Synaptic Transmission (GO:0098814),1/6,0.0585267307609904,0.1982317512595051,0,0,19.894472361809044,56.46591775214154,NSG1
GO_Biological_Process_2023,Sterol Catabolic Process (GO:0016127),1/6,0.0585267307609904,0.1982317512595051,0,0,19.894472361809044,56.46591775214154,APOE
GO_Biological_Process_2023,Excitatory Chemical Synaptic Transmission (GO:0098976),1/6,0.0585267307609904,0.1982317512595051,0,0,19.894472361809044,56.46591775214154,PDLIM4
GO_Biological_Process_2023,Macropinocytosis (GO:0044351),1/6,0.0585267307609904,0.1982317512595051,0,0,19.894472361809044,56.46591775214154,PYCARD
GO_Biological_Process_2023,Negative Regulation Of Neuron Projection Regeneration (GO:0070571),1/6,0.0585267307609904,0.1982317512595051,0,0,19.894472361809044,56.46591775214154,THY1
GO_Biological_Process_2023,Negative Regulation Of p38MAPK Cascade (GO:1903753),1/6,0.0585267307609904,0.1982317512595051,0,0,19.894472361809044,56.46591775214154,EZR
GO_Biological_Process_2023,Negative Regulation Of Response To Reactive Oxygen Species (GO:1901032),1/6,0.0585267307609904,0.1982317512595051,0,0,19.894472361809044,56.46591775214154,TXN
GO_Biological_Process_2023,Negative Regulation Of Ruffle Assembly (GO:1900028),1/6,0.0585267307609904,0.1982317512595051,0,0,19.894472361809044,56.46591775214154,TACSTD2
GO_Biological_Process_2023,Negative Regulation Of Smooth Muscle Cell Apoptotic Process (GO:0034392),1/6,0.0585267307609904,0.1982317512595051,0,0,19.894472361809044,56.46591775214154,LYPD3
GO_Biological_Process_2023,"Neurotransmitter Receptor Transport, Endosome To Postsynaptic Membrane (GO:0098887)",1/6,0.0585267307609904,0.1982317512595051,0,0,19.894472361809044,56.46591775214154,RAB11A
GO_Biological_Process_2023,Parallel Actin Filament Bundle Assembly (GO:0030046),1/6,0.0585267307609904,0.1982317512595051,0,0,19.894472361809044,56.46591775214154,FSCN1
GO_Biological_Process_2023,Positive Regulation Of Amyloid-Beta Clearance (GO:1900223),1/6,0.0585267307609904,0.1982317512595051,0,0,19.894472361809044,56.46591775214154,APOE
GO_Biological_Process_2023,Positive Regulation Of Endoplasmic Reticulum Stress-Induced Intrinsic Apoptotic Signaling Pathway (GO:1902237),1/6,0.0585267307609904,0.1982317512595051,0,0,19.894472361809044,56.46591775214154,PMAIP1
GO_Biological_Process_2023,Positive Regulation Of Immune Response To Tumor Cell (GO:0002839),1/6,0.0585267307609904,0.1982317512595051,0,0,19.894472361809044,56.46591775214154,HLA-DRB1
GO_Biological_Process_2023,Positive Regulation Of Membrane Depolarization (GO:1904181),1/6,0.0585267307609904,0.1982317512595051,0,0,19.894472361809044,56.46591775214154,DCN
GO_Biological_Process_2023,Positive Regulation Of Receptor Catabolic Process (GO:2000646),1/6,0.0585267307609904,0.1982317512595051,0,0,19.894472361809044,56.46591775214154,APOE
GO_Biological_Process_2023,Positive Regulation Of Steroid Metabolic Process (GO:0045940),1/6,0.0585267307609904,0.1982317512595051,0,0,19.894472361809044,56.46591775214154,APOE
GO_Biological_Process_2023,Protein Catabolic Process In The Vacuole (GO:0007039),1/6,0.0585267307609904,0.1982317512595051,0,0,19.894472361809044,56.46591775214154,LAMP2
GO_Biological_Process_2023,Protein Localization To Endoplasmic Reticulum Exit Site (GO:0070973),1/6,0.0585267307609904,0.1982317512595051,0,0,19.894472361809044,56.46591775214154,BCAP31
GO_Biological_Process_2023,Regulation Of NK T Cell Proliferation (GO:0051140),1/6,0.0585267307609904,0.1982317512595051,0,0,19.894472361809044,56.46591775214154,IL18
GO_Biological_Process_2023,Regulation Of T Cell Mediated Immune Response To Tumor Cell (GO:0002840),1/6,0.0585267307609904,0.1982317512595051,0,0,19.894472361809044,56.46591775214154,HLA-DRB1
GO_Biological_Process_2023,Regulation Of T Cell Tolerance Induction (GO:0002664),1/6,0.0585267307609904,0.1982317512595051,0,0,19.894472361809044,56.46591775214154,HLA-B
GO_Biological_Process_2023,Regulation Of T-helper 1 Cell Differentiation (GO:0045625),1/6,0.0585267307609904,0.1982317512595051,0,0,19.894472361809044,56.46591775214154,MYDGF
GO_Biological_Process_2023,Positive Regulation Of Peptidyl-Serine Phosphorylation (GO:0033138),3/89,0.0599063264776533,0.2024808821864734,0,0,3.490851139180734,9.82665226973149,SFRP2;TXN;CD44
GO_Biological_Process_2023,Regulation Of Cytokine-Mediated Signaling Pathway (GO:0001959),2/40,0.0605735018773766,0.203040371717335,0,0,5.253056884635832,14.729034349424168,PYCARD;CD74
GO_Biological_Process_2023,Regulation Of Small Molecule Metabolic Process (GO:0062012),2/40,0.0605735018773766,0.203040371717335,0,0,5.253056884635832,14.729034349424168,RORA;APOE
GO_Biological_Process_2023,Cyclic-Nucleotide-Mediated Signaling (GO:0019935),2/40,0.0605735018773766,0.203040371717335,0,0,5.253056884635832,14.729034349424168,DEFB1;APOE
GO_Biological_Process_2023,Negative Regulation Of Mitotic Cell Cycle Phase Transition (GO:1901991),2/40,0.0605735018773766,0.203040371717335,0,0,5.253056884635832,14.729034349424168,GPNMB;KLF4
GO_Biological_Process_2023,Regulation Of Peptidyl-Tyrosine Phosphorylation (GO:0050730),3/90,0.0615336873024211,0.2054083293662264,0,0,3.450551374059163,9.62072552614985,CD74;SFRP2;CD44
GO_Biological_Process_2023,Regulation Of Phosphatidylinositol 3-Kinase Signaling (GO:0014066),3/90,0.0615336873024211,0.2054083293662264,0,0,3.450551374059163,9.62072552614985,MYDGF;IL18;DCN
GO_Biological_Process_2023,Negative Regulation Of Protein Phosphorylation (GO:0001933),4/149,0.0627473419326677,0.2071596446902641,0,0,2.7663617171006334,7.659057108220177,SFRP2;FBLN1;SFN;THY1
GO_Biological_Process_2023,Regulation Of Epithelial Cell Proliferation (GO:0050678),3/91,0.063181565752201,0.2071596446902641,0,0,3.411167512690356,9.420766981809484,GRN;SFRP2;B2M
GO_Biological_Process_2023,Regulation Of Heart Rate By Cardiac Conduction (GO:0086091),2/41,0.0632725392250683,0.2071596446902641,0,0,5.118104118104118,14.127522570834804,DSP;JUP
GO_Biological_Process_2023,Negative Regulation Of mRNA Catabolic Process (GO:1902373),2/41,0.0632725392250683,0.2071596446902641,0,0,5.118104118104118,14.127522570834804,PKP1;PKP3
GO_Biological_Process_2023,Negative Regulation Of Proteolysis (GO:0045861),2/41,0.0632725392250683,0.2071596446902641,0,0,5.118104118104118,14.127522570834804,CSTB;CSTA
GO_Biological_Process_2023,Non-Canonical Wnt Signaling Pathway (GO:0035567),2/41,0.0632725392250683,0.2071596446902641,0,0,5.118104118104118,14.127522570834804,SFRP2;DAAM1
GO_Biological_Process_2023,Positive Regulation Of Response To Biotic Stimulus (GO:0002833),2/41,0.0632725392250683,0.2071596446902641,0,0,5.118104118104118,14.127522570834804,GRN;CYBA
GO_Biological_Process_2023,Cellular Response To Glucose Starvation (GO:0042149),2/42,0.0660116079502312,0.2071596446902641,0,0,4.98989898989899,13.5621695873434,PMAIP1;PLIN2
GO_Biological_Process_2023,Negative Regulation Of I-kappaB kinase/NF-kappaB Signaling (GO:0043124),2/42,0.0660116079502312,0.2071596446902641,0,0,4.98989898989899,13.5621695873434,PYCARD;RORA
GO_Biological_Process_2023,Regulation Of Endothelial Cell Proliferation (GO:0001936),3/93,0.0665382374289198,0.2071596446902641,0,0,3.33502538071066,9.037847070802028,MYDGF;HMGB2;APOE
GO_Biological_Process_2023,Regulation Of Peptidyl-Serine Phosphorylation (GO:0033135),3/93,0.0665382374289198,0.2071596446902641,0,0,3.33502538071066,9.037847070802028,SFRP2;TXN;CD44
GO_Biological_Process_2023,Regulation Of Cellular Component Organization (GO:0051128),4/153,0.067776522922278,0.2071596446902641,0,0,2.6915491028626217,7.2444104939510305,LTBP4;AP2S1;APOE;SGK1
GO_Biological_Process_2023,Regulation Of Extent Of Cell Growth (GO:0061387),1/7,0.0679442688885301,0.2071596446902641,0,0,16.57788944723618,44.57906348265406,APOE
GO_Biological_Process_2023,Notch Receptor Processing (GO:0007220),1/7,0.0679442688885301,0.2071596446902641,0,0,16.57788944723618,44.57906348265406,APH1A
GO_Biological_Process_2023,Regulation Of Hydrogen Peroxide-Induced Cell Death (GO:1903205),1/7,0.0679442688885301,0.2071596446902641,0,0,16.57788944723618,44.57906348265406,TXN
GO_Biological_Process_2023,Regulation Of Lymphocyte Apoptotic Process (GO:0070228),1/7,0.0679442688885301,0.2071596446902641,0,0,16.57788944723618,44.57906348265406,LGALS3
GO_Biological_Process_2023,Regulation Of Mammary Gland Epithelial Cell Proliferation (GO:0033599),1/7,0.0679442688885301,0.2071596446902641,0,0,16.57788944723618,44.57906348265406,RTN4
GO_Biological_Process_2023,Regulation Of Microvillus Organization (GO:0032530),1/7,0.0679442688885301,0.2071596446902641,0,0,16.57788944723618,44.57906348265406,FSCN1
GO_Biological_Process_2023,Atrial Cardiac Muscle Cell To AV Node Cell Signaling (GO:0086026),1/7,0.0679442688885301,0.2071596446902641,0,0,16.57788944723618,44.57906348265406,GJA1
GO_Biological_Process_2023,Regulation Of Phospholipase A2 Activity (GO:0032429),1/7,0.0679442688885301,0.2071596446902641,0,0,16.57788944723618,44.57906348265406,ANXA1
GO_Biological_Process_2023,Cellular Response To Angiotensin (GO:1904385),1/7,0.0679442688885301,0.2071596446902641,0,0,16.57788944723618,44.57906348265406,CA2
GO_Biological_Process_2023,Regulation Of Stem Cell Division (GO:2000035),1/7,0.0679442688885301,0.2071596446902641,0,0,16.57788944723618,44.57906348265406,SFRP2
GO_Biological_Process_2023,Cytochrome Complex Assembly (GO:0017004),1/7,0.0679442688885301,0.2071596446902641,0,0,16.57788944723618,44.57906348265406,CYBA
GO_Biological_Process_2023,"Endonucleolytic Cleavage In ITS1 To Separate SSU-rRNA From 5.8S rRNA And LSU-rRNA From Tricistronic rRNA Transcript (SSU-rRNA, 5.8S rRNA, LSU-rRNA) (GO:0000447)",1/7,0.0679442688885301,0.2071596446902641,0,0,16.57788944723618,44.57906348265406,RPS21
GO_Biological_Process_2023,Establishment Of Centrosome Localization (GO:0051660),1/7,0.0679442688885301,0.2071596446902641,0,0,16.57788944723618,44.57906348265406,EZR
GO_Biological_Process_2023,tRNA Transcription By RNA Polymerase III (GO:0042797),1/7,0.0679442688885301,0.2071596446902641,0,0,16.57788944723618,44.57906348265406,POLR2L
GO_Biological_Process_2023,Very-Low-Density Lipoprotein Particle Remodeling (GO:0034372),1/7,0.0679442688885301,0.2071596446902641,0,0,16.57788944723618,44.57906348265406,APOE
GO_Biological_Process_2023,Leukocyte Aggregation (GO:0070486),1/7,0.0679442688885301,0.2071596446902641,0,0,16.57788944723618,44.57906348265406,CD44
GO_Biological_Process_2023,Mammary Gland Epithelial Cell Differentiation (GO:0060644),1/7,0.0679442688885301,0.2071596446902641,0,0,16.57788944723618,44.57906348265406,IRF6
GO_Biological_Process_2023,Myoblast Migration (GO:0051451),1/7,0.0679442688885301,0.2071596446902641,0,0,16.57788944723618,44.57906348265406,ANXA1
GO_Biological_Process_2023,"Negative Regulation Of CD8-positive, Alpha-Beta T Cell Activation (GO:2001186)",1/7,0.0679442688885301,0.2071596446902641,0,0,16.57788944723618,44.57906348265406,DAPL1
GO_Biological_Process_2023,Negative Regulation Of Amyloid-Beta Clearance (GO:1900222),1/7,0.0679442688885301,0.2071596446902641,0,0,16.57788944723618,44.57906348265406,IFNGR1
GO_Biological_Process_2023,Negative Regulation Of Microglial Cell Activation (GO:1903979),1/7,0.0679442688885301,0.2071596446902641,0,0,16.57788944723618,44.57906348265406,GRN
GO_Biological_Process_2023,Negative Regulation Of Mitochondrial Membrane Potential (GO:0010917),1/7,0.0679442688885301,0.2071596446902641,0,0,16.57788944723618,44.57906348265406,PMAIP1
GO_Biological_Process_2023,Negative Regulation Of Phospholipase Activity (GO:0010519),1/7,0.0679442688885301,0.2071596446902641,0,0,16.57788944723618,44.57906348265406,ANXA1
GO_Biological_Process_2023,"Neurotransmitter Receptor Transport, Endosome To Plasma Membrane (GO:0099639)",1/7,0.0679442688885301,0.2071596446902641,0,0,16.57788944723618,44.57906348265406,RAB11A
GO_Biological_Process_2023,Plasma Membrane To Endosome Transport (GO:0048227),1/7,0.0679442688885301,0.2071596446902641,0,0,16.57788944723618,44.57906348265406,RAB11A
GO_Biological_Process_2023,Positive Regulation Of Aspartic-Type Peptidase Activity (GO:1905247),1/7,0.0679442688885301,0.2071596446902641,0,0,16.57788944723618,44.57906348265406,GRN
GO_Biological_Process_2023,Positive Regulation Of Calcium Ion Import (GO:0090280),1/7,0.0679442688885301,0.2071596446902641,0,0,16.57788944723618,44.57906348265406,LGALS3
GO_Biological_Process_2023,Positive Regulation Of Extracellular Matrix Disassembly (GO:0090091),1/7,0.0679442688885301,0.2071596446902641,0,0,16.57788944723618,44.57906348265406,FSCN1
GO_Biological_Process_2023,Positive Regulation Of Leukocyte Differentiation (GO:1902107),1/7,0.0679442688885301,0.2071596446902641,0,0,16.57788944723618,44.57906348265406,LGALS3
GO_Biological_Process_2023,Positive Regulation Of Myeloid Cell Apoptotic Process (GO:0033034),1/7,0.0679442688885301,0.2071596446902641,0,0,16.57788944723618,44.57906348265406,ANXA1
GO_Biological_Process_2023,Positive Regulation Of Natural Killer Cell Proliferation (GO:0032819),1/7,0.0679442688885301,0.2071596446902641,0,0,16.57788944723618,44.57906348265406,IL18
GO_Biological_Process_2023,Purine Nucleotide Catabolic Process (GO:0006195),1/7,0.0679442688885301,0.2071596446902641,0,0,16.57788944723618,44.57906348265406,HINT1
GO_Biological_Process_2023,Regulation Of Cdc42 Protein Signal Transduction (GO:0032489),1/7,0.0679442688885301,0.2071596446902641,0,0,16.57788944723618,44.57906348265406,APOE
GO_Biological_Process_2023,Regulation Of T-helper 2 Cell Differentiation (GO:0045628),1/7,0.0679442688885301,0.2071596446902641,0,0,16.57788944723618,44.57906348265406,IL18
GO_Biological_Process_2023,Vesicle Organization (GO:0016050),3/94,0.0682467043328599,0.2076906284114667,0,0,3.298209404808389,8.854459164365215,VAMP8;ANXA2;S100A10
GO_Biological_Process_2023,Positive Regulation Of miRNA Transcription (GO:1902895),2/43,0.0687896467784887,0.2085588729108114,0,0,4.867947770386794,13.030045670347697,KLF5;KLF4
GO_Biological_Process_2023,Positive Regulation Of Receptor-Mediated Endocytosis (GO:0048260),2/43,0.0687896467784887,0.2085588729108114,0,0,4.867947770386794,13.030045670347697,ANXA2;B2M
GO_Biological_Process_2023,T Cell Receptor Signaling Pathway (GO:0050852),3/95,0.0699750364747784,0.2111722729748298,0,0,3.2621937762083424,8.676185118672581,HLA-A;THY1;HLA-DRB1
GO_Biological_Process_2023,Positive Regulation Of Cell Motility (GO:2000147),5/221,0.0715151147251225,0.2111722729748298,0,0,2.324786324786325,6.132429369807998,GRN;CLDN4;GPNMB;CTSH;CLDN1
GO_Biological_Process_2023,Autophagosome Maturation (GO:0097352),2/44,0.0716056114889121,0.2111722729748298,0,0,4.751803751803752,12.52851945708889,VAMP8;LAMP2
GO_Biological_Process_2023,Bone Development (GO:0060348),2/44,0.0716056114889121,0.2111722729748298,0,0,4.751803751803752,12.52851945708889,GJA1;RPL13
GO_Biological_Process_2023,Regulation Of Transport (GO:0051049),2/44,0.0716056114889121,0.2111722729748298,0,0,4.751803751803752,12.52851945708889,ARL6IP5;RAB11A
GO_Biological_Process_2023,Positive Regulation Of Biosynthetic Process (GO:0009891),2/44,0.0716056114889121,0.2111722729748298,0,0,4.751803751803752,12.52851945708889,CYBA;APOE
GO_Biological_Process_2023,Positive Regulation Of Cytokine-Mediated Signaling Pathway (GO:0001961),2/44,0.0716056114889121,0.2111722729748298,0,0,4.751803751803752,12.52851945708889,CD74;CASP4
GO_Biological_Process_2023,Regulation Of Cell-Substrate Adhesion (GO:0010810),2/44,0.0716056114889121,0.2111722729748298,0,0,4.751803751803752,12.52851945708889,THY1;FBLN2
GO_Biological_Process_2023,Regulation Of Macroautophagy (GO:0016241),3/96,0.0717230639353225,0.2111722729748298,0,0,3.2269526772556083,8.502836079014903,ATP6V0B;ATP6V0E1;DCN
GO_Biological_Process_2023,Regulation Of Protein Metabolic Process (GO:0051246),3/96,0.0717230639353225,0.2111722729748298,0,0,3.2269526772556083,8.502836079014903,PKP3;APOE;KLF4
GO_Biological_Process_2023,Zymogen Activation (GO:0031638),2/45,0.0744584746361064,0.2111722729748298,0,0,4.641061780596664,12.055221541075596,PERP;CTSH
GO_Biological_Process_2023,Positive Regulation Of Protein Modification Process (GO:0031401),5/225,0.0759067230347123,0.2111722729748298,0,0,2.282051282051282,5.883698765805317,CD74;MYDGF;GPNMB;TXN;HLA-DRB1
GO_Biological_Process_2023,AMP Biosynthetic Process (GO:0006167),1/8,0.0772680713380291,0.2111722729748298,0,0,14.208901651112706,36.38152974515558,APRT
GO_Biological_Process_2023,Cdc42 Protein Signal Transduction (GO:0032488),1/8,0.0772680713380291,0.2111722729748298,0,0,14.208901651112706,36.38152974515558,RHOV
GO_Biological_Process_2023,Regulation Of Defense Response To Bacterium (GO:1900424),1/8,0.0772680713380291,0.2111722729748298,0,0,14.208901651112706,36.38152974515558,GRN
GO_Biological_Process_2023,DNA Topological Change (GO:0006265),1/8,0.0772680713380291,0.2111722729748298,0,0,14.208901651112706,36.38152974515558,HMGB2
GO_Biological_Process_2023,Regulation Of Epidermis Development (GO:0045682),1/8,0.0772680713380291,0.2111722729748298,0,0,14.208901651112706,36.38152974515558,KRT10
GO_Biological_Process_2023,Alcohol Catabolic Process (GO:0046164),1/8,0.0772680713380291,0.2111722729748298,0,0,14.208901651112706,36.38152974515558,APOE
GO_Biological_Process_2023,Amyloid-Beta Formation (GO:0034205),1/8,0.0772680713380291,0.2111722729748298,0,0,14.208901651112706,36.38152974515558,APH1A
GO_Biological_Process_2023,Regulation Of Morphogenesis Of An Epithelium (GO:1905330),1/8,0.0772680713380291,0.2111722729748298,0,0,14.208901651112706,36.38152974515558,GJA1
GO_Biological_Process_2023,Regulation Of Podosome Assembly (GO:0071801),1/8,0.0772680713380291,0.2111722729748298,0,0,14.208901651112706,36.38152974515558,FSCN1
GO_Biological_Process_2023,Regulation Of Protein Localization To Early Endosome (GO:1902965),1/8,0.0772680713380291,0.2111722729748298,0,0,14.208901651112706,36.38152974515558,EZR
GO_Biological_Process_2023,"Complement Activation, Lectin Pathway (GO:0001867)",1/8,0.0772680713380291,0.2111722729748298,0,0,14.208901651112706,36.38152974515558,KRT1
GO_Biological_Process_2023,Cyclooxygenase Pathway (GO:0019371),1/8,0.0772680713380291,0.2111722729748298,0,0,14.208901651112706,36.38152974515558,PTGDS
GO_Biological_Process_2023,Response To Vitamin (GO:0033273),1/8,0.0772680713380291,0.2111722729748298,0,0,14.208901651112706,36.38152974515558,AQP3
GO_Biological_Process_2023,Response To Vitamin D (GO:0033280),1/8,0.0772680713380291,0.2111722729748298,0,0,14.208901651112706,36.38152974515558,AQP3
GO_Biological_Process_2023,Sequestering Of Actin Monomers (GO:0042989),1/8,0.0772680713380291,0.2111722729748298,0,0,14.208901651112706,36.38152974515558,TMSB10
GO_Biological_Process_2023,Somite Development (GO:0061053),1/8,0.0772680713380291,0.2111722729748298,0,0,14.208901651112706,36.38152974515558,SFRP2
GO_Biological_Process_2023,Sphingosine-1-Phosphate Receptor Signaling Pathway (GO:0003376),1/8,0.0772680713380291,0.2111722729748298,0,0,14.208901651112706,36.38152974515558,EZR
GO_Biological_Process_2023,tRNA Transcription (GO:0009304),1/8,0.0772680713380291,0.2111722729748298,0,0,14.208901651112706,36.38152974515558,POLR2L
GO_Biological_Process_2023,Triglyceride-Rich Lipoprotein Particle Remodeling (GO:0034370),1/8,0.0772680713380291,0.2111722729748298,0,0,14.208901651112706,36.38152974515558,APOE
GO_Biological_Process_2023,Glycerol Transmembrane Transport (GO:0015793),1/8,0.0772680713380291,0.2111722729748298,0,0,14.208901651112706,36.38152974515558,AQP3
GO_Biological_Process_2023,Unsaturated Fatty Acid Biosynthetic Process (GO:0006636),1/8,0.0772680713380291,0.2111722729748298,0,0,14.208901651112706,36.38152974515558,DEGS1
GO_Biological_Process_2023,Negative Regulation Of Glycoprotein Biosynthetic Process (GO:0010561),1/8,0.0772680713380291,0.2111722729748298,0,0,14.208901651112706,36.38152974515558,ITM2A
GO_Biological_Process_2023,Negative Regulation Of Long-Term Synaptic Potentiation (GO:1900272),1/8,0.0772680713380291,0.2111722729748298,0,0,14.208901651112706,36.38152974515558,APOE
GO_Biological_Process_2023,Negative Regulation Of Membrane Potential (GO:0045837),1/8,0.0772680713380291,0.2111722729748298,0,0,14.208901651112706,36.38152974515558,PMAIP1
GO_Biological_Process_2023,Negative Regulation Of Systemic Arterial Blood Pressure (GO:0003085),1/8,0.0772680713380291,0.2111722729748298,0,0,14.208901651112706,36.38152974515558,ADRB2
GO_Biological_Process_2023,Negative Regulation Of Transporter Activity (GO:0032410),1/8,0.0772680713380291,0.2111722729748298,0,0,14.208901651112706,36.38152974515558,NDFIP2
GO_Biological_Process_2023,Negative Regulation Of Ubiquitin Protein Ligase Activity (GO:1904667),1/8,0.0772680713380291,0.2111722729748298,0,0,14.208901651112706,36.38152974515558,RPL11
GO_Biological_Process_2023,"Positive Regulation Of CD8-positive, Alpha-Beta T Cell Activation (GO:2001187)",1/8,0.0772680713380291,0.2111722729748298,0,0,14.208901651112706,36.38152974515558,HLA-A
GO_Biological_Process_2023,Positive Regulation Of NK T Cell Activation (GO:0051135),1/8,0.0772680713380291,0.2111722729748298,0,0,14.208901651112706,36.38152974515558,IL18
GO_Biological_Process_2023,Positive Regulation Of Actin Cytoskeleton Reorganization (GO:2000251),1/8,0.0772680713380291,0.2111722729748298,0,0,14.208901651112706,36.38152974515558,CCL27
GO_Biological_Process_2023,Positive Regulation Of Adaptive Immune Response (GO:0002821),1/8,0.0772680713380291,0.2111722729748298,0,0,14.208901651112706,36.38152974515558,PYCARD
GO_Biological_Process_2023,Positive Regulation Of Early Endosome To Late Endosome Transport (GO:2000643),1/8,0.0772680713380291,0.2111722729748298,0,0,14.208901651112706,36.38152974515558,EZR
GO_Biological_Process_2023,Positive Regulation Of Mast Cell Degranulation (GO:0043306),1/8,0.0772680713380291,0.2111722729748298,0,0,14.208901651112706,36.38152974515558,VAMP8
GO_Biological_Process_2023,Positive Regulation Of Megakaryocyte Differentiation (GO:0045654),1/8,0.0772680713380291,0.2111722729748298,0,0,14.208901651112706,36.38152974515558,HMGB2
GO_Biological_Process_2023,Positive Regulation Of Mitochondrial Calcium Ion Concentration (GO:0051561),1/8,0.0772680713380291,0.2111722729748298,0,0,14.208901651112706,36.38152974515558,BCAP31
GO_Biological_Process_2023,Positive Regulation Of Protein Localization To Early Endosome (GO:1902966),1/8,0.0772680713380291,0.2111722729748298,0,0,14.208901651112706,36.38152974515558,EZR
GO_Biological_Process_2023,Positive Regulation Of Protein Localization To Endosome (GO:1905668),1/8,0.0772680713380291,0.2111722729748298,0,0,14.208901651112706,36.38152974515558,EZR
GO_Biological_Process_2023,Positive Regulation Of Sequestering Of Triglyceride (GO:0010890),1/8,0.0772680713380291,0.2111722729748298,0,0,14.208901651112706,36.38152974515558,PLIN2
GO_Biological_Process_2023,Positive Regulation Of Tumor Necrosis Factor-Mediated Signaling Pathway (GO:1903265),1/8,0.0772680713380291,0.2111722729748298,0,0,14.208901651112706,36.38152974515558,CASP4
GO_Biological_Process_2023,Pyrimidine-Containing Compound Metabolic Process (GO:0072527),1/8,0.0772680713380291,0.2111722729748298,0,0,14.208901651112706,36.38152974515558,TYMP
GO_Biological_Process_2023,Regulation Of T-helper 1 Type Immune Response (GO:0002825),1/8,0.0772680713380291,0.2111722729748298,0,0,14.208901651112706,36.38152974515558,MYDGF
GO_Biological_Process_2023,Regulation Of Cell Killing (GO:0031341),1/8,0.0772680713380291,0.2111722729748298,0,0,14.208901651112706,36.38152974515558,CFH
GO_Biological_Process_2023,Regulation Of Cytokine Production Involved In Inflammatory Response (GO:1900015),2/46,0.0773472253700272,0.2111722729748298,0,0,4.535353535353536,11.608013208044897,PYCARD;APOD
GO_Biological_Process_2023,Regulation Of Interleukin-10 Production (GO:0032653),2/46,0.0773472253700272,0.2111722729748298,0,0,4.535353535353536,11.608013208044897,PYCARD;HLA-DRB1
GO_Biological_Process_2023,Regulation Of mRNA Catabolic Process (GO:0061013),2/46,0.0773472253700272,0.2111722729748298,0,0,4.535353535353536,11.608013208044897,PKP1;PKP3
GO_Biological_Process_2023,Cardiac Conduction (GO:0061337),2/46,0.0773472253700272,0.2111722729748298,0,0,4.535353535353536,11.608013208044897,DSP;JUP
GO_Biological_Process_2023,Positive Regulation Of Cell-Cell Adhesion (GO:0022409),2/46,0.0773472253700272,0.2111722729748298,0,0,4.535353535353536,11.608013208044897,THY1;CD44
GO_Biological_Process_2023,Protein Complex Oligomerization (GO:0051259),3/100,0.0789086435328542,0.2150725486190083,0,0,3.0932544874143075,7.855209980826792,PYCARD;CLDN1;HLA-DRB1
GO_Biological_Process_2023,Bicellular Tight Junction Assembly (GO:0070830),2/47,0.0802708691611082,0.2180512368654936,0,0,4.434343434343434,11.184959505346583,CLDN4;CLDN1
GO_Biological_Process_2023,Negative Regulation Of Hydrolase Activity (GO:0051346),2/47,0.0802708691611082,0.2180512368654936,0,0,4.434343434343434,11.184959505346583,CSTB;CSTA
GO_Biological_Process_2023,Regulation Of Tumor Necrosis Factor-Mediated Signaling Pathway (GO:0010803),2/48,0.0832284276217124,0.2191580406052191,0,0,4.337725076855512,10.784305954054672,PYCARD;CASP4
GO_Biological_Process_2023,Cytoplasmic Microtubule Organization (GO:0031122),2/48,0.0832284276217124,0.2191580406052191,0,0,4.337725076855512,10.784305954054672,EZR;RAB11A
GO_Biological_Process_2023,Negative Regulation Of ERK1 And ERK2 Cascade (GO:0070373),2/48,0.0832284276217124,0.2191580406052191,0,0,4.337725076855512,10.784305954054672,FBLN1;EZR
GO_Biological_Process_2023,Regulation Of DNA Binding (GO:0051101),2/48,0.0832284276217124,0.2191580406052191,0,0,4.337725076855512,10.784305954054672,HMGB2;TXN
GO_Biological_Process_2023,Regulation Of Cell Population Proliferation (GO:0042127),12/766,0.0838059395459611,0.2191580406052191,0,0,1.6123370393363057,3.997388856192048,SFRP2;RPS15A;JUP;GPNMB;S100A13;HMGA1;HMGB2;CTSH;TSPO;IRF6;SGK1;S100A11
GO_Biological_Process_2023,Positive Regulation Of Developmental Process (GO:0051094),5/233,0.0851185943321208,0.2191580406052191,0,0,2.2010796221322537,5.422821364049537,GJA1;APOE;KRT10;RTN4;DCN
GO_Biological_Process_2023,Positive Regulation Of Protein Phosphorylation (GO:0001934),7/377,0.0851258044965776,0.2191580406052191,0,0,1.90463520515334,4.692307028791981,CD74;MYDGF;SFRP2;GPNMB;TXN;HLA-DRB1;CD44
GO_Biological_Process_2023,Heterophilic Cell-Cell Adhesion Via Plasma Membrane Cell Adhesion Molecules (GO:0007157),2/49,0.0862189382580095,0.2191580406052191,0,0,4.24521813883516,10.404458354124063,CXADR;LGALS7
GO_Biological_Process_2023,Interferon-Mediated Signaling Pathway (GO:0140888),2/49,0.0862189382580095,0.2191580406052191,0,0,4.24521813883516,10.404458354124063,IFI27;IFNGR1
GO_Biological_Process_2023,Intrinsic Apoptotic Signaling Pathway In Response To DNA Damage (GO:0008630),2/49,0.0862189382580095,0.2191580406052191,0,0,4.24521813883516,10.404458354124063,PYCARD;SFN
GO_Biological_Process_2023,Positive Regulation Of miRNA Metabolic Process (GO:2000630),2/49,0.0862189382580095,0.2191580406052191,0,0,4.24521813883516,10.404458354124063,KLF5;KLF4
GO_Biological_Process_2023,Regulation Of Complement-Dependent Cytotoxicity (GO:1903659),1/9,0.0864990660572792,0.2191580406052191,0,0,12.4321608040201,30.429226090981548,CFH
GO_Biological_Process_2023,Golgi Lumen Acidification (GO:0061795),1/9,0.0864990660572792,0.2191580406052191,0,0,12.4321608040201,30.429226090981548,ATP6V0B
GO_Biological_Process_2023,SNARE Complex Assembly (GO:0035493),1/9,0.0864990660572792,0.2191580406052191,0,0,12.4321608040201,30.429226090981548,VAMP8
GO_Biological_Process_2023,Regulation Of Inflammatory Response To Wounding (GO:0106014),1/9,0.0864990660572792,0.2191580406052191,0,0,12.4321608040201,30.429226090981548,GRN
GO_Biological_Process_2023,Arachidonate Transport (GO:1903963),1/9,0.0864990660572792,0.2191580406052191,0,0,12.4321608040201,30.429226090981548,ANXA1
GO_Biological_Process_2023,Arachidonic Acid Secretion (GO:0050482),1/9,0.0864990660572792,0.2191580406052191,0,0,12.4321608040201,30.429226090981548,ANXA1
GO_Biological_Process_2023,Regulation Of Natural Killer Cell Proliferation (GO:0032817),1/9,0.0864990660572792,0.2191580406052191,0,0,12.4321608040201,30.429226090981548,IL18
GO_Biological_Process_2023,Regulation Of Protein Lipidation (GO:1903059),1/9,0.0864990660572792,0.2191580406052191,0,0,12.4321608040201,30.429226090981548,TSPO
GO_Biological_Process_2023,Regulation Of Receptor Binding (GO:1900120),1/9,0.0864990660572792,0.2191580406052191,0,0,12.4321608040201,30.429226090981548,B2M
GO_Biological_Process_2023,Response To Laminar Fluid Shear Stress (GO:0034616),1/9,0.0864990660572792,0.2191580406052191,0,0,12.4321608040201,30.429226090981548,KLF4
GO_Biological_Process_2023,Skeletal Muscle Tissue Regeneration (GO:0043403),1/9,0.0864990660572792,0.2191580406052191,0,0,12.4321608040201,30.429226090981548,ANXA1
GO_Biological_Process_2023,Type II Interferon-Mediated Signaling Pathway (GO:0060333),1/9,0.0864990660572792,0.2191580406052191,0,0,12.4321608040201,30.429226090981548,IFNGR1
GO_Biological_Process_2023,Granulocyte Migration (GO:0097530),1/9,0.0864990660572792,0.2191580406052191,0,0,12.4321608040201,30.429226090981548,ANXA1
GO_Biological_Process_2023,High-Density Lipoprotein Particle Assembly (GO:0034380),1/9,0.0864990660572792,0.2191580406052191,0,0,12.4321608040201,30.429226090981548,APOE
GO_Biological_Process_2023,Intestinal Cholesterol Absorption (GO:0030299),1/9,0.0864990660572792,0.2191580406052191,0,0,12.4321608040201,30.429226090981548,LIMA1
GO_Biological_Process_2023,Myelin Maintenance (GO:0043217),1/9,0.0864990660572792,0.2191580406052191,0,0,12.4321608040201,30.429226090981548,DEGS1
GO_Biological_Process_2023,Negative Regulation Of Establishment Of Protein Localization (GO:1904950),1/9,0.0864990660572792,0.2191580406052191,0,0,12.4321608040201,30.429226090981548,NDFIP2
GO_Biological_Process_2023,Negative Regulation Of Heterotypic Cell-Cell Adhesion (GO:0034115),1/9,0.0864990660572792,0.2191580406052191,0,0,12.4321608040201,30.429226090981548,KLF4
GO_Biological_Process_2023,Negative Regulation Of Hormone Secretion (GO:0046888),1/9,0.0864990660572792,0.2191580406052191,0,0,12.4321608040201,30.429226090981548,GJA1
GO_Biological_Process_2023,Negative Regulation Of Muscle Cell Apoptotic Process (GO:0010656),1/9,0.0864990660572792,0.2191580406052191,0,0,12.4321608040201,30.429226090981548,LYPD3
GO_Biological_Process_2023,Negative Regulation Of Receptor Binding (GO:1900121),1/9,0.0864990660572792,0.2191580406052191,0,0,12.4321608040201,30.429226090981548,B2M
GO_Biological_Process_2023,Negative Regulation Of Vascular Endothelial Growth Factor Signaling Pathway (GO:1900747),1/9,0.0864990660572792,0.2191580406052191,0,0,12.4321608040201,30.429226090981548,DCN
GO_Biological_Process_2023,Neurotransmitter Receptor Transport To Postsynaptic Membrane (GO:0098969),1/9,0.0864990660572792,0.2191580406052191,0,0,12.4321608040201,30.429226090981548,RAB11A
GO_Biological_Process_2023,Nucleoside Metabolic Process (GO:0009116),1/9,0.0864990660572792,0.2191580406052191,0,0,12.4321608040201,30.429226090981548,TYMP
GO_Biological_Process_2023,Pinocytosis (GO:0006907),1/9,0.0864990660572792,0.2191580406052191,0,0,12.4321608040201,30.429226090981548,PYCARD
GO_Biological_Process_2023,Positive Regulation Of ATP Metabolic Process (GO:1903580),1/9,0.0864990660572792,0.2191580406052191,0,0,12.4321608040201,30.429226090981548,ENO1
GO_Biological_Process_2023,Positive Regulation Of Protein Kinase A Signaling (GO:0010739),1/9,0.0864990660572792,0.2191580406052191,0,0,12.4321608040201,30.429226090981548,ADRB2
GO_Biological_Process_2023,Positive Regulation Of Tissue Remodeling (GO:0034105),1/9,0.0864990660572792,0.2191580406052191,0,0,12.4321608040201,30.429226090981548,IL18
GO_Biological_Process_2023,rRNA 3'-End Processing (GO:0031125),1/9,0.0864990660572792,0.2191580406052191,0,0,12.4321608040201,30.429226090981548,RPS21
GO_Biological_Process_2023,"Regulation Of CD4-positive, Alpha-Beta T Cell Proliferation (GO:2000561)",1/9,0.0864990660572792,0.2191580406052191,0,0,12.4321608040201,30.429226090981548,CD55
GO_Biological_Process_2023,Regulation Of Cell-Cell Adhesion Involved In Gastrulation (GO:0070587),1/9,0.0864990660572792,0.2191580406052191,0,0,12.4321608040201,30.429226090981548,KLF4
GO_Biological_Process_2023,Regulation Of Cellular Extravasation (GO:0002691),1/9,0.0864990660572792,0.2191580406052191,0,0,12.4321608040201,30.429226090981548,THY1
GO_Biological_Process_2023,Negative Regulation Of MAPK Cascade (GO:0043409),3/105,0.0883124080071284,0.2234027946305328,0,0,2.9408778739922363,7.137141991170913,FBLN1;APOE;EZR
GO_Biological_Process_2023,Negative Regulation Of Programmed Cell Death (GO:0043069),7/381,0.088807795150578,0.2243054919637844,0,0,1.8838768668089,4.561394980626744,CD74;MYDGF;ANXA1;CTSH;PIM3;CD44;TPT1
GO_Biological_Process_2023,Ribosome Assembly (GO:0042255),2/50,0.0892414542606553,0.2250497109781946,0,0,4.156565656565657,10.043965211617904,RPS15;RPL11
GO_Biological_Process_2023,Regulation Of G1/S Transition Of Mitotic Cell Cycle (GO:2000045),3/106,0.090247543166112,0.2272329275053428,0,0,2.912177812823419,7.004366885624175,ANXA1;GPNMB;KLF4
GO_Biological_Process_2023,Protein Transport (GO:0015031),6/313,0.0949363215041229,0.2283749270788292,0,0,1.9637664125726184,4.623784070321058,CD74;GOLGA4;ARL4A;LAMP2;ARL6IP5;APOE
GO_Biological_Process_2023,Acidic Amino Acid Transport (GO:0015800),1/10,0.0956381720564831,0.2283749270788292,0,0,11.050251256281408,25.93696464958489,GJA1
GO_Biological_Process_2023,Regulation Of Lamellipodium Morphogenesis (GO:2000392),1/10,0.0956381720564831,0.2283749270788292,0,0,11.050251256281408,25.93696464958489,CD44
GO_Biological_Process_2023,Regulation Of Mitochondrial Depolarization (GO:0051900),1/10,0.0956381720564831,0.2283749270788292,0,0,11.050251256281408,25.93696464958489,DCN
GO_Biological_Process_2023,Cellular Response To UV-A (GO:0071492),1/10,0.0956381720564831,0.2283749270788292,0,0,11.050251256281408,25.93696464958489,MMP2
GO_Biological_Process_2023,Regulation Of Smooth Muscle Cell Apoptotic Process (GO:0034391),1/10,0.0956381720564831,0.2283749270788292,0,0,11.050251256281408,25.93696464958489,LYPD3
GO_Biological_Process_2023,Regulation Of Toll-Like Receptor 2 Signaling Pathway (GO:0034135),1/10,0.0956381720564831,0.2283749270788292,0,0,11.050251256281408,25.93696464958489,CYBA
GO_Biological_Process_2023,Regulation Of Toll-Like Receptor 9 Signaling Pathway (GO:0034163),1/10,0.0956381720564831,0.2283749270788292,0,0,11.050251256281408,25.93696464958489,RTN4
GO_Biological_Process_2023,Cellular Response To Type III Interferon (GO:0071358),1/10,0.0956381720564831,0.2283749270788292,0,0,11.050251256281408,25.93696464958489,IFNGR1
GO_Biological_Process_2023,Response To Sterol (GO:0036314),1/10,0.0956381720564831,0.2283749270788292,0,0,11.050251256281408,25.93696464958489,RORA
GO_Biological_Process_2023,Establishment Of Epithelial Cell Apical/Basal Polarity (GO:0045198),1/10,0.0956381720564831,0.2283749270788292,0,0,11.050251256281408,25.93696464958489,EZR
GO_Biological_Process_2023,Surfactant Homeostasis (GO:0043129),1/10,0.0956381720564831,0.2283749270788292,0,0,11.050251256281408,25.93696464958489,CTSH
GO_Biological_Process_2023,Fatty Acid Homeostasis (GO:0055089),1/10,0.0956381720564831,0.2283749270788292,0,0,11.050251256281408,25.93696464958489,APOE
GO_Biological_Process_2023,Thyroid Hormone Generation (GO:0006590),1/10,0.0956381720564831,0.2283749270788292,0,0,11.050251256281408,25.93696464958489,CTSK
GO_Biological_Process_2023,Type III Interferon-Mediated Signaling Pathway (GO:0038196),1/10,0.0956381720564831,0.2283749270788292,0,0,11.050251256281408,25.93696464958489,IFNGR1
GO_Biological_Process_2023,Urogenital System Development (GO:0001655),1/10,0.0956381720564831,0.2283749270788292,0,0,11.050251256281408,25.93696464958489,ANXA1
GO_Biological_Process_2023,Hematopoietic Stem Cell Proliferation (GO:0071425),1/10,0.0956381720564831,0.2283749270788292,0,0,11.050251256281408,25.93696464958489,SFRP2
GO_Biological_Process_2023,Lipoprotein Catabolic Process (GO:0042159),1/10,0.0956381720564831,0.2283749270788292,0,0,11.050251256281408,25.93696464958489,APOE
GO_Biological_Process_2023,Mast Cell Activation Involved In Immune Response (GO:0002279),1/10,0.0956381720564831,0.2283749270788292,0,0,11.050251256281408,25.93696464958489,S100A13
GO_Biological_Process_2023,Mast Cell Degranulation (GO:0043303),1/10,0.0956381720564831,0.2283749270788292,0,0,11.050251256281408,25.93696464958489,S100A13
GO_Biological_Process_2023,Mitochondrial Respirasome Assembly (GO:0097250),1/10,0.0956381720564831,0.2283749270788292,0,0,11.050251256281408,25.93696464958489,STMP1
GO_Biological_Process_2023,Negative Regulation Of Alpha-Beta T Cell Activation (GO:0046636),1/10,0.0956381720564831,0.2283749270788292,0,0,11.050251256281408,25.93696464958489,DAPL1
GO_Biological_Process_2023,Negative Regulation Of Hemostasis (GO:1900047),1/10,0.0956381720564831,0.2283749270788292,0,0,11.050251256281408,25.93696464958489,APOE
GO_Biological_Process_2023,Negative Regulation Of Hydrogen Peroxide-Induced Cell Death (GO:1903206),1/10,0.0956381720564831,0.2283749270788292,0,0,11.050251256281408,25.93696464958489,TXN
GO_Biological_Process_2023,Negative Regulation Of Interferon-Beta Production (GO:0032688),1/10,0.0956381720564831,0.2283749270788292,0,0,11.050251256281408,25.93696464958489,PYCARD
GO_Biological_Process_2023,Negative Regulation Of Lymphocyte Migration (GO:2000402),1/10,0.0956381720564831,0.2283749270788292,0,0,11.050251256281408,25.93696464958489,APOD
GO_Biological_Process_2023,Negative Regulation Of Transmembrane Transport (GO:0034763),1/10,0.0956381720564831,0.2283749270788292,0,0,11.050251256281408,25.93696464958489,ARL6IP5
GO_Biological_Process_2023,Neuron Projection Fasciculation (GO:0106030),1/10,0.0956381720564831,0.2283749270788292,0,0,11.050251256281408,25.93696464958489,RTN4
GO_Biological_Process_2023,Nuclear Pore Complex Assembly (GO:0051292),1/10,0.0956381720564831,0.2283749270788292,0,0,11.050251256281408,25.93696464958489,RTN4
GO_Biological_Process_2023,Positive Regulation Of Cellular Senescence (GO:2000774),1/10,0.0956381720564831,0.2283749270788292,0,0,11.050251256281408,25.93696464958489,B2M
GO_Biological_Process_2023,Positive Regulation Of Cholesterol Metabolic Process (GO:0090205),1/10,0.0956381720564831,0.2283749270788292,0,0,11.050251256281408,25.93696464958489,APOE
GO_Biological_Process_2023,Positive Regulation Of Defense Response To Bacterium (GO:1900426),1/10,0.0956381720564831,0.2283749270788292,0,0,11.050251256281408,25.93696464958489,GRN
GO_Biological_Process_2023,Positive Regulation Of Interleukin-13 Production (GO:0032736),1/10,0.0956381720564831,0.2283749270788292,0,0,11.050251256281408,25.93696464958489,IL18
GO_Biological_Process_2023,Regulation Of Amyloid Precursor Protein Biosynthetic Process (GO:0042984),1/10,0.0956381720564831,0.2283749270788292,0,0,11.050251256281408,25.93696464958489,ITM2A
GO_Biological_Process_2023,Regulation Of Axon Regeneration (GO:0048679),1/10,0.0956381720564831,0.2283749270788292,0,0,11.050251256281408,25.93696464958489,GRN
GO_Biological_Process_2023,Tight Junction Assembly (GO:0120192),2/53,0.0984917971521169,0.2348427387176396,0,0,3.9114676173499694,9.065929283683165,CLDN4;CLDN1
GO_Biological_Process_2023,Positive Regulation Of Programmed Cell Death (GO:0043068),5/245,0.0999859696707735,0.2360544825569431,0,0,2.08974358974359,4.812105656399324,PYCARD;SFRP2;ARL6IP5;TNFSF10;PMAIP1
GO_Biological_Process_2023,T Cell Activation (GO:0042110),3/111,0.1001845738063604,0.2360544825569431,0,0,2.7766497461928936,6.3883520697862,CD74;CXADR;CD44
GO_Biological_Process_2023,Cytoskeleton Organization (GO:0007010),3/111,0.1001845738063604,0.2360544825569431,0,0,2.7766497461928936,6.3883520697862,SH3BGRL3;THY1;APOE
GO_Biological_Process_2023,Regulation Of Exocytosis (GO:0017157),2/54,0.1016331727713355,0.2360544825569431,0,0,3.836052836052836,8.77069478933889,ANXA2;S100A10
GO_Biological_Process_2023,Regulation Of Lipid Metabolic Process (GO:0019216),2/54,0.1016331727713355,0.2360544825569431,0,0,3.836052836052836,8.77069478933889,NPC2;RORA
GO_Biological_Process_2023,Apical Junction Assembly (GO:0043297),2/54,0.1016331727713355,0.2360544825569431,0,0,3.836052836052836,8.77069478933889,CLDN4;CLDN1
GO_Biological_Process_2023,Ribosomal Large Subunit Biogenesis (GO:0042273),2/54,0.1016331727713355,0.2360544825569431,0,0,3.836052836052836,8.77069478933889,RPL11;RPL26
GO_Biological_Process_2023,Negative Regulation Of Neuron Projection Development (GO:0010977),2/54,0.1016331727713355,0.2360544825569431,0,0,3.836052836052836,8.77069478933889,THY1;APOE
GO_Biological_Process_2023,Nucleosome Assembly (GO:0006334),2/54,0.1016331727713355,0.2360544825569431,0,0,3.836052836052836,8.77069478933889,HMGB2;BAZ1A
GO_Biological_Process_2023,Regulation Of Blood Vessel Endothelial Cell Migration (GO:0043535),2/54,0.1016331727713355,0.2360544825569431,0,0,3.836052836052836,8.77069478933889,JUP;APOE
GO_Biological_Process_2023,Regulation Of Protein Serine/Threonine Kinase Activity (GO:0071900),3/112,0.1022228778109617,0.2360544825569431,0,0,2.751036184976482,6.27401249877334,PYCARD;ADRB2;THY1
GO_Biological_Process_2023,Negative Regulation Of Defense Response (GO:0031348),3/112,0.1022228778109617,0.2360544825569431,0,0,2.751036184976482,6.27401249877334,RORA;APOE;KLF4
GO_Biological_Process_2023,Regulation Of Endosome Size (GO:0051036),1/11,0.1046862992439068,0.2360544825569431,0,0,9.944723618090451,22.4431232477853,RAB11A
GO_Biological_Process_2023,Regulation Of Mesenchymal Cell Proliferation (GO:0010464),1/11,0.1046862992439068,0.2360544825569431,0,0,9.944723618090451,22.4431232477853,CTNNBIP1
GO_Biological_Process_2023,Regulation Of Monocyte Chemotactic Protein-1 Production (GO:0071637),1/11,0.1046862992439068,0.2360544825569431,0,0,9.944723618090451,22.4431232477853,APOD
GO_Biological_Process_2023,Carbon Dioxide Transport (GO:0015670),1/11,0.1046862992439068,0.2360544825569431,0,0,9.944723618090451,22.4431232477853,CA2
GO_Biological_Process_2023,Cellular Response To Fluid Shear Stress (GO:0071498),1/11,0.1046862992439068,0.2360544825569431,0,0,9.944723618090451,22.4431232477853,KLF4
GO_Biological_Process_2023,Cellular Response To Thyroid Hormone Stimulus (GO:0097067),1/11,0.1046862992439068,0.2360544825569431,0,0,9.944723618090451,22.4431232477853,CTSH
GO_Biological_Process_2023,Respiratory Chain Complex III Assembly (GO:0017062),1/11,0.1046862992439068,0.2360544825569431,0,0,9.944723618090451,22.4431232477853,STMP1
GO_Biological_Process_2023,Response To Nitric Oxide (GO:0071731),1/11,0.1046862992439068,0.2360544825569431,0,0,9.944723618090451,22.4431232477853,TXN
GO_Biological_Process_2023,Desensitization Of G Protein-Coupled Receptor Signaling Pathway (GO:0002029),1/11,0.1046862992439068,0.2360544825569431,0,0,9.944723618090451,22.4431232477853,ADRB2
GO_Biological_Process_2023,Endoplasmic Reticulum Membrane Organization (GO:0090158),1/11,0.1046862992439068,0.2360544825569431,0,0,9.944723618090451,22.4431232477853,RTN4
GO_Biological_Process_2023,Endosomal Lumen Acidification (GO:0048388),1/11,0.1046862992439068,0.2360544825569431,0,0,9.944723618090451,22.4431232477853,ATP6V0B
GO_Biological_Process_2023,Intestinal Lipid Absorption (GO:0098856),1/11,0.1046862992439068,0.2360544825569431,0,0,9.944723618090451,22.4431232477853,LIMA1
GO_Biological_Process_2023,Macrophage Activation Involved In Immune Response (GO:0002281),1/11,0.1046862992439068,0.2360544825569431,0,0,9.944723618090451,22.4431232477853,GRN
GO_Biological_Process_2023,Mast Cell Mediated Immunity (GO:0002448),1/11,0.1046862992439068,0.2360544825569431,0,0,9.944723618090451,22.4431232477853,S100A13
GO_Biological_Process_2023,Mitochondrial Genome Maintenance (GO:0000002),1/11,0.1046862992439068,0.2360544825569431,0,0,9.944723618090451,22.4431232477853,TYMP
GO_Biological_Process_2023,Mitochondrial Respiratory Chain Complex III Assembly (GO:0034551),1/11,0.1046862992439068,0.2360544825569431,0,0,9.944723618090451,22.4431232477853,STMP1
GO_Biological_Process_2023,Negative Regulation Of Cellular Response To Vascular Endothelial Growth Factor Stimulus (GO:1902548),1/11,0.1046862992439068,0.2360544825569431,0,0,9.944723618090451,22.4431232477853,DCN
GO_Biological_Process_2023,Negative Regulation Of Nitrogen Compound Metabolic Process (GO:0051172),1/11,0.1046862992439068,0.2360544825569431,0,0,9.944723618090451,22.4431232477853,APOE
GO_Biological_Process_2023,Negative Regulation Of Platelet-Derived Growth Factor Receptor Signaling Pathway (GO:0010642),1/11,0.1046862992439068,0.2360544825569431,0,0,9.944723618090451,22.4431232477853,APOD
GO_Biological_Process_2023,Neutrophil Activation Involved In Immune Response (GO:0002283),1/11,0.1046862992439068,0.2360544825569431,0,0,9.944723618090451,22.4431232477853,VAMP8
GO_Biological_Process_2023,Phospholipid Efflux (GO:0033700),1/11,0.1046862992439068,0.2360544825569431,0,0,9.944723618090451,22.4431232477853,APOE
GO_Biological_Process_2023,Positive Regulation Of Circadian Rhythm (GO:0042753),1/11,0.1046862992439068,0.2360544825569431,0,0,9.944723618090451,22.4431232477853,RORA
GO_Biological_Process_2023,Positive Regulation Of Cytoplasmic Transport (GO:1903651),1/11,0.1046862992439068,0.2360544825569431,0,0,9.944723618090451,22.4431232477853,EZR
GO_Biological_Process_2023,Positive Regulation Of Muscle Contraction (GO:0045933),1/11,0.1046862992439068,0.2360544825569431,0,0,9.944723618090451,22.4431232477853,ENO1
GO_Biological_Process_2023,Regulation Of T Cell Apoptotic Process (GO:0070232),1/11,0.1046862992439068,0.2360544825569431,0,0,9.944723618090451,22.4431232477853,LGALS3
GO_Biological_Process_2023,Regulation Of Actin Filament Depolymerization (GO:0030834),1/11,0.1046862992439068,0.2360544825569431,0,0,9.944723618090451,22.4431232477853,LIMA1
GO_Biological_Process_2023,Regulation Of Amyloid Precursor Protein Catabolic Process (GO:1902991),1/11,0.1046862992439068,0.2360544825569431,0,0,9.944723618090451,22.4431232477853,APOE
GO_Biological_Process_2023,Negative Regulation Of Canonical Wnt Signaling Pathway (GO:0090090),3/114,0.1063487931507688,0.2394696747024961,0,0,2.7011935793661683,6.0534587787747896,SFRP2;APOE;TLE5
GO_Biological_Process_2023,Positive Regulation Of Nucleic Acid-Templated Transcription (GO:1903508),9/557,0.1075886545498286,0.2419250440502395,0,0,1.6554056636221195,3.690627731497033,CD74;ELF1;HMGA1;HMGB2;RORA;APOE;IRF6;KLF4;HLA-DRB1
GO_Biological_Process_2023,Positive Regulation Of Interleukin-1 Beta Production (GO:0032731),2/57,0.111218880351375,0.2469667121535017,0,0,3.6262626262626254,7.964197874788815,PYCARD;STMP1
GO_Biological_Process_2023,Protein Processing (GO:0016485),3/117,0.1126579108224949,0.2469667121535017,0,0,2.629708789740849,5.741704566820334,APH1A;CASP4;CTSH
GO_Biological_Process_2023,Regulation Of Chemokine (C-X-C Motif) Ligand 2 Production (GO:2000341),1/12,0.1136443487055952,0.2469667121535017,0,0,9.040201005025123,19.659557478207127,KLF4
GO_Biological_Process_2023,DNA Conformation Change (GO:0071103),1/12,0.1136443487055952,0.2469667121535017,0,0,9.040201005025123,19.659557478207127,HMGB2
GO_Biological_Process_2023,V(D)J Recombination (GO:0033151),1/12,0.1136443487055952,0.2469667121535017,0,0,9.040201005025123,19.659557478207127,HMGB2
GO_Biological_Process_2023,Atrial Cardiac Muscle Cell Action Potential (GO:0086014),1/12,0.1136443487055952,0.2469667121535017,0,0,9.040201005025123,19.659557478207127,GJA1
GO_Biological_Process_2023,Axonal Fasciculation (GO:0007413),1/12,0.1136443487055952,0.2469667121535017,0,0,9.040201005025123,19.659557478207127,RTN4
GO_Biological_Process_2023,Axonal Transport Of Mitochondrion (GO:0019896),1/12,0.1136443487055952,0.2469667121535017,0,0,9.040201005025123,19.659557478207127,HSBP1
GO_Biological_Process_2023,Regulation Of Platelet-Derived Growth Factor Receptor Signaling Pathway (GO:0010640),1/12,0.1136443487055952,0.2469667121535017,0,0,9.040201005025123,19.659557478207127,APOD
GO_Biological_Process_2023,Response To Iron Ion (GO:0010039),1/12,0.1136443487055952,0.2469667121535017,0,0,9.040201005025123,19.659557478207127,B2M
GO_Biological_Process_2023,Defense Response To Tumor Cell (GO:0002357),1/12,0.1136443487055952,0.2469667121535017,0,0,9.040201005025123,19.659557478207127,KLF4
GO_Biological_Process_2023,Response To Thyroid Hormone (GO:0097066),1/12,0.1136443487055952,0.2469667121535017,0,0,9.040201005025123,19.659557478207127,CTSH
GO_Biological_Process_2023,Gamma-Delta T Cell Activation (GO:0046629),1/12,0.1136443487055952,0.2469667121535017,0,0,9.040201005025123,19.659557478207127,CXADR
GO_Biological_Process_2023,Icosanoid Secretion (GO:0032309),1/12,0.1136443487055952,0.2469667121535017,0,0,9.040201005025123,19.659557478207127,ANXA1
GO_Biological_Process_2023,Negative Regulation Of Coagulation (GO:0050819),1/12,0.1136443487055952,0.2469667121535017,0,0,9.040201005025123,19.659557478207127,APOE
GO_Biological_Process_2023,Negative Regulation Of Complement Activation (GO:0045916),1/12,0.1136443487055952,0.2469667121535017,0,0,9.040201005025123,19.659557478207127,CD55
GO_Biological_Process_2023,Neutrophil Mediated Immunity (GO:0002446),1/12,0.1136443487055952,0.2469667121535017,0,0,9.040201005025123,19.659557478207127,VAMP8
GO_Biological_Process_2023,Phosphatidylcholine Acyl-Chain Remodeling (GO:0036151),1/12,0.1136443487055952,0.2469667121535017,0,0,9.040201005025123,19.659557478207127,TSPO
GO_Biological_Process_2023,Positive Regulation Of ERAD Pathway (GO:1904294),1/12,0.1136443487055952,0.2469667121535017,0,0,9.040201005025123,19.659557478207127,BCAP31
GO_Biological_Process_2023,Positive Regulation Of T-helper 1 Type Immune Response (GO:0002827),1/12,0.1136443487055952,0.2469667121535017,0,0,9.040201005025123,19.659557478207127,IL18
GO_Biological_Process_2023,Positive Regulation Of T-helper Cell Differentiation (GO:0045624),1/12,0.1136443487055952,0.2469667121535017,0,0,9.040201005025123,19.659557478207127,IL18
GO_Biological_Process_2023,Positive Regulation Of Cellular Extravasation (GO:0002693),1/12,0.1136443487055952,0.2469667121535017,0,0,9.040201005025123,19.659557478207127,THY1
GO_Biological_Process_2023,Positive Regulation Of Neuroinflammatory Response (GO:0150078),1/12,0.1136443487055952,0.2469667121535017,0,0,9.040201005025123,19.659557478207127,IL18
GO_Biological_Process_2023,Positive Regulation Of Reactive Oxygen Species Biosynthetic Process (GO:1903428),1/12,0.1136443487055952,0.2469667121535017,0,0,9.040201005025123,19.659557478207127,CYBA
GO_Biological_Process_2023,Protein Insertion Into Mitochondrial Inner Membrane (GO:0045039),1/12,0.1136443487055952,0.2469667121535017,0,0,9.040201005025123,19.659557478207127,TIMM13
GO_Biological_Process_2023,Regulation Of Phagocytosis (GO:0050764),2/58,0.1144651666427582,0.2477528138965582,0,0,3.561327561327561,7.719123085387519,PYCARD;CYBA
GO_Biological_Process_2023,Inorganic Anion Transport (GO:0015698),2/58,0.1144651666427582,0.2477528138965582,0,0,3.561327561327561,7.719123085387519,FXYD3;CLIC1
GO_Biological_Process_2023,Memory (GO:0007613),2/58,0.1144651666427582,0.2477528138965582,0,0,3.561327561327561,7.719123085387519,APOE;SGK1
GO_Biological_Process_2023,Regulation Of miRNA Transcription (GO:1902893),2/59,0.1177356082636544,0.2534759970463519,0,0,3.4986709197235517,7.484754897547597,KLF5;KLF4
GO_Biological_Process_2023,Glucose Metabolic Process (GO:0006006),2/59,0.1177356082636544,0.2534759970463519,0,0,3.4986709197235517,7.484754897547597,APOD;ENO1
GO_Biological_Process_2023,Phospholipid Transport (GO:0015914),2/59,0.1177356082636544,0.2534759970463519,0,0,3.4986709197235517,7.484754897547597,NPC2;APOE
GO_Biological_Process_2023,protein-DNA Complex Assembly (GO:0065004),2/59,0.1177356082636544,0.2534759970463519,0,0,3.4986709197235517,7.484754897547597,HMGB2;BAZ1A
GO_Biological_Process_2023,Response To Retinoic Acid (GO:0032526),2/60,0.1210294038464434,0.2552752782713395,0,0,3.438174851967956,7.260468635528234,CTSH;AQP3
GO_Biological_Process_2023,Positive Regulation Of Phagocytosis (GO:0050766),2/60,0.1210294038464434,0.2552752782713395,0,0,3.438174851967956,7.260468635528234,PYCARD;CYBA
GO_Biological_Process_2023,Negative Regulation Of Gene Expression (GO:0010629),6/336,0.1216894658624008,0.2552752782713395,0,0,1.824742268041237,3.843423328373996,NDFIP2;SFRP2;GPNMB;APOE;KLF4;TLE5
GO_Biological_Process_2023,Regulation Of Lamellipodium Organization (GO:1902743),1/13,0.1225132126107664,0.2552752782713395,0,0,8.28643216080402,17.397665920944878,CD44
GO_Biological_Process_2023,Regulation Of Leukocyte Migration (GO:0002685),1/13,0.1225132126107664,0.2552752782713395,0,0,8.28643216080402,17.397665920944878,ANXA1
GO_Biological_Process_2023,Amyloid Precursor Protein Catabolic Process (GO:0042987),1/13,0.1225132126107664,0.2552752782713395,0,0,8.28643216080402,17.397665920944878,APH1A
GO_Biological_Process_2023,Regulation Of Nitrogen Compound Metabolic Process (GO:0051171),1/13,0.1225132126107664,0.2552752782713395,0,0,8.28643216080402,17.397665920944878,APOE
GO_Biological_Process_2023,Branching Involved In Blood Vessel Morphogenesis (GO:0001569),1/13,0.1225132126107664,0.2552752782713395,0,0,8.28643216080402,17.397665920944878,SFRP2
GO_Biological_Process_2023,Cardiac Left Ventricle Morphogenesis (GO:0003214),1/13,0.1225132126107664,0.2552752782713395,0,0,8.28643216080402,17.397665920944878,SFRP2
GO_Biological_Process_2023,Regulation Of Trophoblast Cell Migration (GO:1901163),1/13,0.1225132126107664,0.2552752782713395,0,0,8.28643216080402,17.397665920944878,GJA1
GO_Biological_Process_2023,Response To UV-A (GO:0070141),1/13,0.1225132126107664,0.2552752782713395,0,0,8.28643216080402,17.397665920944878,MMP2
GO_Biological_Process_2023,Clathrin Coat Assembly (GO:0048268),1/13,0.1225132126107664,0.2552752782713395,0,0,8.28643216080402,17.397665920944878,NSG1
GO_Biological_Process_2023,"Endonucleolytic Cleavage Of Tricistronic rRNA Transcript (SSU-rRNA, 5.8S rRNA, LSU-rRNA) (GO:0000479)",1/13,0.1225132126107664,0.2552752782713395,0,0,8.28643216080402,17.397665920944878,RPS21
GO_Biological_Process_2023,Eye Photoreceptor Cell Development (GO:0042462),1/13,0.1225132126107664,0.2552752782713395,0,0,8.28643216080402,17.397665920944878,THY1
GO_Biological_Process_2023,Membrane Protein Intracellular Domain Proteolysis (GO:0031293),1/13,0.1225132126107664,0.2552752782713395,0,0,8.28643216080402,17.397665920944878,APH1A
GO_Biological_Process_2023,Microvillus Organization (GO:0032528),1/13,0.1225132126107664,0.2552752782713395,0,0,8.28643216080402,17.397665920944878,FXYD5
GO_Biological_Process_2023,Myeloid Dendritic Cell Activation (GO:0001773),1/13,0.1225132126107664,0.2552752782713395,0,0,8.28643216080402,17.397665920944878,PYCARD
GO_Biological_Process_2023,Negative Regulation Of Cell Migration Involved In Sprouting Angiogenesis (GO:0090051),1/13,0.1225132126107664,0.2552752782713395,0,0,8.28643216080402,17.397665920944878,KLF4
GO_Biological_Process_2023,Negative Regulation Of Neuroinflammatory Response (GO:0150079),1/13,0.1225132126107664,0.2552752782713395,0,0,8.28643216080402,17.397665920944878,GRN
GO_Biological_Process_2023,Negative Regulation Of Receptor Internalization (GO:0002091),1/13,0.1225132126107664,0.2552752782713395,0,0,8.28643216080402,17.397665920944878,ANXA2
GO_Biological_Process_2023,Negative Regulation Of Secretion (GO:0051048),1/13,0.1225132126107664,0.2552752782713395,0,0,8.28643216080402,17.397665920944878,VAMP8
GO_Biological_Process_2023,Positive Regulation Of Granulocyte Macrophage Colony-Stimulating Factor Production (GO:0032725),1/13,0.1225132126107664,0.2552752782713395,0,0,8.28643216080402,17.397665920944878,IL18
GO_Biological_Process_2023,Positive Regulation Of Insulin Secretion Involved In Cellular Response To Glucose Stimulus (GO:0035774),1/13,0.1225132126107664,0.2552752782713395,0,0,8.28643216080402,17.397665920944878,HLA-DRB1
GO_Biological_Process_2023,Positive Regulation Of Type 2 Immune Response (GO:0002830),1/13,0.1225132126107664,0.2552752782713395,0,0,8.28643216080402,17.397665920944878,IL18
GO_Biological_Process_2023,Regulation Of cAMP-dependent Protein Kinase Activity (GO:2000479),1/13,0.1225132126107664,0.2552752782713395,0,0,8.28643216080402,17.397665920944878,ADRB2
GO_Biological_Process_2023,Receptor-Mediated Endocytosis (GO:0006898),3/122,0.123480177679577,0.2569593928833357,0,0,2.5185769739367827,5.26804358631712,AP2S1;ADRB2;APOE
GO_Biological_Process_2023,Positive Regulation Of Cell Junction Assembly (GO:1901890),2/61,0.1243457655234195,0.2580971722851491,0,0,3.379729498373566,7.045685456427677,THY1;S100A10
GO_Biological_Process_2023,Positive Regulation Of Interleukin-8 Production (GO:0032757),2/61,0.1243457655234195,0.2580971722851491,0,0,3.379729498373566,7.045685456427677,PYCARD;CD74
GO_Biological_Process_2023,Regulation Of Protein Phosphorylation (GO:0001932),5/265,0.1274327801928374,0.2624254576782215,0,0,1.9270216962524656,3.969985095521329,CD74;MYDGF;GPNMB;FBLN1;HLA-DRB1
GO_Biological_Process_2023,Cell Junction Organization (GO:0034330),2/62,0.1276839186856092,0.2624254576782215,0,0,3.323232323232323,6.839868307696459,CXADR;CLDN1
GO_Biological_Process_2023,Negative Regulation Of Kinase Activity (GO:0033673),2/62,0.1276839186856092,0.2624254576782215,0,0,3.323232323232323,6.839868307696459,SFN;THY1
GO_Biological_Process_2023,Protein-Containing Complex Disassembly (GO:0032984),2/62,0.1276839186856092,0.2624254576782215,0,0,3.323232323232323,6.839868307696459,VAMP8;LAMP2
GO_Biological_Process_2023,Cellular Response To Lipopolysaccharide (GO:0071222),3/124,0.1279117628948558,0.2624254576782215,0,0,2.476695892939548,5.093113606778357,PYCARD;HMGB2;IL18
GO_Biological_Process_2023,Response To Cytokine (GO:0034097),3/125,0.1301487308762109,0.2624254576782215,0,0,2.456270283764667,5.008525221038258,CD74;ANXA1;TLE5
GO_Biological_Process_2023,Positive Regulation Of Mitotic Cell Cycle Phase Transition (GO:1901992),2/63,0.1310431018295034,0.2624254576782215,0,0,3.2685875144891536,6.642518297732,ANXA1;RAB11A
GO_Biological_Process_2023,Regulation Of Extracellular Matrix Disassembly (GO:0010715),1/14,0.1312937743788508,0.2624254576782215,0,0,7.648627754155393,15.529145947074284,FSCN1
GO_Biological_Process_2023,Regulation Of Leukocyte Activation (GO:0002694),1/14,0.1312937743788508,0.2624254576782215,0,0,7.648627754155393,15.529145947074284,CD74
GO_Biological_Process_2023,Regulation Of Microglial Cell Activation (GO:1903978),1/14,0.1312937743788508,0.2624254576782215,0,0,7.648627754155393,15.529145947074284,GRN
GO_Biological_Process_2023,"Blood Coagulation, Fibrin Clot Formation (GO:0072378)",1/14,0.1312937743788508,0.2624254576782215,0,0,7.648627754155393,15.529145947074284,FBLN1
GO_Biological_Process_2023,Cardiac Cell Development (GO:0055006),1/14,0.1312937743788508,0.2624254576782215,0,0,7.648627754155393,15.529145947074284,CXADR
GO_Biological_Process_2023,Regulation Of Sequestering Of Triglyceride (GO:0010889),1/14,0.1312937743788508,0.2624254576782215,0,0,7.648627754155393,15.529145947074284,PLIN2
GO_Biological_Process_2023,Renal Water Homeostasis (GO:0003091),1/14,0.1312937743788508,0.2624254576782215,0,0,7.648627754155393,15.529145947074284,AQP3
GO_Biological_Process_2023,Striated Muscle Cell Development (GO:0055002),1/14,0.1312937743788508,0.2624254576782215,0,0,7.648627754155393,15.529145947074284,SDC1
GO_Biological_Process_2023,Hyaluronan Metabolic Process (GO:0030212),1/14,0.1312937743788508,0.2624254576782215,0,0,7.648627754155393,15.529145947074284,CD44
GO_Biological_Process_2023,Lipoprotein Biosynthetic Process (GO:0042158),1/14,0.1312937743788508,0.2624254576782215,0,0,7.648627754155393,15.529145947074284,APOE
GO_Biological_Process_2023,Mammary Gland Epithelium Development (GO:0061180),1/14,0.1312937743788508,0.2624254576782215,0,0,7.648627754155393,15.529145947074284,IRF6
GO_Biological_Process_2023,"Maturation Of LSU-rRNA From Tricistronic rRNA Transcript (SSU-rRNA, 5.8S rRNA, LSU-rRNA) (GO:0000463)",1/14,0.1312937743788508,0.2624254576782215,0,0,7.648627754155393,15.529145947074284,RPL35
GO_Biological_Process_2023,Mitochondrion Transport Along Microtubule (GO:0047497),1/14,0.1312937743788508,0.2624254576782215,0,0,7.648627754155393,15.529145947074284,HSBP1
GO_Biological_Process_2023,Nuclear Pore Organization (GO:0006999),1/14,0.1312937743788508,0.2624254576782215,0,0,7.648627754155393,15.529145947074284,RTN4
GO_Biological_Process_2023,Polarized Epithelial Cell Differentiation (GO:0030859),1/14,0.1312937743788508,0.2624254576782215,0,0,7.648627754155393,15.529145947074284,EZR
GO_Biological_Process_2023,Positive Regulation Of Exosomal Secretion (GO:1903543),1/14,0.1312937743788508,0.2624254576782215,0,0,7.648627754155393,15.529145947074284,SDC1
GO_Biological_Process_2023,Positive Regulation Of Membrane Protein Ectodomain Proteolysis (GO:0051044),1/14,0.1312937743788508,0.2624254576782215,0,0,7.648627754155393,15.529145947074284,APOE
GO_Biological_Process_2023,Positive Regulation Of Response To Cytokine Stimulus (GO:0060760),1/14,0.1312937743788508,0.2624254576782215,0,0,7.648627754155393,15.529145947074284,CD74
GO_Biological_Process_2023,Positive Regulation Of Transporter Activity (GO:0032411),1/14,0.1312937743788508,0.2624254576782215,0,0,7.648627754155393,15.529145947074284,SGK1
GO_Biological_Process_2023,Protein Activation Cascade (GO:0072376),1/14,0.1312937743788508,0.2624254576782215,0,0,7.648627754155393,15.529145947074284,FBLN1
GO_Biological_Process_2023,Protein Localization To Vacuole (GO:0072665),1/14,0.1312937743788508,0.2624254576782215,0,0,7.648627754155393,15.529145947074284,RTN4
GO_Biological_Process_2023,Regulation Of ATP Biosynthetic Process (GO:2001169),1/14,0.1312937743788508,0.2624254576782215,0,0,7.648627754155393,15.529145947074284,ENO1
GO_Biological_Process_2023,Regulation Of Branching Involved In Ureteric Bud Morphogenesis (GO:0090189),1/14,0.1312937743788508,0.2624254576782215,0,0,7.648627754155393,15.529145947074284,TACSTD2
GO_Biological_Process_2023,Protein-Containing Complex Organization (GO:0043933),3/126,0.1323995391242033,0.2643093142319175,0,0,2.4361767983162066,4.925781673616739,CD74;TSPAN4;CAPG
GO_Biological_Process_2023,Response To Metal Ion (GO:0010038),2/64,0.1344225663522014,0.2675104091249296,0,0,3.215705441511893,6.45317143498723,AQP3;NDRG1
GO_Biological_Process_2023,Positive Regulation Of T Cell Differentiation (GO:0045582),2/64,0.1344225663522014,0.2675104091249296,0,0,3.215705441511893,6.45317143498723,HLA-DRA;HLA-DRB1
GO_Biological_Process_2023,Regulation Of Tumor Necrosis Factor Production (GO:0032680),3/127,0.1346639798868546,0.2675104091249296,0,0,2.4164074013427213,4.844830729741804,PYCARD;IFNGR1;CYBA
GO_Biological_Process_2023,Regulation Of Anatomical Structure Morphogenesis (GO:0022603),3/127,0.1346639798868546,0.2675104091249296,0,0,2.4164074013427213,4.844830729741804,CLDN4;GPNMB;KRT1
GO_Biological_Process_2023,Canonical Wnt Signaling Pathway (GO:0060070),2/65,0.137821576382599,0.2678945688374601,0,0,3.1645021645021645,6.271395690931595,SFRP2;JUP
GO_Biological_Process_2023,Regulation Of Cell-Matrix Adhesion (GO:0001952),2/65,0.137821576382599,0.2678945688374601,0,0,3.1645021645021645,6.271395690931595,JUP;THY1
GO_Biological_Process_2023,Regulation Of Cholesterol Biosynthetic Process (GO:0045540),1/15,0.139986908731619,0.2678945688374601,0,0,7.101938262742283,13.963876250165317,APOE
GO_Biological_Process_2023,B Cell Mediated Immunity (GO:0019724),1/15,0.139986908731619,0.2678945688374601,0,0,7.101938262742283,13.963876250165317,CD74
GO_Biological_Process_2023,Regulation Of Granulocyte Macrophage Colony-Stimulating Factor Production (GO:0032645),1/15,0.139986908731619,0.2678945688374601,0,0,7.101938262742283,13.963876250165317,IL18
GO_Biological_Process_2023,T Cell Homeostasis (GO:0043029),1/15,0.139986908731619,0.2678945688374601,0,0,7.101938262742283,13.963876250165317,PMAIP1
GO_Biological_Process_2023,Regulation Of Interleukin-13 Production (GO:0032656),1/15,0.139986908731619,0.2678945688374601,0,0,7.101938262742283,13.963876250165317,IL18
GO_Biological_Process_2023,Adenylate Cyclase-Activating Adrenergic Receptor Signaling Pathway (GO:0071880),1/15,0.139986908731619,0.2678945688374601,0,0,7.101938262742283,13.963876250165317,ADRB2
GO_Biological_Process_2023,Alpha-Beta T Cell Activation (GO:0046631),1/15,0.139986908731619,0.2678945688374601,0,0,7.101938262742283,13.963876250165317,HLA-A
GO_Biological_Process_2023,Amyloid-Beta Metabolic Process (GO:0050435),1/15,0.139986908731619,0.2678945688374601,0,0,7.101938262742283,13.963876250165317,APH1A
GO_Biological_Process_2023,Astrocyte Development (GO:0014002),1/15,0.139986908731619,0.2678945688374601,0,0,7.101938262742283,13.963876250165317,IFNGR1
GO_Biological_Process_2023,Cellular Response To Corticosteroid Stimulus (GO:0071384),1/15,0.139986908731619,0.2678945688374601,0,0,7.101938262742283,13.963876250165317,ANXA1
GO_Biological_Process_2023,Cellular Response To Sterol (GO:0036315),1/15,0.139986908731619,0.2678945688374601,0,0,7.101938262742283,13.963876250165317,RORA
GO_Biological_Process_2023,Epiboly Involved In Wound Healing (GO:0090505),1/15,0.139986908731619,0.2678945688374601,0,0,7.101938262742283,13.963876250165317,CD44
GO_Biological_Process_2023,Gas Transport (GO:0015669),1/15,0.139986908731619,0.2678945688374601,0,0,7.101938262742283,13.963876250165317,CA2
GO_Biological_Process_2023,Vasodilation (GO:0042311),1/15,0.139986908731619,0.2678945688374601,0,0,7.101938262742283,13.963876250165317,ADRB2
GO_Biological_Process_2023,High-Density Lipoprotein Particle Remodeling (GO:0034375),1/15,0.139986908731619,0.2678945688374601,0,0,7.101938262742283,13.963876250165317,APOE
GO_Biological_Process_2023,Intracellular Sterol Transport (GO:0032366),1/15,0.139986908731619,0.2678945688374601,0,0,7.101938262742283,13.963876250165317,NPC2
GO_Biological_Process_2023,Melanosome Transport (GO:0032402),1/15,0.139986908731619,0.2678945688374601,0,0,7.101938262742283,13.963876250165317,RAB11A
GO_Biological_Process_2023,Negative Regulation Of DNA Replication (GO:0008156),1/15,0.139986908731619,0.2678945688374601,0,0,7.101938262742283,13.963876250165317,S100A11
GO_Biological_Process_2023,Negative Regulation Of Cell-Substrate Junction Organization (GO:0150118),1/15,0.139986908731619,0.2678945688374601,0,0,7.101938262742283,13.963876250165317,APOD
GO_Biological_Process_2023,Negative Regulation Of Focal Adhesion Assembly (GO:0051895),1/15,0.139986908731619,0.2678945688374601,0,0,7.101938262742283,13.963876250165317,APOD
GO_Biological_Process_2023,Negative Regulation Of Macrophage Activation (GO:0043031),1/15,0.139986908731619,0.2678945688374601,0,0,7.101938262742283,13.963876250165317,GRN
GO_Biological_Process_2023,Negative Regulation Of Platelet Activation (GO:0010544),1/15,0.139986908731619,0.2678945688374601,0,0,7.101938262742283,13.963876250165317,APOE
GO_Biological_Process_2023,Pigment Granule Transport (GO:0051904),1/15,0.139986908731619,0.2678945688374601,0,0,7.101938262742283,13.963876250165317,RAB11A
GO_Biological_Process_2023,Positive Regulation Of Cell Activation (GO:0050867),1/15,0.139986908731619,0.2678945688374601,0,0,7.101938262742283,13.963876250165317,SOX15
GO_Biological_Process_2023,Positive Regulation Of Glucose Metabolic Process (GO:0010907),1/15,0.139986908731619,0.2678945688374601,0,0,7.101938262742283,13.963876250165317,PMAIP1
GO_Biological_Process_2023,Positive Regulation Of Sprouting Angiogenesis (GO:1903672),1/15,0.139986908731619,0.2678945688374601,0,0,7.101938262742283,13.963876250165317,KLF4
GO_Biological_Process_2023,Positive Regulation Of Transmembrane Transport (GO:0034764),1/15,0.139986908731619,0.2678945688374601,0,0,7.101938262742283,13.963876250165317,CA2
GO_Biological_Process_2023,Protein Localization To Cell-Cell Junction (GO:0150105),1/15,0.139986908731619,0.2678945688374601,0,0,7.101938262742283,13.963876250165317,DSP
GO_Biological_Process_2023,Regulation Of Carbohydrate Metabolic Process (GO:0006109),1/15,0.139986908731619,0.2678945688374601,0,0,7.101938262742283,13.963876250165317,RORA
GO_Biological_Process_2023,Response To Reactive Oxygen Species (GO:0000302),2/66,0.1412394085870013,0.2693363987071321,0,0,3.11489898989899,6.096788351656931,APOD;APOE
GO_Biological_Process_2023,Negative Regulation Of Endopeptidase Activity (GO:0010951),2/66,0.1412394085870013,0.2693363987071321,0,0,3.11489898989899,6.096788351656931,SERPINB2;SERPINB5
GO_Biological_Process_2023,Negative Regulation Of Immune Response (GO:0050777),2/66,0.1412394085870013,0.2693363987071321,0,0,3.11489898989899,6.096788351656931,LGALS3;HLA-DRB1
GO_Biological_Process_2023,Positive Regulation Of Peptidyl-Tyrosine Phosphorylation (GO:0050731),3/130,0.1415370182821212,0.2695863912926521,0,0,2.3589671849394462,4.612238445645575,CD74;IL18;CD44
GO_Biological_Process_2023,Circulatory System Development (GO:0072359),3/132,0.1461833943108462,0.2746265377309555,0,0,2.3221579506551766,4.465262011584285,GJA1;CXADR;PDLIM4
GO_Biological_Process_2023,Plasma Membrane Bounded Cell Projection Organization (GO:0120036),3/132,0.1461833943108462,0.2746265377309555,0,0,2.3221579506551766,4.465262011584285,LIMA1;APOE;RAB11A
GO_Biological_Process_2023,Regulation Of MAPK Cascade (GO:0043408),4/204,0.1483544918227803,0.2746265377309555,0,0,2.0,3.816301308308897,CD74;MYDGF;ADRB2;HLA-DRB1
GO_Biological_Process_2023,Activation Of Cysteine-Type Endopeptidase Activity (GO:0097202),1/16,0.1485934818111902,0.2746265377309555,0,0,6.628140703517588,12.636822082241835,PERP
GO_Biological_Process_2023,Regulation Of Nucleocytoplasmic Transport (GO:0046822),1/16,0.1485934818111902,0.2746265377309555,0,0,6.628140703517588,12.636822082241835,IFI27
GO_Biological_Process_2023,Regulation Of Protein Kinase A Signaling (GO:0010738),1/16,0.1485934818111902,0.2746265377309555,0,0,6.628140703517588,12.636822082241835,ADRB2
GO_Biological_Process_2023,Cell Communication By Electrical Coupling Involved In Cardiac Conduction (GO:0086064),1/16,0.1485934818111902,0.2746265377309555,0,0,6.628140703517588,12.636822082241835,GJA1
GO_Biological_Process_2023,Cell Surface Toll-Like Receptor Signaling Pathway (GO:0140895),1/16,0.1485934818111902,0.2746265377309555,0,0,6.628140703517588,12.636822082241835,S100A14
GO_Biological_Process_2023,Regulation Of Secretion (GO:0051046),1/16,0.1485934818111902,0.2746265377309555,0,0,6.628140703517588,12.636822082241835,SGK1
GO_Biological_Process_2023,Cellular Response To Gamma Radiation (GO:0071480),1/16,0.1485934818111902,0.2746265377309555,0,0,6.628140703517588,12.636822082241835,RPL26
GO_Biological_Process_2023,Reverse Cholesterol Transport (GO:0043691),1/16,0.1485934818111902,0.2746265377309555,0,0,6.628140703517588,12.636822082241835,APOE
GO_Biological_Process_2023,Ruffle Organization (GO:0031529),1/16,0.1485934818111902,0.2746265377309555,0,0,6.628140703517588,12.636822082241835,LIMA1
GO_Biological_Process_2023,Endoplasmic Reticulum Tubular Network Organization (GO:0071786),1/16,0.1485934818111902,0.2746265377309555,0,0,6.628140703517588,12.636822082241835,RTN4
GO_Biological_Process_2023,Establishment Of Melanosome Localization (GO:0032401),1/16,0.1485934818111902,0.2746265377309555,0,0,6.628140703517588,12.636822082241835,RAB11A
GO_Biological_Process_2023,"Synaptic Transmission, Cholinergic (GO:0007271)",1/16,0.1485934818111902,0.2746265377309555,0,0,6.628140703517588,12.636822082241835,APOE
GO_Biological_Process_2023,Innate Immune Response-Activating Signaling Pathway (GO:0002758),1/16,0.1485934818111902,0.2746265377309555,0,0,6.628140703517588,12.636822082241835,PYCARD
GO_Biological_Process_2023,Intracellular Cholesterol Transport (GO:0032367),1/16,0.1485934818111902,0.2746265377309555,0,0,6.628140703517588,12.636822082241835,NPC2
GO_Biological_Process_2023,Negative Regulation Of Chemokine Production (GO:0032682),1/16,0.1485934818111902,0.2746265377309555,0,0,6.628140703517588,12.636822082241835,KLF4
GO_Biological_Process_2023,Negative Regulation Of Inflammatory Response To Antigenic Stimulus (GO:0002862),1/16,0.1485934818111902,0.2746265377309555,0,0,6.628140703517588,12.636822082241835,HLA-DRB1
GO_Biological_Process_2023,Positive Regulation Of Cell Migration Involved In Sprouting Angiogenesis (GO:0090050),1/16,0.1485934818111902,0.2746265377309555,0,0,6.628140703517588,12.636822082241835,ANXA1
GO_Biological_Process_2023,Positive Regulation Of Lymphocyte Migration (GO:2000403),1/16,0.1485934818111902,0.2746265377309555,0,0,6.628140703517588,12.636822082241835,PYCARD
GO_Biological_Process_2023,Positive Regulation Of Myeloid Leukocyte Cytokine Production Involved In Immune Response (GO:0061081),1/16,0.1485934818111902,0.2746265377309555,0,0,6.628140703517588,12.636822082241835,CD74
GO_Biological_Process_2023,Positive Regulation Of Smooth Muscle Cell Migration (GO:0014911),1/16,0.1485934818111902,0.2746265377309555,0,0,6.628140703517588,12.636822082241835,S100A11
GO_Biological_Process_2023,Positive Regulation Of Stem Cell Proliferation (GO:2000648),1/16,0.1485934818111902,0.2746265377309555,0,0,6.628140703517588,12.636822082241835,GJA1
GO_Biological_Process_2023,Protein Kinase A Signaling (GO:0010737),1/16,0.1485934818111902,0.2746265377309555,0,0,6.628140703517588,12.636822082241835,EZR
GO_Biological_Process_2023,Protein Localization To Endoplasmic Reticulum (GO:0070972),1/16,0.1485934818111902,0.2746265377309555,0,0,6.628140703517588,12.636822082241835,BCAP31
GO_Biological_Process_2023,Antigen Receptor-Mediated Signaling Pathway (GO:0050851),3/134,0.1508793106612941,0.2785331858160036,0,0,2.286472662455923,4.32434865075451,HLA-A;THY1;HLA-DRB1
GO_Biological_Process_2023,Regulation Of Monoatomic Ion Transmembrane Transporter Activity (GO:0032412),2/69,0.1515987898971927,0.2792246198447724,0,0,2.974973616764661,5.612340646899519,FXYD3;FXYD5
GO_Biological_Process_2023,Response To Molecule Of Bacterial Origin (GO:0002237),2/69,0.1515987898971927,0.2792246198447724,0,0,2.974973616764661,5.612340646899519,HMGB2;S100A14
GO_Biological_Process_2023,Regulation Of Canonical Wnt Signaling Pathway (GO:0060828),4/207,0.1539305700130572,0.2816922863568297,0,0,1.9701417512817936,3.686634888531132,SFRP2;JUP;APOE;TLE5
GO_Biological_Process_2023,Positive Regulation Of Cell Differentiation (GO:0045597),5/283,0.1547610630287284,0.2816922863568297,0,0,1.8005902969931746,3.3596726036690296,GJA1;SFRP2;CTNNBIP1;IL18;TACSTD2
GO_Biological_Process_2023,"DNA Damage Response, Signal Transduction By P53 Class Mediator Resulting In Cell Cycle Arrest (GO:0006977)",1/17,0.157114351192228,0.2816922863568297,0,0,6.21356783919598,11.499955704952034,RPL26
GO_Biological_Process_2023,Regulation Of Inflammatory Response To Antigenic Stimulus (GO:0002861),1/17,0.157114351192228,0.2816922863568297,0,0,6.21356783919598,11.499955704952034,HLA-DRB1
GO_Biological_Process_2023,Carbohydrate Derivative Transport (GO:1901264),1/17,0.157114351192228,0.2816922863568297,0,0,6.21356783919598,11.499955704952034,NPC2
GO_Biological_Process_2023,Carboxylic Acid Biosynthetic Process (GO:0046394),1/17,0.157114351192228,0.2816922863568297,0,0,6.21356783919598,11.499955704952034,PYCARD
GO_Biological_Process_2023,Regulation Of Ubiquitin Protein Ligase Activity (GO:1904666),1/17,0.157114351192228,0.2816922863568297,0,0,6.21356783919598,11.499955704952034,RPL11
GO_Biological_Process_2023,Ribosomal Small Subunit Assembly (GO:0000028),1/17,0.157114351192228,0.2816922863568297,0,0,6.21356783919598,11.499955704952034,RPS15
GO_Biological_Process_2023,Filopodium Assembly (GO:0046847),1/17,0.157114351192228,0.2816922863568297,0,0,6.21356783919598,11.499955704952034,EZR
GO_Biological_Process_2023,Toll-Like Receptor 4 Signaling Pathway (GO:0034142),1/17,0.157114351192228,0.2816922863568297,0,0,6.21356783919598,11.499955704952034,S100A14
GO_Biological_Process_2023,Transcription By RNA Polymerase I (GO:0006360),1/17,0.157114351192228,0.2816922863568297,0,0,6.21356783919598,11.499955704952034,POLR2L
GO_Biological_Process_2023,Transepithelial Transport (GO:0070633),1/17,0.157114351192228,0.2816922863568297,0,0,6.21356783919598,11.499955704952034,CXADR
GO_Biological_Process_2023,Mesenchyme Development (GO:0060485),1/17,0.157114351192228,0.2816922863568297,0,0,6.21356783919598,11.499955704952034,SFRP2
GO_Biological_Process_2023,Myeloid Cell Activation Involved In Immune Response (GO:0002275),1/17,0.157114351192228,0.2816922863568297,0,0,6.21356783919598,11.499955704952034,PYCARD
GO_Biological_Process_2023,Negative Regulation Of Insulin Secretion (GO:0046676),1/17,0.157114351192228,0.2816922863568297,0,0,6.21356783919598,11.499955704952034,PIM3
GO_Biological_Process_2023,Negative Regulation Of Interleukin-8 Production (GO:0032717),1/17,0.157114351192228,0.2816922863568297,0,0,6.21356783919598,11.499955704952034,KLF4
GO_Biological_Process_2023,Negative Regulation Of Leukocyte Activation (GO:0002695),1/17,0.157114351192228,0.2816922863568297,0,0,6.21356783919598,11.499955704952034,GRN
GO_Biological_Process_2023,Negative Regulation Of Ubiquitin-Protein Transferase Activity (GO:0051444),1/17,0.157114351192228,0.2816922863568297,0,0,6.21356783919598,11.499955704952034,RPL11
GO_Biological_Process_2023,Positive Regulation Of Amyloid-Beta Formation (GO:1902004),1/17,0.157114351192228,0.2816922863568297,0,0,6.21356783919598,11.499955704952034,IFNGR1
GO_Biological_Process_2023,Positive Regulation Of Cell Adhesion Mediated By Integrin (GO:0033630),1/17,0.157114351192228,0.2816922863568297,0,0,6.21356783919598,11.499955704952034,SFRP2
GO_Biological_Process_2023,Positive Regulation Of Macrophage Derived Foam Cell Differentiation (GO:0010744),1/17,0.157114351192228,0.2816922863568297,0,0,6.21356783919598,11.499955704952034,IL18
GO_Biological_Process_2023,Positive Regulation Of Nitric-Oxide Synthase Activity (GO:0051000),1/17,0.157114351192228,0.2816922863568297,0,0,6.21356783919598,11.499955704952034,APOE
GO_Biological_Process_2023,Positive Regulation Of Stem Cell Differentiation (GO:2000738),1/17,0.157114351192228,0.2816922863568297,0,0,6.21356783919598,11.499955704952034,TACSTD2
GO_Biological_Process_2023,Receptor Recycling (GO:0001881),1/17,0.157114351192228,0.2816922863568297,0,0,6.21356783919598,11.499955704952034,NSG1
GO_Biological_Process_2023,Negative Regulation Of Supramolecular Fiber Organization (GO:1902904),2/71,0.1585864433775845,0.2840170927304307,0,0,2.888449714536671,5.318951469597782,LIMA1;APOE
GO_Biological_Process_2023,Negative Regulation Of Cell Adhesion (GO:0007162),2/72,0.1621027002960182,0.2871091148073253,0,0,2.8470418470418477,5.180264363849609,FBLN1;SPINT2
GO_Biological_Process_2023,Regulation Of Exosomal Secretion (GO:1903541),1/18,0.1655503660358053,0.2871091148073253,0,0,5.847768253029855,10.51709310132786,SDC1
GO_Biological_Process_2023,Actin Filament Capping (GO:0051693),1/18,0.1655503660358053,0.2871091148073253,0,0,5.847768253029855,10.51709310132786,CAPG
GO_Biological_Process_2023,Adrenergic Receptor Signaling Pathway (GO:0071875),1/18,0.1655503660358053,0.2871091148073253,0,0,5.847768253029855,10.51709310132786,ADRB2
GO_Biological_Process_2023,Regulation Of Mitochondrial Membrane Permeability (GO:0046902),1/18,0.1655503660358053,0.2871091148073253,0,0,5.847768253029855,10.51709310132786,PMAIP1
GO_Biological_Process_2023,Regulation Of Nervous System Process (GO:0031644),1/18,0.1655503660358053,0.2871091148073253,0,0,5.847768253029855,10.51709310132786,TYMP
GO_Biological_Process_2023,Barbed-End Actin Filament Capping (GO:0051016),1/18,0.1655503660358053,0.2871091148073253,0,0,5.847768253029855,10.51709310132786,CAPG
GO_Biological_Process_2023,Regulation Of Protein Neddylation (GO:2000434),1/18,0.1655503660358053,0.2871091148073253,0,0,5.847768253029855,10.51709310132786,RPL11
GO_Biological_Process_2023,Cell Junction Maintenance (GO:0034331),1/18,0.1655503660358053,0.2871091148073253,0,0,5.847768253029855,10.51709310132786,CLDN1
GO_Biological_Process_2023,Detection Of Mechanical Stimulus (GO:0050982),1/18,0.1655503660358053,0.2871091148073253,0,0,5.847768253029855,10.51709310132786,JUP
GO_Biological_Process_2023,Establishment Of Vesicle Localization (GO:0051650),1/18,0.1655503660358053,0.2871091148073253,0,0,5.847768253029855,10.51709310132786,RAB11A
GO_Biological_Process_2023,Icosanoid Biosynthetic Process (GO:0046456),1/18,0.1655503660358053,0.2871091148073253,0,0,5.847768253029855,10.51709310132786,PYCARD
GO_Biological_Process_2023,Intracellular Lipid Transport (GO:0032365),1/18,0.1655503660358053,0.2871091148073253,0,0,5.847768253029855,10.51709310132786,NPC2
GO_Biological_Process_2023,Melanosome Localization (GO:0032400),1/18,0.1655503660358053,0.2871091148073253,0,0,5.847768253029855,10.51709310132786,RAB11A
GO_Biological_Process_2023,Negative Regulation Of Nervous System Development (GO:0051961),1/18,0.1655503660358053,0.2871091148073253,0,0,5.847768253029855,10.51709310132786,B2M
GO_Biological_Process_2023,Negative Regulation Of Viral Entry Into Host Cell (GO:0046597),1/18,0.1655503660358053,0.2871091148073253,0,0,5.847768253029855,10.51709310132786,LY6E
GO_Biological_Process_2023,Nitric Oxide Mediated Signal Transduction (GO:0007263),1/18,0.1655503660358053,0.2871091148073253,0,0,5.847768253029855,10.51709310132786,APOE
GO_Biological_Process_2023,Nucleosome Disassembly (GO:0006337),1/18,0.1655503660358053,0.2871091148073253,0,0,5.847768253029855,10.51709310132786,HMGA1
GO_Biological_Process_2023,Positive Regulation Of DNA Replication (GO:0045740),1/18,0.1655503660358053,0.2871091148073253,0,0,5.847768253029855,10.51709310132786,BAZ1A
GO_Biological_Process_2023,Positive Regulation Of NLRP3 Inflammasome Complex Assembly (GO:1900227),1/18,0.1655503660358053,0.2871091148073253,0,0,5.847768253029855,10.51709310132786,STMP1
GO_Biological_Process_2023,Positive Regulation Of Epidermal Cell Differentiation (GO:0045606),1/18,0.1655503660358053,0.2871091148073253,0,0,5.847768253029855,10.51709310132786,SFN
GO_Biological_Process_2023,Positive Regulation Of Extracellular Matrix Organization (GO:1903055),1/18,0.1655503660358053,0.2871091148073253,0,0,5.847768253029855,10.51709310132786,FSCN1
GO_Biological_Process_2023,Positive Regulation Of Monocyte Chemotaxis (GO:0090026),1/18,0.1655503660358053,0.2871091148073253,0,0,5.847768253029855,10.51709310132786,S100A14
GO_Biological_Process_2023,Positive Regulation Of Natural Killer Cell Activation (GO:0032816),1/18,0.1655503660358053,0.2871091148073253,0,0,5.847768253029855,10.51709310132786,IL18
GO_Biological_Process_2023,Positive Regulation Of Neutrophil Chemotaxis (GO:0090023),1/18,0.1655503660358053,0.2871091148073253,0,0,5.847768253029855,10.51709310132786,CD74
GO_Biological_Process_2023,Positive Regulation Of Response To Endoplasmic Reticulum Stress (GO:1905898),1/18,0.1655503660358053,0.2871091148073253,0,0,5.847768253029855,10.51709310132786,PMAIP1
GO_Biological_Process_2023,Protein Autoprocessing (GO:0016540),1/18,0.1655503660358053,0.2871091148073253,0,0,5.847768253029855,10.51709310132786,CASP4
GO_Biological_Process_2023,Regulation Of Adaptive Immune Response (GO:0002819),1/18,0.1655503660358053,0.2871091148073253,0,0,5.847768253029855,10.51709310132786,PYCARD
GO_Biological_Process_2023,Monocarboxylic Acid Transport (GO:0015718),2/73,0.1656330532612982,0.2871091148073253,0,0,2.806800398349694,5.046572271238703,CRABP2;FABP5
GO_Biological_Process_2023,Regulation Of Rho Protein Signal Transduction (GO:0035023),2/73,0.1656330532612982,0.2871091148073253,0,0,2.806800398349694,5.046572271238703,LPAR6;APOE
GO_Biological_Process_2023,Gland Development (GO:0048732),2/74,0.1691768732048807,0.2914574869774636,0,0,2.767676767676768,4.917637208774679,ANXA1;EZR
GO_Biological_Process_2023,Negative Regulation Of Neuron Apoptotic Process (GO:0043524),2/74,0.1691768732048807,0.2914574869774636,0,0,2.767676767676768,4.917637208774679,GRN;APOE
GO_Biological_Process_2023,Regulation Of Fat Cell Differentiation (GO:0045598),2/75,0.1727335422229741,0.2914574869774636,0,0,2.72962501729625,4.793235424721277,SFRP2;RORA
GO_Biological_Process_2023,Regulation Of Plasma Membrane Bounded Cell Projection Assembly (GO:0120032),2/75,0.1727335422229741,0.2914574869774636,0,0,2.72962501729625,4.793235424721277,SH3YL1;FSCN1
GO_Biological_Process_2023,Regulation Of Stress Fiber Assembly (GO:0051492),2/75,0.1727335422229741,0.2914574869774636,0,0,2.72962501729625,4.793235424721277,TACSTD2;S100A10
GO_Biological_Process_2023,Regulation Of DNA Replication (GO:0006275),2/75,0.1727335422229741,0.2914574869774636,0,0,2.72962501729625,4.793235424721277,BAZ1A;S100A11
GO_Biological_Process_2023,Negative Regulation Of Nucleic Acid-Templated Transcription (GO:1903507),7/456,0.1735610872618048,0.2914574869774636,0,0,1.5631397348165756,2.737410403771276,SFRP2;ZNF706;HMGA1;HMGB2;ENO1;KLF4;TLE5
GO_Biological_Process_2023,Arp2/3 Complex-Mediated Actin Nucleation (GO:0034314),1/19,0.1739023671527052,0.2914574869774636,0,0,5.522613065326633,9.66049300943,ARPC5L
GO_Biological_Process_2023,Regulation Of Early Endosome To Late Endosome Transport (GO:2000641),1/19,0.1739023671527052,0.2914574869774636,0,0,5.522613065326633,9.66049300943,EZR
GO_Biological_Process_2023,Regulation Of Granulocyte Chemotaxis (GO:0071622),1/19,0.1739023671527052,0.2914574869774636,0,0,5.522613065326633,9.66049300943,S100A14
GO_Biological_Process_2023,Regulation Of Megakaryocyte Differentiation (GO:0045652),1/19,0.1739023671527052,0.2914574869774636,0,0,5.522613065326633,9.66049300943,HMGB2
GO_Biological_Process_2023,Regulation Of Neuroinflammatory Response (GO:0150077),1/19,0.1739023671527052,0.2914574869774636,0,0,5.522613065326633,9.66049300943,IL18
GO_Biological_Process_2023,Calcium-Independent Cell-Cell Adhesion Via Plasma Membrane Cell-Adhesion Molecules (GO:0016338),1/19,0.1739023671527052,0.2914574869774636,0,0,5.522613065326633,9.66049300943,CLDN4
GO_Biological_Process_2023,Regulation Of Smooth Muscle Cell Migration (GO:0014910),1/19,0.1739023671527052,0.2914574869774636,0,0,5.522613065326633,9.66049300943,S100A11
GO_Biological_Process_2023,Regulation Of Vascular Endothelial Growth Factor Signaling Pathway (GO:1900746),1/19,0.1739023671527052,0.2914574869774636,0,0,5.522613065326633,9.66049300943,DCN
GO_Biological_Process_2023,Release Of Cytochrome C From Mitochondria (GO:0001836),1/19,0.1739023671527052,0.2914574869774636,0,0,5.522613065326633,9.66049300943,SFN
GO_Biological_Process_2023,Epithelial Structure Maintenance (GO:0010669),1/19,0.1739023671527052,0.2914574869774636,0,0,5.522613065326633,9.66049300943,CXADR
GO_Biological_Process_2023,Establishment Of Epithelial Cell Polarity (GO:0090162),1/19,0.1739023671527052,0.2914574869774636,0,0,5.522613065326633,9.66049300943,EZR
GO_Biological_Process_2023,Superoxide Anion Generation (GO:0042554),1/19,0.1739023671527052,0.2914574869774636,0,0,5.522613065326633,9.66049300943,CYBA
GO_Biological_Process_2023,Fluid Transport (GO:0042044),1/19,0.1739023671527052,0.2914574869774636,0,0,5.522613065326633,9.66049300943,AQP3
GO_Biological_Process_2023,Heme Biosynthetic Process (GO:0006783),1/19,0.1739023671527052,0.2914574869774636,0,0,5.522613065326633,9.66049300943,TSPO
GO_Biological_Process_2023,Water Transport (GO:0006833),1/19,0.1739023671527052,0.2914574869774636,0,0,5.522613065326633,9.66049300943,AQP3
GO_Biological_Process_2023,Insulin Secretion (GO:0030073),1/19,0.1739023671527052,0.2914574869774636,0,0,5.522613065326633,9.66049300943,ANXA1
GO_Biological_Process_2023,Intrinsic Apoptotic Signaling Pathway In Response To DNA Damage By P53 Class Mediator (GO:0042771),1/19,0.1739023671527052,0.2914574869774636,0,0,5.522613065326633,9.66049300943,PYCARD
GO_Biological_Process_2023,Multicellular Organismal-Level Water Homeostasis (GO:0050891),1/19,0.1739023671527052,0.2914574869774636,0,0,5.522613065326633,9.66049300943,AQP3
GO_Biological_Process_2023,Negative Regulation Of Leukocyte Cell-Cell Adhesion (GO:1903038),1/19,0.1739023671527052,0.2914574869774636,0,0,5.522613065326633,9.66049300943,GPNMB
GO_Biological_Process_2023,Pore Complex Assembly (GO:0046931),1/19,0.1739023671527052,0.2914574869774636,0,0,5.522613065326633,9.66049300943,RTN4
GO_Biological_Process_2023,Positive Regulation Of Axon Extension (GO:0045773),1/19,0.1739023671527052,0.2914574869774636,0,0,5.522613065326633,9.66049300943,GOLGA4
GO_Biological_Process_2023,Positive Regulation Of Hormone Secretion (GO:0046887),1/19,0.1739023671527052,0.2914574869774636,0,0,5.522613065326633,9.66049300943,VAMP8
GO_Biological_Process_2023,Positive Regulation Of Mitochondrial Fission (GO:0090141),1/19,0.1739023671527052,0.2914574869774636,0,0,5.522613065326633,9.66049300943,DCN
GO_Biological_Process_2023,Receptor Clustering (GO:0043113),1/19,0.1739023671527052,0.2914574869774636,0,0,5.522613065326633,9.66049300943,THY1
GO_Biological_Process_2023,Regulation Of Behavior (GO:0050795),1/19,0.1739023671527052,0.2914574869774636,0,0,5.522613065326633,9.66049300943,APOE
GO_Biological_Process_2023,Actin Filament Organization (GO:0007015),3/144,0.1750440509507228,0.293067547558656,0,0,2.1232314504806133,3.700192853755635,MARCKS;TPM3;CAPG
GO_Biological_Process_2023,Wnt Signaling Pathway (GO:0016055),2/76,0.1763024531867548,0.2948694955675165,0,0,2.6926016926016927,4.673156378016087,SFRP2;JUP
GO_Biological_Process_2023,Regulation Of Immune Response (GO:0050776),2/77,0.1798830098073791,0.2970142514460097,0,0,2.656565656565657,4.557201796283064,HLA-DRA;HLA-DRB1
GO_Biological_Process_2023,Chloride Transport (GO:0006821),2/77,0.1798830098073791,0.2970142514460097,0,0,2.656565656565657,4.557201796283064,FXYD3;CLIC1
GO_Biological_Process_2023,Negative Regulation Of Blood Vessel Morphogenesis (GO:2000181),2/77,0.1798830098073791,0.2970142514460097,0,0,2.656565656565657,4.557201796283064,KLF4;DCN
GO_Biological_Process_2023,Positive Regulation Of Endothelial Cell Proliferation (GO:0001938),2/77,0.1798830098073791,0.2970142514460097,0,0,2.656565656565657,4.557201796283064,MYDGF;HMGB2
GO_Biological_Process_2023,Negative Regulation Of Response To External Stimulus (GO:0032102),3/146,0.1800025240475294,0.2970142514460097,0,0,2.093322920734088,3.589597500577494,RORA;APOE;KLF4
GO_Biological_Process_2023,DNA Unwinding Involved In DNA Replication (GO:0006268),1/20,0.182171186958547,0.2970142514460097,0,0,5.231684739486909,8.908556962758436,HMGA1
GO_Biological_Process_2023,Activation Of Adenylate Cyclase Activity (GO:0007190),1/20,0.182171186958547,0.2970142514460097,0,0,5.231684739486909,8.908556962758436,ADRB2
GO_Biological_Process_2023,Regulation Of Protein Localization To Cell Periphery (GO:1904375),1/20,0.182171186958547,0.2970142514460097,0,0,5.231684739486909,8.908556962758436,VAMP8
GO_Biological_Process_2023,Cell Projection Organization (GO:0030030),1/20,0.182171186958547,0.2970142514460097,0,0,5.231684739486909,8.908556962758436,CAPG
GO_Biological_Process_2023,Response To Fibroblast Growth Factor (GO:0071774),1/20,0.182171186958547,0.2970142514460097,0,0,5.231684739486909,8.908556962758436,CD44
GO_Biological_Process_2023,Endoplasmic Reticulum Calcium Ion Homeostasis (GO:0032469),1/20,0.182171186958547,0.2970142514460097,0,0,5.231684739486909,8.908556962758436,BCAP31
GO_Biological_Process_2023,Striated Muscle Cell Differentiation (GO:0051146),1/20,0.182171186958547,0.2970142514460097,0,0,5.231684739486909,8.908556962758436,SDC1
GO_Biological_Process_2023,Xenobiotic Transport (GO:0042908),1/20,0.182171186958547,0.2970142514460097,0,0,5.231684739486909,8.908556962758436,GJA1
GO_Biological_Process_2023,Lipopolysaccharide-Mediated Signaling Pathway (GO:0031663),1/20,0.182171186958547,0.2970142514460097,0,0,5.231684739486909,8.908556962758436,IL18
GO_Biological_Process_2023,Long-Term Memory (GO:0007616),1/20,0.182171186958547,0.2970142514460097,0,0,5.231684739486909,8.908556962758436,SGK1
GO_Biological_Process_2023,Maturation Of LSU-rRNA (GO:0000470),1/20,0.182171186958547,0.2970142514460097,0,0,5.231684739486909,8.908556962758436,RPL35
GO_Biological_Process_2023,Negative Regulation Of Phosphoprotein Phosphatase Activity (GO:0032515),1/20,0.182171186958547,0.2970142514460097,0,0,5.231684739486909,8.908556962758436,LGALS3
GO_Biological_Process_2023,Negative Regulation Of Reproductive Process (GO:2000242),1/20,0.182171186958547,0.2970142514460097,0,0,5.231684739486909,8.908556962758436,GJA1
GO_Biological_Process_2023,Negative Regulation Of Stem Cell Population Maintenance (GO:1902455),1/20,0.182171186958547,0.2970142514460097,0,0,5.231684739486909,8.908556962758436,ZNF706
GO_Biological_Process_2023,Negative Regulation Of Viral Life Cycle (GO:1903901),1/20,0.182171186958547,0.2970142514460097,0,0,5.231684739486909,8.908556962758436,LY6E
GO_Biological_Process_2023,Positive Regulation Of Epithelial Cell Differentiation (GO:0030858),1/20,0.182171186958547,0.2970142514460097,0,0,5.231684739486909,8.908556962758436,SFN
GO_Biological_Process_2023,Positive Regulation Of Lipid Storage (GO:0010884),1/20,0.182171186958547,0.2970142514460097,0,0,5.231684739486909,8.908556962758436,PLIN2
GO_Biological_Process_2023,protein-DNA Complex Disassembly (GO:0032986),1/20,0.182171186958547,0.2970142514460097,0,0,5.231684739486909,8.908556962758436,HMGA1
GO_Biological_Process_2023,Receptor Metabolic Process (GO:0043112),1/20,0.182171186958547,0.2970142514460097,0,0,5.231684739486909,8.908556962758436,NSG1
GO_Biological_Process_2023,Regulation Of Calcium Ion Import (GO:0090279),1/20,0.182171186958547,0.2970142514460097,0,0,5.231684739486909,8.908556962758436,LGALS3
GO_Biological_Process_2023,Negative Regulation Of Protein Metabolic Process (GO:0051248),3/147,0.1824961276969842,0.2972446989350277,0,0,2.078680203045685,3.5358897451475038,CSTB;CSTA;APOE
GO_Biological_Process_2023,Negative Regulation Of Protein Modification Process (GO:0031400),2/78,0.1834746263330842,0.2985381105861944,0,0,2.621477937267411,4.445184817601474,TSPO;FBLN1
GO_Biological_Process_2023,Defense Response To Symbiont (GO:0140546),3/148,0.1849990407589495,0.3007163122376901,0,0,2.0642394538771223,3.483207230487368,PYCARD;IFI27;PMAIP1
GO_Biological_Process_2023,Cellular Response To UV (GO:0034644),2/79,0.1870767274857147,0.3034841901797316,0,0,2.5873015873015874,4.336929198982091,MMP2;RPL26
GO_Biological_Process_2023,Positive Regulation Of Cytoskeleton Organization (GO:0051495),2/79,0.1870767274857147,0.3034841901797316,0,0,2.5873015873015874,4.336929198982091,PYCARD;CCL27
GO_Biological_Process_2023,Skeletal System Development (GO:0001501),3/149,0.187511062593512,0.3035644871182288,0,0,2.049996523190321,3.4315249214751327,GJA1;RPL13;CD44
GO_Biological_Process_2023,Negative Regulation Of DNA-binding Transcription Factor Activity (GO:0043433),3/149,0.187511062593512,0.3035644871182288,0,0,2.049996523190321,3.4315249214751327,PYCARD;CTNNBIP1;KLF4
GO_Biological_Process_2023,Regulation Of Lipopolysaccharide-Mediated Signaling Pathway (GO:0031664),1/21,0.1903576498347592,0.3035644871182288,0,0,4.969849246231155,8.244237447277422,CD55
GO_Biological_Process_2023,Regulation Of Membrane Protein Ectodomain Proteolysis (GO:0051043),1/21,0.1903576498347592,0.3035644871182288,0,0,4.969849246231155,8.244237447277422,APOE
GO_Biological_Process_2023,Focal Adhesion Assembly (GO:0048041),1/21,0.1903576498347592,0.3035644871182288,0,0,4.969849246231155,8.244237447277422,THY1
GO_Biological_Process_2023,Macrophage Differentiation (GO:0030225),1/21,0.1903576498347592,0.3035644871182288,0,0,4.969849246231155,8.244237447277422,HLA-DRB1
GO_Biological_Process_2023,"Maturation Of 5.8S rRNA From Tricistronic rRNA Transcript (SSU-rRNA, 5.8S rRNA, LSU-rRNA) (GO:0000466)",1/21,0.1903576498347592,0.3035644871182288,0,0,4.969849246231155,8.244237447277422,RPS21
GO_Biological_Process_2023,Mitochondrial Calcium Ion Homeostasis (GO:0051560),1/21,0.1903576498347592,0.3035644871182288,0,0,4.969849246231155,8.244237447277422,BCAP31
GO_Biological_Process_2023,Modulation By Host Of Viral Genome Replication (GO:0044827),1/21,0.1903576498347592,0.3035644871182288,0,0,4.969849246231155,8.244237447277422,IFI27
GO_Biological_Process_2023,Negative Regulation Of Interleukin-2 Production (GO:0032703),1/21,0.1903576498347592,0.3035644871182288,0,0,4.969849246231155,8.244237447277422,EZR
GO_Biological_Process_2023,Peptide Catabolic Process (GO:0043171),1/21,0.1903576498347592,0.3035644871182288,0,0,4.969849246231155,8.244237447277422,CTSH
GO_Biological_Process_2023,Porphyrin-Containing Compound Biosynthetic Process (GO:0006779),1/21,0.1903576498347592,0.3035644871182288,0,0,4.969849246231155,8.244237447277422,TSPO
GO_Biological_Process_2023,Positive Regulation Of G2/M Transition Of Mitotic Cell Cycle (GO:0010971),1/21,0.1903576498347592,0.3035644871182288,0,0,4.969849246231155,8.244237447277422,RAB11A
GO_Biological_Process_2023,Positive Regulation Of Amyloid Precursor Protein Catabolic Process (GO:1902993),1/21,0.1903576498347592,0.3035644871182288,0,0,4.969849246231155,8.244237447277422,IFNGR1
GO_Biological_Process_2023,Positive Regulation Of Vacuole Organization (GO:0044090),1/21,0.1903576498347592,0.3035644871182288,0,0,4.969849246231155,8.244237447277422,GRN
GO_Biological_Process_2023,Regulation Of Anoikis (GO:2000209),1/21,0.1903576498347592,0.3035644871182288,0,0,4.969849246231155,8.244237447277422,TLE5
GO_Biological_Process_2023,Regulation Of Protein Localization To Plasma Membrane (GO:1903076),2/80,0.1906887482391839,0.3035644871182288,0,0,2.554001554001554,4.232268591096898,VAMP8;LGALS3
GO_Biological_Process_2023,Wound Healing (GO:0042060),2/80,0.1906887482391839,0.3035644871182288,0,0,2.554001554001554,4.232268591096898,DSP;CLDN1
GO_Biological_Process_2023,Negative Regulation Of Protein Serine/Threonine Kinase Activity (GO:0071901),2/80,0.1906887482391839,0.3035644871182288,0,0,2.554001554001554,4.232268591096898,PYCARD;APOE
GO_Biological_Process_2023,Negative Regulation Of NF-kappaB Transcription Factor Activity (GO:0032088),2/81,0.1943101337404015,0.3090256449172004,0,0,2.521544559519243,4.131045868969444,PYCARD;KLF4
GO_Biological_Process_2023,Cellular Response To Organic Substance (GO:0071310),2/82,0.1979403391192459,0.3122554946081746,0,0,2.48989898989899,4.033112516956104,ARL6IP5;IL18
GO_Biological_Process_2023,Regulation Of Mononuclear Cell Migration (GO:0071675),1/22,0.1984625719282345,0.3122554946081746,0,0,4.732950466618808,7.653913334056085,LGALS3
GO_Biological_Process_2023,Regulation Of Protein Export From Nucleus (GO:0046825),1/22,0.1984625719282345,0.3122554946081746,0,0,4.732950466618808,7.653913334056085,IFI27
GO_Biological_Process_2023,Response To Gamma Radiation (GO:0010332),1/22,0.1984625719282345,0.3122554946081746,0,0,4.732950466618808,7.653913334056085,RPL26
GO_Biological_Process_2023,Ribosomal Large Subunit Assembly (GO:0000027),1/22,0.1984625719282345,0.3122554946081746,0,0,4.732950466618808,7.653913334056085,RPL11
GO_Biological_Process_2023,Membrane Protein Ectodomain Proteolysis (GO:0006509),1/22,0.1984625719282345,0.3122554946081746,0,0,4.732950466618808,7.653913334056085,APH1A
GO_Biological_Process_2023,Mitochondrial Cytochrome C Oxidase Assembly (GO:0033617),1/22,0.1984625719282345,0.3122554946081746,0,0,4.732950466618808,7.653913334056085,STMP1
GO_Biological_Process_2023,Modulation By Host Of Viral Process (GO:0044788),1/22,0.1984625719282345,0.3122554946081746,0,0,4.732950466618808,7.653913334056085,IFI27
GO_Biological_Process_2023,Negative Regulation Of Cell Development (GO:0010721),1/22,0.1984625719282345,0.3122554946081746,0,0,4.732950466618808,7.653913334056085,B2M
GO_Biological_Process_2023,Positive Regulation Of Cholesterol Efflux (GO:0010875),1/22,0.1984625719282345,0.3122554946081746,0,0,4.732950466618808,7.653913334056085,APOE
GO_Biological_Process_2023,Positive Regulation Of Protein Autophosphorylation (GO:0031954),1/22,0.1984625719282345,0.3122554946081746,0,0,4.732950466618808,7.653913334056085,GPNMB
GO_Biological_Process_2023,Positive Regulation Of Phosphorylation (GO:0042327),4/231,0.2011412103951675,0.3161627375046372,0,0,1.7596871347658003,2.822094860805404,CD74;MYDGF;GPNMB;HLA-DRB1
GO_Biological_Process_2023,Regulation Of NIK/NF-kappaB Signaling (GO:1901222),2/83,0.2015788294152306,0.3165432830487473,0,0,2.4590347923681257,3.938328060173813,PYCARD;EZR
GO_Biological_Process_2023,Cellular Response To Growth Factor Stimulus (GO:0071363),3/155,0.2027633389651177,0.3180948118067108,0,0,1.9684744857066525,3.141125834684901,ANXA1;KLF4;CD44
GO_Biological_Process_2023,Regulation Of Interleukin-1 Beta Production (GO:0032651),2/84,0.2052250792916977,0.3186864314344876,0,0,2.4289233801428924,3.84655954231675,PYCARD;STMP1
GO_Biological_Process_2023,Regulation Of Cellular Response To Transforming Growth Factor Beta Stimulus (GO:1903844),1/23,0.2064867613185778,0.3186864314344876,0,0,4.517587939698492,7.126580711797677,LTBP4
GO_Biological_Process_2023,Regulation Of Cholesterol Metabolic Process (GO:0090181),1/23,0.2064867613185778,0.3186864314344876,0,0,4.517587939698492,7.126580711797677,APOE
GO_Biological_Process_2023,Regulation Of Cholesterol Transport (GO:0032374),1/23,0.2064867613185778,0.3186864314344876,0,0,4.517587939698492,7.126580711797677,TSPO
GO_Biological_Process_2023,Regulation Of Interleukin-4 Production (GO:0032673),1/23,0.2064867613185778,0.3186864314344876,0,0,4.517587939698492,7.126580711797677,HLA-DRB1
GO_Biological_Process_2023,Actin Nucleation (GO:0045010),1/23,0.2064867613185778,0.3186864314344876,0,0,4.517587939698492,7.126580711797677,ARPC5L
GO_Biological_Process_2023,Lymphocyte Activation Involved In Immune Response (GO:0002285),1/23,0.2064867613185778,0.3186864314344876,0,0,4.517587939698492,7.126580711797677,CD74
GO_Biological_Process_2023,Negative Regulation Of Actin Filament Polymerization (GO:0030837),1/23,0.2064867613185778,0.3186864314344876,0,0,4.517587939698492,7.126580711797677,TMSB10
GO_Biological_Process_2023,Negative Regulation Of Neuron Differentiation (GO:0045665),1/23,0.2064867613185778,0.3186864314344876,0,0,4.517587939698492,7.126580711797677,B2M
GO_Biological_Process_2023,Negative Regulation Of Oxidative Stress-Induced Cell Death (GO:1903202),1/23,0.2064867613185778,0.3186864314344876,0,0,4.517587939698492,7.126580711797677,TXN
GO_Biological_Process_2023,Negative Regulation Of Protein Depolymerization (GO:1901880),1/23,0.2064867613185778,0.3186864314344876,0,0,4.517587939698492,7.126580711797677,LIMA1
GO_Biological_Process_2023,Negative Regulation Of Protein Tyrosine Kinase Activity (GO:0061099),1/23,0.2064867613185778,0.3186864314344876,0,0,4.517587939698492,7.126580711797677,THY1
GO_Biological_Process_2023,Positive Regulation Of Lamellipodium Assembly (GO:0010592),1/23,0.2064867613185778,0.3186864314344876,0,0,4.517587939698492,7.126580711797677,FSCN1
GO_Biological_Process_2023,Positive Regulation Of Morphogenesis Of An Epithelium (GO:1905332),1/23,0.2064867613185778,0.3186864314344876,0,0,4.517587939698492,7.126580711797677,GJA1
GO_Biological_Process_2023,Positive Regulation Of Neuron Apoptotic Process (GO:0043525),1/23,0.2064867613185778,0.3186864314344876,0,0,4.517587939698492,7.126580711797677,GRN
GO_Biological_Process_2023,Positive Regulation Of Neutrophil Migration (GO:1902624),1/23,0.2064867613185778,0.3186864314344876,0,0,4.517587939698492,7.126580711797677,CD74
GO_Biological_Process_2023,Protein Localization To Cell Junction (GO:1902414),1/23,0.2064867613185778,0.3186864314344876,0,0,4.517587939698492,7.126580711797677,DSP
GO_Biological_Process_2023,Regulation Of Kinase Activity (GO:0043549),2/85,0.2088785730572049,0.3208485861286668,0,0,2.3995375441158573,3.7576810395091074,CD74;HLA-DRB1
GO_Biological_Process_2023,Calcium-Mediated Signaling (GO:0019722),2/85,0.2088785730572049,0.3208485861286668,0,0,2.3995375441158573,3.7576810395091074,BCAP31;DEFB1
GO_Biological_Process_2023,Integrin-Mediated Signaling Pathway (GO:0007229),2/85,0.2088785730572049,0.3208485861286668,0,0,2.3995375441158573,3.7576810395091074,FBLN1;THY1
GO_Biological_Process_2023,Positive Regulation Of Amide Metabolic Process (GO:0034250),2/85,0.2088785730572049,0.3208485861286668,0,0,2.3995375441158573,3.7576810395091074,IFNGR1;RPL26
GO_Biological_Process_2023,Positive Regulation Of Canonical Wnt Signaling Pathway (GO:0090263),2/85,0.2088785730572049,0.3208485861286668,0,0,2.3995375441158573,3.7576810395091074,SFRP2;JUP
GO_Biological_Process_2023,Inflammatory Response (GO:0006954),4/236,0.2114842078217913,0.3229430869733922,0,0,1.721323011963406,2.6742559532999604,ANXA1;IL18;CYBA;CD44
GO_Biological_Process_2023,Negative Regulation Of Angiogenesis (GO:0016525),2/86,0.2125388044387241,0.3229430869733922,0,0,2.370851370851371,3.671573213687656,KLF4;DCN
GO_Biological_Process_2023,Negative Regulation Of Binding (GO:0051100),2/86,0.2125388044387241,0.3229430869733922,0,0,2.370851370851371,3.671573213687656,CTNNBIP1;TLE5
GO_Biological_Process_2023,Response To Lipopolysaccharide (GO:0032496),3/159,0.2130886861186362,0.3229430869733922,0,0,1.9176103084732523,2.9647153446790657,PYCARD;HMGB2;S100A14
GO_Biological_Process_2023,Regulation Of Cysteine-Type Endopeptidase Activity (GO:2000116),1/24,0.2144310182188985,0.3229430869733922,0,0,4.320952589032117,6.653261007649563,PYCARD
GO_Biological_Process_2023,ERK1 And ERK2 Cascade (GO:0070371),1/24,0.2144310182188985,0.3229430869733922,0,0,4.320952589032117,6.653261007649563,CTSH
GO_Biological_Process_2023,Regulation Of Endoplasmic Reticulum Stress-Induced Intrinsic Apoptotic Signaling Pathway (GO:1902235),1/24,0.2144310182188985,0.3229430869733922,0,0,4.320952589032117,6.653261007649563,PMAIP1
GO_Biological_Process_2023,Amyloid Fibril Formation (GO:1990000),1/24,0.2144310182188985,0.3229430869733922,0,0,4.320952589032117,6.653261007649563,B2M
GO_Biological_Process_2023,Regulation Of Proteolysis Involved In Protein Catabolic Process (GO:1903050),1/24,0.2144310182188985,0.3229430869733922,0,0,4.320952589032117,6.653261007649563,CTSC
GO_Biological_Process_2023,Regulation Of Supramolecular Fiber Organization (GO:1902903),1/24,0.2144310182188985,0.3229430869733922,0,0,4.320952589032117,6.653261007649563,APOE
GO_Biological_Process_2023,Dicarboxylic Acid Transport (GO:0006835),1/24,0.2144310182188985,0.3229430869733922,0,0,4.320952589032117,6.653261007649563,GJA1
GO_Biological_Process_2023,Eosinophil Chemotaxis (GO:0048245),1/24,0.2144310182188985,0.3229430869733922,0,0,4.320952589032117,6.653261007649563,LGALS3
GO_Biological_Process_2023,Eosinophil Migration (GO:0072677),1/24,0.2144310182188985,0.3229430869733922,0,0,4.320952589032117,6.653261007649563,LGALS3
GO_Biological_Process_2023,Gliogenesis (GO:0042063),1/24,0.2144310182188985,0.3229430869733922,0,0,4.320952589032117,6.653261007649563,ANXA1
GO_Biological_Process_2023,Mononuclear Cell Differentiation (GO:1903131),1/24,0.2144310182188985,0.3229430869733922,0,0,4.320952589032117,6.653261007649563,LY6D
GO_Biological_Process_2023,Negative Regulation Of Cell Junction Assembly (GO:1901889),1/24,0.2144310182188985,0.3229430869733922,0,0,4.320952589032117,6.653261007649563,APOD
GO_Biological_Process_2023,Positive Regulation Of ERBB Signaling Pathway (GO:1901186),1/24,0.2144310182188985,0.3229430869733922,0,0,4.320952589032117,6.653261007649563,RTN4
GO_Biological_Process_2023,Positive Regulation Of Cell Cycle G2/M Phase Transition (GO:1902751),1/24,0.2144310182188985,0.3229430869733922,0,0,4.320952589032117,6.653261007649563,RAB11A
GO_Biological_Process_2023,Positive Regulation Of Interleukin-17 Production (GO:0032740),1/24,0.2144310182188985,0.3229430869733922,0,0,4.320952589032117,6.653261007649563,IL18
GO_Biological_Process_2023,Positive Regulation Of Lipid Metabolic Process (GO:0045834),1/24,0.2144310182188985,0.3229430869733922,0,0,4.320952589032117,6.653261007649563,APOE
GO_Biological_Process_2023,Positive Regulation Of Vascular Endothelial Growth Factor Production (GO:0010575),1/24,0.2144310182188985,0.3229430869733922,0,0,4.320952589032117,6.653261007649563,RORA
GO_Biological_Process_2023,Positive Regulation Of Cell Adhesion (GO:0045785),2/88,0.2198775013707891,0.3286734633005789,0,0,2.315480385247827,3.5072227118932733,SFRP2;FBLN2
GO_Biological_Process_2023,Regulation Of Autophagy (GO:0010506),4/241,0.2219744656209958,0.3286734633005789,0,0,1.6845776285197622,2.5356143254507653,ATP6V0B;ATP6V0E1;DAPL1;DCN
GO_Biological_Process_2023,ATP Biosynthetic Process (GO:0006754),1/25,0.2222961348450487,0.3286734633005789,0,0,4.14070351758794,6.226561570384656,ATP5MF
GO_Biological_Process_2023,Regulation Of Monocyte Chemotaxis (GO:0090025),1/25,0.2222961348450487,0.3286734633005789,0,0,4.14070351758794,6.226561570384656,S100A14
GO_Biological_Process_2023,Regulation Of Myelination (GO:0031641),1/25,0.2222961348450487,0.3286734633005789,0,0,4.14070351758794,6.226561570384656,TYMP
GO_Biological_Process_2023,Regulation Of Neutrophil Chemotaxis (GO:0090022),1/25,0.2222961348450487,0.3286734633005789,0,0,4.14070351758794,6.226561570384656,CD74
GO_Biological_Process_2023,Cardiac Conduction System Development (GO:0003161),1/25,0.2222961348450487,0.3286734633005789,0,0,4.14070351758794,6.226561570384656,GJA1
GO_Biological_Process_2023,Response To dsRNA (GO:0043331),1/25,0.2222961348450487,0.3286734633005789,0,0,4.14070351758794,6.226561570384656,PMAIP1
GO_Biological_Process_2023,Sterol Transport (GO:0015918),1/25,0.2222961348450487,0.3286734633005789,0,0,4.14070351758794,6.226561570384656,NPC2
GO_Biological_Process_2023,"Wound Healing, Spreading Of Cells (GO:0044319)",1/25,0.2222961348450487,0.3286734633005789,0,0,4.14070351758794,6.226561570384656,CD44
GO_Biological_Process_2023,Metanephros Development (GO:0001656),1/25,0.2222961348450487,0.3286734633005789,0,0,4.14070351758794,6.226561570384656,CTSH
GO_Biological_Process_2023,Negative Regulation Of Intracellular Protein Transport (GO:0090317),1/25,0.2222961348450487,0.3286734633005789,0,0,4.14070351758794,6.226561570384656,APOD
GO_Biological_Process_2023,Negative Regulation Of Proteolysis Involved In Protein Catabolic Process (GO:1903051),1/25,0.2222961348450487,0.3286734633005789,0,0,4.14070351758794,6.226561570384656,RPL11
GO_Biological_Process_2023,Negative Regulation Of Stress Fiber Assembly (GO:0051497),1/25,0.2222961348450487,0.3286734633005789,0,0,4.14070351758794,6.226561570384656,TACSTD2
GO_Biological_Process_2023,Organophosphate Ester Transport (GO:0015748),1/25,0.2222961348450487,0.3286734633005789,0,0,4.14070351758794,6.226561570384656,NPC2
GO_Biological_Process_2023,Peptide Hormone Secretion (GO:0030072),1/25,0.2222961348450487,0.3286734633005789,0,0,4.14070351758794,6.226561570384656,ANXA1
GO_Biological_Process_2023,Positive Regulation Of T Cell Migration (GO:2000406),1/25,0.2222961348450487,0.3286734633005789,0,0,4.14070351758794,6.226561570384656,PYCARD
GO_Biological_Process_2023,Purine Ribonucleotide Catabolic Process (GO:0009154),1/25,0.2222961348450487,0.3286734633005789,0,0,4.14070351758794,6.226561570384656,HINT1
GO_Biological_Process_2023,Regulation Of Actin Cytoskeleton Reorganization (GO:2000249),1/25,0.2222961348450487,0.3286734633005789,0,0,4.14070351758794,6.226561570384656,CCL27
GO_Biological_Process_2023,Regulation Of Cell Size (GO:0008361),1/25,0.2222961348450487,0.3286734633005789,0,0,4.14070351758794,6.226561570384656,EZR
GO_Biological_Process_2023,Regulation Of Vesicle-Mediated Transport (GO:0060627),2/89,0.2235550003741977,0.3302331620491114,0,0,2.2887495646116336,3.428770706989903,AP2S1;RAB11A
GO_Biological_Process_2023,"Wnt Signaling Pathway, Planar Cell Polarity Pathway (GO:0060071)",1/26,0.2300828957266827,0.3343843879546673,0,0,3.974874371859297,5.840344997302112,DAAM1
GO_Biological_Process_2023,Regulation Of Keratinocyte Differentiation (GO:0045616),1/26,0.2300828957266827,0.3343843879546673,0,0,3.974874371859297,5.840344997302112,AQP3
GO_Biological_Process_2023,Acute Inflammatory Response (GO:0002526),1/26,0.2300828957266827,0.3343843879546673,0,0,3.974874371859297,5.840344997302112,CTNNBIP1
GO_Biological_Process_2023,cAMP-mediated Signaling (GO:0019933),1/26,0.2300828957266827,0.3343843879546673,0,0,3.974874371859297,5.840344997302112,DEFB1
GO_Biological_Process_2023,Cardiac Muscle Cell Development (GO:0055013),1/26,0.2300828957266827,0.3343843879546673,0,0,3.974874371859297,5.840344997302112,CXADR
GO_Biological_Process_2023,Regulation Of Reactive Oxygen Species Biosynthetic Process (GO:1903426),1/26,0.2300828957266827,0.3343843879546673,0,0,3.974874371859297,5.840344997302112,CYBA
GO_Biological_Process_2023,Regulation Of Vascular Endothelial Growth Factor Production (GO:0010574),1/26,0.2300828957266827,0.3343843879546673,0,0,3.974874371859297,5.840344997302112,RORA
GO_Biological_Process_2023,Respiratory Chain Complex IV Assembly (GO:0008535),1/26,0.2300828957266827,0.3343843879546673,0,0,3.974874371859297,5.840344997302112,STMP1
GO_Biological_Process_2023,Response To Glucocorticoid (GO:0051384),1/26,0.2300828957266827,0.3343843879546673,0,0,3.974874371859297,5.840344997302112,ANXA1
GO_Biological_Process_2023,Establishment Or Maintenance Of Apical/Basal Cell Polarity (GO:0035088),1/26,0.2300828957266827,0.3343843879546673,0,0,3.974874371859297,5.840344997302112,FSCN1
GO_Biological_Process_2023,Mitotic G1 DNA Damage Checkpoint Signaling (GO:0031571),1/26,0.2300828957266827,0.3343843879546673,0,0,3.974874371859297,5.840344997302112,RPL26
GO_Biological_Process_2023,Negative Regulation Of Lipid Metabolic Process (GO:0045833),1/26,0.2300828957266827,0.3343843879546673,0,0,3.974874371859297,5.840344997302112,APOD
GO_Biological_Process_2023,Negative Regulation Of Receptor-Mediated Endocytosis (GO:0048261),1/26,0.2300828957266827,0.3343843879546673,0,0,3.974874371859297,5.840344997302112,ANXA2
GO_Biological_Process_2023,Organelle Membrane Fusion (GO:0090174),1/26,0.2300828957266827,0.3343843879546673,0,0,3.974874371859297,5.840344997302112,VAMP8
GO_Biological_Process_2023,Positive Regulation Of Adenylate Cyclase Activity (GO:0045762),1/26,0.2300828957266827,0.3343843879546673,0,0,3.974874371859297,5.840344997302112,ADRB2
GO_Biological_Process_2023,Positive Regulation Of Erythrocyte Differentiation (GO:0045648),1/26,0.2300828957266827,0.3343843879546673,0,0,3.974874371859297,5.840344997302112,HMGB2
GO_Biological_Process_2023,Positive Regulation Of Monooxygenase Activity (GO:0032770),1/26,0.2300828957266827,0.3343843879546673,0,0,3.974874371859297,5.840344997302112,APOE
GO_Biological_Process_2023,Protein Targeting To Lysosome (GO:0006622),1/26,0.2300828957266827,0.3343843879546673,0,0,3.974874371859297,5.840344997302112,LAMP2
GO_Biological_Process_2023,Regulation Of Actin Cytoskeleton Organization (GO:0032956),2/91,0.2309239500321694,0.3353057175803429,0,0,2.237090001134945,3.2788286401533377,FSCN1;EZR
GO_Biological_Process_2023,Membrane Organization (GO:0061024),3/167,0.2340612680505318,0.3395566245285045,0,0,1.82332549213817,2.6477828986834435,SERP1;ANXA2;S100A10
GO_Biological_Process_2023,Positive Regulation Of Protein Catabolic Process (GO:0045732),2/92,0.234614487227205,0.3400544805916248,0,0,2.212121212121212,3.2071589757618537,APOE;EZR
GO_Biological_Process_2023,T Cell Activation Involved In Immune Response (GO:0002286),1/27,0.2377920775242915,0.3416019285819237,0,0,3.821801314263626,5.489477227235043,CD74
GO_Biological_Process_2023,Regulation Of Mitochondrial Fission (GO:0090140),1/27,0.2377920775242915,0.3416019285819237,0,0,3.821801314263626,5.489477227235043,DCN
GO_Biological_Process_2023,Cardiac Muscle Cell Differentiation (GO:0055007),1/27,0.2377920775242915,0.3416019285819237,0,0,3.821801314263626,5.489477227235043,CXADR
GO_Biological_Process_2023,Clathrin-Dependent Endocytosis (GO:0072583),1/27,0.2377920775242915,0.3416019285819237,0,0,3.821801314263626,5.489477227235043,AP2S1
GO_Biological_Process_2023,Cortical Cytoskeleton Organization (GO:0030865),1/27,0.2377920775242915,0.3416019285819237,0,0,3.821801314263626,5.489477227235043,EZR
GO_Biological_Process_2023,Myeloid Cell Development (GO:0061515),1/27,0.2377920775242915,0.3416019285819237,0,0,3.821801314263626,5.489477227235043,ANXA2
GO_Biological_Process_2023,Positive Regulation Of Cytosolic Calcium Ion Concentration Involved In Phospholipase C-activating G Protein-Coupled Signaling Pathway (GO:0051482),1/27,0.2377920775242915,0.3416019285819237,0,0,3.821801314263626,5.489477227235043,LPAR6
GO_Biological_Process_2023,Positive Regulation Of Filopodium Assembly (GO:0051491),1/27,0.2377920775242915,0.3416019285819237,0,0,3.821801314263626,5.489477227235043,FSCN1
GO_Biological_Process_2023,Positive Regulation Of Immune System Process (GO:0002684),1/27,0.2377920775242915,0.3416019285819237,0,0,3.821801314263626,5.489477227235043,AQP3
GO_Biological_Process_2023,Positive Regulation Of Nitric Oxide Biosynthetic Process (GO:0045429),1/27,0.2377920775242915,0.3416019285819237,0,0,3.821801314263626,5.489477227235043,KLF4
GO_Biological_Process_2023,Negative Regulation Of Amide Metabolic Process (GO:0034249),2/93,0.2383084712706434,0.3417373029115781,0,0,2.187701187701188,3.1375777372613727,APOE;RTN4
GO_Biological_Process_2023,Positive Regulation Of Cellular Component Biogenesis (GO:0044089),2/93,0.2383084712706434,0.3417373029115781,0,0,2.187701187701188,3.1375777372613727,LGALS3;SDC1
GO_Biological_Process_2023,Heart Development (GO:0007507),3/171,0.2446846414909542,0.34581565139112,0,0,1.779550398839739,2.5052244919637907,GJA1;CXADR;PDLIM4
GO_Biological_Process_2023,Metal Ion Transport (GO:0030001),3/171,0.2446846414909542,0.34581565139112,0,0,1.779550398839739,2.5052244919637907,NDFIP2;SGK1;TPT1
GO_Biological_Process_2023,Golgi To Plasma Membrane Protein Transport (GO:0043001),1/28,0.2454244493195781,0.34581565139112,0,0,3.680067001675042,5.169633447658624,GOLGA4
GO_Biological_Process_2023,Regulation Of Lipid Biosynthetic Process (GO:0046890),1/28,0.2454244493195781,0.34581565139112,0,0,3.680067001675042,5.169633447658624,APOE
GO_Biological_Process_2023,Apoptotic Cell Clearance (GO:0043277),1/28,0.2454244493195781,0.34581565139112,0,0,3.680067001675042,5.169633447658624,ANXA1
GO_Biological_Process_2023,Regulation Of Nitric-Oxide Synthase Activity (GO:0050999),1/28,0.2454244493195781,0.34581565139112,0,0,3.680067001675042,5.169633447658624,APOE
GO_Biological_Process_2023,Regulation Of Protein Localization To Membrane (GO:1905475),1/28,0.2454244493195781,0.34581565139112,0,0,3.680067001675042,5.169633447658624,VAMP8
GO_Biological_Process_2023,Regulation Of Protein Transport (GO:0051223),1/28,0.2454244493195781,0.34581565139112,0,0,3.680067001675042,5.169633447658624,NDFIP2
GO_Biological_Process_2023,Cell-Substrate Junction Assembly (GO:0007044),1/28,0.2454244493195781,0.34581565139112,0,0,3.680067001675042,5.169633447658624,THY1
GO_Biological_Process_2023,Cellular Response To Osmotic Stress (GO:0071470),1/28,0.2454244493195781,0.34581565139112,0,0,3.680067001675042,5.169633447658624,PYCARD
GO_Biological_Process_2023,Establishment Of Endothelial Barrier (GO:0061028),1/28,0.2454244493195781,0.34581565139112,0,0,3.680067001675042,5.169633447658624,EZR
GO_Biological_Process_2023,Transcription By RNA Polymerase III (GO:0006383),1/28,0.2454244493195781,0.34581565139112,0,0,3.680067001675042,5.169633447658624,POLR2L
GO_Biological_Process_2023,Negative Regulation Of Actin Filament Bundle Assembly (GO:0032232),1/28,0.2454244493195781,0.34581565139112,0,0,3.680067001675042,5.169633447658624,TACSTD2
GO_Biological_Process_2023,Negative Regulation Of Cytoskeleton Organization (GO:0051494),1/28,0.2454244493195781,0.34581565139112,0,0,3.680067001675042,5.169633447658624,LIMA1
GO_Biological_Process_2023,Negative Regulation Of Type II Interferon Production (GO:0032689),1/28,0.2454244493195781,0.34581565139112,0,0,3.680067001675042,5.169633447658624,HLA-DRB1
GO_Biological_Process_2023,Negative Regulation Of Wound Healing (GO:0061045),1/28,0.2454244493195781,0.34581565139112,0,0,3.680067001675042,5.169633447658624,APOE
GO_Biological_Process_2023,Positive Regulation Of Fibroblast Proliferation (GO:0048146),1/28,0.2454244493195781,0.34581565139112,0,0,3.680067001675042,5.169633447658624,CD74
GO_Biological_Process_2023,Positive Regulation Of Nitric Oxide Metabolic Process (GO:1904407),1/28,0.2454244493195781,0.34581565139112,0,0,3.680067001675042,5.169633447658624,KLF4
GO_Biological_Process_2023,Positive Regulation Of Protein Import Into Nucleus (GO:0042307),1/28,0.2454244493195781,0.34581565139112,0,0,3.680067001675042,5.169633447658624,JUP
GO_Biological_Process_2023,Protein Insertion Into Mitochondrial Membrane (GO:0051204),1/28,0.2454244493195781,0.34581565139112,0,0,3.680067001675042,5.169633447658624,TIMM13
GO_Biological_Process_2023,Positive Regulation Of Supramolecular Fiber Organization (GO:1902905),2/96,0.2494067909928498,0.3511213866238468,0,0,2.117558564367075,2.9405900871231445,PYCARD;APOE
GO_Biological_Process_2023,Regulation Of Developmental Growth (GO:0048638),1/29,0.252980772589684,0.3527785278403948,0,0,3.548456568557071,4.877147000705543,APOE
GO_Biological_Process_2023,Regulation Of Establishment Of Planar Polarity (GO:0090175),1/29,0.252980772589684,0.3527785278403948,0,0,3.548456568557071,4.877147000705543,DAAM1
GO_Biological_Process_2023,Regulation Of Muscle Contraction (GO:0006937),1/29,0.252980772589684,0.3527785278403948,0,0,3.548456568557071,4.877147000705543,ENO1
GO_Biological_Process_2023,Establishment Of Mitotic Spindle Orientation (GO:0000132),1/29,0.252980772589684,0.3527785278403948,0,0,3.548456568557071,4.877147000705543,GJA1
GO_Biological_Process_2023,Glycolytic Process (GO:0006096),1/29,0.252980772589684,0.3527785278403948,0,0,3.548456568557071,4.877147000705543,ENO1
GO_Biological_Process_2023,Lipid Droplet Organization (GO:0034389),1/29,0.252980772589684,0.3527785278403948,0,0,3.548456568557071,4.877147000705543,PLIN2
GO_Biological_Process_2023,Multivesicular Body Assembly (GO:0036258),1/29,0.252980772589684,0.3527785278403948,0,0,3.548456568557071,4.877147000705543,RAB11A
GO_Biological_Process_2023,Negative Regulation Of Plasma Membrane Bounded Cell Projection Assembly (GO:0120033),1/29,0.252980772589684,0.3527785278403948,0,0,3.548456568557071,4.877147000705543,TACSTD2
GO_Biological_Process_2023,Positive Regulation Of B Cell Proliferation (GO:0030890),1/29,0.252980772589684,0.3527785278403948,0,0,3.548456568557071,4.877147000705543,CD74
GO_Biological_Process_2023,Positive Regulation Of Calcium Ion Transport (GO:0051928),1/29,0.252980772589684,0.3527785278403948,0,0,3.548456568557071,4.877147000705543,LGALS3
GO_Biological_Process_2023,Regulation Of Blood Coagulation (GO:0030193),1/29,0.252980772589684,0.3527785278403948,0,0,3.548456568557071,4.877147000705543,APOE
GO_Biological_Process_2023,MAPK Cascade (GO:0000165),2/98,0.2568151396703299,0.3578173073375766,0,0,2.073232323232323,2.818349436543183,IL18;CTSH
GO_Biological_Process_2023,DNA Geometric Change (GO:0032392),1/30,0.2604618012849767,0.3601090147569404,0,0,3.425922717033443,4.608890626901229,HMGB2
GO_Biological_Process_2023,Regulation Of Macrophage Derived Foam Cell Differentiation (GO:0010743),1/30,0.2604618012849767,0.3601090147569404,0,0,3.425922717033443,4.608890626901229,IL18
GO_Biological_Process_2023,Cardiac Muscle Cell Action Potential Involved In Contraction (GO:0086002),1/30,0.2604618012849767,0.3601090147569404,0,0,3.425922717033443,4.608890626901229,GJA1
GO_Biological_Process_2023,Intrinsic Apoptotic Signaling Pathway In Response To Endoplasmic Reticulum Stress (GO:0070059),1/30,0.2604618012849767,0.3601090147569404,0,0,3.425922717033443,4.608890626901229,CASP4
GO_Biological_Process_2023,"Maturation Of SSU-rRNA From Tricistronic rRNA Transcript (SSU-rRNA, 5.8S rRNA, LSU-rRNA) (GO:0000462)",1/30,0.2604618012849767,0.3601090147569404,0,0,3.425922717033443,4.608890626901229,RPS21
GO_Biological_Process_2023,Multivesicular Body Organization (GO:0036257),1/30,0.2604618012849767,0.3601090147569404,0,0,3.425922717033443,4.608890626901229,RAB11A
GO_Biological_Process_2023,Negative Regulation Of Axon Extension (GO:0030517),1/30,0.2604618012849767,0.3601090147569404,0,0,3.425922717033443,4.608890626901229,RTN4
GO_Biological_Process_2023,Negative Regulation Of Epithelial To Mesenchymal Transition (GO:0010719),1/30,0.2604618012849767,0.3601090147569404,0,0,3.425922717033443,4.608890626901229,SFRP2
GO_Biological_Process_2023,Positive Regulation Of Interleukin-10 Production (GO:0032733),1/30,0.2604618012849767,0.3601090147569404,0,0,3.425922717033443,4.608890626901229,PYCARD
GO_Biological_Process_2023,Regulation Of Macrophage Activation (GO:0043030),1/31,0.2678682819607093,0.3656650493207321,0,0,3.3115577889447234,4.362182296847866,CD74
GO_Biological_Process_2023,Regulation Of Protein Autophosphorylation (GO:0031952),1/31,0.2678682819607093,0.3656650493207321,0,0,3.3115577889447234,4.362182296847866,GPNMB
GO_Biological_Process_2023,Regulation Of Response To Biotic Stimulus (GO:0002831),1/31,0.2678682819607093,0.3656650493207321,0,0,3.3115577889447234,4.362182296847866,CD55
GO_Biological_Process_2023,Cellular Response To cAMP (GO:0071320),1/31,0.2678682819607093,0.3656650493207321,0,0,3.3115577889447234,4.362182296847866,EZR
GO_Biological_Process_2023,Regulation Of Transmembrane Receptor Protein Serine/Threonine Kinase Signaling Pathway (GO:0090092),1/31,0.2678682819607093,0.3656650493207321,0,0,3.3115577889447234,4.362182296847866,LTBP4
GO_Biological_Process_2023,Endodermal Cell Differentiation (GO:0035987),1/31,0.2678682819607093,0.3656650493207321,0,0,3.3115577889447234,4.362182296847866,MMP2
GO_Biological_Process_2023,Leukocyte Cell-Cell Adhesion (GO:0007159),1/31,0.2678682819607093,0.3656650493207321,0,0,3.3115577889447234,4.362182296847866,EZR
GO_Biological_Process_2023,Negative Regulation Of Cell-Matrix Adhesion (GO:0001953),1/31,0.2678682819607093,0.3656650493207321,0,0,3.3115577889447234,4.362182296847866,APOD
GO_Biological_Process_2023,Negative Regulation Of Developmental Growth (GO:0048640),1/31,0.2678682819607093,0.3656650493207321,0,0,3.3115577889447234,4.362182296847866,RTN4
GO_Biological_Process_2023,Positive Regulation Of G1/S Transition Of Mitotic Cell Cycle (GO:1900087),1/31,0.2678682819607093,0.3656650493207321,0,0,3.3115577889447234,4.362182296847866,ANXA1
GO_Biological_Process_2023,Positive Regulation Of Rho Protein Signal Transduction (GO:0035025),1/31,0.2678682819607093,0.3656650493207321,0,0,3.3115577889447234,4.362182296847866,LPAR6
GO_Biological_Process_2023,Positive Regulation Of Cholesterol Transport (GO:0032376),1/31,0.2678682819607093,0.3656650493207321,0,0,3.3115577889447234,4.362182296847866,APOE
GO_Biological_Process_2023,Positive Regulation Of Lamellipodium Organization (GO:1902745),1/31,0.2678682819607093,0.3656650493207321,0,0,3.3115577889447234,4.362182296847866,FSCN1
GO_Biological_Process_2023,Positive Regulation Of Proteolysis Involved In Protein Catabolic Process (GO:1903052),1/31,0.2678682819607093,0.3656650493207321,0,0,3.3115577889447234,4.362182296847866,CTSC
GO_Biological_Process_2023,Presynaptic Endocytosis (GO:0140238),1/31,0.2678682819607093,0.3656650493207321,0,0,3.3115577889447234,4.362182296847866,AP2S1
GO_Biological_Process_2023,Calcium Ion Homeostasis (GO:0055074),2/102,0.2716402584331571,0.3701898808108429,0,0,1.9898989898989896,2.593388923930461,S100A14;TPT1
GO_Biological_Process_2023,Regulation Of Protein Secretion (GO:0050708),2/102,0.2716402584331571,0.3701898808108429,0,0,1.9898989898989896,2.593388923930461,APOE;EZR
GO_Biological_Process_2023,Regulation Of Cholesterol Efflux (GO:0010874),1/32,0.2752009537742224,0.3725337325756405,0,0,3.204571243313341,4.1347099266061775,APOE
GO_Biological_Process_2023,Amide Transport (GO:0042886),1/32,0.2752009537742224,0.3725337325756405,0,0,3.204571243313341,4.1347099266061775,GJA1
GO_Biological_Process_2023,Regulation Of Transcription By RNA Polymerase I (GO:0006356),1/32,0.2752009537742224,0.3725337325756405,0,0,3.204571243313341,4.1347099266061775,POLR2L
GO_Biological_Process_2023,Gluconeogenesis (GO:0006094),1/32,0.2752009537742224,0.3725337325756405,0,0,3.204571243313341,4.1347099266061775,ENO1
GO_Biological_Process_2023,Vesicle Budding From Membrane (GO:0006900),1/32,0.2752009537742224,0.3725337325756405,0,0,3.204571243313341,4.1347099266061775,S100A10
GO_Biological_Process_2023,Mitochondrial Membrane Organization (GO:0007006),1/32,0.2752009537742224,0.3725337325756405,0,0,3.204571243313341,4.1347099266061775,PMAIP1
GO_Biological_Process_2023,Negative Regulation Of Fat Cell Differentiation (GO:0045599),1/32,0.2752009537742224,0.3725337325756405,0,0,3.204571243313341,4.1347099266061775,RORA
GO_Biological_Process_2023,Negative Regulation Of Proteasomal Ubiquitin-Dependent Protein Catabolic Process (GO:0032435),1/32,0.2752009537742224,0.3725337325756405,0,0,3.204571243313341,4.1347099266061775,RPL11
GO_Biological_Process_2023,Negative Regulation Of Signal Transduction (GO:0009968),4/267,0.2784276011201202,0.376586705274415,0,0,1.5160239000543183,1.9383839341810445,SFRP2;CTNNBIP1;APOD;DCN
GO_Biological_Process_2023,Macroautophagy (GO:0016236),2/104,0.2790510068326582,0.3767735054410855,0,0,1.95068330362448,2.4897754945672688,VAMP8;LAMP2
GO_Biological_Process_2023,Positive Regulation Of Kinase Activity (GO:0033674),2/104,0.2790510068326582,0.3767735054410855,0,0,1.95068330362448,2.4897754945672688,CD74;HLA-DRB1
GO_Biological_Process_2023,Chromatin Organization (GO:0006325),4/268,0.2806488927885696,0.3767735054410855,0,0,1.510204081632653,1.9189421494891188,SOX15;HMGB2;BAZ1A;HMGN1
GO_Biological_Process_2023,Regulation Of Lamellipodium Assembly (GO:0010591),1/33,0.2824605485993796,0.3767735054410855,0,0,3.1042713567839195,3.9244707255325473,FSCN1
GO_Biological_Process_2023,Regulation Of Sprouting Angiogenesis (GO:1903670),1/33,0.2824605485993796,0.3767735054410855,0,0,3.1042713567839195,3.9244707255325473,KLF4
GO_Biological_Process_2023,Ventricular Cardiac Muscle Tissue Morphogenesis (GO:0055010),1/33,0.2824605485993796,0.3767735054410855,0,0,3.1042713567839195,3.9244707255325473,DSP
GO_Biological_Process_2023,Inositol Lipid-Mediated Signaling (GO:0048017),1/33,0.2824605485993796,0.3767735054410855,0,0,3.1042713567839195,3.9244707255325473,EZR
GO_Biological_Process_2023,Negative Regulation Of Endocytosis (GO:0045806),1/33,0.2824605485993796,0.3767735054410855,0,0,3.1042713567839195,3.9244707255325473,LGALS3
GO_Biological_Process_2023,Positive Regulation Of Ion Transmembrane Transporter Activity (GO:0032414),1/33,0.2824605485993796,0.3767735054410855,0,0,3.1042713567839195,3.9244707255325473,ADRB2
GO_Biological_Process_2023,Positive Regulation Of Nitrogen Compound Metabolic Process (GO:0051173),1/33,0.2824605485993796,0.3767735054410855,0,0,3.1042713567839195,3.9244707255325473,KLF4
GO_Biological_Process_2023,Positive Regulation Of Release Of Sequestered Calcium Ion Into Cytosol (GO:0051281),1/33,0.2824605485993796,0.3767735054410855,0,0,3.1042713567839195,3.9244707255325473,THY1
GO_Biological_Process_2023,Positive Regulation Of Telomerase Activity (GO:0051973),1/33,0.2824605485993796,0.3767735054410855,0,0,3.1042713567839195,3.9244707255325473,KLF4
GO_Biological_Process_2023,Regulation Of G0 To G1 Transition (GO:0070316),1/33,0.2824605485993796,0.3767735054410855,0,0,3.1042713567839195,3.9244707255325473,SOX15
GO_Biological_Process_2023,Regulation Of NLRP3 Inflammasome Complex Assembly (GO:1900225),1/33,0.2824605485993796,0.3767735054410855,0,0,3.1042713567839195,3.9244707255325473,STMP1
GO_Biological_Process_2023,Regulation Of Cell Adhesion Mediated By Integrin (GO:0033628),1/33,0.2824605485993796,0.3767735054410855,0,0,3.1042713567839195,3.9244707255325473,SFRP2
GO_Biological_Process_2023,Regulation Of Neuron Apoptotic Process (GO:0043523),2/105,0.2827546689999499,0.3767735054410855,0,0,1.931646562714524,2.440008904942008,GRN;APOE
GO_Biological_Process_2023,Cellular Response To Organonitrogen Compound (GO:0071417),2/105,0.2827546689999499,0.3767735054410855,0,0,1.931646562714524,2.440008904942008,JUP;EZR
GO_Biological_Process_2023,Positive Regulation Of Stress-Activated MAPK Cascade (GO:0032874),2/105,0.2827546689999499,0.3767735054410855,0,0,1.931646562714524,2.440008904942008,PYCARD;ARL6IP5
GO_Biological_Process_2023,Positive Regulation Of Cell Growth (GO:0030307),2/106,0.2864567291305087,0.3813926352485967,0,0,1.912975912975913,2.3915408635892965,GOLGA4;SFRP2
GO_Biological_Process_2023,Regulation Of Interleukin-17 Production (GO:0032660),1/34,0.2896477910754225,0.3824957371542488,0,0,3.010050251256281,3.7297219848476746,IL18
GO_Biological_Process_2023,Regulation Of Metal Ion Transport (GO:0010959),1/34,0.2896477910754225,0.3824957371542488,0,0,3.010050251256281,3.7297219848476746,B2M
GO_Biological_Process_2023,Apoptotic Mitochondrial Changes (GO:0008637),1/34,0.2896477910754225,0.3824957371542488,0,0,3.010050251256281,3.7297219848476746,SFN
GO_Biological_Process_2023,Regulation Of Neuronal Synaptic Plasticity (GO:0048168),1/34,0.2896477910754225,0.3824957371542488,0,0,3.010050251256281,3.7297219848476746,APOE
GO_Biological_Process_2023,Cellular Response To Hydrogen Peroxide (GO:0070301),1/34,0.2896477910754225,0.3824957371542488,0,0,3.010050251256281,3.7297219848476746,ANXA1
GO_Biological_Process_2023,Establishment Of Mitotic Spindle Localization (GO:0040001),1/34,0.2896477910754225,0.3824957371542488,0,0,3.010050251256281,3.7297219848476746,GJA1
GO_Biological_Process_2023,Superoxide Metabolic Process (GO:0006801),1/34,0.2896477910754225,0.3824957371542488,0,0,3.010050251256281,3.7297219848476746,CYBA
GO_Biological_Process_2023,Inner Mitochondrial Membrane Organization (GO:0007007),1/34,0.2896477910754225,0.3824957371542488,0,0,3.010050251256281,3.7297219848476746,TIMM13
GO_Biological_Process_2023,Positive Regulation Of Carbohydrate Metabolic Process (GO:0045913),1/34,0.2896477910754225,0.3824957371542488,0,0,3.010050251256281,3.7297219848476746,PMAIP1
GO_Biological_Process_2023,Positive Regulation Of Neuron Death (GO:1901216),1/34,0.2896477910754225,0.3824957371542488,0,0,3.010050251256281,3.7297219848476746,GRN
GO_Biological_Process_2023,Defense Response To Virus (GO:0051607),3/189,0.2932709854088831,0.3869647313585833,0,0,1.6058621254298346,1.969843996438265,PYCARD;IFI27;PMAIP1
GO_Biological_Process_2023,Plasma Membrane Bounded Cell Projection Assembly (GO:0120031),4/275,0.2962721631240577,0.3881816198910069,0,0,1.4706679719858422,1.7890334347425676,FSCN1;EMP1;FXYD5;EZR
GO_Biological_Process_2023,Regulation Of Cellular Senescence (GO:2000772),1/35,0.2967633987534311,0.3881816198910069,0,0,2.9213715637008573,3.54894088012851,B2M
GO_Biological_Process_2023,Endoderm Formation (GO:0001706),1/35,0.2967633987534311,0.3881816198910069,0,0,2.9213715637008573,3.54894088012851,MMP2
GO_Biological_Process_2023,Establishment Of Spindle Orientation (GO:0051294),1/35,0.2967633987534311,0.3881816198910069,0,0,2.9213715637008573,3.54894088012851,GJA1
GO_Biological_Process_2023,Hexose Biosynthetic Process (GO:0019319),1/35,0.2967633987534311,0.3881816198910069,0,0,2.9213715637008573,3.54894088012851,ENO1
GO_Biological_Process_2023,Macrophage Activation (GO:0042116),1/35,0.2967633987534311,0.3881816198910069,0,0,2.9213715637008573,3.54894088012851,IFNGR1
GO_Biological_Process_2023,One-Carbon Compound Transport (GO:0019755),1/35,0.2967633987534311,0.3881816198910069,0,0,2.9213715637008573,3.54894088012851,CA2
GO_Biological_Process_2023,Positive Regulation Of Substrate Adhesion-Dependent Cell Spreading (GO:1900026),1/35,0.2967633987534311,0.3881816198910069,0,0,2.9213715637008573,3.54894088012851,S100A10
GO_Biological_Process_2023,Regulation Of G2/M Transition Of Mitotic Cell Cycle (GO:0010389),1/35,0.2967633987534311,0.3881816198910069,0,0,2.9213715637008573,3.54894088012851,RAB11A
GO_Biological_Process_2023,Cell-Matrix Adhesion (GO:0007160),2/109,0.2975499631159602,0.3881816198910069,0,0,1.8590578684036627,2.2534999856206213,THY1;CD44
GO_Biological_Process_2023,Extracellular Structure Organization (GO:0043062),2/109,0.2975499631159602,0.3881816198910069,0,0,1.8590578684036627,2.2534999856206213,POSTN;MMP2
GO_Biological_Process_2023,Negative Regulation Of Developmental Process (GO:0051093),2/109,0.2975499631159602,0.3881816198910069,0,0,1.8590578684036627,2.2534999856206213,ZNF706;THY1
GO_Biological_Process_2023,Positive Regulation Of Wnt Signaling Pathway (GO:0030177),2/109,0.2975499631159602,0.3881816198910069,0,0,1.8590578684036627,2.2534999856206213,SFRP2;JUP
GO_Biological_Process_2023,Regulation Of Wnt Signaling Pathway (GO:0030111),2/109,0.2975499631159602,0.3881816198910069,0,0,1.8590578684036627,2.2534999856206213,SFRP2;CTNNBIP1
GO_Biological_Process_2023,Regulation Of Nucleic Acid-Templated Transcription (GO:1903506),6/452,0.2990968175337528,0.3898854650460111,0,0,1.3421016134251769,1.6199004798362744,HINT1;CRABP2;SOX15;HMGA1;RORA;BAZ1A
GO_Biological_Process_2023,External Encapsulating Structure Organization (GO:0045229),2/110,0.3012423146906411,0.3920051488923762,0,0,1.8417508417508417,2.209806893363538,POSTN;MMP2
GO_Biological_Process_2023,Transcription By RNA Polymerase II (GO:0006366),3/192,0.3014492960908019,0.3920051488923762,0,0,1.580130529369108,1.8948189743642063,ANXA2;S100A10;POLR2L
GO_Biological_Process_2023,Neuron Projection Development (GO:0031175),3/192,0.3014492960908019,0.3920051488923762,0,0,1.580130529369108,1.8948189743642063,APOE;SGK1;RAB11A
GO_Biological_Process_2023,Regulation Of Erythrocyte Differentiation (GO:0045646),1/36,0.3038080819844295,0.3925501075281654,0,0,2.8377602297200286,3.380791434126185,HMGB2
GO_Biological_Process_2023,Regulation Of Intracellular Protein Transport (GO:0033157),1/36,0.3038080819844295,0.3925501075281654,0,0,2.8377602297200286,3.380791434126185,IFI27
GO_Biological_Process_2023,Regulation Of Receptor Internalization (GO:0002090),1/36,0.3038080819844295,0.3925501075281654,0,0,2.8377602297200286,3.380791434126185,ANXA2
GO_Biological_Process_2023,Regulation Of Trans-Synaptic Signaling (GO:0099177),1/36,0.3038080819844295,0.3925501075281654,0,0,2.8377602297200286,3.380791434126185,FABP5
GO_Biological_Process_2023,Interstrand Cross-Link Repair (GO:0036297),1/36,0.3038080819844295,0.3925501075281654,0,0,2.8377602297200286,3.380791434126185,FSCN1
GO_Biological_Process_2023,Lytic Vacuole Organization (GO:0080171),1/36,0.3038080819844295,0.3925501075281654,0,0,2.8377602297200286,3.380791434126185,GRN
GO_Biological_Process_2023,Positive Regulation Of Myeloid Cell Differentiation (GO:0045639),1/36,0.3038080819844295,0.3925501075281654,0,0,2.8377602297200286,3.380791434126185,HMGB2
GO_Biological_Process_2023,Positive Regulation Of Signaling Receptor Activity (GO:2000273),1/36,0.3038080819844295,0.3925501075281654,0,0,2.8377602297200286,3.380791434126185,ADRB2
GO_Biological_Process_2023,Regulation Of Programmed Cell Death (GO:0043067),3/195,0.309639303702757,0.3980671986885057,0,0,1.5552030456852792,1.823237928855138,SGK1;RTN4;TPT1
GO_Biological_Process_2023,Regulation Of p38MAPK Cascade (GO:1900744),1/37,0.3107825442509396,0.3980671986885057,0,0,2.758793969849246,3.2240971983470845,EZR
GO_Biological_Process_2023,Type I Interferon-Mediated Signaling Pathway (GO:0060337),1/37,0.3107825442509396,0.3980671986885057,0,0,2.758793969849246,3.2240971983470845,IFI27
GO_Biological_Process_2023,Melanosome Organization (GO:0032438),1/37,0.3107825442509396,0.3980671986885057,0,0,2.758793969849246,3.2240971983470845,APOE
GO_Biological_Process_2023,Mitochondrion Disassembly (GO:0061726),1/37,0.3107825442509396,0.3980671986885057,0,0,2.758793969849246,3.2240971983470845,CTSK
GO_Biological_Process_2023,Muscle Cell Differentiation (GO:0042692),1/37,0.3107825442509396,0.3980671986885057,0,0,2.758793969849246,3.2240971983470845,RORA
GO_Biological_Process_2023,Negative Regulation Of Endothelial Cell Proliferation (GO:0001937),1/37,0.3107825442509396,0.3980671986885057,0,0,2.758793969849246,3.2240971983470845,APOE
GO_Biological_Process_2023,Negative Regulation Of Stress-Activated MAPK Cascade (GO:0032873),1/37,0.3107825442509396,0.3980671986885057,0,0,2.758793969849246,3.2240971983470845,EZR
GO_Biological_Process_2023,Positive Regulation Of Receptor Signaling Pathway Via JAK-STAT (GO:0046427),1/37,0.3107825442509396,0.3980671986885057,0,0,2.758793969849246,3.2240971983470845,OCIAD2
GO_Biological_Process_2023,Positive Regulation Of Receptor Signaling Pathway Via STAT (GO:1904894),1/37,0.3107825442509396,0.3980671986885057,0,0,2.758793969849246,3.2240971983470845,OCIAD2
GO_Biological_Process_2023,Positive Regulation Of Signaling (GO:0023056),1/37,0.3107825442509396,0.3980671986885057,0,0,2.758793969849246,3.2240971983470845,ANXA2
GO_Biological_Process_2023,Central Nervous System Development (GO:0007417),4/283,0.3142577573411092,0.4022002443756963,0,0,1.4279131007241606,1.6528690245514766,MARCKS;APOD;CAPG;RTN4
GO_Biological_Process_2023,Regulation Of Cytoskeleton Organization (GO:0051493),2/114,0.3159765270928876,0.4027690158783774,0,0,1.7756132756132756,2.045661592448686,FSCN1;EZR
GO_Biological_Process_2023,Response To Endoplasmic Reticulum Stress (GO:0034976),2/114,0.3159765270928876,0.4027690158783774,0,0,1.7756132756132756,2.045661592448686,BCAP31;CASP4
GO_Biological_Process_2023,Calcium-Dependent Cell-Cell Adhesion Via Plasma Membrane Cell Adhesion Molecules (GO:0016339),1/38,0.3176874819497763,0.4027690158783774,0,0,2.684096156457965,3.07781854672427,DSG1
GO_Biological_Process_2023,Regulation Of Protein Import Into Nucleus (GO:0042306),1/38,0.3176874819497763,0.4027690158783774,0,0,2.684096156457965,3.07781854672427,JUP
GO_Biological_Process_2023,Cellular Response To Type I Interferon (GO:0071357),1/38,0.3176874819497763,0.4027690158783774,0,0,2.684096156457965,3.07781854672427,IFI27
GO_Biological_Process_2023,Response To cAMP (GO:0051591),1/38,0.3176874819497763,0.4027690158783774,0,0,2.684096156457965,3.07781854672427,EZR
GO_Biological_Process_2023,Connective Tissue Development (GO:0061448),1/38,0.3176874819497763,0.4027690158783774,0,0,2.684096156457965,3.07781854672427,CD44
GO_Biological_Process_2023,Establishment Of Protein Localization To Plasma Membrane (GO:0061951),1/38,0.3176874819497763,0.4027690158783774,0,0,2.684096156457965,3.07781854672427,GOLGA4
GO_Biological_Process_2023,Tumor Necrosis Factor-Mediated Signaling Pathway (GO:0033209),1/38,0.3176874819497763,0.4027690158783774,0,0,2.684096156457965,3.07781854672427,PYCARD
GO_Biological_Process_2023,mRNA Transcription By RNA Polymerase II (GO:0042789),1/38,0.3176874819497763,0.4027690158783774,0,0,2.684096156457965,3.07781854672427,S100A10
GO_Biological_Process_2023,Negative Regulation Of Type I Interferon Production (GO:0032480),1/38,0.3176874819497763,0.4027690158783774,0,0,2.684096156457965,3.07781854672427,PYCARD
GO_Biological_Process_2023,Positive Regulation Of Axonogenesis (GO:0050772),1/38,0.3176874819497763,0.4027690158783774,0,0,2.684096156457965,3.07781854672427,GOLGA4
GO_Biological_Process_2023,Regulation Of Nitric Oxide Biosynthetic Process (GO:0045428),1/39,0.3245235847719431,0.4085565192424384,0,0,2.6133298069293835,2.941033694945818,KLF4
GO_Biological_Process_2023,Axonal Transport (GO:0098930),1/39,0.3245235847719431,0.4085565192424384,0,0,2.6133298069293835,2.941033694945818,HSBP1
GO_Biological_Process_2023,Regulation Of Protein Tyrosine Kinase Activity (GO:0061097),1/39,0.3245235847719431,0.4085565192424384,0,0,2.6133298069293835,2.941033694945818,THY1
GO_Biological_Process_2023,Regulation Of Receptor-Mediated Endocytosis (GO:0048259),1/39,0.3245235847719431,0.4085565192424384,0,0,2.6133298069293835,2.941033694945818,B2M
GO_Biological_Process_2023,Negative Regulation Of Proteasomal Protein Catabolic Process (GO:1901799),1/39,0.3245235847719431,0.4085565192424384,0,0,2.6133298069293835,2.941033694945818,RPL11
GO_Biological_Process_2023,Negative Regulation Of Protein Secretion (GO:0050709),1/39,0.3245235847719431,0.4085565192424384,0,0,2.6133298069293835,2.941033694945818,APOE
GO_Biological_Process_2023,Negative Regulation Of Ubiquitin-Dependent Protein Catabolic Process (GO:2000059),1/39,0.3245235847719431,0.4085565192424384,0,0,2.6133298069293835,2.941033694945818,RPL11
GO_Biological_Process_2023,Odontogenesis (GO:0042476),1/39,0.3245235847719431,0.4085565192424384,0,0,2.6133298069293835,2.941033694945818,AQP3
GO_Biological_Process_2023,Positive Regulation Of Lipid Biosynthetic Process (GO:0046889),1/39,0.3245235847719431,0.4085565192424384,0,0,2.6133298069293835,2.941033694945818,APOE
GO_Biological_Process_2023,Organic Substance Transport (GO:0071702),3/201,0.326038502491712,0.4101447828547644,0,0,1.5076142131979695,1.68964324994727,ARL6IP5;AQP3;TPT1
GO_Biological_Process_2023,Cellular Response To Molecule Of Bacterial Origin (GO:0071219),2/117,0.3269820795650746,0.4106935506717267,0,0,1.7290294246815987,1.932795390467605,PYCARD;HMGB2
GO_Biological_Process_2023,Protein Maturation (GO:0051604),2/117,0.3269820795650746,0.4106935506717267,0,0,1.7290294246815987,1.932795390467605,APH1A;CASP4
GO_Biological_Process_2023,Notch Signaling Pathway (GO:0007219),1/40,0.3312915354401823,0.413539703837822,0,0,2.54619250096637,2.8129227654318845,APH1A
GO_Biological_Process_2023,Cellular Response To Heat (GO:0034605),1/40,0.3312915354401823,0.413539703837822,0,0,2.54619250096637,2.8129227654318845,HSBP1
GO_Biological_Process_2023,Endothelial Cell Migration (GO:0043542),1/40,0.3312915354401823,0.413539703837822,0,0,2.54619250096637,2.8129227654318845,S100A2
GO_Biological_Process_2023,Establishment Or Maintenance Of Epithelial Cell Apical/Basal Polarity (GO:0045197),1/40,0.3312915354401823,0.413539703837822,0,0,2.54619250096637,2.8129227654318845,EZR
GO_Biological_Process_2023,Synaptic Vesicle Endocytosis (GO:0048488),1/40,0.3312915354401823,0.413539703837822,0,0,2.54619250096637,2.8129227654318845,AP2S1
GO_Biological_Process_2023,Positive Regulation Of Catalytic Activity (GO:0043085),1/40,0.3312915354401823,0.413539703837822,0,0,2.54619250096637,2.8129227654318845,APH1A
GO_Biological_Process_2023,Positive Regulation Of Cell Cycle G1/S Phase Transition (GO:1902808),1/40,0.3312915354401823,0.413539703837822,0,0,2.54619250096637,2.8129227654318845,ANXA1
GO_Biological_Process_2023,Positive Regulation Of Insulin Secretion (GO:0032024),1/40,0.3312915354401823,0.413539703837822,0,0,2.54619250096637,2.8129227654318845,HLA-DRB1
GO_Biological_Process_2023,Regulation Of Protein Kinase Activity (GO:0045859),2/119,0.3342934948533607,0.416644471260655,0,0,1.6993006993006994,1.8619848571697335,SFN;THY1
GO_Biological_Process_2023,Regulation Of Protein-Containing Complex Assembly (GO:0043254),2/119,0.3342934948533607,0.416644471260655,0,0,1.6993006993006994,1.8619848571697335,LGALS3;APOE
GO_Biological_Process_2023,DNA Duplex Unwinding (GO:0032508),1/41,0.3379920100397979,0.4183555537113401,0,0,2.4824120603015074,2.6927543377926204,HMGA1
GO_Biological_Process_2023,Acylglycerol Metabolic Process (GO:0006639),1/41,0.3379920100397979,0.4183555537113401,0,0,2.4824120603015074,2.6927543377926204,APOE
GO_Biological_Process_2023,Carbohydrate Catabolic Process (GO:0016052),1/41,0.3379920100397979,0.4183555537113401,0,0,2.4824120603015074,2.6927543377926204,ENO1
GO_Biological_Process_2023,Response To Amino Acid Starvation (GO:1990928),1/41,0.3379920100397979,0.4183555537113401,0,0,2.4824120603015074,2.6927543377926204,DAPL1
GO_Biological_Process_2023,Double-Strand Break Repair Via Nonhomologous End Joining (GO:0006303),1/41,0.3379920100397979,0.4183555537113401,0,0,2.4824120603015074,2.6927543377926204,HMGB2
GO_Biological_Process_2023,Lymphocyte Migration (GO:0072676),1/41,0.3379920100397979,0.4183555537113401,0,0,2.4824120603015074,2.6927543377926204,KLF5
GO_Biological_Process_2023,Positive Regulation Of Actin Filament Polymerization (GO:0030838),1/41,0.3379920100397979,0.4183555537113401,0,0,2.4824120603015074,2.6927543377926204,PYCARD
GO_Biological_Process_2023,Protein Localization To Lysosome (GO:0061462),1/41,0.3379920100397979,0.4183555537113401,0,0,2.4824120603015074,2.6927543377926204,RTN4
GO_Biological_Process_2023,Regulation Of Amide Metabolic Process (GO:0034248),1/41,0.3379920100397979,0.4183555537113401,0,0,2.4824120603015074,2.6927543377926204,PKP3
GO_Biological_Process_2023,Branching Morphogenesis Of An Epithelial Tube (GO:0048754),1/42,0.344625677945044,0.4230090770227644,0,0,2.4217428606446867,2.579874053958348,SFRP2
GO_Biological_Process_2023,Cardiac Ventricle Morphogenesis (GO:0003208),1/42,0.344625677945044,0.4230090770227644,0,0,2.4217428606446867,2.579874053958348,SFRP2
GO_Biological_Process_2023,Cellular Response To Amino Acid Starvation (GO:0034198),1/42,0.344625677945044,0.4230090770227644,0,0,2.4217428606446867,2.579874053958348,DAPL1
GO_Biological_Process_2023,Regulation Of Ubiquitin-Dependent Protein Catabolic Process (GO:2000058),1/42,0.344625677945044,0.4230090770227644,0,0,2.4217428606446867,2.579874053958348,RPL11
GO_Biological_Process_2023,Ceramide Biosynthetic Process (GO:0046513),1/42,0.344625677945044,0.4230090770227644,0,0,2.4217428606446867,2.579874053958348,DEGS1
GO_Biological_Process_2023,Collagen Fibril Organization (GO:0030199),1/42,0.344625677945044,0.4230090770227644,0,0,2.4217428606446867,2.579874053958348,LUM
GO_Biological_Process_2023,Lysosome Localization (GO:0032418),1/42,0.344625677945044,0.4230090770227644,0,0,2.4217428606446867,2.579874053958348,S100A13
GO_Biological_Process_2023,Monoatomic Cation Transport (GO:0006812),1/42,0.344625677945044,0.4230090770227644,0,0,2.4217428606446867,2.579874053958348,NDFIP2
GO_Biological_Process_2023,Monocyte Chemotaxis (GO:0002548),1/42,0.344625677945044,0.4230090770227644,0,0,2.4217428606446867,2.579874053958348,LGALS3
GO_Biological_Process_2023,Positive Regulation Of Calcium Ion Transmembrane Transport (GO:1904427),1/42,0.344625677945044,0.4230090770227644,0,0,2.4217428606446867,2.579874053958348,THY1
GO_Biological_Process_2023,Regulation Of Axonogenesis (GO:0050770),1/42,0.344625677945044,0.4230090770227644,0,0,2.4217428606446867,2.579874053958348,THY1
GO_Biological_Process_2023,Regulation Of Protein Catabolic Process (GO:0042176),2/122,0.3452170182416795,0.4230933781478268,0,0,1.6565656565656566,1.7618934494773038,APOE;EZR
GO_Biological_Process_2023,Positive Regulation Of Macromolecule Biosynthetic Process (GO:0010557),2/122,0.3452170182416795,0.4230933781478268,0,0,1.6565656565656566,1.7618934494773038,RPL26;KLF4
GO_Biological_Process_2023,Regulation Of Intracellular Signal Transduction (GO:1902531),4/297,0.3459386493248436,0.4236570902094718,0,0,1.3587100369157905,1.4422623260219525,PYCARD;RPL11;EZR;SGK1
GO_Biological_Process_2023,Organonitrogen Compound Biosynthetic Process (GO:1901566),2/123,0.3488455825927885,0.426894178547033,0,0,1.642791551882461,1.73006635039327,DEGS1;APOE
GO_Biological_Process_2023,Regulation Of Filopodium Assembly (GO:0051489),1/43,0.3511932019412653,0.4271839173124782,0,0,2.363962670495334,2.473694919601735,FSCN1
GO_Biological_Process_2023,Regulation Of Primary Metabolic Process (GO:0080090),1/43,0.3511932019412653,0.4271839173124782,0,0,2.363962670495334,2.473694919601735,APOE
GO_Biological_Process_2023,Ephrin Receptor Signaling Pathway (GO:0048013),1/43,0.3511932019412653,0.4271839173124782,0,0,2.363962670495334,2.473694919601735,MMP2
GO_Biological_Process_2023,Lysosome Organization (GO:0007040),1/43,0.3511932019412653,0.4271839173124782,0,0,2.363962670495334,2.473694919601735,GRN
GO_Biological_Process_2023,mRNA Transcription (GO:0009299),1/43,0.3511932019412653,0.4271839173124782,0,0,2.363962670495334,2.473694919601735,S100A10
GO_Biological_Process_2023,Positive Regulation Of Stress Fiber Assembly (GO:0051496),1/43,0.3511932019412653,0.4271839173124782,0,0,2.363962670495334,2.473694919601735,S100A10
GO_Biological_Process_2023,Regulation Of Cell-Cell Adhesion (GO:0022407),1/43,0.3511932019412653,0.4271839173124782,0,0,2.363962670495334,2.473694919601735,SPINT2
GO_Biological_Process_2023,Regulation Of Cellular Component Size (GO:0032535),1/43,0.3511932019412653,0.4271839173124782,0,0,2.363962670495334,2.473694919601735,EZR
GO_Biological_Process_2023,Cellular Response To Ketone (GO:1901655),1/44,0.3576952382847675,0.4324933463652267,0,0,2.308869931050602,2.373689018141451,POSTN
GO_Biological_Process_2023,Synaptic Vesicle Recycling (GO:0036465),1/44,0.3576952382847675,0.4324933463652267,0,0,2.308869931050602,2.373689018141451,AP2S1
GO_Biological_Process_2023,Lymphocyte Chemotaxis (GO:0048247),1/44,0.3576952382847675,0.4324933463652267,0,0,2.308869931050602,2.373689018141451,KLF5
GO_Biological_Process_2023,Mitotic Spindle Assembly (GO:0090307),1/44,0.3576952382847675,0.4324933463652267,0,0,2.308869931050602,2.373689018141451,RAB11A
GO_Biological_Process_2023,Positive Regulation Of Nucleocytoplasmic Transport (GO:0046824),1/44,0.3576952382847675,0.4324933463652267,0,0,2.308869931050602,2.373689018141451,JUP
GO_Biological_Process_2023,Positive Regulation Of Osteoblast Differentiation (GO:0045669),1/44,0.3576952382847675,0.4324933463652267,0,0,2.308869931050602,2.373689018141451,CTNNBIP1
GO_Biological_Process_2023,Regulation Of B Cell Proliferation (GO:0030888),1/44,0.3576952382847675,0.4324933463652267,0,0,2.308869931050602,2.373689018141451,CD74
GO_Biological_Process_2023,Regulation Of DNA-templated Transcription Elongation (GO:0032784),1/44,0.3576952382847675,0.4324933463652267,0,0,2.308869931050602,2.373689018141451,HMGN1
GO_Biological_Process_2023,Regulation Of Cellular Metabolic Process (GO:0031323),1/45,0.3641324366778817,0.4386387016231329,0,0,2.256281407035176,2.279380404926681,NPC2
GO_Biological_Process_2023,Regulation Of Stem Cell Differentiation (GO:2000736),1/45,0.3641324366778817,0.4386387016231329,0,0,2.256281407035176,2.279380404926681,TACSTD2
GO_Biological_Process_2023,Regulation Of Telomerase Activity (GO:0051972),1/45,0.3641324366778817,0.4386387016231329,0,0,2.256281407035176,2.279380404926681,KLF4
GO_Biological_Process_2023,Triglyceride Metabolic Process (GO:0006641),1/45,0.3641324366778817,0.4386387016231329,0,0,2.256281407035176,2.279380404926681,APOE
GO_Biological_Process_2023,Hexose Metabolic Process (GO:0019318),1/45,0.3641324366778817,0.4386387016231329,0,0,2.256281407035176,2.279380404926681,APOD
GO_Biological_Process_2023,Protein Homooligomerization (GO:0051260),2/129,0.3704684745885532,0.4433468648824252,0,0,1.5647021395052891,1.5537287687021244,PYCARD;B2M
GO_Biological_Process_2023,Regulation Of Fibroblast Proliferation (GO:0048145),1/46,0.3705054405101429,0.4433468648824252,0,0,2.2060301507537687,2.1903389894516705,CD74
GO_Biological_Process_2023,T Cell Differentiation (GO:0030217),1/46,0.3705054405101429,0.4433468648824252,0,0,2.2060301507537687,2.1903389894516705,ANXA1
GO_Biological_Process_2023,Response To Hydrogen Peroxide (GO:0042542),1/46,0.3705054405101429,0.4433468648824252,0,0,2.2060301507537687,2.1903389894516705,ANXA1
GO_Biological_Process_2023,Development Of Primary Male Sexual Characteristics (GO:0046546),1/46,0.3705054405101429,0.4433468648824252,0,0,2.2060301507537687,2.1903389894516705,SOX15
GO_Biological_Process_2023,Epithelial Cell Migration (GO:0010631),1/46,0.3705054405101429,0.4433468648824252,0,0,2.2060301507537687,2.1903389894516705,S100A2
GO_Biological_Process_2023,Vacuolar Transport (GO:0007034),1/46,0.3705054405101429,0.4433468648824252,0,0,2.2060301507537687,2.1903389894516705,GRN
GO_Biological_Process_2023,Male Gonad Development (GO:0008584),1/46,0.3705054405101429,0.4433468648824252,0,0,2.2060301507537687,2.1903389894516705,SOX15
GO_Biological_Process_2023,Positive Regulation Of Blood Vessel Endothelial Cell Migration (GO:0043536),1/46,0.3705054405101429,0.4433468648824252,0,0,2.2060301507537687,2.1903389894516705,ANXA1
GO_Biological_Process_2023,Regulation Of Transcription By RNA Polymerase II (GO:0006357),22/2028,0.3762985995853389,0.4492365990991243,0,0,1.0963401929044327,1.0715325391309147,EHF;ANXA2;JUP;HSBP1;IL18;HMGA1;HMGB2;RORA;BAZ1A;ENO1;KLF4;DCN;TLE5;MYDGF;ELF1;SFRP2;KLF5;IFI27;SOX15;IRF6;EZR;S100A10
GO_Biological_Process_2023,Golgi To Plasma Membrane Transport (GO:0006893),1/47,0.376814886705751,0.4492365990991243,0,0,2.1579637317019884,2.1061752538856453,GOLGA4
GO_Biological_Process_2023,Regulation Of Interleukin-2 Production (GO:0032663),1/47,0.376814886705751,0.4492365990991243,0,0,2.1579637317019884,2.1061752538856453,EZR
GO_Biological_Process_2023,Cognition (GO:0050890),1/47,0.376814886705751,0.4492365990991243,0,0,2.1579637317019884,2.1061752538856453,HLA-DRA
GO_Biological_Process_2023,Secondary Alcohol Metabolic Process (GO:1902652),1/47,0.376814886705751,0.4492365990991243,0,0,2.1579637317019884,2.1061752538856453,APOE
GO_Biological_Process_2023,Cellular Defense Response (GO:0006968),1/48,0.3830614060395898,0.4556770142381307,0,0,2.111942692184326,2.026535673888961,LSP1
GO_Biological_Process_2023,Myelination (GO:0042552),1/48,0.3830614060395898,0.4556770142381307,0,0,2.111942692184326,2.026535673888961,DEGS1
GO_Biological_Process_2023,Positive Regulation Of Reactive Oxygen Species Metabolic Process (GO:2000379),1/48,0.3830614060395898,0.4556770142381307,0,0,2.111942692184326,2.026535673888961,CYBA
GO_Biological_Process_2023,Autophagy Of Mitochondrion (GO:0000422),1/49,0.3892456229672477,0.461676676618296,0,0,2.0678391959799,1.9510987409424116,CTSK
GO_Biological_Process_2023,Fatty Acid Beta-Oxidation (GO:0006635),1/49,0.3892456229672477,0.461676676618296,0,0,2.0678391959799,1.9510987409424116,DECR1
GO_Biological_Process_2023,Unsaturated Fatty Acid Metabolic Process (GO:0033559),1/49,0.3892456229672477,0.461676676618296,0,0,2.0678391959799,1.9510987409424116,DEGS1
GO_Biological_Process_2023,Negative Regulation Of DNA Metabolic Process (GO:0051053),1/49,0.3892456229672477,0.461676676618296,0,0,2.0678391959799,1.9510987409424116,S100A11
GO_Biological_Process_2023,"G Protein-Coupled Receptor Signaling Pathway, Coupled To Cyclic Nucleotide Second Messenger (GO:0007187)",1/50,0.3953681557510544,0.465189712326277,0,0,2.025535842477695,1.8795714928238212,ANXA1
GO_Biological_Process_2023,Regulation Of Interferon-Beta Production (GO:0032648),1/50,0.3953681557510544,0.465189712326277,0,0,2.025535842477695,1.8795714928238212,PYCARD
GO_Biological_Process_2023,Regulation Of Interleukin-12 Production (GO:0032655),1/50,0.3953681557510544,0.465189712326277,0,0,2.025535842477695,1.8795714928238212,HLA-B
GO_Biological_Process_2023,Cell Chemotaxis (GO:0060326),1/50,0.3953681557510544,0.465189712326277,0,0,2.025535842477695,1.8795714928238212,HMGB2
GO_Biological_Process_2023,Intracellular Iron Ion Homeostasis (GO:0006879),1/50,0.3953681557510544,0.465189712326277,0,0,2.025535842477695,1.8795714928238212,B2M
GO_Biological_Process_2023,Mitotic Metaphase Plate Congression (GO:0007080),1/50,0.3953681557510544,0.465189712326277,0,0,2.025535842477695,1.8795714928238212,RAB11A
GO_Biological_Process_2023,Negative Regulation Of Cell Projection Organization (GO:0031345),1/50,0.3953681557510544,0.465189712326277,0,0,2.025535842477695,1.8795714928238212,APOE
GO_Biological_Process_2023,Plasma Membrane Bounded Cell Projection Morphogenesis (GO:0120039),1/50,0.3953681557510544,0.465189712326277,0,0,2.025535842477695,1.8795714928238212,SGK1
GO_Biological_Process_2023,Positive Regulation Of Developmental Growth (GO:0048639),1/50,0.3953681557510544,0.465189712326277,0,0,2.025535842477695,1.8795714928238212,GOLGA4
GO_Biological_Process_2023,Positive Regulation Of Fat Cell Differentiation (GO:0045600),1/50,0.3953681557510544,0.465189712326277,0,0,2.025535842477695,1.8795714928238212,SFRP2
GO_Biological_Process_2023,Pyruvate Metabolic Process (GO:0006090),1/50,0.3953681557510544,0.465189712326277,0,0,2.025535842477695,1.8795714928238212,ENO1
GO_Biological_Process_2023,Protein Localization To Organelle (GO:0033365),2/137,0.3988450044858849,0.4682381479922553,0,0,1.4713804713804717,1.3524670293145111,RPL11;RAB11A
GO_Biological_Process_2023,Cellular Response To Lipid (GO:0071396),3/228,0.3994350278292476,0.4682381479922553,0,0,1.3248730964467006,1.2158415530366304,PYCARD;HMGB2;RORA
GO_Biological_Process_2023,Amide Biosynthetic Process (GO:0043604),1/51,0.4014296166851454,0.4682381479922553,0,0,1.984924623115578,1.8116864795932897,DEGS1
GO_Biological_Process_2023,Regulation Of Release Of Sequestered Calcium Ion Into Cytosol (GO:0051279),1/51,0.4014296166851454,0.4682381479922553,0,0,1.984924623115578,1.8116864795932897,THY1
GO_Biological_Process_2023,Regulation Of Smoothened Signaling Pathway (GO:0008589),1/51,0.4014296166851454,0.4682381479922553,0,0,1.984924623115578,1.8116864795932897,RORA
GO_Biological_Process_2023,Regulation Of Stress-Activated MAPK Cascade (GO:0032872),1/51,0.4014296166851454,0.4682381479922553,0,0,1.984924623115578,1.8116864795932897,ARL6IP5
GO_Biological_Process_2023,Metaphase Plate Congression (GO:0051310),1/51,0.4014296166851454,0.4682381479922553,0,0,1.984924623115578,1.8116864795932897,RAB11A
GO_Biological_Process_2023,Negative Regulation Of MAP Kinase Activity (GO:0043407),1/51,0.4014296166851454,0.4682381479922553,0,0,1.984924623115578,1.8116864795932897,APOE
GO_Biological_Process_2023,Positive Regulation Of Ras Protein Signal Transduction (GO:0046579),1/51,0.4014296166851454,0.4682381479922553,0,0,1.984924623115578,1.8116864795932897,LPAR6
GO_Biological_Process_2023,Positive Regulation Of Actin Filament Bundle Assembly (GO:0032233),1/51,0.4014296166851454,0.4682381479922553,0,0,1.984924623115578,1.8116864795932897,S100A10
GO_Biological_Process_2023,Positive Regulation Of Protein Localization To Cell Periphery (GO:1904377),1/51,0.4014296166851454,0.4682381479922553,0,0,1.984924623115578,1.8116864795932897,LGALS3
GO_Biological_Process_2023,Positive Regulation Of Protein Localization To Plasma Membrane (GO:1903078),1/51,0.4014296166851454,0.4682381479922553,0,0,1.984924623115578,1.8116864795932897,LGALS3
GO_Biological_Process_2023,Rho Protein Signal Transduction (GO:0007266),1/52,0.4074306117999475,0.4721762065169042,0,0,1.9459060005911912,1.7471991060741807,RHOV
GO_Biological_Process_2023,Arachidonic Acid Metabolic Process (GO:0019369),1/52,0.4074306117999475,0.4721762065169042,0,0,1.9459060005911912,1.7471991060741807,PTGDS
GO_Biological_Process_2023,Cardiac Muscle Tissue Development (GO:0048738),1/52,0.4074306117999475,0.4721762065169042,0,0,1.9459060005911912,1.7471991060741807,GJA1
GO_Biological_Process_2023,Cartilage Development (GO:0051216),1/52,0.4074306117999475,0.4721762065169042,0,0,1.9459060005911912,1.7471991060741807,CD44
GO_Biological_Process_2023,Cellular Response To Ionizing Radiation (GO:0071479),1/52,0.4074306117999475,0.4721762065169042,0,0,1.9459060005911912,1.7471991060741807,RPL26
GO_Biological_Process_2023,Fatty Acid Oxidation (GO:0019395),1/52,0.4074306117999475,0.4721762065169042,0,0,1.9459060005911912,1.7471991060741807,DECR1
GO_Biological_Process_2023,Icosanoid Metabolic Process (GO:0006690),1/52,0.4074306117999475,0.4721762065169042,0,0,1.9459060005911912,1.7471991060741807,PYCARD
GO_Biological_Process_2023,Negative Regulation Of Innate Immune Response (GO:0045824),1/52,0.4074306117999475,0.4721762065169042,0,0,1.9459060005911912,1.7471991060741807,GRN
GO_Biological_Process_2023,Positive Regulation Of B Cell Activation (GO:0050871),1/52,0.4074306117999475,0.4721762065169042,0,0,1.9459060005911912,1.7471991060741807,CD74
GO_Biological_Process_2023,Intracellular Protein Transport (GO:0006886),4/325,0.4093045550374721,0.4740086370569866,0,0,1.238413122258249,1.1062691995362242,CD74;ARL4A;RPL11;LAMP2
GO_Biological_Process_2023,Actin Polymerization Or Depolymerization (GO:0008154),1/53,0.4133717413870322,0.4753187850181855,0,0,1.9083880943177425,1.6858852917962188,CAPG
GO_Biological_Process_2023,Regulation Of Macromolecule Biosynthetic Process (GO:0010556),1/53,0.4133717413870322,0.4753187850181855,0,0,1.9083880943177425,1.6858852917962188,PKP3
GO_Biological_Process_2023,Regulation Of Proteasomal Protein Catabolic Process (GO:0061136),1/53,0.4133717413870322,0.4753187850181855,0,0,1.9083880943177425,1.6858852917962188,APOE
GO_Biological_Process_2023,Regulation Of Receptor Signaling Pathway Via JAK-STAT (GO:0046425),1/53,0.4133717413870322,0.4753187850181855,0,0,1.9083880943177425,1.6858852917962188,OCIAD2
GO_Biological_Process_2023,Cellular Response To Alcohol (GO:0097306),1/53,0.4133717413870322,0.4753187850181855,0,0,1.9083880943177425,1.6858852917962188,JUP
GO_Biological_Process_2023,Endosome Organization (GO:0007032),1/53,0.4133717413870322,0.4753187850181855,0,0,1.9083880943177425,1.6858852917962188,ATP6V0B
GO_Biological_Process_2023,Gonad Development (GO:0008406),1/53,0.4133717413870322,0.4753187850181855,0,0,1.9083880943177425,1.6858852917962188,SOX15
GO_Biological_Process_2023,Positive Regulation Of NIK/NF-kappaB Signaling (GO:1901224),1/53,0.4133717413870322,0.4753187850181855,0,0,1.9083880943177425,1.6858852917962188,PYCARD
GO_Biological_Process_2023,Protein Homotetramerization (GO:0051289),1/53,0.4133717413870322,0.4753187850181855,0,0,1.9083880943177425,1.6858852917962188,B2M
GO_Biological_Process_2023,Proton Motive Force-Driven Mitochondrial ATP Synthesis (GO:0042776),1/53,0.4133717413870322,0.4753187850181855,0,0,1.9083880943177425,1.6858852917962188,ATP5MF
GO_Biological_Process_2023,Protein Modification Process (GO:0036211),8/711,0.4180091153760978,0.4800364765188677,0,0,1.1318752963489809,0.987280535785297,DSP;CSTA;ANXA1;SERP1;KRT1;PIM3;KRT10;SGK1
GO_Biological_Process_2023,Endoplasmic Reticulum Organization (GO:0007029),1/54,0.4192535996279672,0.4800364765188677,0,0,1.8722859580923483,1.627539412897697,RTN4
GO_Biological_Process_2023,Negative Regulation Of Protein Catabolic Process (GO:0042177),1/54,0.4192535996279672,0.4800364765188677,0,0,1.8722859580923483,1.627539412897697,ANXA2
GO_Biological_Process_2023,Negative Regulation Of Protein Modification By Small Protein Conjugation Or Removal (GO:1903321),1/54,0.4192535996279672,0.4800364765188677,0,0,1.8722859580923483,1.627539412897697,RPL11
GO_Biological_Process_2023,Organelle Disassembly (GO:1903008),1/54,0.4192535996279672,0.4800364765188677,0,0,1.8722859580923483,1.627539412897697,PLIN2
GO_Biological_Process_2023,Positive Regulation Of Leukocyte Chemotaxis (GO:0002690),1/54,0.4192535996279672,0.4800364765188677,0,0,1.8722859580923483,1.627539412897697,S100A14
GO_Biological_Process_2023,Regulation Of Cell Adhesion (GO:0030155),2/144,0.4231821267362764,0.4841921294600929,0,0,1.398349694124342,1.2025145012328535,IL18;FBLN1
GO_Biological_Process_2023,Cellular Response To Fibroblast Growth Factor Stimulus (GO:0044344),1/55,0.4250767749174149,0.4846473933741512,0,0,1.8375209380234503,1.5719724807707876,CD44
GO_Biological_Process_2023,Ceramide Metabolic Process (GO:0006672),1/55,0.4250767749174149,0.4846473933741512,0,0,1.8375209380234503,1.5719724807707876,DEGS1
GO_Biological_Process_2023,Response To Peptide Hormone (GO:0043434),1/55,0.4250767749174149,0.4846473933741512,0,0,1.8375209380234503,1.5719724807707876,ANXA1
GO_Biological_Process_2023,Phosphatidylcholine Metabolic Process (GO:0046470),1/55,0.4250767749174149,0.4846473933741512,0,0,1.8375209380234503,1.5719724807707876,TSPO
GO_Biological_Process_2023,Positive Regulation Of Tyrosine Phosphorylation Of STAT Protein (GO:0042531),1/55,0.4250767749174149,0.4846473933741512,0,0,1.8375209380234503,1.5719724807707876,IL18
GO_Biological_Process_2023,Positive Regulation Of Cellular Catabolic Process (GO:0031331),2/146,0.4300431951119408,0.4891535446736629,0,0,1.378787878787879,1.1635172055269425,APOE;DCN
GO_Biological_Process_2023,Regulation Of Stem Cell Population Maintenance (GO:2000036),1/56,0.4308418497249187,0.4891535446736629,0,0,1.8040201005025125,1.5190105312629705,ZNF706
GO_Biological_Process_2023,Nucleotide-Excision Repair (GO:0006289),1/56,0.4308418497249187,0.4891535446736629,0,0,1.8040201005025125,1.5190105312629705,FSCN1
GO_Biological_Process_2023,Pattern Recognition Receptor Signaling Pathway (GO:0002221),1/56,0.4308418497249187,0.4891535446736629,0,0,1.8040201005025125,1.5190105312629705,PYCARD
GO_Biological_Process_2023,"Positive Regulation Of DNA-templated Transcription, Elongation (GO:0032786)",1/56,0.4308418497249187,0.4891535446736629,0,0,1.8040201005025125,1.5190105312629705,HMGN1
GO_Biological_Process_2023,Positive Regulation Of Cellular Metabolic Process (GO:0031325),1/56,0.4308418497249187,0.4891535446736629,0,0,1.8040201005025125,1.5190105312629705,B2M
GO_Biological_Process_2023,Protein Glycosylation (GO:0006486),2/147,0.433457636286527,0.4917784955486246,0,0,1.369209334726576,1.1446058954410874,SERP1;TMEM258
GO_Biological_Process_2023,Signal Transduction In Response To DNA Damage (GO:0042770),1/57,0.4365494010474847,0.4942471890180963,0,0,1.7717157214644652,1.4684931926330618,NDRG1
GO_Biological_Process_2023,Membrane Lipid Biosynthetic Process (GO:0046467),1/57,0.4365494010474847,0.4942471890180963,0,0,1.7717157214644652,1.4684931926330618,DEGS1
GO_Biological_Process_2023,Post-Transcriptional Regulation Of Gene Expression (GO:0010608),1/57,0.4365494010474847,0.4942471890180963,0,0,1.7717157214644652,1.4684931926330618,PKP3
GO_Biological_Process_2023,Regulation Of Neuron Death (GO:1901214),1/58,0.4421999998339941,0.500294758722038,0,0,1.740544829410209,1.4202724160163902,GPNMB
GO_Biological_Process_2023,Neuron Development (GO:0048666),2/150,0.4436350681034258,0.5012178473548126,0,0,1.3412503412503411,1.0901052026516995,APOE;RAB11A
GO_Biological_Process_2023,protein-RNA Complex Assembly (GO:0022618),2/150,0.4436350681034258,0.5012178473548126,0,0,1.3412503412503411,1.0901052026516995,RPS15;RPL11
GO_Biological_Process_2023,Positive Regulation Of DNA-binding Transcription Factor Activity (GO:0051091),3/246,0.4472051347111335,0.504898963108316,0,0,1.2256063169768754,0.9862918234720636,PYCARD;JUP;IL18
GO_Biological_Process_2023,Negative Regulation Of DNA-templated Transcription (GO:0045892),11/1025,0.4491341687015971,0.5067234976500945,0,0,1.0782693090385398,0.8630830054729633,SFRP2;IFI27;ZNF706;HSBP1;SOX15;HMGA1;HMGB2;ENO1;EZR;KLF4;TLE5
GO_Biological_Process_2023,Positive Regulation Of NF-kappaB Transcription Factor Activity (GO:0051092),2/152,0.4503639175015068,0.5077570908321306,0,0,1.323232323232323,1.0555415211165364,PYCARD;IL18
GO_Biological_Process_2023,Sterol Metabolic Process (GO:0016125),1/60,0.4533325962584122,0.5100385499252046,0,0,1.681372966527553,1.330183274831934,APOE
GO_Biological_Process_2023,Homophilic Cell Adhesion Via Plasma Membrane Adhesion Molecules (GO:0007156),1/60,0.4533325962584122,0.5100385499252046,0,0,1.681372966527553,1.330183274831934,MPZL2
GO_Biological_Process_2023,Proton Motive Force-Driven ATP Synthesis (GO:0015986),1/60,0.4533325962584122,0.5100385499252046,0,0,1.681372966527553,1.330183274831934,ATP5MF
GO_Biological_Process_2023,Fatty Acid Catabolic Process (GO:0009062),1/61,0.4588157080798082,0.5154910696607977,0,0,1.6532663316582914,1.288070804786777,DECR1
GO_Biological_Process_2023,Negative Regulation Of Autophagy (GO:0010507),1/61,0.4588157080798082,0.5154910696607977,0,0,1.6532663316582914,1.288070804786777,DAPL1
GO_Biological_Process_2023,Regulation Of DNA-templated Transcription (GO:0006355),20/1922,0.460449132175962,0.5169675069298769,0,0,1.045566070802664,0.810891789514206,CD74;EHF;CRABP2;HMGA1;HMGB2;RORA;BAZ1A;ENO1;KLF4;TLE5;HINT1;ELF1;SFRP2;KLF5;ZNF706;SOX15;APOE;IRF6;HLA-DRB1;POLR2L
GO_Biological_Process_2023,Fat Cell Differentiation (GO:0045444),1/62,0.4642440960951576,0.5205063653587675,0,0,1.6260812258011368,1.2477649663473405,KLF4
GO_Biological_Process_2023,Phosphatidylinositol-Mediated Signaling (GO:0048015),1/62,0.4642440960951576,0.5205063653587675,0,0,1.6260812258011368,1.2477649663473405,EZR
GO_Biological_Process_2023,Oxidative Phosphorylation (GO:0006119),1/63,0.4696183035751055,0.5258036192863733,0,0,1.5997730588426,1.2091645247691418,ATP5MF
GO_Biological_Process_2023,Protein Polymerization (GO:0051258),1/63,0.4696183035751055,0.5258036192863733,0,0,1.5997730588426,1.2091645247691418,KRT5
GO_Biological_Process_2023,Regulation Of Secretion By Cell (GO:1903530),1/64,0.4749388686968527,0.5299283448795346,0,0,1.574300071787509,1.1721753146425786,VAMP8
GO_Biological_Process_2023,Cellular Response To Virus (GO:0098586),1/64,0.4749388686968527,0.5299283448795346,0,0,1.574300071787509,1.1721753146425786,IFNGR1
GO_Biological_Process_2023,Negative Regulation Of Cell Death (GO:0060548),1/64,0.4749388686968527,0.5299283448795346,0,0,1.574300071787509,1.1721753146425786,GPNMB
GO_Biological_Process_2023,Positive Regulation Of Macroautophagy (GO:0016239),1/64,0.4749388686968527,0.5299283448795346,0,0,1.574300071787509,1.1721753146425786,DCN
GO_Biological_Process_2023,Protein N-linked Glycosylation (GO:0006487),1/64,0.4749388686968527,0.5299283448795346,0,0,1.574300071787509,1.1721753146425786,TMEM258
GO_Biological_Process_2023,Cellular Response To Light Stimulus (GO:0071482),1/65,0.4802063242660991,0.5339656861173177,0,0,1.5496231155778897,1.1367096495006708,RPL26
GO_Biological_Process_2023,Regulation Of Tyrosine Phosphorylation Of STAT Protein (GO:0042509),1/65,0.4802063242660991,0.5339656861173177,0,0,1.5496231155778897,1.1367096495006708,IL18
GO_Biological_Process_2023,Fatty Acid Biosynthetic Process (GO:0006633),1/65,0.4802063242660991,0.5339656861173177,0,0,1.5496231155778897,1.1367096495006708,DEGS1
GO_Biological_Process_2023,Positive Regulation Of DNA Biosynthetic Process (GO:2000573),1/65,0.4802063242660991,0.5339656861173177,0,0,1.5496231155778897,1.1367096495006708,KLF4
GO_Biological_Process_2023,Positive Regulation Of Cell Cycle (GO:0045787),1/65,0.4802063242660991,0.5339656861173177,0,0,1.5496231155778897,1.1367096495006708,RPS15A
GO_Biological_Process_2023,Cellular Response To Type II Interferon (GO:0071346),1/66,0.4854211976341649,0.5393939045777029,0,0,1.525705450328566,1.1026857881843173,IFNGR1
GO_Biological_Process_2023,Activation Of Cysteine-Type Endopeptidase Activity Involved In Apoptotic Process (GO:0006919),1/67,0.4905840112592053,0.5432664256009941,0,0,1.5025125628140703,1.0700274503610792,PYCARD
GO_Biological_Process_2023,Cholesterol Metabolic Process (GO:0008203),1/67,0.4905840112592053,0.5432664256009941,0,0,1.5025125628140703,1.0700274503610792,APOE
GO_Biological_Process_2023,Extrinsic Apoptotic Signaling Pathway (GO:0097191),1/67,0.4905840112592053,0.5432664256009941,0,0,1.5025125628140703,1.0700274503610792,IFI27
GO_Biological_Process_2023,Negative Regulation Of Cellular Catabolic Process (GO:0031330),1/67,0.4905840112592053,0.5432664256009941,0,0,1.5025125628140703,1.0700274503610792,DAPL1
GO_Biological_Process_2023,Protein Secretion (GO:0009306),1/67,0.4905840112592053,0.5432664256009941,0,0,1.5025125628140703,1.0700274503610792,ANXA1
GO_Biological_Process_2023,Negative Regulation Of Transcription By RNA Polymerase II (GO:0000122),8/763,0.4965307565148877,0.5494759362936453,0,0,1.0510485651214128,0.7358494540677759,IFI27;HSBP1;SOX15;HMGB2;ENO1;EZR;KLF4;TLE5
GO_Biological_Process_2023,Positive Regulation Of Signal Transduction (GO:0009967),3/266,0.4984290000410134,0.5511998299633886,0,0,1.1312462604466234,0.7876801272531928,CD74;CTSK;CTSH
GO_Biological_Process_2023,DNA-templated DNA Replication (GO:0006261),1/69,0.500755522308534,0.5526402117365485,0,0,1.4581732190363583,1.0085269537658983,HMGA1
GO_Biological_Process_2023,Establishment Of Protein Localization To Membrane (GO:0090150),1/69,0.500755522308534,0.5526402117365485,0,0,1.4581732190363583,1.0085269537658983,RAB11A
GO_Biological_Process_2023,Phagocytosis (GO:0006909),1/69,0.500755522308534,0.5526402117365485,0,0,1.4581732190363583,1.0085269537658983,ANXA1
GO_Biological_Process_2023,Double-Strand Break Repair (GO:0006302),2/168,0.5024765895852316,0.5541618518654563,0,0,1.1947182670074237,0.8222125520888384,FSCN1;HMGB2
GO_Biological_Process_2023,Brain Development (GO:0007420),2/169,0.5056276520142977,0.5551416417476418,0,0,1.1875037803181516,0.8098238390721395,APOD;RTN4
GO_Biological_Process_2023,Negative Regulation Of Extrinsic Apoptotic Signaling Pathway (GO:2001237),1/70,0.5057652387756465,0.5551416417476418,0,0,1.4369674459252786,0.9795558086095748,LGALS3
GO_Biological_Process_2023,Positive Regulation Of Protein Polymerization (GO:0032273),1/70,0.5057652387756465,0.5551416417476418,0,0,1.4369674459252786,0.9795558086095748,PYCARD
GO_Biological_Process_2023,Positive Regulation Of Protein Transport (GO:0051222),1/70,0.5057652387756465,0.5551416417476418,0,0,1.4369674459252786,0.9795558086095748,EZR
GO_Biological_Process_2023,Protein K48-linked Ubiquitination (GO:0070936),1/70,0.5057652387756465,0.5551416417476418,0,0,1.4369674459252786,0.9795558086095748,IFI27
GO_Biological_Process_2023,Regulation Of Actin Filament Polymerization (GO:0030833),1/70,0.5057652387756465,0.5551416417476418,0,0,1.4369674459252786,0.9795558086095748,PYCARD
GO_Biological_Process_2023,Regulation Of Cellular Biosynthetic Process (GO:0031326),1/70,0.5057652387756465,0.5551416417476418,0,0,1.4369674459252786,0.9795558086095748,PKP3
GO_Biological_Process_2023,Kidney Development (GO:0001822),1/71,0.5107249334696091,0.5598264504314808,0,0,1.416367552045944,0.9516915272016224,CTSH
GO_Biological_Process_2023,Myeloid Leukocyte Differentiation (GO:0002573),1/71,0.5107249334696091,0.5598264504314808,0,0,1.416367552045944,0.9516915272016224,HLA-DRB1
GO_Biological_Process_2023,Regulation Of Cellular Localization (GO:0060341),1/72,0.5156351033007534,0.5630968709581674,0,0,1.396347936867436,0.9248793332622998,KRT5
GO_Biological_Process_2023,Response To Ionizing Radiation (GO:0010212),1/72,0.5156351033007534,0.5630968709581674,0,0,1.396347936867436,0.9248793332622998,ANXA1
GO_Biological_Process_2023,Second-Messenger-Mediated Signaling (GO:0019932),1/72,0.5156351033007534,0.5630968709581674,0,0,1.396347936867436,0.9248793332622998,APOE
GO_Biological_Process_2023,Negative Regulation Of Catabolic Process (GO:0009895),1/72,0.5156351033007534,0.5630968709581674,0,0,1.396347936867436,0.9248793332622998,RPL11
GO_Biological_Process_2023,Positive Regulation Of Protein Localization To Nucleus (GO:1900182),1/72,0.5156351033007534,0.5630968709581674,0,0,1.396347936867436,0.9248793332622998,JUP
GO_Biological_Process_2023,Chemical Synaptic Transmission (GO:0007268),3/273,0.5157953425762584,0.5630968709581674,0,0,1.101522842639594,0.7292579272824005,APOE;NSG1;PDLIM4
GO_Biological_Process_2023,DNA Replication (GO:0006260),1/73,0.5204962404113022,0.5674635779298978,0,0,1.3768844221105527,0.8990678202624621,BAZ1A
GO_Biological_Process_2023,Cellular Response To Reactive Oxygen Species (GO:0034614),1/73,0.5204962404113022,0.5674635779298978,0,0,1.3768844221105527,0.8990678202624621,ANXA1
GO_Biological_Process_2023,Positive Regulation Of Cellular Biosynthetic Process (GO:0031328),2/174,0.521188450322183,0.5678358688234281,0,0,1.1526896875734085,0.7511428504980086,RPL26;KLF4
GO_Biological_Process_2023,Negative Regulation Of Phosphorylation (GO:0042326),1/75,0.5300733603880184,0.5771276196827182,0,0,1.3395355154149124,0.8502565938086776,FBLN1
GO_Biological_Process_2023,Positive Regulation Of Protein Secretion (GO:0050714),1/76,0.5347903032317255,0.5818719764329057,0,0,1.321608040201005,0.8271687875669174,EZR
GO_Biological_Process_2023,Monoatomic Cation Transmembrane Transport (GO:0098655),3/281,0.5352460606873314,0.5819767442933441,0,0,1.0693861154731037,0.6683970256379101,ATP6V0B;ATP6V0E1;ATP5MF
GO_Biological_Process_2023,Sphingolipid Biosynthetic Process (GO:0030148),1/77,0.5394601334395485,0.5853793271036387,0,0,1.3041523406506217,0.8049050782659102,DEGS1
GO_Biological_Process_2023,Monoatomic Cation Homeostasis (GO:0055080),1/77,0.5394601334395485,0.5853793271036387,0,0,1.3041523406506217,0.8049050782659102,S100A14
GO_Biological_Process_2023,Positive Regulation Of JNK Cascade (GO:0046330),1/77,0.5394601334395485,0.5853793271036387,0,0,1.3041523406506217,0.8049050782659102,PYCARD
GO_Biological_Process_2023,Inorganic Cation Transmembrane Transport (GO:0098662),3/284,0.5424263688583035,0.5882038119099755,0,0,1.057806600791228,0.6470633953699181,ATP6V0B;ATP6V0E1;ATP5MF
GO_Biological_Process_2023,Regulation Of Innate Immune Response (GO:0045088),1/78,0.544083319204552,0.5892113001954312,0,0,1.2871500358937544,0.7834275809102157,CFH
GO_Biological_Process_2023,Cellular Response To Nutrient Levels (GO:0031669),1/78,0.544083319204552,0.5892113001954312,0,0,1.2871500358937544,0.7834275809102157,LAMP2
GO_Biological_Process_2023,Vesicle Fusion (GO:0006906),1/79,0.5486603241296241,0.5921873765105742,0,0,1.2705836876691148,0.7627005714660321,VAMP8
GO_Biological_Process_2023,Negative Regulation Of Cellular Component Organization (GO:0051129),1/79,0.5486603241296241,0.5921873765105742,0,0,1.2705836876691148,0.7627005714660321,LGALS3
GO_Biological_Process_2023,Positive Regulation Of Catabolic Process (GO:0009896),1/79,0.5486603241296241,0.5921873765105742,0,0,1.2705836876691148,0.7627005714660321,EZR
GO_Biological_Process_2023,Positive Regulation Of Protein Localization To Membrane (GO:1905477),1/79,0.5486603241296241,0.5921873765105742,0,0,1.2705836876691148,0.7627005714660321,LGALS3
GO_Biological_Process_2023,Positive Regulation Of Protein Modification By Small Protein Conjugation Or Removal (GO:1903322),1/79,0.5486603241296241,0.5921873765105742,0,0,1.2705836876691148,0.7627005714660321,NDFIP2
GO_Biological_Process_2023,Regulation Of Cytokinesis (GO:0032465),1/80,0.5531916072648388,0.595490167660754,0,0,1.254436740665352,0.7426903392796255,RAB11A
GO_Biological_Process_2023,Regulation Of Organelle Assembly (GO:1902115),1/80,0.5531916072648388,0.595490167660754,0,0,1.254436740665352,0.7426903392796255,EZR
GO_Biological_Process_2023,Response To Type II Interferon (GO:0034341),1/80,0.5531916072648388,0.595490167660754,0,0,1.254436740665352,0.7426903392796255,CD74
GO_Biological_Process_2023,Glycoprotein Biosynthetic Process (GO:0009101),1/80,0.5531916072648388,0.595490167660754,0,0,1.254436740665352,0.7426903392796255,SERP1
GO_Biological_Process_2023,Cellular Response To Interleukin-1 (GO:0071347),1/81,0.5576776229377498,0.598726837888738,0,0,1.2386934673366834,0.7233650516865618,PYCARD
GO_Biological_Process_2023,Spindle Assembly (GO:0051225),1/81,0.5576776229377498,0.598726837888738,0,0,1.2386934673366834,0.7233650516865618,RAB11A
GO_Biological_Process_2023,Macromolecule Modification (GO:0043412),1/81,0.5576776229377498,0.598726837888738,0,0,1.2386934673366834,0.7233650516865618,SERP1
GO_Biological_Process_2023,Positive Regulation Of Growth (GO:0045927),1/81,0.5576776229377498,0.598726837888738,0,0,1.2386934673366834,0.7233650516865618,SFRP2
GO_Biological_Process_2023,Negative Regulation Of Apoptotic Signaling Pathway (GO:2001234),1/82,0.5621188211968801,0.6030950109461556,0,0,1.2233389168062534,0.7046946278996441,LGALS3
GO_Biological_Process_2023,Regulation Of Epithelial To Mesenchymal Transition (GO:0010717),1/83,0.5665156476761636,0.6066063714204424,0,0,1.208358867508273,0.6866506239569532,SFRP2
GO_Biological_Process_2023,Phospholipase C-activating G Protein-Coupled Receptor Signaling Pathway (GO:0007200),1/83,0.5665156476761636,0.6066063714204424,0,0,1.208358867508273,0.6866506239569532,LPAR6
GO_Biological_Process_2023,Positive Regulation Of Proteasomal Ubiquitin-Dependent Protein Catabolic Process (GO:0032436),1/83,0.5665156476761636,0.6066063714204424,0,0,1.208358867508273,0.6866506239569532,BCAP31
GO_Biological_Process_2023,Intracellular Monoatomic Cation Homeostasis (GO:0030003),2/190,0.5687488526635092,0.6085951040728496,0,0,1.0537287771330324,0.5946363521268752,B2M;TPT1
GO_Biological_Process_2023,Positive Regulation Of Protein Ubiquitination (GO:0031398),1/84,0.5708685433147935,0.6100568789614856,0,0,1.1937397832536174,0.6692061267801053,NDFIP2
GO_Biological_Process_2023,Purine Ribonucleotide Metabolic Process (GO:0009150),1/84,0.5708685433147935,0.6100568789614856,0,0,1.1937397832536174,0.6692061267801053,HINT1
GO_Biological_Process_2023,Regulation Of Osteoblast Differentiation (GO:0045667),1/85,0.5751779449472499,0.612237404910978,0,0,1.1794687724335966,0.6523356544527062,CTNNBIP1
GO_Biological_Process_2023,Establishment Of Protein Localization To Organelle (GO:0072594),1/85,0.5751779449472499,0.612237404910978,0,0,1.1794687724335966,0.6523356544527062,RAB11A
GO_Biological_Process_2023,Transport Across Blood-Brain Barrier (GO:0150104),1/85,0.5751779449472499,0.612237404910978,0,0,1.1794687724335966,0.6523356544527062,FABP5
GO_Biological_Process_2023,Mitotic Spindle Organization (GO:0007052),1/85,0.5751779449472499,0.612237404910978,0,0,1.1794687724335966,0.6523356544527062,RAB11A
GO_Biological_Process_2023,Positive Regulation Of Endothelial Cell Migration (GO:0010595),1/85,0.5751779449472499,0.612237404910978,0,0,1.1794687724335966,0.6523356544527062,GRN
GO_Biological_Process_2023,Positive Regulation Of Protein Localization (GO:1903829),1/85,0.5751779449472499,0.612237404910978,0,0,1.1794687724335966,0.6523356544527062,RTN4
GO_Biological_Process_2023,Regulation Of Signal Transduction (GO:0009966),2/193,0.5772801068153817,0.6140712831367299,0,0,1.0370194087471574,0.5697671642496996,RORA;CD55
GO_Biological_Process_2023,Exocytosis (GO:0006887),1/86,0.5794442849420854,0.6159686784775025,0,0,1.1655335501034585,0.636015065932131,RAB11A
GO_Biological_Process_2023,Cellular Response To Oxygen-Containing Compound (GO:1901701),4/406,0.5812706698870633,0.6175047339548265,0,0,0.9847700274139508,0.5342759111505353,PYCARD;HMGB2;RORA;EZR
GO_Biological_Process_2023,Positive Regulation Of Plasma Membrane Bounded Cell Projection Assembly (GO:0120034),1/88,0.5878494885157634,0.6240841455128006,0,0,1.138624155259054,0.6049331780092367,FSCN1
GO_Biological_Process_2023,Golgi Vesicle Transport (GO:0048193),2/197,0.5884633088541269,0.62432640696909,0,0,1.0155400155400156,0.538480649852649,BCAP31;GOLGA4
GO_Biological_Process_2023,Sensory Perception Of Mechanical Stimulus (GO:0050954),1/89,0.591989195722158,0.6272450967762918,0,0,1.1256281407035176,0.5901295699518402,TIMM13
GO_Biological_Process_2023,Sodium Ion Transport (GO:0006814),1/89,0.591989195722158,0.6272450967762918,0,0,1.1256281407035176,0.5901295699518402,SGK1
GO_Biological_Process_2023,Mitochondrial Respiratory Chain Complex Assembly (GO:0033108),1/90,0.5960875287025766,0.6311744335967767,0,0,1.1129241714188922,0.5757910883551692,STMP1
GO_Biological_Process_2023,Lymphocyte Differentiation (GO:0030098),1/91,0.6001448988156681,0.6346404906483126,0,0,1.100502512562814,0.5618991453376235,LY6D
GO_Biological_Process_2023,Regulation Of RNA Metabolic Process (GO:0051252),1/91,0.6001448988156681,0.6346404906483126,0,0,1.100502512562814,0.5618991453376235,AHNAK2
GO_Biological_Process_2023,Regulation Of Translation (GO:0006417),2/202,0.6021333969171315,0.6363276564026343,0,0,0.98989898989899,0.5021522659436054,RPL26;PKP3
GO_Biological_Process_2023,Sensory Perception Of Sound (GO:0007605),1/92,0.6041617136020576,0.6369542924666598,0,0,1.0883538571980782,0.5484360698708618,TIMM13
GO_Biological_Process_2023,Steroid Metabolic Process (GO:0008202),1/92,0.6041617136020576,0.6369542924666598,0,0,1.0883538571980782,0.5484360698708618,TSPO
GO_Biological_Process_2023,Positive Regulation Of Neuron Projection Development (GO:0010976),1/92,0.6041617136020576,0.6369542924666598,0,0,1.0883538571980782,0.5484360698708618,APOE
GO_Biological_Process_2023,Organelle Organization (GO:0006996),4/418,0.6043000575841813,0.6369542924666598,0,0,0.9556344276841172,0.4813381727496461,CXADR;SH3BGRL3;APOE;THY1
GO_Biological_Process_2023,Cellular Response To Hormone Stimulus (GO:0032870),1/94,0.6120752863236749,0.6434739536091102,0,0,1.0648403306856864,0.5227301046685241,CTSH
GO_Biological_Process_2023,Sphingolipid Metabolic Process (GO:0006665),1/94,0.6120752863236749,0.6434739536091102,0,0,1.0648403306856864,0.5227301046685241,DEGS1
GO_Biological_Process_2023,Muscle Contraction (GO:0006936),1/94,0.6120752863236749,0.6434739536091102,0,0,1.0648403306856864,0.5227301046685241,TPM3
GO_Biological_Process_2023,Peptidyl-Lysine Modification (GO:0018205),1/94,0.6120752863236749,0.6434739536091102,0,0,1.0648403306856864,0.5227301046685241,HINT1
GO_Biological_Process_2023,Negative Regulation Of Cell Differentiation (GO:0045596),2/207,0.6154601156600987,0.646612542020571,0,0,0.9655087459965508,0.4686435933664049,SFRP2;RORA
GO_Biological_Process_2023,Recombinational Repair (GO:0000725),1/95,0.6159728391110465,0.6467315347086798,0,0,1.0534587832780926,0.5104559909803796,FSCN1
GO_Biological_Process_2023,Regulation Of Protein Localization (GO:0032880),1/97,0.6236514348962008,0.6539453841301484,0,0,1.0314070351758795,0.4869929254325685,KRT5
GO_Biological_Process_2023,Monocarboxylic Acid Metabolic Process (GO:0032787),1/97,0.6236514348962008,0.6539453841301484,0,0,1.0314070351758795,0.4869929254325685,TSPO
GO_Biological_Process_2023,Negative Regulation Of Macromolecule Biosynthetic Process (GO:0010558),1/98,0.6274332493027582,0.6574850683632141,0,0,1.0207221675387246,0.4757769643136218,TSPO
GO_Biological_Process_2023,Axon Development (GO:0061564),1/99,0.6311772493570809,0.6609805735505264,0,0,1.0102553584247769,0.464887747030177,RTN4
GO_Biological_Process_2023,Regulation Of GTPase Activity (GO:0043087),2/214,0.6335420505971561,0.6630281705990922,0,0,0.9332952163140842,0.4259829119553461,THY1;S100A10
GO_Biological_Process_2023,Regulation Of Organelle Organization (GO:0033043),1/100,0.6348838112697764,0.6635744935092112,0,0,1.0,0.454313271209604,EZR
GO_Biological_Process_2023,Response To UV (GO:0009411),1/100,0.6348838112697764,0.6635744935092112,0,0,1.0,0.454313271209604,RPL26
GO_Biological_Process_2023,Hemopoiesis (GO:0030097),1/101,0.6385533074411538,0.666549197129096,0,0,0.9899497487437184,0.4440420770500481,SFRP2
GO_Biological_Process_2023,Visual Perception (GO:0007601),1/101,0.6385533074411538,0.666549197129096,0,0,0.9899497487437184,0.4440420770500481,LUM
GO_Biological_Process_2023,Sensory Perception Of Light Stimulus (GO:0050953),1/102,0.642186106799596,0.6694779825554062,0,0,0.9800985123637992,0.4340632175669919,LUM
GO_Biological_Process_2023,Regulation Of RNA Splicing (GO:0043484),1/102,0.642186106799596,0.6694779825554062,0,0,0.9800985123637992,0.4340632175669919,AHNAK2
GO_Biological_Process_2023,Proteasomal Protein Catabolic Process (GO:0010498),2/220,0.6485094501114488,0.6756350062615415,0,0,0.9073301825595405,0.3929453787196234,IFI27;PMAIP1
GO_Biological_Process_2023,Lysosomal Transport (GO:0007041),1/105,0.6528679573920863,0.679738407085394,0,0,0.9516814843448008,0.4057783123183748,GRN
GO_Biological_Process_2023,Response To Calcium Ion (GO:0051592),1/106,0.6563575850020138,0.682932474369062,0,0,0.9425699928212492,0.3968686613882323,AQP3
GO_Biological_Process_2023,Monoatomic Ion Transport (GO:0006811),1/107,0.6598123057378238,0.6856457785555434,0,0,0.933630416232104,0.388203405372955,TSPO
GO_Biological_Process_2023,Positive Regulation Of Autophagy (GO:0010508),1/107,0.6598123057378238,0.6856457785555434,0,0,0.933630416232104,0.388203405372955,DCN
GO_Biological_Process_2023,Response To Tumor Necrosis Factor (GO:0034612),1/108,0.6632324670568477,0.687875313366455,0,0,0.9248579345324754,0.3797741558133871,PYCARD
GO_Biological_Process_2023,Positive Regulation Of DNA Metabolic Process (GO:0051054),1/108,0.6632324670568477,0.687875313366455,0,0,0.9248579345324754,0.3797741558133871,BAZ1A
GO_Biological_Process_2023,Positive Regulation Of Translation (GO:0045727),1/108,0.6632324670568477,0.687875313366455,0,0,0.9248579345324754,0.3797741558133871,RPL26
GO_Biological_Process_2023,Regulation Of Proteasomal Ubiquitin-Dependent Protein Catabolic Process (GO:0032434),1/109,0.6666184129739804,0.6909444370069618,0,0,0.916247906197655,0.3715728772578474,RPL11
GO_Biological_Process_2023,Adenylate Cyclase-Activating G Protein-Coupled Receptor Signaling Pathway (GO:0007189),1/110,0.6699704840956059,0.6935308272063849,0,0,0.9077958600341156,0.3635918695397154,ADRB2
GO_Biological_Process_2023,Regulation Of JNK Cascade (GO:0046328),1/110,0.6699704840956059,0.6935308272063849,0,0,0.9077958600341156,0.3635918695397154,PYCARD
GO_Biological_Process_2023,Regulation Of Transforming Growth Factor Beta Receptor Signaling Pathway (GO:0017015),1/111,0.6732890175997336,0.6956317290963424,0,0,0.8994974874371859,0.3558237511616551,LTBP4
GO_Biological_Process_2023,Double-Strand Break Repair Via Homologous Recombination (GO:0000724),1/111,0.6732890175997336,0.6956317290963424,0,0,0.8994974874371859,0.3558237511616551,FSCN1
GO_Biological_Process_2023,Mitotic Sister Chromatid Segregation (GO:0000070),1/111,0.6732890175997336,0.6956317290963424,0,0,0.8994974874371859,0.3558237511616551,RAB11A
GO_Biological_Process_2023,Negative Regulation Of Intracellular Signal Transduction (GO:1902532),2/231,0.6746907426925027,0.6966354033285471,0,0,0.863261435313837,0.3396941103556566,PYCARD;RORA
GO_Biological_Process_2023,Calcium Ion Transport (GO:0006816),1/112,0.6765743473112501,0.698135033968715,0,0,0.8913486350672281,0.3482614435144341,TPT1
GO_Biological_Process_2023,Regulation Of Protein Ubiquitination (GO:0031396),1/113,0.6798268039735822,0.7010443284288087,0,0,0.8833452979181622,0.3408981557475202,NDFIP2
GO_Biological_Process_2023,Positive Regulation Of GTPase Activity (GO:0043547),2/234,0.6815520032758883,0.7023759982836811,0,0,0.8519679554162313,0.3266297952317327,THY1;S100A10
GO_Biological_Process_2023,Protein Modification By Small Protein Removal (GO:0070646),1/114,0.683046714602197,0.703021380127754,0,0,0.8754836127540356,0.3337273716848506,HINT1
GO_Biological_Process_2023,Regulation Of MAP Kinase Activity (GO:0043405),1/114,0.683046714602197,0.703021380127754,0,0,0.8754836127540356,0.3337273716848506,APOE
GO_Biological_Process_2023,Protein Localization (GO:0008104),3/351,0.6848490145842191,0.704428560744505,0,0,0.8512165237178365,0.322233872853632,CD74;GJA1;ARL4A
GO_Biological_Process_2023,Endoplasmic Reticulum To Golgi Vesicle-Mediated Transport (GO:0006888),1/115,0.6862344035181568,0.7054053963783465,0,0,0.8677598518910341,0.326742835332831,BCAP31
GO_Biological_Process_2023,Positive Regulation Of Protein Serine/Threonine Kinase Activity (GO:0071902),1/117,0.692514396042861,0.7114091416201725,0,0,0.8527118350372552,0.3133087141185804,ADRB2
GO_Biological_Process_2023,Positive Regulation Of Cell Cycle Process (GO:0090068),1/118,0.6956073317848006,0.7136807795688164,0,0,0.845380749903363,0.3068478138715934,SOX15
GO_Biological_Process_2023,Positive Regulation Of Cell Projection Organization (GO:0031346),1/118,0.6956073317848006,0.7136807795688164,0,0,0.845380749903363,0.3068478138715934,APOE
GO_Biological_Process_2023,Cellular Response To Tumor Necrosis Factor (GO:0071356),1/119,0.6986693101557254,0.7163683427119186,0,0,0.8381739204497062,0.3005505089455322,PYCARD
GO_Biological_Process_2023,Fatty Acid Metabolic Process (GO:0006631),1/122,0.7076725687660174,0.7246817766174459,0,0,0.8172681589767017,0.2825898889623316,TSPO
GO_Biological_Process_2023,Protein Localization To Nucleus (GO:0034504),1/122,0.7076725687660174,0.7246817766174459,0,0,0.8172681589767017,0.2825898889623316,RPL11
GO_Biological_Process_2023,Positive Regulation Of Cellular Process (GO:0048522),5/594,0.7121481714658312,0.7288039757289385,0,0,0.8363153541421793,0.2839033738247833,GRN;SFRP2;RPS15A;S100A13;CTSH
GO_Biological_Process_2023,Regulation Of DNA Metabolic Process (GO:0051052),1/124,0.7135255255654438,0.7297522589326932,0,0,0.8038975364628018,0.2713452170770706,BAZ1A
GO_Biological_Process_2023,Regulation Of Mitotic Cell Cycle (GO:0007346),1/125,0.7164081282131235,0.7322378532683377,0,0,0.7973739666072297,0.2659284143992235,PIM3
GO_Biological_Process_2023,Positive Regulation Of Intracellular Protein Transport (GO:0090316),1/126,0.7192618685309876,0.734690829748687,0,0,0.7909547738693468,0.2606431490060761,JUP
GO_Biological_Process_2023,Cytokine-Mediated Signaling Pathway (GO:0019221),2/257,0.7303059752798987,0.7451214542797211,0,0,0.774212715389186,0.2433286215291094,PYCARD;IL18
GO_Biological_Process_2023,Regulation Of Cell Cycle Process (GO:0010564),1/130,0.7303939147263233,0.7451214542797211,0,0,0.7662732265981068,0.2407410413206643,RAB11A
GO_Biological_Process_2023,Cellular Response To Metal Ion (GO:0071248),1/135,0.743693243928707,0.7582111850885243,0,0,0.7374934373359334,0.2183914504625392,B2M
GO_Biological_Process_2023,Intracellular Calcium Ion Homeostasis (GO:0006874),1/139,0.7538610468365632,0.7680937915848934,0,0,0.715971160148569,0.202295658016559,TPT1
GO_Biological_Process_2023,Positive Regulation Of Protein Kinase Activity (GO:0045860),1/145,0.76836502798713,0.7823792329001029,0,0,0.6859296482412061,0.1807358512488968,ADRB2
GO_Biological_Process_2023,Neuron Projection Morphogenesis (GO:0048812),1/146,0.7706982785234464,0.7842617931674795,0,0,0.6811644429041761,0.1774149463430572,SGK1
GO_Biological_Process_2023,Transmembrane Receptor Protein Tyrosine Kinase Signaling Pathway (GO:0007169),2/284,0.7793483018632932,0.7925658924099696,0,0,0.6991188480550182,0.17428838454512,MMP2;ADRB2
GO_Biological_Process_2023,DNA Metabolic Process (GO:0006259),2/288,0.7859134587550115,0.798740671515608,0,0,0.6891996891996892,0.1660341294748642,FSCN1;HMGB2
GO_Biological_Process_2023,Peptidyl-Serine Phosphorylation (GO:0018105),1/158,0.7969382105229577,0.8094372414282738,0,0,0.6287168325704958,0.1427049714417737,SGK1
GO_Biological_Process_2023,Regulation Of Cell Cycle (GO:0051726),2/298,0.8015831873259784,0.8136446271352722,0,0,0.6655746655746656,0.1472028344264448,RPS15A;PIM3
GO_Biological_Process_2023,Regulation Of Macromolecule Metabolic Process (GO:0060255),1/162,0.8050029422478624,0.816092525672692,0,0,0.6129716907518962,0.1329592889277211,APOE
GO_Biological_Process_2023,Protein Autophosphorylation (GO:0046777),1/162,0.8050029422478624,0.816092525672692,0,0,0.6129716907518962,0.1329592889277211,PIM3
GO_Biological_Process_2023,Adenylate Cyclase-Modulating G Protein-Coupled Receptor Signaling Pathway (GO:0007188),1/163,0.8069688204409236,0.8170622390830864,0,0,0.6091568955890564,0.1306460303698868,ADRB2
GO_Biological_Process_2023,Nitrogen Compound Transport (GO:0071705),1/163,0.8069688204409236,0.8170622390830864,0,0,0.6091568955890564,0.1306460303698868,ARL6IP5
GO_Biological_Process_2023,Peptidyl-Serine Modification (GO:0018209),1/166,0.8127489127472175,0.8224003060860908,0,0,0.5979899497487438,0.1239830846623929,SGK1
GO_Biological_Process_2023,Generation Of Neurons (GO:0048699),1/172,0.8237974838089034,0.8330594167936382,0,0,0.5768315260513092,0.1118075727341318,RTN4
GO_Biological_Process_2023,Neuron Differentiation (GO:0030182),1/173,0.8255747771016111,0.8343355581320276,0,0,0.5734486385415449,0.1099160176513599,RTN4
GO_Biological_Process_2023,Regulation Of Neuron Projection Development (GO:0010975),1/174,0.8273342321436886,0.8355920909798078,0,0,0.5701048595579051,0.1080613895941531,APOE
GO_Biological_Process_2023,Endosomal Transport (GO:0016197),1/180,0.8375262086141492,0.8453584362508152,0,0,0.5508267594958031,0.0976630837566713,NSG1
GO_Biological_Process_2023,Modification-Dependent Protein Catabolic Process (GO:0019941),1/192,0.8561488312819886,0.8636167961654452,0,0,0.5159041279696914,0.0801256116253105,NDFIP2
GO_Biological_Process_2023,Regulation Of Cell Differentiation (GO:0045595),1/193,0.8576012689701117,0.864543246863394,0,0,0.5131909547738693,0.0788343463225011,KLF4
GO_Biological_Process_2023,Endomembrane System Organization (GO:0010256),1/196,0.8618716082753269,0.8683074883620127,0,0,0.5052183996907615,0.075100192580976,SERP1
GO_Biological_Process_2023,DNA-templated Transcription (GO:0006351),1/199,0.8660145054493834,0.8719387340314375,0,0,0.4974874371859296,0.0715653690513794,POLR2L
GO_Biological_Process_2023,Ubiquitin-Dependent Protein Catabolic Process (GO:0006511),2/367,0.8845607780390295,0.8900583590088184,0,0,0.537844195378442,0.0659741489795757,NDFIP2;IFI27
GO_Biological_Process_2023,Protein Polyubiquitination (GO:0000209),1/226,0.8981547293522425,0.9031754700753296,0,0,0.4371859296482412,0.0469594177767252,IFI27
GO_Biological_Process_2023,DNA Damage Response (GO:0006974),2/384,0.8993873416769104,0.9038535730446418,0,0,0.5134591993230737,0.0544479728668411,FSCN1;SFN
GO_Biological_Process_2023,Chromatin Remodeling (GO:0006338),1/228,0.9002045097002905,0.9041135863553166,0,0,0.4332897970026343,0.0455531898856198,BAZ1A
GO_Biological_Process_2023,Phosphorylation (GO:0016310),2/429,0.9305285955438606,0.933989954237762,0,0,0.4582830648404419,0.0329975135431714,PIM3;SGK1
GO_Biological_Process_2023,Nervous System Development (GO:0007399),2/433,0.932806755878489,0.9356964918012848,0,0,0.4539361128688275,0.0315745344465643,MARCKS;CAPG
GO_Biological_Process_2023,DNA Repair (GO:0006281),1/291,0.9474576247830658,0.9498042690549744,0,0,0.3380696586380177,0.0182466560691828,FSCN1
GO_Biological_Process_2023,Cellular Response To Cytokine Stimulus (GO:0071345),1/308,0.9558247032169804,0.957599130265032,0,0,0.3190709246558526,0.0144158629069668,PYCARD
GO_Biological_Process_2023,Proteasome-Mediated Ubiquitin-Dependent Protein Catabolic Process (GO:0043161),1/319,0.9605177458115964,0.9617057702343692,0,0,0.3078600549919408,0.0124014715949614,IFI27
GO_Biological_Process_2023,Organelle Assembly (GO:0070925),1/322,0.9617092140888042,0.9619058912414412,0,0,0.304935894425398,0.0119056567280658,RAB11A
GO_Biological_Process_2023,Protein Phosphorylation (GO:0006468),2/500,0.9619058912414412,0.9619058912414412,0,0,0.3915054156018011,0.0152055454326809,PIM3;SGK1
