Gene_set,Term,Overlap,P-value,Adjusted P-value,Old P-value,Old Adjusted P-value,Odds Ratio,Combined Score,Genes
Reactome_2022,Eukaryotic Translation Elongation R-HSA-156842,68/90,1.1909528909436907e-121,6.308348167607717e-119,0,0,463.1212121212121,128950.56375108068,RPL4;RPL30;RPL3;RPL32;RPL31;RPL34;RPLP1;RPLP0;RPL10A;RPL8;RPL9;RPL6;RPL7;EEF1B2;RPS15;RPS4X;RPL7A;RPS14;RPS17;RPS16;RPL18A;RPS19;RPL36;RPL35;RPLP2;RPL37;RPS11;RPL39;RPS10;RPS13;RPS12;RPS9;RPL21;RPS7;RPS8;RPL23;RPS5;RPS6;RPL13A;RPS3A;RPSA;RPL27;RPL26;RPL29;RPL28;UBA52;RPL12;RPL11;RPL36A;RPS15A;RPL14;RPS3;RPL15;RPS2;RPL18;RPS27A;RPL19;RPL41;RPL35A;RPL23A;RPS28;RPS27;RPS29;RPL27A;RPL22L1;RPS20;RPS24;RPS23
Reactome_2022,Peptide Chain Elongation R-HSA-156902,67/86,1.8636183656152783e-121,6.308348167607717e-119,0,0,524.4665611396913,145796.60423947434,RPL4;RPL30;RPL3;RPL32;RPL31;RPL34;RPLP1;RPLP0;RPL10A;RPL8;RPL9;RPL6;RPL7;RPS15;RPS4X;RPL7A;RPS14;RPS17;RPS16;RPL18A;RPS19;RPL36;RPL35;RPLP2;RPL37;RPS11;RPL39;RPS10;RPS13;RPS12;RPS9;RPL21;RPS7;RPS8;RPL23;RPS5;RPS6;RPL13A;RPS3A;RPSA;RPL27;RPL26;RPL29;RPL28;UBA52;RPL12;RPL11;RPL36A;RPS15A;RPL14;RPS3;RPL15;RPS2;RPL18;RPS27A;RPL19;RPL41;RPL35A;RPL23A;RPS28;RPS27;RPS29;RPL27A;RPL22L1;RPS20;RPS24;RPS23
Reactome_2022,Selenocysteine Synthesis R-HSA-2408557,67/90,5.24522869034353e-119,7.102039646725138e-117,0,0,433.16737495913696,117973.2676494492,RPL4;RPL30;RPL3;RPL32;RPL31;RPL34;RPLP1;RPLP0;RPL10A;RPL8;RPL9;RPL6;RPL7;RPS15;RPS4X;RPL7A;RPS14;RPS17;RPS16;RPL18A;RPS19;RPL36;RPL35;RPLP2;RPL37;RPS11;RPL39;RPS10;RPS13;RPS12;RPS9;RPL21;RPS7;RPS8;RPL23;RPS5;RPS6;RPL13A;RPS3A;RPSA;RPL27;RPL26;RPL29;RPL28;UBA52;RPL12;RPL11;RPL36A;RPS15A;RPL14;RPS3;RPL15;RPS2;RPL18;RPS27A;RPL19;RPL41;RPL35A;RPL23A;RPS28;RPS27;RPS29;RPL27A;RPL22L1;RPS20;RPS24;RPS23
Reactome_2022,Eukaryotic Translation Termination R-HSA-72764,67/90,5.24522869034353e-119,7.102039646725138e-117,0,0,433.16737495913696,117973.2676494492,RPL4;RPL30;RPL3;RPL32;RPL31;RPL34;RPLP1;RPLP0;RPL10A;RPL8;RPL9;RPL6;RPL7;RPS15;RPS4X;RPL7A;RPS14;RPS17;RPS16;RPL18A;RPS19;RPL36;RPL35;RPLP2;RPL37;RPS11;RPL39;RPS10;RPS13;RPS12;RPS9;RPL21;RPS7;RPS8;RPL23;RPS5;RPS6;RPL13A;RPS3A;RPSA;RPL27;RPL26;RPL29;RPL28;UBA52;RPL12;RPL11;RPL36A;RPS15A;RPL14;RPS3;RPL15;RPS2;RPL18;RPS27A;RPL19;RPL41;RPL35A;RPL23A;RPS28;RPS27;RPS29;RPL27A;RPL22L1;RPS20;RPS24;RPS23
Reactome_2022,Viral mRNA Translation R-HSA-192823,67/90,5.24522869034353e-119,7.102039646725138e-117,0,0,433.16737495913696,117973.2676494492,RPL4;RPL30;RPL3;RPL32;RPL31;RPL34;RPLP1;RPLP0;RPL10A;RPL8;RPL9;RPL6;RPL7;RPS15;RPS4X;RPL7A;RPS14;RPS17;RPS16;RPL18A;RPS19;RPL36;RPL35;RPLP2;RPL37;RPS11;RPL39;RPS10;RPS13;RPS12;RPS9;RPL21;RPS7;RPS8;RPL23;RPS5;RPS6;RPL13A;RPS3A;RPSA;RPL27;RPL26;RPL29;RPL28;UBA52;RPL12;RPL11;RPL36A;RPS15A;RPL14;RPS3;RPL15;RPS2;RPL18;RPS27A;RPL19;RPL41;RPL35A;RPL23A;RPS28;RPS27;RPS29;RPL27A;RPL22L1;RPS20;RPS24;RPS23
Reactome_2022,Nonsense Mediated Decay (NMD) Independent Of Exon Junction Complex (EJC) R-HSA-975956,67/92,7.227715792843112e-118,8.155272652924646e-116,0,0,398.4736842105263,107479.15840972474,RPL4;RPL30;RPL3;RPL32;RPL31;RPL34;RPLP1;RPLP0;RPL10A;RPL8;RPL9;RPL6;RPL7;RPS15;RPS4X;RPL7A;RPS14;RPS17;RPS16;RPL18A;RPS19;RPL36;RPL35;RPLP2;RPL37;RPS11;RPL39;RPS10;RPS13;RPS12;RPS9;RPL21;RPS7;RPS8;RPL23;RPS5;RPS6;RPL13A;RPS3A;RPSA;RPL27;RPL26;RPL29;RPL28;UBA52;RPL12;RPL11;RPL36A;RPS15A;RPL14;RPS3;RPL15;RPS2;RPL18;RPS27A;RPL19;RPL41;RPL35A;RPL23A;RPS28;RPS27;RPS29;RPL27A;RPL22L1;RPS20;RPS24;RPS23
Reactome_2022,Response Of EIF2AK4 (GCN2) To Amino Acid Deficiency R-HSA-9633012,67/98,9.949799216268047e-115,8.420017586766835e-113,0,0,321.2522435120058,84328.62825119423,RPL4;RPL30;RPL3;RPL32;RPL31;RPL34;RPLP1;RPLP0;RPL10A;RPL8;RPL9;RPL6;RPL7;RPS15;RPS4X;RPS14;RPL7A;RPS17;RPS16;RPL18A;RPS19;RPL36;RPL35;RPLP2;RPL37;RPS11;RPL39;RPS10;RPS13;RPS12;RPS9;RPL21;RPS7;RPS8;RPL23;RPS5;RPS6;RPL13A;RPSA;RPS3A;RPL27;RPL26;RPL29;RPL28;UBA52;RPL12;RPL11;RPL36A;RPS15A;RPL14;RPS3;RPL15;RPS2;RPL18;RPS27A;RPL19;RPL41;RPL35A;RPL23A;RPS28;RPS27;RPS29;RPL27A;RPS20;RPL22L1;RPS24;RPS23
Reactome_2022,Formation Of A Pool Of Free 40S Subunits R-HSA-72689,67/98,9.949799216268047e-115,8.420017586766835e-113,0,0,321.2522435120058,84328.62825119423,RPL4;RPL30;RPL3;RPL32;RPL31;RPL34;RPLP1;RPLP0;RPL10A;RPL8;RPL9;RPL6;RPL7;RPS15;RPS4X;RPS14;RPL7A;RPS17;RPS16;RPL18A;RPS19;RPL36;RPL35;RPLP2;RPL37;RPS11;RPL39;RPS10;RPS13;RPS12;RPS9;RPL21;RPS7;RPS8;RPL23;RPS5;RPS6;RPL13A;RPSA;RPS3A;RPL27;RPL26;RPL29;RPL28;UBA52;RPL12;RPL11;RPL36A;RPS15A;RPL14;RPS3;RPL15;RPS2;RPL18;RPS27A;RPL19;RPL41;RPL35A;RPL23A;RPS28;RPS27;RPS29;RPL27A;RPS20;RPL22L1;RPS24;RPS23
Reactome_2022,SRP-dependent Cotranslational Protein Targeting To Membrane R-HSA-1799339,68/108,1.3068502314895155e-112,8.84737606718402e-111,0,0,254.4848484848485,65560.87287950978,RPL4;RPL30;RPL3;RPL32;RPL31;RPL34;RPLP1;RPLP0;RPL10A;RPL8;RPL9;RPL6;RPL7;RPS15;RPS4X;RPS14;RPL7A;RPS17;RPS16;RPL18A;RPS19;RPL36;RPL35;RPLP2;RPL37;RPS11;RPL39;RPS10;RPS13;RPS12;RPS9;RPL21;RPS7;SSR4;RPS8;RPL23;RPS5;RPS6;RPL13A;RPSA;RPS3A;RPL27;RPL26;RPL29;RPL28;UBA52;RPL12;RPL11;RPL36A;RPS15A;RPL14;RPS3;RPL15;RPS2;RPL18;RPS27A;RPL19;RPL41;RPL35A;RPL23A;RPS28;RPS27;RPS29;RPL27A;RPS20;RPL22L1;RPS24;RPS23
Reactome_2022,L13a-mediated Translational Silencing Of Ceruloplasmin Expression R-HSA-156827,68/108,1.3068502314895155e-112,8.84737606718402e-111,0,0,254.4848484848485,65560.87287950978,RPL4;EIF4A1;RPL30;RPL3;RPL32;RPL31;RPL34;RPLP1;RPLP0;RPL10A;RPL8;RPL9;RPL6;RPL7;RPS15;RPS4X;RPS14;RPL7A;RPS17;RPS16;RPL18A;RPS19;RPL36;RPL35;RPLP2;RPL37;RPS11;RPL39;RPS10;RPS13;RPS12;RPS9;RPL21;RPS7;RPS8;RPL23;RPS5;RPS6;RPL13A;RPSA;RPS3A;RPL27;RPL26;RPL29;RPL28;UBA52;RPL12;RPL11;RPL36A;RPS15A;RPL14;RPS3;RPL15;RPS2;RPL18;RPS27A;RPL19;RPL41;RPL35A;RPL23A;RPS28;RPS27;RPS29;RPL27A;RPS20;RPL22L1;RPS24;RPS23
Reactome_2022,GTP Hydrolysis And Joining Of 60S Ribosomal Subunit R-HSA-72706,68/109,3.452412133608685e-112,2.1248027404118912e-110,0,0,248.2653362897265,63717.41208042517,RPL4;EIF4A1;RPL30;RPL3;RPL32;RPL31;RPL34;RPLP1;RPLP0;RPL10A;RPL8;RPL9;RPL6;RPL7;RPS15;RPS4X;RPS14;RPL7A;RPS17;RPS16;RPL18A;RPS19;RPL36;RPL35;RPLP2;RPL37;RPS11;RPL39;RPS10;RPS13;RPS12;RPS9;RPL21;RPS7;RPS8;RPL23;RPS5;RPS6;RPL13A;RPSA;RPS3A;RPL27;RPL26;RPL29;RPL28;UBA52;RPL12;RPL11;RPL36A;RPS15A;RPL14;RPS3;RPL15;RPS2;RPL18;RPS27A;RPL19;RPL41;RPL35A;RPL23A;RPS28;RPS27;RPS29;RPL27A;RPS20;RPL22L1;RPS24;RPS23
Reactome_2022,Nonsense Mediated Decay (NMD) Enhanced By Exon Junction Complex (EJC) R-HSA-975957,68/112,5.829563189733846e-111,3.288845232874845e-109,0,0,231.3030303030303,58710.26111522263,RPL4;RPL30;RPL3;RPL32;RPL31;RPL34;RPLP1;EIF4A3;RPLP0;RPL10A;RPL8;RPL9;RPL6;RPL7;RPS15;RPS4X;RPS14;RPL7A;RPS17;RPS16;RPL18A;RPS19;RPL36;RPL35;RPLP2;RPL37;RPS11;RPL39;RPS10;RPS13;RPS12;RPS9;RPL21;RPS7;RPS8;RPL23;RPS5;RPS6;RPL13A;RPSA;RPS3A;RPL27;RPL26;RPL29;RPL28;UBA52;RPL12;RPL11;RPL36A;RPS15A;RPL14;RPS3;RPL15;RPS2;RPL18;RPS27A;RPL19;RPL41;RPL35A;RPL23A;RPS28;RPS27;RPS29;RPL27A;RPS20;RPL22L1;RPS24;RPS23
Reactome_2022,Cap-dependent Translation Initiation R-HSA-72737,68/116,2.0914103563074936e-109,1.0891421624770565e-107,0,0,211.9848484848485,53047.92296030605,RPL4;EIF4A1;RPL30;RPL3;RPL32;RPL31;RPL34;RPLP1;RPLP0;RPL10A;RPL8;RPL9;RPL6;RPL7;RPS15;RPS4X;RPS14;RPL7A;RPS17;RPS16;RPL18A;RPS19;RPL36;RPL35;RPLP2;RPL37;RPS11;RPL39;RPS10;RPS13;RPS12;RPS9;RPL21;RPS7;RPS8;RPL23;RPS5;RPS6;RPL13A;RPSA;RPS3A;RPL27;RPL26;RPL29;RPL28;UBA52;RPL12;RPL11;RPL36A;RPS15A;RPL14;RPS3;RPL15;RPS2;RPL18;RPS27A;RPL19;RPL41;RPL35A;RPL23A;RPS28;RPS27;RPS29;RPL27A;RPS20;RPL22L1;RPS24;RPS23
Reactome_2022,Selenoamino Acid Metabolism R-HSA-2408522,67/114,7.708948996889814e-108,3.727827479210288e-106,0,0,211.7182850743881,52217.52206450309,RPL4;RPL30;RPL3;RPL32;RPL31;RPL34;RPLP1;RPLP0;RPL10A;RPL8;RPL9;RPL6;RPL7;RPS15;RPS4X;RPS14;RPL7A;RPS17;RPS16;RPL18A;RPS19;RPL36;RPL35;RPLP2;RPL37;RPS11;RPL39;RPS10;RPS13;RPS12;RPS9;RPL21;RPS7;RPS8;RPL23;RPS5;RPS6;RPL13A;RPSA;RPS3A;RPL27;RPL26;RPL29;RPL28;UBA52;RPL12;RPL11;RPL36A;RPS15A;RPL14;RPS3;RPL15;RPS2;RPL18;RPS27A;RPL19;RPL41;RPL35A;RPL23A;RPS28;RPS27;RPS29;RPL27A;RPS20;RPL22L1;RPS24;RPS23
Reactome_2022,Influenza Viral RNA Transcription And Replication R-HSA-168273,67/137,2.8284552341257937e-100,1.276576129002108e-98,0,0,141.98818474758323,32546.358282115845,RPL4;RPL30;RPL3;RPL32;RPL31;RPL34;RPLP1;RPLP0;RPL10A;RPL8;RPL9;RPL6;RPL7;RPS15;RPS4X;RPS14;RPL7A;RPS17;RPS16;RPL18A;RPS19;RPL36;RPL35;RPLP2;RPL37;RPS11;RPL39;RPS10;RPS13;RPS12;RPS9;RPL21;RPS7;RPS8;RPL23;RPS5;RPS6;RPL13A;RPSA;RPS3A;RPL27;RPL26;RPL29;RPL28;UBA52;RPL12;RPL11;RPL36A;RPS15A;RPL14;RPS3;RPL15;RPS2;RPL18;RPS27A;RPL19;RPL41;RPL35A;RPL23A;RPS28;RPS27;RPS29;RPL27A;RPS20;RPL22L1;RPS24;RPS23
Reactome_2022,Regulation Of Expression Of SLITs And ROBOs R-HSA-9010553,69/167,8.528845117386089e-97,3.608767590293989e-95,0,0,105.89172768343978,23424.023179413103,RPL4;RPL30;RPL3;RPL32;RPL31;RPL34;RPLP1;EIF4A3;RPLP0;RPL10A;RPL8;RPL9;RPL6;RPL7;RPS15;RPS4X;RPS14;RPL7A;RPS17;RPS16;RPL18A;RPS19;RPL36;RPL35;RPLP2;RPL37;RPS11;RPL39;RPS10;RPS13;RPS12;RPS9;RPL21;RPS7;RPS8;RPL23;RPS5;RPS6;RPL13A;RPSA;RPS3A;RPL27;RPL26;RPL29;RPL28;UBA52;RPL12;RPL11;RPL36A;RPS15A;UBB;RPL14;RPS3;RPL15;RPS2;RPL18;RPS27A;RPL19;RPL41;RPL35A;RPL23A;RPS28;RPS27;RPS29;RPL27A;RPS20;RPL22L1;RPS24;RPS23
Reactome_2022,Cellular Response To Starvation R-HSA-9711097,67/153,5.045151790309246e-96,2.009157507081976e-94,0,0,115.4780556041266,25339.319853968293,RPL4;RPL30;RPL3;RPL32;RPL31;RPL34;RPLP1;RPLP0;RPL10A;RPL8;RPL9;RPL6;RPL7;RPS15;RPS4X;RPS14;RPL7A;RPS17;RPS16;RPL18A;RPS19;RPL36;RPL35;RPLP2;RPL37;RPS11;RPL39;RPS10;RPS13;RPS12;RPS9;RPL21;RPS7;RPS8;RPL23;RPS5;RPS6;RPL13A;RPSA;RPS3A;RPL27;RPL26;RPL29;RPL28;UBA52;RPL12;RPL11;RPL36A;RPS15A;RPL14;RPS3;RPL15;RPS2;RPL18;RPS27A;RPL19;RPL41;RPL35A;RPL23A;RPS28;RPS27;RPS29;RPL27A;RPS20;RPL22L1;RPS24;RPS23
Reactome_2022,Influenza Infection R-HSA-168255,67/157,4.686094638433225e-95,1.7624922612329409e-93,0,0,110.32330827067668,23962.33114746417,RPL4;RPL30;RPL3;RPL32;RPL31;RPL34;RPLP1;RPLP0;RPL10A;RPL8;RPL9;RPL6;RPL7;RPS15;RPS4X;RPS14;RPL7A;RPS17;RPS16;RPL18A;RPS19;RPL36;RPL35;RPLP2;RPL37;RPS11;RPL39;RPS10;RPS13;RPS12;RPS9;RPL21;RPS7;RPS8;RPL23;RPS5;RPS6;RPL13A;RPSA;RPS3A;RPL27;RPL26;RPL29;RPL28;UBA52;RPL12;RPL11;RPL36A;RPS15A;RPL14;RPS3;RPL15;RPS2;RPL18;RPS27A;RPL19;RPL41;RPL35A;RPL23A;RPS28;RPS27;RPS29;RPL27A;RPS20;RPL22L1;RPS24;RPS23
Reactome_2022,Major Pathway Of rRNA Processing In Nucleolus And Cytosol R-HSA-6791226,67/179,2.906328506257063e-90,1.0355707361768588e-88,0,0,88.55370569280343,18256.74272273168,RPL4;RPL30;RPL3;RPL32;RPL31;RPL34;RPLP1;RPLP0;RPL10A;RPL8;RPL9;RPL6;RPL7;RPS15;RPS4X;RPS14;RPL7A;RPS17;RPS16;RPL18A;RPS19;RPL36;RPL35;RPLP2;RPL37;RPS11;RPL39;RPS10;RPS13;RPS12;RPS9;RPL21;RPS7;RPS8;RPL23;RPS5;RPS6;RPL13A;RPSA;RPS3A;RPL27;RPL26;RPL29;RPL28;UBA52;RPL12;RPL11;RPL36A;RPS15A;RPL14;RPS3;RPL15;RPS2;RPL18;RPS27A;RPL19;RPL41;RPL35A;RPL23A;RPS28;RPS27;RPS29;RPL27A;RPS20;RPL22L1;RPS24;RPS23
Reactome_2022,Signaling By ROBO Receptors R-HSA-376176,69/209,1.526855805053976e-88,5.1684069001077095e-87,0,0,73.96619411123228,14956.280846485331,RPL4;RPL30;RPL3;RPL32;RPL31;RPL34;RPLP1;RPLP0;EIF4A3;RPL8;RPL10A;RPL9;RPL6;RPL7;RPS15;RPS4X;RPS14;RPL7A;RPS17;RPS16;RPS19;RPL18A;RPL36;RPL35;RPLP2;RPL37;RPS11;RPS10;RPL39;RPS13;RPS12;RPS9;RPL21;RPS7;RPS8;RPL23;RPS5;RPS6;RPL13A;RPSA;RPS3A;RPL27;RPL26;RPL29;RPL28;UBA52;RPL12;RPL11;RPL36A;RPS15A;UBB;RPL14;RPS3;RPL15;RPS2;RPL18;RPS27A;RPL19;RPL41;RPL35A;RPL23A;RPS28;RPS27;RPS29;RPL27A;RPL22L1;RPS20;RPS24;RPS23
Reactome_2022,rRNA Processing In Nucleus And Cytosol R-HSA-8868773,67/189,2.484675707645152e-88,8.0101212098846105e-87,0,0,81.2539134722051,16390.323780358256,RPL4;RPL30;RPL3;RPL32;RPL31;RPL34;RPLP1;RPLP0;RPL10A;RPL8;RPL9;RPL6;RPL7;RPS15;RPS4X;RPS14;RPL7A;RPS17;RPS16;RPL18A;RPS19;RPL36;RPL35;RPLP2;RPL37;RPS11;RPL39;RPS10;RPS13;RPS12;RPS9;RPL21;RPS7;RPS8;RPL23;RPS5;RPS6;RPL13A;RPSA;RPS3A;RPL27;RPL26;RPL29;RPL28;UBA52;RPL12;RPL11;RPL36A;RPS15A;RPL14;RPS3;RPL15;RPS2;RPL18;RPS27A;RPL19;RPL41;RPL35A;RPL23A;RPS28;RPS27;RPS29;RPL27A;RPS20;RPL22L1;RPS24;RPS23
Reactome_2022,rRNA Processing R-HSA-72312,67/199,1.5904320070180957e-86,4.894193039778413e-85,0,0,75.06015037593986,14828.756630428315,RPL4;RPL30;RPL3;RPL32;RPL31;RPL34;RPLP1;RPLP0;RPL8;RPL10A;RPL9;RPL6;RPL7;RPS15;RPS4X;RPS14;RPL7A;RPS17;RPS16;RPL18A;RPS19;RPL36;RPL35;RPLP2;RPL37;RPS11;RPL39;RPS10;RPS13;RPS12;RPS9;RPL21;RPS7;RPS8;RPL23;RPS5;RPS6;RPL13A;RPSA;RPS3A;RPL27;RPL26;RPL29;RPL28;UBA52;RPL12;RPL11;RPL36A;RPS15A;RPL14;RPS3;RPL15;RPS2;RPL18;RPS27A;RPL19;RPL41;RPL35A;RPL23A;RPS28;RPS27;RPS29;RPL27A;RPS20;RPL22L1;RPS24;RPS23
Reactome_2022,Translation R-HSA-72766,70/281,5.146179110642717e-80,1.5147666338717912e-78,0,0,49.99015676266861,9126.630580427884,RPL4;EIF4A1;RPL30;RPL3;RPL32;RPL31;RPL34;RPLP1;RPLP0;RPL8;RPL10A;RPL9;RPL6;RPL7;RPS15;EEF1B2;RPS4X;RPS14;RPL7A;RPS17;RPS16;RPS19;RPL18A;RPL36;RPL35;RPLP2;RPL37;RPS11;RPS10;RPL39;RPS13;RPS12;RPS9;RPL21;SSR4;RPS7;RPS8;RPL23;RPS5;RPS6;RPL13A;RPSA;RPS3A;RPL27;RPL26;RPL29;RPL28;UBA52;RPL12;RPL11;RPL36A;RPS15A;RPL14;RPS3;RPL15;RPS2;RPL18;RPS27A;RPL19;RPL41;RPL35A;RPL23A;RPS28;RPS27;RPS29;RPL27A;RPL22L1;RPS20;RPS24;RPS23
Reactome_2022,Metabolism Of Amino Acids And Derivatives R-HSA-71291,67/364,9.090084263703046e-67,2.564161269386234e-65,0,0,33.08020050125313,5030.37433352435,RPL4;RPL30;RPL3;RPL32;RPL31;RPL34;RPLP1;RPLP0;RPL8;RPL10A;RPL9;RPL6;RPL7;RPS15;RPS4X;RPS14;RPL7A;RPS17;RPS16;RPS19;RPL18A;RPL36;RPL35;RPLP2;RPL37;RPS11;RPS10;RPL39;RPS13;RPS12;RPS9;RPL21;RPS7;RPS8;RPL23;RPS5;RPS6;RPL13A;RPSA;RPS3A;RPL27;RPL26;RPL29;RPL28;UBA52;RPL12;RPL11;RPL36A;RPS15A;RPL14;RPS3;RPL15;RPS2;RPL18;RPS27A;RPL19;RPL41;RPL35A;RPL23A;RPS28;RPS27;RPS29;RPL27A;RPL22L1;RPS20;RPS24;RPS23
Reactome_2022,Axon Guidance R-HSA-422475,73/519,3.221440495665362e-64,8.723660862261799e-63,0,0,24.94336358179443,3646.610437206783,RPL4;RPL30;RPL3;RPL32;RPL31;RPL34;RPLP1;RPLP0;EIF4A3;RPL8;RPL10A;RPL9;RPL6;RPL7;ACTG1;RPS15;RPS4X;RPS14;RPL7A;RPS17;RPS16;RPS19;RPL18A;RPL36;RPL35;RPLP2;RPL37;RPS11;RPS10;RPL39;RPS13;RPS12;RPS9;RPL21;RPS7;RPS8;RPL23;RPS5;RPS6;RPL13A;RPSA;RPS3A;RPL27;RPL26;RPL29;EZR;RPL28;UBA52;RPL12;RPL11;RPL36A;MYL12B;RPS15A;UBB;RPL14;RPS3;RPL15;RPS2;RPL18;RPS27A;RPL19;RPL41;RPL35A;RPL23A;EFNA1;RPS28;RPS27;RPS29;RPL27A;RPL22L1;RPS20;RPS24;RPS23
Reactome_2022,Nervous System Development R-HSA-9675108,73/545,1.2609742994087696e-62,3.2833830796143735e-61,0,0,23.53770185506473,3354.790775357893,RPL4;RPL30;RPL3;RPL32;RPL31;RPL34;RPLP1;RPLP0;EIF4A3;RPL8;RPL10A;RPL9;RPL6;RPL7;ACTG1;RPS15;RPS4X;RPS14;RPL7A;RPS17;RPS16;RPS19;RPL18A;RPL36;RPL35;RPLP2;RPL37;RPS11;RPS10;RPL39;RPS13;RPS12;RPS9;RPL21;RPS7;RPS8;RPL23;RPS5;RPS6;RPL13A;RPSA;RPS3A;RPL27;RPL26;RPL29;EZR;RPL28;UBA52;RPL12;RPL11;RPL36A;MYL12B;RPS15A;UBB;RPL14;RPS3;RPL15;RPS2;RPL18;RPS27A;RPL19;RPL41;RPL35A;RPL23A;EFNA1;RPS28;RPS27;RPS29;RPL27A;RPL22L1;RPS20;RPS24;RPS23
Reactome_2022,Cellular Responses To Stimuli R-HSA-8953897,80/736,7.685477434438648e-62,1.9270623048573942e-60,0,0,19.45528455284553,2737.7659937668413,RPL4;RPL30;CDKN1A;RPL3;RPL32;RPL31;RPL34;RPLP1;RPLP0;RPL8;RPL10A;RPL9;RPL6;RPL7;HERPUD1;RPS15;RPS4X;RPS14;RPL7A;MT2A;RPS17;RPS16;RPS19;RPL18A;MYC;RPL36;RPL35;RPLP2;RPL37;RPS11;RPS10;RPL39;RPS13;RPS12;H3-3B;RPS9;RPL21;RPS7;RPS8;RPL23;RPS5;RPS6;RPL13A;RPSA;CYBA;RPS3A;RPL27;RPL26;RPL29;RPL28;UBA52;PPP1R15A;RPL12;RPL11;RPL36A;DNAJB1;RPS15A;UBB;RPL14;RPS3;RPL15;RPS2;RPL18;RPS27A;RPL19;H2AZ1;RPL41;RPL35A;RPL23A;HSPA2;DNAJA1;RPS28;RPS27;RPS29;RPL27A;ID1;RPL22L1;RPS20;RPS24;RPS23
Reactome_2022,Cellular Responses To Stress R-HSA-2262752,79/722,3.2501751702967694e-61,7.858459251038974e-60,0,0,19.45173065305965,2709.2172392012994,RPL4;RPL30;CDKN1A;RPL3;RPL32;RPL31;RPL34;RPLP1;RPLP0;RPL8;RPL10A;RPL9;RPL6;RPL7;HERPUD1;RPS15;RPS4X;RPS14;RPL7A;RPS17;RPS16;RPS19;RPL18A;MYC;RPL36;RPL35;RPLP2;RPL37;RPS11;RPS10;RPL39;RPS13;RPS12;H3-3B;RPS9;RPL21;RPS7;RPS8;RPL23;RPS5;RPS6;RPL13A;RPSA;CYBA;RPS3A;RPL27;RPL26;RPL29;RPL28;UBA52;PPP1R15A;RPL12;RPL11;RPL36A;DNAJB1;RPS15A;UBB;RPL14;RPS3;RPL15;RPS2;RPL18;RPS27A;RPL19;H2AZ1;RPL41;RPL35A;RPL23A;HSPA2;DNAJA1;RPS28;RPS27;RPS29;RPL27A;ID1;RPL22L1;RPS20;RPS24;RPS23
Reactome_2022,Developmental Biology R-HSA-1266738,86/1073,8.180232862830246e-56,1.909661257977957e-54,0,0,14.379192662507332,1823.900576060321,RPL4;RPL30;CDKN1A;RPL3;RPL32;RPL31;RPL34;RPLP1;RPLP0;EIF4A3;RPL8;RPL10A;RPL9;RPL6;RPL7;ACTG1;RPS15;RPS4X;RPS14;RPL7A;RPS17;RPS16;RPS19;RPL18A;MYC;RPL36;RPL35;RPLP2;RPL37;RPS11;RPS10;RPL39;RPS13;RPS12;H3-3B;RPS9;RPL21;RPS7;RPS8;RPL23;RPS5;KRT1;RPS6;RPL13A;RPSA;RPS3A;KRT5;RPL27;RPL26;RPL29;EZR;RPL28;UBA52;DSC3;CEBPD;RPL12;RPL11;RPL36A;MYL12B;RPS15A;UBB;PERP;RPL14;RPS3;RPL15;RPS2;RPL18;RPS27A;RPL19;H2AZ1;RPL41;RPL35A;RPL23A;KRT10;KLF4;EFNA1;RPS28;RPS27;KLF5;RPS29;RPL27A;KRT14;RPL22L1;RPS20;RPS24;RPS23
Reactome_2022,Metabolism Of RNA R-HSA-8953854,72/666,6.2916785007963515e-55,1.419822115013043e-53,0,0,18.1875,2269.8536936337646,RPL4;EIF4A1;RPL30;RPL3;RPL32;RPL31;RPL34;RPLP1;RPLP0;EIF4A3;RPL8;RPL10A;RPL9;RPL6;RPL7;RPS15;RPS4X;RPS14;RPL7A;RPS17;RPS16;RPS19;RPL18A;MYC;RPL36;RPL35;RPLP2;RPL37;RPS11;RPS10;RPL39;RPS13;RPS12;RPS9;RPL21;RPS7;RPS8;RPL23;RPS5;RPS6;RPL13A;RPSA;RPS3A;RPL27;RPL26;RPL29;RPL28;UBA52;RPL12;RPL11;RPL36A;RPS15A;UBB;RPL14;RPS3;RPL15;RPS2;RPL18;RPS27A;HNRNPA1;RPL19;RPL41;RPL35A;RPL23A;RPS28;RPS27;RPS29;RPL27A;RPL22L1;RPS20;RPS24;RPS23
Reactome_2022,Infectious Disease R-HSA-5663205,81/961,7.129657492739696e-54,1.5570252008337984e-52,0,0,14.634453781512605,1790.896137603256,RPL4;RPL30;RPL3;RPL32;RPL31;RPL34;RPLP1;RPLP0;RPL8;RPL10A;RPL9;RPL6;RPL7;ACTG1;RPS15;PYCARD;RPS4X;RPS14;RPL7A;GJA1;RPS17;RPS16;RPS19;RPL18A;RPL36;RPL35;RPLP2;RPL37;RPS11;B2M;RPS10;RPL39;RPS13;RPS12;RPS9;RPL21;RPS7;RPS8;RPL23;RPS5;RPS6;HLA-B;HLA-C;RPL13A;ATP1B3;RPSA;CYBA;RPS3A;HLA-A;HLA-E;RPL27;RPL26;RPL29;RPL28;UBA52;CEBPD;RPL12;RPL11;RPL36A;RPS15A;UBB;RPL14;RPS3;RPL15;RPS2;RPL18;RPS27A;RPL19;RPL41;PLK2;RPL35A;RPL23A;RPS28;RPS27;RPS29;FXYD3;RPL27A;RPL22L1;RPS20;RPS24;RPS23
Reactome_2022,SARS-CoV-2 Modulates Host Translation Machinery R-HSA-9754678,27/47,1.3307800632099825e-42,2.8154315712286194e-41,0,0,154.35260115606937,14883.111321541985,RPS15;RPS4X;RPS14;RPS17;RPS15A;RPS16;RPS19;RPS3;RPS2;RPS11;RPS27A;RPS10;RPS13;RPS12;RPS9;RPS7;RPS8;RPS5;RPS6;RPS3A;RPSA;RPS28;RPS27;RPS29;RPS20;RPS24;RPS23
Reactome_2022,Disease R-HSA-1643685,89/1736,8.412138494928169e-42,1.7257629578989002e-40,0,0,8.837345542263575,835.8264042592226,RPL4;RPL30;CDKN1A;RPL3;RPL32;RPL31;RPL34;RPLP1;RPLP0;RPL8;RPL10A;RPL9;RPL6;RPL7;ACTG1;RPS15;PYCARD;RPS4X;RPS14;RPL7A;GJA1;RPS17;RPS16;RPS19;RPL18A;MYC;RPL36;RPL35;RPLP2;RPL37;RPS11;B2M;RPS10;RPL39;RPS13;RPS12;H3-3B;RPS9;RPL21;RPS7;RPS8;TPM3;RPL23;RPS5;RPS6;HLA-B;HLA-C;RPL13A;ATP1B3;RPSA;CYBA;RPS3A;HLA-A;DCN;HLA-E;APRT;RPL27;RPL26;RPL29;RPL28;UBA52;CEBPD;RPL12;RPL11;RPL36A;RPS15A;UBB;RPL14;RPS3;RPL15;RPS2;RPL18;RPS27A;RPL19;H2AZ1;RPL41;PLK2;RPL35A;RPL23A;NFKBIA;RPS28;RPS27;RPS29;FXYD3;RPL27A;RPL22L1;RPS20;RPS24;RPS23
Reactome_2022,"Formation Of Ternary Complex, And Subsequently, 43S Complex R-HSA-72695",27/50,1.436484664347896e-41,2.860294464010369e-40,0,0,134.19929630560443,12620.610425026916,RPS15;RPS4X;RPS14;RPS17;RPS16;RPS15A;RPS19;RPS3;RPS2;RPS11;RPS27A;RPS10;RPS13;RPS12;RPS9;RPS7;RPS8;RPS5;RPS6;RPS3A;RPSA;RPS28;RPS27;RPS29;RPS20;RPS24;RPS23
Reactome_2022,Ribosomal Scanning And Start Codon Recognition R-HSA-72702,28/57,1.6480510953819474e-41,3.0992516432599398e-40,0,0,110.98396150761828,10422.103769870106,EIF4A1;RPS15;RPS4X;RPS14;RPS17;RPS16;RPS15A;RPS19;RPS3;RPS2;RPS11;RPS27A;RPS10;RPS13;RPS12;RPS9;RPS7;RPS8;RPS5;RPS6;RPS3A;RPSA;RPS28;RPS27;RPS29;RPS20;RPS24;RPS23
Reactome_2022,Translation Initiation Complex Formation R-HSA-72649,28/57,1.6480510953819474e-41,3.0992516432599398e-40,0,0,110.98396150761828,10422.103769870106,EIF4A1;RPS15;RPS4X;RPS14;RPS17;RPS16;RPS15A;RPS19;RPS3;RPS2;RPS11;RPS27A;RPS10;RPS13;RPS12;RPS9;RPS7;RPS8;RPS5;RPS6;RPS3A;RPSA;RPS28;RPS27;RPS29;RPS20;RPS24;RPS23
Reactome_2022,"mRNA Activation Upon Binding Of Cap-Binding Complex And eIFs, Subsequent Binding To 43S R-HSA-72662",28/58,3.1598920842657193e-41,5.781748489318627e-40,0,0,107.27906976744184,10004.3580271884,EIF4A1;RPS15;RPS4X;RPS14;RPS17;RPS16;RPS15A;RPS19;RPS3;RPS2;RPS11;RPS27A;RPS10;RPS13;RPS12;RPS9;RPS7;RPS8;RPS5;RPS6;RPS3A;RPSA;RPS28;RPS27;RPS29;RPS20;RPS24;RPS23
Reactome_2022,Metabolism Of Proteins R-HSA-392499,87/1890,4.809376576345534e-37,8.568284058384016e-36,0,0,7.685023485930529,642.6607113054827,RPL4;EIF4A1;RPL30;RPL3;RPL32;RPL31;RPL34;RPLP1;RPLP0;TNFAIP3;RPL8;RPL10A;RPL9;RPL6;RPL7;RPS15;EEF1B2;RPS4X;RPS14;RPL7A;RPS17;RPS16;RPS19;RPL18A;MYC;RPL36;RPL35;RPLP2;RPL37;RPS11;B2M;RPS10;RPL39;RPS13;CTSC;RPS12;H3-3B;RPS9;RPL21;SSR4;RPS7;RPS8;RPL23;RPS5;RPS6;HLA-B;RPL13A;RPSA;RPS3A;HLA-A;LY6D;RPL27;RPL26;RPL29;RPL28;UBA52;LY6E;RPL12;RPL11;RPL36A;LYPD3;RPS15A;UBB;RPL14;RPS3;RPL15;APOE;RPS2;RPL18;RPS27A;CD55;RPL19;H2AZ1;RPL41;RPL35A;RPL23A;KLF4;NFKBIA;RPS28;RPS27;RPS29;RPL27A;RPL22L1;RPS20;ITM2B;RPS24;RPS23
Reactome_2022,SARS-CoV-2-host Interactions R-HSA-9705683,33/196,4.813590519679647e-31,8.355899440572105e-30,0,0,23.80592189853422,1661.8603316619124,RPS15;RPS4X;RPS14;GJA1;RPS17;RPS16;RPS15A;RPS19;RPS3;RPS2;RPS11;RPS27A;B2M;RPS10;RPS13;RPS12;RPS9;RPS7;RPS8;RPS5;RPS6;HLA-B;HLA-C;RPSA;RPS3A;HLA-A;HLA-E;RPS28;RPS27;RPS29;RPS20;RPS24;RPS23
Reactome_2022,SARS-CoV-2 Infection R-HSA-9694516,35/283,4.081376403408184e-28,6.907729562768352e-27,0,0,16.72336265884653,1054.6747251548777,RPS15;RPS4X;RPS14;GJA1;RPS17;RPS16;RPS15A;RPS19;UBB;RPS3;RPS2;RPS11;RPS27A;B2M;RPS10;RPS13;RPS12;RPS9;RPS7;RPS8;RPS5;RPS6;HLA-B;HLA-C;RPSA;RPS3A;HLA-A;HLA-E;RPS28;RPS27;RPS29;RPS20;UBA52;RPS24;RPS23
Reactome_2022,SARS-CoV Infections R-HSA-9679506,37/369,2.195541025568855e-26,3.6253201812441817e-25,0,0,13.310592061497523,786.4002134431512,RPS15;RPS4X;RPS14;GJA1;RPS17;RPS16;RPS15A;RPS19;UBB;RPS3;RPS2;RPS11;RPS27A;B2M;RPS10;RPS13;RPS12;RPS9;RPS7;RPS8;RPS5;RPS6;HLA-B;HLA-C;ATP1B3;RPSA;RPS3A;HLA-A;HLA-E;RPS28;RPS27;RPS29;FXYD3;RPS20;UBA52;RPS24;RPS23
Reactome_2022,Metabolism R-HSA-1430728,74/2049,4.1396042256105044e-24,6.672647763662646e-23,0,0,5.300582680329516,285.3910151944148,RPL4;RPL30;RPL3;RPL32;RPL31;RPL34;RPLP1;RPLP0;DBI;RPL8;RPL10A;RPL9;RPL6;RPL7;RPS15;RPS4X;RPS14;RPL7A;RPS17;RPS16;RPS19;RPL18A;RPL36;RPL35;RPLP2;TSPO;RPL37;RPS11;RPS10;RPL39;RPS13;RPS12;RPS9;RPL21;RPS7;RPS8;RPL23;RPS5;RPS6;RPL13A;RPSA;RPS3A;DCN;APRT;RPL27;RPL26;RPL29;RPL28;UBA52;RPL12;RPL11;RPL36A;RPS15A;UBB;RPL14;RPS3;RPL15;APOE;RPS2;RPL18;RPS27A;RPL19;RPL41;RPL35A;RPL23A;MARCKS;RPS28;RPS27;RPS29;RPL27A;RPL22L1;RPS20;RPS24;RPS23
Reactome_2022,Endosomal/Vacuolar Pathway R-HSA-1236977,5/11,4.1847168846753544e-08,6.588496118430731e-07,0,0,84.58974358974359,1437.1155985372875,HLA-B;HLA-C;HLA-A;B2M;HLA-E
Reactome_2022,Antigen processing-Cross Presentation R-HSA-1236975,10/104,9.215026987265393e-08,1.417857561449698e-06,0,0,11.033594624860022,178.74252518942302,VAMP8;UBB;HLA-B;HLA-C;CYBA;HLA-A;RPS27A;B2M;UBA52;HLA-E
Reactome_2022,Interferon Signaling R-HSA-913531,13/200,1.1646241483657273e-07,1.752112329874661e-06,0,0,7.291286568103177,116.41047380303488,EIF4A1;IFITM2;EIF4A3;HLA-B;HLA-C;HLA-A;HLA-E;MT2A;UBB;IRF1;RPS27A;B2M;UBA52
Reactome_2022,ER-Phagosome Pathway R-HSA-1236974,9/89,2.661502892179071e-07,3.917037952185285e-06,0,0,11.6151832460733,175.84463668177787,VAMP8;UBB;HLA-B;HLA-C;HLA-A;RPS27A;B2M;UBA52;HLA-E
Reactome_2022,Modulation By Mtb Of Host Immune System R-HSA-9637628,4/7,3.317359540687939e-07,4.778409380948372e-06,0,0,134.6734693877551,2009.18359177183,UBB;RPS27A;B2M;UBA52
Reactome_2022,Amyloid Fiber Formation R-HSA-977225,8/79,1.2351105266403242e-06,1.7420204719489573e-05,0,0,11.578051643192488,157.51186799089305,H2AZ1;UBB;APOE;RPS27A;B2M;UBA52;ITM2B;H3-3B
Reactome_2022,Cytokine Signaling In Immune System R-HSA-1280215,22/702,2.2719271597550453e-06,3.138968749294215e-05,0,0,3.475214805023133,45.160006724566166,EIF4A1;CDKN1A;IFITM2;ANXA1;ANXA2;CEBPD;RPLP0;EIF4A3;HLA-B;HLA-C;HLA-A;HLA-E;NFKBIA;MT2A;UBB;MYC;IRF1;FSCN1;RPS27A;B2M;UBA52;MCL1
Reactome_2022,NF-kB Is Activated And Signals Survival R-HSA-209560,4/13,6.464958568914984e-06,8.753553902310888e-05,0,0,44.87755102040816,536.2469711319385,NFKBIA;UBB;RPS27A;UBA52
Reactome_2022,"Antigen Presentation: Folding, Assembly, Peptide Loading Of Class I MHC R-HSA-983170",5/28,7.75242440134287e-06,0.00010290963371978672,0,0,22.0479375696767,259.44921421372527,HLA-B;HLA-C;HLA-A;B2M;HLA-E
Reactome_2022,p75NTR Signals Via NF-kB R-HSA-193639,4/16,1.6073421914510297e-05,0.0002092635891562206,0,0,33.6530612244898,371.4740483715657,NFKBIA;UBB;RPS27A;UBA52
Reactome_2022,Neutrophil Degranulation R-HSA-6798695,16/468,2.0546147383528223e-05,0.00026244795808770955,0,0,3.722200846479415,40.17310742620487,CSTB;ANXA2;KRT1;HLA-B;HLA-C;CYBA;HLA-A;APRT;VAMP8;PYCARD;LGALS3;NPC2;B2M;S100A11;CTSC;CD55
Reactome_2022,Plasma Lipoprotein Clearance R-HSA-8964043,5/35,2.419294457456146e-05,0.0002977931541268747,0,0,16.897435897435898,179.61044178472525,UBB;NPC2;APOE;RPS27A;UBA52
Reactome_2022,Regulation Of TNFR1 Signaling R-HSA-5357905,5/35,2.419294457456146e-05,0.0002977931541268747,0,0,16.897435897435898,179.61044178472525,UBB;RACK1;TNFAIP3;RPS27A;UBA52
Reactome_2022,SMAD2/SMAD3:SMAD4 Heterotrimer Regulates Transcription R-HSA-2173796,5/36,2.7868095991564837e-05,0.0003369053747551677,0,0,16.351530190239867,171.49530707153963,TGIF1;UBB;MYC;RPS27A;UBA52
Reactome_2022,Interferon Gamma Signaling R-HSA-877300,7/89,3.102233446486186e-05,0.00036845825320546457,0,0,8.721470997093391,90.53587356683563,MT2A;IRF1;HLA-B;HLA-C;HLA-A;B2M;HLA-E
Reactome_2022,FLT3 Signaling By CBL Mutants R-HSA-9706377,3/7,3.3473033797170354e-05,0.0003907111013911091,0,0,75.36548223350253,776.6239908457204,UBB;RPS27A;UBA52
Reactome_2022,InlA-mediated Entry Of Listeria Monocytogenes Into Host Cells R-HSA-8876493,3/8,5.316209909646768e-05,0.0005998456848051436,0,0,60.28934010152284,593.3776232841345,UBB;RPS27A;UBA52
Reactome_2022,Myoclonic Epilepsy Of Lafora R-HSA-3785653,3/8,5.316209909646768e-05,0.0005998456848051436,0,0,60.28934010152284,593.3776232841345,UBB;RPS27A;UBA52
Reactome_2022,TNF Signaling R-HSA-75893,5/44,7.524121289207404e-05,0.0008244359196263731,0,0,12.992110453648916,123.35763887867834,UBB;RACK1;TNFAIP3;RPS27A;UBA52
Reactome_2022,PTK6 Regulates RTKs And Their Effectors AKT1 And DOK1 R-HSA-8849469,3/9,7.91555905106562e-05,0.0008244359196263731,0,0,50.23857868020305,474.45791686900793,UBB;RPS27A;UBA52
Reactome_2022,Prevention Of Phagosomal-Lysosomal Fusion R-HSA-9636383,3/9,7.91555905106562e-05,0.0008244359196263731,0,0,50.23857868020305,474.45791686900793,UBB;RPS27A;UBA52
Reactome_2022,Regulation Of PTEN Localization R-HSA-8948747,3/9,7.91555905106562e-05,0.0008244359196263731,0,0,50.23857868020305,474.45791686900793,UBB;RPS27A;UBA52
Reactome_2022,Downregulation Of ERBB4 Signaling R-HSA-1253288,3/9,7.91555905106562e-05,0.0008244359196263731,0,0,50.23857868020305,474.45791686900793,UBB;RPS27A;UBA52
Reactome_2022,Interferon Alpha/Beta Signaling R-HSA-909733,6/72,8.373603081935455e-05,0.0008589286797682278,0,0,9.24742268041237,86.81333560855745,IFITM2;IRF1;HLA-B;HLA-C;HLA-A;HLA-E
Reactome_2022,Immune System R-HSA-168256,37/1943,9.51774465475601e-05,0.0009617183778014656,0,0,2.131074617449578,19.73325558981388,CSTB;EIF4A1;CDKN1A;IFITM2;CEBPD;RPLP0;EIF4A3;TNFAIP3;ACTG1;PYCARD;LGALS3;MT2A;IFI16;UBB;MYC;RPS27A;B2M;S100A11;CTSC;CD55;MCL1;ANXA1;ANXA2;KRT1;HLA-B;HLA-C;CYBA;HLA-A;HLA-E;APRT;VAMP8;NFKBIA;NPC2;IRF1;REL;FSCN1;UBA52
Reactome_2022,Innate Immune System R-HSA-168249,24/1035,0.0001105163562389225,0.0011002878407904,0,0,2.534259509036957,23.087983585571862,CSTB;ANXA2;KRT1;HLA-B;HLA-C;TNFAIP3;CYBA;HLA-A;HLA-E;APRT;ACTG1;VAMP8;PYCARD;NFKBIA;LGALS3;IFI16;UBB;NPC2;RPS27A;B2M;UBA52;S100A11;CTSC;CD55
Reactome_2022,IRAK2 Mediated Activation Of TAK1 Complex R-HSA-937042,3/10,0.00011224655254723088,0.0011013176242677,0,0,43.059463379260336,391.61775629527256,UBB;RPS27A;UBA52
Reactome_2022,Downregulation Of TGF-beta Receptor Signaling R-HSA-2173788,4/26,0.00012208503690954434,0.0011641066195459,0,0,18.346938775510203,165.32046257631316,PPP1R15A;UBB;RPS27A;UBA52
Reactome_2022,Infection With Mycobacterium Tuberculosis R-HSA-9635486,4/26,0.00012208503690954434,0.0011641066195459,0,0,18.346938775510203,165.32046257631316,UBB;RPS27A;B2M;UBA52
Reactome_2022,FLT3 Signaling In Disease R-HSA-9682385,4/27,0.00014220084233688404,0.0013370829203065,0,0,17.54835847382431,155.44809947118517,CDKN1A;UBB;RPS27A;UBA52
Reactome_2022,Pexophagy R-HSA-9664873,3/11,0.00015320271943439296,0.0013521331426568,0,0,37.6751269035533,330.92884130781977,UBB;RPS27A;UBA52
Reactome_2022,Alpha-protein Kinase 1 Signaling Pathway R-HSA-9645460,3/11,0.00015320271943439296,0.0013521331426568,0,0,37.6751269035533,330.92884130781977,UBB;RPS27A;UBA52
Reactome_2022,Regulation Of BACH1 Activity R-HSA-9708530,3/11,0.00015320271943439296,0.0013521331426568,0,0,37.6751269035533,330.92884130781977,UBB;RPS27A;UBA52
Reactome_2022,"TICAM1,TRAF6-dependent Induction Of TAK1 Complex R-HSA-9014325",3/11,0.00015320271943439296,0.0013521331426568,0,0,37.6751269035533,330.92884130781977,UBB;RPS27A;UBA52
Reactome_2022,Transcriptional Activity Of SMAD2/SMAD3:SMAD4 Heterotrimer R-HSA-2173793,5/51,0.00015378766910572388,0.0013521331426568,0,0,11.011148272017838,96.6771956022386,TGIF1;UBB;MYC;RPS27A;UBA52
Reactome_2022,Senescence-Associated Secretory Phenotype (SASP) R-HSA-2559582,6/81,0.00016146440379841284,0.0014014282227118,0,0,8.1340206185567,71.01997108520867,H2AZ1;CDKN1A;UBB;RPS27A;UBA52;H3-3B
Reactome_2022,TICAM1-dependent Activation Of IRF3/IRF7 R-HSA-9013973,3/12,0.00020276702349047895,0.0017159159362881,0,0,33.48730964467005,284.75776049641166,UBB;RPS27A;UBA52
Reactome_2022,Josephin Domain DUBs R-HSA-5689877,3/12,0.00020276702349047895,0.0017159159362881,0,0,33.48730964467005,284.75776049641166,UBB;RPS27A;UBA52
Reactome_2022,E3 Ubiquitin Ligases Ubiquitinate Target Proteins R-HSA-8866654,5/56,0.00024017285785957223,0.0020073706761843,0,0,9.929110105580694,82.75070939715789,UBB;HLA-B;HLA-A;RPS27A;UBA52
Reactome_2022,Downregulation Of SMAD2/3:SMAD4 Transcriptional Activity R-HSA-2173795,4/31,0.00024710303456243254,0.0020361210392782,0,0,14.945578231292515,124.13356629968176,TGIF1;UBB;RPS27A;UBA52
Reactome_2022,Signaling By ERBB4 R-HSA-1236394,5/57,0.00026114908025227007,0.0020361210392782,0,0,9.73767258382643,80.33988011860673,UBB;STMN1;APOE;RPS27A;UBA52
Reactome_2022,Downregulation Of ERBB2:ERBB3 Signaling R-HSA-1358803,3/13,0.00026165809515097364,0.0020361210392782,0,0,30.13705583756345,248.5846578261998,UBB;RPS27A;UBA52
Reactome_2022,Suppression Of Phagosomal Maturation R-HSA-9637687,3/13,0.00026165809515097364,0.0020361210392782,0,0,30.13705583756345,248.5846578261998,UBB;RPS27A;UBA52
Reactome_2022,Glycogen Synthesis R-HSA-3322077,3/13,0.00026165809515097364,0.0020361210392782,0,0,30.13705583756345,248.5846578261998,UBB;RPS27A;UBA52
Reactome_2022,p75NTR Recruits Signaling Complexes R-HSA-209543,3/13,0.00026165809515097364,0.0020361210392782,0,0,30.13705583756345,248.5846578261998,UBB;RPS27A;UBA52
Reactome_2022,Signaling By TGF-beta Receptor Complex R-HSA-170834,6/91,0.000305349958813985,0.0023371464530724,0,0,7.173438447543966,58.06218405120952,TGIF1;PPP1R15A;UBB;MYC;RPS27A;UBA52
Reactome_2022,Transcriptional Regulation Of Granulopoiesis R-HSA-9616222,5/59,0.00030724672721336934,0.0023371464530724,0,0,9.376068376068377,75.83232332652554,H2AZ1;CDKN1A;KLF5;MYC;H3-3B
Reactome_2022,Oncogene Induced Senescence R-HSA-2559585,4/33,0.000316376872754873,0.0023798571428338,0,0,13.913441238564392,112.12252948199962,UBB;ID1;RPS27A;UBA52
Reactome_2022,rRNA Modification In Nucleus And Cytosol R-HSA-6790901,5/60,0.0003324843108549847,0.0024735371258112,0,0,9.205128205128204,73.72311591006364,RPS14;RPS9;RPS7;RPS6;RPS2
Reactome_2022,Negative Regulators Of DDX58/IFIH1 Signaling R-HSA-936440,4/35,0.000398558082417591,0.002804944327527,0,0,13.014483212639895,101.8729147560068,UBB;TNFAIP3;RPS27A;UBA52
Reactome_2022,Constitutive Signaling By NOTCH1 HD Domain Mutants R-HSA-2691232,3/15,0.00041017649693527065,0.002804944327527,0,0,25.111675126903556,195.84402098106767,UBB;RPS27A;UBA52
Reactome_2022,Regulation Of Innate Immune Responses To Cytosolic DNA R-HSA-3134975,3/15,0.00041017649693527065,0.002804944327527,0,0,25.111675126903556,195.84402098106767,UBB;RPS27A;UBA52
Reactome_2022,Glycogen Storage Diseases R-HSA-3229121,3/15,0.00041017649693527065,0.002804944327527,0,0,25.111675126903556,195.84402098106767,UBB;RPS27A;UBA52
Reactome_2022,IRAK2 Mediated Activation Of TAK1 Complex Upon TLR7/8 Or 9 Stimulation R-HSA-975163,3/15,0.00041017649693527065,0.002804944327527,0,0,25.111675126903556,195.84402098106767,UBB;RPS27A;UBA52
Reactome_2022,InlB-mediated Entry Of Listeria Monocytogenes Into Host Cell R-HSA-8875360,3/15,0.00041017649693527065,0.002804944327527,0,0,25.111675126903556,195.84402098106767,UBB;RPS27A;UBA52
Reactome_2022,Membrane Binding And Targetting Of GAG Proteins R-HSA-174490,3/15,0.00041017649693527065,0.002804944327527,0,0,25.111675126903556,195.84402098106767,UBB;RPS27A;UBA52
Reactome_2022,Negative Regulation Of FLT3 R-HSA-9706369,3/15,0.00041017649693527065,0.002804944327527,0,0,25.111675126903556,195.84402098106767,UBB;RPS27A;UBA52
Reactome_2022,Cytosolic Sensors Of Pathogen-Associated DNA R-HSA-1834949,5/63,0.0004176696447701974,0.0028276234950942,0,0,8.72767462422635,67.90846318747721,NFKBIA;IFI16;UBB;RPS27A;UBA52
Reactome_2022,Regulation Of TP53 Degradation R-HSA-6804757,4/36,0.0004448946011773135,0.0029821152970004,0,0,12.607142857142858,97.2978079915696,UBB;RPS27A;SGK1;UBA52
Reactome_2022,Regulation Of TP53 Expression And Degradation R-HSA-6806003,4/37,0.0004949472916124923,0.0031124855451467,0,0,12.224489795918368,93.04131653695896,UBB;RPS27A;SGK1;UBA52
Reactome_2022,Spry Regulation Of FGF Signaling R-HSA-1295596,3/16,0.0005011239651713426,0.0031124855451467,0,0,23.178836392034363,176.1280286078286,UBB;RPS27A;UBA52
Reactome_2022,TGF-beta Receptor Signaling In EMT (Epithelial To Mesenchymal Transition) R-HSA-2173791,3/16,0.0005011239651713426,0.0031124855451467,0,0,23.178836392034363,176.1280286078286,UBB;RPS27A;UBA52
Reactome_2022,TRAF6-mediated Induction Of TAK1 Complex Within TLR4 Complex R-HSA-937072,3/16,0.0005011239651713426,0.0031124855451467,0,0,23.178836392034363,176.1280286078286,UBB;RPS27A;UBA52
Reactome_2022,Translesion Synthesis By REV1 R-HSA-110312,3/16,0.0005011239651713426,0.0031124855451467,0,0,23.178836392034363,176.1280286078286,UBB;RPS27A;UBA52
Reactome_2022,VLDLR Internalisation And Degradation R-HSA-8866427,3/16,0.0005011239651713426,0.0031124855451467,0,0,23.178836392034363,176.1280286078286,UBB;RPS27A;UBA52
Reactome_2022,MAP3K8 (TPL2)-dependent MAPK1/3 Activation R-HSA-5684264,3/16,0.0005011239651713426,0.0031124855451467,0,0,23.178836392034363,176.1280286078286,UBB;RPS27A;UBA52
Reactome_2022,NRIF Signals Cell Death From Nucleus R-HSA-205043,3/16,0.0005011239651713426,0.0031124855451467,0,0,23.178836392034363,176.1280286078286,UBB;RPS27A;UBA52
Reactome_2022,Activation Of NF-kappaB In B Cells R-HSA-1169091,5/66,0.0005183636414983251,0.0031902925935851,0,0,8.297183690626314,62.76681356484983,NFKBIA;UBB;REL;RPS27A;UBA52
Reactome_2022,Activation Of IRF3/IRF7 Mediated By TBK1/IKK Epsilon R-HSA-936964,3/17,0.0006040394207294829,0.0035725821138287,0,0,21.5221174764322,159.51916044937724,UBB;RPS27A;UBA52
Reactome_2022,FOXO-mediated Transcription Of Cell Cycle Genes R-HSA-9617828,3/17,0.0006040394207294829,0.0035725821138287,0,0,21.5221174764322,159.51916044937724,CDKN1A;BTG1;KLF4
Reactome_2022,Translesion Synthesis By POLI R-HSA-5656121,3/17,0.0006040394207294829,0.0035725821138287,0,0,21.5221174764322,159.51916044937724,UBB;RPS27A;UBA52
Reactome_2022,Translesion Synthesis By POLK R-HSA-5655862,3/17,0.0006040394207294829,0.0035725821138287,0,0,21.5221174764322,159.51916044937724,UBB;RPS27A;UBA52
Reactome_2022,Ovarian Tumor Domain Proteases R-HSA-5689896,4/39,0.0006068640222899578,0.0035725821138287,0,0,11.524781341107872,85.36642728574833,UBB;TNFAIP3;RPS27A;UBA52
Reactome_2022,Assembly Of HIV Virion R-HSA-175474,3/18,0.0007195272026923491,0.0040938996848745,0,0,20.086294416243653,145.36282995258424,UBB;RPS27A;UBA52
Reactome_2022,Regulation Of NF-kappa B Signaling R-HSA-9758274,3/18,0.0007195272026923491,0.0040938996848745,0,0,20.086294416243653,145.36282995258424,UBB;RPS27A;UBA52
Reactome_2022,Constitutive Signaling By Ligand-Responsive EGFR Cancer Variants R-HSA-1236382,3/18,0.0007195272026923491,0.0040938996848745,0,0,20.086294416243653,145.36282995258424,UBB;RPS27A;UBA52
Reactome_2022,"Plasma Lipoprotein Assembly, Remodeling, And Clearance R-HSA-174824",5/71,0.0007253797494594338,0.0040938996848745,0,0,7.666666666666667,55.42091690043706,UBB;NPC2;APOE;RPS27A;UBA52
Reactome_2022,Interleukin-4 And Interleukin-13 Signaling R-HSA-6785807,6/107,0.0007256543016025789,0.0040938996848745,0,0,6.032152699806063,43.60303471011706,CDKN1A;ANXA1;CEBPD;MYC;FSCN1;MCL1
Reactome_2022,Regulation Of TP53 Activity Thru Methylation R-HSA-6804760,3/19,0.0008481701801219675,0.004630735580182,0,0,18.82994923857868,133.17348392535672,UBB;RPS27A;UBA52
Reactome_2022,"TICAM1, RIP1-mediated IKK Complex Recruitment R-HSA-168927",3/19,0.0008481701801219675,0.004630735580182,0,0,18.82994923857868,133.17348392535672,UBB;RPS27A;UBA52
Reactome_2022,Translesion Synthesis By POLH R-HSA-110320,3/19,0.0008481701801219675,0.004630735580182,0,0,18.82994923857868,133.17348392535672,UBB;RPS27A;UBA52
Reactome_2022,Listeria Monocytogenes Entry Into Host Cells R-HSA-8876384,3/19,0.0008481701801219675,0.004630735580182,0,0,18.82994923857868,133.17348392535672,UBB;RPS27A;UBA52
Reactome_2022,DAP12 Interactions R-HSA-2172127,4/43,0.0008826236600453894,0.0047423509353232,0,0,10.34065934065934,72.72184139201934,HLA-B;HLA-C;B2M;HLA-E
Reactome_2022,Smooth Muscle Contraction R-HSA-445355,4/43,0.0008826236600453894,0.0047423509353232,0,0,10.34065934065934,72.72184139201934,ANXA1;ANXA2;TPM3;MYL12B
Reactome_2022,ISG15 Antiviral Mechanism R-HSA-1169408,5/75,0.0009311205889878056,0.0049635325885412,0,0,7.227106227106227,50.43885435146444,EIF4A1;UBB;EIF4A3;RPS27A;UBA52
Reactome_2022,TGF-beta Receptor Signaling Activates SMADs R-HSA-2173789,4/44,0.0009633623018811156,0.0050802192678895,0,0,10.081632653061224,70.017755335544,PPP1R15A;UBB;RPS27A;UBA52
Reactome_2022,TFAP2 (AP-2) Family Regulates Transcription Of Cell Cycle Factors R-HSA-8866911,2/5,0.0009754681839454336,0.0050802192678895,0,0,66.65656565656566,462.1028413784856,CDKN1A;MYC
Reactome_2022,Protein Ubiquitination R-HSA-8852135,5/76,0.0009887099209859827,0.0050802192678895,0,0,7.124954857349223,49.29834337305474,UBB;HLA-B;HLA-A;RPS27A;UBA52
Reactome_2022,Chaperone Mediated Autophagy R-HSA-9613829,3/20,0.0009905301969888136,0.0050802192678895,0,0,17.721409375933113,122.5837770787782,UBB;RPS27A;UBA52
Reactome_2022,Regulation Of FZD By Ubiquitination R-HSA-4641263,3/20,0.0009905301969888136,0.0050802192678895,0,0,17.721409375933113,122.5837770787782,UBB;RPS27A;UBA52
Reactome_2022,TAK1-dependent IKK And NF-kappa-B Activation R-HSA-445989,4/45,0.001049157683368,0.0053404492604524,0,0,9.835241413638624,67.46747081104573,NFKBIA;UBB;RPS27A;UBA52
Reactome_2022,ER Quality Control Compartment (ERQC) R-HSA-901032,3/21,0.0011471485105092,0.0057104378059909,0,0,16.736040609137056,113.3109608085056,UBB;RPS27A;UBA52
Reactome_2022,NOTCH2 Activation And Transmission Of Signal To Nucleus R-HSA-2979096,3/21,0.0011471485105092,0.0057104378059909,0,0,16.736040609137056,113.3109608085056,UBB;RPS27A;UBA52
Reactome_2022,Negative Regulation Of MET Activity R-HSA-6807004,3/21,0.0011471485105092,0.0057104378059909,0,0,16.736040609137056,113.3109608085056,UBB;RPS27A;UBA52
Reactome_2022,Downstream Signaling Events Of B Cell Receptor (BCR) R-HSA-1168372,5/79,0.0011773948684188,0.0058182213570768,0,0,6.835065835065835,46.09876674157659,NFKBIA;UBB;REL;RPS27A;UBA52
Reactome_2022,Cyclin D Associated Events In G1 R-HSA-69231,4/47,0.0012365931398092,0.0060664750409484,0,0,9.376839107736116,62.78164306999791,CDKN1A;UBB;RPS27A;UBA52
Reactome_2022,Signaling By TGFB Family Members R-HSA-9006936,6/119,0.0012624753129743,0.0061488905531195,0,0,5.388285740352158,35.96508819013522,TGIF1;PPP1R15A;UBB;MYC;RPS27A;UBA52
Reactome_2022,DDX58/IFIH1-mediated Induction Of Interferon-Alpha/Beta R-HSA-168928,5/81,0.0013171792082121,0.0062863083885765,0,0,6.654520917678813,44.13453148372894,NFKBIA;UBB;TNFAIP3;RPS27A;UBA52
Reactome_2022,PINK1-PRKN Mediated Mitophagy R-HSA-5205685,3/22,0.0013185462203513,0.0062863083885765,0,0,15.854394870424793,105.13406751270358,UBB;RPS27A;UBA52
Reactome_2022,Response Of Mtb To Phagocytosis R-HSA-9637690,3/22,0.0013185462203513,0.0062863083885765,0,0,15.854394870424793,105.13406751270358,UBB;RPS27A;UBA52
Reactome_2022,NOTCH1 Intracellular Domain Regulates Transcription R-HSA-2122947,4/48,0.0013385699216315,0.0063371457128991,0,0,9.16326530612245,60.625569437732594,UBB;MYC;RPS27A;UBA52
Reactome_2022,Cellular Senescence R-HSA-2559583,7/165,0.0013834592224876,0.0064968246807097,0,0,4.508886994162786,29.68276162769369,H2AZ1;CDKN1A;UBB;ID1;RPS27A;UBA52;H3-3B
Reactome_2022,Cyclin E Associated Events During G1/S Transition R-HSA-69202,5/82,0.0013914912536232,0.0064968246807097,0,0,6.567765567765568,43.19868504699028,CDKN1A;UBB;MYC;RPS27A;UBA52
Reactome_2022,Antiviral Mechanism By IFN-stimulated Genes R-HSA-1169410,5/83,0.0014688493611099,0.0068110343662426,0,0,6.483234714003944,42.29192897294149,EIF4A1;UBB;EIF4A3;RPS27A;UBA52
Reactome_2022,IKK Complex Recruitment Mediated By RIP1 R-HSA-937041,3/23,0.0015052246919242,0.0069322252818549,0,0,15.060913705583756,97.87806321199126,UBB;RPS27A;UBA52
Reactome_2022,Cyclin A:Cdk2-associated Events At S Phase Entry R-HSA-69656,5/84,0.0015493286238675,0.0070871316105293,0,0,6.40084388185654,41.41303482134472,CDKN1A;UBB;MYC;RPS27A;UBA52
Reactome_2022,APC/C:Cdc20 Mediated Degradation Of Cyclin B R-HSA-174048,3/24,0.0017076659731305,0.007605854367167,0,0,14.343002175489485,91.40261395182884,UBB;RPS27A;UBA52
Reactome_2022,Aggrephagy R-HSA-9646399,3/24,0.0017076659731305,0.007605854367167,0,0,14.343002175489485,91.40261395182884,UBB;RPS27A;UBA52
Reactome_2022,Signaling By EGFR In Cancer R-HSA-1643713,3/24,0.0017076659731305,0.007605854367167,0,0,14.343002175489485,91.40261395182884,UBB;RPS27A;UBA52
Reactome_2022,Glycogen Metabolism R-HSA-8982491,3/24,0.0017076659731305,0.007605854367167,0,0,14.343002175489485,91.40261395182884,UBB;RPS27A;UBA52
Reactome_2022,Gap-filling DNA Repair Synthesis And Ligation In GG-NER R-HSA-5696397,3/25,0.0019263332020576,0.0084137263083419,0,0,13.690355329949238,85.59397680666795,UBB;RPS27A;UBA52
Reactome_2022,Inactivation Of CSF3 (G-CSF) Signaling R-HSA-9705462,3/25,0.0019263332020576,0.0084137263083419,0,0,13.690355329949238,85.59397680666795,UBB;RPS27A;UBA52
Reactome_2022,NOTCH3 Activation And Transmission Of Signal To Nucleus R-HSA-9013507,3/25,0.0019263332020576,0.0084137263083419,0,0,13.690355329949238,85.59397680666795,UBB;RPS27A;UBA52
Reactome_2022,Signaling By Interleukins R-HSA-449147,12/453,0.0020919174814122,0.0090640173190895,0,0,2.801997394702562,17.287410974009845,NFKBIA;CDKN1A;ANXA1;ANXA2;UBB;CEBPD;MYC;RPLP0;FSCN1;RPS27A;UBA52;MCL1
Reactome_2022,MAPK6/MAPK4 Signaling R-HSA-5687128,5/90,0.0021019951537622,0.0090640173190895,0,0,5.947209653092006,36.66376433556312,DNAJB1;UBB;MYC;RPS27A;UBA52
Reactome_2022,APC-Cdc20 Mediated Degradation Of Nek2A R-HSA-179409,3/26,0.0021616710096346,0.0091465704595167,0,0,13.094460384021188,80.35905008065508,UBB;RPS27A;UBA52
Reactome_2022,Attenuation Phase R-HSA-3371568,3/26,0.0021616710096346,0.0091465704595167,0,0,13.094460384021188,80.35905008065508,DNAJB1;UBB;HSPA2
Reactome_2022,Calnexin/calreticulin Cycle R-HSA-901042,3/26,0.0021616710096346,0.0091465704595167,0,0,13.094460384021188,80.35905008065508,UBB;RPS27A;UBA52
Reactome_2022,Oxidative Stress Induced Senescence R-HSA-2559580,5/93,0.0024266394005639,0.0102039433178991,0,0,5.743589743589744,34.583577920617785,H2AZ1;UBB;RPS27A;UBA52;H3-3B
Reactome_2022,Regulated Necrosis R-HSA-5218859,4/57,0.0025341401417975,0.0105902029382525,0,0,7.60377358490566,45.45460491125239,UBB;IRF1;RPS27A;UBA52
Reactome_2022,Transcriptional Regulation By RUNX3 R-HSA-8878159,5/95,0.0026623763793661,0.0110578454529503,0,0,5.615384615384615,33.29101085304574,CDKN1A;UBB;MYC;RPS27A;UBA52
Reactome_2022,Mitophagy R-HSA-5205647,3/28,0.0026840467141937,0.0110798757652998,0,0,12.045685279187817,71.31563234569973,UBB;RPS27A;UBA52
Reactome_2022,Constitutive Signaling By NOTCH1 HD+PEST Domain Mutants R-HSA-2894862,4/58,0.0027008557557807,0.0110816930100821,0,0,7.462585034013605,44.13512048118966,UBB;MYC;RPS27A;UBA52
Reactome_2022,Death Receptor Signaling R-HSA-73887,6/139,0.0027729934287175,0.0113091358508541,0,0,4.573366405704984,26.927194238518634,NFKBIA;UBB;RACK1;TNFAIP3;RPS27A;UBA52
Reactome_2022,SCF(Skp2)-mediated Degradation Of P27/P21 R-HSA-187577,4/59,0.0028749370578511,0.011585311834317,0,0,7.326530612244898,42.87283866824234,CDKN1A;UBB;RPS27A;UBA52
Reactome_2022,Role Of GTSE1 In G2/M Progression After G2 Checkpoint R-HSA-8852276,4/59,0.0028749370578511,0.011585311834317,0,0,7.326530612244898,42.87283866824234,CDKN1A;UBB;RPS27A;UBA52
Reactome_2022,Budding And Maturation Of HIV Virion R-HSA-162588,3/29,0.002971884860348,0.0116974770375326,0,0,11.581803982819212,67.38940857682955,UBB;RPS27A;UBA52
Reactome_2022,Regulation Of Necroptotic Cell Death R-HSA-5675482,3/29,0.002971884860348,0.0116974770375326,0,0,11.581803982819212,67.38940857682955,UBB;RPS27A;UBA52
Reactome_2022,Downregulation Of ERBB2 Signaling R-HSA-8863795,3/29,0.002971884860348,0.0116974770375326,0,0,11.581803982819212,67.38940857682955,UBB;RPS27A;UBA52
Reactome_2022,Negative Regulation Of FGFR3 Signaling R-HSA-5654732,3/29,0.002971884860348,0.0116974770375326,0,0,11.581803982819212,67.38940857682955,UBB;RPS27A;UBA52
Reactome_2022,RUNX1 Regulates Transcription Of Genes Involved In Differentiation Of HSCs R-HSA-8939236,5/98,0.003046494595945,0.0119218314534958,0,0,5.433416046319272,31.47992845042133,H2AZ1;UBB;RPS27A;UBA52;H3-3B
Reactome_2022,Transcriptional Regulation By TP53 R-HSA-3700989,10/354,0.0030812333225475,0.011988476777958,0,0,2.976744186046512,17.21280099050731,CDKN1A;UBB;PLK2;PERP;DDIT4;PMAIP1;SGK1;RPS27A;NDRG1;UBA52
Reactome_2022,CLEC7A (Dectin-1) Signaling R-HSA-5607764,5/99,0.0031829814394319,0.0123135910542596,0,0,5.375340971085652,30.90787173221737,PYCARD;NFKBIA;UBB;RPS27A;UBA52
Reactome_2022,Recognition Of DNA Damage By PCNA-containing Replication Complex R-HSA-110314,3/30,0.0032779948419926,0.0123289028223832,0,0,11.152284263959393,63.79690278522437,UBB;RPS27A;UBA52
Reactome_2022,Signaling By CSF3 (G-CSF) R-HSA-9674555,3/30,0.0032779948419926,0.0123289028223832,0,0,11.152284263959393,63.79690278522437,UBB;RPS27A;UBA52
Reactome_2022,Endosomal Sorting Complex Required For Transport (ESCRT) R-HSA-917729,3/30,0.0032779948419926,0.0123289028223832,0,0,11.152284263959393,63.79690278522437,UBB;RPS27A;UBA52
Reactome_2022,Synthesis Of Active Ubiquitin: Roles Of E1 And E2 Enzymes R-HSA-8866652,3/30,0.0032779948419926,0.0123289028223832,0,0,11.152284263959393,63.79690278522437,UBB;RPS27A;UBA52
Reactome_2022,Translation Of Structural Proteins R-HSA-9683701,3/30,0.0032779948419926,0.0123289028223832,0,0,11.152284263959393,63.79690278522437,UBB;RPS27A;UBA52
Reactome_2022,Activated NOTCH1 Transmits Signal To Nucleus R-HSA-2122948,3/31,0.00360273455,0.0131131789803764,0,0,10.753444525018129,60.49954695168429,UBB;RPS27A;UBA52
Reactome_2022,RIPK1-mediated Regulated Necrosis R-HSA-5213460,3/31,0.00360273455,0.0131131789803764,0,0,10.753444525018129,60.49954695168429,UBB;RPS27A;UBA52
Reactome_2022,EGFR Downregulation R-HSA-182971,3/31,0.00360273455,0.0131131789803764,0,0,10.753444525018129,60.49954695168429,UBB;RPS27A;UBA52
Reactome_2022,Late Endosomal Microautophagy R-HSA-9615710,3/31,0.00360273455,0.0131131789803764,0,0,10.753444525018129,60.49954695168429,UBB;RPS27A;UBA52
Reactome_2022,Metalloprotease DUBs R-HSA-5689901,3/31,0.00360273455,0.0131131789803764,0,0,10.753444525018129,60.49954695168429,UBB;RPS27A;UBA52
Reactome_2022,Negative Regulation Of FGFR4 Signaling R-HSA-5654733,3/31,0.00360273455,0.0131131789803764,0,0,10.753444525018129,60.49954695168429,UBB;RPS27A;UBA52
Reactome_2022,Signaling By NOTCH2 R-HSA-1980145,3/32,0.0039464456405227,0.0142114026523078,0,0,10.382110974969368,57.46436072810552,UBB;RPS27A;UBA52
Reactome_2022,Termination Of Translesion DNA Synthesis R-HSA-5656169,3/32,0.0039464456405227,0.0142114026523078,0,0,10.382110974969368,57.46436072810552,UBB;RPS27A;UBA52
Reactome_2022,p53-Dependent G1 DNA Damage Response R-HSA-69563,4/65,0.0040828180576182,0.0146246974868125,0,0,6.603880896620943,36.32773635617284,CDKN1A;UBB;RPS27A;UBA52
Reactome_2022,Nef Mediated Downregulation Of MHC Class I Complex Cell Surface Expression R-HSA-164940,2/10,0.0042472321345398,0.0151335587109656,0,0,24.98989898989899,136.4820277236255,HLA-A;B2M
Reactome_2022,Diseases Of Carbohydrate Metabolism R-HSA-5663084,3/33,0.0043094538934011,0.0151953139887112,0,0,10.03553299492386,54.6629871343117,UBB;RPS27A;UBA52
Reactome_2022,Negative Regulation Of FGFR1 Signaling R-HSA-5654726,3/33,0.0043094538934011,0.0151953139887112,0,0,10.03553299492386,54.6629871343117,UBB;RPS27A;UBA52
Reactome_2022,G1/S DNA Damage Checkpoints R-HSA-69615,4/67,0.0045513311689118,0.0159650321313642,0,0,6.393586005830904,34.476360946346375,CDKN1A;UBB;RPS27A;UBA52
Reactome_2022,Negative Regulation Of FGFR2 Signaling R-HSA-5654727,3/34,0.0046920695585813,0.0163738716039151,0,0,9.711314884558703,52.07091984713094,UBB;RPS27A;UBA52
Reactome_2022,Signaling By B Cell Receptor (BCR) R-HSA-983705,5/109,0.004800042097825,0.0166647615396284,0,0,4.856015779092703,25.9269023952046,NFKBIA;UBB;REL;RPS27A;UBA52
Reactome_2022,Class I MHC Mediated Antigen Processing And Presentation R-HSA-983169,10/378,0.0048787446307582,0.0168515822195069,0,0,2.779176201372998,14.793186234411388,VAMP8;UBB;HLA-B;HLA-C;CYBA;HLA-A;RPS27A;B2M;UBA52;HLA-E
Reactome_2022,Assembly Of Pre-Replicative Complex R-HSA-68867,5/110,0.0049886615032986,0.0171437758260569,0,0,4.809523809523809,25.49330246391608,H2AZ1;UBB;RPS27A;UBA52;H3-3B
Reactome_2022,N-glycan Trimming In ER And Calnexin/Calreticulin Cycle R-HSA-532668,3/35,0.0050945877067937,0.0174193731186835,0,0,9.407360406091373,49.666879272481374,UBB;RPS27A;UBA52
Reactome_2022,Transcriptional Regulation By AP-2 (TFAP2) Family Of Transcription Factors R-HSA-8864260,3/36,0.0055172885597211,0.0186760217746562,0,0,9.121827411167512,47.43230522818489,CDKN1A;MYC;APOE
Reactome_2022,HSF1-dependent Transactivation R-HSA-3371571,3/36,0.0055172885597211,0.0186760217746562,0,0,9.121827411167512,47.43230522818489,DNAJB1;UBB;HSPA2
Reactome_2022,Signaling By FGFR2 R-HSA-5654738,4/72,0.005877786338127,0.0197973201537911,0,0,5.921968787515006,30.41863718634327,UBB;HNRNPA1;RPS27A;UBA52
Reactome_2022,DNA Damage Recognition In GG-NER R-HSA-5696394,3/37,0.0059604378312344,0.0198779133583534,0,0,8.853090474768587,45.35094165112317,UBB;RPS27A;UBA52
Reactome_2022,FLT3 Signaling R-HSA-9607240,3/37,0.0059604378312344,0.0198779133583534,0,0,8.853090474768587,45.35094165112317,UBB;RPS27A;UBA52
Reactome_2022,Fanconi Anemia Pathway R-HSA-6783310,3/38,0.0064242870484076,0.0212158162525463,0,0,8.599709934735316,43.40849457481817,UBB;RPS27A;UBA52
Reactome_2022,HSP90 Chaperone Cycle For Steroid Hormone Receptors (SHR) In Presence Of Ligand R-HSA-3371497,3/38,0.0064242870484076,0.0212158162525463,0,0,8.599709934735316,43.40849457481817,DNAJA1;DNAJB1;HSPA2
Reactome_2022,Signaling By NOTCH1 R-HSA-1980143,4/74,0.0064733478403908,0.0212740606210904,0,0,5.752186588921282,28.99137625994184,UBB;MYC;RPS27A;UBA52
Reactome_2022,Signaling By FGFR3 R-HSA-5654741,3/39,0.006909073873999,0.0223383186383003,0,0,8.360406091370558,41.59234877252794,UBB;RPS27A;UBA52
Reactome_2022,Translesion Synthesis By Y Family DNA Polymerases Bypasses Lesions On DNA Template R-HSA-110313,3/39,0.006909073873999,0.0223383186383003,0,0,8.360406091370558,41.59234877252794,UBB;RPS27A;UBA52
Reactome_2022,NGF-stimulated Transcription R-HSA-9031628,3/39,0.006909073873999,0.0223383186383003,0,0,8.360406091370558,41.59234877252794,ID1;FOSB;SGK1
Reactome_2022,Transcriptional Regulation By RUNX2 R-HSA-8878166,5/119,0.0069291682629882,0.0223383186383003,0,0,4.427800269905533,22.01509154079102,LGALS3;CDKN1A;UBB;RPS27A;UBA52
Reactome_2022,Dissolution Of Fibrin Clot R-HSA-75205,2/13,0.0072181010363148,0.0231594995335789,0,0,18.171717171717173,89.6077061786221,ANXA2;S100A10
Reactome_2022,Signaling By FGFR4 R-HSA-5654743,3/40,0.0074150224240263,0.0235933842170413,0,0,8.134037590890383,39.89133172446582,UBB;RPS27A;UBA52
Reactome_2022,SARS-CoV-2 Activates/Modulates Innate And Adaptive Immune Responses R-HSA-9705671,5/121,0.0074230293031459,0.0235933842170413,0,0,4.351016799292661,21.333766525890177,HLA-B;HLA-C;HLA-A;B2M;HLA-E
Reactome_2022,FCERI Mediated NF-kB Activation R-HSA-2871837,4/78,0.0077816695485545,0.0245032106249834,0,0,5.44015444015444,26.41730492570561,NFKBIA;UBB;RPS27A;UBA52
Reactome_2022,Nuclear Events Mediated By NFE2L2 R-HSA-9759194,4/78,0.0077816695485545,0.0245032106249834,0,0,5.44015444015444,26.41730492570561,UBB;MYC;RPS27A;UBA52
Reactome_2022,Immunoregulatory Interactions Between A Lymphoid And A non-Lymphoid Cell R-HSA-198933,5/123,0.0079409235792846,0.0246649844027851,0,0,4.27683615819209,20.68160648499252,HLA-B;HLA-C;HLA-A;B2M;HLA-E
Reactome_2022,Dual Incision In GG-NER R-HSA-5696400,3/41,0.0079423435743089,0.0246649844027851,0,0,7.919583222014427,38.29551599382337,UBB;RPS27A;UBA52
Reactome_2022,Negative Regulation Of MAPK Pathway R-HSA-5675221,3/41,0.0079423435743089,0.0246649844027851,0,0,7.919583222014427,38.29551599382337,UBB;RPS27A;UBA52
Reactome_2022,TP53 Regulates Transcription Of Additional Cell Death Genes With Uncertain Roles In P53-Dependent Apoptosis R-HSA-6803205,2/14,0.0083660270881822,0.0258621020031935,0,0,16.656565656565657,79.67795051677446,PERP;NDRG1
Reactome_2022,Ion Channel Transport R-HSA-983712,6/175,0.0084231551190676,0.025894442698503,0,0,3.592569999389984,17.160883483291265,UBB;FXYD3;ATP1B3;SGK1;RPS27A;UBA52
Reactome_2022,Deactivation Of Beta-Catenin Transactivating Complex R-HSA-3769402,3/42,0.0084912352718872,0.025894442698503,0,0,7.716126513080828,36.79605293636041,UBB;RPS27A;UBA52
Reactome_2022,Formation Of Incision Complex In GG-NER R-HSA-5696395,3/42,0.0084912352718872,0.025894442698503,0,0,7.716126513080828,36.79605293636041,UBB;RPS27A;UBA52
Reactome_2022,DNA Replication Pre-Initiation R-HSA-69002,5/127,0.0090510639155303,0.0274778935910944,0,0,4.135771332492644,19.45827874594664,H2AZ1;UBB;RPS27A;UBA52;H3-3B
Reactome_2022,G1/S Transition R-HSA-69206,5/129,0.009644413789602,0.0290491950157595,0,0,4.0686517783291976,18.8841443972766,CDKN1A;UBB;MYC;RPS27A;UBA52
Reactome_2022,TP53 Regulates Transcription Of Cell Death Genes R-HSA-5633008,3/44,0.0096544592002155,0.0290491950157595,0,0,7.338987247740498,34.05536215760635,PERP;PMAIP1;NDRG1
Reactome_2022,Host Interactions Of HIV Factors R-HSA-162909,5/130,0.0099508954614366,0.0298086558734186,0,0,4.035897435897436,18.60586145140937,UBB;HLA-A;RPS27A;B2M;UBA52
Reactome_2022,Degradation Of Beta-Catenin By Destruction Complex R-HSA-195253,4/84,0.010051872319132,0.0299784914539752,0,0,5.030612244897959,23.14079802223381,UBB;MYC;RPS27A;UBA52
Reactome_2022,Signaling By FGFR R-HSA-190236,4/86,0.0108943363724642,0.0323485338778872,0,0,4.90741662518666,22.179129424034084,UBB;HNRNPA1;RPS27A;UBA52
Reactome_2022,Signaling By Receptor Tyrosine Kinases R-HSA-9006934,11/496,0.011495482096383,0.0339844601714031,0,0,2.3178421425844107,10.351022180013178,UBB;MYC;STMN1;ID1;FOSB;CYBA;APOE;SGK1;RPS27A;HNRNPA1;UBA52
Reactome_2022,DNA Damage Bypass R-HSA-73893,3/48,0.0122470965035044,0.0360490623168369,0,0,6.685279187817259,29.431716933517144,UBB;RPS27A;UBA52
Reactome_2022,Regulation Of Activated PAK-2p34 By Proteasome Mediated Degradation R-HSA-211733,3/49,0.0129514996055504,0.037311341416841,0,0,6.539615978812624,28.42472661929245,UBB;RPS27A;UBA52
Reactome_2022,Signaling By EGFR R-HSA-177929,3/49,0.0129514996055504,0.037311341416841,0,0,6.539615978812624,28.42472661929245,UBB;RPS27A;UBA52
Reactome_2022,Signaling By ERBB2 R-HSA-1227986,3/49,0.0129514996055504,0.037311341416841,0,0,6.539615978812624,28.42472661929245,UBB;RPS27A;UBA52
Reactome_2022,Signaling By FGFR1 R-HSA-5654736,3/49,0.0129514996055504,0.037311341416841,0,0,6.539615978812624,28.42472661929245,UBB;RPS27A;UBA52
Reactome_2022,Signaling By NOTCH3 R-HSA-9012852,3/49,0.0129514996055504,0.037311341416841,0,0,6.539615978812624,28.42472661929245,UBB;RPS27A;UBA52
Reactome_2022,C-type Lectin Receptors (CLRs) R-HSA-5621481,5/141,0.0137736295265524,0.0395116406333729,0,0,3.7073906485671193,15.886166774367446,PYCARD;NFKBIA;UBB;RPS27A;UBA52
Reactome_2022,Muscle Contraction R-HSA-397014,6/196,0.0141544812924423,0.0403642233024153,0,0,3.192078133478025,13.590987697678283,ANXA1;ANXA2;FXYD3;TPM3;ATP1B3;MYL12B
Reactome_2022,Autodegradation Of E3 Ubiquitin Ligase COP1 R-HSA-349425,3/51,0.0144285702203611,0.0403642233024153,0,0,6.266497461928934,26.5608314530226,UBB;RPS27A;UBA52
Reactome_2022,GSK3B And BTRC:CUL1-mediated-degradation Of NFE2L2 R-HSA-9762114,3/51,0.0144285702203611,0.0403642233024153,0,0,6.266497461928934,26.5608314530226,UBB;RPS27A;UBA52
Reactome_2022,Ubiquitin Mediated Degradation Of Phosphorylated Cdc25A R-HSA-69601,3/51,0.0144285702203611,0.0403642233024153,0,0,6.266497461928934,26.5608314530226,UBB;RPS27A;UBA52
Reactome_2022,Ubiquitin-dependent Degradation Of Cyclin D R-HSA-75815,3/51,0.0144285702203611,0.0403642233024153,0,0,6.266497461928934,26.5608314530226,UBB;RPS27A;UBA52
Reactome_2022,Vpu Mediated Degradation Of CD4 R-HSA-180534,3/51,0.0144285702203611,0.0403642233024153,0,0,6.266497461928934,26.5608314530226,UBB;RPS27A;UBA52
Reactome_2022,Downstream TCR Signaling R-HSA-202424,4/94,0.0147147933134764,0.0409955352807555,0,0,4.469387755102041,18.85590868567605,NFKBIA;UBB;RPS27A;UBA52
Reactome_2022,TCF Dependent Signaling In Response To WNT R-HSA-201681,6/198,0.0148137007024547,0.0411019482604994,0,0,3.158505154639175,13.30426426657909,H2AZ1;UBB;MYC;RPS27A;UBA52;H3-3B
Reactome_2022,Regulation Of Apoptosis R-HSA-169911,3/52,0.0152014163710364,0.0414480905835566,0,0,6.1382989744121,25.69717025640832,UBB;RPS27A;UBA52
Reactome_2022,SARS-CoV-1 Infection R-HSA-9678108,3/52,0.0152014163710364,0.0414480905835566,0,0,6.1382989744121,25.69717025640832,UBB;RPS27A;UBA52
Reactome_2022,Signaling By Non-Receptor Tyrosine Kinases R-HSA-9006927,3/52,0.0152014163710364,0.0414480905835566,0,0,6.1382989744121,25.69717025640832,UBB;RPS27A;UBA52
Reactome_2022,Formation Of TC-NER Pre-Incision Complex R-HSA-6781823,3/52,0.0152014163710364,0.0414480905835566,0,0,6.1382989744121,25.69717025640832,UBB;RPS27A;UBA52
Reactome_2022,P75 NTR Receptor-Mediated Signaling R-HSA-193704,4/95,0.0152445709827261,0.0414480905835566,0,0,4.4200493384166855,18.491417143603503,NFKBIA;UBB;RPS27A;UBA52
Reactome_2022,MyD88 Cascade Initiated On Plasma Membrane R-HSA-975871,4/96,0.0157862373617276,0.0427491307755583,0,0,4.371783496007098,18.13685433330235,NFKBIA;UBB;RPS27A;UBA52
Reactome_2022,Vif-mediated Degradation Of APOBEC3G R-HSA-180585,3/53,0.0159972388139271,0.0429767090358281,0,0,6.01522842639594,24.875009582390742,UBB;RPS27A;UBA52
Reactome_2022,Negative Regulation Of NOTCH4 Signaling R-HSA-9604323,3/53,0.0159972388139271,0.0429767090358281,0,0,6.01522842639594,24.875009582390742,UBB;RPS27A;UBA52
Reactome_2022,Mitotic G1 Phase And G1/S Transition R-HSA-453279,5/147,0.0162263133118003,0.043419818624857,0,0,3.549656915854099,14.628565928322413,CDKN1A;UBB;MYC;RPS27A;UBA52
Reactome_2022,Signaling By NOTCH R-HSA-157118,6/203,0.0165546067529673,0.0437865430269636,0,0,3.0775550787587003,12.621333011533425,H2AZ1;UBB;MYC;RPS27A;UBA52;H3-3B
Reactome_2022,Nef-mediated Downmodulation Of Cell Surface Receptors By Recruitment To Clathrin Adapters R-HSA-164938,2/20,0.0167948882548689,0.0437865430269636,0,0,11.1010101010101,45.36628383483138,HLA-A;B2M
Reactome_2022,AUF1 (hnRNP D0) Binds And Destabilizes mRNA R-HSA-450408,3/54,0.0168161021964705,0.0437865430269636,0,0,5.896984174380412,24.09164757699128,UBB;RPS27A;UBA52
Reactome_2022,Regulation Of RUNX3 Expression And Activity R-HSA-8941858,3/54,0.0168161021964705,0.0437865430269636,0,0,5.896984174380412,24.09164757699128,UBB;RPS27A;UBA52
Reactome_2022,SCF-beta-TrCP Mediated Degradation Of Emi1 R-HSA-174113,3/54,0.0168161021964705,0.0437865430269636,0,0,5.896984174380412,24.09164757699128,UBB;RPS27A;UBA52
Reactome_2022,Degradation Of AXIN R-HSA-4641257,3/54,0.0168161021964705,0.0437865430269636,0,0,5.896984174380412,24.09164757699128,UBB;RPS27A;UBA52
Reactome_2022,FBXL7 Down-Regulates AURKA During Mitotic Entry And In Early Mitosis R-HSA-8854050,3/54,0.0168161021964705,0.0437865430269636,0,0,5.896984174380412,24.09164757699128,UBB;RPS27A;UBA52
Reactome_2022,Transcriptional Regulation By RUNX1 R-HSA-8878171,6/204,0.0169190115144951,0.0438857118594375,0,0,3.061855670103093,12.490280951020742,H2AZ1;LGALS3;UBB;RPS27A;UBA52;H3-3B
Reactome_2022,Degradation Of DVL R-HSA-4641258,3/55,0.0176580617409628,0.0454544022761668,0,0,5.783287778211636,23.34460456181631,UBB;RPS27A;UBA52
Reactome_2022,Hh Mutants Are Degraded By ERAD R-HSA-5362768,3/55,0.0176580617409628,0.0454544022761668,0,0,5.783287778211636,23.34460456181631,UBB;RPS27A;UBA52
Reactome_2022,Stimuli-sensing Channels R-HSA-2672351,4/100,0.0180733221304631,0.0461722229521642,0,0,4.188775510204081,16.81088959163861,UBB;SGK1;RPS27A;UBA52
Reactome_2022,KEAP1-NFE2L2 Pathway R-HSA-9755511,4/100,0.0180733221304631,0.0461722229521642,0,0,4.188775510204081,16.81088959163861,UBB;MYC;RPS27A;UBA52
Reactome_2022,Keratinization R-HSA-6805567,6/208,0.0184319457812426,0.04691138080414,0,0,3.0006124323772583,11.983455660859397,PERP;KRT1;KRT14;KRT5;KRT10;DSC3
Reactome_2022,Stabilization Of P53 R-HSA-69541,3/56,0.018523163468073,0.0469669725388967,0,0,5.6738818120869645,22.631601044641528,UBB;RPS27A;UBA52
Reactome_2022,TRAF6 Mediated Induction Of NFkB And MAP Kinases Upon TLR7/8 Or 9 Activation R-HSA-975138,4/101,0.018675559558893,0.047176693363323,0,0,4.145381864085841,16.500856606672546,NFKBIA;UBB;RPS27A;UBA52
Reactome_2022,MyD88 Dependent Cascade Initiated On Endosome R-HSA-975155,4/102,0.0192901194103944,0.0485479956908439,0,0,4.102873802582257,16.19881151232085,NFKBIA;UBB;RPS27A;UBA52
Reactome_2022,Toll Like Receptor 3 (TLR3) Cascade R-HSA-168164,4/103,0.0199170653478517,0.0495960779763878,0,0,4.061224489795919,15.904479460309156,NFKBIA;UBB;RPS27A;UBA52
Reactome_2022,Toll Like Receptor 7/8 (TLR7/8) Cascade R-HSA-168181,4/103,0.0199170653478517,0.0495960779763878,0,0,4.061224489795919,15.904479460309156,NFKBIA;UBB;RPS27A;UBA52
Reactome_2022,DNA Replication R-HSA-69306,5/155,0.0199263415207939,0.0495960779763878,0,0,3.358974358974359,13.152778650631731,H2AZ1;UBB;RPS27A;UBA52;H3-3B
Reactome_2022,Hh Mutants Abrogate Ligand Secretion R-HSA-5387390,3/58,0.0203229330271079,0.0500313660340074,0,0,5.467005076142132,21.29948088737429,UBB;RPS27A;UBA52
Reactome_2022,Late SARS-CoV-2 Infection Events R-HSA-9772573,3/58,0.0203229330271079,0.0500313660340074,0,0,5.467005076142132,21.29948088737429,UBB;RPS27A;UBA52
Reactome_2022,NIK To Noncanonical NF-kB Signaling R-HSA-5676590,3/58,0.0203229330271079,0.0500313660340074,0,0,5.467005076142132,21.29948088737429,UBB;RPS27A;UBA52
Reactome_2022,Cargo Recognition For Clathrin-Mediated Endocytosis R-HSA-8856825,4/104,0.0205564585653846,0.0504229074230631,0,0,4.020408163265306,15.617597552926842,VAMP8;UBB;RPS27A;UBA52
Reactome_2022,Degradation Of GLI1 By Proteasome R-HSA-5610780,3/59,0.0212576490223405,0.0513979585290161,0,0,5.369108049311095,20.676641778420727,UBB;RPS27A;UBA52
Reactome_2022,Degradation Of GLI2 By Proteasome R-HSA-5610783,3/59,0.0212576490223405,0.0513979585290161,0,0,5.369108049311095,20.676641778420727,UBB;RPS27A;UBA52
Reactome_2022,GLI3 Is Processed To GLI3R By Proteasome R-HSA-5610785,3/59,0.0212576490223405,0.0513979585290161,0,0,5.369108049311095,20.676641778420727,UBB;RPS27A;UBA52
Reactome_2022,Iron Uptake And Transport R-HSA-917937,3/59,0.0212576490223405,0.0513979585290161,0,0,5.369108049311095,20.676641778420727,UBB;RPS27A;UBA52
Reactome_2022,Toll Like Receptor 9 (TLR9) Cascade R-HSA-168138,4/106,0.0218728194145835,0.0526971485539966,0,0,3.941176470588236,15.06518858152958,NFKBIA;UBB;RPS27A;UBA52
Reactome_2022,Recruitment And ATM-mediated Phosphorylation Of Repair And Signal Proteins At DNA Double Strand Breaks R-HSA-5693565,3/60,0.0222156039824466,0.0529576193525225,0,0,5.274646005877639,20.080368230600836,UBB;RPS27A;UBA52
Reactome_2022,Defective CFTR Causes Cystic Fibrosis R-HSA-5678895,3/60,0.0222156039824466,0.0529576193525225,0,0,5.274646005877639,20.080368230600836,UBB;RPS27A;UBA52
Reactome_2022,Formation Of beta-catenin:TCF Transactivating Complex R-HSA-201722,3/60,0.0222156039824466,0.0529576193525225,0,0,5.274646005877639,20.080368230600836,H2AZ1;MYC;H3-3B
Reactome_2022,MyD88-independent TLR4 Cascade R-HSA-166166,4/107,0.0225498972268369,0.053565896219539,0,0,3.902714483851793,14.799189995392384,NFKBIA;UBB;RPS27A;UBA52
Reactome_2022,S Phase R-HSA-69242,5/161,0.0230375964778169,0.0541525328778694,0,0,3.2287968441814594,12.17459103833824,CDKN1A;UBB;MYC;RPS27A;UBA52
Reactome_2022,DNA Double Strand Break Response R-HSA-5693606,3/61,0.0231968013804758,0.0541525328778694,0,0,5.183441274286714,19.50912983009035,UBB;RPS27A;UBA52
Reactome_2022,Dectin-1 Mediated Noncanonical NF-kB Signaling R-HSA-5607761,3/61,0.0231968013804758,0.0541525328778694,0,0,5.183441274286714,19.50912983009035,UBB;RPS27A;UBA52
Reactome_2022,Selective Autophagy R-HSA-9663891,3/61,0.0231968013804758,0.0541525328778694,0,0,5.183441274286714,19.50912983009035,UBB;RPS27A;UBA52
Reactome_2022,Nuclear Events (Kinase And Transcription Factor Activation) R-HSA-198725,3/61,0.0231968013804758,0.0541525328778694,0,0,5.183441274286714,19.50912983009035,ID1;FOSB;SGK1
Reactome_2022,Asymmetric Localization Of PCP Proteins R-HSA-4608870,3/62,0.0242012368323431,0.0559188987559601,0,0,5.095328228512432,18.96150754157799,UBB;RPS27A;UBA52
Reactome_2022,RHO GTPases Activate PKNs R-HSA-5625740,3/62,0.0242012368323431,0.0559188987559601,0,0,5.095328228512432,18.96150754157799,H2AZ1;H3-3B;MYL12B
Reactome_2022,MAP Kinase Activation R-HSA-450294,3/62,0.0242012368323431,0.0559188987559601,0,0,5.095328228512432,18.96150754157799,UBB;RPS27A;UBA52
Reactome_2022,Peroxisomal Protein Import R-HSA-9033241,3/63,0.0252288983054118,0.057702581597175,0,0,5.01015228426396,18.43618393885774,UBB;RPS27A;UBA52
Reactome_2022,Autodegradation Of Cdh1 By Cdh1:APC/C R-HSA-174084,3/63,0.0252288983054118,0.057702581597175,0,0,5.01015228426396,18.43618393885774,UBB;RPS27A;UBA52
Reactome_2022,Signaling By MET R-HSA-6806834,3/63,0.0252288983054118,0.057702581597175,0,0,5.01015228426396,18.43618393885774,UBB;RPS27A;UBA52
Reactome_2022,Deadenylation Of mRNA R-HSA-429947,2/25,0.0256682933201663,0.0585098807331737,0,0,8.685551163812033,31.810820468950148,EIF4A1;EIF4A3
Reactome_2022,MyD88:MAL(TIRAP) Cascade Initiated On Plasma Membrane R-HSA-166058,4/112,0.0261262456633504,0.0591076471694915,0,0,3.7210884353741496,13.562678532314376,NFKBIA;UBB;RPS27A;UBA52
Reactome_2022,Oxygen-dependent Proline Hydroxylation Of Hypoxia-inducible Factor Alpha R-HSA-1234176,3/64,0.0262797663190797,0.0591076471694915,0,0,4.927768993925272,17.931934435559224,UBB;RPS27A;UBA52
Reactome_2022,Gap-filling DNA Repair Synthesis And Ligation In TC-NER R-HSA-6782210,3/64,0.0262797663190797,0.0591076471694915,0,0,4.927768993925272,17.931934435559224,UBB;RPS27A;UBA52
Reactome_2022,Hedgehog Ligand Biogenesis R-HSA-5358346,3/64,0.0262797663190797,0.0591076471694915,0,0,4.927768993925272,17.931934435559224,UBB;RPS27A;UBA52
Reactome_2022,Regulation Of RAS By GAPs R-HSA-5658442,3/65,0.0273538141573354,0.0609162242911712,0,0,4.848043229081382,17.447619395780233,UBB;RPS27A;UBA52
Reactome_2022,Dual Incision In TC-NER R-HSA-6782135,3/65,0.0273538141573354,0.0609162242911712,0,0,4.848043229081382,17.447619395780233,UBB;RPS27A;UBA52
Reactome_2022,FOXO-mediated Transcription R-HSA-9614085,3/65,0.0273538141573354,0.0609162242911712,0,0,4.848043229081382,17.447619395780233,CDKN1A;BTG1;KLF4
Reactome_2022,TNFR1-induced NFkappaB Signaling Pathway R-HSA-5357956,2/26,0.0276271829006745,0.0611660958097772,0,0,8.323232323232324,29.871707121892776,RACK1;TNFAIP3
Reactome_2022,Interleukin-1 Signaling R-HSA-9020702,4/114,0.0276467139110662,0.0611660958097772,0,0,3.653061224489796,13.108091108377458,NFKBIA;UBB;RPS27A;UBA52
Reactome_2022,TCR Signaling R-HSA-202403,4/116,0.0292190224583922,0.0644341309587347,0,0,3.587463556851312,12.674276737042405,NFKBIA;UBB;RPS27A;UBA52
Reactome_2022,APC/C:Cdc20 Mediated Degradation Of Securin R-HSA-174154,3/67,0.0295713073395418,0.0645310161336118,0,0,4.696065989847716,16.534616995789808,UBB;RPS27A;UBA52
Reactome_2022,Regulation Of PTEN Stability And Activity R-HSA-8948751,3/67,0.0295713073395418,0.0645310161336118,0,0,4.696065989847716,16.534616995789808,UBB;RPS27A;UBA52
Reactome_2022,HDR Thru Homologous Recombination (HRR) R-HSA-5685942,3/67,0.0295713073395418,0.0645310161336118,0,0,4.696065989847716,16.534616995789808,UBB;RPS27A;UBA52
Reactome_2022,Role Of Nef In HIV-1 Replication And Disease Pathogenesis R-HSA-164952,2/27,0.0296442334084981,0.0645310161336118,0,0,7.98989898989899,28.11236101024157,HLA-A;B2M
Reactome_2022,Estrogen-dependent Gene Expression R-HSA-9018519,4/119,0.0316752226302636,0.0683020727674395,0,0,3.4933451641526174,12.059797873871938,H2AZ1;MYC;FOSB;H3-3B
Reactome_2022,DAP12 Signaling R-HSA-2424491,2/28,0.0317180982356202,0.0683020727674395,0,0,7.682206682206682,26.51027997028578,B2M;HLA-E
Reactome_2022,Orc1 Removal From Chromatin R-HSA-68949,3/69,0.0318810265797797,0.0683020727674395,0,0,4.553299492385787,15.689505426965288,UBB;RPS27A;UBA52
Reactome_2022,Circadian Clock R-HSA-400253,3/69,0.0318810265797797,0.0683020727674395,0,0,4.553299492385787,15.689505426965288,UBB;RPS27A;UBA52
Reactome_2022,Interleukin-17 Signaling R-HSA-448424,3/69,0.0318810265797797,0.0683020727674395,0,0,4.553299492385787,15.689505426965288,UBB;RPS27A;UBA52
Reactome_2022,Adaptive Immune System R-HSA-1280218,13/733,0.033194551551402,0.0708918340703444,0,0,1.8422459893048129,6.27352835215678,HLA-B;HLA-C;CYBA;HLA-A;HLA-E;VAMP8;NFKBIA;UBB;REL;RPS27A;B2M;UBA52;CTSC
Reactome_2022,HSF1 Activation R-HSA-3371511,2/29,0.0338474516440146,0.0720588829025091,0,0,7.397306397306397,25.046477343523872,DNAJB1;UBB
Reactome_2022,CDK-mediated Phosphorylation And Removal Of Cdc6 R-HSA-69017,3/72,0.0355175071354049,0.0749076396594053,0,0,4.354667843743103,14.534703522115317,UBB;RPS27A;UBA52
Reactome_2022,Cdc20:Phospho-APC/C Mediated Degradation Of Cyclin A R-HSA-174184,3/72,0.0355175071354049,0.0749076396594053,0,0,4.354667843743103,14.534703522115317,UBB;RPS27A;UBA52
Reactome_2022,Regulation Of RUNX2 Expression And Activity R-HSA-8939902,3/72,0.0355175071354049,0.0749076396594053,0,0,4.354667843743103,14.534703522115317,UBB;RPS27A;UBA52
Reactome_2022,Cellular Response To Chemical Stress R-HSA-9711123,5/182,0.0363298735514335,0.0763829950134176,0,0,2.842677096914385,9.423801237706154,UBB;MYC;CYBA;RPS27A;UBA52
Reactome_2022,APC/C:Cdh1 Mediated Degradation Of Cdc20 And APC/C:Cdh1 Targets In Late Mitosis/Early G1 R-HSA-174178,3/73,0.0367752254746638,0.0766056235272229,0,0,4.292240754169688,14.17697453700434,UBB;RPS27A;UBA52
Reactome_2022,APC:Cdc20 Mediated Degradation Of Cell Cycle Proteins Before Cycle Checkpoint Satisfied R-HSA-179419,3/73,0.0367752254746638,0.0766056235272229,0,0,4.292240754169688,14.17697453700434,UBB;RPS27A;UBA52
Reactome_2022,Cellular Response To Hypoxia R-HSA-1234174,3/73,0.0367752254746638,0.0766056235272229,0,0,4.292240754169688,14.17697453700434,UBB;RPS27A;UBA52
Reactome_2022,"Cell Death Signaling Via NRAGE, NRIF And NADE R-HSA-204998",3/74,0.0380555884306284,0.079029550207164,0,0,4.231572174161721,13.83177100318916,UBB;RPS27A;UBA52
Reactome_2022,APC/C:Cdc20 Mediated Degradation Of Mitotic Proteins R-HSA-176409,3/75,0.0393585070908985,0.0814853495429306,0,0,4.1725888324873095,13.498504866555718,UBB;RPS27A;UBA52
Reactome_2022,RNA Polymerase I Promoter Opening R-HSA-73728,2/32,0.0405554933220173,0.0834530972006252,0,0,6.656565656565657,21.334852328849312,H2AZ1;H3-3B
Reactome_2022,Nuclear Signaling By ERBB4 R-HSA-1251985,2/32,0.0405554933220173,0.0834530972006252,0,0,6.656565656565657,21.334852328849312,STMN1;APOE
Reactome_2022,Activation Of APC/C And APC/C:Cdc20 Mediated Degradation Of Mitotic Proteins R-HSA-176814,3/76,0.0406838872546084,0.0834636111253634,0,0,4.115221472776581,13.17662292356699,UBB;RPS27A;UBA52
Reactome_2022,Fc Epsilon Receptor (FCERI) Signaling R-HSA-2454202,4/130,0.0416931251530952,0.0852756668539139,0,0,3.186588921282799,10.125128273545416,NFKBIA;UBB;RPS27A;UBA52
Reactome_2022,ABC Transporter Disorders R-HSA-5619084,3/77,0.0420316296186853,0.0854516914469969,0,0,4.059404582247222,12.865604326296657,UBB;RPS27A;UBA52
Reactome_2022,Transcription-Coupled Nucleotide Excision Repair (TC-NER) R-HSA-6781827,3/77,0.0420316296186853,0.0854516914469969,0,0,4.059404582247222,12.865604326296657,UBB;RPS27A;UBA52
Reactome_2022,DNA Methylation R-HSA-5334118,2/34,0.0452815731960364,0.0917833085440618,0,0,6.23989898989899,19.311583224616665,H2AZ1;H3-3B
Reactome_2022,Processing Of DNA Double-Strand Break Ends R-HSA-5693607,3/80,0.0462079634844281,0.0931035454730887,0,0,3.90065264684554,11.99295882125826,UBB;RPS27A;UBA52
Reactome_2022,Regulation Of APC/C Activators Between G1/S And Early Anaphase R-HSA-176408,3/80,0.0462079634844281,0.0931035454730887,0,0,3.90065264684554,11.99295882125826,UBB;RPS27A;UBA52
Reactome_2022,Signaling By Nuclear Receptors R-HSA-9006931,6/260,0.0470054187272633,0.0944292833185675,0,0,2.3799821414075817,7.276777290088426,H2AZ1;CRABP2;MYC;FOSB;APOE;H3-3B
Reactome_2022,Regulation Of HSF1-mediated Heat Shock Response R-HSA-3371453,3/81,0.047644064808467,0.0950132703776826,0,0,3.850449043342445,11.720756163276285,DNAJB1;UBB;HSPA2
Reactome_2022,Signaling By NOTCH4 R-HSA-9013694,3/81,0.047644064808467,0.0950132703776826,0,0,3.850449043342445,11.720756163276285,UBB;RPS27A;UBA52
Reactome_2022,Gene And Protein Expression By JAK-STAT Signaling After Interleukin-12 Stimulation R-HSA-8950505,2/35,0.0477171520360592,0.0950132703776826,0,0,6.05050505050505,18.408446001894514,ANXA2;RPLP0
Reactome_2022,Activation Of NOXA And Translocation To Mitochondria R-HSA-111448,1/5,0.049014519870416,0.0966338002138486,0,0,24.86934673366834,74.99696447567176,PMAIP1
Reactome_2022,Chylomicron Clearance R-HSA-8964026,1/5,0.049014519870416,0.0966338002138486,0,0,24.86934673366834,74.99696447567176,APOE
Reactome_2022,SARS-CoV-2 Targets PDZ Proteins In Cell-Cell Junction R-HSA-9705677,1/5,0.049014519870416,0.0966338002138486,0,0,24.86934673366834,74.99696447567176,GJA1
Reactome_2022,Global Genome Nucleotide Excision Repair (GG-NER) R-HSA-5696399,3/82,0.049101960522251,0.0966338002138486,0,0,3.801516417143224,11.457224263457675,UBB;RPS27A;UBA52
Reactome_2022,Activated PKN1 Stimulates Transcription Of Androgen Receptor Regulated KLK2 And KLK3 R-HSA-5625886,2/36,0.0501995008461569,0.0985074262981108,0,0,5.872251931075461,17.568310863627904,H2AZ1;H3-3B
Reactome_2022,Ub-specific Processing Proteases R-HSA-5689880,5/201,0.0517369040386998,0.10123087871156,0,0,2.564625850340136,7.595354732826345,NFKBIA;UBB;MYC;RPS27A;UBA52
Reactome_2022,Transcriptional Regulation Of White Adipocyte Differentiation R-HSA-381340,3/84,0.0520826238943719,0.1015215886964365,0,0,3.707275803722504,10.954717877625804,KLF5;CEBPD;KLF4
Reactome_2022,Toll Like Receptor 4 (TLR4) Cascade R-HSA-166016,4/140,0.0521853956667059,0.1015215886964365,0,0,2.95078031212485,8.713514393945305,NFKBIA;UBB;RPS27A;UBA52
Reactome_2022,Generic Transcription Pathway R-HSA-212436,18/1190,0.0526446598009979,0.1019899555011566,0,0,1.5719536436259989,4.628130942862075,H2AZ1;TGIF1;CDKN1A;BTG1;PLK2;KLF4;NDRG1;LGALS3;UBB;MYC;PERP;DDIT4;PMAIP1;APOE;SGK1;RPS27A;UBA52;H3-3B
Reactome_2022,SIRT1 Negatively Regulates rRNA Expression R-HSA-427359,2/37,0.0527274511453542,0.1019899555011566,0,0,5.704184704184704,16.785242657704043,H2AZ1;H3-3B
Reactome_2022,Hedgehog On State R-HSA-5632684,3/85,0.0536051258792773,0.1033922228497741,0,0,3.661879410672279,10.71506409870918,UBB;RPS27A;UBA52
Reactome_2022,RHO GTPase Effectors R-HSA-195258,6/269,0.0537677087332,0.1034111898078875,0,0,2.2974795186390184,6.715721489088856,H2AZ1;RPS27;CYBA;MYL12B;H3-3B;ACTG1
Reactome_2022,Beta-catenin Independent WNT Signaling R-HSA-3858494,4/142,0.0544414921275498,0.1041155089557945,0,0,2.907719609582964,8.463292126596956,UBB;MYC;RPS27A;UBA52
Reactome_2022,Clathrin-mediated Endocytosis R-HSA-8856828,4/142,0.0544414921275498,0.1041155089557945,0,0,2.907719609582964,8.463292126596956,VAMP8;UBB;RPS27A;UBA52
Reactome_2022,Assembly Of ORC Complex At Origin Of Replication R-HSA-68616,2/38,0.0552998529270401,0.1054591561453695,0,0,5.545454545454546,16.054007893661755,H2AZ1;H3-3B
Reactome_2022,APC/C-mediated Degradation Of Cell Cycle Proteins R-HSA-174143,3/87,0.0567137775073644,0.1075496565055622,0,0,3.574329224075417,10.257388785645556,UBB;RPS27A;UBA52
Reactome_2022,Regulation Of PLK1 Activity At G2/M Transition R-HSA-2565942,3/87,0.0567137775073644,0.1075496565055622,0,0,3.574329224075417,10.257388785645556,UBB;RPS27A;UBA52
Reactome_2022,Programmed Cell Death R-HSA-5357801,5/208,0.0582436881009022,0.1091531590225634,0,0,2.47530630289251,7.037591744938416,UBB;IRF1;PMAIP1;RPS27A;UBA52
Reactome_2022,PCP/CE Pathway R-HSA-4086400,3/88,0.0582996390300356,0.1091531590225634,0,0,3.532099134069872,10.038788675236006,UBB;RPS27A;UBA52
Reactome_2022,Regulation Of mRNA Stability By Proteins That Bind AU-rich Elements R-HSA-450531,3/88,0.0582996390300356,0.1091531590225634,0,0,3.532099134069872,10.038788675236006,UBB;RPS27A;UBA52
Reactome_2022,Meiosis R-HSA-1500620,3/88,0.0582996390300356,0.1091531590225634,0,0,3.532099134069872,10.038788675236006,H2AZ1;HSPA2;H3-3B
Reactome_2022,CLEC7A/inflammasome Pathway R-HSA-5660668,1/6,0.0585267307609904,0.1091531590225634,0,0,19.894472361809044,56.46591775214154,PYCARD
Reactome_2022,TNFR1-mediated Ceramide Production R-HSA-5626978,1/6,0.0585267307609904,0.1091531590225634,0,0,19.894472361809044,56.46591775214154,RACK1
Reactome_2022,Regulation Of TP53 Activity Thru Phosphorylation R-HSA-6804756,3/90,0.0615336873024211,0.1141323460376413,0,0,3.450551374059163,9.62072552614985,UBB;RPS27A;UBA52
Reactome_2022,Switching Of Origins To A Post-Replicative State R-HSA-69052,3/90,0.0615336873024211,0.1141323460376413,0,0,3.450551374059163,9.62072552614985,UBB;RPS27A;UBA52
Reactome_2022,Deubiquitination R-HSA-5688426,6/279,0.0619414466760519,0.1145747524581616,0,0,2.2121898719836866,6.153351577359318,NFKBIA;UBB;MYC;TNFAIP3;RPS27A;UBA52
Reactome_2022,EPH-Ephrin Signaling R-HSA-2682334,3/91,0.063181565752201,0.1165501907744961,0,0,3.411167512690356,9.420766981809484,EFNA1;ACTG1;MYL12B
Reactome_2022,Post-translational Modification: Synthesis Of GPI-anchored Proteins R-HSA-163125,3/92,0.0648498030509546,0.1193024909388486,0,0,3.3726686819141047,9.226546999073705,LY6D;LYPD3;LY6E
Reactome_2022,PRC2 Methylates Histones And DNA R-HSA-212300,2/42,0.0660116079502312,0.1207834015738014,0,0,4.98989898989899,13.5621695873434,H2AZ1;H3-3B
Reactome_2022,Defective Pyroptosis R-HSA-9710421,2/42,0.0660116079502312,0.1207834015738014,0,0,4.98989898989899,13.5621695873434,H2AZ1;H3-3B
Reactome_2022,Interleukin-1 Family Signaling R-HSA-446652,4/152,0.0665001173925767,0.1213492708214944,0,0,2.709873138444567,7.345250879126401,NFKBIA;UBB;RPS27A;UBA52
Reactome_2022,RNA Polymerase II Transcription R-HSA-73857,19/1312,0.0669068738647397,0.1217633161463139,0,0,1.5024932381330838,4.063423199928334,H2AZ1;TGIF1;CDKN1A;BTG1;PLK2;EIF4A3;KLF4;NDRG1;LGALS3;UBB;MYC;PERP;DDIT4;PMAIP1;APOE;SGK1;RPS27A;UBA52;H3-3B
Reactome_2022,RUNX1 Regulates Transcription Of Genes Involved In Differentiation Of Myeloid Cells R-HSA-8939246,1/7,0.0679442688885301,0.1223358245679119,0,0,16.57788944723618,44.57906348265406,LGALS3
Reactome_2022,RUNX3 Regulates CDKN1A Transcription R-HSA-8941855,1/7,0.0679442688885301,0.1223358245679119,0,0,16.57788944723618,44.57906348265406,CDKN1A
Reactome_2022,IkBA Variant Leads To EDA-ID R-HSA-5603029,1/7,0.0679442688885301,0.1223358245679119,0,0,16.57788944723618,44.57906348265406,NFKBIA
Reactome_2022,Insulin-like Growth Factor-2 mRNA Binding Proteins (IGF2BPs/IMPs/VICKZs) Bind RNA R-HSA-428359,1/7,0.0679442688885301,0.1223358245679119,0,0,16.57788944723618,44.57906348265406,MYC
Reactome_2022,Condensation Of Prophase Chromosomes R-HSA-2299718,2/43,0.0687896467784887,0.123529418750761,0,0,4.867947770386794,13.030045670347697,H2AZ1;H3-3B
Reactome_2022,UCH Proteinases R-HSA-5689603,3/95,0.0699750364747784,0.1253256605646165,0,0,3.2621937762083424,8.676185118672581,UBB;RPS27A;UBA52
Reactome_2022,Interleukin-12 Signaling R-HSA-9020591,2/44,0.0716056114889121,0.1279076490184526,0,0,4.751803751803752,12.52851945708889,ANXA2;RPLP0
Reactome_2022,Regulation Of TP53 Activity R-HSA-5633007,4/157,0.0730084066980713,0.1300702403541955,0,0,2.6206482593037217,6.858710004375623,UBB;SGK1;RPS27A;UBA52
Reactome_2022,ERCC6 (CSB) And EHMT2 (G9a) Positively Regulate rRNA Expression R-HSA-427389,2/45,0.0744584746361064,0.1323054785528715,0,0,4.641061780596664,12.055221541075596,H2AZ1;H3-3B
Reactome_2022,Hedgehog Off State R-HSA-5610787,3/98,0.0752775128137596,0.1334106706149614,0,0,3.158696232968208,8.170200992229566,UBB;RPS27A;UBA52
Reactome_2022,Signaling By WNT R-HSA-195721,6/294,0.0755110198648468,0.1334750925548338,0,0,2.095360824742268,5.413315816227722,H2AZ1;UBB;MYC;RPS27A;UBA52;H3-3B
Reactome_2022,Cellular Response To Heat Stress R-HSA-3371556,3/99,0.0770835823208496,0.1337864048487103,0,0,3.125634517766497,8.010579186959143,DNAJB1;UBB;HSPA2
Reactome_2022,Binding Of TCF/LEF:CTNNB1 To Target Gene Promoters R-HSA-4411364,1/8,0.0772680713380291,0.1337864048487103,0,0,14.208901651112706,36.38152974515558,MYC
Reactome_2022,RUNX3 Regulates WNT Signaling R-HSA-8951430,1/8,0.0772680713380291,0.1337864048487103,0,0,14.208901651112706,36.38152974515558,MYC
Reactome_2022,Cross-presentation Of Particulate Exogenous Antigens (Phagosomes) R-HSA-1236973,1/8,0.0772680713380291,0.1337864048487103,0,0,14.208901651112706,36.38152974515558,CYBA
Reactome_2022,"Defective CHST14 Causes EDS, Musculocontractural Type R-HSA-3595174",1/8,0.0772680713380291,0.1337864048487103,0,0,14.208901651112706,36.38152974515558,DCN
Reactome_2022,Defective CHST3 Causes SEDCJD R-HSA-3595172,1/8,0.0772680713380291,0.1337864048487103,0,0,14.208901651112706,36.38152974515558,DCN
Reactome_2022,Defective CHSY1 Causes TPBS R-HSA-3595177,1/8,0.0772680713380291,0.1337864048487103,0,0,14.208901651112706,36.38152974515558,DCN
Reactome_2022,Formyl Peptide Receptors Bind Formyl Peptides And Many Other Ligands R-HSA-444473,1/8,0.0772680713380291,0.1337864048487103,0,0,14.208901651112706,36.38152974515558,ANXA1
Reactome_2022,TNFR2 Non-Canonical NF-kB Pathway R-HSA-5668541,3/100,0.0789086435328542,0.1362784481421997,0,0,3.0932544874143075,7.855209980826792,UBB;RPS27A;UBA52
Reactome_2022,Toll-like Receptor Cascades R-HSA-168898,4/162,0.0798287777328656,0.1375167494278626,0,0,2.5370705244122966,6.413387552426678,NFKBIA;UBB;RPS27A;UBA52
Reactome_2022,HIV Infection R-HSA-162906,5/229,0.0804416422845753,0.138220791438217,0,0,2.240842490842491,5.647423452610774,UBB;HLA-A;RPS27A;B2M;UBA52
Reactome_2022,ABC-family Proteins Mediated Transport R-HSA-382556,3/102,0.0826150134639867,0.1415958585192886,0,0,3.030456852791878,7.5566376689451715,UBB;RPS27A;UBA52
Reactome_2022,Inhibition Of DNA Recombination At Telomere R-HSA-9670095,2/48,0.0832284276217124,0.1422869835856044,0,0,4.337725076855512,10.784305954054672,H2AZ1;H3-3B
Reactome_2022,RMTs Methylate Histone Arginines R-HSA-3214858,2/49,0.0862189382580095,0.1453098454609876,0,0,4.24521813883516,10.404458354124063,H2AZ1;RPS2
Reactome_2022,TP53 Regulates Transcription Of Cell Cycle Genes R-HSA-6791312,2/49,0.0862189382580095,0.1453098454609876,0,0,4.24521813883516,10.404458354124063,CDKN1A;PLK2
Reactome_2022,BH3-only Proteins Associate With And Inactivate Anti-Apoptotic BCL-2 Members R-HSA-111453,1/9,0.0864990660572792,0.1453098454609876,0,0,12.4321608040201,30.429226090981548,PMAIP1
Reactome_2022,CD163 Mediating An Anti-Inflammatory Response R-HSA-9662834,1/9,0.0864990660572792,0.1453098454609876,0,0,12.4321608040201,30.429226090981548,PLK2
Reactome_2022,Chylomicron Assembly R-HSA-8963888,1/9,0.0864990660572792,0.1453098454609876,0,0,12.4321608040201,30.429226090981548,APOE
Reactome_2022,Chylomicron Remodeling R-HSA-8963901,1/9,0.0864990660572792,0.1453098454609876,0,0,12.4321608040201,30.429226090981548,APOE
Reactome_2022,Formation Of Annular Gap Junctions R-HSA-196025,1/9,0.0864990660572792,0.1453098454609876,0,0,12.4321608040201,30.429226090981548,GJA1
Reactome_2022,Ion Homeostasis R-HSA-5578775,2/50,0.0892414542606553,0.1495457042932268,0,0,4.156565656565657,10.043965211617904,FXYD3;ATP1B3
Reactome_2022,Separation Of Sister Chromatids R-HSA-2467813,4/170,0.091373781794198,0.1527408648757336,0,0,2.4138185394639784,5.775777018583545,RPS27;UBB;RPS27A;UBA52
Reactome_2022,Nucleotide Excision Repair R-HSA-5696398,3/108,0.0941706690966622,0.1570284309813801,0,0,2.856417693981146,6.748705308028375,UBB;RPS27A;UBA52
Reactome_2022,Acetylcholine Regulates Insulin Secretion R-HSA-399997,1/10,0.0956381720564831,0.1579196158103392,0,0,11.050251256281408,25.93696464958489,MARCKS
Reactome_2022,STAT5 Activation Downstream Of FLT3 ITD Mutants R-HSA-9702518,1/10,0.0956381720564831,0.1579196158103392,0,0,11.050251256281408,25.93696464958489,CDKN1A
Reactome_2022,Gap Junction Degradation R-HSA-190873,1/10,0.0956381720564831,0.1579196158103392,0,0,11.050251256281408,25.93696464958489,GJA1
Reactome_2022,HDL Remodeling R-HSA-8964058,1/10,0.0956381720564831,0.1579196158103392,0,0,11.050251256281408,25.93696464958489,APOE
Reactome_2022,"Nucleotide-binding Domain, Leucine Rich Repeat Containing NLR Signaling Pathways R-HSA-168643",2/53,0.0984917971521169,0.1618421035727746,0,0,3.9114676173499694,9.065929283683165,PYCARD;TNFAIP3
Reactome_2022,Ion Transport By P-type ATPases R-HSA-936837,2/53,0.0984917971521169,0.1618421035727746,0,0,3.9114676173499694,9.065929283683165,FXYD3;ATP1B3
Reactome_2022,Interleukin-12 Family Signaling R-HSA-447115,2/54,0.1016331727713355,0.1665996560924797,0,0,3.836052836052836,8.77069478933889,ANXA2;RPLP0
Reactome_2022,Diseases Of Metabolism R-HSA-5668914,5/247,0.1025834691245918,0.1677512284960112,0,0,2.0722610722610724,4.71870109024573,UBB;RPS27A;UBA52;DCN;APRT
Reactome_2022,Apoptosis R-HSA-109581,4/178,0.1036693890276315,0.1685296584118915,0,0,2.3019000703729766,5.217367910182412,UBB;PMAIP1;RPS27A;UBA52
Reactome_2022,Reproduction R-HSA-1474165,3/113,0.1042776844975899,0.1685296584118915,0,0,2.7258883248730963,6.162409997576357,H2AZ1;HSPA2;H3-3B
Reactome_2022,Dermatan Sulfate Biosynthesis R-HSA-2022923,1/11,0.1046862992439068,0.1685296584118915,0,0,9.944723618090451,22.4431232477853,DCN
Reactome_2022,SUMOylation Of Immune Response Proteins R-HSA-4755510,1/11,0.1046862992439068,0.1685296584118915,0,0,9.944723618090451,22.4431232477853,NFKBIA
Reactome_2022,Killing Mechanisms R-HSA-9664420,1/11,0.1046862992439068,0.1685296584118915,0,0,9.944723618090451,22.4431232477853,CYBA
Reactome_2022,Metallothioneins Bind Metals R-HSA-5661231,1/11,0.1046862992439068,0.1685296584118915,0,0,9.944723618090451,22.4431232477853,MT2A
Reactome_2022,Signaling By ALK Fusions And Activated Point Mutants R-HSA-9725370,2/55,0.1048020475500832,0.1685296584118915,0,0,3.763483895559368,8.489222766072233,TPM3;RPS6
Reactome_2022,Signaling By NTRK1 (TRKA) R-HSA-187037,3/114,0.1063487931507688,0.1698069173657322,0,0,2.7011935793661683,6.0534587787747896,ID1;FOSB;SGK1
Reactome_2022,HDR Thru Homologous Recombination (HRR) Or Single Strand Annealing (SSA) R-HSA-5693567,3/114,0.1063487931507688,0.1698069173657322,0,0,2.7011935793661683,6.0534587787747896,UBB;RPS27A;UBA52
Reactome_2022,Macroautophagy R-HSA-1632852,3/114,0.1063487931507688,0.1698069173657322,0,0,2.7011935793661683,6.0534587787747896,UBB;RPS27A;UBA52
Reactome_2022,Deadenylation-dependent mRNA Decay R-HSA-429914,2/56,0.1079975643594305,0.1716299320923344,0,0,3.6936026936026938,8.220654292796869,EIF4A1;EIF4A3
Reactome_2022,Meiotic Recombination R-HSA-912446,2/56,0.1079975643594305,0.1716299320923344,0,0,3.6936026936026938,8.220654292796869,H2AZ1;H3-3B
Reactome_2022,G2/M Transition R-HSA-69275,4/182,0.1100876128420356,0.1745417187214476,0,0,2.249713368493465,4.9639447407887465,CDKN1A;UBB;RPS27A;UBA52
Reactome_2022,Mitotic G2-G2/M Phases R-HSA-453274,4/184,0.11336223733964,0.1789237769155534,0,0,2.224489795918368,4.843085658071071,CDKN1A;UBB;RPS27A;UBA52
Reactome_2022,Passive Transport By Aquaporins R-HSA-432047,1/12,0.1136443487055952,0.1789237769155534,0,0,9.040201005025123,19.659557478207127,AQP3
Reactome_2022,Pregnenolone Biosynthesis R-HSA-196108,1/12,0.1136443487055952,0.1789237769155534,0,0,9.040201005025123,19.659557478207127,TSPO
Reactome_2022,Synthesis Of DNA R-HSA-69239,3/119,0.1169417814626649,0.1832629306718152,0,0,2.584106423945388,5.545696691343623,UBB;RPS27A;UBA52
Reactome_2022,Homology Directed Repair R-HSA-5693538,3/119,0.1169417814626649,0.1832629306718152,0,0,2.584106423945388,5.545696691343623,UBB;RPS27A;UBA52
Reactome_2022,B-WICH Complex Positively Regulates rRNA Expression R-HSA-5250924,2/59,0.1177356082636544,0.1836566976831661,0,0,3.4986709197235517,7.484754897547597,H2AZ1;H3-3B
Reactome_2022,RNA Polymerase I Promoter Escape R-HSA-73772,2/59,0.1177356082636544,0.1836566976831661,0,0,3.4986709197235517,7.484754897547597,H2AZ1;H3-3B
Reactome_2022,ESR-mediated Signaling R-HSA-8939211,4/188,0.1200393587238524,0.186819875531145,0,0,2.175687666370896,4.612317739750818,H2AZ1;MYC;FOSB;H3-3B
Reactome_2022,Meiotic Synapsis R-HSA-1221632,2/60,0.1210294038464434,0.1879286844129408,0,0,3.438174851967956,7.260468635528234,H2AZ1;HSPA2
Reactome_2022,Advanced Glycosylation Endproduct Receptor Signaling R-HSA-879415,1/13,0.1225132126107664,0.1885032839488383,0,0,8.28643216080402,17.397665920944878,LGALS3
Reactome_2022,Purine Salvage R-HSA-74217,1/13,0.1225132126107664,0.1885032839488383,0,0,8.28643216080402,17.397665920944878,APRT
Reactome_2022,TNFR1-induced Proapoptotic Signaling R-HSA-5357786,1/13,0.1225132126107664,0.1885032839488383,0,0,8.28643216080402,17.397665920944878,TNFAIP3
Reactome_2022,IRF3-mediated Induction Of Type I IFN R-HSA-3270619,1/13,0.1225132126107664,0.1885032839488383,0,0,8.28643216080402,17.397665920944878,IFI16
Reactome_2022,DNA Damage/Telomere Stress Induced Senescence R-HSA-2559586,2/61,0.1243457655234195,0.1908890776856123,0,0,3.379729498373566,7.045685456427677,H2AZ1;CDKN1A
Reactome_2022,Pre-NOTCH Transcription And Translation R-HSA-1912408,2/62,0.1276839186856092,0.1955701650456051,0,0,3.323232323232323,6.839868307696459,H2AZ1;H3-3B
Reactome_2022,AKT Phosphorylates Targets In Cytosol R-HSA-198323,1/14,0.1312937743788508,0.1988498551554407,0,0,7.648627754155393,15.529145947074284,CDKN1A
Reactome_2022,CS/DS Degradation R-HSA-2024101,1/14,0.1312937743788508,0.1988498551554407,0,0,7.648627754155393,15.529145947074284,DCN
Reactome_2022,Repression Of WNT Target Genes R-HSA-4641265,1/14,0.1312937743788508,0.1988498551554407,0,0,7.648627754155393,15.529145947074284,MYC
Reactome_2022,Response To Metal Ions R-HSA-5660526,1/14,0.1312937743788508,0.1988498551554407,0,0,7.648627754155393,15.529145947074284,MT2A
Reactome_2022,TP53 Regulates Transcription Of Genes Involved In G1 Cell Cycle Arrest R-HSA-6804116,1/14,0.1312937743788508,0.1988498551554407,0,0,7.648627754155393,15.529145947074284,CDKN1A
Reactome_2022,PIP3 Activates AKT Signaling R-HSA-1257604,5/268,0.1318223464178523,0.1992047511716205,0,0,1.904747976991323,3.8595910607285817,CDKN1A;UBB;RPS27A;UBA52;IER3
Reactome_2022,Diseases Of Signal Transduction By Growth Factor Receptors And Second Messengers R-HSA-5663202,7/424,0.1339025971116714,0.2018976798320747,0,0,1.6858761695306967,3.389694496317388,CDKN1A;UBB;TPM3;MYC;RPS6;RPS27A;UBA52
Reactome_2022,Cell Cycle Checkpoints R-HSA-69620,5/271,0.1362796750244027,0.2050251999811569,0,0,1.8829766724503567,3.752859258452489,CDKN1A;RPS27;UBB;RPS27A;UBA52
Reactome_2022,Gene Expression (Transcription) R-HSA-74160,19/1449,0.1368809192048942,0.2051097992869503,0,0,1.348491287717807,2.681669019390561,H2AZ1;TGIF1;CDKN1A;BTG1;PLK2;EIF4A3;KLF4;NDRG1;LGALS3;UBB;MYC;PERP;DDIT4;PMAIP1;APOE;SGK1;RPS27A;UBA52;H3-3B
Reactome_2022,Autophagy R-HSA-9612973,3/128,0.1369418453141825,0.2051097992869503,0,0,2.396954314720812,4.7656220038630535,UBB;RPS27A;UBA52
Reactome_2022,Response Of EIF2AK1 (HRI) To Heme Deficiency R-HSA-9648895,1/15,0.139986908731619,0.2082882136512222,0,0,7.101938262742283,13.963876250165317,PPP1R15A
Reactome_2022,EPHA-mediated Growth Cone Collapse R-HSA-3928663,1/15,0.139986908731619,0.2082882136512222,0,0,7.101938262742283,13.963876250165317,MYL12B
Reactome_2022,Signaling By FLT3 ITD And TKD Mutants R-HSA-9703648,1/15,0.139986908731619,0.2082882136512222,0,0,7.101938262742283,13.963876250165317,CDKN1A
Reactome_2022,RUNX1 Regulates Genes Involved In Megakaryocyte Differentiation And Platelet Function R-HSA-8936459,2/66,0.1412394085870013,0.2096909640644735,0,0,3.11489898989899,6.096788351656931,H2AZ1;H3-3B
Reactome_2022,Signaling By NTRKs R-HSA-166520,3/132,0.1461833943108462,0.2165561443073148,0,0,2.3221579506551766,4.465262011584285,ID1;FOSB;SGK1
Reactome_2022,Signal Transduction R-HSA-162582,30/2465,0.1475088863880221,0.2177441281086056,0,0,1.2584853243145306,2.408573353885874,PPP1R15A;CDKN1A;CRABP2;TNFAIP3;MYL12B;ACTG1;DNAJB1;GJA1;UBB;MYC;STMN1;RACK1;APOE;RPS27A;HNRNPA1;CD55;IER3;H3-3B;H2AZ1;TGIF1;ANXA1;TPM3;RPS6;CYBA;NFKBIA;RPS27;ID1;FOSB;SGK1;UBA52
Reactome_2022,Plasma Lipoprotein Assembly R-HSA-8963898,1/16,0.1485934818111902,0.2177441281086056,0,0,6.628140703517588,12.636822082241835,APOE
Reactome_2022,STING Mediated Induction Of Host Immune Responses R-HSA-1834941,1/16,0.1485934818111902,0.2177441281086056,0,0,6.628140703517588,12.636822082241835,IFI16
Reactome_2022,Gap Junction Assembly R-HSA-190861,1/16,0.1485934818111902,0.2177441281086056,0,0,6.628140703517588,12.636822082241835,GJA1
Reactome_2022,NLRP3 Inflammasome R-HSA-844456,1/16,0.1485934818111902,0.2177441281086056,0,0,6.628140703517588,12.636822082241835,PYCARD
Reactome_2022,Asparagine N-linked Glycosylation R-HSA-446203,5/282,0.1531823585870671,0.2235928593060007,0,0,1.80718318985467,3.390503696588304,UBB;RPS27A;UBA52;CTSC;CD55
Reactome_2022,Signaling By Hedgehog R-HSA-5358351,3/135,0.1532453275007154,0.2235928593060007,0,0,2.269035532994924,4.256064425015225,UBB;RPS27A;UBA52
Reactome_2022,"Cell Cycle, Mitotic R-HSA-69278",8/523,0.1547577070331023,0.2253139089492694,0,0,1.560275080906149,2.9113087942036224,H2AZ1;CDKN1A;RPS27;UBB;MYC;RPS27A;UBA52;H3-3B
Reactome_2022,Late Phase Of HIV Life Cycle R-HSA-162599,3/136,0.1556231070735254,0.2260876469716238,0,0,2.2518606160070225,4.189177232020214,UBB;RPS27A;UBA52
Reactome_2022,Aberrant Regulation Of Mitotic G1/S Transition In Cancer Due To RB1 Defects R-HSA-9659787,1/17,0.157114351192228,0.2263115228875284,0,0,6.21356783919598,11.499955704952034,CDKN1A
Reactome_2022,Protein Methylation R-HSA-8876725,1/17,0.157114351192228,0.2263115228875284,0,0,6.21356783919598,11.499955704952034,RPS2
Reactome_2022,RIP-mediated NFkB Activation Via ZBP1 R-HSA-1810476,1/17,0.157114351192228,0.2263115228875284,0,0,6.21356783919598,11.499955704952034,NFKBIA
Reactome_2022,Formation Of Senescence-Associated Heterochromatin Foci (SAHF) R-HSA-2559584,1/17,0.157114351192228,0.2263115228875284,0,0,6.21356783919598,11.499955704952034,CDKN1A
Reactome_2022,Diseases Of Programmed Cell Death R-HSA-9645723,2/71,0.1585864433775845,0.2279469685066342,0,0,2.888449714536671,5.318951469597782,H2AZ1;H3-3B
Reactome_2022,PTEN Regulation R-HSA-6807070,3/139,0.1628249548680123,0.2335434204356872,0,0,2.2018512988951926,3.9965352685762503,UBB;RPS27A;UBA52
Reactome_2022,Signaling By FLT3 Fusion Proteins R-HSA-9703465,1/18,0.1655503660358053,0.2364506282832072,0,0,5.847768253029855,10.51709310132786,CDKN1A
Reactome_2022,LDL Clearance R-HSA-8964038,1/18,0.1655503660358053,0.2364506282832072,0,0,5.847768253029855,10.51709310132786,NPC2
Reactome_2022,Positive Epigenetic Regulation Of rRNA Expression R-HSA-5250913,2/74,0.1691768732048807,0.2401105726618538,0,0,2.767676767676768,4.917637208774679,H2AZ1;H3-3B
Reactome_2022,Formation Of Cornified Envelope R-HSA-6809371,2/74,0.1691768732048807,0.2401105726618538,0,0,2.767676767676768,4.917637208774679,PERP;DSC3
Reactome_2022,NoRC Negatively Regulates rRNA Expression R-HSA-427413,2/74,0.1691768732048807,0.2401105726618538,0,0,2.767676767676768,4.917637208774679,H2AZ1;H3-3B
Reactome_2022,Transport Of Small Molecules R-HSA-382551,10/706,0.1709831214931914,0.2421664712361728,0,0,1.4446460980036298,2.551520116020241,UBB;FXYD3;NPC2;ATP1B3;APOE;SGK1;RPS27A;AQP3;SLC38A2;UBA52
Reactome_2022,RHO GTPases Activate ROCKs R-HSA-5627117,1/19,0.1739023671527052,0.2432477325669038,0,0,5.522613065326633,9.66049300943,MYL12B
Reactome_2022,RHO GTPases Activate CIT R-HSA-5625900,1/19,0.1739023671527052,0.2432477325669038,0,0,5.522613065326633,9.66049300943,MYL12B
Reactome_2022,Scavenging By Class A Receptors R-HSA-3000480,1/19,0.1739023671527052,0.2432477325669038,0,0,5.522613065326633,9.66049300943,APOE
Reactome_2022,"Synthesis, Secretion, And Deacylation Of Ghrelin R-HSA-422085",1/19,0.1739023671527052,0.2432477325669038,0,0,5.522613065326633,9.66049300943,KLF4
Reactome_2022,Transcription Of E2F Targets Under Negative Control By DREAM Complex R-HSA-1362277,1/19,0.1739023671527052,0.2432477325669038,0,0,5.522613065326633,9.66049300943,MYC
Reactome_2022,Nuclear Events Stimulated By ALK Signaling In Cancer R-HSA-9725371,1/19,0.1739023671527052,0.2432477325669038,0,0,5.522613065326633,9.66049300943,RPS6
Reactome_2022,Transcriptional Regulation By Small RNAs R-HSA-5578749,2/76,0.1763024531867548,0.2460964140359443,0,0,2.6926016926016927,4.673156378016087,H2AZ1;H3-3B
Reactome_2022,Negative Epigenetic Regulation Of rRNA Expression R-HSA-5250941,2/77,0.1798830098073791,0.2501620559248201,0,0,2.656565656565657,4.557201796283064,H2AZ1;H3-3B
Reactome_2022,M Phase R-HSA-68886,6/380,0.1818203428114668,0.2501620559248201,0,0,1.6064281382656156,2.73853621099759,H2AZ1;RPS27;UBB;RPS27A;UBA52;H3-3B
Reactome_2022,Chondroitin Sulfate Biosynthesis R-HSA-2022870,1/20,0.182171186958547,0.2501620559248201,0,0,5.231684739486909,8.908556962758436,DCN
Reactome_2022,Defective B3GALT6 Causes EDSP2 And SEMDJL1 R-HSA-4420332,1/20,0.182171186958547,0.2501620559248201,0,0,5.231684739486909,8.908556962758436,DCN
Reactome_2022,Defective B3GAT3 Causes JDSSDHD R-HSA-3560801,1/20,0.182171186958547,0.2501620559248201,0,0,5.231684739486909,8.908556962758436,DCN
Reactome_2022,"Defective B4GALT7 Causes EDS, Progeroid Type R-HSA-3560783",1/20,0.182171186958547,0.2501620559248201,0,0,5.231684739486909,8.908556962758436,DCN
Reactome_2022,Sema4D Induced Cell Migration And Growth-Cone Collapse R-HSA-416572,1/20,0.182171186958547,0.2501620559248201,0,0,5.231684739486909,8.908556962758436,MYL12B
Reactome_2022,TP53 Regulates Transcription Of Genes Involved In Cytochrome C Release R-HSA-6803204,1/20,0.182171186958547,0.2501620559248201,0,0,5.231684739486909,8.908556962758436,PMAIP1
Reactome_2022,Pre-NOTCH Expression And Processing R-HSA-1912422,2/78,0.1834746263330842,0.2509339838939354,0,0,2.621477937267411,4.445184817601474,H2AZ1;H3-3B
Reactome_2022,RNA Polymerase I Promoter Clearance R-HSA-73854,2/78,0.1834746263330842,0.2509339838939354,0,0,2.621477937267411,4.445184817601474,H2AZ1;H3-3B
Reactome_2022,G2/M Checkpoints R-HSA-69481,3/148,0.1849990407589495,0.2525087713584856,0,0,2.0642394538771223,3.483207230487368,UBB;RPS27A;UBA52
Reactome_2022,RNA Polymerase I Transcription R-HSA-73864,2/79,0.1870767274857147,0.2543987763042238,0,0,2.5873015873015874,4.336929198982091,H2AZ1;H3-3B
Reactome_2022,DNA Double-Strand Break Repair R-HSA-5693532,3/149,0.187511062593512,0.2543987763042238,0,0,2.049996523190321,3.4315249214751327,UBB;RPS27A;UBA52
Reactome_2022,HIV Life Cycle R-HSA-162587,3/149,0.187511062593512,0.2543987763042238,0,0,2.049996523190321,3.4315249214751327,UBB;RPS27A;UBA52
Reactome_2022,RHO GTPases Activate PAKs R-HSA-5627123,1/21,0.1903576498347592,0.2562070157815746,0,0,4.969849246231155,8.244237447277422,MYL12B
Reactome_2022,TP53 Regulates Transcription Of Additional Cell Cycle Genes With Uncertain Roles In P53 Pathway R-HSA-6804115,1/21,0.1903576498347592,0.2562070157815746,0,0,4.969849246231155,8.244237447277422,PLK2
Reactome_2022,Inflammasomes R-HSA-622312,1/21,0.1903576498347592,0.2562070157815746,0,0,4.969849246231155,8.244237447277422,PYCARD
Reactome_2022,ZBP1(DAI) Mediated Induction Of Type I IFNs R-HSA-1606322,1/21,0.1903576498347592,0.2562070157815746,0,0,4.969849246231155,8.244237447277422,NFKBIA
Reactome_2022,Intracellular Signaling By Second Messengers R-HSA-9006925,5/306,0.1928387489930575,0.2590314148180554,0,0,1.6610443819746146,2.7339145042671533,CDKN1A;UBB;RPS27A;UBA52;IER3
Reactome_2022,Mitotic Anaphase R-HSA-68882,4/232,0.2031974404061652,0.2724052814949978,0,0,1.7518796992481205,2.791755475410188,RPS27;UBB;RPS27A;UBA52
Reactome_2022,Mitotic Metaphase And Anaphase R-HSA-2555396,4/233,0.2052599533097722,0.2746264592701893,0,0,1.7441404509402014,2.761808099658144,RPS27;UBB;RPS27A;UBA52
Reactome_2022,Nucleotide Salvage R-HSA-8956321,1/23,0.2064867613185778,0.2746395626968118,0,0,4.517587939698492,7.126580711797677,APRT
Reactome_2022,RHOBTB2 GTPase Cycle R-HSA-9013418,1/23,0.2064867613185778,0.2746395626968118,0,0,4.517587939698492,7.126580711797677,ACTG1
Reactome_2022,Glutamate Neurotransmitter Release Cycle R-HSA-210500,1/23,0.2064867613185778,0.2746395626968118,0,0,4.517587939698492,7.126580711797677,SLC38A2
Reactome_2022,Cell Cycle R-HSA-1640170,9/654,0.2093500430590124,0.2779019199038262,0,0,1.3993668574211615,2.188256537996464,H2AZ1;CDKN1A;RPS27;UBB;MYC;HSPA2;RPS27A;UBA52;H3-3B
Reactome_2022,MAPK Family Signaling Cascades R-HSA-5683057,5/318,0.2139096622078524,0.2824315162143858,0,0,1.5963791267305645,2.461938271523273,DNAJB1;UBB;MYC;RPS27A;UBA52
Reactome_2022,RHO GTPases Activate NADPH Oxidases R-HSA-5668599,1/24,0.2144310182188985,0.2824315162143858,0,0,4.320952589032117,6.653261007649563,CYBA
Reactome_2022,Sema4D In Semaphorin Signaling R-HSA-400685,1/24,0.2144310182188985,0.2824315162143858,0,0,4.320952589032117,6.653261007649563,MYL12B
Reactome_2022,mTORC1-mediated Signaling R-HSA-166208,1/24,0.2144310182188985,0.2824315162143858,0,0,4.320952589032117,6.653261007649563,RPS6
Reactome_2022,Basigin Interactions R-HSA-210991,1/25,0.2222961348450487,0.2905298905214247,0,0,4.14070351758794,6.226561570384656,ATP1B3
Reactome_2022,Cell Recruitment (Pro-Inflammatory Response) R-HSA-9664424,1/25,0.2222961348450487,0.2905298905214247,0,0,4.14070351758794,6.226561570384656,PYCARD
Reactome_2022,TRAF6 Mediated NF-kB Activation R-HSA-933542,1/25,0.2222961348450487,0.2905298905214247,0,0,4.14070351758794,6.226561570384656,NFKBIA
Reactome_2022,Gap Junction Trafficking R-HSA-190828,1/25,0.2222961348450487,0.2905298905214247,0,0,4.14070351758794,6.226561570384656,GJA1
Reactome_2022,Protein Localization R-HSA-9609507,3/164,0.2261504916436758,0.2949978474812496,0,0,1.857584260806508,2.7614004446731983,UBB;RPS27A;UBA52
Reactome_2022,GAG Synthesis Requires Tetrasaccharide Linker Sequence R-HSA-1971475,1/26,0.2300828957266827,0.2972635885629088,0,0,3.974874371859297,5.840344997302112,DCN
Reactome_2022,Pyroptosis R-HSA-5620971,1/26,0.2300828957266827,0.2972635885629088,0,0,3.974874371859297,5.840344997302112,IRF1
Reactome_2022,Constitutive Signaling By AKT1 E17K In Cancer R-HSA-5674400,1/26,0.2300828957266827,0.2972635885629088,0,0,3.974874371859297,5.840344997302112,CDKN1A
Reactome_2022,Signaling By ALK R-HSA-201556,1/26,0.2300828957266827,0.2972635885629088,0,0,3.974874371859297,5.840344997302112,MYC
Reactome_2022,FGFR2 Alternative Splicing R-HSA-6803529,1/26,0.2300828957266827,0.2972635885629088,0,0,3.974874371859297,5.840344997302112,HNRNPA1
Reactome_2022,Activation Of HOX Genes During Differentiation R-HSA-5619507,2/91,0.2309239500321694,0.297781931755769,0,0,2.237090001134945,3.2788286401533377,H2AZ1;H3-3B
Reactome_2022,Telomere Maintenance R-HSA-157579,2/92,0.234614487227205,0.3015539536466003,0,0,2.212121212121212,3.2071589757618537,H2AZ1;H3-3B
Reactome_2022,Leishmania Infection R-HSA-9658195,4/247,0.234739931420618,0.3015539536466003,0,0,1.6424792139077853,2.380407433860061,PYCARD;PLK2;CYBA;ACTG1
Reactome_2022,ATF4 Activates Genes In Response To Endoplasmic Reticulum Stress R-HSA-380994,1/27,0.2377920775242915,0.3037457292149913,0,0,3.821801314263626,5.489477227235043,HERPUD1
Reactome_2022,G0 And Early G1 R-HSA-1538133,1/27,0.2377920775242915,0.3037457292149913,0,0,3.821801314263626,5.489477227235043,MYC
Reactome_2022,Gap Junction Trafficking And Regulation R-HSA-157858,1/27,0.2377920775242915,0.3037457292149913,0,0,3.821801314263626,5.489477227235043,GJA1
Reactome_2022,Recycling Pathway Of L1 R-HSA-437239,1/28,0.2454244493195781,0.3129046180590478,0,0,3.680067001675042,5.169633447658624,EZR
Reactome_2022,Potential Therapeutics For SARS R-HSA-9679191,2/97,0.253110289845866,0.3220971169655099,0,0,2.095162147793727,2.878606039624586,FXYD3;ATP1B3
Reactome_2022,Disorders Of Transmembrane Transporters R-HSA-5619115,3/176,0.2580693506463658,0.32779165175908,0,0,1.7276781784572048,2.340186617756609,UBB;RPS27A;UBA52
Reactome_2022,Activation Of BH3-only Proteins R-HSA-114452,1/30,0.2604618012849767,0.3295937186353817,0,0,3.425922717033443,4.608890626901229,PMAIP1
Reactome_2022,Transcriptional Regulation Of Pluripotent Stem Cells R-HSA-452723,1/30,0.2604618012849767,0.3295937186353817,0,0,3.425922717033443,4.608890626901229,KLF4
Reactome_2022,Diseases Associated With TLR Signaling Cascade R-HSA-5602358,1/31,0.2678682819607093,0.3383336322526122,0,0,3.3115577889447234,4.362182296847866,NFKBIA
Reactome_2022,PERK Regulates Gene Expression R-HSA-381042,1/32,0.2752009537742224,0.3463030589315028,0,0,3.204571243313341,4.1347099266061775,HERPUD1
Reactome_2022,Cargo Concentration In ER R-HSA-5694530,1/32,0.2752009537742224,0.3463030589315028,0,0,3.204571243313341,4.1347099266061775,CTSC
Reactome_2022,Packaging Of Telomere Ends R-HSA-171306,1/33,0.2824605485993796,0.352165361697569,0,0,3.1042713567839195,3.9244707255325473,H2AZ1
Reactome_2022,Amino Acid Transport Across Plasma Membrane R-HSA-352230,1/33,0.2824605485993796,0.352165361697569,0,0,3.1042713567839195,3.9244707255325473,SLC38A2
Reactome_2022,Plasma Lipoprotein Remodeling R-HSA-8963899,1/33,0.2824605485993796,0.352165361697569,0,0,3.1042713567839195,3.9244707255325473,APOE
Reactome_2022,Striated Muscle Contraction R-HSA-390522,1/33,0.2824605485993796,0.352165361697569,0,0,3.1042713567839195,3.9244707255325473,TPM3
Reactome_2022,NOD1/2 Signaling Pathway R-HSA-168638,1/33,0.2824605485993796,0.352165361697569,0,0,3.1042713567839195,3.9244707255325473,TNFAIP3
Reactome_2022,Detoxification Of Reactive Oxygen Species R-HSA-3299685,1/34,0.2896477910754225,0.3591420413151301,0,0,3.010050251256281,3.7297219848476746,CYBA
Reactome_2022,EPHB-mediated Forward Signaling R-HSA-3928662,1/34,0.2896477910754225,0.3591420413151301,0,0,3.010050251256281,3.7297219848476746,ACTG1
Reactome_2022,Lysosome Vesicle Biogenesis R-HSA-432720,1/34,0.2896477910754225,0.3591420413151301,0,0,3.010050251256281,3.7297219848476746,VAMP8
Reactome_2022,Gene Silencing By RNA R-HSA-211000,2/108,0.2938547028204486,0.363692200748526,0,0,1.8766914427291783,2.298327412458919,H2AZ1;H3-3B
Reactome_2022,RHOBTB GTPase Cycle R-HSA-9706574,1/35,0.2967633987534311,0.365954136532009,0,0,2.9213715637008573,3.54894088012851,ACTG1
Reactome_2022,Metabolism Of Steroid Hormones R-HSA-196071,1/35,0.2967633987534311,0.365954136532009,0,0,2.9213715637008573,3.54894088012851,TSPO
Reactome_2022,Aberrant Regulation Of Mitotic Cell Cycle Due To RB1 Defects R-HSA-9687139,1/36,0.3038080819844295,0.371260056865449,0,0,2.8377602297200286,3.380791434126185,CDKN1A
Reactome_2022,RHO GTPases Activate WASPs And WAVEs R-HSA-5663213,1/36,0.3038080819844295,0.371260056865449,0,0,2.8377602297200286,3.380791434126185,ACTG1
Reactome_2022,ROS And RNS Production In Phagocytes R-HSA-1222556,1/36,0.3038080819844295,0.371260056865449,0,0,2.8377602297200286,3.380791434126185,CYBA
Reactome_2022,Mitochondrial Fatty Acid Beta-Oxidation R-HSA-77289,1/36,0.3038080819844295,0.371260056865449,0,0,2.8377602297200286,3.380791434126185,DBI
Reactome_2022,NR1H3 And NR1H2 Regulate Gene Expression Linked To Cholesterol Transport And Efflux R-HSA-9029569,1/36,0.3038080819844295,0.371260056865449,0,0,2.8377602297200286,3.380791434126185,APOE
Reactome_2022,Vesicle-mediated Transport R-HSA-5653656,8/637,0.3063447953324443,0.3736854530451617,0,0,1.2699390567037625,1.502393818532199,VAMP8;GJA1;UBB;APOE;RPS27A;UBA52;CTSC;CD55
Reactome_2022,Mitotic Prophase R-HSA-68875,2/112,0.3086170575351828,0.3757801222146021,0,0,1.808080808080808,2.1256775548508937,H2AZ1;H3-3B
Reactome_2022,RHOV GTPase Cycle R-HSA-9013424,1/37,0.3107825442509396,0.3770605420392224,0,0,2.758793969849246,3.2240971983470845,TPM3
Reactome_2022,Cleavage Of Damaged Purine R-HSA-110331,1/37,0.3107825442509396,0.3770605420392224,0,0,2.758793969849246,3.2240971983470845,H2AZ1
Reactome_2022,Signaling By Rho GTPases R-HSA-194315,8/644,0.3166880655551615,0.3835381402161795,0,0,1.255503144654088,1.4436252372740377,H2AZ1;GJA1;RPS27;TPM3;CYBA;MYL12B;H3-3B;ACTG1
Reactome_2022,Diseases Of Mitotic Cell Cycle R-HSA-9675126,1/38,0.3176874819497763,0.3840614737142832,0,0,2.684096156457965,3.07781854672427,CDKN1A
Reactome_2022,Metabolism Of Carbohydrates R-HSA-71387,4/285,0.3187709238724398,0.3846843412863489,0,0,1.417604764325659,1.6207227772940436,UBB;RPS27A;UBA52;DCN
Reactome_2022,Epigenetic Regulation Of Gene Expression R-HSA-212165,2/116,0.3233184189046689,0.3894778818477951,0,0,1.7442849548112709,1.969502884306064,H2AZ1;H3-3B
Reactome_2022,Chromosome Maintenance R-HSA-73886,2/118,0.3306405252999629,0.3975908270480903,0,0,1.7140369209334727,1.8969649746192256,H2AZ1;H3-3B
Reactome_2022,Diseases Associated With Glycosaminoglycan Metabolism R-HSA-3560782,1/40,0.3312915354401823,0.3976673217961053,0,0,2.54619250096637,2.8129227654318845,DCN
Reactome_2022,RHO GTPases Activate Formins R-HSA-5663220,2/119,0.3342934948533607,0.4005605239216375,0,0,1.6993006993006994,1.8619848571697335,RPS27;ACTG1
Reactome_2022,Binding And Uptake Of Ligands By Scavenger Receptors R-HSA-2173782,1/41,0.3379920100397979,0.4028531528115197,0,0,2.4824120603015074,2.6927543377926204,APOE
Reactome_2022,Signaling By Retinoic Acid R-HSA-5362517,1/41,0.3379920100397979,0.4028531528115197,0,0,2.4824120603015074,2.6927543377926204,CRABP2
Reactome_2022,MTOR Signaling R-HSA-165159,1/41,0.3379920100397979,0.4028531528115197,0,0,2.4824120603015074,2.6927543377926204,RPS6
Reactome_2022,"Signaling By Rho GTPases, Miro GTPases And RHOBTB3 R-HSA-9716542",8/660,0.3405781742161465,0.4052221861939036,0,0,1.2236707566462168,1.3180287345796142,H2AZ1;GJA1;RPS27;TPM3;CYBA;MYL12B;H3-3B;ACTG1
Reactome_2022,Cleavage Of Damaged Pyrimidine R-HSA-110329,1/42,0.344625677945044,0.4086017232378193,0,0,2.4217428606446867,2.579874053958348,H2AZ1
Reactome_2022,Vasopressin Regulates Renal Water Homeostasis Via Aquaporins R-HSA-432040,1/42,0.344625677945044,0.4086017232378193,0,0,2.4217428606446867,2.579874053958348,AQP3
Reactome_2022,Retinoid Metabolism And Transport R-HSA-975634,1/43,0.3511932019412653,0.4156604855143996,0,0,2.363962670495334,2.473694919601735,APOE
Reactome_2022,"Base-Excision Repair, AP Site Formation R-HSA-73929",1/44,0.3576952382847675,0.4226172361584426,0,0,2.308869931050602,2.373689018141451,H2AZ1
Reactome_2022,Cardiac Conduction R-HSA-5576891,2/126,0.3596901730363681,0.4242338800446362,0,0,1.6028022157054416,1.638884897548312,FXYD3;ATP1B3
Reactome_2022,Regulation Of Complement Cascade R-HSA-977606,1/45,0.3641324366778817,0.4287263645755234,0,0,2.256281407035176,2.279380404926681,CD55
Reactome_2022,NR1H2 And NR1H3-mediated Signaling R-HSA-9024446,1/46,0.3705054405101429,0.4354725403218173,0,0,2.2060301507537687,2.1903389894516705,APOE
Reactome_2022,DNA Repair R-HSA-73894,4/310,0.3754241757308193,0.4404890242110307,0,0,1.3001200480192077,1.2737259949705566,H2AZ1;UBB;RPS27A;UBA52
Reactome_2022,Metabolism Of Fat-Soluble Vitamins R-HSA-6806667,1/47,0.376814886705751,0.4413558448093312,0,0,2.1579637317019884,2.1061752538856453,APOE
Reactome_2022,ER To Golgi Anterograde Transport R-HSA-199977,2/133,0.3847267669681982,0.4498445962650608,0,0,1.5166165471508983,1.4487053288734584,CTSC;CD55
Reactome_2022,EPH-ephrin Mediated Repulsion Of Cells R-HSA-3928665,1/49,0.3892456229672477,0.4535615950926449,0,0,2.0678391959799,1.9510987409424116,EFNA1
Reactome_2022,Netrin-1 Signaling R-HSA-373752,1/49,0.3892456229672477,0.4535615950926449,0,0,2.0678391959799,1.9510987409424116,EZR
Reactome_2022,Membrane Trafficking R-HSA-199991,7/599,0.3920185463225354,0.4560078279387569,0,0,1.1767959669514074,1.1020060270078291,VAMP8;GJA1;UBB;RPS27A;UBA52;CTSC;CD55
Reactome_2022,Factors Involved In Megakaryocyte Development And Platelet Production R-HSA-983231,2/136,0.3953292015314795,0.4567649171390168,0,0,1.4824363033318255,1.375754908856019,IRF1;H3-3B
Reactome_2022,Aquaporin-mediated Transport R-HSA-445717,1/50,0.3953681557510544,0.4567649171390168,0,0,2.025535842477695,1.8795714928238212,AQP3
Reactome_2022,Chondroitin Sulfate/Dermatan Sulfate Metabolism R-HSA-1793185,1/50,0.3953681557510544,0.4567649171390168,0,0,2.025535842477695,1.8795714928238212,DCN
Reactome_2022,Neurotransmitter Release Cycle R-HSA-112310,1/50,0.3953681557510544,0.4567649171390168,0,0,2.025535842477695,1.8795714928238212,SLC38A2
Reactome_2022,Post-translational Protein Modification R-HSA-597592,15/1383,0.4107142001146441,0.4736857129090528,0,0,1.0924608819345665,0.972134709409546,HLA-B;TNFAIP3;LYPD3;HLA-A;NFKBIA;UBB;MYC;LY6D;APOE;RPS2;RPS27A;UBA52;CTSC;CD55;LY6E
Reactome_2022,Deposition Of New CENPA-containing Nucleosomes At Centromere R-HSA-606279,1/53,0.4133717413870322,0.4743265574898657,0,0,1.9083880943177425,1.6858852917962188,H2AZ1
Reactome_2022,Sensory Processing Of Sound By Outer Hair Cells Of Cochlea R-HSA-9662361,1/53,0.4133717413870322,0.4743265574898657,0,0,1.9083880943177425,1.6858852917962188,EZR
Reactome_2022,Heparan Sulfate/Heparin (HS-GAG) Metabolism R-HSA-1638091,1/53,0.4133717413870322,0.4743265574898657,0,0,1.9083880943177425,1.6858852917962188,DCN
Reactome_2022,RHOJ GTPase Cycle R-HSA-9013409,1/54,0.4192535996279672,0.4802617376448965,0,0,1.8722859580923483,1.627539412897697,GJA1
Reactome_2022,Neddylation R-HSA-8951664,3/237,0.4234857210027232,0.4828472762065267,0,0,1.2733307301835222,1.0940909438207178,UBB;RPS27A;UBA52
Reactome_2022,Complement Cascade R-HSA-166658,1/55,0.4250767749174149,0.4828472762065267,0,0,1.8375209380234503,1.5719724807707876,CD55
Reactome_2022,ECM Proteoglycans R-HSA-3000178,1/55,0.4250767749174149,0.4828472762065267,0,0,1.8375209380234503,1.5719724807707876,DCN
Reactome_2022,Golgi Associated Vesicle Biogenesis R-HSA-432722,1/55,0.4250767749174149,0.4828472762065267,0,0,1.8375209380234503,1.5719724807707876,VAMP8
Reactome_2022,Intrinsic Pathway For Apoptosis R-HSA-109606,1/55,0.4250767749174149,0.4828472762065267,0,0,1.8375209380234503,1.5719724807707876,PMAIP1
Reactome_2022,mRNA 3-End Processing R-HSA-72187,1/58,0.4421999998339941,0.5014562812187839,0,0,1.740544829410209,1.4202724160163902,EIF4A3
Reactome_2022,RHOQ GTPase Cycle R-HSA-9013406,1/59,0.4477942115947188,0.5069509719893389,0,0,1.7104487957026513,1.3742113392020114,GJA1
Reactome_2022,FCGR3A-mediated Phagocytosis R-HSA-9664422,1/60,0.4533325962584122,0.5115102794449085,0,0,1.681372966527553,1.330183274831934,ACTG1
Reactome_2022,Transcriptional Regulation By MECP2 R-HSA-8986944,1/60,0.4533325962584122,0.5115102794449085,0,0,1.681372966527553,1.330183274831934,SGK1
Reactome_2022,Ca2+ Pathway R-HSA-4086398,1/61,0.4588157080798082,0.5168356645092016,0,0,1.6532663316582914,1.288070804786777,MYC
Reactome_2022,Regulation Of Actin Dynamics For Phagocytic Cup Formation R-HSA-2029482,1/62,0.4642440960951576,0.5220818157083418,0,0,1.6260812258011368,1.2477649663473405,ACTG1
Reactome_2022,Semaphorin Interactions R-HSA-373755,1/64,0.4749388686968527,0.5332232406430668,0,0,1.574300071787509,1.1721753146425786,MYL12B
Reactome_2022,COPII-mediated Vesicle Transport R-HSA-204005,1/66,0.4854211976341649,0.5440896536396186,0,0,1.525705450328566,1.1026857881843173,CTSC
Reactome_2022,Transport To Golgi And Subsequent Modification R-HSA-948021,2/164,0.4897446696071709,0.5471587736778946,0,0,1.224466891133558,0.8741115339838216,CTSC;CD55
Reactome_2022,RNA Polymerase II Transcription Termination R-HSA-73856,1/67,0.4905840112592053,0.5471587736778946,0,0,1.5025125628140703,1.0700274503610792,EIF4A3
Reactome_2022,Sensory Processing Of Sound By Inner Hair Cells Of Cochlea R-HSA-9662360,1/67,0.4905840112592053,0.5471587736778946,0,0,1.5025125628140703,1.0700274503610792,EZR
Reactome_2022,trans-Golgi Network Vesicle Budding R-HSA-199992,1/71,0.5107249334696091,0.5679082162625988,0,0,1.416367552045944,0.9516915272016224,VAMP8
Reactome_2022,RAF/MAP Kinase Cascade R-HSA-5673001,3/271,0.5108657366379951,0.5679082162625988,0,0,1.109856807333889,0.7454336261293657,UBB;RPS27A;UBA52
Reactome_2022,Base Excision Repair R-HSA-73884,1/72,0.5156351033007534,0.5722704343190328,0,0,1.396347936867436,0.9248793332622998,H2AZ1
Reactome_2022,Hemostasis R-HSA-109582,6/576,0.5175133172126378,0.5734149193992729,0,0,1.0434074877916442,0.6873134016743971,ANXA2;IRF1;TAGLN2;ATP1B3;S100A10;H3-3B
Reactome_2022,Transport Of Mature mRNA Derived From An Intron-Containing Transcript R-HSA-159236,1/74,0.5253088319278648,0.5804474350421854,0,0,1.3579541543333105,0.8742087038575203,EIF4A3
Reactome_2022,MAPK1/MAPK3 Signaling R-HSA-5684996,3/277,0.5255750039599109,0.5804474350421854,0,0,1.0852199044054984,0.6980811277837914,UBB;RPS27A;UBA52
Reactome_2022,Sensory Processing Of Sound R-HSA-9659379,1/75,0.5300733603880184,0.5844619950858119,0,0,1.3395355154149124,0.8502565938086776,EZR
Reactome_2022,Regulation Of Insulin Secretion R-HSA-422356,1/77,0.5394601334395485,0.5938447322578444,0,0,1.3041523406506217,0.8049050782659102,MARCKS
Reactome_2022,mRNA Splicing - Major Pathway R-HSA-72163,2/181,0.542419823769602,0.596133475149384,0,0,1.10721742565318,0.6773015017493654,EIF4A3;HNRNPA1
Reactome_2022,COPI-mediated Anterograde Transport R-HSA-6807878,1/80,0.5531916072648388,0.6069865771771409,0,0,1.254436740665352,0.7426903392796255,CD55
Reactome_2022,TP53 Regulates Metabolic Genes R-HSA-5628897,1/81,0.5576776229377498,0.610918690499768,0,0,1.2386934673366834,0.7233650516865618,DDIT4
Reactome_2022,mRNA Splicing R-HSA-72172,2/189,0.5658777669000009,0.6185985378657464,0,0,1.05941770647653,0.603208270014294,EIF4A3;HNRNPA1
Reactome_2022,Transport Of Mature Transcript To Cytoplasm R-HSA-72202,1/83,0.5665156476761636,0.6185985378657464,0,0,1.208358867508273,0.6866506239569532,EIF4A3
Reactome_2022,RAC2 GTPase Cycle R-HSA-9013404,1/87,0.5836679914950987,0.635278505212511,0,0,1.1519224027112305,0.6202214761277236,CYBA
Reactome_2022,Fcgamma Receptor (FCGR) Dependent Phagocytosis R-HSA-2029480,1/87,0.5836679914950987,0.635278505212511,0,0,1.1519224027112305,0.6202214761277236,ACTG1
Reactome_2022,Peptide Hormone Metabolism R-HSA-2980736,1/89,0.591989195722158,0.6422703293331746,0,0,1.1256281407035176,0.5901295699518402,KLF4
Reactome_2022,Unfolded Protein Response (UPR) R-HSA-381119,1/89,0.591989195722158,0.6422703293331746,0,0,1.1256281407035176,0.5901295699518402,HERPUD1
Reactome_2022,Antigen Processing: Ubiquitination And Proteasome Degradation R-HSA-983168,3/307,0.5952868706141385,0.6448147382492349,0,0,0.9766230296553566,0.5065859425088708,UBB;RPS27A;UBA52
Reactome_2022,HCMV Late Events R-HSA-9610379,1/91,0.6001448988156681,0.6490384928086379,0,0,1.100502512562814,0.5618991453376235,CEBPD
Reactome_2022,Class B/2 (Secretin Family Receptors) R-HSA-373080,1/92,0.6041617136020576,0.6523404786420941,0,0,1.0883538571980782,0.5484360698708618,CD55
Reactome_2022,Unattached Kinetochores Signal Amplification Via A MAD2 Inhibitory Signal R-HSA-141444,1/93,0.6081383763355012,0.6535074298081497,0,0,1.0764693030369237,0.5353850545471538,RPS27
Reactome_2022,RAC3 GTPase Cycle R-HSA-9013423,1/93,0.6081383763355012,0.6535074298081497,0,0,1.0764693030369237,0.5353850545471538,CYBA
Reactome_2022,VEGFA-VEGFR2 Pathway R-HSA-4420097,1/93,0.6081383763355012,0.6535074298081497,0,0,1.0764693030369237,0.5353850545471538,CYBA
Reactome_2022,Metabolism Of Nucleotides R-HSA-15869,1/95,0.6159728391110465,0.6608773567007582,0,0,1.0534587832780926,0.5104559909803796,APRT
Reactome_2022,EML4 And NUDC In Mitotic Spindle Formation R-HSA-9648025,1/97,0.6236514348962008,0.6680569959252024,0,0,1.0314070351758795,0.4869929254325685,RPS27
Reactome_2022,Visual Phototransduction R-HSA-2187338,1/98,0.6274332493027582,0.6710463029667729,0,0,1.0207221675387246,0.4757769643136218,APOE
Reactome_2022,L1CAM Interactions R-HSA-373760,1/99,0.6311772493570809,0.6739858009696273,0,0,1.0102553584247769,0.464887747030177,EZR
Reactome_2022,Signaling By VEGF R-HSA-194138,1/102,0.642186106799596,0.6846614083516952,0,0,0.9800985123637992,0.4340632175669919,CYBA
Reactome_2022,RHO GTPase Cycle R-HSA-9012999,4/441,0.6462480426086027,0.6879086868648177,0,0,0.9042637650025686,0.3947761337202347,GJA1;TPM3;CYBA;ACTG1
Reactome_2022,Transport Of Inorganic Cations/Anions And Amino Acids/Oligopeptides R-HSA-425393,1/104,0.6493430720264805,0.689036457307096,0,0,0.9609698980338586,0.4149411183845573,SLC38A2
Reactome_2022,MHC Class II Antigen Presentation R-HSA-2132295,1/104,0.6493430720264805,0.689036457307096,0,0,0.9609698980338586,0.4149411183845573,CTSC
Reactome_2022,PI3K/AKT Signaling In Cancer R-HSA-2219528,1/105,0.6528679573920863,0.6906118861788163,0,0,0.9516814843448008,0.4057783123183748,CDKN1A
Reactome_2022,Integration Of Energy Metabolism R-HSA-163685,1/105,0.6528679573920863,0.6906118861788163,0,0,0.9516814843448008,0.4057783123183748,MARCKS
Reactome_2022,"PI5P, PP2A And IER3 Regulate PI3K/AKT Signaling R-HSA-6811558",1/106,0.6563575850020138,0.6910638958730378,0,0,0.9425699928212492,0.3968686613882323,IER3
Reactome_2022,Post-translational Protein Phosphorylation R-HSA-8957275,1/106,0.6563575850020138,0.6910638958730378,0,0,0.9425699928212492,0.3968686613882323,APOE
Reactome_2022,Resolution Of Sister Chromatid Cohesion R-HSA-2500257,1/106,0.6563575850020138,0.6910638958730378,0,0,0.9425699928212492,0.3968686613882323,RPS27
Reactome_2022,Degradation Of Extracellular Matrix R-HSA-1474228,1/109,0.6666184129739804,0.7007774310301006,0,0,0.916247906197655,0.3715728772578474,DCN
Reactome_2022,Mitotic Spindle Checkpoint R-HSA-69618,1/110,0.6699704840956059,0.7032093298181786,0,0,0.9077958600341156,0.3635918695397154,RPS27
Reactome_2022,Negative Regulation Of PI3K/AKT Network R-HSA-199418,1/113,0.6798268039735822,0.7124500716565251,0,0,0.8833452979181622,0.3408981557475202,IER3
Reactome_2022,Chromatin Modifying Enzymes R-HSA-3247509,2/238,0.6905168789780503,0.722534663165595,0,0,0.837356617017634,0.3100855999567537,H2AZ1;RPS2
Reactome_2022,Processing Of Capped Intron-Containing Pre-mRNA R-HSA-72203,2/242,0.6992740996180559,0.7305687738293578,0,0,0.8232323232323232,0.294480478051793,EIF4A3;HNRNPA1
Reactome_2022,Glycosaminoglycan Metabolism R-HSA-1630316,1/120,0.701700639474265,0.7319743188352501,0,0,0.8310882141801444,0.294411674622422,DCN
Reactome_2022,HCMV Infection R-HSA-9609646,1/121,0.7047016248848418,0.7339738462262121,0,0,0.8241206030150754,0.2884263820632575,CEBPD
Reactome_2022,Regulation Of IGF Transport And Uptake By IGFBPs R-HSA-381426,1/123,0.7106137702230504,0.738994658127504,0,0,0.8105280500864981,0.2768976317492876,APOE
Reactome_2022,Platelet Degranulation R-HSA-114608,1/125,0.7164081282131235,0.7438777650311112,0,0,0.7973739666072297,0.2659284143992235,TAGLN2
Reactome_2022,Response To Elevated Platelet Cytosolic Ca2+ R-HSA-76005,1/130,0.7303939147263233,0.757238407763738,0,0,0.7662732265981068,0.2407410413206643,TAGLN2
Reactome_2022,Cell Surface Interactions At Vascular Wall R-HSA-202733,1/134,0.7410866611649599,0.7671493419092934,0,0,0.7430762836740091,0.2226536751666657,ATP1B3
Reactome_2022,Diseases Of Glycosylation R-HSA-3781865,1/143,0.76362742236206,0.7892759770062819,0,0,0.6956614056196475,0.1876026814442347,DCN
Reactome_2022,Metabolism Of Steroids R-HSA-8957322,1/153,0.7863891079150508,0.8115631494794046,0,0,0.6495636075112404,0.1560924478581284,TSPO
Reactome_2022,Anti-inflammatory Response Favoring Leishmania Infection R-HSA-9662851,1/165,0.8108416098036432,0.8355247638311514,0,0,0.6016668709400662,0.1261590415104338,PLK2
Reactome_2022,SUMO E3 Ligases SUMOylate Target Proteins R-HSA-3108232,1/168,0.8165063001156674,0.8400832297542656,0,0,0.5907682123190804,0.1197609163547349,NFKBIA
Reactome_2022,Fatty Acid Metabolism R-HSA-8978868,1/173,0.8255747771016111,0.8481246192682712,0,0,0.5734486385415449,0.1099160176513599,DBI
Reactome_2022,SUMOylation R-HSA-2990846,1/174,0.8273342321436886,0.8486443563049655,0,0,0.5701048595579051,0.1080613895941531,NFKBIA
Reactome_2022,RAC1 GTPase Cycle R-HSA-9013149,1/178,0.8341972043024418,0.8543895723339684,0,0,0.5571075717570906,0.1009954960513889,CYBA
Reactome_2022,Metabolism Of Vitamins And Cofactors R-HSA-196854,1/186,0.8471194043176771,0.8650072952082464,0,0,0.5327991307890806,0.0883986330790981,APOE
Reactome_2022,Mitotic Prometaphase R-HSA-68877,1/186,0.8471194043176771,0.8650072952082464,0,0,0.5327991307890806,0.0883986330790981,RPS27
Reactome_2022,Peptide Ligand-Binding Receptors R-HSA-375276,1/196,0.8618716082753269,0.8787456006060186,0,0,0.5052183996907615,0.075100192580976,ANXA1
Reactome_2022,G Alpha (Q) Signaling Events R-HSA-416476,1/212,0.8825844796760208,0.8985108161513776,0,0,0.4665269475338779,0.0582695736095748,ANXA1
Reactome_2022,Transmission Across Chemical Synapses R-HSA-112315,1/246,0.9168999781627214,0.931500547003002,0,0,0.4010870679930263,0.0347970657329219,SLC38A2
Reactome_2022,SLC-mediated Transmembrane Transport R-HSA-425407,1/247,0.9177413070177284,0.931500547003002,0,0,0.3994362054173305,0.0342874955096515,SLC38A2
Reactome_2022,"Platelet Activation, Signaling And Aggregation R-HSA-76002",1/254,0.9233979821458576,0.935838972923272,0,0,0.38824557570461,0.0309412133568371,TAGLN2
Reactome_2022,GPCR Ligand Binding R-HSA-500792,2/458,0.945524734785077,0.9568314580709972,0,0,0.4284954811270601,0.0240022732256469,ANXA1;CD55
Reactome_2022,Extracellular Matrix Organization R-HSA-1474244,1/291,0.9474576247830658,0.957356435788262,0,0,0.3380696586380177,0.0182466560691828,DCN
Reactome_2022,G Alpha (I) Signaling Events R-HSA-418594,1/312,0.9575922411690538,0.9661549139663926,0,0,0.3149024867100777,0.0136457409844075,ANXA1
Reactome_2022,Class A/1 (Rhodopsin-like Receptors) R-HSA-373076,1/327,0.9636160057654586,0.9707857677131184,0,0,0.3001818910503437,0.0111254607172867,ANXA1
Reactome_2022,Neuronal System R-HSA-112316,1/386,0.9801061448426408,0.9859314413944544,0,0,0.2534099066762383,0.0050921205656449,SLC38A2
Reactome_2022,Sensory Perception R-HSA-9709957,2/616,0.9862139658124416,0.9906036422181352,0,0,0.3156318889217912,0.0043815842239424,APOE;EZR
Reactome_2022,Signaling By GPCR R-HSA-372790,2/689,0.9928558776886018,0.9957976728817534,0,0,0.2810198050372723,0.0020148456111594,ANXA1;CD55
Reactome_2022,Metabolism Of Lipids R-HSA-556833,2/732,0.9951755740205468,0.9966477272365536,0,0,0.2638715926387159,0.0012761096962706,TSPO;DBI
Reactome_2022,GPCR Downstream Signaling R-HSA-388396,1/619,0.9981970032728767,0.9981970032728767,0,0,0.1559740449821925,0.00028147451775639254,ANXA1
