Gene_set,Term,Overlap,P-value,Adjusted P-value,Old P-value,Old Adjusted P-value,Odds Ratio,Combined Score,Genes
GO_Biological_Process_2023,Substantia Nigra Development (GO:0021762),7/42,1.8054455978466818e-07,0.00028652421637826835,0,0,20.48186528497409,318.02782558404823,YWHAE;CNP;YWHAQ;PLP1;NDRG2;DYNLL1;CALM2
GO_Biological_Process_2023,Myelination (GO:0042552),7/48,4.683818210221806e-07,0.0003716609749811003,0,0,17.479211424238596,254.74171296424544,PLLP;MPZ;PLP1;PMP22;MAL;GPM6B;BCAS1
GO_Biological_Process_2023,Axon Development (GO:0061564),7/99,6.162159800642485e-05,0.0244538492228992,0,0,7.769542689794999,75.32181709185066,SEMA5A;CRTAC1;S100A6;PLP1;ANK3;S100B;GPM6B
GO_Biological_Process_2023,Cytoskeleton-Dependent Intracellular Transport (GO:0030705),4/22,6.16354107697523e-05,0.0244538492228992,0,0,22.428571428571427,217.428716911634,TUBA1B;TUBA1A;TUBB2A;KIF1A
GO_Biological_Process_2023,Myelin Assembly (GO:0032288),3/9,7.91555905106562e-05,0.0251239844280822,0,0,50.23857868020305,474.45791686900793,PMP22;CD9;NCMAP
GO_Biological_Process_2023,Neuron Projection Development (GO:0031175),9/192,0.0001398199449629582,0.0303915894677977,0,0,5.051154407347009,44.82977865028632,GPM6A;BLOC1S1;STMN1;PLP1;LAMB1;HMGB1;PPP1R9A;GPM6B;GAS7
GO_Biological_Process_2023,Regulation Of Muscle System Process (GO:0090257),3/11,0.00015320271943439296,0.0303915894677977,0,0,37.6751269035533,330.92884130781977,ATP1A2;DMD;MYL9
GO_Biological_Process_2023,Central Nervous System Myelination (GO:0022010),3/11,0.00015320271943439296,0.0303915894677977,0,0,37.6751269035533,330.92884130781977,PLP1;CLU;GPM6B
GO_Biological_Process_2023,Cardiac Muscle Cell Action Potential (GO:0086001),4/29,0.00018946001545207968,0.0312936733387217,0,0,16.142857142857142,138.36579697475634,YWHAE;ATP1A2;DMD;ATP1A1
GO_Biological_Process_2023,Negative Regulation Of Cell Cycle Phase Transition (GO:1901988),3/12,0.00020276702349047895,0.0312936733387217,0,0,33.48730964467005,284.75776049641166,SOX2;RGCC;ZFP36L2
GO_Biological_Process_2023,Negative Regulation Of Axon Extension (GO:0030517),4/30,0.00021690636844734663,0.0312936733387217,0,0,15.521193092621663,130.93747995826848,SEMA5A;MAG;SEMA3B;MT3
GO_Biological_Process_2023,Regulation Of Cation Channel Activity (GO:2001257),5/56,0.00024017285785957223,0.0317628604519284,0,0,9.929110105580694,82.75070939715789,ITGB1;DMD;ANK3;CALM2;VAMP2
GO_Biological_Process_2023,Negative Regulation Of Protein-Containing Complex Assembly (GO:0031333),5/59,0.00030724672721336934,0.0375077350836628,0,0,9.376068376068377,75.83232332652554,HMGB1;PARK7;CLU;CRYAB;SVIP
GO_Biological_Process_2023,Negative Regulation Of Cellular Process (GO:0048523),15/537,0.0003446325130889834,0.0384979197652461,0,0,2.994408201304753,23.87451207496684,SEMA5A;COL18A1;PARK7;DYNLL1;CLU;MT3;DNAJB2;NR4A1;AZGP1;RGCC;TMEM98;SFRP5;FTH1;CLDN19;CRYAB
GO_Biological_Process_2023,"Regulation Of mRNA Splicing, Via Spliceosome (GO:0048024)",6/94,0.00036387447793238354,0.0384979197652461,0,0,6.927835051546392,54.85945844239905,DDX17;HNRNPK;PUF60;CELF2;QKI;RBM11
GO_Biological_Process_2023,Regulation Of Cardiac Muscle Contraction By Regulation Of The Release Of Sequestered Calcium Ion (GO:0010881),3/16,0.0005011239651713426,0.0497052332954325,0,0,23.178836392034363,176.1280286078286,ATP1A2;DMD;CALM2
GO_Biological_Process_2023,Axonogenesis (GO:0007409),8/188,0.0006243441343839183,0.0582843612510163,0,0,4.541666666666667,33.51209016742436,SEMA5A;KIF5B;FEZ1;FEZ2;SEMA3B;S100A6;ANK3;S100B
GO_Biological_Process_2023,Negative Regulation Of Supramolecular Fiber Organization (GO:1902904),5/71,0.0007253797494594338,0.0628788569048498,0,0,7.666666666666667,55.42091690043706,STMN1;CLU;CRYAB;KANK4;SNCA
GO_Biological_Process_2023,Neuron Development (GO:0048666),7/150,0.0007941118380995317,0.0628788569048498,0,0,4.985651654045436,35.589008662357394,GPM6A;BLOC1S1;STMN1;DMD;LAMB1;HMGB1;PPP1R9A
GO_Biological_Process_2023,Negative Regulation Of Calcium Ion Transmembrane Transport (GO:1903170),3/19,0.0008481701801219675,0.0628788569048498,0,0,18.82994923857868,133.17348392535672,YWHAE;ATP1A2;CALM2
GO_Biological_Process_2023,Cilium Disassembly (GO:0061523),2/5,0.0009754681839454336,0.0628788569048498,0,0,66.65656565656566,462.1028413784856,KIF19;NEDD9
GO_Biological_Process_2023,Plasma Membrane Raft Assembly (GO:0044854),2/5,0.0009754681839454336,0.0628788569048498,0,0,66.65656565656566,462.1028413784856,CAV2;EMP2
GO_Biological_Process_2023,Cellular Response To Copper Ion (GO:0071280),3/20,0.0009905301969888136,0.0628788569048498,0,0,17.721409375933113,122.5837770787782,MT2A;MT3;SNCA
GO_Biological_Process_2023,Peripheral Nervous System Development (GO:0007422),3/20,0.0009905301969888136,0.0628788569048498,0,0,17.721409375933113,122.5837770787782,GSTM3;EGR2;PMP22
GO_Biological_Process_2023,Regulation Of Cardiac Muscle Contraction By Calcium Ion Signaling (GO:0010882),3/20,0.0009905301969888136,0.0628788569048498,0,0,17.721409375933113,122.5837770787782,ATP1A2;DMD;CALM2
GO_Biological_Process_2023,Cellular Response To Oxidative Stress (GO:0034599),6/117,0.0011567063268796,0.0706035746445411,0,0,5.48592922819727,37.096833699330126,PARK7;FOS;MT3;ZFP36L2;RBM11;SNCA
GO_Biological_Process_2023,Regulation Of Release Of Sequestered Calcium Ion Into Cytosol By Sarcoplasmic Reticulum (GO:0010880),3/22,0.0013185462203513,0.0745776498323969,0,0,15.854394870424793,105.13406751270358,ATP1A2;DMD;CALM2
GO_Biological_Process_2023,Bleb Assembly (GO:0032060),2/6,0.0014535707837741,0.0745776498323969,0,0,49.98989898989899,326.6206097208578,PMP22;EMP2
GO_Biological_Process_2023,Intracellular Sequestering Of Iron Ion (GO:0006880),2/6,0.0014535707837741,0.0745776498323969,0,0,49.98989898989899,326.6206097208578,FTH1;FTL
GO_Biological_Process_2023,Regulation Of Cysteine-Type Endopeptidase Activity Involved In Apoptotic Process (GO:0043281),5/84,0.0015493286238675,0.0745776498323969,0,0,6.40084388185654,41.41303482134472,SOX2;FIS1;HMGB1;UACA;SNCA
GO_Biological_Process_2023,Receptor Internalization (GO:0031623),4/51,0.0016795486223,0.0745776498323969,0,0,8.577073382544507,54.80089627367308,ITGB1;CD9;RAMP1;SNCA
GO_Biological_Process_2023,Response To Copper Ion (GO:0046688),3/24,0.0017076659731305,0.0745776498323969,0,0,14.343002175489485,91.40261395182884,MT2A;MT3;SNCA
GO_Biological_Process_2023,Natural Killer Cell Mediated Cytotoxicity (GO:0042267),3/24,0.0017076659731305,0.0745776498323969,0,0,14.343002175489485,91.40261395182884,TUBB2A;KIF5B;VAMP2
GO_Biological_Process_2023,Cell-Cell Adhesion Via Plasma-Membrane Adhesion Molecules (GO:0098742),7/172,0.0017549362593071,0.0745776498323969,0,0,4.316062176165803,27.386807483204308,ITGB1;MAG;CADM3;CADM4;MPZ;CLDN19;CDH7
GO_Biological_Process_2023,Negative Regulation Of Neuron Death (GO:1901215),5/88,0.0019039709857819,0.0745776498323969,0,0,6.091133765832561,38.15372640786974,MAG;PARK7;CLU;MT3;SNCA
GO_Biological_Process_2023,Activation Of Protein Kinase B Activity (GO:0032148),3/25,0.0019263332020576,0.0745776498323969,0,0,13.690355329949238,85.59397680666795,PARK7;FGF1;MT3
GO_Biological_Process_2023,Regulation Of Myelination (GO:0031641),3/25,0.0019263332020576,0.0745776498323969,0,0,13.690355329949238,85.59397680666795,EGR2;TMEM98;NCMAP
GO_Biological_Process_2023,"Regulation Of Alternative mRNA Splicing, Via Spliceosome (GO:0000381)",4/53,0.001937740092534,0.0745776498323969,0,0,8.226155768429821,51.382484683548725,DDX17;PUF60;CELF2;RBM11
GO_Biological_Process_2023,Positive Regulation Of Protein Modification Process (GO:0031401),8/225,0.0019724031324471,0.0745776498323969,0,0,3.760176651305684,23.420270107307864,LIMCH1;CLDN19;DYNLL1;FGF1;CALM2;SVIP;RAMP1;MT3
GO_Biological_Process_2023,Cellular Response To Chemical Stress (GO:0062197),5/89,0.0020011939426603,0.0745776498323969,0,0,6.018315018315018,37.39787756211575,PARK7;MT3;ZFP36L2;RBM11;SNCA
GO_Biological_Process_2023,Axon Ensheathment In Central Nervous System (GO:0032291),2/7,0.0020216133697869,0.0745776498323969,0,0,39.98989898989899,248.09171029141777,PLP1;GPM6B
GO_Biological_Process_2023,Positive Regulation Of Leukocyte Differentiation (GO:1902107),2/7,0.0020216133697869,0.0745776498323969,0,0,39.98989898989899,248.09171029141777,LGALS1;HMGB1
GO_Biological_Process_2023,Regulation Of Focal Adhesion Assembly (GO:0051893),4/54,0.0020765932331265,0.0745776498323969,0,0,8.061224489795919,49.79439807569174,LIMCH1;APOD;DYNLL1;GPM6B
GO_Biological_Process_2023,Plasma Membrane Bounded Cell Projection Organization (GO:0120036),6/132,0.0021411000582919,0.0745776498323969,0,0,4.829160530191458,29.682123892270933,GPM6A;BLOC1S1;STMN1;LAMB1;HMGB1;PPP1R9A
GO_Biological_Process_2023,Regulation Of Potassium Ion Transmembrane Transporter Activity (GO:1901016),3/26,0.0021616710096346,0.0745776498323969,0,0,13.094460384021188,80.35905008065508,ITGB1;YWHAE;VAMP2
GO_Biological_Process_2023,Negative Regulation Of Protein Polymerization (GO:0032272),3/26,0.0021616710096346,0.0745776498323969,0,0,13.094460384021188,80.35905008065508,STMN1;KANK4;SNCA
GO_Biological_Process_2023,Cellular Response To Fibroblast Growth Factor Stimulus (GO:0044344),4/55,0.0022221695468688,0.0750336823591668,0,0,7.902761104441777,48.28011150302565,NR4A1;FGF7;FGF1;ZFP36L2
GO_Biological_Process_2023,Cellular Response To Metal Ion (GO:0071248),6/135,0.0023969205477966,0.078593402626427,0,0,4.7161352193718535,28.45513419494503,MT2A;ANK3;FOS;CLU;MT3;SNCA
GO_Biological_Process_2023,Regulation Of Endothelial Cell Proliferation (GO:0001936),5/93,0.0024266394005639,0.078593402626427,0,0,5.743589743589744,34.583577920617785,SEMA5A;NR4A1;SPARC;RGCC;CAV2
GO_Biological_Process_2023,Regulation Of Cell Death (GO:0010941),4/59,0.0028749370578511,0.0912505022161968,0,0,7.326530612244898,42.87283866824234,PARK7;CLU;CRYAB;SNCA
GO_Biological_Process_2023,Regulation Of Striated Muscle Contraction (GO:0006942),3/29,0.002971884860348,0.0924780641837707,0,0,11.581803982819212,67.38940857682955,ATP1A2;DMD;CALM2
GO_Biological_Process_2023,Negative Regulation Of Calcium Ion Transmembrane Transporter Activity (GO:1901020),3/30,0.0032779948419926,0.095226454890222,0,0,11.152284263959393,63.79690278522437,YWHAE;ATP1A2;CALM2
GO_Biological_Process_2023,SNARE Complex Assembly (GO:0035493),2/9,0.0034202318391573,0.095226454890222,0,0,28.561327561327563,162.17255858986445,VAMP2;SNCA
GO_Biological_Process_2023,T-helper 1 Type Immune Response (GO:0042088),2/9,0.0034202318391573,0.095226454890222,0,0,28.561327561327563,162.17255858986445,TMEM98;HMGB1
GO_Biological_Process_2023,"Wound Healing, Spreading Of Epidermal Cells (GO:0035313)",2/9,0.0034202318391573,0.095226454890222,0,0,28.561327561327563,162.17255858986445,ITGB1;ARHGAP24
GO_Biological_Process_2023,Negative Regulation Of Protein Localization To Cell Surface (GO:2000009),2/9,0.0034202318391573,0.095226454890222,0,0,28.561327561327563,162.17255858986445,TAX1BP3;GPM6B
GO_Biological_Process_2023,Positive Regulation Of Sodium Ion Transmembrane Transport (GO:1902307),2/9,0.0034202318391573,0.095226454890222,0,0,28.561327561327563,162.17255858986445,FXYD1;DMD
GO_Biological_Process_2023,Regulation Of Calcium Ion Transmembrane Transporter Activity (GO:1901019),3/32,0.0039464456405227,0.1079829177846473,0,0,10.382110974969368,57.46436072810552,YWHAE;DMD;CALM2
GO_Biological_Process_2023,Regulation Of Dendritic Cell Differentiation (GO:2001198),2/10,0.0042472321345398,0.1087154418953988,0,0,24.98989898989899,136.4820277236255,LGALS1;HMGB1
GO_Biological_Process_2023,Removal Of Superoxide Radicals (GO:0019430),2/10,0.0042472321345398,0.1087154418953988,0,0,24.98989898989899,136.4820277236255,PRDX1;MT3
GO_Biological_Process_2023,Negative Regulation Of Oxidoreductase Activity (GO:0051354),2/10,0.0042472321345398,0.1087154418953988,0,0,24.98989898989899,136.4820277236255,MT3;SNCA
GO_Biological_Process_2023,Neuron Projection Fasciculation (GO:0106030),2/10,0.0042472321345398,0.1087154418953988,0,0,24.98989898989899,136.4820277236255,SEMA5A;CRTAC1
GO_Biological_Process_2023,Regulation Of Cell Migration (GO:0030334),11/434,0.0044246174870095,0.1091225546150704,0,0,2.666103793763368,14.45180610153789,SEMA5A;ITGB1;FGF7;LIMCH1;SEMA3B;CLDN19;NEDD9;LAMB1;ITGA6;DYNLL1;FGF1
GO_Biological_Process_2023,Regulation Of Angiogenesis (GO:0045765),7/205,0.0046506878361042,0.1091225546150704,0,0,3.5906735751295336,19.2845747303912,SEMA5A;ITGB1;SPARC;RGCC;EMP2;FGF1;GLUL
GO_Biological_Process_2023,Supramolecular Fiber Organization (GO:0097435),9/316,0.0046523988502965,0.1091225546150704,0,0,2.99191636679912,16.067704811948587,COL18A1;MARCKSL1;STMN1;EMP2;TBCB;VIM;PPP1R9A;MYL9;SNCA
GO_Biological_Process_2023,Negative Regulation Of Ras Protein Signal Transduction (GO:0046580),3/34,0.0046920695585813,0.1091225546150704,0,0,9.711314884558703,52.07091984713094,STMN1;DYNLL1;ARHGAP24
GO_Biological_Process_2023,Cell-Matrix Adhesion (GO:0007160),5/109,0.004800042097825,0.1091225546150704,0,0,4.856015779092703,25.9269023952046,ITGB1;SGCE;EMP2;ITGA6;DYNLL1
GO_Biological_Process_2023,Positive Regulation Of Cysteine-Type Endopeptidase Activity Involved In Apoptotic Process (GO:0043280),5/109,0.004800042097825,0.1091225546150704,0,0,4.856015779092703,25.9269023952046,FIS1;HMGB1;DYNLL1;UACA;SNCA
GO_Biological_Process_2023,Negative Regulation Of Cell Population Proliferation (GO:0008285),10/379,0.0049684587287001,0.1091225546150704,0,0,2.771501925545571,14.701835500054944,SOX2;DNAJB2;COL18A1;AZGP1;RGCC;SFRP5;FTH1;CLDN19;APOD;DYNLL1
GO_Biological_Process_2023,Regulation Of Heart Contraction (GO:0008016),4/69,0.0050547479900121,0.1091225546150704,0,0,6.196232339089482,32.76212791134876,CELF2;FXYD1;ATP1A2;CALM2
GO_Biological_Process_2023,Cellular Response To Superoxide (GO:0071451),2/11,0.0051570205394645,0.1091225546150704,0,0,22.21212121212121,117.00004466783103,PRDX1;MT3
GO_Biological_Process_2023,Negative Regulation Of Amyloid Fibril Formation (GO:1905907),2/11,0.0051570205394645,0.1091225546150704,0,0,22.21212121212121,117.00004466783103,CLU;CRYAB
GO_Biological_Process_2023,Negative Regulation Of Microtubule Polymerization (GO:0031115),2/11,0.0051570205394645,0.1091225546150704,0,0,22.21212121212121,117.00004466783103,STMN1;SNCA
GO_Biological_Process_2023,Negative Regulation Of Platelet-Derived Growth Factor Receptor Signaling Pathway (GO:0010642),2/11,0.0051570205394645,0.1091225546150704,0,0,22.21212121212121,117.00004466783103,APOD;SNCA
GO_Biological_Process_2023,Positive Regulation Of Myelination (GO:0031643),2/11,0.0051570205394645,0.1091225546150704,0,0,22.21212121212121,117.00004466783103,EGR2;NCMAP
GO_Biological_Process_2023,Negative Regulation Of Epithelial Cell Proliferation (GO:0050680),4/70,0.0053199003877868,0.1110879199397069,0,0,6.1020408163265305,31.95212059737399,SOX2;SPARC;RGCC;CAV2
GO_Biological_Process_2023,Regulation Of Sodium Ion Transmembrane Transporter Activity (GO:2000649),3/37,0.0059604378312344,0.1130609777410793,0,0,8.853090474768587,45.35094165112317,FXYD1;DMD;FXYD6
GO_Biological_Process_2023,Negative Regulation Of Endothelial Cell Proliferation (GO:0001937),3/37,0.0059604378312344,0.1130609777410793,0,0,8.853090474768587,45.35094165112317,SPARC;RGCC;CAV2
GO_Biological_Process_2023,Axonal Fasciculation (GO:0007413),2/12,0.0061478754316609,0.1130609777410793,0,0,19.98989898989899,101.78154350719132,SEMA5A;CRTAC1
GO_Biological_Process_2023,Regulation Of Platelet-Derived Growth Factor Receptor Signaling Pathway (GO:0010640),2/12,0.0061478754316609,0.1130609777410793,0,0,19.98989898989899,101.78154350719132,APOD;SNCA
GO_Biological_Process_2023,Sodium Ion Export Across Plasma Membrane (GO:0036376),2/12,0.0061478754316609,0.1130609777410793,0,0,19.98989898989899,101.78154350719132,ATP1A2;ATP1A1
GO_Biological_Process_2023,Positive Regulation By Symbiont Of Entry Into Host (GO:0075294),2/12,0.0061478754316609,0.1130609777410793,0,0,19.98989898989899,101.78154350719132,LGALS1;HMGB1
GO_Biological_Process_2023,Positive Regulation Of Alcohol Biosynthetic Process (GO:1902932),2/12,0.0061478754316609,0.1130609777410793,0,0,19.98989898989899,101.78154350719132,FGF1;SNCA
GO_Biological_Process_2023,Positive Regulation Of Integrin-Mediated Signaling Pathway (GO:2001046),2/12,0.0061478754316609,0.1130609777410793,0,0,19.98989898989899,101.78154350719132,EMP2;LAMB1
GO_Biological_Process_2023,Positive Regulation Of Sodium Ion Transmembrane Transporter Activity (GO:2000651),2/12,0.0061478754316609,0.1130609777410793,0,0,19.98989898989899,101.78154350719132,DMD;ANK3
GO_Biological_Process_2023,Positive Regulation Of Viral Entry Into Host Cell (GO:0046598),2/12,0.0061478754316609,0.1130609777410793,0,0,19.98989898989899,101.78154350719132,LGALS1;HMGB1
GO_Biological_Process_2023,Positive Regulation Of Cell Migration (GO:0030335),8/272,0.0061980498194542,0.1130609777410793,0,0,3.083333333333333,15.67418846011876,SEMA5A;ITGB1;SRGAP2C;SEMA3B;NEDD9;LAMB1;ITGA6;FGF1
GO_Biological_Process_2023,Negative Regulation Of Neuron Apoptotic Process (GO:0043524),4/74,0.0064733478403908,0.1167409434397766,0,0,5.752186588921282,28.99137625994184,MAG;PARK7;CLU;MT3
GO_Biological_Process_2023,Positive Regulation Of Intracellular Signal Transduction (GO:1902533),12/525,0.0067426270432921,0.1196525153304802,0,0,2.3997760358342664,11.997213920991271,SOX2;SEMA5A;ITGB1;FIS1;LGALS1;RNF13;CAV2;PARK7;HMGB1;FGF1;S100B;LITAF
GO_Biological_Process_2023,Regulation Of Stress Fiber Assembly (GO:0051492),4/75,0.0067855868807455,0.1196525153304802,0,0,5.670882437482035,28.314457943471623,RGCC;LIMCH1;STMN1;DYNLL1
GO_Biological_Process_2023,Anterograde Axonal Transport (GO:0008089),3/39,0.006909073873999,0.1198235401931138,0,0,8.360406091370558,41.59234877252794,BLOC1S1;KIF5B;KIF1A
GO_Biological_Process_2023,Positive Regulation Of Cell Motility (GO:2000147),7/221,0.006946292185108,0.1198235401931138,0,0,3.319500266330928,16.4964134541499,SEMA5A;ITGB1;SEMA3B;NEDD9;LAMB1;ITGA6;FGF1
GO_Biological_Process_2023,Intracellular Potassium Ion Homeostasis (GO:0030007),2/13,0.0072181010363148,0.1231734015551795,0,0,18.171717171717173,89.6077061786221,ATP1A2;ATP1A1
GO_Biological_Process_2023,Negative Regulation Of Protein Localization (GO:1903828),3/40,0.0074150224240263,0.1251876658184023,0,0,8.134037590890383,39.89133172446582,OTUD7B;TAX1BP3;GPM6B
GO_Biological_Process_2023,Receptor-Mediated Endocytosis (GO:0006898),5/122,0.0076789367656166,0.1282786594424588,0,0,4.313609467455621,21.004147217080448,ITGB1;CAV2;CD9;RAMP1;SNCA
GO_Biological_Process_2023,Negative Regulation Of Protein Modification Process (GO:0031400),4/78,0.0077816695485545,0.1286407247245428,0,0,5.44015444015444,26.41730492570561,CADM4;FXYD1;DMD;PARK7
GO_Biological_Process_2023,Negative Regulation Of Cellular Component Organization (GO:0051129),4/79,0.0081338984677975,0.131593721577334,0,0,5.36734693877551,25.826143528716216,DNAJB2;CLU;CRYAB;SVIP
GO_Biological_Process_2023,Positive Regulation Of Protein Localization To Membrane (GO:1905477),4/79,0.0081338984677975,0.131593721577334,0,0,5.36734693877551,25.826143528716216,ITGB1;FIS1;KIF5B;ANK3
GO_Biological_Process_2023,Neuron Projection Guidance (GO:0097485),5/124,0.0082090601362042,0.131593721577334,0,0,4.240680887739711,20.36594137643501,SEMA5A;KIF5B;FEZ1;FEZ2;SEMA3B
GO_Biological_Process_2023,Skeletal Muscle Tissue Development (GO:0007519),3/42,0.0084912352718872,0.1347559037648508,0,0,7.716126513080828,36.79605293636041,EGR2;CAV2;DMD
GO_Biological_Process_2023,Positive Regulation Of Intracellular Protein Transport (GO:0090316),5/126,0.0087640613033768,0.1355896172632037,0,0,4.17016317016317,19.754462698766943,YWHAE;FIS1;ANK3;VAMP2;RAN
GO_Biological_Process_2023,Activation Of Protein Kinase Activity (GO:0032147),4/81,0.0088693778840417,0.1355896172632037,0,0,5.227405247813411,24.700277159233604,EMP2;PARK7;FGF1;MT3
GO_Biological_Process_2023,Regulation Of Filopodium Assembly (GO:0051489),3/43,0.0090618828226133,0.1355896172632037,0,0,7.522842639593908,35.3850321555175,GPM6A;SRGAP2C;CLU
GO_Biological_Process_2023,Regulation Of Phosphorylation (GO:0042325),4/82,0.0092528602217495,0.1355896172632037,0,0,5.160125588697017,24.16395252997982,CADM4;EMP2;ITGA6;DYNLL1
GO_Biological_Process_2023,Negative Regulation Of Apoptotic Signaling Pathway (GO:2001234),4/82,0.0092528602217495,0.1355896172632037,0,0,5.160125588697017,24.16395252997982,NR4A2;ITGA6;PARK7;CLU
GO_Biological_Process_2023,Dendritic Cell Chemotaxis (GO:0002407),2/15,0.0095900084936835,0.1355896172632037,0,0,15.374514374514376,71.44588341233826,HMGB1;CLU
GO_Biological_Process_2023,Retrograde Axonal Transport (GO:0008090),2/15,0.0095900084936835,0.1355896172632037,0,0,15.374514374514376,71.44588341233826,KIF5B;KIF1A
GO_Biological_Process_2023,Negative Regulation Of Cell-Substrate Junction Organization (GO:0150118),2/15,0.0095900084936835,0.1355896172632037,0,0,15.374514374514376,71.44588341233826,APOD;DYNLL1
GO_Biological_Process_2023,Negative Regulation Of Focal Adhesion Assembly (GO:0051895),2/15,0.0095900084936835,0.1355896172632037,0,0,15.374514374514376,71.44588341233826,APOD;DYNLL1
GO_Biological_Process_2023,Positive Regulation Of Collagen Biosynthetic Process (GO:0032967),2/15,0.0095900084936835,0.1355896172632037,0,0,15.374514374514376,71.44588341233826,RGCC;VIM
GO_Biological_Process_2023,Regulation Of Rac Protein Signal Transduction (GO:0035020),2/15,0.0095900084936835,0.1355896172632037,0,0,15.374514374514376,71.44588341233826,CADM4;ARHGAP24
GO_Biological_Process_2023,Regulation Of Amyloid Fibril Formation (GO:1905906),2/15,0.0095900084936835,0.1355896172632037,0,0,15.374514374514376,71.44588341233826,CLU;CRYAB
GO_Biological_Process_2023,Regulation Of Transport (GO:0051049),3/44,0.0096544592002155,0.1355896172632037,0,0,7.338987247740498,34.05536215760635,CLDN19;VAMP2;SNCA
GO_Biological_Process_2023,Calcium-Mediated Signaling (GO:0019722),4/85,0.0104676198849292,0.1439994206500051,0,0,4.968253968253968,22.65259800022629,FIS1;RCAN1;PPP1R9A;CLU
GO_Biological_Process_2023,Positive Regulation Of Endothelial Cell Migration (GO:0010595),4/85,0.0104676198849292,0.1439994206500051,0,0,4.968253968253968,22.65259800022629,SEMA5A;SPARC;HMGB1;FGF1
GO_Biological_Process_2023,Regulation Of Interleukin-1 Production (GO:0032652),2/16,0.0108884250018907,0.1439994206500051,0,0,14.275613275613276,64.52655688502057,TMED10;HMGB1
GO_Biological_Process_2023,"Alternative mRNA Splicing, Via Spliceosome (GO:0000380)",2/16,0.0108884250018907,0.1439994206500051,0,0,14.275613275613276,64.52655688502057,DDX17;PUF60
GO_Biological_Process_2023,Cell Communication By Electrical Coupling Involved In Cardiac Conduction (GO:0086064),2/16,0.0108884250018907,0.1439994206500051,0,0,14.275613275613276,64.52655688502057,GJC3;ATP1A2
GO_Biological_Process_2023,Oligodendrocyte Development (GO:0014003),2/16,0.0108884250018907,0.1439994206500051,0,0,14.275613275613276,64.52655688502057,PLP1;GPM6B
GO_Biological_Process_2023,Positive Regulation Of Collagen Metabolic Process (GO:0010714),2/16,0.0108884250018907,0.1439994206500051,0,0,14.275613275613276,64.52655688502057,RGCC;VIM
GO_Biological_Process_2023,Positive Regulation Of Macromolecule Metabolic Process (GO:0010604),9/364,0.0112485600908688,0.1475327674728011,0,0,2.5810043507115994,11.5822961271857,FGF7;RGCC;CLDN19;ANK3;PARK7;FGF1;CLU;MT3;SNCA
GO_Biological_Process_2023,Regulation Of Wound Healing (GO:0061041),3/47,0.0115653119162109,0.1501556626760459,0,0,6.83756345177665,30.49378950483647,ITGB1;CADM4;CLDN19
GO_Biological_Process_2023,Regulation Of Endothelial Cell Migration (GO:0010594),4/88,0.0117810854608779,0.1501556626760459,0,0,4.790087463556851,21.274023659747563,SPARC;EMP2;FGF1;GLUL
GO_Biological_Process_2023,Nervous System Development (GO:0007399),10/433,0.012076526873075,0.1501556626760459,0,0,2.4109742441209407,10.648047589368804,SEMA5A;GPM6A;EGR2;MARCKSL1;FEZ1;FEZ2;PMP22;MAL;S100B;GPM6B
GO_Biological_Process_2023,Cellular Response To Peptide Hormone Stimulus (GO:0071375),4/89,0.0122413166965711,0.1501556626760459,0,0,4.733493397358943,20.841280008372543,NR4A2;NR4A1;LPIN1;VAMP2
GO_Biological_Process_2023,Regulation Of Delayed Rectifier Potassium Channel Activity (GO:1902259),2/17,0.0122596808748648,0.1501556626760459,0,0,13.323232323232324,58.64139939765107,ANK3;VAMP2
GO_Biological_Process_2023,Microtubule Depolymerization (GO:0007019),2/17,0.0122596808748648,0.1501556626760459,0,0,13.323232323232324,58.64139939765107,KIF19;STMN1
GO_Biological_Process_2023,Negative Regulation Of Rho Protein Signal Transduction (GO:0035024),2/17,0.0122596808748648,0.1501556626760459,0,0,13.323232323232324,58.64139939765107,STMN1;DYNLL1
GO_Biological_Process_2023,Positive Chemotaxis (GO:0050918),2/17,0.0122596808748648,0.1501556626760459,0,0,13.323232323232324,58.64139939765107,SEMA5A;FGF7
GO_Biological_Process_2023,Intracellular Monoatomic Cation Homeostasis (GO:0030003),6/190,0.0123000857894681,0.1501556626760459,0,0,3.2971761541909457,14.501472143446618,MT2A;FTH1;ATP1A2;ATP1A1;MT3;FTL
GO_Biological_Process_2023,Regulation Of Epithelial Cell Proliferation (GO:0050678),4/91,0.0131959709139781,0.1531366101822866,0,0,4.62420830401126,20.012850913677784,SOX2;NR4A1;FGF7;LAMB1
GO_Biological_Process_2023,Regulation Of Actin Cytoskeleton Organization (GO:0032956),4/91,0.0131959709139781,0.1531366101822866,0,0,4.62420830401126,20.012850913677784,NEDD9;DYNLL1;CLU;GPM6B
GO_Biological_Process_2023,Negative Regulation Of Cell Projection Organization (GO:0031345),3/50,0.0136786260429923,0.1531366101822866,0,0,6.400151204233719,27.468942123223947,MAG;MT3;ITM2C
GO_Biological_Process_2023,Positive Regulation Of Cell Death (GO:0010942),3/50,0.0136786260429923,0.1531366101822866,0,0,6.400151204233719,27.468942123223947,CLU;MT3;SNCA
GO_Biological_Process_2023,Regulation Of Collagen Biosynthetic Process (GO:0032965),2/18,0.0137022045657748,0.1531366101822866,0,0,12.48989898989899,53.58414643474309,RGCC;VIM
GO_Biological_Process_2023,T-helper Cell Differentiation (GO:0042093),2/18,0.0137022045657748,0.1531366101822866,0,0,12.48989898989899,53.58414643474309,TMEM98;HMGB1
GO_Biological_Process_2023,Dendritic Cell Migration (GO:0036336),2/18,0.0137022045657748,0.1531366101822866,0,0,12.48989898989899,53.58414643474309,HMGB1;CLU
GO_Biological_Process_2023,Vesicle-Mediated Transport In Synapse (GO:0099003),2/18,0.0137022045657748,0.1531366101822866,0,0,12.48989898989899,53.58414643474309,VAMP2;SNCA
GO_Biological_Process_2023,Intracellular Sodium Ion Homeostasis (GO:0006883),2/18,0.0137022045657748,0.1531366101822866,0,0,12.48989898989899,53.58414643474309,ATP1A2;ATP1A1
GO_Biological_Process_2023,Maintenance Of Protein Location In Nucleus (GO:0051457),2/18,0.0137022045657748,0.1531366101822866,0,0,12.48989898989899,53.58414643474309,PARK7;SKP1
GO_Biological_Process_2023,Myoblast Fusion (GO:0007520),2/18,0.0137022045657748,0.1531366101822866,0,0,12.48989898989899,53.58414643474309,ITGB1;CD9
GO_Biological_Process_2023,Positive Regulation Of Nervous System Process (GO:0031646),2/18,0.0137022045657748,0.1531366101822866,0,0,12.48989898989899,53.58414643474309,EGR2;NCMAP
GO_Biological_Process_2023,Positive Regulation Of Cellular Component Biogenesis (GO:0044089),4/93,0.0141968234235646,0.1575549564559239,0,0,4.519834900252236,19.23070897367363,RGCC;CLDN19;PARK7;CLU
GO_Biological_Process_2023,Regulation Of Release Of Sequestered Calcium Ion Into Cytosol (GO:0051279),3/51,0.0144285702203611,0.1579182133773324,0,0,6.266497461928934,26.5608314530226,DMD;CALM2;SNCA
GO_Biological_Process_2023,Regulated Exocytosis (GO:0045055),3/51,0.0144285702203611,0.1579182133773324,0,0,6.266497461928934,26.5608314530226,TMED10;VAMP2;SNCA
GO_Biological_Process_2023,Cellular Response To Hormone Stimulus (GO:0032870),4/94,0.0147147933134764,0.1588508527211258,0,0,4.469387755102041,18.85590868567605,SERPINB9;ATP1A2;ATP1A1;RAMP1
GO_Biological_Process_2023,Actin Filament Organization (GO:0007015),5/144,0.0149663146755444,0.1588508527211258,0,0,3.626821619627375,15.239735042336031,GAS2L3;MARCKSL1;NEDD9;EMP2;PPP1R9A
GO_Biological_Process_2023,Regulation Of Protein Localization To Nucleus (GO:1900180),3/52,0.0152014163710364,0.1588508527211258,0,0,6.1382989744121,25.69717025640832,OTUD7B;PARK7;GLUL
GO_Biological_Process_2023,Regulation Of Integrin-Mediated Signaling Pathway (GO:2001044),2/19,0.0152144484017713,0.1588508527211258,0,0,11.754604872251932,49.19901329869125,EMP2;LAMB1
GO_Biological_Process_2023,Cellular Response To Catecholamine Stimulus (GO:0071870),2/19,0.0152144484017713,0.1588508527211258,0,0,11.754604872251932,49.19901329869125,GNG2;SNCA
GO_Biological_Process_2023,Release Of Cytochrome C From Mitochondria (GO:0001836),2/19,0.0152144484017713,0.1588508527211258,0,0,11.754604872251932,49.19901329869125,FIS1;CLU
GO_Biological_Process_2023,Negative Regulation Of Axon Extension Involved In Axon Guidance (GO:0048843),2/19,0.0152144484017713,0.1588508527211258,0,0,11.754604872251932,49.19901329869125,SEMA5A;SEMA3B
GO_Biological_Process_2023,Positive Regulation Of Protein Kinase Activity (GO:0045860),5/145,0.0153787610922519,0.1595169532902207,0,0,3.600732600732601,15.032222774748634,NEDD9;EMP2;CLU;CALM2;SNCA
GO_Biological_Process_2023,Neuron Projection Morphogenesis (GO:0048812),5/146,0.0157987425166026,0.1628091193107034,0,0,3.575013638843426,14.828530695116717,GPM6A;S100A6;ANK3;S100B;GAS7
GO_Biological_Process_2023,Calcium-Mediated Signaling Using Intracellular Calcium Source (GO:0035584),2/20,0.0167948882548689,0.1655167097757563,0,0,11.1010101010101,45.36628383483138,FIS1;CLU
GO_Biological_Process_2023,Response To Fibroblast Growth Factor (GO:0071774),2/20,0.0167948882548689,0.1655167097757563,0,0,11.1010101010101,45.36628383483138,NR4A1;ZFP36L2
GO_Biological_Process_2023,Microglial Cell Activation (GO:0001774),2/20,0.0167948882548689,0.1655167097757563,0,0,11.1010101010101,45.36628383483138,CLU;SNCA
GO_Biological_Process_2023,Negative Regulation Of Cytokine Production Involved In Inflammatory Response (GO:1900016),2/20,0.0167948882548689,0.1655167097757563,0,0,11.1010101010101,45.36628383483138,CUEDC2;APOD
GO_Biological_Process_2023,Negative Regulation Of Neuron Projection Development (GO:0010977),3/54,0.0168161021964705,0.1655167097757563,0,0,5.896984174380412,24.09164757699128,MAG;MT3;ITM2C
GO_Biological_Process_2023,Negative Regulation Of Protein Catabolic Process (GO:0042177),3/54,0.0168161021964705,0.1655167097757563,0,0,5.896984174380412,24.09164757699128,GABARAPL2;TIMP3;SNCA
GO_Biological_Process_2023,Organelle Disassembly (GO:1903008),3/54,0.0168161021964705,0.1655167097757563,0,0,5.896984174380412,24.09164757699128,KIF5B;NEDD9;PLAAT3
GO_Biological_Process_2023,MAPK Cascade (GO:0000165),4/98,0.0169055476223315,0.1655167097757563,0,0,4.278332609639601,17.456082420924414,YWHAE;PPP1CC;MT3;ZFP36L2
GO_Biological_Process_2023,Axon Guidance (GO:0007411),5/149,0.0171044362969275,0.1655167097757563,0,0,3.5,14.239460957930143,SEMA5A;KIF5B;FEZ1;FEZ2;SEMA3B
GO_Biological_Process_2023,Negative Regulation Of Protein Phosphorylation (GO:0001933),5/149,0.0171044362969275,0.1655167097757563,0,0,3.5,14.239460957930143,CADM4;DMD;PARK7;CALM2;SNCA
GO_Biological_Process_2023,Negative Regulation Of Signal Transduction (GO:0009968),7/267,0.018165728327326,0.1742112553285787,0,0,2.725787166201674,10.925550598481683,NR4A2;TSPAN15;CADM4;SFRP5;APOD;TAX1BP3;SNCA
GO_Biological_Process_2023,Regulation Of Dendritic Spine Development (GO:0060998),2/21,0.0184420232483939,0.1742112553285787,0,0,10.516214779372676,41.9925427496273,SRGAP2C;KIF1A
GO_Biological_Process_2023,Negative Regulation Of Reactive Oxygen Species Metabolic Process (GO:2000378),2/21,0.0184420232483939,0.1742112553285787,0,0,10.516214779372676,41.9925427496273,PARK7;MT3
GO_Biological_Process_2023,Regulation Of Cell-Substrate Junction Assembly (GO:0090109),2/21,0.0184420232483939,0.1742112553285787,0,0,10.516214779372676,41.9925427496273,LIMCH1;GPM6B
GO_Biological_Process_2023,Positive Regulation Of Apoptotic Process (GO:0043065),7/270,0.0191829885907041,0.1781905785304986,0,0,2.69428081719498,10.652462677030918,ITGB1;LGALS1;ITGA6;HMGB1;DYNLL1;CLU;SNCA
GO_Biological_Process_2023,Blood Vessel Endothelial Cell Migration (GO:0043534),2/22,0.0201543754357544,0.1781905785304986,0,0,9.98989898989899,39.00390099361183,NR4A1;EMP2
GO_Biological_Process_2023,Regulation Of Protein Export From Nucleus (GO:0046825),2/22,0.0201543754357544,0.1781905785304986,0,0,9.98989898989899,39.00390099361183,YWHAE;PARK7
GO_Biological_Process_2023,Cellular Response To Low-Density Lipoprotein Particle Stimulus (GO:0071404),2/22,0.0201543754357544,0.1781905785304986,0,0,9.98989898989899,39.00390099361183,ITGB1;CD9
GO_Biological_Process_2023,Regulation Of Vascular Endothelial Growth Factor Receptor Signaling Pathway (GO:0030947),2/22,0.0201543754357544,0.1781905785304986,0,0,9.98989898989899,39.00390099361183,CADM4;MT3
GO_Biological_Process_2023,Vesicle Transport Along Microtubule (GO:0047496),2/22,0.0201543754357544,0.1781905785304986,0,0,9.98989898989899,39.00390099361183,KIF5B;KIF1A
GO_Biological_Process_2023,Natural Killer Cell Mediated Immunity (GO:0002228),2/22,0.0201543754357544,0.1781905785304986,0,0,9.98989898989899,39.00390099361183,TUBB2A;KIF5B
GO_Biological_Process_2023,Negative Regulation Of G Protein-Coupled Receptor Signaling Pathway (GO:0045744),2/22,0.0201543754357544,0.1781905785304986,0,0,9.98989898989899,39.00390099361183,STMN1;SNCA
GO_Biological_Process_2023,Negative Regulation Of Axonogenesis (GO:0050771),2/22,0.0201543754357544,0.1781905785304986,0,0,9.98989898989899,39.00390099361183,MAG;MT3
GO_Biological_Process_2023,Negative Regulation Of Macroautophagy (GO:0016242),2/22,0.0201543754357544,0.1781905785304986,0,0,9.98989898989899,39.00390099361183,FEZ1;FEZ2
GO_Biological_Process_2023,Positive Regulation Of Viral Life Cycle (GO:1903902),2/22,0.0201543754357544,0.1781905785304986,0,0,9.98989898989899,39.00390099361183,LGALS1;HMGB1
GO_Biological_Process_2023,Regulation Of Neuron Death (GO:1901214),3/58,0.0203229330271079,0.1781905785304986,0,0,5.467005076142132,21.29948088737429,PARK7;CLU;SNCA
GO_Biological_Process_2023,Muscle Organ Development (GO:0007517),3/58,0.0203229330271079,0.1781905785304986,0,0,5.467005076142132,21.29948088737429,SGCE;SMTN;DMD
GO_Biological_Process_2023,Positive Regulation Of Vasculature Development (GO:1904018),4/104,0.0205564585653846,0.1792478007871729,0,0,4.020408163265306,15.617597552926842,SEMA5A;ITGB1;EMP2;FGF1
GO_Biological_Process_2023,Regulation Of Neuron Apoptotic Process (GO:0043523),4/105,0.0212083578189702,0.1826744223841601,0,0,3.980400080824409,15.337914209660529,MAG;PARK7;CLU;MT3
GO_Biological_Process_2023,Microtubule Cytoskeleton Organization Involved In Mitosis (GO:1902850),3/59,0.0212576490223405,0.1826744223841601,0,0,5.369108049311095,20.676641778420727,STMN1;SBDS;RAN
GO_Biological_Process_2023,"Regulation Of Nuclear-Transcribed mRNA Catabolic Process, Deadenylation-Dependent Decay (GO:1900151)",2/23,0.02193048949736,0.1826744223841601,0,0,9.513708513708512,36.34120010270031,YBX1;ZFP36L2
GO_Biological_Process_2023,Negative Regulation Of Extrinsic Apoptotic Signaling Pathway Via Death Domain Receptors (GO:1902042),2/23,0.02193048949736,0.1826744223841601,0,0,9.513708513708512,36.34120010270031,PEA15;PARK7
GO_Biological_Process_2023,Positive Regulation Of Protein Targeting To Membrane (GO:0090314),2/23,0.02193048949736,0.1826744223841601,0,0,9.513708513708512,36.34120010270031,FIS1;ANK3
GO_Biological_Process_2023,Potassium Ion Homeostasis (GO:0055075),2/23,0.02193048949736,0.1826744223841601,0,0,9.513708513708512,36.34120010270031,ATP1A2;ATP1A1
GO_Biological_Process_2023,Protein Targeting To ER (GO:0045047),2/23,0.02193048949736,0.1826744223841601,0,0,9.513708513708512,36.34120010270031,SPCS2;SEC62
GO_Biological_Process_2023,Regulation Of Axon Extension Involved In Axon Guidance (GO:0048841),2/23,0.02193048949736,0.1826744223841601,0,0,9.513708513708512,36.34120010270031,SEMA5A;SEMA3B
GO_Biological_Process_2023,Regulation Of Cell Population Proliferation (GO:0042127),14/766,0.0221389833471843,0.1826744223841601,0,0,1.906543125142988,7.264721040836277,COL18A1;CADM4;EMP2;DYNLL1;FGF1;S100B;CLU;DNAJB2;AZGP1;FGF7;RGCC;SFRP5;FTH1;CLDN19
GO_Biological_Process_2023,Homophilic Cell Adhesion Via Plasma Membrane Adhesion Molecules (GO:0007156),3/60,0.0222156039824466,0.1826744223841601,0,0,5.274646005877639,20.080368230600836,ITGB1;CADM3;CADM4
GO_Biological_Process_2023,Negative Regulation Of Peptidase Activity (GO:0010466),3/60,0.0222156039824466,0.1826744223841601,0,0,5.274646005877639,20.080368230600836,TIMP3;SERPINB9;PARK7
GO_Biological_Process_2023,Negative Regulation Of Apoptotic Process (GO:0043066),10/482,0.0235605923858909,0.1886064789666208,0,0,2.1552185548617304,8.07814660191968,NR4A2;ITGB1;MAG;HNRNPK;SERPINB9;PARK7;CRYAB;CLU;MT3;SNCA
GO_Biological_Process_2023,Regulation Of Cysteine-Type Endopeptidase Activity (GO:2000116),2/24,0.0237689324469591,0.1886064789666208,0,0,9.08080808080808,33.956554984338226,SOX2;MT3
GO_Biological_Process_2023,ERK1 And ERK2 Cascade (GO:0070371),2/24,0.0237689324469591,0.1886064789666208,0,0,9.08080808080808,33.956554984338226,MT3;ZFP36L2
GO_Biological_Process_2023,Regulation Of Ryanodine-Sensitive Calcium-Release Channel Activity (GO:0060314),2/24,0.0237689324469591,0.1886064789666208,0,0,9.08080808080808,33.956554984338226,DMD;CALM2
GO_Biological_Process_2023,Negative Regulation Of Cell Junction Assembly (GO:1901889),2/24,0.0237689324469591,0.1886064789666208,0,0,9.08080808080808,33.956554984338226,APOD;DYNLL1
GO_Biological_Process_2023,Negative Regulation Of Ion Transmembrane Transporter Activity (GO:0032413),2/24,0.0237689324469591,0.1886064789666208,0,0,9.08080808080808,33.956554984338226,YWHAE;CALM2
GO_Biological_Process_2023,Peroxisome Organization (GO:0007031),2/24,0.0237689324469591,0.1886064789666208,0,0,9.08080808080808,33.956554984338226,FIS1;PLAAT3
GO_Biological_Process_2023,Fat Cell Differentiation (GO:0045444),3/62,0.0242012368323431,0.1910814072285004,0,0,5.095328228512432,18.96150754157799,NR4A2;NR4A1;EGR2
GO_Biological_Process_2023,Transmembrane Receptor Protein Tyrosine Kinase Signaling Pathway (GO:0007169),7/284,0.0244611627419745,0.1921775508490771,0,0,2.556274667514637,9.485488175940992,SHC4;FGF7;CAV2;STMN1;NEDD9;PLAT;FGF1
GO_Biological_Process_2023,Cellular Response To Steroid Hormone Stimulus (GO:0071383),2/25,0.0256682933201663,0.1958441418226153,0,0,8.685551163812033,31.810820468950148,ATP1A2;ATP1A1
GO_Biological_Process_2023,Sodium Ion Homeostasis (GO:0055078),2/25,0.0256682933201663,0.1958441418226153,0,0,8.685551163812033,31.810820468950148,ATP1A2;ATP1A1
GO_Biological_Process_2023,"Wound Healing, Spreading Of Cells (GO:0044319)",2/25,0.0256682933201663,0.1958441418226153,0,0,8.685551163812033,31.810820468950148,ITGB1;ARHGAP24
GO_Biological_Process_2023,Negative Regulation Of Intracellular Protein Transport (GO:0090317),2/25,0.0256682933201663,0.1958441418226153,0,0,8.685551163812033,31.810820468950148,APOD;PARK7
GO_Biological_Process_2023,Negative Regulation Of Response To Endoplasmic Reticulum Stress (GO:1903573),2/25,0.0256682933201663,0.1958441418226153,0,0,8.685551163812033,31.810820468950148,PARK7;CLU
GO_Biological_Process_2023,Negative Regulation Of Stress Fiber Assembly (GO:0051497),2/25,0.0256682933201663,0.1958441418226153,0,0,8.685551163812033,31.810820468950148,STMN1;DYNLL1
GO_Biological_Process_2023,Response To Metal Ion (GO:0010038),3/64,0.0262797663190797,0.1976587163430308,0,0,4.927768993925272,17.931934435559224,NDRG1;CALM2;SNCA
GO_Biological_Process_2023,Negative Regulation Of Cell Death (GO:0060548),3/64,0.0262797663190797,0.1976587163430308,0,0,4.927768993925272,17.931934435559224,PARK7;MT3;SNCA
GO_Biological_Process_2023,Positive Regulation Of Cysteine-Type Endopeptidase Activity (GO:2001056),3/64,0.0262797663190797,0.1976587163430308,0,0,4.927768993925272,17.931934435559224,FIS1;HMGB1;UACA
GO_Biological_Process_2023,Positive Regulation Of Cellular Component Organization (GO:0051130),4/113,0.0268800168319432,0.2011208223090388,0,0,3.686762778505898,13.332706188429968,CLDN19;PARK7;CLU;SNCA
GO_Biological_Process_2023,Monocarboxylic Acid Biosynthetic Process (GO:0072330),3/65,0.0273538141573354,0.2011208223090388,0,0,4.848043229081382,17.447619395780233,GATM;PARK7;OSBPL1A
GO_Biological_Process_2023,Regulation Of Cell-Matrix Adhesion (GO:0001952),3/65,0.0273538141573354,0.2011208223090388,0,0,4.848043229081382,17.447619395780233,LIMCH1;EMP2;GPM6B
GO_Biological_Process_2023,Regulation Of Reactive Oxygen Species Biosynthetic Process (GO:1903426),2/26,0.0276271829006745,0.2011208223090388,0,0,8.323232323232324,29.871707121892776,PARK7;SNCA
GO_Biological_Process_2023,Organelle Membrane Fusion (GO:0090174),2/26,0.0276271829006745,0.2011208223090388,0,0,8.323232323232324,29.871707121892776,CAV2;VAMP2
GO_Biological_Process_2023,Protein Export From Nucleus (GO:0006611),2/26,0.0276271829006745,0.2011208223090388,0,0,8.323232323232324,29.871707121892776,EGR2;RAN
GO_Biological_Process_2023,Protein Localization To Cell Surface (GO:0034394),2/26,0.0276271829006745,0.2011208223090388,0,0,8.323232323232324,29.871707121892776,FGF7;EMP2
GO_Biological_Process_2023,Response To Reactive Oxygen Species (GO:0000302),3/66,0.0284510080327513,0.2052352261271653,0,0,4.7708484408992025,16.982177034654356,APOD;FOS;MT3
GO_Biological_Process_2023,Negative Regulation Of Endopeptidase Activity (GO:0010951),3/66,0.0284510080327513,0.2052352261271653,0,0,4.7708484408992025,16.982177034654356,TIMP3;SERPINB9;MT3
GO_Biological_Process_2023,Positive Regulation Of Protein Serine/Threonine Kinase Activity (GO:0071902),4/117,0.0300246964217091,0.2156072091459382,0,0,3.555535488531696,12.46476528381739,RGCC;FGF1;CALM2;SNCA
GO_Biological_Process_2023,Regulation Of Neuron Projection Development (GO:0010975),5/174,0.0308142270217084,0.2188548778257798,0,0,2.97845546957973,10.36436613832377,MAG;ITGA6;KIF1A;MT3;ITM2C
GO_Biological_Process_2023,Positive Regulation Of Cellular Biosynthetic Process (GO:0031328),5/174,0.0308142270217084,0.2188548778257798,0,0,2.97845546957973,10.36436613832377,RGCC;PARK7;VIM;CLU;SNCA
GO_Biological_Process_2023,Regulation Of Protein-Containing Complex Assembly (GO:0043254),4/119,0.0316752226302636,0.2188548778257798,0,0,3.4933451641526174,12.059797873871938,PARK7;CLU;CRYAB;SVIP
GO_Biological_Process_2023,Positive Regulation Of Angiogenesis (GO:0045766),4/119,0.0316752226302636,0.2188548778257798,0,0,3.4933451641526174,12.059797873871938,SEMA5A;ITGB1;EMP2;FGF1
GO_Biological_Process_2023,Golgi To Plasma Membrane Protein Transport (GO:0043001),2/28,0.0317180982356202,0.2188548778257798,0,0,7.682206682206682,26.51027997028578,ANK3;VAMP2
GO_Biological_Process_2023,Regulation Of Protein Targeting To Membrane (GO:0090313),2/28,0.0317180982356202,0.2188548778257798,0,0,7.682206682206682,26.51027997028578,FIS1;ANK3
GO_Biological_Process_2023,Cell-Substrate Junction Assembly (GO:0007044),2/28,0.0317180982356202,0.2188548778257798,0,0,7.682206682206682,26.51027997028578,ITGA6;DYNLL1
GO_Biological_Process_2023,Regulation Of Sodium Ion Transmembrane Transport (GO:1902305),2/28,0.0317180982356202,0.2188548778257798,0,0,7.682206682206682,26.51027997028578,FXYD1;FXYD6
GO_Biological_Process_2023,Negative Regulation Of Actin Filament Bundle Assembly (GO:0032232),2/28,0.0317180982356202,0.2188548778257798,0,0,7.682206682206682,26.51027997028578,STMN1;DYNLL1
GO_Biological_Process_2023,Regulation Of Monoatomic Ion Transmembrane Transporter Activity (GO:0032412),3/69,0.0318810265797797,0.2190267929961493,0,0,4.553299492385787,15.689505426965288,YWHAE;FXYD1;FXYD6
GO_Biological_Process_2023,Negative Regulation Of Extrinsic Apoptotic Signaling Pathway (GO:2001237),3/70,0.0330703326834923,0.2238162739960466,0,0,4.485112508523373,15.290280888801105,PEA15;ITGA6;PARK7
GO_Biological_Process_2023,Regulation Of Actin Filament-Based Process (GO:0032970),3/70,0.0330703326834923,0.2238162739960466,0,0,4.485112508523373,15.290280888801105,NEDD9;DYNLL1;GPM6B
GO_Biological_Process_2023,Negative Regulation Of Cytokine Production (GO:0001818),5/178,0.0335012350705195,0.2238162739960466,0,0,2.908996591077516,9.879455601323718,CUEDC2;RGCC;OTUD7B;APOD;HMGB1
GO_Biological_Process_2023,Regulation Of Muscle Contraction (GO:0006937),2/29,0.0338474516440146,0.2238162739960466,0,0,7.397306397306397,25.046477343523872,ATP1A2;MYL9
GO_Biological_Process_2023,Response To Steroid Hormone (GO:0048545),2/29,0.0338474516440146,0.2238162739960466,0,0,7.397306397306397,25.046477343523872,ATP1A2;ATP1A1
GO_Biological_Process_2023,mRNA Splice Site Recognition (GO:0006376),2/29,0.0338474516440146,0.2238162739960466,0,0,7.397306397306397,25.046477343523872,PUF60;CELF2
GO_Biological_Process_2023,Maintenance Of Blood-Brain Barrier (GO:0035633),2/29,0.0338474516440146,0.2238162739960466,0,0,7.397306397306397,25.046477343523872,ITGB1;DMD
GO_Biological_Process_2023,Negative Regulation Of Plasma Membrane Bounded Cell Projection Assembly (GO:0120033),2/29,0.0338474516440146,0.2238162739960466,0,0,7.397306397306397,25.046477343523872,SRGAP2C;ARHGAP24
GO_Biological_Process_2023,Positive Regulation Of Dephosphorylation (GO:0035306),2/29,0.0338474516440146,0.2238162739960466,0,0,7.397306397306397,25.046477343523872,DYNLL1;CALM2
GO_Biological_Process_2023,Positive Regulation Of Epithelial Cell Proliferation (GO:0050679),4/123,0.0351336225048488,0.2312906132149611,0,0,3.375235808609158,11.30230349342956,SEMA5A;NR4A1;FGF7;LAMB1
GO_Biological_Process_2023,Cellular Response To Hypoxia (GO:0071456),3/72,0.0355175071354049,0.2312906132149611,0,0,4.354667843743103,14.534703522115317,RGCC;NDRG1;MT3
GO_Biological_Process_2023,Regulation Of Potassium Ion Transport (GO:0043266),2/30,0.0360309884965366,0.2312906132149611,0,0,7.132756132756133,23.70482996930019,KIF5B;ANK3
GO_Biological_Process_2023,Positive Regulation Of Phosphate Metabolic Process (GO:0045937),2/30,0.0360309884965366,0.2312906132149611,0,0,7.132756132756133,23.70482996930019,ITGA6;SNCA
GO_Biological_Process_2023,Positive Regulation Of Protein Phosphorylation (GO:0001934),8/377,0.0363038096596168,0.2312906132149611,0,0,2.194105691056911,7.275287164906134,FGF7;LIMCH1;CLDN19;PARK7;FGF1;CALM2;MT3;SNCA
GO_Biological_Process_2023,Cellular Response To Decreased Oxygen Levels (GO:0036294),3/73,0.0367752254746638,0.2312906132149611,0,0,4.292240754169688,14.17697453700434,RGCC;NDRG1;MT3
GO_Biological_Process_2023,Cellular Response To Reactive Oxygen Species (GO:0034614),3/73,0.0367752254746638,0.2312906132149611,0,0,4.292240754169688,14.17697453700434,FOS;CLU;MT3
GO_Biological_Process_2023,Positive Regulation Of Secretion By Cell (GO:1903532),3/73,0.0367752254746638,0.2312906132149611,0,0,4.292240754169688,14.17697453700434,TMED10;RGCC;SNCA
GO_Biological_Process_2023,Positive Regulation Of Programmed Cell Death (GO:0043068),6/245,0.0369668251237728,0.2312906132149611,0,0,2.531294483026356,8.347536859835975,ITGB1;LGALS1;ITGA6;HMGB1;CLU;SNCA
GO_Biological_Process_2023,Regulation Of mRNA Stability (GO:0043488),3/74,0.0380555884306284,0.2312906132149611,0,0,4.231572174161721,13.83177100318916,YBX1;VIM;ZFP36L2
GO_Biological_Process_2023,Regulation Of Protein Localization To Cell Surface (GO:2000008),2/31,0.0382674239788824,0.2312906132149611,0,0,6.886450714036921,22.47156498788087,TAX1BP3;GPM6B
GO_Biological_Process_2023,Negative Regulation Of Cell-Matrix Adhesion (GO:0001953),2/31,0.0382674239788824,0.2312906132149611,0,0,6.886450714036921,22.47156498788087,APOD;DYNLL1
GO_Biological_Process_2023,Negative Regulation Of Chemotaxis (GO:0050922),2/31,0.0382674239788824,0.2312906132149611,0,0,6.886450714036921,22.47156498788087,SEMA5A;SEMA3B
GO_Biological_Process_2023,Negative Regulation Of Developmental Growth (GO:0048640),2/31,0.0382674239788824,0.2312906132149611,0,0,6.886450714036921,22.47156498788087,MAG;MT3
GO_Biological_Process_2023,Negative Regulation Of Microtubule Polymerization Or Depolymerization (GO:0031111),2/31,0.0382674239788824,0.2312906132149611,0,0,6.886450714036921,22.47156498788087,STMN1;SNCA
GO_Biological_Process_2023,Presynaptic Endocytosis (GO:0140238),2/31,0.0382674239788824,0.2312906132149611,0,0,6.886450714036921,22.47156498788087,VAMP2;SNCA
GO_Biological_Process_2023,Negative Regulation Of Phosphorylation (GO:0042326),3/75,0.0393585070908985,0.2312906132149611,0,0,4.1725888324873095,13.498504866555718,CADM4;PARK7;DYNLL1
GO_Biological_Process_2023,Transition Metal Ion Transport (GO:0000041),2/32,0.0405554933220173,0.2312906132149611,0,0,6.656565656565657,21.334852328849312,FTH1;MT3
GO_Biological_Process_2023,Mesenchymal Cell Migration (GO:0090497),2/32,0.0405554933220173,0.2312906132149611,0,0,6.656565656565657,21.334852328849312,SEMA5A;SEMA3B
GO_Biological_Process_2023,Negative Regulation Of Proteasomal Ubiquitin-Dependent Protein Catabolic Process (GO:0032435),2/32,0.0405554933220173,0.2312906132149611,0,0,6.656565656565657,21.334852328849312,PARK7;SVIP
GO_Biological_Process_2023,Purine Ribonucleoside Triphosphate Metabolic Process (GO:0009205),2/32,0.0405554933220173,0.2312906132149611,0,0,6.656565656565657,21.334852328849312,ATP1A2;RAN
GO_Biological_Process_2023,Actomyosin Structure Organization (GO:0031032),3/77,0.0420316296186853,0.2312906132149611,0,0,4.059404582247222,12.865604326296657,ITGB1;CSRP1;MYL9
GO_Biological_Process_2023,Cell Morphogenesis Involved In Neuron Differentiation (GO:0048667),3/77,0.0420316296186853,0.2312906132149611,0,0,4.059404582247222,12.865604326296657,S100A6;ANK3;S100B
GO_Biological_Process_2023,Monoatomic Cation Homeostasis (GO:0055080),3/77,0.0420316296186853,0.2312906132149611,0,0,4.059404582247222,12.865604326296657,ANK3;MT3;SNCA
GO_Biological_Process_2023,Positive Regulation Of Endothelial Cell Proliferation (GO:0001938),3/77,0.0420316296186853,0.2312906132149611,0,0,4.059404582247222,12.865604326296657,SEMA5A;NR4A1;HMGB1
GO_Biological_Process_2023,Regulation Of Sprouting Angiogenesis (GO:1903670),2/33,0.0428939515536669,0.2312906132149611,0,0,6.4415118931247966,20.28447846195992,FGF1;GLUL
GO_Biological_Process_2023,Negative Regulation Of Blood Vessel Endothelial Cell Migration (GO:0043537),2/33,0.0428939515536669,0.2312906132149611,0,0,6.4415118931247966,20.28447846195992,RGCC;HMGB1
GO_Biological_Process_2023,Positive Regulation Of DNA Binding (GO:0043388),2/33,0.0428939515536669,0.2312906132149611,0,0,6.4415118931247966,20.28447846195992,HMGB1;PARK7
GO_Biological_Process_2023,Positive Regulation Of Ion Transmembrane Transporter Activity (GO:0032414),2/33,0.0428939515536669,0.2312906132149611,0,0,6.4415118931247966,20.28447846195992,DMD;ANK3
GO_Biological_Process_2023,Positive Regulation Of Protein Dephosphorylation (GO:0035307),2/33,0.0428939515536669,0.2312906132149611,0,0,6.4415118931247966,20.28447846195992,DYNLL1;CALM2
GO_Biological_Process_2023,Positive Regulation Of Release Of Sequestered Calcium Ion Into Cytosol (GO:0051281),2/33,0.0428939515536669,0.2312906132149611,0,0,6.4415118931247966,20.28447846195992,CALM2;SNCA
GO_Biological_Process_2023,Regulation Of Amyloid-Beta Formation (GO:1902003),2/33,0.0428939515536669,0.2312906132149611,0,0,6.4415118931247966,20.28447846195992,TMED10;CLU
GO_Biological_Process_2023,Positive Regulation Of DNA-templated Transcription (GO:0045893),19/1243,0.0433104777721168,0.2312906132149611,0,0,1.593110172245694,5.001347453356634,DDX17;EGR2;MLIP;FOS;PARK7;HMGB1;YBX1;FGF1;LITAF;MT3;SOX2;NR4A2;MORF4L1;NR4A1;FGF7;RGCC;TMEM98;ITGA6;LPIN1
GO_Biological_Process_2023,Negative Regulation Of Cell Motility (GO:2000146),4/133,0.0447024255395489,0.2312906132149611,0,0,3.1120075937351683,9.671271629689835,LIMCH1;CLDN19;NEDD9;DYNLL1
GO_Biological_Process_2023,Vesicle Fusion (GO:0006906),3/79,0.044793779119631,0.2312906132149611,0,0,3.952177397809244,12.274222046062532,CAV2;VAMP2;SNCA
GO_Biological_Process_2023,Positive Regulation Of Endocytosis (GO:0045807),3/79,0.044793779119631,0.2312906132149611,0,0,3.952177397809244,12.274222046062532,HNRNPK;CLU;SNCA
GO_Biological_Process_2023,Regulation Of Metal Ion Transport (GO:0010959),2/34,0.0452815731960364,0.2312906132149611,0,0,6.23989898989899,19.311583224616665,ATP1A1;ANK3
GO_Biological_Process_2023,Apoptotic Mitochondrial Changes (GO:0008637),2/34,0.0452815731960364,0.2312906132149611,0,0,6.23989898989899,19.311583224616665,FIS1;CLU
GO_Biological_Process_2023,Response To Estrogen (GO:0043627),2/34,0.0452815731960364,0.2312906132149611,0,0,6.23989898989899,19.311583224616665,GSTM3;SERPINB9
GO_Biological_Process_2023,Semaphorin-Plexin Signaling Pathway (GO:0071526),2/34,0.0452815731960364,0.2312906132149611,0,0,6.23989898989899,19.311583224616665,SEMA5A;SEMA3B
GO_Biological_Process_2023,Superoxide Metabolic Process (GO:0006801),2/34,0.0452815731960364,0.2312906132149611,0,0,6.23989898989899,19.311583224616665,PRDX1;MT3
GO_Biological_Process_2023,Glial Cell Differentiation (GO:0010001),2/34,0.0452815731960364,0.2312906132149611,0,0,6.23989898989899,19.311583224616665,SOX2;EGR2
GO_Biological_Process_2023,Negative Regulation Of Mitotic Cell Cycle (GO:0045930),2/34,0.0452815731960364,0.2312906132149611,0,0,6.23989898989899,19.311583224616665,RGCC;ZFP36L2
GO_Biological_Process_2023,Positive Regulation Of Neuron Death (GO:1901216),2/34,0.0452815731960364,0.2312906132149611,0,0,6.23989898989899,19.311583224616665,CLU;SNCA
GO_Biological_Process_2023,Regulation Of Blood Circulation (GO:1903522),2/34,0.0452815731960364,0.2312906132149611,0,0,6.23989898989899,19.311583224616665,CELF2;FXYD1
GO_Biological_Process_2023,Cellular Component Assembly (GO:0022607),6/260,0.0470054187272633,0.2312906132149611,0,0,2.3799821414075817,7.276777290088426,MAGI1;NEDD9;DMD;ANK3;VAMP2;GPM6B
GO_Biological_Process_2023,Protein-Containing Complex Assembly (GO:0065003),7/328,0.0473148902624245,0.2312906132149611,0,0,2.200910367536681,6.714823970145891,MAGI1;TMED10;DMD;COX7A2;CLU;VAMP2;SNCA
GO_Biological_Process_2023,Regulation Of Interleukin-8 Production (GO:0032677),3/81,0.047644064808467,0.2312906132149611,0,0,3.850449043342445,11.720756163276285,OTUD7B;HMGB1;PARK7
GO_Biological_Process_2023,Action Potential (GO:0001508),2/35,0.0477171520360592,0.2312906132149611,0,0,6.05050505050505,18.408446001894514,DMD;ANK3
GO_Biological_Process_2023,Regulation Of mRNA Processing (GO:0050684),2/35,0.0477171520360592,0.2312906132149611,0,0,6.05050505050505,18.408446001894514,HNRNPK;QKI
GO_Biological_Process_2023,Regulation Of Sodium Ion Transport (GO:0002028),2/35,0.0477171520360592,0.2312906132149611,0,0,6.05050505050505,18.408446001894514,ATP1A1;ANK3
GO_Biological_Process_2023,Macrophage Activation (GO:0042116),2/35,0.0477171520360592,0.2312906132149611,0,0,6.05050505050505,18.408446001894514,CLU;SNCA
GO_Biological_Process_2023,Platelet Aggregation (GO:0070527),2/35,0.0477171520360592,0.2312906132149611,0,0,6.05050505050505,18.408446001894514,CSRP1;MYL9
GO_Biological_Process_2023,Regulation Of Axon Extension (GO:0030516),2/35,0.0477171520360592,0.2312906132149611,0,0,6.05050505050505,18.408446001894514,MAG;MT3
GO_Biological_Process_2023,Regulation Of Protein Kinase B Signaling (GO:0051896),4/136,0.0478304724158974,0.2312906132149611,0,0,3.0408163265306123,9.24436243489024,SEMA5A;ITGB1;SFRP5;PARK7
GO_Biological_Process_2023,Protein Localization To Plasma Membrane (GO:0072659),4/137,0.048899497362236,0.2312906132149611,0,0,3.017799601043425,9.10768346956255,TSPAN15;EMP2;ANK3;RAMP1
GO_Biological_Process_2023,"CD4-positive, Alpha-Beta T Cell Activation (GO:0035710)",1/5,0.049014519870416,0.2312906132149611,0,0,24.86934673366834,74.99696447567176,HMGB1
GO_Biological_Process_2023,COPI Coating Of Golgi Vesicle (GO:0048205),1/5,0.049014519870416,0.2312906132149611,0,0,24.86934673366834,74.99696447567176,TMED10
GO_Biological_Process_2023,COPI-coated Vesicle Budding (GO:0035964),1/5,0.049014519870416,0.2312906132149611,0,0,24.86934673366834,74.99696447567176,TMED10
GO_Biological_Process_2023,Golgi Transport Vesicle Coating (GO:0048200),1/5,0.049014519870416,0.2312906132149611,0,0,24.86934673366834,74.99696447567176,TMED10
GO_Biological_Process_2023,T-helper 1 Cell Differentiation (GO:0045063),1/5,0.049014519870416,0.2312906132149611,0,0,24.86934673366834,74.99696447567176,TMEM98
GO_Biological_Process_2023,Adenylate Cyclase-Activating Dopamine Receptor Signaling Pathway (GO:0007191),1/5,0.049014519870416,0.2312906132149611,0,0,24.86934673366834,74.99696447567176,GNG2
GO_Biological_Process_2023,Amylin Receptor Signaling Pathway (GO:0097647),1/5,0.049014519870416,0.2312906132149611,0,0,24.86934673366834,74.99696447567176,RAMP1
GO_Biological_Process_2023,Regulation Of Peptidyl-Cysteine S-nitrosylation (GO:2000169),1/5,0.049014519870416,0.2312906132149611,0,0,24.86934673366834,74.99696447567176,DMD
GO_Biological_Process_2023,Blood Vessel Endothelial Cell Proliferation Involved In Sprouting Angiogenesis (GO:0002043),1/5,0.049014519870416,0.2312906132149611,0,0,24.86934673366834,74.99696447567176,SEMA5A
GO_Biological_Process_2023,Cellular Response To Granulocyte Macrophage Colony-Stimulating Factor Stimulus (GO:0097011),1/5,0.049014519870416,0.2312906132149611,0,0,24.86934673366834,74.99696447567176,ZFP36L2
GO_Biological_Process_2023,Regulation Of Type B Pancreatic Cell Proliferation (GO:0061469),1/5,0.049014519870416,0.2312906132149611,0,0,24.86934673366834,74.99696447567176,NR4A1
GO_Biological_Process_2023,Choline Metabolic Process (GO:0019695),1/5,0.049014519870416,0.2312906132149611,0,0,24.86934673366834,74.99696447567176,SLC44A1
GO_Biological_Process_2023,Renal System Process Involved In Regulation Of Blood Volume (GO:0001977),1/5,0.049014519870416,0.2312906132149611,0,0,24.86934673366834,74.99696447567176,EMP2
GO_Biological_Process_2023,Response To Catecholamine (GO:0071869),1/5,0.049014519870416,0.2312906132149611,0,0,24.86934673366834,74.99696447567176,GNG2
GO_Biological_Process_2023,Response To Granulocyte Macrophage Colony-Stimulating Factor (GO:0097012),1/5,0.049014519870416,0.2312906132149611,0,0,24.86934673366834,74.99696447567176,ZFP36L2
GO_Biological_Process_2023,tRNA Transport (GO:0051031),1/5,0.049014519870416,0.2312906132149611,0,0,24.86934673366834,74.99696447567176,YBX1
GO_Biological_Process_2023,Gamma-Aminobutyric Acid Metabolic Process (GO:0009448),1/5,0.049014519870416,0.2312906132149611,0,0,24.86934673366834,74.99696447567176,ALDH1A1
GO_Biological_Process_2023,Glutamate Catabolic Process (GO:0006538),1/5,0.049014519870416,0.2312906132149611,0,0,24.86934673366834,74.99696447567176,GLUL
GO_Biological_Process_2023,Natural Killer Cell Degranulation (GO:0043320),1/5,0.049014519870416,0.2312906132149611,0,0,24.86934673366834,74.99696447567176,VAMP2
GO_Biological_Process_2023,Negative Regulation Of ERAD Pathway (GO:1904293),1/5,0.049014519870416,0.2312906132149611,0,0,24.86934673366834,74.99696447567176,SVIP
GO_Biological_Process_2023,Negative Regulation Of Amyloid Precursor Protein Biosynthetic Process (GO:0042985),1/5,0.049014519870416,0.2312906132149611,0,0,24.86934673366834,74.99696447567176,ITM2C
GO_Biological_Process_2023,Negative Regulation Of Endoplasmic Reticulum Calcium Ion Concentration (GO:0032471),1/5,0.049014519870416,0.2312906132149611,0,0,24.86934673366834,74.99696447567176,FIS1
GO_Biological_Process_2023,Negative Regulation Of Nervous System Process (GO:0031645),1/5,0.049014519870416,0.2312906132149611,0,0,24.86934673366834,74.99696447567176,TMEM98
GO_Biological_Process_2023,Neutrophil Degranulation (GO:0043312),1/5,0.049014519870416,0.2312906132149611,0,0,24.86934673366834,74.99696447567176,VAMP2
GO_Biological_Process_2023,Notochord Development (GO:0030903),1/5,0.049014519870416,0.2312906132149611,0,0,24.86934673366834,74.99696447567176,COL18A1
GO_Biological_Process_2023,Plasma Membrane Raft Organization (GO:0044857),1/5,0.049014519870416,0.2312906132149611,0,0,24.86934673366834,74.99696447567176,EMP2
GO_Biological_Process_2023,"Positive Regulation Of Wnt Signaling Pathway, Planar Cell Polarity Pathway (GO:2000096)",1/5,0.049014519870416,0.2312906132149611,0,0,24.86934673366834,74.99696447567176,PLEKHA4
GO_Biological_Process_2023,Positive Regulation Of Cholesterol Biosynthetic Process (GO:0045542),1/5,0.049014519870416,0.2312906132149611,0,0,24.86934673366834,74.99696447567176,FGF1
GO_Biological_Process_2023,Positive Regulation Of Extrinsic Apoptotic Signaling Pathway Via Death Domain Receptors (GO:1902043),1/5,0.049014519870416,0.2312906132149611,0,0,24.86934673366834,74.99696447567176,TIMP3
GO_Biological_Process_2023,Positive Regulation Of Sterol Biosynthetic Process (GO:0106120),1/5,0.049014519870416,0.2312906132149611,0,0,24.86934673366834,74.99696447567176,FGF1
GO_Biological_Process_2023,Positive Regulation Of Vesicle Fusion (GO:0031340),1/5,0.049014519870416,0.2312906132149611,0,0,24.86934673366834,74.99696447567176,SNCA
GO_Biological_Process_2023,Protection From Natural Killer Cell Mediated Cytotoxicity (GO:0042270),1/5,0.049014519870416,0.2312906132149611,0,0,24.86934673366834,74.99696447567176,SERPINB9
GO_Biological_Process_2023,Protein Import (GO:0017038),1/5,0.049014519870416,0.2312906132149611,0,0,24.86934673366834,74.99696447567176,CLU
GO_Biological_Process_2023,Protein Repair (GO:0030091),1/5,0.049014519870416,0.2312906132149611,0,0,24.86934673366834,74.99696447567176,PCMT1
GO_Biological_Process_2023,Regulation Of Basement Membrane Organization (GO:0110011),1/5,0.049014519870416,0.2312906132149611,0,0,24.86934673366834,74.99696447567176,LAMB1
GO_Biological_Process_2023,Positive Regulation Of Transcription By RNA Polymerase II (GO:0045944),15/938,0.0498899103336362,0.2312906132149611,0,0,1.6582530526192498,4.971337343384352,DDX17;EGR2;MLIP;FOS;PARK7;HMGB1;YBX1;FGF1;LITAF;SOX2;NR4A2;NR4A1;RGCC;ITGA6;LPIN1
GO_Biological_Process_2023,Anterograde Trans-Synaptic Signaling (GO:0098916),5/199,0.0499602474440714,0.2312906132149611,0,0,2.591329632566746,7.764990870652189,CNP;MPZ;PLP1;PMP22;SNCA
GO_Biological_Process_2023,Regulation Of Peptidyl-Threonine Phosphorylation (GO:0010799),2/36,0.0501995008461569,0.2312906132149611,0,0,5.872251931075461,17.568310863627904,CADM4;CALM2
GO_Biological_Process_2023,Negative Regulation Of Organelle Assembly (GO:1902116),2/36,0.0501995008461569,0.2312906132149611,0,0,5.872251931075461,17.568310863627904,FEZ1;FEZ2
GO_Biological_Process_2023,Neural Crest Cell Migration (GO:0001755),2/36,0.0501995008461569,0.2312906132149611,0,0,5.872251931075461,17.568310863627904,SEMA5A;SEMA3B
GO_Biological_Process_2023,Positive Regulation Of Signaling Receptor Activity (GO:2000273),2/36,0.0501995008461569,0.2312906132149611,0,0,5.872251931075461,17.568310863627904,ITGB1;PARK7
GO_Biological_Process_2023,Regulation Of Protein Phosphorylation (GO:0001932),6/265,0.0506930733592583,0.2312906132149611,0,0,2.3334394777693745,6.958237180752288,CADM4;LIMCH1;CLDN19;PARK7;FGF1;MT3
GO_Biological_Process_2023,Regulation Of Apoptotic Process (GO:0042981),12/705,0.0514720124071759,0.2312906132149611,0,0,1.7598784194528876,5.221061343607402,ITGB1;MORF4L1;HNRNPK;LGALS1;SERPINB9;ITGA6;PARK7;HMGB1;CRYAB;CLU;MT3;SNCA
GO_Biological_Process_2023,Positive Regulation Of Gene Expression (GO:0010628),9/480,0.0526792939517069,0.2312906132149611,0,0,1.933737953113016,5.692021100844143,FGF7;RGCC;CLDN19;VIM;ANK3;PARK7;FGF1;CLU;MT3
GO_Biological_Process_2023,Synaptic Vesicle Cycle (GO:0099504),2/37,0.0527274511453542,0.2312906132149611,0,0,5.704184704184704,16.785242657704043,VAMP2;SNCA
GO_Biological_Process_2023,Mitochondrion Disassembly (GO:0061726),2/37,0.0527274511453542,0.2312906132149611,0,0,5.704184704184704,16.785242657704043,FIS1;GABARAPL2
GO_Biological_Process_2023,Muscle Tissue Development (GO:0060537),2/37,0.0527274511453542,0.2312906132149611,0,0,5.704184704184704,16.785242657704043,CSRP1;DMD
GO_Biological_Process_2023,Negative Regulation Of Endothelial Cell Migration (GO:0010596),2/37,0.0527274511453542,0.2312906132149611,0,0,5.704184704184704,16.785242657704043,RGCC;HMGB1
GO_Biological_Process_2023,Integrin-Mediated Signaling Pathway (GO:0007229),3/85,0.0536051258792773,0.2312906132149611,0,0,3.661879410672279,10.71506409870918,ITGB1;NEDD9;ITGA6
GO_Biological_Process_2023,Mitotic Spindle Organization (GO:0007052),3/85,0.0536051258792773,0.2312906132149611,0,0,3.661879410672279,10.71506409870918,STMN1;SBDS;RAN
GO_Biological_Process_2023,Protein Localization To Cell Periphery (GO:1990778),4/142,0.0544414921275498,0.2312906132149611,0,0,2.907719609582964,8.463292126596956,TSPAN15;EMP2;ANK3;RAMP1
GO_Biological_Process_2023,Exocytosis (GO:0006887),3/86,0.055148891178145,0.2312906132149611,0,0,3.617576906611216,10.482720030479646,TMED10;SCRN1;VAMP2
GO_Biological_Process_2023,Signal Release From Synapse (GO:0099643),2/38,0.0552998529270401,0.2312906132149611,0,0,5.545454545454546,16.054007893661755,VAMP2;SNCA
GO_Biological_Process_2023,Establishment Of Protein Localization To Plasma Membrane (GO:0061951),2/38,0.0552998529270401,0.2312906132149611,0,0,5.545454545454546,16.054007893661755,ANK3;VAMP2
GO_Biological_Process_2023,Positive Regulation Of Cation Channel Activity (GO:2001259),2/38,0.0552998529270401,0.2312906132149611,0,0,5.545454545454546,16.054007893661755,ANK3;CALM2
GO_Biological_Process_2023,Axonal Transport (GO:0098930),2/39,0.0579155744332589,0.2312906132149611,0,0,5.395304395304395,15.369975594462096,BLOC1S1;KIF1A
GO_Biological_Process_2023,Regulation Of Receptor-Mediated Endocytosis (GO:0048259),2/39,0.0579155744332589,0.2312906132149611,0,0,5.395304395304395,15.369975594462096,HNRNPK;CLU
GO_Biological_Process_2023,Retina Homeostasis (GO:0001895),2/39,0.0579155744332589,0.2312906132149611,0,0,5.395304395304395,15.369975594462096,AZGP1;PRDX1
GO_Biological_Process_2023,Fibroblast Growth Factor Receptor Signaling Pathway (GO:0008543),2/39,0.0579155744332589,0.2312906132149611,0,0,5.395304395304395,15.369975594462096,FGF7;FGF1
GO_Biological_Process_2023,Vesicle Cytoskeletal Trafficking (GO:0099518),2/39,0.0579155744332589,0.2312906132149611,0,0,5.395304395304395,15.369975594462096,KIF5B;KIF1A
GO_Biological_Process_2023,Negative Regulation Of Proteasomal Protein Catabolic Process (GO:1901799),2/39,0.0579155744332589,0.2312906132149611,0,0,5.395304395304395,15.369975594462096,GABARAPL2;PARK7
GO_Biological_Process_2023,Negative Regulation Of Transport (GO:0051051),2/39,0.0579155744332589,0.2312906132149611,0,0,5.395304395304395,15.369975594462096,CRYAB;SNCA
GO_Biological_Process_2023,Neuron Projection Extension (GO:1990138),2/39,0.0579155744332589,0.2312906132149611,0,0,5.395304395304395,15.369975594462096,SEMA5A;S100B
GO_Biological_Process_2023,Organelle Transport Along Microtubule (GO:0072384),2/39,0.0579155744332589,0.2312906132149611,0,0,5.395304395304395,15.369975594462096,BLOC1S1;KIF5B
GO_Biological_Process_2023,Positive Regulation Of ATP-dependent Activity (GO:0032781),2/39,0.0579155744332589,0.2312906132149611,0,0,5.395304395304395,15.369975594462096,DNAJB2;GABARAPL2
GO_Biological_Process_2023,AV Node Cell To Bundle Of His Cell Communication (GO:0086067),1/6,0.0585267307609904,0.2312906132149611,0,0,19.894472361809044,56.46591775214154,GJC3
GO_Biological_Process_2023,Regulation Of Endothelial Cell Chemotaxis To Fibroblast Growth Factor (GO:2000544),1/6,0.0585267307609904,0.2312906132149611,0,0,19.894472361809044,56.46591775214154,FGF1
GO_Biological_Process_2023,Regulation Of Extracellular Matrix Assembly (GO:1901201),1/6,0.0585267307609904,0.2312906132149611,0,0,19.894472361809044,56.46591775214154,RGCC
GO_Biological_Process_2023,Regulation Of Histamine Secretion By Mast Cell (GO:1903593),1/6,0.0585267307609904,0.2312906132149611,0,0,19.894472361809044,56.46591775214154,VAMP2
GO_Biological_Process_2023,Regulation Of Inositol Phosphate Biosynthetic Process (GO:0010919),1/6,0.0585267307609904,0.2312906132149611,0,0,19.894472361809044,56.46591775214154,SNCA
GO_Biological_Process_2023,Actin Filament Reorganization (GO:0090527),1/6,0.0585267307609904,0.2312906132149611,0,0,19.894472361809044,56.46591775214154,NEDD9
GO_Biological_Process_2023,Anterograde Dendritic Transport (GO:0098937),1/6,0.0585267307609904,0.2312906132149611,0,0,19.894472361809044,56.46591775214154,KIF5B
GO_Biological_Process_2023,Regulation Of Oxidative Stress-Induced Neuron Intrinsic Apoptotic Signaling Pathway (GO:1903376),1/6,0.0585267307609904,0.2312906132149611,0,0,19.894472361809044,56.46591775214154,PARK7
GO_Biological_Process_2023,Calcitonin Family Receptor Signaling Pathway (GO:0097646),1/6,0.0585267307609904,0.2312906132149611,0,0,19.894472361809044,56.46591775214154,RAMP1
GO_Biological_Process_2023,Regulation Of Skeletal Muscle Contraction (GO:0014819),1/6,0.0585267307609904,0.2312906132149611,0,0,19.894472361809044,56.46591775214154,DMD
GO_Biological_Process_2023,Cellular Response To Monoamine Stimulus (GO:0071868),1/6,0.0585267307609904,0.2312906132149611,0,0,19.894472361809044,56.46591775214154,GNG2
GO_Biological_Process_2023,Cellular Response To Prostaglandin E Stimulus (GO:0071380),1/6,0.0585267307609904,0.2312906132149611,0,0,19.894472361809044,56.46591775214154,GNG2
GO_Biological_Process_2023,Choline Transport (GO:0015871),1/6,0.0585267307609904,0.2312906132149611,0,0,19.894472361809044,56.46591775214154,SLC44A1
GO_Biological_Process_2023,Definitive Hemopoiesis (GO:0060216),1/6,0.0585267307609904,0.2312906132149611,0,0,19.894472361809044,56.46591775214154,ZFP36L2
GO_Biological_Process_2023,Dense Core Granule Cytoskeletal Transport (GO:0099519),1/6,0.0585267307609904,0.2312906132149611,0,0,19.894472361809044,56.46591775214154,KIF5B
GO_Biological_Process_2023,Ribosomal Large Subunit Export From Nucleus (GO:0000055),1/6,0.0585267307609904,0.2312906132149611,0,0,19.894472361809044,56.46591775214154,RAN
GO_Biological_Process_2023,Ribosomal Small Subunit Export From Nucleus (GO:0000056),1/6,0.0585267307609904,0.2312906132149611,0,0,19.894472361809044,56.46591775214154,RAN
GO_Biological_Process_2023,Smooth Muscle Cell Migration (GO:0014909),1/6,0.0585267307609904,0.2312906132149611,0,0,19.894472361809044,56.46591775214154,PLAT
GO_Biological_Process_2023,"Synaptic Transmission, Dopaminergic (GO:0001963)",1/6,0.0585267307609904,0.2312906132149611,0,0,19.894472361809044,56.46591775214154,SNCA
GO_Biological_Process_2023,Hepatocyte Growth Factor Receptor Signaling Pathway (GO:0048012),1/6,0.0585267307609904,0.2312906132149611,0,0,19.894472361809044,56.46591775214154,STMN1
GO_Biological_Process_2023,Lymphocyte Migration Into Lymphoid Organs (GO:0097021),1/6,0.0585267307609904,0.2312906132149611,0,0,19.894472361809044,56.46591775214154,NEDD9
GO_Biological_Process_2023,Mitotic Nuclear Membrane Disassembly (GO:0007077),1/6,0.0585267307609904,0.2312906132149611,0,0,19.894472361809044,56.46591775214154,LPIN1
GO_Biological_Process_2023,Negative Regulation Of Dendritic Spine Development (GO:0061000),1/6,0.0585267307609904,0.2312906132149611,0,0,19.894472361809044,56.46591775214154,SRGAP2C
GO_Biological_Process_2023,Negative Regulation Of Membrane Protein Ectodomain Proteolysis (GO:0051045),1/6,0.0585267307609904,0.2312906132149611,0,0,19.894472361809044,56.46591775214154,TIMP3
GO_Biological_Process_2023,Negative Regulation Of Oligodendrocyte Differentiation (GO:0048715),1/6,0.0585267307609904,0.2312906132149611,0,0,19.894472361809044,56.46591775214154,TMEM98
GO_Biological_Process_2023,Negative Regulation Of Plasminogen Activation (GO:0010757),1/6,0.0585267307609904,0.2312906132149611,0,0,19.894472361809044,56.46591775214154,PLAT
GO_Biological_Process_2023,Negative Regulation Of Protein Sumoylation (GO:0033234),1/6,0.0585267307609904,0.2312906132149611,0,0,19.894472361809044,56.46591775214154,PARK7
GO_Biological_Process_2023,Negative Regulation Of Response To Reactive Oxygen Species (GO:1901032),1/6,0.0585267307609904,0.2312906132149611,0,0,19.894472361809044,56.46591775214154,PARK7
GO_Biological_Process_2023,Negative Regulation Of Ruffle Assembly (GO:1900028),1/6,0.0585267307609904,0.2312906132149611,0,0,19.894472361809044,56.46591775214154,ARHGAP24
GO_Biological_Process_2023,Peptidyl-Arginine Modification (GO:0018195),1/6,0.0585267307609904,0.2312906132149611,0,0,19.894472361809044,56.46591775214154,PARK7
GO_Biological_Process_2023,Pituitary Gland Development (GO:0021983),1/6,0.0585267307609904,0.2312906132149611,0,0,19.894472361809044,56.46591775214154,SOX2
GO_Biological_Process_2023,Polyamine Biosynthetic Process (GO:0006596),1/6,0.0585267307609904,0.2312906132149611,0,0,19.894472361809044,56.46591775214154,SAT1
GO_Biological_Process_2023,Positive Regulation Of Blood Circulation (GO:1903524),1/6,0.0585267307609904,0.2312906132149611,0,0,19.894472361809044,56.46591775214154,ATP1A2
GO_Biological_Process_2023,Positive Regulation Of Chemokine (C-X-C Motif) Ligand 2 Production (GO:2000343),1/6,0.0585267307609904,0.2312906132149611,0,0,19.894472361809044,56.46591775214154,HMGB1
GO_Biological_Process_2023,Positive Regulation Of Necrotic Cell Death (GO:0010940),1/6,0.0585267307609904,0.2312906132149611,0,0,19.894472361809044,56.46591775214154,MT3
GO_Biological_Process_2023,Regulation Of NAD(P)H Oxidase Activity (GO:0033860),1/6,0.0585267307609904,0.2312906132149611,0,0,19.894472361809044,56.46591775214154,PARK7
GO_Biological_Process_2023,Regulation Of T Cell Mediated Immune Response To Tumor Cell (GO:0002840),1/6,0.0585267307609904,0.2312906132149611,0,0,19.894472361809044,56.46591775214154,HMGB1
GO_Biological_Process_2023,Regulation Of Cardiac Muscle Cell Membrane Potential (GO:0086036),1/6,0.0585267307609904,0.2312906132149611,0,0,19.894472361809044,56.46591775214154,FXYD1
GO_Biological_Process_2023,Regulation Of Cardiac Muscle Hypertrophy In Response To Stress (GO:1903242),1/6,0.0585267307609904,0.2312906132149611,0,0,19.894472361809044,56.46591775214154,MLIP
GO_Biological_Process_2023,Negative Regulation Of Protein Metabolic Process (GO:0051248),4/147,0.0603095808388597,0.2312906132149611,0,0,2.805337519623234,7.878129210447092,PLAT;YBX1;CLU;CRYAB
GO_Biological_Process_2023,Regulation Of Cytosolic Calcium Ion Concentration (GO:0051480),2/40,0.0605735018773766,0.2312906132149611,0,0,5.253056884635832,14.729034349424168,YWHAE;CAV2
GO_Biological_Process_2023,Regulation Of Microtubule Polymerization (GO:0031113),2/40,0.0605735018773766,0.2312906132149611,0,0,5.253056884635832,14.729034349424168,STMN1;SNCA
GO_Biological_Process_2023,Regulation Of Protein Dephosphorylation (GO:0035304),2/40,0.0605735018773766,0.2312906132149611,0,0,5.253056884635832,14.729034349424168,DYNLL1;CALM2
GO_Biological_Process_2023,Cellular Response To Heat (GO:0034605),2/40,0.0605735018773766,0.2312906132149611,0,0,5.253056884635832,14.729034349424168,YWHAE;FGF1
GO_Biological_Process_2023,Endothelial Cell Migration (GO:0043542),2/40,0.0605735018773766,0.2312906132149611,0,0,5.253056884635832,14.729034349424168,NR4A1;EMP2
GO_Biological_Process_2023,Synaptic Vesicle Endocytosis (GO:0048488),2/40,0.0605735018773766,0.2312906132149611,0,0,5.253056884635832,14.729034349424168,VAMP2;SNCA
GO_Biological_Process_2023,Negative Regulation Of Mitotic Cell Cycle Phase Transition (GO:1901991),2/40,0.0605735018773766,0.2312906132149611,0,0,5.253056884635832,14.729034349424168,RGCC;ZFP36L2
GO_Biological_Process_2023,Positive Regulation Of Monoatomic Ion Transport (GO:0043270),2/40,0.0605735018773766,0.2312906132149611,0,0,5.253056884635832,14.729034349424168,KIF5B;ANK3
GO_Biological_Process_2023,Regulation Of Autophagosome Assembly (GO:2000785),2/40,0.0605735018773766,0.2312906132149611,0,0,5.253056884635832,14.729034349424168,FEZ1;FEZ2
GO_Biological_Process_2023,Positive Regulation Of Binding (GO:0051099),3/91,0.063181565752201,0.2312906132149611,0,0,3.411167512690356,9.420766981809484,STMN1;HMGB1;RAN
GO_Biological_Process_2023,Synaptic Vesicle Exocytosis (GO:0016079),2/41,0.0632725392250683,0.2312906132149611,0,0,5.118104118104118,14.127522570834804,VAMP2;SNCA
GO_Biological_Process_2023,Heart Contraction (GO:0060047),2/41,0.0632725392250683,0.2312906132149611,0,0,5.118104118104118,14.127522570834804,ATP1A2;DMD
GO_Biological_Process_2023,Negative Regulation Of Proteolysis (GO:0045861),2/41,0.0632725392250683,0.2312906132149611,0,0,5.118104118104118,14.127522570834804,TIMP3;PLAT
GO_Biological_Process_2023,Central Nervous System Development (GO:0007417),6/283,0.0654064171054293,0.2312906132149611,0,0,2.1797982805463545,5.944603975547643,NR4A2;EGR2;MARCKSL1;MAL;APOD;S100B
GO_Biological_Process_2023,Lysosome Localization (GO:0032418),2/42,0.0660116079502312,0.2312906132149611,0,0,4.98989898989899,13.5621695873434,BLOC1S1;KIF5B
GO_Biological_Process_2023,Organic Hydroxy Compound Biosynthetic Process (GO:1901617),2/42,0.0660116079502312,0.2312906132149611,0,0,4.98989898989899,13.5621695873434,PARK7;OSBPL1A
GO_Biological_Process_2023,Potassium Ion Import Across Plasma Membrane (GO:1990573),2/42,0.0660116079502312,0.2312906132149611,0,0,4.98989898989899,13.5621695873434,ATP1A2;ATP1A1
GO_Biological_Process_2023,Cellular Response To Organic Cyclic Compound (GO:0071407),4/152,0.0665001173925767,0.2312906132149611,0,0,2.709873138444567,7.345250879126401,GNG2;ATP1A2;ATP1A1;CLU
GO_Biological_Process_2023,Regulation Of Peptidyl-Serine Phosphorylation (GO:0033135),3/93,0.0665382374289198,0.2312906132149611,0,0,3.33502538071066,9.037847070802028,DMD;PARK7;SNCA
GO_Biological_Process_2023,Positive Regulation Of Protein Kinase B Signaling (GO:0051897),3/93,0.0665382374289198,0.2312906132149611,0,0,3.33502538071066,9.037847070802028,ITGB1;SEMA5A;PARK7
GO_Biological_Process_2023,Regulation Of Chaperone-Mediated Autophagy (GO:1904714),1/7,0.0679442688885301,0.2312906132149611,0,0,16.57788944723618,44.57906348265406,SNCA
GO_Biological_Process_2023,Regulation Of Cyclic-Nucleotide Phosphodiesterase Activity (GO:0051342),1/7,0.0679442688885301,0.2312906132149611,0,0,16.57788944723618,44.57906348265406,CALM2
GO_Biological_Process_2023,Regulation Of Dopamine Uptake Involved In Synaptic Transmission (GO:0051584),1/7,0.0679442688885301,0.2312906132149611,0,0,16.57788944723618,44.57906348265406,SNCA
GO_Biological_Process_2023,Regulation Of Endodeoxyribonuclease Activity (GO:0032071),1/7,0.0679442688885301,0.2312906132149611,0,0,16.57788944723618,44.57906348265406,HMGB1
GO_Biological_Process_2023,Regulation Of Extracellular Matrix Constituent Secretion (GO:0003330),1/7,0.0679442688885301,0.2312906132149611,0,0,16.57788944723618,44.57906348265406,RGCC
GO_Biological_Process_2023,Regulation Of Hydrogen Peroxide-Induced Cell Death (GO:1903205),1/7,0.0679442688885301,0.2312906132149611,0,0,16.57788944723618,44.57906348265406,PARK7
GO_Biological_Process_2023,Regulation Of Lipase Activity (GO:0060191),1/7,0.0679442688885301,0.2312906132149611,0,0,16.57788944723618,44.57906348265406,SNCA
GO_Biological_Process_2023,Amine Transport (GO:0015837),1/7,0.0679442688885301,0.2312906132149611,0,0,16.57788944723618,44.57906348265406,SLC44A1
GO_Biological_Process_2023,Anterograde Axonal Protein Transport (GO:0099641),1/7,0.0679442688885301,0.2312906132149611,0,0,16.57788944723618,44.57906348265406,KIF5B
GO_Biological_Process_2023,Aromatic Compound Catabolic Process (GO:0019439),1/7,0.0679442688885301,0.2312906132149611,0,0,16.57788944723618,44.57906348265406,PON2
GO_Biological_Process_2023,Axo-Dendritic Protein Transport (GO:0099640),1/7,0.0679442688885301,0.2312906132149611,0,0,16.57788944723618,44.57906348265406,KIF5B
GO_Biological_Process_2023,Regulation Of Oxidative Stress-Induced Cell Death (GO:1903201),1/7,0.0679442688885301,0.2312906132149611,0,0,16.57788944723618,44.57906348265406,PARK7
GO_Biological_Process_2023,Regulation Of Protein Glycosylation (GO:0060049),1/7,0.0679442688885301,0.2312906132149611,0,0,16.57788944723618,44.57906348265406,RAMP1
GO_Biological_Process_2023,Regulation Of Protein Localization To Nucleolus (GO:1904749),1/7,0.0679442688885301,0.2312906132149611,0,0,16.57788944723618,44.57906348265406,GLUL
GO_Biological_Process_2023,Regulation Of Response To Wounding (GO:1903034),1/7,0.0679442688885301,0.2312906132149611,0,0,16.57788944723618,44.57906348265406,CADM4
GO_Biological_Process_2023,Cellular Biogenic Amine Catabolic Process (GO:0042402),1/7,0.0679442688885301,0.2312906132149611,0,0,16.57788944723618,44.57906348265406,SLC44A1
GO_Biological_Process_2023,Cellular Modified Amino Acid Biosynthetic Process (GO:0042398),1/7,0.0679442688885301,0.2312906132149611,0,0,16.57788944723618,44.57906348265406,GATM
GO_Biological_Process_2023,Cellular Response To Epinephrine Stimulus (GO:0071872),1/7,0.0679442688885301,0.2312906132149611,0,0,16.57788944723618,44.57906348265406,SNCA
GO_Biological_Process_2023,Cellular Response To Leptin Stimulus (GO:0044320),1/7,0.0679442688885301,0.2312906132149611,0,0,16.57788944723618,44.57906348265406,MT3
GO_Biological_Process_2023,Response To Auditory Stimulus (GO:0010996),1/7,0.0679442688885301,0.2312906132149611,0,0,16.57788944723618,44.57906348265406,ATP1A2
GO_Biological_Process_2023,Response To Epinephrine (GO:0071871),1/7,0.0679442688885301,0.2312906132149611,0,0,16.57788944723618,44.57906348265406,SNCA
GO_Biological_Process_2023,Dopamine Uptake (GO:0090494),1/7,0.0679442688885301,0.2312906132149611,0,0,16.57788944723618,44.57906348265406,SNCA
GO_Biological_Process_2023,Spermidine Metabolic Process (GO:0008216),1/7,0.0679442688885301,0.2312906132149611,0,0,16.57788944723618,44.57906348265406,SAT1
GO_Biological_Process_2023,tRNA Transcription By RNA Polymerase III (GO:0042797),1/7,0.0679442688885301,0.2312906132149611,0,0,16.57788944723618,44.57906348265406,POLR2F
GO_Biological_Process_2023,Lactate Metabolic Process (GO:0006089),1/7,0.0679442688885301,0.2312906132149611,0,0,16.57788944723618,44.57906348265406,PARK7
GO_Biological_Process_2023,Myeloid Leukocyte Mediated Immunity (GO:0002444),1/7,0.0679442688885301,0.2312906132149611,0,0,16.57788944723618,44.57906348265406,SERPINB9
GO_Biological_Process_2023,Negative Regulation Of Glucose Import (GO:0046325),1/7,0.0679442688885301,0.2312906132149611,0,0,16.57788944723618,44.57906348265406,PEA15
GO_Biological_Process_2023,Negative Regulation Of Intracellular Transport (GO:0032387),1/7,0.0679442688885301,0.2312906132149611,0,0,16.57788944723618,44.57906348265406,CRYAB
GO_Biological_Process_2023,Negative Regulation Of Monooxygenase Activity (GO:0032769),1/7,0.0679442688885301,0.2312906132149611,0,0,16.57788944723618,44.57906348265406,SNCA
GO_Biological_Process_2023,Negative Regulation Of Muscle Hypertrophy (GO:0014741),1/7,0.0679442688885301,0.2312906132149611,0,0,16.57788944723618,44.57906348265406,MLIP
GO_Biological_Process_2023,Neuroepithelial Cell Differentiation (GO:0060563),1/7,0.0679442688885301,0.2312906132149611,0,0,16.57788944723618,44.57906348265406,TUBB2A
GO_Biological_Process_2023,Positive Regulation Of Cardiac Epithelial To Mesenchymal Transition (GO:0062043),1/7,0.0679442688885301,0.2312906132149611,0,0,16.57788944723618,44.57906348265406,EMP2
GO_Biological_Process_2023,Positive Regulation Of Execution Phase Of Apoptosis (GO:1900119),1/7,0.0679442688885301,0.2312906132149611,0,0,16.57788944723618,44.57906348265406,DYNLL1
GO_Biological_Process_2023,Positive Regulation Of Fibroblast Migration (GO:0010763),1/7,0.0679442688885301,0.2312906132149611,0,0,16.57788944723618,44.57906348265406,ITGB1
GO_Biological_Process_2023,Positive Regulation Of Membrane Potential (GO:0045838),1/7,0.0679442688885301,0.2312906132149611,0,0,16.57788944723618,44.57906348265406,ANK3
GO_Biological_Process_2023,Positive Regulation Of Ryanodine-Sensitive Calcium-Release Channel Activity (GO:0060316),1/7,0.0679442688885301,0.2312906132149611,0,0,16.57788944723618,44.57906348265406,CALM2
GO_Biological_Process_2023,"Post-Translational Protein Targeting To Membrane, Translocation (GO:0031204)",1/7,0.0679442688885301,0.2312906132149611,0,0,16.57788944723618,44.57906348265406,SEC62
GO_Biological_Process_2023,Protein Deglycosylation (GO:0006517),1/7,0.0679442688885301,0.2312906132149611,0,0,16.57788944723618,44.57906348265406,PARK7
GO_Biological_Process_2023,Protein Deubiquitination Involved In Ubiquitin-Dependent Protein Catabolic Process (GO:0071947),1/7,0.0679442688885301,0.2312906132149611,0,0,16.57788944723618,44.57906348265406,OTUD7B
GO_Biological_Process_2023,Protein Localization To Cytoplasmic Stress Granule (GO:1903608),1/7,0.0679442688885301,0.2312906132149611,0,0,16.57788944723618,44.57906348265406,YBX1
GO_Biological_Process_2023,Protein Localization To Nucleolus (GO:1902570),1/7,0.0679442688885301,0.2312906132149611,0,0,16.57788944723618,44.57906348265406,RAN
GO_Biological_Process_2023,Protein Localization To Presynapse (GO:1905383),1/7,0.0679442688885301,0.2312906132149611,0,0,16.57788944723618,44.57906348265406,KIF5B
GO_Biological_Process_2023,protein-RNA Complex Disassembly (GO:0032988),1/7,0.0679442688885301,0.2312906132149611,0,0,16.57788944723618,44.57906348265406,KIF5B
GO_Biological_Process_2023,Regulation Of Apoptotic Cell Clearance (GO:2000425),1/7,0.0679442688885301,0.2312906132149611,0,0,16.57788944723618,44.57906348265406,HMGB1
GO_Biological_Process_2023,Muscle Contraction (GO:0006936),3/94,0.0682467043328599,0.2312906132149611,0,0,3.298209404808389,8.854459164365215,SMTN;FXYD1;CRYAB
GO_Biological_Process_2023,Peptidyl-Lysine Modification (GO:0018205),3/94,0.0682467043328599,0.2312906132149611,0,0,3.298209404808389,8.854459164365215,EGR2;BLOC1S1;PARK7
GO_Biological_Process_2023,Regulation Of Endothelial Cell Apoptotic Process (GO:2000351),2/43,0.0687896467784887,0.2312906132149611,0,0,4.867947770386794,13.030045670347697,SEMA5A;RGCC
GO_Biological_Process_2023,Energy Derivation By Oxidation Of Organic Compounds (GO:0015980),2/43,0.0687896467784887,0.2312906132149611,0,0,4.867947770386794,13.030045670347697,COX7A2;MT3
GO_Biological_Process_2023,Neurotransmitter Secretion (GO:0007269),2/43,0.0687896467784887,0.2312906132149611,0,0,4.867947770386794,13.030045670347697,VAMP2;SNCA
GO_Biological_Process_2023,Positive Regulation Of Receptor-Mediated Endocytosis (GO:0048260),2/43,0.0687896467784887,0.2312906132149611,0,0,4.867947770386794,13.030045670347697,HNRNPK;CLU
GO_Biological_Process_2023,Positive Regulation Of Stress Fiber Assembly (GO:0051496),2/43,0.0687896467784887,0.2312906132149611,0,0,4.867947770386794,13.030045670347697,RGCC;LIMCH1
GO_Biological_Process_2023,Cell Junction Assembly (GO:0034329),3/95,0.0699750364747784,0.2320416761100817,0,0,3.2621937762083424,8.676185118672581,GPM6A;ITGA6;CDH7
GO_Biological_Process_2023,Positive Regulation Of Epithelial Cell Migration (GO:0010634),3/95,0.0699750364747784,0.2320416761100817,0,0,3.2621937762083424,8.676185118672581,FGF7;SPARC;FGF1
GO_Biological_Process_2023,Regulation Of Viral Entry Into Host Cell (GO:0046596),2/44,0.0716056114889121,0.2320416761100817,0,0,4.751803751803752,12.52851945708889,LGALS1;HMGB1
GO_Biological_Process_2023,Synaptic Vesicle Recycling (GO:0036465),2/44,0.0716056114889121,0.2320416761100817,0,0,4.751803751803752,12.52851945708889,VAMP2;SNCA
GO_Biological_Process_2023,Neural Crest Cell Development (GO:0014032),2/44,0.0716056114889121,0.2320416761100817,0,0,4.751803751803752,12.52851945708889,SEMA5A;SEMA3B
GO_Biological_Process_2023,Positive Regulation Of Biosynthetic Process (GO:0009891),2/44,0.0716056114889121,0.2320416761100817,0,0,4.751803751803752,12.52851945708889,RGCC;VIM
GO_Biological_Process_2023,Positive Regulation Of Nucleocytoplasmic Transport (GO:0046824),2/44,0.0716056114889121,0.2320416761100817,0,0,4.751803751803752,12.52851945708889,YWHAE;RAN
GO_Biological_Process_2023,Cellular Response To Transforming Growth Factor Beta Stimulus (GO:0071560),3/96,0.0717230639353225,0.2320416761100817,0,0,3.2269526772556083,8.502836079014903,ITGB1;FOS;ZFP36L2
GO_Biological_Process_2023,Triglyceride Metabolic Process (GO:0006641),2/45,0.0744584746361064,0.2320416761100817,0,0,4.641061780596664,12.055221541075596,PLAAT3;LPIN1
GO_Biological_Process_2023,Natural Killer Cell Activation (GO:0030101),2/45,0.0744584746361064,0.2320416761100817,0,0,4.641061780596664,12.055221541075596,PRDX1;EMP2
GO_Biological_Process_2023,Positive Regulation Of Protein-Containing Complex Assembly (GO:0031334),3/98,0.0752775128137596,0.2320416761100817,0,0,3.158696232968208,8.170200992229566,PARK7;CLU;SNCA
GO_Biological_Process_2023,Cellular Response To Insulin Stimulus (GO:0032869),3/99,0.0770835823208496,0.2320416761100817,0,0,3.125634517766497,8.010579186959143,CAV2;LPIN1;VAMP2
GO_Biological_Process_2023,CD40 Signaling Pathway (GO:0023035),1/8,0.0772680713380291,0.2320416761100817,0,0,14.208901651112706,36.38152974515558,ITGB1
GO_Biological_Process_2023,Regulation Of Dendritic Spine Maintenance (GO:1902950),1/8,0.0772680713380291,0.2320416761100817,0,0,14.208901651112706,36.38152974515558,NEDD9
GO_Biological_Process_2023,DNA Topological Change (GO:0006265),1/8,0.0772680713380291,0.2320416761100817,0,0,14.208901651112706,36.38152974515558,HMGB1
GO_Biological_Process_2023,N-acylphosphatidylethanolamine Metabolic Process (GO:0070292),1/8,0.0772680713380291,0.2320416761100817,0,0,14.208901651112706,36.38152974515558,PLAAT3
GO_Biological_Process_2023,T Cell Mediated Cytotoxicity (GO:0001913),1/8,0.0772680713380291,0.2320416761100817,0,0,14.208901651112706,36.38152974515558,EMP2
GO_Biological_Process_2023,Regulation Of Morphogenesis Of An Epithelium (GO:1905330),1/8,0.0772680713380291,0.2320416761100817,0,0,14.208901651112706,36.38152974515558,FGF1
GO_Biological_Process_2023,Regulation Of Necrotic Cell Death (GO:0010939),1/8,0.0772680713380291,0.2320416761100817,0,0,14.208901651112706,36.38152974515558,MT3
GO_Biological_Process_2023,Regulation Of Skeletal Muscle Cell Differentiation (GO:2001014),1/8,0.0772680713380291,0.2320416761100817,0,0,14.208901651112706,36.38152974515558,DDX17
GO_Biological_Process_2023,Cellular Response To Muramyl Dipeptide (GO:0071225),1/8,0.0772680713380291,0.2320416761100817,0,0,14.208901651112706,36.38152974515558,VIM
GO_Biological_Process_2023,Regulation Of Tumor Necrosis Factor Superfamily Cytokine Production (GO:1903555),1/8,0.0772680713380291,0.2320416761100817,0,0,14.208901651112706,36.38152974515558,PARK7
GO_Biological_Process_2023,Response To Magnesium Ion (GO:0032026),1/8,0.0772680713380291,0.2320416761100817,0,0,14.208901651112706,36.38152974515558,SNCA
GO_Biological_Process_2023,Response To Misfolded Protein (GO:0051788),1/8,0.0772680713380291,0.2320416761100817,0,0,14.208901651112706,36.38152974515558,CLU
GO_Biological_Process_2023,Selenocysteine Incorporation (GO:0001514),1/8,0.0772680713380291,0.2320416761100817,0,0,14.208901651112706,36.38152974515558,SECISBP2L
GO_Biological_Process_2023,Skin Morphogenesis (GO:0043589),1/8,0.0772680713380291,0.2320416761100817,0,0,14.208901651112706,36.38152974515558,ITGA6
GO_Biological_Process_2023,Endothelial Cell Chemotaxis (GO:0035767),1/8,0.0772680713380291,0.2320416761100817,0,0,14.208901651112706,36.38152974515558,NR4A1
GO_Biological_Process_2023,tRNA Transcription (GO:0009304),1/8,0.0772680713380291,0.2320416761100817,0,0,14.208901651112706,36.38152974515558,POLR2F
GO_Biological_Process_2023,Translational Readthrough (GO:0006451),1/8,0.0772680713380291,0.2320416761100817,0,0,14.208901651112706,36.38152974515558,SECISBP2L
GO_Biological_Process_2023,Leptin-Mediated Signaling Pathway (GO:0033210),1/8,0.0772680713380291,0.2320416761100817,0,0,14.208901651112706,36.38152974515558,MT3
GO_Biological_Process_2023,Mesodermal Cell Differentiation (GO:0048333),1/8,0.0772680713380291,0.2320416761100817,0,0,14.208901651112706,36.38152974515558,ITGB1
GO_Biological_Process_2023,Mitochondrial Fragmentation Involved In Apoptotic Process (GO:0043653),1/8,0.0772680713380291,0.2320416761100817,0,0,14.208901651112706,36.38152974515558,FIS1
GO_Biological_Process_2023,Negative Regulation Of Alpha-Beta T Cell Differentiation (GO:0046639),1/8,0.0772680713380291,0.2320416761100817,0,0,14.208901651112706,36.38152974515558,HMGB1
GO_Biological_Process_2023,Negative Regulation Of Glial Cell Differentiation (GO:0045686),1/8,0.0772680713380291,0.2320416761100817,0,0,14.208901651112706,36.38152974515558,TMEM98
GO_Biological_Process_2023,Negative Regulation Of Glycoprotein Biosynthetic Process (GO:0010561),1/8,0.0772680713380291,0.2320416761100817,0,0,14.208901651112706,36.38152974515558,ITM2C
GO_Biological_Process_2023,Negative Regulation Of Oxidative Stress-Induced Neuron Death (GO:1903204),1/8,0.0772680713380291,0.2320416761100817,0,0,14.208901651112706,36.38152974515558,PARK7
GO_Biological_Process_2023,Negative Regulation Of Platelet Aggregation (GO:0090331),1/8,0.0772680713380291,0.2320416761100817,0,0,14.208901651112706,36.38152974515558,CD9
GO_Biological_Process_2023,"Negative Regulation Of Retrograde Protein Transport, ER To Cytosol (GO:1904153)",1/8,0.0772680713380291,0.2320416761100817,0,0,14.208901651112706,36.38152974515558,SVIP
GO_Biological_Process_2023,Negative Regulation Of Transporter Activity (GO:0032410),1/8,0.0772680713380291,0.2320416761100817,0,0,14.208901651112706,36.38152974515558,SNCA
GO_Biological_Process_2023,Nuclear Membrane Disassembly (GO:0051081),1/8,0.0772680713380291,0.2320416761100817,0,0,14.208901651112706,36.38152974515558,LPIN1
GO_Biological_Process_2023,Nucleic Acid Transport (GO:0050657),1/8,0.0772680713380291,0.2320416761100817,0,0,14.208901651112706,36.38152974515558,YBX1
GO_Biological_Process_2023,Peroxisome Fission (GO:0016559),1/8,0.0772680713380291,0.2320416761100817,0,0,14.208901651112706,36.38152974515558,FIS1
GO_Biological_Process_2023,Plasminogen Activation (GO:0031639),1/8,0.0772680713380291,0.2320416761100817,0,0,14.208901651112706,36.38152974515558,PLAT
GO_Biological_Process_2023,Positive Regulation Of Extracellular Matrix Assembly (GO:1901203),1/8,0.0772680713380291,0.2320416761100817,0,0,14.208901651112706,36.38152974515558,RGCC
GO_Biological_Process_2023,Positive Regulation Of Inositol Phosphate Biosynthetic Process (GO:0060732),1/8,0.0772680713380291,0.2320416761100817,0,0,14.208901651112706,36.38152974515558,SNCA
GO_Biological_Process_2023,Positive Regulation Of Mitochondrial Calcium Ion Concentration (GO:0051561),1/8,0.0772680713380291,0.2320416761100817,0,0,14.208901651112706,36.38152974515558,FIS1
GO_Biological_Process_2023,Positive Regulation Of Ubiquitin Protein Ligase Activity (GO:1904668),1/8,0.0772680713380291,0.2320416761100817,0,0,14.208901651112706,36.38152974515558,SKP1
GO_Biological_Process_2023,Regulation Of ER-associated Ubiquitin-Dependent Protein Catabolic Process (GO:1903069),1/8,0.0772680713380291,0.2320416761100817,0,0,14.208901651112706,36.38152974515558,SVIP
GO_Biological_Process_2023,"Regulation Of Wnt Signaling Pathway, Planar Cell Polarity Pathway (GO:2000095)",1/8,0.0772680713380291,0.2320416761100817,0,0,14.208901651112706,36.38152974515558,PLEKHA4
GO_Biological_Process_2023,Regulation Of Cell Killing (GO:0031341),1/8,0.0772680713380291,0.2320416761100817,0,0,14.208901651112706,36.38152974515558,CD59
GO_Biological_Process_2023,Regulation Of Cytokine Production Involved In Inflammatory Response (GO:1900015),2/46,0.0773472253700272,0.2320416761100817,0,0,4.535353535353536,11.608013208044897,CUEDC2;APOD
GO_Biological_Process_2023,Regulation Of Fibroblast Proliferation (GO:0048145),2/46,0.0773472253700272,0.2320416761100817,0,0,4.535353535353536,11.608013208044897,FTH1;S100A6
GO_Biological_Process_2023,Regulation Of mRNA Catabolic Process (GO:0061013),2/46,0.0773472253700272,0.2320416761100817,0,0,4.535353535353536,11.608013208044897,VIM;ZFP36L2
GO_Biological_Process_2023,Homotypic Cell-Cell Adhesion (GO:0034109),2/46,0.0773472253700272,0.2320416761100817,0,0,4.535353535353536,11.608013208044897,CSRP1;MYL9
GO_Biological_Process_2023,Myofibril Assembly (GO:0030239),2/46,0.0773472253700272,0.2320416761100817,0,0,4.535353535353536,11.608013208044897,CSRP1;MYL9
GO_Biological_Process_2023,Negative Regulation Of Cellular Metabolic Process (GO:0031324),2/46,0.0773472253700272,0.2320416761100817,0,0,4.535353535353536,11.608013208044897,YBX1;MT3
GO_Biological_Process_2023,Positive Regulation Of Cell-Cell Adhesion (GO:0022409),2/46,0.0773472253700272,0.2320416761100817,0,0,4.535353535353536,11.608013208044897,MAGI1;ANK3
GO_Biological_Process_2023,Apoptotic Process (GO:0006915),5/228,0.07929454356035,0.2374347936420292,0,0,2.251006094055421,5.70536844247615,SFRP5;PMP22;MAL;EMP2;DYNLL1
GO_Biological_Process_2023,Mitochondrion Organization (GO:0007005),4/162,0.0798287777328656,0.2385843131112198,0,0,2.5370705244122966,6.413387552426678,FIS1;CAV2;COX7A2;PARK7
GO_Biological_Process_2023,Golgi To Plasma Membrane Transport (GO:0006893),2/47,0.0802708691611082,0.2390053834121552,0,0,4.434343434343434,11.184959505346583,ANK3;VAMP2
GO_Biological_Process_2023,Positive Regulation Of Epithelial To Mesenchymal Transition (GO:0010718),2/47,0.0802708691611082,0.2390053834121552,0,0,4.434343434343434,11.184959505346583,RGCC;EMP2
GO_Biological_Process_2023,Negative Regulation Of Cell Migration (GO:0030336),4/163,0.081229738345964,0.2412548643811988,0,0,2.520985752791683,6.328868841567284,LIMCH1;CLDN19;NEDD9;DYNLL1
GO_Biological_Process_2023,Regulation Of RNA Splicing (GO:0043484),3/102,0.0826150134639867,0.2412548643811988,0,0,3.030456852791878,7.5566376689451715,HNRNPK;TMEM98;QKI
GO_Biological_Process_2023,Positive Regulation Of Phosphorylation (GO:0042327),5/231,0.0827624518343387,0.2412548643811988,0,0,2.2207851145904245,5.533709711029654,LIMCH1;CLDN19;ITGA6;FGF1;MT3
GO_Biological_Process_2023,Inorganic Cation Import Across Plasma Membrane (GO:0098659),3/103,0.0844959534746252,0.2412548643811988,0,0,3.0,7.413154900919784,ATP1A2;ATP1A1;CLU
GO_Biological_Process_2023,Autophagy Of Mitochondrion (GO:0000422),2/49,0.0862189382580095,0.2412548643811988,0,0,4.24521813883516,10.404458354124063,GABARAPL2;FIS1
GO_Biological_Process_2023,Negative Regulation Of Cysteine-Type Endopeptidase Activity Involved In Apoptotic Process (GO:0043154),2/49,0.0862189382580095,0.2412548643811988,0,0,4.24521813883516,10.404458354124063,PARK7;SNCA
GO_Biological_Process_2023,Nuclear Export (GO:0051168),2/49,0.0862189382580095,0.2412548643811988,0,0,4.24521813883516,10.404458354124063,EGR2;RAN
GO_Biological_Process_2023,Proton Transmembrane Transport (GO:1902600),2/49,0.0862189382580095,0.2412548643811988,0,0,4.24521813883516,10.404458354124063,ATP1A2;ATP1A1
GO_Biological_Process_2023,Positive Regulation Of GTPase Activity (GO:0043547),5/234,0.0863098564250473,0.2412548643811988,0,0,2.191355951181279,5.368408957712933,ITGB1;CAV2;TAX1BP3;ITGA6;ARHGAP24
GO_Biological_Process_2023,Regulation Of Complement Activation (GO:0030449),1/9,0.0864990660572792,0.2412548643811988,0,0,12.4321608040201,30.429226090981548,CD59
GO_Biological_Process_2023,Regulation Of Complement-Dependent Cytotoxicity (GO:1903659),1/9,0.0864990660572792,0.2412548643811988,0,0,12.4321608040201,30.429226090981548,CD59
GO_Biological_Process_2023,Actin-Mediated Cell Contraction (GO:0070252),1/9,0.0864990660572792,0.2412548643811988,0,0,12.4321608040201,30.429226090981548,EMP2
GO_Biological_Process_2023,Apical Protein Localization (GO:0045176),1/9,0.0864990660572792,0.2412548643811988,0,0,12.4321608040201,30.429226090981548,MAL
GO_Biological_Process_2023,Regulation Of Protein Acetylation (GO:1901983),1/9,0.0864990660572792,0.2412548643811988,0,0,12.4321608040201,30.429226090981548,PARK7
GO_Biological_Process_2023,Regulation Of Protein Lipidation (GO:1903059),1/9,0.0864990660572792,0.2412548643811988,0,0,12.4321608040201,30.429226090981548,SVIP
GO_Biological_Process_2023,Regulation Of Store-Operated Calcium Entry (GO:2001256),1/9,0.0864990660572792,0.2412548643811988,0,0,12.4321608040201,30.429226090981548,SARAF
GO_Biological_Process_2023,Regulation Of Tau-Protein Kinase Activity (GO:1902947),1/9,0.0864990660572792,0.2412548643811988,0,0,12.4321608040201,30.429226090981548,CLU
GO_Biological_Process_2023,Regulation Of Transmembrane Transporter Activity (GO:0022898),1/9,0.0864990660572792,0.2412548643811988,0,0,12.4321608040201,30.429226090981548,SNCA
GO_Biological_Process_2023,Cellular Response To Prostaglandin Stimulus (GO:0071379),1/9,0.0864990660572792,0.2412548643811988,0,0,12.4321608040201,30.429226090981548,GNG2
GO_Biological_Process_2023,Cellular Response To Purine-Containing Compound (GO:0071415),1/9,0.0864990660572792,0.2412548643811988,0,0,12.4321608040201,30.429226090981548,CLU
GO_Biological_Process_2023,Ectoderm Development (GO:0007398),1/9,0.0864990660572792,0.2412548643811988,0,0,12.4321608040201,30.429226090981548,ITGA6
GO_Biological_Process_2023,Endodermal Cell Fate Commitment (GO:0001711),1/9,0.0864990660572792,0.2412548643811988,0,0,12.4321608040201,30.429226090981548,SOX2
GO_Biological_Process_2023,Excitatory Synapse Assembly (GO:1904861),1/9,0.0864990660572792,0.2412548643811988,0,0,12.4321608040201,30.429226090981548,SRGAP2C
GO_Biological_Process_2023,Granulocyte Migration (GO:0097530),1/9,0.0864990660572792,0.2412548643811988,0,0,12.4321608040201,30.429226090981548,EMP2
GO_Biological_Process_2023,Mitochondrion Morphogenesis (GO:0070584),1/9,0.0864990660572792,0.2412548643811988,0,0,12.4321608040201,30.429226090981548,FIS1
GO_Biological_Process_2023,Muscle Cell Migration (GO:0014812),1/9,0.0864990660572792,0.2412548643811988,0,0,12.4321608040201,30.429226090981548,PLAT
GO_Biological_Process_2023,Myelin Maintenance (GO:0043217),1/9,0.0864990660572792,0.2412548643811988,0,0,12.4321608040201,30.429226090981548,CLU
GO_Biological_Process_2023,Negative Regulation Of Cell-Cell Adhesion Mediated By Cadherin (GO:2000048),1/9,0.0864990660572792,0.2412548643811988,0,0,12.4321608040201,30.429226090981548,RGCC
GO_Biological_Process_2023,Negative Regulation Of Protein Exit From Endoplasmic Reticulum (GO:0070862),1/9,0.0864990660572792,0.2412548643811988,0,0,12.4321608040201,30.429226090981548,SVIP
GO_Biological_Process_2023,Peptidyl-Cysteine Modification (GO:0018198),1/9,0.0864990660572792,0.2412548643811988,0,0,12.4321608040201,30.429226090981548,PARK7
GO_Biological_Process_2023,Peptidyl-Lysine Acetylation (GO:0018394),1/9,0.0864990660572792,0.2412548643811988,0,0,12.4321608040201,30.429226090981548,BLOC1S1
GO_Biological_Process_2023,Phosphatidylethanolamine Acyl-Chain Remodeling (GO:0036152),1/9,0.0864990660572792,0.2412548643811988,0,0,12.4321608040201,30.429226090981548,PLAAT3
GO_Biological_Process_2023,Positive Regulation Of Keratinocyte Migration (GO:0051549),1/9,0.0864990660572792,0.2412548643811988,0,0,12.4321608040201,30.429226090981548,FGF7
GO_Biological_Process_2023,Positive Regulation Of Receptor Recycling (GO:0001921),1/9,0.0864990660572792,0.2412548643811988,0,0,12.4321608040201,30.429226090981548,SNCA
GO_Biological_Process_2023,Positive Regulation Of Vascular Endothelial Growth Factor Receptor Signaling Pathway (GO:0030949),1/9,0.0864990660572792,0.2412548643811988,0,0,12.4321608040201,30.429226090981548,MT3
GO_Biological_Process_2023,Protein K11-linked Deubiquitination (GO:0035871),1/9,0.0864990660572792,0.2412548643811988,0,0,12.4321608040201,30.429226090981548,OTUD7B
GO_Biological_Process_2023,Regulation Of Epithelial Cell Migration (GO:0010632),2/50,0.0892414542606553,0.2471661220098778,0,0,4.156565656565657,10.043965211617904,EMP2;GLUL
GO_Biological_Process_2023,Cell Chemotaxis (GO:0060326),2/50,0.0892414542606553,0.2471661220098778,0,0,4.156565656565657,10.043965211617904,SEMA5A;NR4A1
GO_Biological_Process_2023,Intracellular Iron Ion Homeostasis (GO:0006879),2/50,0.0892414542606553,0.2471661220098778,0,0,4.156565656565657,10.043965211617904,FTH1;FTL
GO_Biological_Process_2023,Plasma Membrane Bounded Cell Projection Morphogenesis (GO:0120039),2/50,0.0892414542606553,0.2471661220098778,0,0,4.156565656565657,10.043965211617904,GPM6A;GAS7
GO_Biological_Process_2023,Positive Regulation Of Autophagy (GO:0010508),3/107,0.0922003613732937,0.2496345050224322,0,0,2.8840296759078483,6.874924645539169,PARK7;HMGB1;SVIP
GO_Biological_Process_2023,Positive Regulation Of Actin Filament Bundle Assembly (GO:0032233),2/51,0.0922950442929787,0.2496345050224322,0,0,4.071531642960214,9.7015024039535,RGCC;LIMCH1
GO_Biological_Process_2023,Positive Regulation Of Protein Localization To Cell Periphery (GO:1904377),2/51,0.0922950442929787,0.2496345050224322,0,0,4.071531642960214,9.7015024039535,ITGB1;KIF5B
GO_Biological_Process_2023,Positive Regulation Of Protein Localization To Plasma Membrane (GO:1903078),2/51,0.0922950442929787,0.2496345050224322,0,0,4.071531642960214,9.7015024039535,ITGB1;KIF5B
GO_Biological_Process_2023,Rho Protein Signal Transduction (GO:0007266),2/52,0.0953787922697506,0.2496345050224322,0,0,3.98989898989899,9.375859760148904,TAX1BP3;CTNNAL1
GO_Biological_Process_2023,Regulation Of Proteolysis (GO:0030162),2/52,0.0953787922697506,0.2496345050224322,0,0,3.98989898989899,9.375859760148904,RHOBTB3;PLAT
GO_Biological_Process_2023,Sprouting Angiogenesis (GO:0002040),2/52,0.0953787922697506,0.2496345050224322,0,0,3.98989898989899,9.375859760148904,SEMA5A;NR4A1
GO_Biological_Process_2023,CRD-mediated mRNA Stabilization (GO:0070934),1/10,0.0956381720564831,0.2496345050224322,0,0,11.050251256281408,25.93696464958489,YBX1
GO_Biological_Process_2023,Regulation Of Cysteine-Type Endopeptidase Activity Involved In Apoptotic Signaling Pathway (GO:2001267),1/10,0.0956381720564831,0.2496345050224322,0,0,11.050251256281408,25.93696464958489,PARK7
GO_Biological_Process_2023,Regulation Of Inclusion Body Assembly (GO:0090083),1/10,0.0956381720564831,0.2496345050224322,0,0,11.050251256281408,25.93696464958489,DNAJB2
GO_Biological_Process_2023,Regulation Of Low-Density Lipoprotein Particle Clearance (GO:0010988),1/10,0.0956381720564831,0.2496345050224322,0,0,11.050251256281408,25.93696464958489,HNRNPK
GO_Biological_Process_2023,Regulation Of Phospholipase Activity (GO:0010517),1/10,0.0956381720564831,0.2496345050224322,0,0,11.050251256281408,25.93696464958489,SNCA
GO_Biological_Process_2023,Cardiac Muscle Cell Membrane Repolarization (GO:0099622),1/10,0.0956381720564831,0.2496345050224322,0,0,11.050251256281408,25.93696464958489,YWHAE
GO_Biological_Process_2023,Regulation Of Toll-Like Receptor 9 Signaling Pathway (GO:0034163),1/10,0.0956381720564831,0.2496345050224322,0,0,11.050251256281408,25.93696464958489,HMGB1
GO_Biological_Process_2023,Response To Prostaglandin E (GO:0034695),1/10,0.0956381720564831,0.2496345050224322,0,0,11.050251256281408,25.93696464958489,GNG2
GO_Biological_Process_2023,Synaptic Vesicle Transport (GO:0048489),1/10,0.0956381720564831,0.2496345050224322,0,0,11.050251256281408,25.93696464958489,KIF5B
GO_Biological_Process_2023,Lens Fiber Cell Differentiation (GO:0070306),1/10,0.0956381720564831,0.2496345050224322,0,0,11.050251256281408,25.93696464958489,PLAAT3
GO_Biological_Process_2023,Mesonephros Development (GO:0001823),1/10,0.0956381720564831,0.2496345050224322,0,0,11.050251256281408,25.93696464958489,FGF1
GO_Biological_Process_2023,Midbrain Dopaminergic Neuron Differentiation (GO:1904948),1/10,0.0956381720564831,0.2496345050224322,0,0,11.050251256281408,25.93696464958489,NR4A2
GO_Biological_Process_2023,Mitochondrial Respirasome Assembly (GO:0097250),1/10,0.0956381720564831,0.2496345050224322,0,0,11.050251256281408,25.93696464958489,COX7A2
GO_Biological_Process_2023,Negative Regulation Of Autophagosome Assembly (GO:1902902),1/10,0.0956381720564831,0.2496345050224322,0,0,11.050251256281408,25.93696464958489,FEZ2
GO_Biological_Process_2023,Negative Regulation Of Exocytosis (GO:0045920),1/10,0.0956381720564831,0.2496345050224322,0,0,11.050251256281408,25.93696464958489,SNCA
GO_Biological_Process_2023,Negative Regulation Of Homotypic Cell-Cell Adhesion (GO:0034111),1/10,0.0956381720564831,0.2496345050224322,0,0,11.050251256281408,25.93696464958489,CD9
GO_Biological_Process_2023,Negative Regulation Of Hydrogen Peroxide-Induced Cell Death (GO:1903206),1/10,0.0956381720564831,0.2496345050224322,0,0,11.050251256281408,25.93696464958489,PARK7
GO_Biological_Process_2023,Negative Regulation Of Inclusion Body Assembly (GO:0090084),1/10,0.0956381720564831,0.2496345050224322,0,0,11.050251256281408,25.93696464958489,DNAJB2
GO_Biological_Process_2023,Negative Regulation Of Lymphocyte Migration (GO:2000402),1/10,0.0956381720564831,0.2496345050224322,0,0,11.050251256281408,25.93696464958489,APOD
GO_Biological_Process_2023,Positive Regulation Of Actin Filament Depolymerization (GO:0030836),1/10,0.0956381720564831,0.2496345050224322,0,0,11.050251256281408,25.93696464958489,SEMA5A
GO_Biological_Process_2023,Positive Regulation Of Autophagy Of Mitochondrion (GO:1903599),1/10,0.0956381720564831,0.2496345050224322,0,0,11.050251256281408,25.93696464958489,PARK7
GO_Biological_Process_2023,Positive Regulation Of Cellular Respiration (GO:1901857),1/10,0.0956381720564831,0.2496345050224322,0,0,11.050251256281408,25.93696464958489,PARK7
GO_Biological_Process_2023,Positive Regulation Of Cholesterol Metabolic Process (GO:0090205),1/10,0.0956381720564831,0.2496345050224322,0,0,11.050251256281408,25.93696464958489,FGF1
GO_Biological_Process_2023,Positive Regulation Of Non-Canonical Wnt Signaling Pathway (GO:2000052),1/10,0.0956381720564831,0.2496345050224322,0,0,11.050251256281408,25.93696464958489,PLEKHA4
GO_Biological_Process_2023,Positive Regulation Of Protein Depolymerization (GO:1901881),1/10,0.0956381720564831,0.2496345050224322,0,0,11.050251256281408,25.93696464958489,SEMA5A
GO_Biological_Process_2023,Receptor-Mediated Endocytosis Of Virus By Host Cell (GO:0019065),1/10,0.0956381720564831,0.2496345050224322,0,0,11.050251256281408,25.93696464958489,CAV2
GO_Biological_Process_2023,Regulation Of Amyloid Precursor Protein Biosynthetic Process (GO:0042984),1/10,0.0956381720564831,0.2496345050224322,0,0,11.050251256281408,25.93696464958489,ITM2C
GO_Biological_Process_2023,Regulation Of Biosynthetic Process (GO:0009889),1/10,0.0956381720564831,0.2496345050224322,0,0,11.050251256281408,25.93696464958489,SNCA
GO_Biological_Process_2023,Regulation Of Proteasomal Ubiquitin-Dependent Protein Catabolic Process (GO:0032434),3/109,0.0961582714173515,0.2505799289644285,0,0,2.829326692845513,6.625603466421482,DNAJB2;PARK7;CLU
GO_Biological_Process_2023,Actin Cytoskeleton Reorganization (GO:0031532),2/53,0.0984917971521169,0.254702679114827,0,0,3.9114676173499694,9.065929283683165,FGF7;NEDD9
GO_Biological_Process_2023,Negative Regulation Of Cysteine-Type Endopeptidase Activity (GO:2000117),2/53,0.0984917971521169,0.254702679114827,0,0,3.9114676173499694,9.065929283683165,MT3;SNCA
GO_Biological_Process_2023,RNA Metabolic Process (GO:0016070),3/111,0.1001845738063604,0.254702679114827,0,0,2.7766497461928936,6.3883520697862,DDX17;HNRNPK;CELF2
GO_Biological_Process_2023,Extracellular Matrix Organization (GO:0030198),4/176,0.1005270084862388,0.254702679114827,0,0,2.3289036544850497,5.350257546006701,COL28A1;COL18A1;MIA;GPM6B
GO_Biological_Process_2023,Positive Regulation Of Hydrolase Activity (GO:0051345),4/176,0.1005270084862388,0.254702679114827,0,0,2.3289036544850497,5.350257546006701,ITGB1;CAV2;ITGA6;CALM2
GO_Biological_Process_2023,Regulation Of Exocytosis (GO:0017157),2/54,0.1016331727713355,0.254702679114827,0,0,3.836052836052836,8.77069478933889,VAMP2;SNCA
GO_Biological_Process_2023,Positive Regulation Of Leukocyte Chemotaxis (GO:0002690),2/54,0.1016331727713355,0.254702679114827,0,0,3.836052836052836,8.77069478933889,NEDD9;HMGB1
GO_Biological_Process_2023,Regulation Of Blood Vessel Endothelial Cell Migration (GO:0043535),2/54,0.1016331727713355,0.254702679114827,0,0,3.836052836052836,8.77069478933889,RGCC;HMGB1
GO_Biological_Process_2023,Regulation Of Endosome Size (GO:0051036),1/11,0.1046862992439068,0.254702679114827,0,0,9.944723618090451,22.4431232477853,BLOC1S1
GO_Biological_Process_2023,Actin Crosslink Formation (GO:0051764),1/11,0.1046862992439068,0.254702679114827,0,0,9.944723618090451,22.4431232477853,GAS2L3
GO_Biological_Process_2023,Regulation Of Keratinocyte Migration (GO:0051547),1/11,0.1046862992439068,0.254702679114827,0,0,9.944723618090451,22.4431232477853,FGF7
GO_Biological_Process_2023,Regulation Of Monocyte Chemotactic Protein-1 Production (GO:0071637),1/11,0.1046862992439068,0.254702679114827,0,0,9.944723618090451,22.4431232477853,APOD
GO_Biological_Process_2023,Biogenic Amine Biosynthetic Process (GO:0042401),1/11,0.1046862992439068,0.254702679114827,0,0,9.944723618090451,22.4431232477853,SAT1
GO_Biological_Process_2023,Catecholamine Biosynthetic Process (GO:0042423),1/11,0.1046862992439068,0.254702679114827,0,0,9.944723618090451,22.4431232477853,SNCA
GO_Biological_Process_2023,Cell Part Morphogenesis (GO:0032990),1/11,0.1046862992439068,0.254702679114827,0,0,9.944723618090451,22.4431232477853,FIS1
GO_Biological_Process_2023,Regulation Of Stress-Activated Protein Kinase Signaling Cascade (GO:0070302),1/11,0.1046862992439068,0.254702679114827,0,0,9.944723618090451,22.4431232477853,RNF13
GO_Biological_Process_2023,Cellular Response To Nitrogen Levels (GO:0043562),1/11,0.1046862992439068,0.254702679114827,0,0,9.944723618090451,22.4431232477853,GABARAPL2
GO_Biological_Process_2023,Cellular Response To Nitrogen Starvation (GO:0006995),1/11,0.1046862992439068,0.254702679114827,0,0,9.944723618090451,22.4431232477853,GABARAPL2
GO_Biological_Process_2023,Skeletal Muscle Fiber Development (GO:0048741),1/11,0.1046862992439068,0.254702679114827,0,0,9.944723618090451,22.4431232477853,CAV2
GO_Biological_Process_2023,Glutamine Family Amino Acid Biosynthetic Process (GO:0009084),1/11,0.1046862992439068,0.254702679114827,0,0,9.944723618090451,22.4431232477853,GLUL
GO_Biological_Process_2023,Intracellular Copper Ion Homeostasis (GO:0006878),1/11,0.1046862992439068,0.254702679114827,0,0,9.944723618090451,22.4431232477853,MT2A
GO_Biological_Process_2023,Mast Cell Mediated Immunity (GO:0002448),1/11,0.1046862992439068,0.254702679114827,0,0,9.944723618090451,22.4431232477853,SERPINB9
GO_Biological_Process_2023,"Negative Regulation Of CD4-positive, Alpha-Beta T Cell Activation (GO:2000515)",1/11,0.1046862992439068,0.254702679114827,0,0,9.944723618090451,22.4431232477853,HMGB1
GO_Biological_Process_2023,Negative Regulation Of calcineurin-NFAT Signaling Cascade (GO:0070885),1/11,0.1046862992439068,0.254702679114827,0,0,9.944723618090451,22.4431232477853,RCAN1
GO_Biological_Process_2023,Negative Regulation Of Calcineurin-Mediated Signaling (GO:0106057),1/11,0.1046862992439068,0.254702679114827,0,0,9.944723618090451,22.4431232477853,RCAN1
GO_Biological_Process_2023,Negative Regulation Of Cellular Response To Vascular Endothelial Growth Factor Stimulus (GO:1902548),1/11,0.1046862992439068,0.254702679114827,0,0,9.944723618090451,22.4431232477853,CADM4
GO_Biological_Process_2023,Negative Regulation Of Fibrinolysis (GO:0051918),1/11,0.1046862992439068,0.254702679114827,0,0,9.944723618090451,22.4431232477853,PLAT
GO_Biological_Process_2023,Negative Regulation Of Glucose Transmembrane Transport (GO:0010829),1/11,0.1046862992439068,0.254702679114827,0,0,9.944723618090451,22.4431232477853,PEA15
GO_Biological_Process_2023,Negative Regulation Of Heart Contraction (GO:0045822),1/11,0.1046862992439068,0.254702679114827,0,0,9.944723618090451,22.4431232477853,ATP1A2
GO_Biological_Process_2023,"Negative Regulation Of Nuclear-Transcribed mRNA Catabolic Process, Deadenylation-Dependent Decay (GO:1900152)",1/11,0.1046862992439068,0.254702679114827,0,0,9.944723618090451,22.4431232477853,YBX1
GO_Biological_Process_2023,Negative Regulation Of Reactive Oxygen Species Biosynthetic Process (GO:1903427),1/11,0.1046862992439068,0.254702679114827,0,0,9.944723618090451,22.4431232477853,PARK7
GO_Biological_Process_2023,Negative Regulation Of Release Of Sequestered Calcium Ion Into Cytosol (GO:0051280),1/11,0.1046862992439068,0.254702679114827,0,0,9.944723618090451,22.4431232477853,CALM2
GO_Biological_Process_2023,Negative Regulation Of Ryanodine-Sensitive Calcium-Release Channel Activity (GO:0060315),1/11,0.1046862992439068,0.254702679114827,0,0,9.944723618090451,22.4431232477853,CALM2
GO_Biological_Process_2023,Neutrophil Activation Involved In Immune Response (GO:0002283),1/11,0.1046862992439068,0.254702679114827,0,0,9.944723618090451,22.4431232477853,VAMP2
GO_Biological_Process_2023,Polyamine Metabolic Process (GO:0006595),1/11,0.1046862992439068,0.254702679114827,0,0,9.944723618090451,22.4431232477853,SAT1
GO_Biological_Process_2023,Positive Regulation Of Keratinocyte Proliferation (GO:0010838),1/11,0.1046862992439068,0.254702679114827,0,0,9.944723618090451,22.4431232477853,FGF7
GO_Biological_Process_2023,"Regulation Of CD4-positive, Alpha-Beta T Cell Differentiation (GO:0043370)",1/11,0.1046862992439068,0.254702679114827,0,0,9.944723618090451,22.4431232477853,HMGB1
GO_Biological_Process_2023,Regulation Of T Cell Mediated Immunity (GO:0002709),1/11,0.1046862992439068,0.254702679114827,0,0,9.944723618090451,22.4431232477853,HMGB1
GO_Biological_Process_2023,Regulation Of Actin Filament Depolymerization (GO:0030834),1/11,0.1046862992439068,0.254702679114827,0,0,9.944723618090451,22.4431232477853,SEMA5A
GO_Biological_Process_2023,Regulation Of Adipose Tissue Development (GO:1904177),1/11,0.1046862992439068,0.254702679114827,0,0,9.944723618090451,22.4431232477853,PLAAT3
GO_Biological_Process_2023,Regulation Of Amyloid Precursor Protein Catabolic Process (GO:1902991),1/11,0.1046862992439068,0.254702679114827,0,0,9.944723618090451,22.4431232477853,TMED10
GO_Biological_Process_2023,Regulation Of Cell Communication By Electrical Coupling Involved In Cardiac Conduction (GO:1901844),1/11,0.1046862992439068,0.254702679114827,0,0,9.944723618090451,22.4431232477853,CALM2
GO_Biological_Process_2023,Neuron Migration (GO:0001764),2/55,0.1048020475500832,0.254702679114827,0,0,3.763483895559368,8.489222766072233,NR4A2;GPM6A
GO_Biological_Process_2023,Phosphatidylcholine Metabolic Process (GO:0046470),2/55,0.1048020475500832,0.254702679114827,0,0,3.763483895559368,8.489222766072233,SLC44A1;PLAAT3
GO_Biological_Process_2023,Regulation Of Cytoskeleton Organization (GO:0051493),3/114,0.1063487931507688,0.2580665668658564,0,0,2.7011935793661683,6.0534587787747896,NEDD9;DYNLL1;GPM6B
GO_Biological_Process_2023,Regulation Of Mitotic Nuclear Division (GO:0007088),2/56,0.1079975643594305,0.2608708289778025,0,0,3.6936026936026938,8.220654292796869,RGCC;CAV2
GO_Biological_Process_2023,Regulation Of Reactive Oxygen Species Metabolic Process (GO:2000377),2/56,0.1079975643594305,0.2608708289778025,0,0,3.6936026936026938,8.220654292796869,MT3;SNCA
GO_Biological_Process_2023,Peptide Metabolic Process (GO:0006518),2/56,0.1079975643594305,0.2608708289778025,0,0,3.6936026936026938,8.220654292796869,SPCS2;DMD
GO_Biological_Process_2023,Striated Muscle Contraction (GO:0006941),2/57,0.111218880351375,0.2648363897148013,0,0,3.6262626262626254,7.964197874788815,ATP1A2;DMD
GO_Biological_Process_2023,Regulation Of Chemokine (C-X-C Motif) Ligand 2 Production (GO:2000341),1/12,0.1136443487055952,0.2648363897148013,0,0,9.040201005025123,19.659557478207127,HMGB1
GO_Biological_Process_2023,DNA Conformation Change (GO:0071103),1/12,0.1136443487055952,0.2648363897148013,0,0,9.040201005025123,19.659557478207127,HMGB1
GO_Biological_Process_2023,V(D)J Recombination (GO:0033151),1/12,0.1136443487055952,0.2648363897148013,0,0,9.040201005025123,19.659557478207127,HMGB1
GO_Biological_Process_2023,Regulation Of Monooxygenase Activity (GO:0032768),1/12,0.1136443487055952,0.2648363897148013,0,0,9.040201005025123,19.659557478207127,SNCA
GO_Biological_Process_2023,"Regulation Of Retrograde Protein Transport, ER To Cytosol (GO:1904152)",1/12,0.1136443487055952,0.2648363897148013,0,0,9.040201005025123,19.659557478207127,SVIP
GO_Biological_Process_2023,Relaxation Of Cardiac Muscle (GO:0055119),1/12,0.1136443487055952,0.2648363897148013,0,0,9.040201005025123,19.659557478207127,ATP1A2
GO_Biological_Process_2023,Response To Iron Ion (GO:0010039),1/12,0.1136443487055952,0.2648363897148013,0,0,9.040201005025123,19.659557478207127,SNCA
GO_Biological_Process_2023,Response To Muramyl Dipeptide (GO:0032495),1/12,0.1136443487055952,0.2648363897148013,0,0,9.040201005025123,19.659557478207127,VIM
GO_Biological_Process_2023,Detection Of Calcium Ion (GO:0005513),1/12,0.1136443487055952,0.2648363897148013,0,0,9.040201005025123,19.659557478207127,CALM2
GO_Biological_Process_2023,Fibrinolysis (GO:0042730),1/12,0.1136443487055952,0.2648363897148013,0,0,9.040201005025123,19.659557478207127,PLAT
GO_Biological_Process_2023,Myelination In Peripheral Nervous System (GO:0022011),1/12,0.1136443487055952,0.2648363897148013,0,0,9.040201005025123,19.659557478207127,NCMAP
GO_Biological_Process_2023,Negative Regulation Of Cardiac Muscle Hypertrophy (GO:0010614),1/12,0.1136443487055952,0.2648363897148013,0,0,9.040201005025123,19.659557478207127,MLIP
GO_Biological_Process_2023,Negative Regulation Of Complement Activation (GO:0045916),1/12,0.1136443487055952,0.2648363897148013,0,0,9.040201005025123,19.659557478207127,CD59
GO_Biological_Process_2023,Negative Regulation Of Stem Cell Differentiation (GO:2000737),1/12,0.1136443487055952,0.2648363897148013,0,0,9.040201005025123,19.659557478207127,ZFP36L2
GO_Biological_Process_2023,Neutrophil Mediated Immunity (GO:0002446),1/12,0.1136443487055952,0.2648363897148013,0,0,9.040201005025123,19.659557478207127,VAMP2
GO_Biological_Process_2023,Nucleotide Metabolic Process (GO:0009117),1/12,0.1136443487055952,0.2648363897148013,0,0,9.040201005025123,19.659557478207127,PARK7
GO_Biological_Process_2023,Positive Regulation Of Neuron Migration (GO:2001224),1/12,0.1136443487055952,0.2648363897148013,0,0,9.040201005025123,19.659557478207127,SRGAP2C
GO_Biological_Process_2023,Positive Regulation Of Protein Export From Nucleus (GO:0046827),1/12,0.1136443487055952,0.2648363897148013,0,0,9.040201005025123,19.659557478207127,YWHAE
GO_Biological_Process_2023,Positive Regulation Of Sodium Ion Transport (GO:0010765),1/12,0.1136443487055952,0.2648363897148013,0,0,9.040201005025123,19.659557478207127,ANK3
GO_Biological_Process_2023,Positive Regulation Of Vascular Endothelial Cell Proliferation (GO:1905564),1/12,0.1136443487055952,0.2648363897148013,0,0,9.040201005025123,19.659557478207127,HMGB1
GO_Biological_Process_2023,Quaternary Ammonium Group Transport (GO:0015697),1/12,0.1136443487055952,0.2648363897148013,0,0,9.040201005025123,19.659557478207127,SLC44A1
GO_Biological_Process_2023,Regulation Of SNARE Complex Assembly (GO:0035542),1/12,0.1136443487055952,0.2648363897148013,0,0,9.040201005025123,19.659557478207127,SNCA
GO_Biological_Process_2023,Regulation Of Cell Communication By Electrical Coupling (GO:0010649),1/12,0.1136443487055952,0.2648363897148013,0,0,9.040201005025123,19.659557478207127,CALM2
GO_Biological_Process_2023,Positive Regulation Of Mitochondrion Organization (GO:0010822),2/58,0.1144651666427582,0.2663580930528699,0,0,3.561327561327561,7.719123085387519,FIS1;PARK7
GO_Biological_Process_2023,Regulation Of Protein Binding (GO:0043393),3/118,0.1147922031202581,0.2667280034434108,0,0,2.606709335687486,5.642565698444747,DNAJB2;PARK7;RAN
GO_Biological_Process_2023,Heart Morphogenesis (GO:0003007),2/59,0.1177356082636544,0.2731672665415492,0,0,3.4986709197235517,7.484754897547597,EMP2;DYNLL1
GO_Biological_Process_2023,Vesicle-Mediated Transport (GO:0016192),7/411,0.1192301233161878,0.2753944311802922,0,0,1.7412917457548864,3.70320488386936,TMED10;SCRN1;BLOC1S1;CAV2;KIF1A;OSBPL1A;VAMP2
GO_Biological_Process_2023,Regulation Of Extrinsic Apoptotic Signaling Pathway (GO:2001236),2/60,0.1210294038464434,0.2753944311802922,0,0,3.438174851967956,7.260468635528234,ITGA6;PARK7
GO_Biological_Process_2023,Histone Acetylation (GO:0016573),2/60,0.1210294038464434,0.2753944311802922,0,0,3.438174851967956,7.260468635528234,MORF4L1;TMEM98
GO_Biological_Process_2023,GTP Metabolic Process (GO:0046039),1/13,0.1225132126107664,0.2753944311802922,0,0,8.28643216080402,17.397665920944878,RAN
GO_Biological_Process_2023,Regulation Of Humoral Immune Response (GO:0002920),1/13,0.1225132126107664,0.2753944311802922,0,0,8.28643216080402,17.397665920944878,CD59
GO_Biological_Process_2023,Regulation Of Immune Effector Process (GO:0002697),1/13,0.1225132126107664,0.2753944311802922,0,0,8.28643216080402,17.397665920944878,CD59
GO_Biological_Process_2023,T Cell Differentiation In Thymus (GO:0033077),1/13,0.1225132126107664,0.2753944311802922,0,0,8.28643216080402,17.397665920944878,ZFP36L2
GO_Biological_Process_2023,Regulation Of Macrophage Cytokine Production (GO:0010935),1/13,0.1225132126107664,0.2753944311802922,0,0,8.28643216080402,17.397665920944878,CUEDC2
GO_Biological_Process_2023,Regulation Of Oxidoreductase Activity (GO:0051341),1/13,0.1225132126107664,0.2753944311802922,0,0,8.28643216080402,17.397665920944878,MT3
GO_Biological_Process_2023,Regulation Of Response To Endoplasmic Reticulum Stress (GO:1905897),1/13,0.1225132126107664,0.2753944311802922,0,0,8.28643216080402,17.397665920944878,CLU
GO_Biological_Process_2023,Regulation Of Vasculogenesis (GO:2001212),1/13,0.1225132126107664,0.2753944311802922,0,0,8.28643216080402,17.397665920944878,EMP2
GO_Biological_Process_2023,Relaxation Of Muscle (GO:0090075),1/13,0.1225132126107664,0.2753944311802922,0,0,8.28643216080402,17.397665920944878,ATP1A2
GO_Biological_Process_2023,Cotranslational Protein Targeting To Membrane (GO:0006613),1/13,0.1225132126107664,0.2753944311802922,0,0,8.28643216080402,17.397665920944878,SEC62
GO_Biological_Process_2023,Signal Peptide Processing (GO:0006465),1/13,0.1225132126107664,0.2753944311802922,0,0,8.28643216080402,17.397665920944878,SPCS2
GO_Biological_Process_2023,Ether Lipid Metabolic Process (GO:0046485),1/13,0.1225132126107664,0.2753944311802922,0,0,8.28643216080402,17.397665920944878,PLAAT3
GO_Biological_Process_2023,Synaptic Vesicle Localization (GO:0097479),1/13,0.1225132126107664,0.2753944311802922,0,0,8.28643216080402,17.397665920944878,KIF5B
GO_Biological_Process_2023,Glutamine Metabolic Process (GO:0006541),1/13,0.1225132126107664,0.2753944311802922,0,0,8.28643216080402,17.397665920944878,GLUL
GO_Biological_Process_2023,Inhibitory Synapse Assembly (GO:1904862),1/13,0.1225132126107664,0.2753944311802922,0,0,8.28643216080402,17.397665920944878,SRGAP2C
GO_Biological_Process_2023,Intraciliary Retrograde Transport (GO:0035721),1/13,0.1225132126107664,0.2753944311802922,0,0,8.28643216080402,17.397665920944878,DYNLL1
GO_Biological_Process_2023,Mitochondrial Fission (GO:0000266),1/13,0.1225132126107664,0.2753944311802922,0,0,8.28643216080402,17.397665920944878,FIS1
GO_Biological_Process_2023,Myeloid Dendritic Cell Activation (GO:0001773),1/13,0.1225132126107664,0.2753944311802922,0,0,8.28643216080402,17.397665920944878,HMGB1
GO_Biological_Process_2023,Positive Regulation Of Glycoprotein Biosynthetic Process (GO:0010560),1/13,0.1225132126107664,0.2753944311802922,0,0,8.28643216080402,17.397665920944878,RAMP1
GO_Biological_Process_2023,Protein Localization To Nucleus (GO:0034504),3/122,0.123480177679577,0.2771754483415682,0,0,2.5185769739367827,5.26804358631712,YWHAE;RAN;SKP1
GO_Biological_Process_2023,Negative Regulation Of Intrinsic Apoptotic Signaling Pathway (GO:2001243),2/61,0.1243457655234195,0.2783310717710393,0,0,3.379729498373566,7.045685456427677,PARK7;CLU
GO_Biological_Process_2023,Positive Regulation Of Interleukin-8 Production (GO:0032757),2/61,0.1243457655234195,0.2783310717710393,0,0,3.379729498373566,7.045685456427677,HMGB1;PARK7
GO_Biological_Process_2023,Regulation Of Cell Motility (GO:2000145),3/123,0.1256888427302304,0.2809411174829236,0,0,2.49746192893401,5.179600998900278,FGF7;CADM4;FGF1
GO_Biological_Process_2023,Protein Localization To Membrane (GO:0072657),4/192,0.126882620786053,0.2831022010043971,0,0,2.128962223187147,4.395227321074526,TSPAN15;EMP2;ANK3;RAMP1
GO_Biological_Process_2023,Spliceosomal Complex Assembly (GO:0000245),2/62,0.1276839186856092,0.2831022010043971,0,0,3.323232323232323,6.839868307696459,PUF60;CELF2
GO_Biological_Process_2023,Negative Regulation Of Kinase Activity (GO:0033673),2/62,0.1276839186856092,0.2831022010043971,0,0,3.323232323232323,6.839868307696459,PARK7;SNCA
GO_Biological_Process_2023,Negative Regulation Of Growth (GO:0045926),3/124,0.1279117628948558,0.2831022010043971,0,0,2.476695892939548,5.093113606778357,DNAJB2;MT2A;MT3
GO_Biological_Process_2023,Positive Regulation Of Signal Transduction (GO:0009967),5/266,0.1288883640844073,0.2831022010043971,0,0,1.9195402298850572,3.932770615465737,CAV2;EMP2;LAMB1;FGF1;MT3
GO_Biological_Process_2023,Negative Regulation Of Cell Growth (GO:0030308),3/125,0.1301487308762109,0.2831022010043971,0,0,2.456270283764667,5.008525221038258,DNAJB2;MAG;MT3
GO_Biological_Process_2023,Regulation Of Endothelial Cell Chemotaxis (GO:2001026),1/14,0.1312937743788508,0.2831022010043971,0,0,7.648627754155393,15.529145947074284,SEMA5A
GO_Biological_Process_2023,Regulation Of Exit From Mitosis (GO:0007096),1/14,0.1312937743788508,0.2831022010043971,0,0,7.648627754155393,15.529145947074284,RGCC
GO_Biological_Process_2023,Regulation Of Vesicle Size (GO:0097494),1/14,0.1312937743788508,0.2831022010043971,0,0,7.648627754155393,15.529145947074284,BLOC1S1
GO_Biological_Process_2023,Contractile Actin Filament Bundle Assembly (GO:0030038),1/14,0.1312937743788508,0.2831022010043971,0,0,7.648627754155393,15.529145947074284,ITGB1
GO_Biological_Process_2023,Copper Ion Homeostasis (GO:0055070),1/14,0.1312937743788508,0.2831022010043971,0,0,7.648627754155393,15.529145947074284,MT2A
GO_Biological_Process_2023,Response To Muscle Stretch (GO:0035994),1/14,0.1312937743788508,0.2831022010043971,0,0,7.648627754155393,15.529145947074284,DMD
GO_Biological_Process_2023,Smooth Muscle Contraction (GO:0006939),1/14,0.1312937743788508,0.2831022010043971,0,0,7.648627754155393,15.529145947074284,SMTN
GO_Biological_Process_2023,Stress Fiber Assembly (GO:0043149),1/14,0.1312937743788508,0.2831022010043971,0,0,7.648627754155393,15.529145947074284,ITGB1
GO_Biological_Process_2023,Striated Muscle Cell Development (GO:0055002),1/14,0.1312937743788508,0.2831022010043971,0,0,7.648627754155393,15.529145947074284,MYL9
GO_Biological_Process_2023,Membrane Raft Organization (GO:0031579),1/14,0.1312937743788508,0.2831022010043971,0,0,7.648627754155393,15.529145947074284,EMP2
GO_Biological_Process_2023,Membrane Repolarization During Cardiac Muscle Cell Action Potential (GO:0086013),1/14,0.1312937743788508,0.2831022010043971,0,0,7.648627754155393,15.529145947074284,YWHAE
GO_Biological_Process_2023,Myotube Cell Development (GO:0014904),1/14,0.1312937743788508,0.2831022010043971,0,0,7.648627754155393,15.529145947074284,CAV2
GO_Biological_Process_2023,Negative Regulation Of Nucleocytoplasmic Transport (GO:0046823),1/14,0.1312937743788508,0.2831022010043971,0,0,7.648627754155393,15.529145947074284,PARK7
GO_Biological_Process_2023,Negative Regulation Of Peptidyl-Threonine Phosphorylation (GO:0010801),1/14,0.1312937743788508,0.2831022010043971,0,0,7.648627754155393,15.529145947074284,CALM2
GO_Biological_Process_2023,Positive Regulation Of Acute Inflammatory Response (GO:0002675),1/14,0.1312937743788508,0.2831022010043971,0,0,7.648627754155393,15.529145947074284,PARK7
GO_Biological_Process_2023,Positive Regulation Of Cytoplasmic Translation (GO:2000767),1/14,0.1312937743788508,0.2831022010043971,0,0,7.648627754155393,15.529145947074284,YBX1
GO_Biological_Process_2023,Positive Regulation Of Endothelial Cell Chemotaxis (GO:2001028),1/14,0.1312937743788508,0.2831022010043971,0,0,7.648627754155393,15.529145947074284,SEMA5A
GO_Biological_Process_2023,Positive Regulation Of Lyase Activity (GO:0051349),1/14,0.1312937743788508,0.2831022010043971,0,0,7.648627754155393,15.529145947074284,PARK7
GO_Biological_Process_2023,"Positive Regulation Of Nuclear-Transcribed mRNA Catabolic Process, Deadenylation-Dependent Decay (GO:1900153)",1/14,0.1312937743788508,0.2831022010043971,0,0,7.648627754155393,15.529145947074284,ZFP36L2
GO_Biological_Process_2023,Post-Translational Protein Targeting To Endoplasmic Reticulum Membrane (GO:0006620),1/14,0.1312937743788508,0.2831022010043971,0,0,7.648627754155393,15.529145947074284,SEC62
GO_Biological_Process_2023,Regulation Of Programmed Cell Death (GO:0043067),4/195,0.1321208597699744,0.2844990562482353,0,0,2.0952024788973183,4.24076979323628,MORF4L1;LGALS1;CRYAB;CLU
GO_Biological_Process_2023,Protein-Containing Complex Organization (GO:0043933),3/126,0.1323995391242033,0.2847128300679006,0,0,2.4361767983162066,4.925781673616739,MAGI1;DMD;VAMP2
GO_Biological_Process_2023,Positive Regulation Of Interleukin-1 Production (GO:0032732),2/64,0.1344225663522014,0.2886720064965409,0,0,3.215705441511893,6.45317143498723,TMED10;HMGB1
GO_Biological_Process_2023,Regulation Of Anatomical Structure Morphogenesis (GO:0022603),3/127,0.1346639798868546,0.2887996433519436,0,0,2.4164074013427213,4.844830729741804,SPARC;EMP2;KIF1A
GO_Biological_Process_2023,Canonical Wnt Signaling Pathway (GO:0060070),2/65,0.137821576382599,0.2900250968108086,0,0,3.1645021645021645,6.271395690931595,NR4A2;SFRP5
GO_Biological_Process_2023,Chemical Synaptic Transmission (GO:0007268),5/273,0.1392882567800339,0.2900250968108086,0,0,1.8687332567929584,3.6836651288581135,CNP;MPZ;PLP1;PMP22;SNCA
GO_Biological_Process_2023,3'-UTR-mediated mRNA Destabilization (GO:0061158),1/15,0.139986908731619,0.2900250968108086,0,0,7.101938262742283,13.963876250165317,ZFP36L2
GO_Biological_Process_2023,Regulation Of Cholesterol Biosynthetic Process (GO:0045540),1/15,0.139986908731619,0.2900250968108086,0,0,7.101938262742283,13.963876250165317,FGF1
GO_Biological_Process_2023,DNA Alkylation (GO:0006305),1/15,0.139986908731619,0.2900250968108086,0,0,7.101938262742283,13.963876250165317,FOS
GO_Biological_Process_2023,Regulation Of Hormone Secretion (GO:0046883),1/15,0.139986908731619,0.2900250968108086,0,0,7.101938262742283,13.963876250165317,VAMP2
GO_Biological_Process_2023,Regulation Of Intrinsic Apoptotic Signaling Pathway In Response To DNA Damage (GO:1902229),1/15,0.139986908731619,0.2900250968108086,0,0,7.101938262742283,13.963876250165317,CLU
GO_Biological_Process_2023,Anterograde Synaptic Vesicle Transport (GO:0048490),1/15,0.139986908731619,0.2900250968108086,0,0,7.101938262742283,13.963876250165317,BLOC1S1
GO_Biological_Process_2023,Cellular Response To Corticosteroid Stimulus (GO:0071384),1/15,0.139986908731619,0.2900250968108086,0,0,7.101938262742283,13.963876250165317,ZFP36L2
GO_Biological_Process_2023,Cellular Response To Estrogen Stimulus (GO:0071391),1/15,0.139986908731619,0.2900250968108086,0,0,7.101938262742283,13.963876250165317,SERPINB9
GO_Biological_Process_2023,Cellular Response To Zinc Ion (GO:0071294),1/15,0.139986908731619,0.2900250968108086,0,0,7.101938262742283,13.963876250165317,MT2A
GO_Biological_Process_2023,Synaptic Vesicle Transport Along Microtubule (GO:0099517),1/15,0.139986908731619,0.2900250968108086,0,0,7.101938262742283,13.963876250165317,BLOC1S1
GO_Biological_Process_2023,Glutamine Family Amino Acid Catabolic Process (GO:0009065),1/15,0.139986908731619,0.2900250968108086,0,0,7.101938262742283,13.963876250165317,GLUL
GO_Biological_Process_2023,Membrane Repolarization During Action Potential (GO:0086011),1/15,0.139986908731619,0.2900250968108086,0,0,7.101938262742283,13.963876250165317,YWHAE
GO_Biological_Process_2023,miRNA Metabolic Process (GO:0010586),1/15,0.139986908731619,0.2900250968108086,0,0,7.101938262742283,13.963876250165317,DDX17
GO_Biological_Process_2023,Negative Regulation Of Endoplasmic Reticulum Stress-Induced Intrinsic Apoptotic Signaling Pathway (GO:1902236),1/15,0.139986908731619,0.2900250968108086,0,0,7.101938262742283,13.963876250165317,PARK7
GO_Biological_Process_2023,Negative Regulation Of Phagocytosis (GO:0050765),1/15,0.139986908731619,0.2900250968108086,0,0,7.101938262742283,13.963876250165317,HMGB1
GO_Biological_Process_2023,Negative Regulation Of Platelet Activation (GO:0010544),1/15,0.139986908731619,0.2900250968108086,0,0,7.101938262742283,13.963876250165317,CD9
GO_Biological_Process_2023,Negative Regulation Of Protein Processing (GO:0010955),1/15,0.139986908731619,0.2900250968108086,0,0,7.101938262742283,13.963876250165317,PLAT
GO_Biological_Process_2023,Platelet-Derived Growth Factor Receptor Signaling Pathway (GO:0048008),1/15,0.139986908731619,0.2900250968108086,0,0,7.101938262742283,13.963876250165317,PLAT
GO_Biological_Process_2023,Positive Regulation Of Cyclin-Dependent Protein Serine/Threonine Kinase Activity (GO:0045737),1/15,0.139986908731619,0.2900250968108086,0,0,7.101938262742283,13.963876250165317,RGCC
GO_Biological_Process_2023,Positive Regulation Of Endothelial Cell Apoptotic Process (GO:2000353),1/15,0.139986908731619,0.2900250968108086,0,0,7.101938262742283,13.963876250165317,RGCC
GO_Biological_Process_2023,Positive Regulation Of Muscle Cell Differentiation (GO:0051149),1/15,0.139986908731619,0.2900250968108086,0,0,7.101938262742283,13.963876250165317,LAMB1
GO_Biological_Process_2023,Positive Regulation Of Potassium Ion Transport (GO:0043268),1/15,0.139986908731619,0.2900250968108086,0,0,7.101938262742283,13.963876250165317,KIF5B
GO_Biological_Process_2023,Positive Regulation Of Sprouting Angiogenesis (GO:1903672),1/15,0.139986908731619,0.2900250968108086,0,0,7.101938262742283,13.963876250165317,FGF1
GO_Biological_Process_2023,Regulation Of Amyloid-Beta Clearance (GO:1900221),1/15,0.139986908731619,0.2900250968108086,0,0,7.101938262742283,13.963876250165317,CLU
GO_Biological_Process_2023,Protein Localization (GO:0008104),6/351,0.1409428843052551,0.2916249770435983,0,0,1.744060959211116,3.417313996640028,FGF7;TMED10;MAL;EMP2;DMD;ANK3
GO_Biological_Process_2023,Synapse Organization (GO:0050808),3/131,0.1438539098727956,0.2972606184480815,0,0,2.340418781725888,4.537971401166285,GPM6A;ANK3;SNCA
GO_Biological_Process_2023,Activation Of Cysteine-Type Endopeptidase Activity Involved In Apoptotic Process (GO:0006919),2/67,0.1446753520694938,0.2985692896414651,0,0,3.0668220668220667,5.928973623253177,DYNLL1;SNCA
GO_Biological_Process_2023,Regulation Of MAPK Cascade (GO:0043408),4/204,0.1483544918227803,0.2988819463046374,0,0,2.0,3.816301308308897,SOX2;CAV2;PEBP1;HMGB1
GO_Biological_Process_2023,Regulation Of Fibrinolysis (GO:0051917),1/16,0.1485934818111902,0.2988819463046374,0,0,6.628140703517588,12.636822082241835,PLAT
GO_Biological_Process_2023,Regulation Of Plasminogen Activation (GO:0010755),1/16,0.1485934818111902,0.2988819463046374,0,0,6.628140703517588,12.636822082241835,PLAT
GO_Biological_Process_2023,Regulation Of Presynapse Assembly (GO:1905606),1/16,0.1485934818111902,0.2988819463046374,0,0,6.628140703517588,12.636822082241835,SNCA
GO_Biological_Process_2023,Regulation Of Presynapse Organization (GO:0099174),1/16,0.1485934818111902,0.2988819463046374,0,0,6.628140703517588,12.636822082241835,SNCA
GO_Biological_Process_2023,Cellular Response To Gamma Radiation (GO:0071480),1/16,0.1485934818111902,0.2988819463046374,0,0,6.628140703517588,12.636822082241835,CRYAB
GO_Biological_Process_2023,Dicarboxylic Acid Catabolic Process (GO:0043649),1/16,0.1485934818111902,0.2988819463046374,0,0,6.628140703517588,12.636822082241835,GLUL
GO_Biological_Process_2023,Reverse Cholesterol Transport (GO:0043691),1/16,0.1485934818111902,0.2988819463046374,0,0,6.628140703517588,12.636822082241835,CLU
GO_Biological_Process_2023,Stabilization Of Membrane Potential (GO:0030322),1/16,0.1485934818111902,0.2988819463046374,0,0,6.628140703517588,12.636822082241835,KCNK12
GO_Biological_Process_2023,Establishment Of Protein Localization To Endoplasmic Reticulum (GO:0072599),1/16,0.1485934818111902,0.2988819463046374,0,0,6.628140703517588,12.636822082241835,SPCS2
GO_Biological_Process_2023,Membrane Depolarization During Cardiac Muscle Cell Action Potential (GO:0086012),1/16,0.1485934818111902,0.2988819463046374,0,0,6.628140703517588,12.636822082241835,ATP1A2
GO_Biological_Process_2023,"Mitochondrial Electron Transport, Cytochrome C To Oxygen (GO:0006123)",1/16,0.1485934818111902,0.2988819463046374,0,0,6.628140703517588,12.636822082241835,COX7A2
GO_Biological_Process_2023,Negative Regulation Of Amyloid-Beta Formation (GO:1902430),1/16,0.1485934818111902,0.2988819463046374,0,0,6.628140703517588,12.636822082241835,CLU
GO_Biological_Process_2023,Negative Regulation Of Anoikis (GO:2000811),1/16,0.1485934818111902,0.2988819463046374,0,0,6.628140703517588,12.636822082241835,ITGB1
GO_Biological_Process_2023,Negative Regulation Of Biosynthetic Process (GO:0009890),1/16,0.1485934818111902,0.2988819463046374,0,0,6.628140703517588,12.636822082241835,PARK7
GO_Biological_Process_2023,Negative Regulation Of Cytokine Production Involved In Immune Response (GO:0002719),1/16,0.1485934818111902,0.2988819463046374,0,0,6.628140703517588,12.636822082241835,CUEDC2
GO_Biological_Process_2023,Negative Regulation Of Natural Killer Cell Mediated Cytotoxicity (GO:0045953),1/16,0.1485934818111902,0.2988819463046374,0,0,6.628140703517588,12.636822082241835,SERPINB9
GO_Biological_Process_2023,Negative Regulation Of Release Of Cytochrome C From Mitochondria (GO:0090201),1/16,0.1485934818111902,0.2988819463046374,0,0,6.628140703517588,12.636822082241835,CLU
GO_Biological_Process_2023,Positive Regulation Of Lymphocyte Migration (GO:2000403),1/16,0.1485934818111902,0.2988819463046374,0,0,6.628140703517588,12.636822082241835,NEDD9
GO_Biological_Process_2023,Protein Localization To Endoplasmic Reticulum (GO:0070972),1/16,0.1485934818111902,0.2988819463046374,0,0,6.628140703517588,12.636822082241835,GABARAPL2
GO_Biological_Process_2023,Regulation Of Endopeptidase Activity (GO:0052548),2/69,0.1515987898971927,0.3040737504171535,0,0,2.974973616764661,5.612340646899519,TIMP3;SERPINB9
GO_Biological_Process_2023,Phagocytosis (GO:0006909),2/69,0.1515987898971927,0.3040737504171535,0,0,2.974973616764661,5.612340646899519,ITGB1;HMGB1
GO_Biological_Process_2023,Regulation Of Canonical Wnt Signaling Pathway (GO:0060828),4/207,0.1539305700130572,0.3040737504171535,0,0,1.9701417512817936,3.686634888531132,SOX2;SEMA5A;SFRP5;PLEKHA4
GO_Biological_Process_2023,Positive Regulation Of Protein Transport (GO:0051222),2/70,0.1550849226995339,0.3040737504171535,0,0,2.931075460487225,5.462886925837976,TMED10;VAMP2
GO_Biological_Process_2023,Protein Stabilization (GO:0050821),4/208,0.1558067839928103,0.3040737504171535,0,0,1.9603841536614648,3.644625857831792,PARK7;CRYAB;CLU;MT3
GO_Biological_Process_2023,Androgen Receptor Signaling Pathway (GO:0030521),1/17,0.157114351192228,0.3040737504171535,0,0,6.21356783919598,11.499955704952034,DDX17
GO_Biological_Process_2023,Regulation Of Oxidative Phosphorylation (GO:0002082),1/17,0.157114351192228,0.3040737504171535,0,0,6.21356783919598,11.499955704952034,COX7A2
GO_Biological_Process_2023,Regulation Of Protein Sumoylation (GO:0033233),1/17,0.157114351192228,0.3040737504171535,0,0,6.21356783919598,11.499955704952034,PARK7
GO_Biological_Process_2023,Regulation Of Receptor Recycling (GO:0001919),1/17,0.157114351192228,0.3040737504171535,0,0,6.21356783919598,11.499955704952034,SNCA
GO_Biological_Process_2023,Cell Migration Involved In Sprouting Angiogenesis (GO:0002042),1/17,0.157114351192228,0.3040737504171535,0,0,6.21356783919598,11.499955704952034,NR4A1
GO_Biological_Process_2023,Cellular Response To Glucocorticoid Stimulus (GO:0071385),1/17,0.157114351192228,0.3040737504171535,0,0,6.21356783919598,11.499955704952034,ZFP36L2
GO_Biological_Process_2023,Regulation Of Ubiquitin Protein Ligase Activity (GO:1904666),1/17,0.157114351192228,0.3040737504171535,0,0,6.21356783919598,11.499955704952034,SKP1
GO_Biological_Process_2023,Extracellular Matrix Assembly (GO:0085029),1/17,0.157114351192228,0.3040737504171535,0,0,6.21356783919598,11.499955704952034,GPM6B
GO_Biological_Process_2023,Transcription By RNA Polymerase I (GO:0006360),1/17,0.157114351192228,0.3040737504171535,0,0,6.21356783919598,11.499955704952034,POLR2F
GO_Biological_Process_2023,Triglyceride Biosynthetic Process (GO:0019432),1/17,0.157114351192228,0.3040737504171535,0,0,6.21356783919598,11.499955704952034,LPIN1
GO_Biological_Process_2023,Intracellular Estrogen Receptor Signaling Pathway (GO:0030520),1/17,0.157114351192228,0.3040737504171535,0,0,6.21356783919598,11.499955704952034,DDX17
GO_Biological_Process_2023,Intracellular Zinc Ion Homeostasis (GO:0006882),1/17,0.157114351192228,0.3040737504171535,0,0,6.21356783919598,11.499955704952034,MT3
GO_Biological_Process_2023,Leukocyte Tethering Or Rolling (GO:0050901),1/17,0.157114351192228,0.3040737504171535,0,0,6.21356783919598,11.499955704952034,ITGB1
GO_Biological_Process_2023,Motile Cilium Assembly (GO:0044458),1/17,0.157114351192228,0.3040737504171535,0,0,6.21356783919598,11.499955704952034,DYNLL1
GO_Biological_Process_2023,ncRNA Metabolic Process (GO:0034660),1/17,0.157114351192228,0.3040737504171535,0,0,6.21356783919598,11.499955704952034,DDX17
GO_Biological_Process_2023,Negative Regulation Of Calcium Ion Transport (GO:0051926),1/17,0.157114351192228,0.3040737504171535,0,0,6.21356783919598,11.499955704952034,ATP1A2
GO_Biological_Process_2023,Negative Regulation Of Cellular Senescence (GO:2000773),1/17,0.157114351192228,0.3040737504171535,0,0,6.21356783919598,11.499955704952034,YBX1
GO_Biological_Process_2023,Negative Regulation Of Fibroblast Proliferation (GO:0048147),1/17,0.157114351192228,0.3040737504171535,0,0,6.21356783919598,11.499955704952034,FTH1
GO_Biological_Process_2023,Negative Regulation Of Interleukin-8 Production (GO:0032717),1/17,0.157114351192228,0.3040737504171535,0,0,6.21356783919598,11.499955704952034,OTUD7B
GO_Biological_Process_2023,Negative Regulation Of Oxidative Stress-Induced Intrinsic Apoptotic Signaling Pathway (GO:1902176),1/17,0.157114351192228,0.3040737504171535,0,0,6.21356783919598,11.499955704952034,PARK7
GO_Biological_Process_2023,Negative Regulation Of Ubiquitin-Protein Transferase Activity (GO:0051444),1/17,0.157114351192228,0.3040737504171535,0,0,6.21356783919598,11.499955704952034,PARK7
GO_Biological_Process_2023,Positive Regulation By Host Of Viral Process (GO:0044794),1/17,0.157114351192228,0.3040737504171535,0,0,6.21356783919598,11.499955704952034,CAV2
GO_Biological_Process_2023,Positive Regulation Of Amyloid-Beta Formation (GO:1902004),1/17,0.157114351192228,0.3040737504171535,0,0,6.21356783919598,11.499955704952034,CLU
GO_Biological_Process_2023,Positive Regulation Of Glial Cell Differentiation (GO:0045687),1/17,0.157114351192228,0.3040737504171535,0,0,6.21356783919598,11.499955704952034,EGR2
GO_Biological_Process_2023,Positive Regulation Of Lymphocyte Chemotaxis (GO:0140131),1/17,0.157114351192228,0.3040737504171535,0,0,6.21356783919598,11.499955704952034,NEDD9
GO_Biological_Process_2023,Regulation Of Aerobic Respiration (GO:1903715),1/17,0.157114351192228,0.3040737504171535,0,0,6.21356783919598,11.499955704952034,COX7A2
GO_Biological_Process_2023,Potassium Ion Transmembrane Transport (GO:0071805),3/137,0.1580124425098557,0.3046933240196449,0,0,2.234942041063717,4.123650211289247,KCNK12;ATP1A2;ATP1A1
GO_Biological_Process_2023,Protein Localization To Organelle (GO:0033365),3/137,0.1580124425098557,0.3046933240196449,0,0,2.234942041063717,4.123650211289247,YWHAE;GABARAPL2;YBX1
GO_Biological_Process_2023,Cell-Cell Junction Assembly (GO:0007043),2/71,0.1585864433775845,0.3046933240196449,0,0,2.888449714536671,5.318951469597782,CD9;CDH7
GO_Biological_Process_2023,Synapse Assembly (GO:0007416),2/71,0.1585864433775845,0.3046933240196449,0,0,2.888449714536671,5.318951469597782,SRGAP2C;GPM6A
GO_Biological_Process_2023,Negative Regulation Of Protein Binding (GO:0032091),2/71,0.1585864433775845,0.3046933240196449,0,0,2.888449714536671,5.318951469597782,DNAJB2;PARK7
GO_Biological_Process_2023,Positive Regulation Of Cell-Substrate Adhesion (GO:0010811),2/71,0.1585864433775845,0.3046933240196449,0,0,2.888449714536671,5.318951469597782,NEDD9;EMP2
GO_Biological_Process_2023,Second-Messenger-Mediated Signaling (GO:0019932),2/72,0.1621027002960182,0.3088832614872859,0,0,2.8470418470418477,5.180264363849609,RCAN1;PPP1R9A
GO_Biological_Process_2023,Transforming Growth Factor Beta Receptor Signaling Pathway (GO:0007179),2/72,0.1621027002960182,0.3088832614872859,0,0,2.8470418470418477,5.180264363849609,ITGB1;FOS
GO_Biological_Process_2023,Positive Regulation Of Protein Localization To Nucleus (GO:1900182),2/72,0.1621027002960182,0.3088832614872859,0,0,2.8470418470418477,5.180264363849609,PARK7;RAN
GO_Biological_Process_2023,Negative Regulation Of Wnt Signaling Pathway (GO:0030178),3/140,0.1652477197553054,0.3088832614872859,0,0,2.1856682352069363,3.934879504297894,SOX2;SFRP5;TAX1BP3
GO_Biological_Process_2023,Regulation Of Oligodendrocyte Differentiation (GO:0048713),1/18,0.1655503660358053,0.3088832614872859,0,0,5.847768253029855,10.51709310132786,TMEM98
GO_Biological_Process_2023,Regulation Of Oxidative Stress-Induced Intrinsic Apoptotic Signaling Pathway (GO:1902175),1/18,0.1655503660358053,0.3088832614872859,0,0,5.847768253029855,10.51709310132786,PARK7
GO_Biological_Process_2023,Branching Involved In Ureteric Bud Morphogenesis (GO:0001658),1/18,0.1655503660358053,0.3088832614872859,0,0,5.847768253029855,10.51709310132786,FGF1
GO_Biological_Process_2023,Regulation Of Vascular Endothelial Cell Proliferation (GO:1905562),1/18,0.1655503660358053,0.3088832614872859,0,0,5.847768253029855,10.51709310132786,HMGB1
GO_Biological_Process_2023,Endothelial Cell Proliferation (GO:0001935),1/18,0.1655503660358053,0.3088832614872859,0,0,5.847768253029855,10.51709310132786,SEMA5A
GO_Biological_Process_2023,Energy Reserve Metabolic Process (GO:0006112),1/18,0.1655503660358053,0.3088832614872859,0,0,5.847768253029855,10.51709310132786,MT3
GO_Biological_Process_2023,Establishment Of Vesicle Localization (GO:0051650),1/18,0.1655503660358053,0.3088832614872859,0,0,5.847768253029855,10.51709310132786,KIF5B
GO_Biological_Process_2023,Maintenance Of Protein Localization In Organelle (GO:0072595),1/18,0.1655503660358053,0.3088832614872859,0,0,5.847768253029855,10.51709310132786,SKP1
GO_Biological_Process_2023,Membrane Repolarization (GO:0086009),1/18,0.1655503660358053,0.3088832614872859,0,0,5.847768253029855,10.51709310132786,ATP1A2
GO_Biological_Process_2023,Mitochondrial Fusion (GO:0008053),1/18,0.1655503660358053,0.3088832614872859,0,0,5.847768253029855,10.51709310132786,FIS1
GO_Biological_Process_2023,Negative Regulation Of Amyloid Precursor Protein Catabolic Process (GO:1902992),1/18,0.1655503660358053,0.3088832614872859,0,0,5.847768253029855,10.51709310132786,CLU
GO_Biological_Process_2023,Positive Regulation Of Cation Transmembrane Transport (GO:1904064),1/18,0.1655503660358053,0.3088832614872859,0,0,5.847768253029855,10.51709310132786,ANK3
GO_Biological_Process_2023,Positive Regulation Of Cyclin-Dependent Protein Kinase Activity (GO:1904031),1/18,0.1655503660358053,0.3088832614872859,0,0,5.847768253029855,10.51709310132786,RGCC
GO_Biological_Process_2023,Positive Regulation Of Extracellular Matrix Organization (GO:1903055),1/18,0.1655503660358053,0.3088832614872859,0,0,5.847768253029855,10.51709310132786,RGCC
GO_Biological_Process_2023,Positive Regulation Of Monocyte Chemotaxis (GO:0090026),1/18,0.1655503660358053,0.3088832614872859,0,0,5.847768253029855,10.51709310132786,HMGB1
GO_Biological_Process_2023,Positive Regulation Of Osteoclast Differentiation (GO:0045672),1/18,0.1655503660358053,0.3088832614872859,0,0,5.847768253029855,10.51709310132786,NEDD9
GO_Biological_Process_2023,Positive Regulation Of Phosphoprotein Phosphatase Activity (GO:0032516),1/18,0.1655503660358053,0.3088832614872859,0,0,5.847768253029855,10.51709310132786,CALM2
GO_Biological_Process_2023,Positive Regulation Of Stress-Activated Protein Kinase Signaling Cascade (GO:0070304),1/18,0.1655503660358053,0.3088832614872859,0,0,5.847768253029855,10.51709310132786,RNF13
GO_Biological_Process_2023,Regulation Of Cell-Cell Adhesion Mediated By Cadherin (GO:2000047),1/18,0.1655503660358053,0.3088832614872859,0,0,5.847768253029855,10.51709310132786,RGCC
GO_Biological_Process_2023,Protein Tetramerization (GO:0051262),2/73,0.1656330532612982,0.3088832614872859,0,0,2.806800398349694,5.046572271238703,CLU;SNCA
GO_Biological_Process_2023,Regulation Of Rho Protein Signal Transduction (GO:0035023),2/73,0.1656330532612982,0.3088832614872859,0,0,2.806800398349694,5.046572271238703,STMN1;DYNLL1
GO_Biological_Process_2023,COPII Vesicle Coating (GO:0048208),1/19,0.1739023671527052,0.3161317945834401,0,0,5.522613065326633,9.66049300943,TMED10
GO_Biological_Process_2023,Regulation Of Lymphocyte Differentiation (GO:0045619),1/19,0.1739023671527052,0.3161317945834401,0,0,5.522613065326633,9.66049300943,ZFP36L2
GO_Biological_Process_2023,Regulation Of Nuclear Division (GO:0051783),1/19,0.1739023671527052,0.3161317945834401,0,0,5.522613065326633,9.66049300943,CAV2
GO_Biological_Process_2023,Bicarbonate Transport (GO:0015701),1/19,0.1739023671527052,0.3161317945834401,0,0,5.522613065326633,9.66049300943,CYB5R2
GO_Biological_Process_2023,Calcium-Independent Cell-Cell Adhesion Via Plasma Membrane Cell-Adhesion Molecules (GO:0016338),1/19,0.1739023671527052,0.3161317945834401,0,0,5.522613065326633,9.66049300943,CLDN19
GO_Biological_Process_2023,Regulation Of Vascular Endothelial Growth Factor Signaling Pathway (GO:1900746),1/19,0.1739023671527052,0.3161317945834401,0,0,5.522613065326633,9.66049300943,CADM4
GO_Biological_Process_2023,Dopamine Metabolic Process (GO:0042417),1/19,0.1739023671527052,0.3161317945834401,0,0,5.522613065326633,9.66049300943,SNCA
GO_Biological_Process_2023,Dopaminergic Neuron Differentiation (GO:0071542),1/19,0.1739023671527052,0.3161317945834401,0,0,5.522613065326633,9.66049300943,NR4A2
GO_Biological_Process_2023,Establishment Of Skin Barrier (GO:0061436),1/19,0.1739023671527052,0.3161317945834401,0,0,5.522613065326633,9.66049300943,STMN1
GO_Biological_Process_2023,Heme Biosynthetic Process (GO:0006783),1/19,0.1739023671527052,0.3161317945834401,0,0,5.522613065326633,9.66049300943,PGRMC1
GO_Biological_Process_2023,"Vesicle Targeting, Rough ER To cis-Golgi (GO:0048207)",1/19,0.1739023671527052,0.3161317945834401,0,0,5.522613065326633,9.66049300943,TMED10
GO_Biological_Process_2023,Xenobiotic Catabolic Process (GO:0042178),1/19,0.1739023671527052,0.3161317945834401,0,0,5.522613065326633,9.66049300943,GSTM3
GO_Biological_Process_2023,Insulin Secretion (GO:0030073),1/19,0.1739023671527052,0.3161317945834401,0,0,5.522613065326633,9.66049300943,PARK7
GO_Biological_Process_2023,Leukocyte Adhesion To Vascular Endothelial Cell (GO:0061756),1/19,0.1739023671527052,0.3161317945834401,0,0,5.522613065326633,9.66049300943,ITGB1
GO_Biological_Process_2023,Negative Regulation Of Peptidyl-Serine Phosphorylation (GO:0033137),1/19,0.1739023671527052,0.3161317945834401,0,0,5.522613065326633,9.66049300943,DMD
GO_Biological_Process_2023,Negative Regulation Of Protein Dephosphorylation (GO:0035308),1/19,0.1739023671527052,0.3161317945834401,0,0,5.522613065326633,9.66049300943,YWHAE
GO_Biological_Process_2023,Phosphatidylcholine Biosynthetic Process (GO:0006656),1/19,0.1739023671527052,0.3161317945834401,0,0,5.522613065326633,9.66049300943,SLC44A1
GO_Biological_Process_2023,Positive Regulation Of Activated T Cell Proliferation (GO:0042104),1/19,0.1739023671527052,0.3161317945834401,0,0,5.522613065326633,9.66049300943,HMGB1
GO_Biological_Process_2023,Positive Regulation Of Axon Extension (GO:0045773),1/19,0.1739023671527052,0.3161317945834401,0,0,5.522613065326633,9.66049300943,SEMA5A
GO_Biological_Process_2023,Positive Regulation Of Mitochondrial Fission (GO:0090141),1/19,0.1739023671527052,0.3161317945834401,0,0,5.522613065326633,9.66049300943,FIS1
GO_Biological_Process_2023,Regulation Of B Cell Differentiation (GO:0045577),1/19,0.1739023671527052,0.3161317945834401,0,0,5.522613065326633,9.66049300943,ZFP36L2
GO_Biological_Process_2023,Regulation Of Autophagy Of Mitochondrion (GO:1903146),1/19,0.1739023671527052,0.3161317945834401,0,0,5.522613065326633,9.66049300943,PARK7
GO_Biological_Process_2023,Ras Protein Signal Transduction (GO:0007265),3/144,0.1750440509507228,0.3178431451473652,0,0,2.1232314504806133,3.700192853755635,TAX1BP3;PARK7;CTNNAL1
GO_Biological_Process_2023,Gene Expression (GO:0010467),5/296,0.1758834883039763,0.3190023953581833,0,0,1.7190060798308222,2.9875182553075,DDX17;TSPAN15;HNRNPK;CELF2;MRPS6
GO_Biological_Process_2023,Wnt Signaling Pathway (GO:0016055),2/76,0.1763024531867548,0.3190330595295096,0,0,2.6926016926016927,4.673156378016087,NR4A2;SFRP5
GO_Biological_Process_2023,Regulation Of Ras Protein Signal Transduction (GO:0046578),2/76,0.1763024531867548,0.3190330595295096,0,0,2.6926016926016927,4.673156378016087,CADM4;DYNLL1
GO_Biological_Process_2023,Negative Regulation Of Blood Vessel Morphogenesis (GO:2000181),2/77,0.1798830098073791,0.3226625822580514,0,0,2.656565656565657,4.557201796283064,SPARC;RGCC
GO_Biological_Process_2023,Regulation Of Cold-Induced Thermogenesis (GO:0120161),3/146,0.1800025240475294,0.3226625822580514,0,0,2.093322920734088,3.589597500577494,GATM;ALDH1A1;LPIN1
GO_Biological_Process_2023,Positive Regulation Of Cellular Catabolic Process (GO:0031331),3/146,0.1800025240475294,0.3226625822580514,0,0,2.093322920734088,3.589597500577494,HMGB1;SVIP;SNCA
GO_Biological_Process_2023,DNA Methylation (GO:0006306),1/20,0.182171186958547,0.3226625822580514,0,0,5.231684739486909,8.908556962758436,FOS
GO_Biological_Process_2023,Regulation Of Fibroblast Migration (GO:0010762),1/20,0.182171186958547,0.3226625822580514,0,0,5.231684739486909,8.908556962758436,ITGB1
GO_Biological_Process_2023,T Cell Mediated Immunity (GO:0002456),1/20,0.182171186958547,0.3226625822580514,0,0,5.231684739486909,8.908556962758436,EMP2
GO_Biological_Process_2023,Cell Projection Organization (GO:0030030),1/20,0.182171186958547,0.3226625822580514,0,0,5.231684739486909,8.908556962758436,ITGB1
GO_Biological_Process_2023,Endoplasmic Reticulum Calcium Ion Homeostasis (GO:0032469),1/20,0.182171186958547,0.3226625822580514,0,0,5.231684739486909,8.908556962758436,FIS1
GO_Biological_Process_2023,Endothelial Cell Development (GO:0001885),1/20,0.182171186958547,0.3226625822580514,0,0,5.231684739486909,8.908556962758436,GSTM3
GO_Biological_Process_2023,Transport Along Microtubule (GO:0010970),1/20,0.182171186958547,0.3226625822580514,0,0,5.231684739486909,8.908556962758436,BLOC1S1
GO_Biological_Process_2023,Glutamate Metabolic Process (GO:0006536),1/20,0.182171186958547,0.3226625822580514,0,0,5.231684739486909,8.908556962758436,GLUL
GO_Biological_Process_2023,Hydrogen Peroxide Catabolic Process (GO:0042744),1/20,0.182171186958547,0.3226625822580514,0,0,5.231684739486909,8.908556962758436,PRDX1
GO_Biological_Process_2023,Intracellular Monoatomic Ion Homeostasis (GO:0006873),1/20,0.182171186958547,0.3226625822580514,0,0,5.231684739486909,8.908556962758436,MT3
GO_Biological_Process_2023,Long-Term Synaptic Potentiation (GO:0060291),1/20,0.182171186958547,0.3226625822580514,0,0,5.231684739486909,8.908556962758436,VAMP2
GO_Biological_Process_2023,Mesoderm Formation (GO:0001707),1/20,0.182171186958547,0.3226625822580514,0,0,5.231684739486909,8.908556962758436,ITGB1
GO_Biological_Process_2023,Monocarboxylic Acid Catabolic Process (GO:0072329),1/20,0.182171186958547,0.3226625822580514,0,0,5.231684739486909,8.908556962758436,LPIN1
GO_Biological_Process_2023,Myoblast Differentiation (GO:0045445),1/20,0.182171186958547,0.3226625822580514,0,0,5.231684739486909,8.908556962758436,ITGB1
GO_Biological_Process_2023,Negative Regulation Of Phosphate Metabolic Process (GO:0045936),1/20,0.182171186958547,0.3226625822580514,0,0,5.231684739486909,8.908556962758436,DYNLL1
GO_Biological_Process_2023,Regulation Of Calcium Ion Transmembrane Transport (GO:1903169),1/20,0.182171186958547,0.3226625822580514,0,0,5.231684739486909,8.908556962758436,ATP1A2
GO_Biological_Process_2023,Positive Regulation Of Tumor Necrosis Factor Production (GO:0032760),2/78,0.1834746263330842,0.3246089542816106,0,0,2.621477937267411,4.445184817601474,HMGB1;CLU
GO_Biological_Process_2023,Regulation Of Neuron Differentiation (GO:0045664),2/79,0.1870767274857147,0.3302455689875742,0,0,2.5873015873015874,4.336929198982091,SOX2;KCTD11
GO_Biological_Process_2023,Response To Insulin (GO:0032868),2/79,0.1870767274857147,0.3302455689875742,0,0,2.5873015873015874,4.336929198982091,LPIN1;VAMP2
GO_Biological_Process_2023,Regulation Of Membrane Protein Ectodomain Proteolysis (GO:0051043),1/21,0.1903576498347592,0.3305225276671367,0,0,4.969849246231155,8.244237447277422,TIMP3
GO_Biological_Process_2023,Regulation Of Transferase Activity (GO:0051338),1/21,0.1903576498347592,0.3305225276671367,0,0,4.969849246231155,8.244237447277422,EMP2
GO_Biological_Process_2023,Chaperone-Mediated Protein Complex Assembly (GO:0051131),1/21,0.1903576498347592,0.3305225276671367,0,0,4.969849246231155,8.244237447277422,CLU
GO_Biological_Process_2023,Response To Cadmium Ion (GO:0046686),1/21,0.1903576498347592,0.3305225276671367,0,0,4.969849246231155,8.244237447277422,FOS
GO_Biological_Process_2023,Skin Epidermis Development (GO:0098773),1/21,0.1903576498347592,0.3305225276671367,0,0,4.969849246231155,8.244237447277422,STMN1
GO_Biological_Process_2023,Focal Adhesion Assembly (GO:0048041),1/21,0.1903576498347592,0.3305225276671367,0,0,4.969849246231155,8.244237447277422,DYNLL1
GO_Biological_Process_2023,Histone H2A Acetylation (GO:0043968),1/21,0.1903576498347592,0.3305225276671367,0,0,4.969849246231155,8.244237447277422,MORF4L1
GO_Biological_Process_2023,Lipid Catabolic Process (GO:0016042),1/21,0.1903576498347592,0.3305225276671367,0,0,4.969849246231155,8.244237447277422,PLAAT3
GO_Biological_Process_2023,Mitochondrial Calcium Ion Homeostasis (GO:0051560),1/21,0.1903576498347592,0.3305225276671367,0,0,4.969849246231155,8.244237447277422,FIS1
GO_Biological_Process_2023,Porphyrin-Containing Compound Biosynthetic Process (GO:0006779),1/21,0.1903576498347592,0.3305225276671367,0,0,4.969849246231155,8.244237447277422,PGRMC1
GO_Biological_Process_2023,Positive Regulation Of Amyloid Precursor Protein Catabolic Process (GO:1902993),1/21,0.1903576498347592,0.3305225276671367,0,0,4.969849246231155,8.244237447277422,CLU
GO_Biological_Process_2023,Positive Regulation Of Blood Coagulation (GO:0030194),1/21,0.1903576498347592,0.3305225276671367,0,0,4.969849246231155,8.244237447277422,PLAT
GO_Biological_Process_2023,Positive Regulation Of Heart Contraction (GO:0045823),1/21,0.1903576498347592,0.3305225276671367,0,0,4.969849246231155,8.244237447277422,ATP1A2
GO_Biological_Process_2023,Positive Regulation Of Transcription Regulatory Region DNA Binding (GO:2000679),1/21,0.1903576498347592,0.3305225276671367,0,0,4.969849246231155,8.244237447277422,PARK7
GO_Biological_Process_2023,Regulation Of Anoikis (GO:2000209),1/21,0.1903576498347592,0.3305225276671367,0,0,4.969849246231155,8.244237447277422,ITGB1
GO_Biological_Process_2023,Regulation Of Protein Localization To Plasma Membrane (GO:1903076),2/80,0.1906887482391839,0.3307355666181255,0,0,2.554001554001554,4.232268591096898,ITGB1;KIF5B
GO_Biological_Process_2023,Cytoskeleton-Dependent Cytokinesis (GO:0061640),2/81,0.1943101337404015,0.3366486705742546,0,0,2.521544559519243,4.131045868969444,STMN1;ANK3
GO_Biological_Process_2023,Cellular Response To Lipid (GO:0071396),4/228,0.1950111991581914,0.3372163829230279,0,0,1.783527696793003,2.9155296769838297,ATP1A2;VIM;ATP1A1;HMGB1
GO_Biological_Process_2023,Cellular Response To Organic Substance (GO:0071310),2/82,0.1979403391192459,0.3372163829230279,0,0,2.48989898989899,4.033112516956104,PARK7;RAMP1
GO_Biological_Process_2023,Sodium Ion Transmembrane Transport (GO:0035725),2/82,0.1979403391192459,0.3372163829230279,0,0,2.48989898989899,4.033112516956104,ATP1A2;ATP1A1
GO_Biological_Process_2023,Positive Regulation Of Tumor Necrosis Factor Superfamily Cytokine Production (GO:1903557),2/82,0.1979403391192459,0.3372163829230279,0,0,2.48989898989899,4.033112516956104,HMGB1;CLU
GO_Biological_Process_2023,Regulation Of Dopamine Secretion (GO:0014059),1/22,0.1984625719282345,0.3372163829230279,0,0,4.732950466618808,7.653913334056085,SNCA
GO_Biological_Process_2023,Regulation Of Intracellular Steroid Hormone Receptor Signaling Pathway (GO:0033143),1/22,0.1984625719282345,0.3372163829230279,0,0,4.732950466618808,7.653913334056085,PARK7
GO_Biological_Process_2023,Acylglycerol Biosynthetic Process (GO:0046463),1/22,0.1984625719282345,0.3372163829230279,0,0,4.732950466618808,7.653913334056085,LPIN1
GO_Biological_Process_2023,Cellular Response To Cadmium Ion (GO:0071276),1/22,0.1984625719282345,0.3372163829230279,0,0,4.732950466618808,7.653913334056085,FOS
GO_Biological_Process_2023,Response To Gamma Radiation (GO:0010332),1/22,0.1984625719282345,0.3372163829230279,0,0,4.732950466618808,7.653913334056085,CRYAB
GO_Biological_Process_2023,Dendritic Cell Differentiation (GO:0097028),1/22,0.1984625719282345,0.3372163829230279,0,0,4.732950466618808,7.653913334056085,CLU
GO_Biological_Process_2023,Modulation By Host Of Viral Process (GO:0044788),1/22,0.1984625719282345,0.3372163829230279,0,0,4.732950466618808,7.653913334056085,CAV2
GO_Biological_Process_2023,Natural Killer Cell Activation Involved In Immune Response (GO:0002323),1/22,0.1984625719282345,0.3372163829230279,0,0,4.732950466618808,7.653913334056085,VAMP2
GO_Biological_Process_2023,Negative Regulation Of Protein Localization To Nucleus (GO:1900181),1/22,0.1984625719282345,0.3372163829230279,0,0,4.732950466618808,7.653913334056085,OTUD7B
GO_Biological_Process_2023,Organelle Fission (GO:0048285),1/22,0.1984625719282345,0.3372163829230279,0,0,4.732950466618808,7.653913334056085,FIS1
GO_Biological_Process_2023,Platelet Dense Granule Organization (GO:0060155),1/22,0.1984625719282345,0.3372163829230279,0,0,4.732950466618808,7.653913334056085,BLOC1S1
GO_Biological_Process_2023,Positive Regulation Of Phosphatase Activity (GO:0010922),1/22,0.1984625719282345,0.3372163829230279,0,0,4.732950466618808,7.653913334056085,CALM2
GO_Biological_Process_2023,Positive Regulation Of Protein Autophosphorylation (GO:0031954),1/22,0.1984625719282345,0.3372163829230279,0,0,4.732950466618808,7.653913334056085,CALM2
GO_Biological_Process_2023,Regulation Of Catabolic Process (GO:0009894),1/22,0.1984625719282345,0.3372163829230279,0,0,4.732950466618808,7.653913334056085,ITGB1
GO_Biological_Process_2023,Positive Regulation Of MAPK Cascade (GO:0043410),5/310,0.1997788860077449,0.3390899380687607,0,0,1.6389239176124422,2.639559236007475,SOX2;CAV2;HMGB1;FGF1;MT3
GO_Biological_Process_2023,Negative Regulation Of Intracellular Signal Transduction (GO:1902532),4/231,0.2011412103951675,0.3403251088106075,0,0,1.7596871347658003,2.822094860805404,SFRP5;OTUD7B;PEBP1;UACA
GO_Biological_Process_2023,Vascular Transport (GO:0010232),2/83,0.2015788294152306,0.3403251088106075,0,0,2.4590347923681257,3.938328060173813,SLC44A1;ATP1A2
GO_Biological_Process_2023,Positive Regulation Of Proteasomal Ubiquitin-Dependent Protein Catabolic Process (GO:0032436),2/83,0.2015788294152306,0.3403251088106075,0,0,2.4590347923681257,3.938328060173813,DNAJB2;CLU
GO_Biological_Process_2023,Positive Regulation Of Ubiquitin-Dependent Protein Catabolic Process (GO:2000060),2/83,0.2015788294152306,0.3403251088106075,0,0,2.4590347923681257,3.938328060173813,DNAJB2;CLU
GO_Biological_Process_2023,Regulation Of Cell Division (GO:0051302),2/83,0.2015788294152306,0.3403251088106075,0,0,2.4590347923681257,3.938328060173813,FGF1;CALM2
GO_Biological_Process_2023,Positive Regulation Of Response To External Stimulus (GO:0032103),3/155,0.2027633389651177,0.3417043693561867,0,0,1.9684744857066525,3.141125834684901,LGALS1;PLAT;SNCA
GO_Biological_Process_2023,Regulation Of I-kappaB kinase/NF-kappaB Signaling (GO:0043122),4/232,0.2031974404061652,0.3417043693561867,0,0,1.7518796992481205,2.791755475410188,LGALS1;OTUD7B;S100B;LITAF
GO_Biological_Process_2023,Protein Transport (GO:0015031),5/313,0.2050398128709369,0.3417043693561867,0,0,1.6227106227106227,2.5712679177325923,TMED10;ANK3;RAMP1;CLU;VAMP2
GO_Biological_Process_2023,Purine Ribonucleotide Metabolic Process (GO:0009150),2/84,0.2052250792916977,0.3417043693561867,0,0,2.4289233801428924,3.84655954231675,ATP1A2;RAN
GO_Biological_Process_2023,Regulation Of Extracellular Matrix Organization (GO:1903053),1/23,0.2064867613185778,0.3417043693561867,0,0,4.517587939698492,7.126580711797677,LAMB1
GO_Biological_Process_2023,Axon Extension (GO:0048675),1/23,0.2064867613185778,0.3417043693561867,0,0,4.517587939698492,7.126580711797677,SEMA5A
GO_Biological_Process_2023,Cellular Lipid Catabolic Process (GO:0044242),1/23,0.2064867613185778,0.3417043693561867,0,0,4.517587939698492,7.126580711797677,LPIN1
GO_Biological_Process_2023,Endocrine System Development (GO:0035270),1/23,0.2064867613185778,0.3417043693561867,0,0,4.517587939698492,7.126580711797677,SOX2
GO_Biological_Process_2023,Entrainment Of Circadian Clock By Photoperiod (GO:0043153),1/23,0.2064867613185778,0.3417043693561867,0,0,4.517587939698492,7.126580711797677,PPP1CC
GO_Biological_Process_2023,Zinc Ion Transport (GO:0006829),1/23,0.2064867613185778,0.3417043693561867,0,0,4.517587939698492,7.126580711797677,MT3
GO_Biological_Process_2023,Negative Regulation Of Actin Filament Polymerization (GO:0030837),1/23,0.2064867613185778,0.3417043693561867,0,0,4.517587939698492,7.126580711797677,KANK4
GO_Biological_Process_2023,Negative Regulation Of Neuron Differentiation (GO:0045665),1/23,0.2064867613185778,0.3417043693561867,0,0,4.517587939698492,7.126580711797677,SOX2
GO_Biological_Process_2023,Negative Regulation Of Oxidative Stress-Induced Cell Death (GO:1903202),1/23,0.2064867613185778,0.3417043693561867,0,0,4.517587939698492,7.126580711797677,PARK7
GO_Biological_Process_2023,Positive Regulation Of Epithelial Cell Apoptotic Process (GO:1904037),1/23,0.2064867613185778,0.3417043693561867,0,0,4.517587939698492,7.126580711797677,RGCC
GO_Biological_Process_2023,Positive Regulation Of Oxidoreductase Activity (GO:0051353),1/23,0.2064867613185778,0.3417043693561867,0,0,4.517587939698492,7.126580711797677,PARK7
GO_Biological_Process_2023,Protein Alkylation (GO:0008213),1/23,0.2064867613185778,0.3417043693561867,0,0,4.517587939698492,7.126580711797677,PCMT1
GO_Biological_Process_2023,Regulation Of T Cell Migration (GO:2000404),1/23,0.2064867613185778,0.3417043693561867,0,0,4.517587939698492,7.126580711797677,APOD
GO_Biological_Process_2023,Regulation Of Cardiac Muscle Hypertrophy (GO:0010611),1/23,0.2064867613185778,0.3417043693561867,0,0,4.517587939698492,7.126580711797677,MLIP
GO_Biological_Process_2023,Regulation Of Cell Junction Assembly (GO:1901888),1/23,0.2064867613185778,0.3417043693561867,0,0,4.517587939698492,7.126580711797677,CLDN19
GO_Biological_Process_2023,Cellular Respiration (GO:0045333),2/85,0.2088785730572049,0.343513259525165,0,0,2.3995375441158573,3.7576810395091074,BLOC1S1;COX7A2
GO_Biological_Process_2023,Epidermis Development (GO:0008544),2/85,0.2088785730572049,0.343513259525165,0,0,2.3995375441158573,3.7576810395091074,FGF7;YBX1
GO_Biological_Process_2023,Transport Across Blood-Brain Barrier (GO:0150104),2/85,0.2088785730572049,0.343513259525165,0,0,2.3995375441158573,3.7576810395091074,SLC44A1;ATP1A2
GO_Biological_Process_2023,Positive Regulation Of Amide Metabolic Process (GO:0034250),2/85,0.2088785730572049,0.343513259525165,0,0,2.3995375441158573,3.7576810395091074,VIM;CLU
GO_Biological_Process_2023,Positive Regulation Of Canonical Wnt Signaling Pathway (GO:0090263),2/85,0.2088785730572049,0.343513259525165,0,0,2.3995375441158573,3.7576810395091074,SEMA5A;PLEKHA4
GO_Biological_Process_2023,Positive Regulation Of Protein Localization (GO:1903829),2/85,0.2088785730572049,0.343513259525165,0,0,2.3995375441158573,3.7576810395091074,NEDD9;PARK7
GO_Biological_Process_2023,Regulation Of Mitotic Cell Cycle Phase Transition (GO:1901990),2/86,0.2125388044387241,0.3451339005206815,0,0,2.370851370851371,3.671573213687656,RGCC;ZFP36L2
GO_Biological_Process_2023,Negative Regulation Of Angiogenesis (GO:0016525),2/86,0.2125388044387241,0.3451339005206815,0,0,2.370851370851371,3.671573213687656,SPARC;RGCC
GO_Biological_Process_2023,Negative Regulation Of Binding (GO:0051100),2/86,0.2125388044387241,0.3451339005206815,0,0,2.370851370851371,3.671573213687656,DNAJB2;PARK7
GO_Biological_Process_2023,Response To Lipopolysaccharide (GO:0032496),3/159,0.2130886861186362,0.3451339005206815,0,0,1.9176103084732523,2.9647153446790657,HMGB1;VIM;SNCA
GO_Biological_Process_2023,Regulation Of Cytoplasmic Translation (GO:2000765),1/24,0.2144310182188985,0.3451339005206815,0,0,4.320952589032117,6.653261007649563,YBX1
GO_Biological_Process_2023,Regulation Of Endoplasmic Reticulum Stress-Induced Intrinsic Apoptotic Signaling Pathway (GO:1902235),1/24,0.2144310182188985,0.3451339005206815,0,0,4.320952589032117,6.653261007649563,PARK7
GO_Biological_Process_2023,Regulation Of Execution Phase Of Apoptosis (GO:1900117),1/24,0.2144310182188985,0.3451339005206815,0,0,4.320952589032117,6.653261007649563,DYNLL1
GO_Biological_Process_2023,Amyloid Fibril Formation (GO:1990000),1/24,0.2144310182188985,0.3451339005206815,0,0,4.320952589032117,6.653261007649563,SNCA
GO_Biological_Process_2023,Regulation Of Muscle Cell Differentiation (GO:0051147),1/24,0.2144310182188985,0.3451339005206815,0,0,4.320952589032117,6.653261007649563,LAMB1
GO_Biological_Process_2023,Regulation Of Ruffle Assembly (GO:1900027),1/24,0.2144310182188985,0.3451339005206815,0,0,4.320952589032117,6.653261007649563,ARHGAP24
GO_Biological_Process_2023,Regulation Of Supramolecular Fiber Organization (GO:1902903),1/24,0.2144310182188985,0.3451339005206815,0,0,4.320952589032117,6.653261007649563,PARK7
GO_Biological_Process_2023,Response To Hexose (GO:0009746),1/24,0.2144310182188985,0.3451339005206815,0,0,4.320952589032117,6.653261007649563,VAMP2
GO_Biological_Process_2023,Response To Purine-Containing Compound (GO:0014074),1/24,0.2144310182188985,0.3451339005206815,0,0,4.320952589032117,6.653261007649563,CLU
GO_Biological_Process_2023,Early Endosome To Late Endosome Transport (GO:0045022),1/24,0.2144310182188985,0.3451339005206815,0,0,4.320952589032117,6.653261007649563,EMP2
GO_Biological_Process_2023,Gliogenesis (GO:0042063),1/24,0.2144310182188985,0.3451339005206815,0,0,4.320952589032117,6.653261007649563,CD9
GO_Biological_Process_2023,Iron Ion Transport (GO:0006826),1/24,0.2144310182188985,0.3451339005206815,0,0,4.320952589032117,6.653261007649563,FTH1
GO_Biological_Process_2023,Mononuclear Cell Differentiation (GO:1903131),1/24,0.2144310182188985,0.3451339005206815,0,0,4.320952589032117,6.653261007649563,CLU
GO_Biological_Process_2023,Photoperiodism (GO:0009648),1/24,0.2144310182188985,0.3451339005206815,0,0,4.320952589032117,6.653261007649563,PPP1CC
GO_Biological_Process_2023,Positive Regulation Of Peptidyl-Threonine Phosphorylation (GO:0010800),1/24,0.2144310182188985,0.3451339005206815,0,0,4.320952589032117,6.653261007649563,CALM2
GO_Biological_Process_2023,Protein K48-linked Deubiquitination (GO:0071108),1/24,0.2144310182188985,0.3451339005206815,0,0,4.320952589032117,6.653261007649563,OTUD7B
GO_Biological_Process_2023,Protein Kinase B Signaling (GO:0043491),1/24,0.2144310182188985,0.3451339005206815,0,0,4.320952589032117,6.653261007649563,MT3
GO_Biological_Process_2023,Regulation Of Inflammatory Response (GO:0050727),4/240,0.219865221332588,0.3496372309208051,0,0,1.6918021445866482,2.562641312117251,LGALS1;PARK7;VAMP2;SNCA
GO_Biological_Process_2023,Negative Regulation Of Protein Kinase Activity (GO:0006469),2/88,0.2198775013707891,0.3496372309208051,0,0,2.315480385247827,3.5072227118932733,PARK7;SNCA
GO_Biological_Process_2023,Positive Regulation Of Cell Adhesion (GO:0045785),2/88,0.2198775013707891,0.3496372309208051,0,0,2.315480385247827,3.5072227118932733,MAGI1;LAMB1
GO_Biological_Process_2023,Regulation Of Macromolecule Metabolic Process (GO:0060255),3/162,0.2209064137985626,0.3496372309208051,0,0,1.8811416530983625,2.8405542467562497,SOX2;HNRNPDL;YBX1
GO_Biological_Process_2023,Cellular Response To Oxygen-Containing Compound (GO:1901701),6/406,0.2220004963513989,0.3496372309208051,0,0,1.5,2.2576134919428674,GNG2;VIM;FOS;HMGB1;CLU;MT3
GO_Biological_Process_2023,Regulation Of Keratinocyte Proliferation (GO:0010837),1/25,0.2222961348450487,0.3496372309208051,0,0,4.14070351758794,6.226561570384656,FGF7
GO_Biological_Process_2023,Regulation Of Monocyte Chemotaxis (GO:0090025),1/25,0.2222961348450487,0.3496372309208051,0,0,4.14070351758794,6.226561570384656,HMGB1
GO_Biological_Process_2023,Bile Acid Biosynthetic Process (GO:0006699),1/25,0.2222961348450487,0.3496372309208051,0,0,4.14070351758794,6.226561570384656,OSBPL1A
GO_Biological_Process_2023,Regulation Of Platelet Aggregation (GO:0090330),1/25,0.2222961348450487,0.3496372309208051,0,0,4.14070351758794,6.226561570384656,CD9
GO_Biological_Process_2023,Regulation Of Postsynapse Organization (GO:0099175),1/25,0.2222961348450487,0.3496372309208051,0,0,4.14070351758794,6.226561570384656,KIF1A
GO_Biological_Process_2023,Response To Zinc Ion (GO:0010043),1/25,0.2222961348450487,0.3496372309208051,0,0,4.14070351758794,6.226561570384656,MT2A
GO_Biological_Process_2023,Secretory Granule Organization (GO:0033363),1/25,0.2222961348450487,0.3496372309208051,0,0,4.14070351758794,6.226561570384656,BLOC1S1
GO_Biological_Process_2023,Vesicle Cargo Loading (GO:0035459),1/25,0.2222961348450487,0.3496372309208051,0,0,4.14070351758794,6.226561570384656,TMED10
GO_Biological_Process_2023,Vesicle-Mediated Transport Between Endosomal Compartments (GO:0098927),1/25,0.2222961348450487,0.3496372309208051,0,0,4.14070351758794,6.226561570384656,EMP2
GO_Biological_Process_2023,Lamellipodium Assembly (GO:0030032),1/25,0.2222961348450487,0.3496372309208051,0,0,4.14070351758794,6.226561570384656,ITGB1
GO_Biological_Process_2023,Myotube Differentiation (GO:0014902),1/25,0.2222961348450487,0.3496372309208051,0,0,4.14070351758794,6.226561570384656,ITGB1
GO_Biological_Process_2023,Negative Regulation Of Intrinsic Apoptotic Signaling Pathway In Response To DNA Damage (GO:1902230),1/25,0.2222961348450487,0.3496372309208051,0,0,4.14070351758794,6.226561570384656,CLU
GO_Biological_Process_2023,Negative Regulation Of Proteolysis Involved In Protein Catabolic Process (GO:1903051),1/25,0.2222961348450487,0.3496372309208051,0,0,4.14070351758794,6.226561570384656,GABARAPL2
GO_Biological_Process_2023,Negative Regulation Of Response To Wounding (GO:1903035),1/25,0.2222961348450487,0.3496372309208051,0,0,4.14070351758794,6.226561570384656,CLDN19
GO_Biological_Process_2023,Peptide Hormone Secretion (GO:0030072),1/25,0.2222961348450487,0.3496372309208051,0,0,4.14070351758794,6.226561570384656,PARK7
GO_Biological_Process_2023,Phosphatidylethanolamine Metabolic Process (GO:0046337),1/25,0.2222961348450487,0.3496372309208051,0,0,4.14070351758794,6.226561570384656,PLAAT3
GO_Biological_Process_2023,Regulation Of B Cell Activation (GO:0050864),1/25,0.2222961348450487,0.3496372309208051,0,0,4.14070351758794,6.226561570384656,ZFP36L2
GO_Biological_Process_2023,Regulation Of Actin Cytoskeleton Reorganization (GO:2000249),1/25,0.2222961348450487,0.3496372309208051,0,0,4.14070351758794,6.226561570384656,CLU
GO_Biological_Process_2023,Positive Regulation Of Peptidyl-Serine Phosphorylation (GO:0033138),2/89,0.2235550003741977,0.351269094647378,0,0,2.2887495646116336,3.428770706989903,PARK7;SNCA
GO_Biological_Process_2023,Regulation Of Peptidyl-Tyrosine Phosphorylation (GO:0050730),2/90,0.2272373036176318,0.3562356639202395,0,0,2.2626262626262625,3.352670034774279,FGF7;CADM4
GO_Biological_Process_2023,Positive Regulation Of Proteasomal Protein Catabolic Process (GO:1901800),2/90,0.2272373036176318,0.3562356639202395,0,0,2.2626262626262625,3.352670034774279,DNAJB2;CLU
GO_Biological_Process_2023,Regulation Of ERK1 And ERK2 Cascade (GO:0070372),4/244,0.228334211985267,0.3562356639202395,0,0,1.663265306122449,2.4565511800960915,TIMP3;HMGB1;FGF1;MT3
GO_Biological_Process_2023,Calcium-Ion Regulated Exocytosis (GO:0017156),1/26,0.2300828957266827,0.3562356639202395,0,0,3.974874371859297,5.840344997302112,VAMP2
GO_Biological_Process_2023,Cell-Cell Adhesion Mediated By Cadherin (GO:0044331),1/26,0.2300828957266827,0.3562356639202395,0,0,3.974874371859297,5.840344997302112,CDH7
GO_Biological_Process_2023,Regulation Of Transcription By RNA Polymerase III (GO:0006359),1/26,0.2300828957266827,0.3562356639202395,0,0,3.974874371859297,5.840344997302112,ZFP36L2
GO_Biological_Process_2023,Response To Glucocorticoid (GO:0051384),1/26,0.2300828957266827,0.3562356639202395,0,0,3.974874371859297,5.840344997302112,ZFP36L2
GO_Biological_Process_2023,miRNA-mediated Gene Silencing (GO:0035195),1/26,0.2300828957266827,0.3562356639202395,0,0,3.974874371859297,5.840344997302112,RAN
GO_Biological_Process_2023,Negative Regulation Of Catalytic Activity (GO:0043086),1/26,0.2300828957266827,0.3562356639202395,0,0,3.974874371859297,5.840344997302112,MT3
GO_Biological_Process_2023,Negative Regulation Of Endothelial Cell Apoptotic Process (GO:2000352),1/26,0.2300828957266827,0.3562356639202395,0,0,3.974874371859297,5.840344997302112,SEMA5A
GO_Biological_Process_2023,Negative Regulation Of Lipid Metabolic Process (GO:0045833),1/26,0.2300828957266827,0.3562356639202395,0,0,3.974874371859297,5.840344997302112,APOD
GO_Biological_Process_2023,Organelle Fusion (GO:0048284),1/26,0.2300828957266827,0.3562356639202395,0,0,3.974874371859297,5.840344997302112,FIS1
GO_Biological_Process_2023,Positive Regulation Of Monooxygenase Activity (GO:0032770),1/26,0.2300828957266827,0.3562356639202395,0,0,3.974874371859297,5.840344997302112,PARK7
GO_Biological_Process_2023,Positive Regulation Of Nuclear Division (GO:0051785),1/26,0.2300828957266827,0.3562356639202395,0,0,3.974874371859297,5.840344997302112,RGCC
GO_Biological_Process_2023,Protein Targeting To Lysosome (GO:0006622),1/26,0.2300828957266827,0.3562356639202395,0,0,3.974874371859297,5.840344997302112,CLU
GO_Biological_Process_2023,Membrane Organization (GO:0061024),3/167,0.2340612680505318,0.3618178590901733,0,0,1.82332549213817,2.6477828986834435,PLAAT3;ANK3;VAMP2
GO_Biological_Process_2023,Regulation Of Microtubule Polymerization Or Depolymerization (GO:0031110),1/27,0.2377920775242915,0.3618178590901733,0,0,3.821801314263626,5.489477227235043,STMN1
GO_Biological_Process_2023,Regulation Of Mitochondrial Fission (GO:0090140),1/27,0.2377920775242915,0.3618178590901733,0,0,3.821801314263626,5.489477227235043,FIS1
GO_Biological_Process_2023,Cellular Response To Epidermal Growth Factor Stimulus (GO:0071364),1/27,0.2377920775242915,0.3618178590901733,0,0,3.821801314263626,5.489477227235043,ZFP36L2
GO_Biological_Process_2023,Regulation Of Transcription Regulatory Region DNA Binding (GO:2000677),1/27,0.2377920775242915,0.3618178590901733,0,0,3.821801314263626,5.489477227235043,PARK7
GO_Biological_Process_2023,Respiratory Tube Development (GO:0030323),1/27,0.2377920775242915,0.3618178590901733,0,0,3.821801314263626,5.489477227235043,FGF7
GO_Biological_Process_2023,Microtubule Polymerization Or Depolymerization (GO:0031109),1/27,0.2377920775242915,0.3618178590901733,0,0,3.821801314263626,5.489477227235043,STMN1
GO_Biological_Process_2023,Monoubiquitinated Histone H2A Deubiquitination (GO:0035522),1/27,0.2377920775242915,0.3618178590901733,0,0,3.821801314263626,5.489477227235043,TMEM98
GO_Biological_Process_2023,Monoubiquitinated Histone Deubiquitination (GO:0035521),1/27,0.2377920775242915,0.3618178590901733,0,0,3.821801314263626,5.489477227235043,TMEM98
GO_Biological_Process_2023,Negative Regulation Of NIK/NF-kappaB Signaling (GO:1901223),1/27,0.2377920775242915,0.3618178590901733,0,0,3.821801314263626,5.489477227235043,UACA
GO_Biological_Process_2023,Negative Regulation Of Notch Signaling Pathway (GO:0045746),1/27,0.2377920775242915,0.3618178590901733,0,0,3.821801314263626,5.489477227235043,TSPAN15
GO_Biological_Process_2023,Positive Regulation Of Calcium Ion Transmembrane Transporter Activity (GO:1901021),1/27,0.2377920775242915,0.3618178590901733,0,0,3.821801314263626,5.489477227235043,CALM2
GO_Biological_Process_2023,Positive Regulation Of Filopodium Assembly (GO:0051491),1/27,0.2377920775242915,0.3618178590901733,0,0,3.821801314263626,5.489477227235043,GPM6A
GO_Biological_Process_2023,Positive Regulation Of Nitric Oxide Biosynthetic Process (GO:0045429),1/27,0.2377920775242915,0.3618178590901733,0,0,3.821801314263626,5.489477227235043,CLU
GO_Biological_Process_2023,Positive Regulation Of Response To Wounding (GO:1903036),1/27,0.2377920775242915,0.3618178590901733,0,0,3.821801314263626,5.489477227235043,ITGB1
GO_Biological_Process_2023,Positive Regulation Of Ubiquitin-Protein Transferase Activity (GO:0051443),1/27,0.2377920775242915,0.3618178590901733,0,0,3.821801314263626,5.489477227235043,SKP1
GO_Biological_Process_2023,Regulation Of Androgen Receptor Signaling Pathway (GO:0060765),1/27,0.2377920775242915,0.3618178590901733,0,0,3.821801314263626,5.489477227235043,PARK7
GO_Biological_Process_2023,Regulation Of Catecholamine Secretion (GO:0050433),1/27,0.2377920775242915,0.3618178590901733,0,0,3.821801314263626,5.489477227235043,SNCA
GO_Biological_Process_2023,Negative Regulation Of Amide Metabolic Process (GO:0034249),2/93,0.2383084712706434,0.362256268109685,0,0,2.187701187701188,3.1375777372613727,YBX1;CLU
GO_Biological_Process_2023,Vesicle Organization (GO:0016050),2/94,0.2420054666899618,0.3660607152915135,0,0,2.163812033377251,3.070005614813883,CAV2;VAMP2
GO_Biological_Process_2023,Metal Ion Transport (GO:0030001),3/171,0.2446846414909542,0.3660607152915135,0,0,1.779550398839739,2.5052244919637907,ATP1A2;CLU;RAMP1
GO_Biological_Process_2023,Positive Regulation Of Cellular Process (GO:0048522),8/594,0.2448407604181118,0.3660607152915135,0,0,1.3661831626848693,1.922420862920018,EGR2;FGF7;NEDD9;EMP2;LAMB1;FGF1;S100B;NCMAP
GO_Biological_Process_2023,Apoptotic Cell Clearance (GO:0043277),1/28,0.2454244493195781,0.3660607152915135,0,0,3.680067001675042,5.169633447658624,HMGB1
GO_Biological_Process_2023,Diterpenoid Metabolic Process (GO:0016101),1/28,0.2454244493195781,0.3660607152915135,0,0,3.680067001675042,5.169633447658624,ALDH1A1
GO_Biological_Process_2023,Transcription By RNA Polymerase III (GO:0006383),1/28,0.2454244493195781,0.3660607152915135,0,0,3.680067001675042,5.169633447658624,POLR2F
GO_Biological_Process_2023,Hematopoietic Progenitor Cell Differentiation (GO:0002244),1/28,0.2454244493195781,0.3660607152915135,0,0,3.680067001675042,5.169633447658624,SBDS
GO_Biological_Process_2023,Vesicle Coating (GO:0006901),1/28,0.2454244493195781,0.3660607152915135,0,0,3.680067001675042,5.169633447658624,TMED10
GO_Biological_Process_2023,Membrane Fusion (GO:0061025),1/28,0.2454244493195781,0.3660607152915135,0,0,3.680067001675042,5.169633447658624,VAMP2
GO_Biological_Process_2023,Mucosal Immune Response (GO:0002385),1/28,0.2454244493195781,0.3660607152915135,0,0,3.680067001675042,5.169633447658624,OTUD7B
GO_Biological_Process_2023,Negative Regulation Of Cation Channel Activity (GO:2001258),1/28,0.2454244493195781,0.3660607152915135,0,0,3.680067001675042,5.169633447658624,CALM2
GO_Biological_Process_2023,Negative Regulation Of Cytoskeleton Organization (GO:0051494),1/28,0.2454244493195781,0.3660607152915135,0,0,3.680067001675042,5.169633447658624,KANK4
GO_Biological_Process_2023,Negative Regulation Of Type II Interferon Production (GO:0032689),1/28,0.2454244493195781,0.3660607152915135,0,0,3.680067001675042,5.169633447658624,HMGB1
GO_Biological_Process_2023,Negative Regulation Of Wound Healing (GO:0061045),1/28,0.2454244493195781,0.3660607152915135,0,0,3.680067001675042,5.169633447658624,CLDN19
GO_Biological_Process_2023,Positive Regulation Of Fibroblast Proliferation (GO:0048146),1/28,0.2454244493195781,0.3660607152915135,0,0,3.680067001675042,5.169633447658624,S100A6
GO_Biological_Process_2023,Positive Regulation Of Nitric Oxide Metabolic Process (GO:1904407),1/28,0.2454244493195781,0.3660607152915135,0,0,3.680067001675042,5.169633447658624,CLU
GO_Biological_Process_2023,Positive Regulation Of Protein Import Into Nucleus (GO:0042307),1/28,0.2454244493195781,0.3660607152915135,0,0,3.680067001675042,5.169633447658624,RAN
GO_Biological_Process_2023,Primary Neural Tube Formation (GO:0014020),1/28,0.2454244493195781,0.3660607152915135,0,0,3.680067001675042,5.169633447658624,DYNLL1
GO_Biological_Process_2023,Protein Depolymerization (GO:0051261),1/28,0.2454244493195781,0.3660607152915135,0,0,3.680067001675042,5.169633447658624,STMN1
GO_Biological_Process_2023,Protein Localization To Golgi Apparatus (GO:0034067),1/28,0.2454244493195781,0.3660607152915135,0,0,3.680067001675042,5.169633447658624,TMED10
GO_Biological_Process_2023,Negative Regulation Of Gene Expression (GO:0010629),5/336,0.2467863560451766,0.3677464291490097,0,0,1.5081725927647378,2.1102837634315,RGCC;CLDN19;PARK7;YBX1;ZFP36L2
GO_Biological_Process_2023,Generation Of Neurons (GO:0048699),3/172,0.2473527954934082,0.3682447340037888,0,0,1.7689304057910071,2.471089003542929,NR4A2;GPM6A;ITM2C
GO_Biological_Process_2023,Positive Regulation Of Supramolecular Fiber Organization (GO:1902905),2/96,0.2494067909928498,0.3709546179059537,0,0,2.117558564367075,2.9405900871231445,SEMA5A;CLU
GO_Biological_Process_2023,Neuron Differentiation (GO:0030182),3/173,0.2500255183536518,0.371526683171578,0,0,1.7584353538369664,2.437529535077044,NR4A2;DMD;ITM2C
GO_Biological_Process_2023,RNA Biosynthetic Process (GO:0032774),1/29,0.252980772589684,0.3720857146430292,0,0,3.548456568557071,4.877147000705543,ZFP36L2
GO_Biological_Process_2023,Regulation Of Neuron Migration (GO:2001222),1/29,0.252980772589684,0.3720857146430292,0,0,3.548456568557071,4.877147000705543,SRGAP2C
GO_Biological_Process_2023,Carbohydrate Derivative Biosynthetic Process (GO:1901137),1/29,0.252980772589684,0.3720857146430292,0,0,3.548456568557071,4.877147000705543,SCCPDH
GO_Biological_Process_2023,Regulation Of Protein Modification By Small Protein Conjugation Or Removal (GO:1903320),1/29,0.252980772589684,0.3720857146430292,0,0,3.548456568557071,4.877147000705543,DNAJB2
GO_Biological_Process_2023,Regulation Of Voltage-Gated Calcium Channel Activity (GO:1901385),1/29,0.252980772589684,0.3720857146430292,0,0,3.548456568557071,4.877147000705543,DMD
GO_Biological_Process_2023,Sarcomere Organization (GO:0045214),1/29,0.252980772589684,0.3720857146430292,0,0,3.548456568557071,4.877147000705543,CSRP1
GO_Biological_Process_2023,Establishment Of Mitotic Spindle Orientation (GO:0000132),1/29,0.252980772589684,0.3720857146430292,0,0,3.548456568557071,4.877147000705543,ITGB1
GO_Biological_Process_2023,Tube Closure (GO:0060606),1/29,0.252980772589684,0.3720857146430292,0,0,3.548456568557071,4.877147000705543,DYNLL1
GO_Biological_Process_2023,Heterotypic Cell-Cell Adhesion (GO:0034113),1/29,0.252980772589684,0.3720857146430292,0,0,3.548456568557071,4.877147000705543,ITGB1
GO_Biological_Process_2023,Integrated Stress Response Signaling (GO:0140467),1/29,0.252980772589684,0.3720857146430292,0,0,3.548456568557071,4.877147000705543,FOS
GO_Biological_Process_2023,Protein Acetylation (GO:0006473),1/29,0.252980772589684,0.3720857146430292,0,0,3.548456568557071,4.877147000705543,BLOC1S1
GO_Biological_Process_2023,Positive Regulation Of I-kappaB kinase/NF-kappaB Signaling (GO:0043123),3/175,0.2553839697105925,0.3752725554913985,0,0,1.7378113563923976,2.3720900885367504,LGALS1;S100B;LITAF
GO_Biological_Process_2023,Positive Regulation Of Cold-Induced Thermogenesis (GO:0120162),2/98,0.2568151396703299,0.3770264816436757,0,0,2.073232323232323,2.818349436543183,GATM;LPIN1
GO_Biological_Process_2023,DNA Geometric Change (GO:0032392),1/30,0.2604618012849767,0.3781819566690375,0,0,3.425922717033443,4.608890626901229,HMGB1
GO_Biological_Process_2023,Regulation Of Dendritic Spine Morphogenesis (GO:0061001),1/30,0.2604618012849767,0.3781819566690375,0,0,3.425922717033443,4.608890626901229,KIF1A
GO_Biological_Process_2023,Cardiac Muscle Cell Action Potential Involved In Contraction (GO:0086002),1/30,0.2604618012849767,0.3781819566690375,0,0,3.425922717033443,4.608890626901229,ATP1A1
GO_Biological_Process_2023,Regulation Of Vasculature Development (GO:1901342),1/30,0.2604618012849767,0.3781819566690375,0,0,3.425922717033443,4.608890626901229,EMP2
GO_Biological_Process_2023,Response To Epidermal Growth Factor (GO:0070849),1/30,0.2604618012849767,0.3781819566690375,0,0,3.425922717033443,4.608890626901229,ZFP36L2
GO_Biological_Process_2023,Lamellipodium Organization (GO:0097581),1/30,0.2604618012849767,0.3781819566690375,0,0,3.425922717033443,4.608890626901229,ITGB1
GO_Biological_Process_2023,Negative Regulation Of Blood Coagulation (GO:0030195),1/30,0.2604618012849767,0.3781819566690375,0,0,3.425922717033443,4.608890626901229,PLAT
GO_Biological_Process_2023,Nucleic Acid Metabolic Process (GO:0090304),1/30,0.2604618012849767,0.3781819566690375,0,0,3.425922717033443,4.608890626901229,RAN
GO_Biological_Process_2023,Positive Regulation Of Cell Communication (GO:0010647),1/30,0.2604618012849767,0.3781819566690375,0,0,3.425922717033443,4.608890626901229,ANK3
GO_Biological_Process_2023,Positive Regulation Of Interleukin-10 Production (GO:0032733),1/30,0.2604618012849767,0.3781819566690375,0,0,3.425922717033443,4.608890626901229,HMGB1
GO_Biological_Process_2023,Protein Palmitoylation (GO:0018345),1/30,0.2604618012849767,0.3781819566690375,0,0,3.425922717033443,4.608890626901229,GLUL
GO_Biological_Process_2023,Regulation Of Calcium-Mediated Signaling (GO:0050848),1/30,0.2604618012849767,0.3781819566690375,0,0,3.425922717033443,4.608890626901229,CALM2
GO_Biological_Process_2023,Positive Regulation Of ERK1 And ERK2 Cascade (GO:0070374),3/179,0.2661480554142297,0.3834184571806699,0,0,1.6979695431472082,2.247606572898238,HMGB1;FGF1;MT3
GO_Biological_Process_2023,Regulation Of Extrinsic Apoptotic Signaling Pathway Via Death Domain Receptors (GO:1902041),1/31,0.2678682819607093,0.3834184571806699,0,0,3.3115577889447234,4.362182296847866,PEA15
GO_Biological_Process_2023,Actin Filament Polymerization (GO:0030041),1/31,0.2678682819607093,0.3834184571806699,0,0,3.3115577889447234,4.362182296847866,GAS7
GO_Biological_Process_2023,Bile Acid Metabolic Process (GO:0008206),1/31,0.2678682819607093,0.3834184571806699,0,0,3.3115577889447234,4.362182296847866,OSBPL1A
GO_Biological_Process_2023,Regulation Of Protein Autophosphorylation (GO:0031952),1/31,0.2678682819607093,0.3834184571806699,0,0,3.3115577889447234,4.362182296847866,CALM2
GO_Biological_Process_2023,Central Nervous System Neuron Differentiation (GO:0021953),1/31,0.2678682819607093,0.3834184571806699,0,0,3.3115577889447234,4.362182296847866,NR4A2
GO_Biological_Process_2023,Endodermal Cell Differentiation (GO:0035987),1/31,0.2678682819607093,0.3834184571806699,0,0,3.3115577889447234,4.362182296847866,LAMB1
GO_Biological_Process_2023,Leukocyte Cell-Cell Adhesion (GO:0007159),1/31,0.2678682819607093,0.3834184571806699,0,0,3.3115577889447234,4.362182296847866,ITGB1
GO_Biological_Process_2023,Negative Chemotaxis (GO:0050919),1/31,0.2678682819607093,0.3834184571806699,0,0,3.3115577889447234,4.362182296847866,SEMA3B
GO_Biological_Process_2023,Organic Cation Transport (GO:0015695),1/31,0.2678682819607093,0.3834184571806699,0,0,3.3115577889447234,4.362182296847866,SLC44A1
GO_Biological_Process_2023,Positive Regulation Of G1/S Transition Of Mitotic Cell Cycle (GO:1900087),1/31,0.2678682819607093,0.3834184571806699,0,0,3.3115577889447234,4.362182296847866,RGCC
GO_Biological_Process_2023,Positive Regulation Of Mononuclear Cell Migration (GO:0071677),1/31,0.2678682819607093,0.3834184571806699,0,0,3.3115577889447234,4.362182296847866,HMGB1
GO_Biological_Process_2023,Positive Regulation Of Proteolysis Involved In Protein Catabolic Process (GO:1903052),1/31,0.2678682819607093,0.3834184571806699,0,0,3.3115577889447234,4.362182296847866,CLU
GO_Biological_Process_2023,Regulation Of Cell Morphogenesis (GO:0022604),1/31,0.2678682819607093,0.3834184571806699,0,0,3.3115577889447234,4.362182296847866,SPARC
GO_Biological_Process_2023,Hemopoiesis (GO:0030097),2/101,0.2679338809157927,0.3834184571806699,0,0,2.01010101010101,2.647333266062948,SBDS;ZFP36L2
GO_Biological_Process_2023,Visual Perception (GO:0007601),2/101,0.2679338809157927,0.3834184571806699,0,0,2.01010101010101,2.647333266062948,COL18A1;SFRP5
GO_Biological_Process_2023,Activation Of GTPase Activity (GO:0090630),2/102,0.2716402584331571,0.3880225833784161,0,0,1.9898989898989896,2.593388923930461,TAX1BP3;ARHGAP24
GO_Biological_Process_2023,Sensory Perception Of Light Stimulus (GO:0050953),2/102,0.2716402584331571,0.3880225833784161,0,0,1.9898989898989896,2.593388923930461,COL18A1;SFRP5
GO_Biological_Process_2023,Regulation Of Transmembrane Transport (GO:0034762),1/32,0.2752009537742224,0.3902984036100902,0,0,3.204571243313341,4.1347099266061775,SNCA
GO_Biological_Process_2023,Regulation Of Ubiquitin-Protein Transferase Activity (GO:0051438),1/32,0.2752009537742224,0.3902984036100902,0,0,3.204571243313341,4.1347099266061775,PARK7
GO_Biological_Process_2023,Respiratory System Development (GO:0060541),1/32,0.2752009537742224,0.3902984036100902,0,0,3.204571243313341,4.1347099266061775,FGF7
GO_Biological_Process_2023,Vesicle Budding From Membrane (GO:0006900),1/32,0.2752009537742224,0.3902984036100902,0,0,3.204571243313341,4.1347099266061775,TMED10
GO_Biological_Process_2023,Heterochromatin Formation (GO:0031507),1/32,0.2752009537742224,0.3902984036100902,0,0,3.204571243313341,4.1347099266061775,HMGB1
GO_Biological_Process_2023,Muscle Cell Development (GO:0055001),1/32,0.2752009537742224,0.3902984036100902,0,0,3.204571243313341,4.1347099266061775,DMD
GO_Biological_Process_2023,Negative Regulation Of Fat Cell Differentiation (GO:0045599),1/32,0.2752009537742224,0.3902984036100902,0,0,3.204571243313341,4.1347099266061775,ZFP36L2
GO_Biological_Process_2023,Neural Tube Closure (GO:0001843),1/32,0.2752009537742224,0.3902984036100902,0,0,3.204571243313341,4.1347099266061775,DYNLL1
GO_Biological_Process_2023,RNA Processing (GO:0006396),3/183,0.2769660180613575,0.3924509559494414,0,0,1.6598984771573604,2.131078020443462,DDX17;HNRNPK;CELF2
GO_Biological_Process_2023,Positive Regulation Of Inflammatory Response (GO:0050729),2/104,0.2790510068326582,0.3950525850521219,0,0,1.95068330362448,2.4897754945672688,LGALS1;SNCA
GO_Biological_Process_2023,Actin Filament Bundle Assembly (GO:0051017),1/33,0.2824605485993796,0.395644210615371,0,0,3.1042713567839195,3.9244707255325473,NEDD9
GO_Biological_Process_2023,Actin Filament Bundle Organization (GO:0061572),1/33,0.2824605485993796,0.395644210615371,0,0,3.1042713567839195,3.9244707255325473,NEDD9
GO_Biological_Process_2023,Regulation Of Potassium Ion Transmembrane Transport (GO:1901379),1/33,0.2824605485993796,0.395644210615371,0,0,3.1042713567839195,3.9244707255325473,YWHAE
GO_Biological_Process_2023,Cardiac Muscle Contraction (GO:0060048),1/33,0.2824605485993796,0.395644210615371,0,0,3.1042713567839195,3.9244707255325473,DMD
GO_Biological_Process_2023,Signal Transduction By P53 Class Mediator (GO:0072331),1/33,0.2824605485993796,0.395644210615371,0,0,3.1042713567839195,3.9244707255325473,NDRG1
GO_Biological_Process_2023,Glycolipid Metabolic Process (GO:0006664),1/33,0.2824605485993796,0.395644210615371,0,0,3.1042713567839195,3.9244707255325473,SCCPDH
GO_Biological_Process_2023,intra-Golgi Vesicle-Mediated Transport (GO:0006891),1/33,0.2824605485993796,0.395644210615371,0,0,3.1042713567839195,3.9244707255325473,GABARAPL2
GO_Biological_Process_2023,Lung Development (GO:0030324),1/33,0.2824605485993796,0.395644210615371,0,0,3.1042713567839195,3.9244707255325473,FGF7
GO_Biological_Process_2023,Monoubiquitinated Protein Deubiquitination (GO:0035520),1/33,0.2824605485993796,0.395644210615371,0,0,3.1042713567839195,3.9244707255325473,TMEM98
GO_Biological_Process_2023,Positive Regulation Of Interleukin-12 Production (GO:0032735),1/33,0.2824605485993796,0.395644210615371,0,0,3.1042713567839195,3.9244707255325473,HMGB1
GO_Biological_Process_2023,Protein K63-linked Deubiquitination (GO:0070536),1/33,0.2824605485993796,0.395644210615371,0,0,3.1042713567839195,3.9244707255325473,OTUD7B
GO_Biological_Process_2023,Regulation Of Activated T Cell Proliferation (GO:0046006),1/33,0.2824605485993796,0.395644210615371,0,0,3.1042713567839195,3.9244707255325473,HMGB1
GO_Biological_Process_2023,Negative Regulation Of MAPK Cascade (GO:0043409),2/105,0.2827546689999499,0.3957069309549563,0,0,1.931646562714524,2.440008904942008,PEBP1;TIMP3
GO_Biological_Process_2023,Response To Calcium Ion (GO:0051592),2/106,0.2864567291305087,0.4005346512159623,0,0,1.912975912975913,2.3915408635892965,CLU;CALM2
GO_Biological_Process_2023,ATP Metabolic Process (GO:0046034),1/34,0.2896477910754225,0.4018103535285799,0,0,3.010050251256281,3.7297219848476746,ATP1A2
GO_Biological_Process_2023,Cellular Response To Hydrogen Peroxide (GO:0070301),1/34,0.2896477910754225,0.4018103535285799,0,0,3.010050251256281,3.7297219848476746,CLU
GO_Biological_Process_2023,Cellular Response To Vascular Endothelial Growth Factor Stimulus (GO:0035924),1/34,0.2896477910754225,0.4018103535285799,0,0,3.010050251256281,3.7297219848476746,NR4A1
GO_Biological_Process_2023,Sister Chromatid Segregation (GO:0000819),1/34,0.2896477910754225,0.4018103535285799,0,0,3.010050251256281,3.7297219848476746,RAN
GO_Biological_Process_2023,Establishment Of Mitotic Spindle Localization (GO:0040001),1/34,0.2896477910754225,0.4018103535285799,0,0,3.010050251256281,3.7297219848476746,ITGB1
GO_Biological_Process_2023,Histone Deubiquitination (GO:0016578),1/34,0.2896477910754225,0.4018103535285799,0,0,3.010050251256281,3.7297219848476746,TMEM98
GO_Biological_Process_2023,Positive Regulation Of Carbohydrate Metabolic Process (GO:0045913),1/34,0.2896477910754225,0.4018103535285799,0,0,3.010050251256281,3.7297219848476746,SNCA
GO_Biological_Process_2023,Regulation Of DNA Biosynthetic Process (GO:2000278),1/34,0.2896477910754225,0.4018103535285799,0,0,3.010050251256281,3.7297219848476746,RGCC
GO_Biological_Process_2023,Regulation Of calcineurin-NFAT Signaling Cascade (GO:0070884),1/34,0.2896477910754225,0.4018103535285799,0,0,3.010050251256281,3.7297219848476746,RCAN1
GO_Biological_Process_2023,Positive Regulation Of DNA Metabolic Process (GO:0051054),2/108,0.2938547028204486,0.4056802332173788,0,0,1.8766914427291783,2.298327412458919,RGCC;HMGB1
GO_Biological_Process_2023,Positive Regulation Of Metabolic Process (GO:0009893),2/108,0.2938547028204486,0.4056802332173788,0,0,1.8766914427291783,2.298327412458919,GATM;LPIN1
GO_Biological_Process_2023,Positive Regulation Of Translation (GO:0045727),2/108,0.2938547028204486,0.4056802332173788,0,0,1.8766914427291783,2.298327412458919,YBX1;VIM
GO_Biological_Process_2023,Plasma Membrane Bounded Cell Projection Assembly (GO:0120031),4/275,0.2962721631240577,0.4056802332173788,0,0,1.4706679719858422,1.7890334347425676,ITGB1;PMP22;NEK1;EMP2
GO_Biological_Process_2023,Regulation Of Cellular Senescence (GO:2000772),1/35,0.2967633987534311,0.4056802332173788,0,0,2.9213715637008573,3.54894088012851,YBX1
GO_Biological_Process_2023,Adherens Junction Organization (GO:0034332),1/35,0.2967633987534311,0.4056802332173788,0,0,2.9213715637008573,3.54894088012851,CDH7
GO_Biological_Process_2023,Endoderm Formation (GO:0001706),1/35,0.2967633987534311,0.4056802332173788,0,0,2.9213715637008573,3.54894088012851,LAMB1
GO_Biological_Process_2023,Skeletal Muscle Organ Development (GO:0060538),1/35,0.2967633987534311,0.4056802332173788,0,0,2.9213715637008573,3.54894088012851,DMD
GO_Biological_Process_2023,Establishment Of Spindle Orientation (GO:0051294),1/35,0.2967633987534311,0.4056802332173788,0,0,2.9213715637008573,3.54894088012851,ITGB1
GO_Biological_Process_2023,tRNA Aminoacylation For Protein Translation (GO:0006418),1/35,0.2967633987534311,0.4056802332173788,0,0,2.9213715637008573,3.54894088012851,CARS1
GO_Biological_Process_2023,Negative Regulation Of Cell Cycle G1/S Phase Transition (GO:1902807),1/35,0.2967633987534311,0.4056802332173788,0,0,2.9213715637008573,3.54894088012851,SOX2
GO_Biological_Process_2023,One-Carbon Compound Transport (GO:0019755),1/35,0.2967633987534311,0.4056802332173788,0,0,2.9213715637008573,3.54894088012851,CYB5R2
GO_Biological_Process_2023,Positive Regulation Of Mitotic Nuclear Division (GO:0045840),1/35,0.2967633987534311,0.4056802332173788,0,0,2.9213715637008573,3.54894088012851,RGCC
GO_Biological_Process_2023,Positive Regulation Of Substrate Adhesion-Dependent Cell Spreading (GO:1900026),1/35,0.2967633987534311,0.4056802332173788,0,0,2.9213715637008573,3.54894088012851,NEDD9
GO_Biological_Process_2023,Protein Methylation (GO:0006479),1/35,0.2967633987534311,0.4056802332173788,0,0,2.9213715637008573,3.54894088012851,PCMT1
GO_Biological_Process_2023,Regulation Of Cardiac Muscle Contraction (GO:0055117),1/35,0.2967633987534311,0.4056802332173788,0,0,2.9213715637008573,3.54894088012851,CALM2
GO_Biological_Process_2023,Extracellular Structure Organization (GO:0043062),2/109,0.2975499631159602,0.4056802332173788,0,0,1.8590578684036627,2.2534999856206213,COL28A1;MIA
GO_Biological_Process_2023,Negative Regulation Of Developmental Process (GO:0051093),2/109,0.2975499631159602,0.4056802332173788,0,0,1.8590578684036627,2.2534999856206213,SRGAP2C;SFRP5
GO_Biological_Process_2023,Positive Regulation Of Wnt Signaling Pathway (GO:0030177),2/109,0.2975499631159602,0.4056802332173788,0,0,1.8590578684036627,2.2534999856206213,SEMA5A;PLEKHA4
GO_Biological_Process_2023,Regulation Of Wnt Signaling Pathway (GO:0030111),2/109,0.2975499631159602,0.4056802332173788,0,0,1.8590578684036627,2.2534999856206213,SFRP5;TAX1BP3
GO_Biological_Process_2023,Adenylate Cyclase-Activating G Protein-Coupled Receptor Signaling Pathway (GO:0007189),2/110,0.3012423146906411,0.4094408836168206,0,0,1.8417508417508417,2.209806893363538,GNG2;RAMP1
GO_Biological_Process_2023,External Encapsulating Structure Organization (GO:0045229),2/110,0.3012423146906411,0.4094408836168206,0,0,1.8417508417508417,2.209806893363538,COL28A1;MIA
GO_Biological_Process_2023,COPII-coated Vesicle Budding (GO:0090114),1/36,0.3038080819844295,0.4094408836168206,0,0,2.8377602297200286,3.380791434126185,TMED10
GO_Biological_Process_2023,"DNA Damage Response, Signal Transduction By P53 Class Mediator (GO:0030330)",1/36,0.3038080819844295,0.4094408836168206,0,0,2.8377602297200286,3.380791434126185,NDRG1
GO_Biological_Process_2023,Regulation Of Glucose Import (GO:0046324),1/36,0.3038080819844295,0.4094408836168206,0,0,2.8377602297200286,3.380791434126185,PEA15
GO_Biological_Process_2023,Regulation Of Intracellular Protein Transport (GO:0033157),1/36,0.3038080819844295,0.4094408836168206,0,0,2.8377602297200286,3.380791434126185,VAMP2
GO_Biological_Process_2023,Substrate Adhesion-Dependent Cell Spreading (GO:0034446),1/36,0.3038080819844295,0.4094408836168206,0,0,2.8377602297200286,3.380791434126185,LAMB1
GO_Biological_Process_2023,Histone H3 Acetylation (GO:0043966),1/36,0.3038080819844295,0.4094408836168206,0,0,2.8377602297200286,3.380791434126185,TMEM98
GO_Biological_Process_2023,Histone Deacetylation (GO:0016575),1/36,0.3038080819844295,0.4094408836168206,0,0,2.8377602297200286,3.380791434126185,MORF4L1
GO_Biological_Process_2023,Negative Regulation Of Protein Kinase B Signaling (GO:0051898),1/36,0.3038080819844295,0.4094408836168206,0,0,2.8377602297200286,3.380791434126185,SFRP5
GO_Biological_Process_2023,Negative Regulation Of Sequestering Of Calcium Ion (GO:0051283),1/36,0.3038080819844295,0.4094408836168206,0,0,2.8377602297200286,3.380791434126185,CLU
GO_Biological_Process_2023,Positive Regulation Of Double-Strand Break Repair Via Homologous Recombination (GO:1905168),1/36,0.3038080819844295,0.4094408836168206,0,0,2.8377602297200286,3.380791434126185,MORF4L1
GO_Biological_Process_2023,Protein Destabilization (GO:0031648),1/36,0.3038080819844295,0.4094408836168206,0,0,2.8377602297200286,3.380791434126185,SNCA
GO_Biological_Process_2023,Regulation Of Signal Transduction (GO:0009966),3/193,0.3041781989818723,0.4094408836168206,0,0,1.5717339032861342,1.870585852845177,SEMA5A;TSPAN15;CLU
GO_Biological_Process_2023,Regulation Of Cell Differentiation (GO:0045595),3/193,0.3041781989818723,0.4094408836168206,0,0,1.5717339032861342,1.870585852845177,DDX17;PLEKHB1;EMP2
GO_Biological_Process_2023,Ubiquitin-Dependent Protein Catabolic Process (GO:0006511),5/367,0.3060552937729315,0.41161843323529,0,0,1.3768239127355149,1.6301450487986575,RNF13;RHOBTB3;OTUD7B;RNF130;SKP1
GO_Biological_Process_2023,Calcium Ion Transport (GO:0006816),2/112,0.3086170575351828,0.413421540424343,0,0,1.808080808080808,2.1256775548508937,CLU;RAMP1
GO_Biological_Process_2023,Regulation Of Protein Serine/Threonine Kinase Activity (GO:0071900),2/112,0.3086170575351828,0.413421540424343,0,0,1.808080808080808,2.1256775548508937,CALM2;SNCA
GO_Biological_Process_2023,Monoatomic Cation Transmembrane Transport (GO:0098655),4/281,0.3097506069941112,0.413421540424343,0,0,1.438370293965962,1.6857524347548731,KCNK12;ATP1A2;ATP1A1;CLU
GO_Biological_Process_2023,RNA Stabilization (GO:0043489),1/37,0.3107825442509396,0.413421540424343,0,0,2.758793969849246,3.2240971983470845,YBX1
GO_Biological_Process_2023,Regulation Of Phosphoprotein Phosphatase Activity (GO:0043666),1/37,0.3107825442509396,0.413421540424343,0,0,2.758793969849246,3.2240971983470845,CALM2
GO_Biological_Process_2023,Calcium Ion Import Across Plasma Membrane (GO:0098703),1/37,0.3107825442509396,0.413421540424343,0,0,2.758793969849246,3.2240971983470845,CLU
GO_Biological_Process_2023,Melanosome Organization (GO:0032438),1/37,0.3107825442509396,0.413421540424343,0,0,2.758793969849246,3.2240971983470845,BLOC1S1
GO_Biological_Process_2023,Muscle Cell Differentiation (GO:0042692),1/37,0.3107825442509396,0.413421540424343,0,0,2.758793969849246,3.2240971983470845,DMD
GO_Biological_Process_2023,Negative Regulation Of Smooth Muscle Cell Proliferation (GO:0048662),1/37,0.3107825442509396,0.413421540424343,0,0,2.758793969849246,3.2240971983470845,APOD
GO_Biological_Process_2023,Negative Regulation Of Transferase Activity (GO:0051348),1/37,0.3107825442509396,0.413421540424343,0,0,2.758793969849246,3.2240971983470845,PARK7
GO_Biological_Process_2023,Positive Regulation Of Exocytosis (GO:0045921),1/37,0.3107825442509396,0.413421540424343,0,0,2.758793969849246,3.2240971983470845,SNCA
GO_Biological_Process_2023,Positive Regulation Of Signaling (GO:0023056),1/37,0.3107825442509396,0.413421540424343,0,0,2.758793969849246,3.2240971983470845,SNCA
GO_Biological_Process_2023,Protein Acylation (GO:0043543),1/37,0.3107825442509396,0.413421540424343,0,0,2.758793969849246,3.2240971983470845,GLUL
GO_Biological_Process_2023,Regulation Of Protein Ubiquitination (GO:0031396),2/113,0.3122988478346994,0.4148394232096423,0,0,1.7917007917007917,2.0851718925161022,DNAJB2;PARK7
GO_Biological_Process_2023,Endomembrane System Organization (GO:0010256),3/196,0.3123712102933349,0.4148394232096423,0,0,1.547066095052734,1.8001089005066375,TMED10;CAV2;ANK3
GO_Biological_Process_2023,Negative Regulation Of Canonical Wnt Signaling Pathway (GO:0090090),2/114,0.3159765270928876,0.4177050819008244,0,0,1.7756132756132756,2.045661592448686,SOX2;SFRP5
GO_Biological_Process_2023,Inorganic Cation Transmembrane Transport (GO:0098662),4/284,0.3165136312859664,0.4177050819008244,0,0,1.4227405247813412,1.6367050061567536,KCNK12;ATP1A2;ATP1A1;CLU
GO_Biological_Process_2023,Regulation Of Intracellular Transport (GO:0032386),1/38,0.3176874819497763,0.4177050819008244,0,0,2.684096156457965,3.07781854672427,CRYAB
GO_Biological_Process_2023,Calcium-Dependent Cell-Cell Adhesion Via Plasma Membrane Cell Adhesion Molecules (GO:0016339),1/38,0.3176874819497763,0.4177050819008244,0,0,2.684096156457965,3.07781854672427,CDH7
GO_Biological_Process_2023,Regulation Of Protein Import Into Nucleus (GO:0042306),1/38,0.3176874819497763,0.4177050819008244,0,0,2.684096156457965,3.07781854672427,RAN
GO_Biological_Process_2023,Response To Transforming Growth Factor Beta (GO:0071559),1/38,0.3176874819497763,0.4177050819008244,0,0,2.684096156457965,3.07781854672427,ZFP36L2
GO_Biological_Process_2023,Fatty Acid Transport (GO:0015908),1/38,0.3176874819497763,0.4177050819008244,0,0,2.684096156457965,3.07781854672427,PMP2
GO_Biological_Process_2023,Lymphocyte Proliferation (GO:0046651),1/38,0.3176874819497763,0.4177050819008244,0,0,2.684096156457965,3.07781854672427,EMP2
GO_Biological_Process_2023,Membrane Assembly (GO:0071709),1/38,0.3176874819497763,0.4177050819008244,0,0,2.684096156457965,3.07781854672427,EMP2
GO_Biological_Process_2023,Negative Regulation Of Epithelial Cell Apoptotic Process (GO:1904036),1/38,0.3176874819497763,0.4177050819008244,0,0,2.684096156457965,3.07781854672427,SEMA5A
GO_Biological_Process_2023,Positive Regulation Of Bone Mineralization (GO:0030501),1/38,0.3176874819497763,0.4177050819008244,0,0,2.684096156457965,3.07781854672427,GPM6B
GO_Biological_Process_2023,Positive Regulation Of Protein Tyrosine Kinase Activity (GO:0061098),1/38,0.3176874819497763,0.4177050819008244,0,0,2.684096156457965,3.07781854672427,NEDD9
GO_Biological_Process_2023,DNA-templated Transcription (GO:0006351),3/199,0.3205706039021544,0.4211111439354649,0,0,1.5231534238060709,1.732819656735889,NR4A2;POLR2F;ZFP36L2
GO_Biological_Process_2023,Positive Regulation Of Nucleic Acid-Templated Transcription (GO:1903508),7/557,0.3236460097569136,0.4211111439354649,0,0,1.2694300518134716,1.432050290791373,SOX2;MORF4L1;EGR2;FGF7;TMEM98;FOS;MT3
GO_Biological_Process_2023,RNA Transport (GO:0050658),1/39,0.3245235847719431,0.4211111439354649,0,0,2.6133298069293835,2.941033694945818,YBX1
GO_Biological_Process_2023,Regulation Of Mitochondrial Membrane Potential (GO:0051881),1/39,0.3245235847719431,0.4211111439354649,0,0,2.6133298069293835,2.941033694945818,PARK7
GO_Biological_Process_2023,Regulation Of Nitric Oxide Biosynthetic Process (GO:0045428),1/39,0.3245235847719431,0.4211111439354649,0,0,2.6133298069293835,2.941033694945818,CLU
GO_Biological_Process_2023,Regulation Of Protein Tyrosine Kinase Activity (GO:0061097),1/39,0.3245235847719431,0.4211111439354649,0,0,2.6133298069293835,2.941033694945818,NEDD9
GO_Biological_Process_2023,Release Of Sequestered Calcium Ion Into Cytosol (GO:0051209),1/39,0.3245235847719431,0.4211111439354649,0,0,2.6133298069293835,2.941033694945818,CLU
GO_Biological_Process_2023,Heterochromatin Organization (GO:0070828),1/39,0.3245235847719431,0.4211111439354649,0,0,2.6133298069293835,2.941033694945818,HMGB1
GO_Biological_Process_2023,Histone H4 Acetylation (GO:0043967),1/39,0.3245235847719431,0.4211111439354649,0,0,2.6133298069293835,2.941033694945818,MORF4L1
GO_Biological_Process_2023,Internal Peptidyl-Lysine Acetylation (GO:0018393),1/39,0.3245235847719431,0.4211111439354649,0,0,2.6133298069293835,2.941033694945818,MORF4L1
GO_Biological_Process_2023,Negative Regulation Of Mitochondrion Organization (GO:0010823),1/39,0.3245235847719431,0.4211111439354649,0,0,2.6133298069293835,2.941033694945818,CLU
GO_Biological_Process_2023,Negative Regulation Of Ubiquitin-Dependent Protein Catabolic Process (GO:2000059),1/39,0.3245235847719431,0.4211111439354649,0,0,2.6133298069293835,2.941033694945818,PARK7
GO_Biological_Process_2023,Odontogenesis (GO:0042476),1/39,0.3245235847719431,0.4211111439354649,0,0,2.6133298069293835,2.941033694945818,LAMB1
GO_Biological_Process_2023,Positive Regulation Of Intracellular Transport (GO:0032388),1/39,0.3245235847719431,0.4211111439354649,0,0,2.6133298069293835,2.941033694945818,VAMP2
GO_Biological_Process_2023,Positive Regulation Of Intrinsic Apoptotic Signaling Pathway (GO:2001244),1/39,0.3245235847719431,0.4211111439354649,0,0,2.6133298069293835,2.941033694945818,FIS1
GO_Biological_Process_2023,Positive Regulation Of Pattern Recognition Receptor Signaling Pathway (GO:0062208),1/39,0.3245235847719431,0.4211111439354649,0,0,2.6133298069293835,2.941033694945818,HMGB1
GO_Biological_Process_2023,Organic Substance Transport (GO:0071702),3/201,0.326038502491712,0.4227312936718521,0,0,1.5076142131979695,1.68964324994727,RAMP1;CLU;VAMP2
GO_Biological_Process_2023,Cellular Response To Molecule Of Bacterial Origin (GO:0071219),2/117,0.3269820795650746,0.4236086206283864,0,0,1.7290294246815987,1.932795390467605,HMGB1;VIM
GO_Biological_Process_2023,Regulation Of Translation (GO:0006417),3/202,0.3287725222024483,0.4253718986598457,0,0,1.4999617376221208,1.6685412211987425,VIM;YBX1;EIF1
GO_Biological_Process_2023,Positive Regulation Of Cell Projection Organization (GO:0031346),2/118,0.3306405252999629,0.4253718986598457,0,0,1.7140369209334727,1.8969649746192256,NEDD9;ITGA6
GO_Biological_Process_2023,Regulation Of Microtubule Cytoskeleton Organization (GO:0070507),1/40,0.3312915354401823,0.4253718986598457,0,0,2.54619250096637,2.8129227654318845,STMN1
GO_Biological_Process_2023,Retinoid Metabolic Process (GO:0001523),1/40,0.3312915354401823,0.4253718986598457,0,0,2.54619250096637,2.8129227654318845,ALDH1A1
GO_Biological_Process_2023,Negative Regulation Of Cell-Cell Adhesion (GO:0022408),1/40,0.3312915354401823,0.4253718986598457,0,0,2.54619250096637,2.8129227654318845,RGCC
GO_Biological_Process_2023,Negative Regulation Of Secretion By Cell (GO:1903531),1/40,0.3312915354401823,0.4253718986598457,0,0,2.54619250096637,2.8129227654318845,SNCA
GO_Biological_Process_2023,Nucleic Acid-Templated Transcription (GO:0097659),1/40,0.3312915354401823,0.4253718986598457,0,0,2.54619250096637,2.8129227654318845,NR4A2
GO_Biological_Process_2023,Positive Regulation Of Cell Cycle G1/S Phase Transition (GO:1902808),1/40,0.3312915354401823,0.4253718986598457,0,0,2.54619250096637,2.8129227654318845,RGCC
GO_Biological_Process_2023,Positive Regulation Of Myeloid Leukocyte Differentiation (GO:0002763),1/40,0.3312915354401823,0.4253718986598457,0,0,2.54619250096637,2.8129227654318845,NEDD9
GO_Biological_Process_2023,Positive Regulation Of Wound Healing (GO:0090303),1/40,0.3312915354401823,0.4253718986598457,0,0,2.54619250096637,2.8129227654318845,ITGB1
GO_Biological_Process_2023,Protein Deacetylation (GO:0006476),1/40,0.3312915354401823,0.4253718986598457,0,0,2.54619250096637,2.8129227654318845,MORF4L1
GO_Biological_Process_2023,Negative Regulation Of Programmed Cell Death (GO:0043069),5/381,0.3335277557115174,0.4278969671092789,0,0,1.3246044735406437,1.454454379228817,HNRNPK;SERPINB9;CRYAB;MT3;SNCA
GO_Biological_Process_2023,Regulation Of Protein Kinase Activity (GO:0045859),2/119,0.3342934948533607,0.4285329372635569,0,0,1.6993006993006994,1.8619848571697335,PARK7;SNCA
GO_Biological_Process_2023,Regulation Of Heart Rate By Cardiac Conduction (GO:0086091),1/41,0.3379920100397979,0.4294582225245471,0,0,2.4824120603015074,2.6927543377926204,YWHAE
GO_Biological_Process_2023,Acylglycerol Metabolic Process (GO:0006639),1/41,0.3379920100397979,0.4294582225245471,0,0,2.4824120603015074,2.6927543377926204,PLAAT3
GO_Biological_Process_2023,Regulation Of Release Of Cytochrome C From Mitochondria (GO:0090199),1/41,0.3379920100397979,0.4294582225245471,0,0,2.4824120603015074,2.6927543377926204,CLU
GO_Biological_Process_2023,Double-Strand Break Repair Via Nonhomologous End Joining (GO:0006303),1/41,0.3379920100397979,0.4294582225245471,0,0,2.4824120603015074,2.6927543377926204,HMGB1
GO_Biological_Process_2023,Stem Cell Differentiation (GO:0048863),1/41,0.3379920100397979,0.4294582225245471,0,0,2.4824120603015074,2.6927543377926204,GPM6A
GO_Biological_Process_2023,Visual System Development (GO:0150063),1/41,0.3379920100397979,0.4294582225245471,0,0,2.4824120603015074,2.6927543377926204,SOX2
GO_Biological_Process_2023,Lymphocyte Migration (GO:0072676),1/41,0.3379920100397979,0.4294582225245471,0,0,2.4824120603015074,2.6927543377926204,NEDD9
GO_Biological_Process_2023,Negative Regulation Of mRNA Catabolic Process (GO:1902373),1/41,0.3379920100397979,0.4294582225245471,0,0,2.4824120603015074,2.6927543377926204,YBX1
GO_Biological_Process_2023,Non-Canonical Wnt Signaling Pathway (GO:0035567),1/41,0.3379920100397979,0.4294582225245471,0,0,2.4824120603015074,2.6927543377926204,SFRP5
GO_Biological_Process_2023,Positive Regulation Of Ossification (GO:0045778),1/41,0.3379920100397979,0.4294582225245471,0,0,2.4824120603015074,2.6927543377926204,GPM6B
GO_Biological_Process_2023,Regulation Of Amide Metabolic Process (GO:0034248),1/41,0.3379920100397979,0.4294582225245471,0,0,2.4824120603015074,2.6927543377926204,TMED10
GO_Biological_Process_2023,Regulation Of Gene Expression (GO:0010468),13/1127,0.3382898301288355,0.4294927683315696,0,0,1.166092224387715,1.2638716989998329,ANK3;PARK7;YBX1;FGF1;LITAF;CLU;MT3;SOX2;FGF7;RGCC;TMEM98;HNRNPDL;CLDN19
GO_Biological_Process_2023,DNA Recombination (GO:0006310),1/42,0.344625677945044,0.4347543329879053,0,0,2.4217428606446867,2.579874053958348,HMGB1
GO_Biological_Process_2023,Regulation Of Osteoclast Differentiation (GO:0045670),1/42,0.344625677945044,0.4347543329879053,0,0,2.4217428606446867,2.579874053958348,NEDD9
GO_Biological_Process_2023,Regulation Of Ubiquitin-Dependent Protein Catabolic Process (GO:2000058),1/42,0.344625677945044,0.4347543329879053,0,0,2.4217428606446867,2.579874053958348,CLU
GO_Biological_Process_2023,Collagen Fibril Organization (GO:0030199),1/42,0.344625677945044,0.4347543329879053,0,0,2.4217428606446867,2.579874053958348,COL18A1
GO_Biological_Process_2023,Monoatomic Cation Transport (GO:0006812),1/42,0.344625677945044,0.4347543329879053,0,0,2.4217428606446867,2.579874053958348,ATP1A2
GO_Biological_Process_2023,Negative Regulation Of I-kappaB kinase/NF-kappaB Signaling (GO:0043124),1/42,0.344625677945044,0.4347543329879053,0,0,2.4217428606446867,2.579874053958348,OTUD7B
GO_Biological_Process_2023,Positive Regulation Of Calcium Ion Transmembrane Transport (GO:1904427),1/42,0.344625677945044,0.4347543329879053,0,0,2.4217428606446867,2.579874053958348,SNCA
GO_Biological_Process_2023,Positive Regulation Of Neuron Differentiation (GO:0045666),1/42,0.344625677945044,0.4347543329879053,0,0,2.4217428606446867,2.579874053958348,KCTD11
GO_Biological_Process_2023,Positive Regulation Of Macromolecule Biosynthetic Process (GO:0010557),2/122,0.3452170182416795,0.4348090539282107,0,0,1.6565656565656566,1.7618934494773038,RGCC;VIM
GO_Biological_Process_2023,Potassium Ion Transport (GO:0006813),2/122,0.3452170182416795,0.4348090539282107,0,0,1.6565656565656566,1.7618934494773038,KCNK12;ATP1A2
GO_Biological_Process_2023,Modulation Of Chemical Synaptic Transmission (GO:0050804),2/123,0.3488455825927885,0.437819019230784,0,0,1.642791551882461,1.73006635039327,ITGB1;ATP1A2
GO_Biological_Process_2023,Organonitrogen Compound Biosynthetic Process (GO:1901566),2/123,0.3488455825927885,0.437819019230784,0,0,1.642791551882461,1.73006635039327,SLC44A1;DMD
GO_Biological_Process_2023,SCF-dependent Proteasomal Ubiquitin-Dependent Protein Catabolic Process (GO:0031146),1/43,0.3511932019412653,0.437819019230784,0,0,2.363962670495334,2.473694919601735,SKP1
GO_Biological_Process_2023,Glycolipid Biosynthetic Process (GO:0009247),1/43,0.3511932019412653,0.437819019230784,0,0,2.363962670495334,2.473694919601735,SCCPDH
GO_Biological_Process_2023,Intracellular Steroid Hormone Receptor Signaling Pathway (GO:0030518),1/43,0.3511932019412653,0.437819019230784,0,0,2.363962670495334,2.473694919601735,DDX17
GO_Biological_Process_2023,mRNA Catabolic Process (GO:0006402),1/43,0.3511932019412653,0.437819019230784,0,0,2.363962670495334,2.473694919601735,ZFP36L2
GO_Biological_Process_2023,mRNA Destabilization (GO:0061157),1/43,0.3511932019412653,0.437819019230784,0,0,2.363962670495334,2.473694919601735,ZFP36L2
GO_Biological_Process_2023,Positive Regulation Of Biomineral Tissue Development (GO:0070169),1/43,0.3511932019412653,0.437819019230784,0,0,2.363962670495334,2.473694919601735,GPM6B
GO_Biological_Process_2023,Positive Regulation Of Cell Division (GO:0051781),1/43,0.3511932019412653,0.437819019230784,0,0,2.363962670495334,2.473694919601735,FGF1
GO_Biological_Process_2023,Positive Regulation Of Cell-Matrix Adhesion (GO:0001954),1/43,0.3511932019412653,0.437819019230784,0,0,2.363962670495334,2.473694919601735,EMP2
GO_Biological_Process_2023,Positive Regulation Of miRNA Transcription (GO:1902895),1/43,0.3511932019412653,0.437819019230784,0,0,2.363962670495334,2.473694919601735,FOS
GO_Biological_Process_2023,Regulation Of Cell-Cell Adhesion (GO:0022407),1/43,0.3511932019412653,0.437819019230784,0,0,2.363962670495334,2.473694919601735,MAGI1
GO_Biological_Process_2023,Regulation Of Cellular Component Size (GO:0032535),1/43,0.3511932019412653,0.437819019230784,0,0,2.363962670495334,2.473694919601735,BLOC1S1
GO_Biological_Process_2023,Cellular Response To Lipopolysaccharide (GO:0071222),2/124,0.3524674479014492,0.4383744826172413,0,0,1.6292432521940718,1.698969987670421,HMGB1;VIM
GO_Biological_Process_2023,Enzyme-Linked Receptor Protein Signaling Pathway (GO:0007167),2/124,0.3524674479014492,0.4383744826172413,0,0,1.6292432521940718,1.698969987670421,SHC4;NEDD9
GO_Biological_Process_2023,Positive Regulation Of Defense Response (GO:0031349),2/124,0.3524674479014492,0.4383744826172413,0,0,1.6292432521940718,1.698969987670421,LGALS1;SNCA
GO_Biological_Process_2023,"mRNA Splicing, Via Spliceosome (GO:0000398)",3/211,0.353356509891824,0.439136085511609,0,0,1.4344006247559546,1.492175109976321,DDX17;HNRNPK;PUF60
GO_Biological_Process_2023,Positive Regulation Of Cell Population Proliferation (GO:0008284),6/483,0.3536885175944971,0.4392047554166408,0,0,1.2528690916164171,1.3021552665274194,FGF7;S100A6;EMP2;LAMB1;FGF1;S100B
GO_Biological_Process_2023,Regulation Of Mitotic Cell Cycle (GO:0007346),2/125,0.3560823858036039,0.441486520523687,0,0,1.6159152500615914,1.668583024830908,YWHAE;CAV2
GO_Biological_Process_2023,Response To Cytokine (GO:0034097),2/125,0.3560823858036039,0.441486520523687,0,0,1.6159152500615914,1.668583024830908,TIMP3;SNCA
GO_Biological_Process_2023,Bone Development (GO:0060348),1/44,0.3576952382847675,0.4417605783330164,0,0,2.308869931050602,2.373689018141451,SBDS
GO_Biological_Process_2023,Cellular Response To Ketone (GO:1901655),1/44,0.3576952382847675,0.4417605783330164,0,0,2.308869931050602,2.373689018141451,GNG2
GO_Biological_Process_2023,Response To Unfolded Protein (GO:0006986),1/44,0.3576952382847675,0.4417605783330164,0,0,2.308869931050602,2.373689018141451,DNAJB2
GO_Biological_Process_2023,Establishment Of Protein Localization To Mitochondrion (GO:0072655),1/44,0.3576952382847675,0.4417605783330164,0,0,2.308869931050602,2.373689018141451,FIS1
GO_Biological_Process_2023,Positive Regulation Of Chemotaxis (GO:0050921),1/44,0.3576952382847675,0.4417605783330164,0,0,2.308869931050602,2.373689018141451,SEMA5A
GO_Biological_Process_2023,Regulation Of GTPase Activity (GO:0043087),3/214,0.3615321644905319,0.4458936550986098,0,0,1.4137897851661174,1.43839575902822,ITGB1;CAV2;ITGA6
GO_Biological_Process_2023,Regulation Of Tumor Necrosis Factor Production (GO:0032680),2/127,0.3632905914777368,0.4458936550986098,0,0,1.58989898989899,1.6098557795920132,HMGB1;CLU
GO_Biological_Process_2023,Cytosolic Transport (GO:0016482),2/127,0.3632905914777368,0.4458936550986098,0,0,1.58989898989899,1.6098557795920132,RHOBTB3;EMP2
GO_Biological_Process_2023,Regulation Of Protein Modification Process (GO:0031399),1/45,0.3641324366778817,0.4458936550986098,0,0,2.256281407035176,2.279380404926681,CADM4
GO_Biological_Process_2023,Regulation Of Stem Cell Differentiation (GO:2000736),1/45,0.3641324366778817,0.4458936550986098,0,0,2.256281407035176,2.279380404926681,ZFP36L2
GO_Biological_Process_2023,Hexose Metabolic Process (GO:0019318),1/45,0.3641324366778817,0.4458936550986098,0,0,2.256281407035176,2.279380404926681,APOD
GO_Biological_Process_2023,Zymogen Activation (GO:0031638),1/45,0.3641324366778817,0.4458936550986098,0,0,2.256281407035176,2.279380404926681,PLAT
GO_Biological_Process_2023,Mitotic Nuclear Division (GO:0140014),1/45,0.3641324366778817,0.4458936550986098,0,0,2.256281407035176,2.279380404926681,RAN
GO_Biological_Process_2023,Organic Hydroxy Compound Transport (GO:0015850),1/45,0.3641324366778817,0.4458936550986098,0,0,2.256281407035176,2.279380404926681,SLC44A1
GO_Biological_Process_2023,Positive Regulation Of mRNA Catabolic Process (GO:0061014),1/45,0.3641324366778817,0.4458936550986098,0,0,2.256281407035176,2.279380404926681,ZFP36L2
GO_Biological_Process_2023,Regulation Of Apoptotic Signaling Pathway (GO:2001233),1/45,0.3641324366778817,0.4458936550986098,0,0,2.256281407035176,2.279380404926681,NR4A2
GO_Biological_Process_2023,Protein Targeting (GO:0006605),2/129,0.3704684745885532,0.4495352707107009,0,0,1.5647021395052891,1.5537287687021244,FIS1;SPCS2
GO_Biological_Process_2023,Regulation Of DNA Repair (GO:0006282),2/129,0.3704684745885532,0.4495352707107009,0,0,1.5647021395052891,1.5537287687021244,MORF4L1;TMEM98
GO_Biological_Process_2023,T Cell Differentiation (GO:0030217),1/46,0.3705054405101429,0.4495352707107009,0,0,2.2060301507537687,2.1903389894516705,ZFP36L2
GO_Biological_Process_2023,Regulation Of Interleukin-10 Production (GO:0032653),1/46,0.3705054405101429,0.4495352707107009,0,0,2.2060301507537687,2.1903389894516705,HMGB1
GO_Biological_Process_2023,Cardiac Conduction (GO:0061337),1/46,0.3705054405101429,0.4495352707107009,0,0,2.2060301507537687,2.1903389894516705,YWHAE
GO_Biological_Process_2023,Cellular Component Disassembly (GO:0022411),1/46,0.3705054405101429,0.4495352707107009,0,0,2.2060301507537687,2.1903389894516705,PLAAT3
GO_Biological_Process_2023,Response To Glucose (GO:0009749),1/46,0.3705054405101429,0.4495352707107009,0,0,2.2060301507537687,2.1903389894516705,VAMP2
GO_Biological_Process_2023,Response To Hydrogen Peroxide (GO:0042542),1/46,0.3705054405101429,0.4495352707107009,0,0,2.2060301507537687,2.1903389894516705,CLU
GO_Biological_Process_2023,Intracellular Protein Transmembrane Transport (GO:0065002),1/46,0.3705054405101429,0.4495352707107009,0,0,2.2060301507537687,2.1903389894516705,SEC62
GO_Biological_Process_2023,Negative Regulation Of Cold-Induced Thermogenesis (GO:0120163),1/46,0.3705054405101429,0.4495352707107009,0,0,2.2060301507537687,2.1903389894516705,ALDH1A1
GO_Biological_Process_2023,Positive Regulation Of Blood Vessel Endothelial Cell Migration (GO:0043536),1/46,0.3705054405101429,0.4495352707107009,0,0,2.2060301507537687,2.1903389894516705,HMGB1
GO_Biological_Process_2023,Protein Sumoylation (GO:0016925),1/46,0.3705054405101429,0.4495352707107009,0,0,2.2060301507537687,2.1903389894516705,EGR2
GO_Biological_Process_2023,Transmembrane Receptor Protein Serine/Threonine Kinase Signaling Pathway (GO:0007178),2/130,0.3740455278662269,0.4527919547854326,0,0,1.5523989898989898,1.5265946362115397,ITGB1;FOS
GO_Biological_Process_2023,Positive Regulation Of Peptidyl-Tyrosine Phosphorylation (GO:0050731),2/130,0.3740455278662269,0.4527919547854326,0,0,1.5523989898989898,1.5265946362115397,FGF7;NEDD9
GO_Biological_Process_2023,Regulation Of Cell Cycle Process (GO:0010564),2/130,0.3740455278662269,0.4527919547854326,0,0,1.5523989898989898,1.5265946362115397,CAV2;CALM2
GO_Biological_Process_2023,Bicellular Tight Junction Assembly (GO:0070830),1/47,0.376814886705751,0.4544112653510841,0,0,2.1579637317019884,2.1061752538856453,CLDN19
GO_Biological_Process_2023,Response To Organonitrogen Compound (GO:0010243),1/47,0.376814886705751,0.4544112653510841,0,0,2.1579637317019884,2.1061752538856453,CLU
GO_Biological_Process_2023,Secondary Alcohol Metabolic Process (GO:1902652),1/47,0.376814886705751,0.4544112653510841,0,0,2.1579637317019884,2.1061752538856453,OSBPL1A
GO_Biological_Process_2023,Epithelial To Mesenchymal Transition (GO:0001837),1/47,0.376814886705751,0.4544112653510841,0,0,2.1579637317019884,2.1061752538856453,DDX17
GO_Biological_Process_2023,Insulin Receptor Signaling Pathway (GO:0008286),1/47,0.376814886705751,0.4544112653510841,0,0,2.1579637317019884,2.1061752538856453,CAV2
GO_Biological_Process_2023,Regulation Of Intrinsic Apoptotic Signaling Pathway (GO:2001242),1/48,0.3830614060395898,0.4598475426511566,0,0,2.111942692184326,2.026535673888961,FIS1
GO_Biological_Process_2023,Cellular Defense Response (GO:0006968),1/48,0.3830614060395898,0.4598475426511566,0,0,2.111942692184326,2.026535673888961,ITGB1
GO_Biological_Process_2023,Cytoplasmic Microtubule Organization (GO:0031122),1/48,0.3830614060395898,0.4598475426511566,0,0,2.111942692184326,2.026535673888961,TBCB
GO_Biological_Process_2023,"Retrograde Vesicle-Mediated Transport, Golgi To Endoplasmic Reticulum (GO:0006890)",1/48,0.3830614060395898,0.4598475426511566,0,0,2.111942692184326,2.026535673888961,TMED10
GO_Biological_Process_2023,Negative Regulation Of ERK1 And ERK2 Cascade (GO:0070373),1/48,0.3830614060395898,0.4598475426511566,0,0,2.111942692184326,2.026535673888961,TIMP3
GO_Biological_Process_2023,Regulation Of DNA Binding (GO:0051101),1/48,0.3830614060395898,0.4598475426511566,0,0,2.111942692184326,2.026535673888961,HMGB1
GO_Biological_Process_2023,Heterophilic Cell-Cell Adhesion Via Plasma Membrane Cell Adhesion Molecules (GO:0007157),1/49,0.3892456229672477,0.4665655616684457,0,0,2.0678391959799,1.9510987409424116,CADM3
GO_Biological_Process_2023,Positive Regulation Of miRNA Metabolic Process (GO:2000630),1/49,0.3892456229672477,0.4665655616684457,0,0,2.0678391959799,1.9510987409424116,FOS
GO_Biological_Process_2023,Regulation Of Interleukin-12 Production (GO:0032655),1/50,0.3953681557510544,0.4721213417433584,0,0,2.025535842477695,1.8795714928238212,HMGB1
GO_Biological_Process_2023,Regulation Of Mitochondrion Organization (GO:0010821),1/50,0.3953681557510544,0.4721213417433584,0,0,2.025535842477695,1.8795714928238212,FIS1
GO_Biological_Process_2023,Ribosome Assembly (GO:0042255),1/50,0.3953681557510544,0.4721213417433584,0,0,2.025535842477695,1.8795714928238212,SBDS
GO_Biological_Process_2023,Steroid Biosynthetic Process (GO:0006694),1/50,0.3953681557510544,0.4721213417433584,0,0,2.025535842477695,1.8795714928238212,OSBPL1A
GO_Biological_Process_2023,Positive Regulation Of Transport (GO:0051050),1/50,0.3953681557510544,0.4721213417433584,0,0,2.025535842477695,1.8795714928238212,SNCA
GO_Biological_Process_2023,Positive Regulation Of Cytokine Production (GO:0001819),4/320,0.3980414990255422,0.4749562849274703,0,0,1.2583311805734951,1.1591734380794672,TMED10;RGCC;PARK7;HMGB1
GO_Biological_Process_2023,SMAD Protein Signal Transduction (GO:0060395),1/51,0.4014296166851454,0.4764912503211112,0,0,1.984924623115578,1.8116864795932897,FOS
GO_Biological_Process_2023,Amide Biosynthetic Process (GO:0043604),1/51,0.4014296166851454,0.4764912503211112,0,0,1.984924623115578,1.8116864795932897,DMD
GO_Biological_Process_2023,Regulation Of Substrate Adhesion-Dependent Cell Spreading (GO:1900024),1/51,0.4014296166851454,0.4764912503211112,0,0,1.984924623115578,1.8116864795932897,NEDD9
GO_Biological_Process_2023,Regulation Of Synapse Assembly (GO:0051963),1/51,0.4014296166851454,0.4764912503211112,0,0,1.984924623115578,1.8116864795932897,SNCA
GO_Biological_Process_2023,Cholesterol Transport (GO:0030301),1/51,0.4014296166851454,0.4764912503211112,0,0,1.984924623115578,1.8116864795932897,CLU
GO_Biological_Process_2023,"Negative Regulation Of Gene Expression, Epigenetic (GO:0045814)",1/51,0.4014296166851454,0.4764912503211112,0,0,1.984924623115578,1.8116864795932897,HMGB1
GO_Biological_Process_2023,Positive Regulation Of DNA Recombination (GO:0045911),1/51,0.4014296166851454,0.4764912503211112,0,0,1.984924623115578,1.8116864795932897,MORF4L1
GO_Biological_Process_2023,Intracellular Calcium Ion Homeostasis (GO:0006874),2/139,0.4058480895063414,0.4813758729794946,0,0,1.44975300449753,1.3073529773997317,YWHAE;CAV2
GO_Biological_Process_2023,Organelle Organization (GO:0006996),5/418,0.4068025836614005,0.4821476477002558,0,0,1.2036381697398646,1.0825849854272211,TMED10;CAV2;NEDD9;PLAAT3;PARK7
GO_Biological_Process_2023,Cellular Response To Ionizing Radiation (GO:0071479),1/52,0.4074306117999475,0.4821717978572086,0,0,1.9459060005911912,1.7471991060741807,CRYAB
GO_Biological_Process_2023,Negative Regulation Of Response To Stimulus (GO:0048585),1/52,0.4074306117999475,0.4821717978572086,0,0,1.9459060005911912,1.7471991060741807,CLU
GO_Biological_Process_2023,Actin Polymerization Or Depolymerization (GO:0008154),1/53,0.4133717413870322,0.4855817569068987,0,0,1.9083880943177425,1.6858852917962188,GAS7
GO_Biological_Process_2023,Regulation Of Proteasomal Protein Catabolic Process (GO:0061136),1/53,0.4133717413870322,0.4855817569068987,0,0,1.9083880943177425,1.6858852917962188,GABARAPL2
GO_Biological_Process_2023,Cellular Response To Alcohol (GO:0097306),1/53,0.4133717413870322,0.4855817569068987,0,0,1.9083880943177425,1.6858852917962188,GNG2
GO_Biological_Process_2023,Tight Junction Assembly (GO:0120192),1/53,0.4133717413870322,0.4855817569068987,0,0,1.9083880943177425,1.6858852917962188,CLDN19
GO_Biological_Process_2023,Glycoprotein Metabolic Process (GO:0009100),1/53,0.4133717413870322,0.4855817569068987,0,0,1.9083880943177425,1.6858852917962188,PARK7
GO_Biological_Process_2023,mRNA Stabilization (GO:0048255),1/53,0.4133717413870322,0.4855817569068987,0,0,1.9083880943177425,1.6858852917962188,YBX1
GO_Biological_Process_2023,Mitochondrial Transport (GO:0006839),1/53,0.4133717413870322,0.4855817569068987,0,0,1.9083880943177425,1.6858852917962188,FIS1
GO_Biological_Process_2023,Negative Regulation Of Metabolic Process (GO:0009892),1/53,0.4133717413870322,0.4855817569068987,0,0,1.9083880943177425,1.6858852917962188,ALDH1A1
GO_Biological_Process_2023,Positive Regulation Of Chemokine Production (GO:0032722),1/53,0.4133717413870322,0.4855817569068987,0,0,1.9083880943177425,1.6858852917962188,HMGB1
GO_Biological_Process_2023,Protein Homotetramerization (GO:0051289),1/53,0.4133717413870322,0.4855817569068987,0,0,1.9083880943177425,1.6858852917962188,CLU
GO_Biological_Process_2023,Apical Junction Assembly (GO:0043297),1/54,0.4192535996279672,0.4903135317683007,0,0,1.8722859580923483,1.627539412897697,CLDN19
GO_Biological_Process_2023,Regulation Of Smooth Muscle Cell Proliferation (GO:0048660),1/54,0.4192535996279672,0.4903135317683007,0,0,1.8722859580923483,1.627539412897697,APOD
GO_Biological_Process_2023,Endoplasmic Reticulum Organization (GO:0007029),1/54,0.4192535996279672,0.4903135317683007,0,0,1.8722859580923483,1.627539412897697,CAV2
GO_Biological_Process_2023,Mesenchymal Cell Differentiation (GO:0048762),1/54,0.4192535996279672,0.4903135317683007,0,0,1.8722859580923483,1.627539412897697,DDX17
GO_Biological_Process_2023,Negative Regulation Of Protein Modification By Small Protein Conjugation Or Removal (GO:1903321),1/54,0.4192535996279672,0.4903135317683007,0,0,1.8722859580923483,1.627539412897697,PARK7
GO_Biological_Process_2023,Negative Regulation Of Protein Ubiquitination (GO:0031397),1/54,0.4192535996279672,0.4903135317683007,0,0,1.8722859580923483,1.627539412897697,PARK7
GO_Biological_Process_2023,Regulation Of Cell Adhesion (GO:0030155),2/144,0.4231821267362764,0.4945434721137486,0,0,1.398349694124342,1.2025145012328535,SEMA5A;LAMB1
GO_Biological_Process_2023,"Regulation Of Synaptic Transmission, Glutamatergic (GO:0051966)",1/55,0.4250767749174149,0.4963920837335817,0,0,1.8375209380234503,1.5719724807707876,ATP1A2
GO_Biological_Process_2023,Cellular Response To Peptide (GO:1901653),1/56,0.4308418497249187,0.5023850224198722,0,0,1.8040201005025125,1.5190105312629705,VIM
GO_Biological_Process_2023,Positive Regulation Of Cellular Metabolic Process (GO:0031325),1/56,0.4308418497249187,0.5023850224198722,0,0,1.8040201005025125,1.5190105312629705,MT3
GO_Biological_Process_2023,RNA Catabolic Process (GO:0006401),1/57,0.4365494010474847,0.5071770859900133,0,0,1.7717157214644652,1.4684931926330618,ZFP36L2
GO_Biological_Process_2023,Signal Transduction In Response To DNA Damage (GO:0042770),1/57,0.4365494010474847,0.5071770859900133,0,0,1.7717157214644652,1.4684931926330618,NDRG1
GO_Biological_Process_2023,Membrane Lipid Biosynthetic Process (GO:0046467),1/57,0.4365494010474847,0.5071770859900133,0,0,1.7717157214644652,1.4684931926330618,SCCPDH
GO_Biological_Process_2023,Monoatomic Anion Transport (GO:0006820),1/57,0.4365494010474847,0.5071770859900133,0,0,1.7717157214644652,1.4684931926330618,FXYD1
GO_Biological_Process_2023,Regulation Of Calcium Ion Transport (GO:0051924),1/57,0.4365494010474847,0.5071770859900133,0,0,1.7717157214644652,1.4684931926330618,SARAF
GO_Biological_Process_2023,Skeletal System Development (GO:0001501),2/149,0.4402536949587857,0.5111065207751229,0,0,1.3504432075860646,1.107909196685694,COL18A1;PRDX1
GO_Biological_Process_2023,Response To Organic Cyclic Compound (GO:0014070),1/58,0.4421999998339941,0.5118682711426321,0,0,1.740544829410209,1.4202724160163902,CLU
GO_Biological_Process_2023,Eye Development (GO:0001654),1/58,0.4421999998339941,0.5118682711426321,0,0,1.740544829410209,1.4202724160163902,SOX2
GO_Biological_Process_2023,Inorganic Anion Transport (GO:0015698),1/58,0.4421999998339941,0.5118682711426321,0,0,1.740544829410209,1.4202724160163902,FXYD1
GO_Biological_Process_2023,Regulation Of Bone Mineralization (GO:0030500),1/58,0.4421999998339941,0.5118682711426321,0,0,1.740544829410209,1.4202724160163902,GPM6B
GO_Biological_Process_2023,protein-RNA Complex Assembly (GO:0022618),2/150,0.4436350681034258,0.5131551407289626,0,0,1.3412503412503411,1.0901052026516995,PUF60;CELF2
GO_Biological_Process_2023,Positive Regulation Of DNA-binding Transcription Factor Activity (GO:0051091),3/246,0.4472051347111335,0.5149633433339266,0,0,1.2256063169768754,0.9862918234720636,RGCC;PARK7;CLU
GO_Biological_Process_2023,DNA-templated Transcription Initiation (GO:0006352),1/59,0.4477942115947188,0.5149633433339266,0,0,1.7104487957026513,1.3742113392020114,ZFP36L2
GO_Biological_Process_2023,Aerobic Respiration (GO:0009060),1/59,0.4477942115947188,0.5149633433339266,0,0,1.7104487957026513,1.3742113392020114,BLOC1S1
GO_Biological_Process_2023,Regulation Of miRNA Transcription (GO:1902893),1/59,0.4477942115947188,0.5149633433339266,0,0,1.7104487957026513,1.3742113392020114,FOS
GO_Biological_Process_2023,Glucose Metabolic Process (GO:0006006),1/59,0.4477942115947188,0.5149633433339266,0,0,1.7104487957026513,1.3742113392020114,APOD
GO_Biological_Process_2023,Mitotic Cytokinesis (GO:0000281),1/59,0.4477942115947188,0.5149633433339266,0,0,1.7104487957026513,1.3742113392020114,STMN1
GO_Biological_Process_2023,Positive Regulation Of Protein Binding (GO:0032092),1/59,0.4477942115947188,0.5149633433339266,0,0,1.7104487957026513,1.3742113392020114,RAN
GO_Biological_Process_2023,Protein Targeting To Mitochondrion (GO:0006626),1/59,0.4477942115947188,0.5149633433339266,0,0,1.7104487957026513,1.3742113392020114,FIS1
GO_Biological_Process_2023,Sterol Metabolic Process (GO:0016125),1/60,0.4533325962584122,0.5205780247916789,0,0,1.681372966527553,1.330183274831934,OSBPL1A
GO_Biological_Process_2023,protein-DNA Complex Organization (GO:0071824),1/60,0.4533325962584122,0.5205780247916789,0,0,1.681372966527553,1.330183274831934,SOX2
GO_Biological_Process_2023,Autophagosome Organization (GO:1905037),1/61,0.4588157080798082,0.5253539168273129,0,0,1.6532663316582914,1.288070804786777,GABARAPL2
GO_Biological_Process_2023,Fatty Acid Catabolic Process (GO:0009062),1/61,0.4588157080798082,0.5253539168273129,0,0,1.6532663316582914,1.288070804786777,LPIN1
GO_Biological_Process_2023,Negative Regulation Of Autophagy (GO:0010507),1/61,0.4588157080798082,0.5253539168273129,0,0,1.6532663316582914,1.288070804786777,SNCA
GO_Biological_Process_2023,Positive Regulation Of Cell Junction Assembly (GO:1901890),1/61,0.4588157080798082,0.5253539168273129,0,0,1.6532663316582914,1.288070804786777,CLDN19
GO_Biological_Process_2023,Cellular Response To Growth Factor Stimulus (GO:0071363),2/155,0.4603707970895622,0.5263749675656594,0,0,1.29708853238265,1.006181451159133,NR4A1;ZFP36L2
GO_Biological_Process_2023,Ribosome Biogenesis (GO:0042254),2/155,0.4603707970895622,0.5263749675656594,0,0,1.29708853238265,1.006181451159133,SBDS;GLUL
GO_Biological_Process_2023,Cell Junction Organization (GO:0034330),1/62,0.4642440960951576,0.5296587925974229,0,0,1.6260812258011368,1.2477649663473405,SNCA
GO_Biological_Process_2023,Positive Regulation Of Apoptotic Signaling Pathway (GO:2001235),1/62,0.4642440960951576,0.5296587925974229,0,0,1.6260812258011368,1.2477649663473405,FIS1
GO_Biological_Process_2023,Protein Lipidation (GO:0006497),1/62,0.4642440960951576,0.5296587925974229,0,0,1.6260812258011368,1.2477649663473405,GLUL
GO_Biological_Process_2023,Positive Regulation Of Mitotic Cell Cycle Phase Transition (GO:1901992),1/63,0.4696183035751055,0.535020996248164,0,0,1.5997730588426,1.2091645247691418,RGCC
GO_Biological_Process_2023,Protein Polymerization (GO:0051258),1/63,0.4696183035751055,0.535020996248164,0,0,1.5997730588426,1.2091645247691418,GAS7
GO_Biological_Process_2023,Peptide Biosynthetic Process (GO:0043043),2/158,0.470271536490919,0.5353808668659171,0,0,1.271950271950272,0.9596165405879008,DMD;MRPS6
GO_Biological_Process_2023,Regulation Of Secretion By Cell (GO:1903530),1/64,0.4749388686968527,0.5403067990121184,0,0,1.574300071787509,1.1721753146425786,VAMP2
GO_Biological_Process_2023,RNA Export From Nucleus (GO:0006405),1/65,0.4802063242660991,0.5439596264170588,0,0,1.5496231155778897,1.1367096495006708,RAN
GO_Biological_Process_2023,Autophagosome Assembly (GO:0000045),1/65,0.4802063242660991,0.5439596264170588,0,0,1.5496231155778897,1.1367096495006708,GABARAPL2
GO_Biological_Process_2023,Regulation Of Translational Initiation (GO:0006446),1/65,0.4802063242660991,0.5439596264170588,0,0,1.5496231155778897,1.1367096495006708,EIF1
GO_Biological_Process_2023,Positive Regulation Of DNA Biosynthetic Process (GO:2000573),1/65,0.4802063242660991,0.5439596264170588,0,0,1.5496231155778897,1.1367096495006708,RGCC
GO_Biological_Process_2023,Positive Regulation Of T Cell Proliferation (GO:0042102),1/65,0.4802063242660991,0.5439596264170588,0,0,1.5496231155778897,1.1367096495006708,HMGB1
GO_Biological_Process_2023,Positive Regulation Of Cell Cycle (GO:0045787),1/65,0.4802063242660991,0.5439596264170588,0,0,1.5496231155778897,1.1367096495006708,RGCC
GO_Biological_Process_2023,Regulation Of Endocytosis (GO:0030100),1/66,0.4854211976341649,0.549474636694308,0,0,1.525705450328566,1.1026857881843173,SNCA
GO_Biological_Process_2023,Nitrogen Compound Transport (GO:0071705),2/163,0.4865301078782612,0.5503373351409839,0,0,1.2321350147437105,0.8876996710994104,RAMP1;VAMP2
GO_Biological_Process_2023,Cholesterol Metabolic Process (GO:0008203),1/67,0.4905840112592053,0.5537388519689608,0,0,1.5025125628140703,1.0700274503610792,OSBPL1A
GO_Biological_Process_2023,Negative Regulation Of Cellular Catabolic Process (GO:0031330),1/67,0.4905840112592053,0.5537388519689608,0,0,1.5025125628140703,1.0700274503610792,TIMP3
GO_Biological_Process_2023,Protein Secretion (GO:0009306),1/67,0.4905840112592053,0.5537388519689608,0,0,1.5025125628140703,1.0700274503610792,PARK7
GO_Biological_Process_2023,B Cell Differentiation (GO:0030183),1/68,0.4956952821636893,0.5575254520154322,0,0,1.4800120003000077,1.0386633811930914,ITGB1
GO_Biological_Process_2023,Aerobic Electron Transport Chain (GO:0019646),1/68,0.4956952821636893,0.5575254520154322,0,0,1.4800120003000077,1.0386633811930914,COX7A2
GO_Biological_Process_2023,Cell-Cell Junction Organization (GO:0045216),1/68,0.4956952821636893,0.5575254520154322,0,0,1.4800120003000077,1.0386633811930914,CDH7
GO_Biological_Process_2023,Skin Development (GO:0043588),1/68,0.4956952821636893,0.5575254520154322,0,0,1.4800120003000077,1.0386633811930914,ITGA6
GO_Biological_Process_2023,Intermediate Filament Organization (GO:0045109),1/68,0.4956952821636893,0.5575254520154322,0,0,1.4800120003000077,1.0386633811930914,VIM
GO_Biological_Process_2023,Regulation Of Cytokine Production (GO:0001817),2/167,0.4993126955468189,0.5611963511563751,0,0,1.202020202020202,0.8348303583619261,RGCC;LITAF
GO_Biological_Process_2023,Cellular Response To Calcium Ion (GO:0071277),1/69,0.500755522308534,0.5616247448082287,0,0,1.4581732190363583,1.0085269537658983,CLU
GO_Biological_Process_2023,Response To Molecule Of Bacterial Origin (GO:0002237),1/69,0.500755522308534,0.5616247448082287,0,0,1.4581732190363583,1.0085269537658983,SNCA
GO_Biological_Process_2023,Phospholipid Metabolic Process (GO:0006644),1/69,0.500755522308534,0.5616247448082287,0,0,1.4581732190363583,1.0085269537658983,PLAAT3
GO_Biological_Process_2023,Double-Strand Break Repair (GO:0006302),2/168,0.5024765895852316,0.5631570251919227,0,0,1.1947182670074237,0.8222125520888384,MORF4L1;HMGB1
GO_Biological_Process_2023,Brain Development (GO:0007420),2/169,0.5056276520142977,0.5644510787179684,0,0,1.1875037803181516,0.8098238390721395,EGR2;APOD
GO_Biological_Process_2023,Sensory Organ Development (GO:0007423),1/70,0.5057652387756465,0.5644510787179684,0,0,1.4369674459252786,0.9795558086095748,SOX2
GO_Biological_Process_2023,Mitochondrial ATP Synthesis Coupled Electron Transport (GO:0042775),1/70,0.5057652387756465,0.5644510787179684,0,0,1.4369674459252786,0.9795558086095748,COX7A2
GO_Biological_Process_2023,Protein K48-linked Ubiquitination (GO:0070936),1/70,0.5057652387756465,0.5644510787179684,0,0,1.4369674459252786,0.9795558086095748,SKP1
GO_Biological_Process_2023,Regulation Of Notch Signaling Pathway (GO:0008593),1/70,0.5057652387756465,0.5644510787179684,0,0,1.4369674459252786,0.9795558086095748,TSPAN15
GO_Biological_Process_2023,Regulation Of Actin Filament Polymerization (GO:0030833),1/70,0.5057652387756465,0.5644510787179684,0,0,1.4369674459252786,0.9795558086095748,KANK4
GO_Biological_Process_2023,Regulation Of Double-Strand Break Repair Via Homologous Recombination (GO:0010569),1/71,0.5107249334696091,0.5687862943272068,0,0,1.416367552045944,0.9516915272016224,MORF4L1
GO_Biological_Process_2023,Negative Regulation Of Cellular Response To Growth Factor Stimulus (GO:0090288),1/71,0.5107249334696091,0.5687862943272068,0,0,1.416367552045944,0.9516915272016224,CADM4
GO_Biological_Process_2023,Protein Autoubiquitination (GO:0051865),1/71,0.5107249334696091,0.5687862943272068,0,0,1.416367552045944,0.9516915272016224,RNF13
GO_Biological_Process_2023,Negative Regulation Of Cell Adhesion (GO:0007162),1/72,0.5156351033007534,0.5730482555590305,0,0,1.396347936867436,0.9248793332622998,SEMA5A
GO_Biological_Process_2023,Plasma Membrane Organization (GO:0007009),1/72,0.5156351033007534,0.5730482555590305,0,0,1.396347936867436,0.9248793332622998,ANK3
GO_Biological_Process_2023,Protein Targeting To Membrane (GO:0006612),1/72,0.5156351033007534,0.5730482555590305,0,0,1.396347936867436,0.9248793332622998,SEC62
GO_Biological_Process_2023,Ubiquitin-Dependent ERAD Pathway (GO:0030433),1/73,0.5204962404113022,0.5776416318410744,0,0,1.3768844221105527,0.8990678202624621,DNAJB2
GO_Biological_Process_2023,Monocarboxylic Acid Transport (GO:0015718),1/73,0.5204962404113022,0.5776416318410744,0,0,1.3768844221105527,0.8990678202624621,PMP2
GO_Biological_Process_2023,Gland Development (GO:0048732),1/74,0.5253088319278648,0.581762118820322,0,0,1.3579541543333105,0.8742087038575203,SOX2
GO_Biological_Process_2023,Import Into Nucleus (GO:0051170),1/74,0.5253088319278648,0.581762118820322,0,0,1.3579541543333105,0.8742087038575203,RAN
GO_Biological_Process_2023,Regulation Of Cell Cycle G1/S Phase Transition (GO:1902806),1/74,0.5253088319278648,0.581762118820322,0,0,1.3579541543333105,0.8742087038575203,SOX2
GO_Biological_Process_2023,Regulation Of Fat Cell Differentiation (GO:0045598),1/75,0.5300733603880184,0.5862205037880037,0,0,1.3395355154149124,0.8502565938086776,ZFP36L2
GO_Biological_Process_2023,Regulation Of Plasma Membrane Bounded Cell Projection Assembly (GO:0120032),1/75,0.5300733603880184,0.5862205037880037,0,0,1.3395355154149124,0.8502565938086776,CLU
GO_Biological_Process_2023,Positive Regulation Of Interleukin-6 Production (GO:0032755),1/76,0.5347903032317255,0.5906139256985027,0,0,1.321608040201005,0.8271687875669174,HMGB1
GO_Biological_Process_2023,Positive Regulation Of Protein Secretion (GO:0050714),1/76,0.5347903032317255,0.5906139256985027,0,0,1.321608040201005,0.8271687875669174,TMED10
GO_Biological_Process_2023,Endosomal Transport (GO:0016197),2/180,0.5394267994620252,0.5932939929096074,0,0,1.1134944955169674,0.6873024571147923,BLOC1S1;RHOBTB3
GO_Biological_Process_2023,Chloride Transport (GO:0006821),1/77,0.5394601334395485,0.5932939929096074,0,0,1.3041523406506217,0.8049050782659102,FXYD1
GO_Biological_Process_2023,Embryonic Organ Development (GO:0048568),1/77,0.5394601334395485,0.5932939929096074,0,0,1.3041523406506217,0.8049050782659102,COL18A1
GO_Biological_Process_2023,Neutrophil Migration (GO:1990266),1/77,0.5394601334395485,0.5932939929096074,0,0,1.3041523406506217,0.8049050782659102,EMP2
GO_Biological_Process_2023,Positive Regulation Of JNK Cascade (GO:0046330),1/77,0.5394601334395485,0.5932939929096074,0,0,1.3041523406506217,0.8049050782659102,HMGB1
GO_Biological_Process_2023,Positive Regulation Of Synaptic Transmission (GO:0050806),1/77,0.5394601334395485,0.5932939929096074,0,0,1.3041523406506217,0.8049050782659102,VAMP2
GO_Biological_Process_2023,Positive Regulation Of Cell Differentiation (GO:0045597),3/283,0.5400399679961284,0.5935203803392353,0,0,1.0616388687454676,0.6540885819056664,RGCC;LAMB1;KCTD11
GO_Biological_Process_2023,Proteolysis Involved In Protein Catabolic Process (GO:0051603),1/78,0.544083319204552,0.597550330503546,0,0,1.2871500358937544,0.7834275809102157,OTUD7B
GO_Biological_Process_2023,Regulation Of Cyclin-Dependent Protein Serine/Threonine Kinase Activity (GO:0000079),1/79,0.5486603241296241,0.6009136883324455,0,0,1.2705836876691148,0.7627005714660321,RGCC
GO_Biological_Process_2023,Positive Regulation Of Catabolic Process (GO:0009896),1/79,0.5486603241296241,0.6009136883324455,0,0,1.2705836876691148,0.7627005714660321,CLU
GO_Biological_Process_2023,Positive Regulation Of Cytoskeleton Organization (GO:0051495),1/79,0.5486603241296241,0.6009136883324455,0,0,1.2705836876691148,0.7627005714660321,SEMA5A
GO_Biological_Process_2023,Protein Import Into Nucleus (GO:0006606),1/79,0.5486603241296241,0.6009136883324455,0,0,1.2705836876691148,0.7627005714660321,RAN
GO_Biological_Process_2023,DNA Metabolic Process (GO:0006259),3/288,0.5519006955697232,0.60379304039154,0,0,1.0427464600587764,0.6197950947098756,PARK7;HMGB1;RAN
GO_Biological_Process_2023,Regulation Of Cytokinesis (GO:0032465),1/80,0.5531916072648388,0.60379304039154,0,0,1.254436740665352,0.7426903392796255,CALM2
GO_Biological_Process_2023,Calcium Ion Transmembrane Transport (GO:0070588),1/80,0.5531916072648388,0.60379304039154,0,0,1.254436740665352,0.7426903392796255,CLU
GO_Biological_Process_2023,Response To Type II Interferon (GO:0034341),1/80,0.5531916072648388,0.60379304039154,0,0,1.254436740665352,0.7426903392796255,SNCA
GO_Biological_Process_2023,Wound Healing (GO:0042060),1/80,0.5531916072648388,0.60379304039154,0,0,1.254436740665352,0.7426903392796255,FGF1
GO_Biological_Process_2023,Negative Regulation Of Macromolecule Metabolic Process (GO:0010605),2/186,0.5571827441654297,0.6074360930694639,0,0,1.0768555116381204,0.6298118751293473,CLDN19;PARK7
GO_Biological_Process_2023,Histone Modification (GO:0016570),1/81,0.5576776229377498,0.6074360930694639,0,0,1.2386934673366834,0.7233650516865618,MORF4L1
GO_Biological_Process_2023,Macromolecule Modification (GO:0043412),1/81,0.5576776229377498,0.6074360930694639,0,0,1.2386934673366834,0.7233650516865618,PLAT
GO_Biological_Process_2023,Regulation Of Epithelial To Mesenchymal Transition (GO:0010717),1/83,0.5665156476761636,0.6157947485356655,0,0,1.208358867508273,0.6866506239569532,RGCC
GO_Biological_Process_2023,Calcium Ion Transmembrane Import Into Cytosol (GO:0097553),1/83,0.5665156476761636,0.6157947485356655,0,0,1.208358867508273,0.6866506239569532,CLU
GO_Biological_Process_2023,Regulation Of NIK/NF-kappaB Signaling (GO:1901222),1/83,0.5665156476761636,0.6157947485356655,0,0,1.208358867508273,0.6866506239569532,UACA
GO_Biological_Process_2023,Positive Regulation Of Double-Strand Break Repair (GO:2000781),1/84,0.5708685433147935,0.6201015593706896,0,0,1.1937397832536174,0.6692061267801053,MORF4L1
GO_Biological_Process_2023,Regulation Of Intracellular Signal Transduction (GO:1902531),3/297,0.5727910997516147,0.621380121600603,0,0,1.010359473738734,0.5630068546773451,DYNLL1;FGF1;CALM2
GO_Biological_Process_2023,Modification-Dependent Protein Catabolic Process (GO:0019941),2/192,0.5744500370339674,0.621380121600603,0,0,1.0425305688463584,0.5779186403259151,RNF13;RNF130
GO_Biological_Process_2023,Regulation Of Cell Cycle (GO:0051726),3/298,0.5750750062469379,0.621380121600603,0,0,1.0068829045857353,0.557062801052426,YWHAE;MORF4L1;NR4A1
GO_Biological_Process_2023,Regulation Of Kinase Activity (GO:0043549),1/85,0.5751779449472499,0.621380121600603,0,0,1.1794687724335966,0.6523356544527062,EMP2
GO_Biological_Process_2023,Response To Interleukin-1 (GO:0070555),1/85,0.5751779449472499,0.621380121600603,0,0,1.1794687724335966,0.6523356544527062,SNCA
GO_Biological_Process_2023,Establishment Of Protein Localization To Organelle (GO:0072594),1/85,0.5751779449472499,0.621380121600603,0,0,1.1794687724335966,0.6523356544527062,RAN
GO_Biological_Process_2023,mRNA Metabolic Process (GO:0016071),1/85,0.5751779449472499,0.621380121600603,0,0,1.1794687724335966,0.6523356544527062,ZFP36L2
GO_Biological_Process_2023,Negative Regulation Of Cell Cycle (GO:0045786),1/85,0.5751779449472499,0.621380121600603,0,0,1.1794687724335966,0.6523356544527062,NR4A1
GO_Biological_Process_2023,Regulation Of Type II Interferon Production (GO:0032649),1/87,0.5836679914950987,0.6296948351480093,0,0,1.1519224027112305,0.6202214761277236,HMGB1
GO_Biological_Process_2023,Glucose Homeostasis (GO:0042593),1/87,0.5836679914950987,0.6296948351480093,0,0,1.1519224027112305,0.6202214761277236,PARK7
GO_Biological_Process_2023,Positive Regulation Of Protein Metabolic Process (GO:0051247),2/196,0.5856880874581174,0.6314449692907829,0,0,1.0208268249505363,0.5461095879886158,VIM;CLU
GO_Biological_Process_2023,Regulation Of Double-Strand Break Repair (GO:2000779),1/88,0.5878494885157634,0.6329152905525891,0,0,1.138624155259054,0.6049331780092367,MORF4L1
GO_Biological_Process_2023,Positive Regulation Of Plasma Membrane Bounded Cell Projection Assembly (GO:0120034),1/88,0.5878494885157634,0.6329152905525891,0,0,1.138624155259054,0.6049331780092367,GPM6A
GO_Biological_Process_2023,Golgi Vesicle Transport (GO:0048193),2/197,0.5884633088541269,0.6331466245094911,0,0,1.0155400155400156,0.538480649852649,GABARAPL2;TMED10
GO_Biological_Process_2023,ERAD Pathway (GO:0036503),1/89,0.591989195722158,0.6347884146020708,0,0,1.1256281407035176,0.5901295699518402,DNAJB2
GO_Biological_Process_2023,Regulation Of Vesicle-Mediated Transport (GO:0060627),1/89,0.591989195722158,0.6347884146020708,0,0,1.1256281407035176,0.5901295699518402,VAMP2
GO_Biological_Process_2023,Sodium Ion Transport (GO:0006814),1/89,0.591989195722158,0.6347884146020708,0,0,1.1256281407035176,0.5901295699518402,ATP1A2
GO_Biological_Process_2023,Organic Anion Transport (GO:0015711),1/89,0.591989195722158,0.6347884146020708,0,0,1.1256281407035176,0.5901295699518402,CYB5R2
GO_Biological_Process_2023,Positive Regulation Of DNA Repair (GO:0045739),1/89,0.591989195722158,0.6347884146020708,0,0,1.1256281407035176,0.5901295699518402,HMGB1
GO_Biological_Process_2023,Lymphocyte Differentiation (GO:0030098),1/91,0.6001448988156681,0.641799160660691,0,0,1.100502512562814,0.5618991453376235,ITGB1
GO_Biological_Process_2023,Positive Regulation Of MAP Kinase Activity (GO:0043406),1/91,0.6001448988156681,0.641799160660691,0,0,1.100502512562814,0.5618991453376235,FGF1
GO_Biological_Process_2023,rRNA Metabolic Process (GO:0016072),1/91,0.6001448988156681,0.641799160660691,0,0,1.100502512562814,0.5618991453376235,SBDS
GO_Biological_Process_2023,Regulation Of RNA Metabolic Process (GO:0051252),1/91,0.6001448988156681,0.641799160660691,0,0,1.100502512562814,0.5618991453376235,TMEM98
GO_Biological_Process_2023,B Cell Activation (GO:0042113),1/92,0.6041617136020576,0.6452251948091962,0,0,1.0883538571980782,0.5484360698708618,ITGB1
GO_Biological_Process_2023,Positive Regulation Of Neuron Projection Development (GO:0010976),1/92,0.6041617136020576,0.6452251948091962,0,0,1.0883538571980782,0.5484360698708618,ITGA6
GO_Biological_Process_2023,"Retrograde Transport, Endosome To Golgi (GO:0042147)",1/94,0.6120752863236749,0.6532370406157849,0,0,1.0648403306856864,0.5227301046685241,RHOBTB3
GO_Biological_Process_2023,Negative Regulation Of Cell Differentiation (GO:0045596),2/207,0.6154601156600987,0.6564080669036134,0,0,0.9655087459965508,0.4686435933664049,SOX2;ZFP36L2
GO_Biological_Process_2023,Recombinational Repair (GO:0000725),1/95,0.6159728391110465,0.6565136975616056,0,0,1.0534587832780926,0.5104559909803796,MORF4L1
GO_Biological_Process_2023,Regulation Of Protein Metabolic Process (GO:0051246),1/96,0.6198314260741546,0.6601828679058278,0,0,1.0423168473948692,0.4985482066164667,RHOBTB3
GO_Biological_Process_2023,Proteasome-Mediated Ubiquitin-Dependent Protein Catabolic Process (GO:0043161),3/319,0.6212541661195884,0.6612544343606886,0,0,0.9389577844888518,0.4469579856203824,DNAJB2;RHOBTB3;SKP1
GO_Biological_Process_2023,Regulation Of Defense Response (GO:0031347),1/97,0.6236514348962008,0.6624731105624302,0,0,1.0314070351758795,0.4869929254325685,PARK7
GO_Biological_Process_2023,Regulation Of Protein Localization (GO:0032880),1/97,0.6236514348962008,0.6624731105624302,0,0,1.0314070351758795,0.4869929254325685,NEDD9
GO_Biological_Process_2023,Monocarboxylic Acid Metabolic Process (GO:0032787),1/97,0.6236514348962008,0.6624731105624302,0,0,1.0314070351758795,0.4869929254325685,GATM
GO_Biological_Process_2023,Mitochondrial Translation (GO:0032543),1/98,0.6274332493027582,0.6655993092536613,0,0,1.0207221675387246,0.4757769643136218,MRPS6
GO_Biological_Process_2023,Negative Regulation Of Macromolecule Biosynthetic Process (GO:0010558),1/98,0.6274332493027582,0.6655993092536613,0,0,1.0207221675387246,0.4757769643136218,YBX1
GO_Biological_Process_2023,Intracellular Protein Transport (GO:0006886),3/325,0.6338085689575228,0.6717070723234235,0,0,0.9211779172052842,0.4200647869344704,EGR2;TMED10;RAN
GO_Biological_Process_2023,Regulation Of Organelle Organization (GO:0033043),1/100,0.6348838112697764,0.6717070723234235,0,0,1.0,0.454313271209604,FIS1
GO_Biological_Process_2023,ncRNA Processing (GO:0034470),1/100,0.6348838112697764,0.6717070723234235,0,0,1.0,0.454313271209604,SBDS
GO_Biological_Process_2023,Protein Complex Oligomerization (GO:0051259),1/100,0.6348838112697764,0.6717070723234235,0,0,1.0,0.454313271209604,SNCA
GO_Biological_Process_2023,rRNA Processing (GO:0006364),1/101,0.6385533074411538,0.6751393064018062,0,0,0.9899497487437184,0.4440420770500481,SBDS
GO_Biological_Process_2023,Calcium Ion Homeostasis (GO:0055074),1/102,0.642186106799596,0.6780767474989745,0,0,0.9800985123637992,0.4340632175669919,SNCA
GO_Biological_Process_2023,Regulation Of Protein Secretion (GO:0050708),1/102,0.642186106799596,0.6780767474989745,0,0,0.9800985123637992,0.4340632175669919,TMED10
GO_Biological_Process_2023,Mitochondrial Gene Expression (GO:0140053),1/103,0.6457825744876868,0.6814208415638026,0,0,0.9704404374815252,0.4243662317025385,MRPS6
GO_Biological_Process_2023,Proteasomal Protein Catabolic Process (GO:0010498),2/220,0.6485094501114488,0.6838435198185178,0,0,0.9073301825595405,0.3929453787196234,RHOBTB3;SKP1
GO_Biological_Process_2023,Macroautophagy (GO:0016236),1/104,0.6493430720264805,0.6842678986095779,0,0,0.9609698980338586,0.4149411183845573,GABARAPL2
GO_Biological_Process_2023,Cellular Response To Organonitrogen Compound (GO:0071417),1/105,0.6528679573920863,0.6866575620150962,0,0,0.9516814843448008,0.4057783123183748,CLU
GO_Biological_Process_2023,Positive Regulation Of Stress-Activated MAPK Cascade (GO:0032874),1/105,0.6528679573920863,0.6866575620150962,0,0,0.9516814843448008,0.4057783123183748,HMGB1
GO_Biological_Process_2023,Regulation Of Transcription By RNA Polymerase II (GO:0006357),19/2028,0.6529087971523505,0.6866575620150962,0,0,0.929598574371131,0.3963044441286251,DDX17;EGR2;MLIP;OTUD7B;FOS;PARK7;HMGB1;YBX1;FGF1;LITAF;SOX2;NR4A2;NR4A1;HNRNPK;RGCC;TMEM98;ITGA6;LPIN1;SNCA
GO_Biological_Process_2023,Regulation Of G1/S Transition Of Mitotic Cell Cycle (GO:2000045),1/106,0.6563575850020138,0.6898274750981429,0,0,0.9425699928212492,0.3968686613882323,RGCC
GO_Biological_Process_2023,Regulation Of Cellular Response To Stress (GO:0080135),1/107,0.6598123057378238,0.6925410907446603,0,0,0.933630416232104,0.388203405372955,TMEM98
GO_Biological_Process_2023,Negative Regulation Of Translation (GO:0017148),1/107,0.6598123057378238,0.6925410907446603,0,0,0.933630416232104,0.388203405372955,YBX1
GO_Biological_Process_2023,Response To Tumor Necrosis Factor (GO:0034612),1/108,0.6632324670568477,0.6947524258872722,0,0,0.9248579345324754,0.3797741558133871,ZFP36L2
GO_Biological_Process_2023,Glycerophospholipid Biosynthetic Process (GO:0046474),1/108,0.6632324670568477,0.6947524258872722,0,0,0.9248579345324754,0.3797741558133871,SLC44A1
GO_Biological_Process_2023,Lipid Transport (GO:0006869),1/108,0.6632324670568477,0.6947524258872722,0,0,0.9248579345324754,0.3797741558133871,PMP2
GO_Biological_Process_2023,Regulation Of Cell Growth (GO:0001558),2/227,0.6653572756421501,0.6965184673114064,0,0,0.8787878787878788,0.3580455349628462,DNAJB2;MT3
GO_Biological_Process_2023,Cellular Response To Salt (GO:1902075),1/109,0.6666184129739804,0.6973786561566953,0,0,0.916247906197655,0.3715728772578474,CLU
GO_Biological_Process_2023,Cilium Organization (GO:0044782),2/228,0.667710567646942,0.6980610479945303,0,0,0.8748547421113793,0.3533542514106607,NEDD9;NEK1
GO_Biological_Process_2023,Response To Lipid (GO:0033993),1/110,0.6699704840956059,0.6995020778024517,0,0,0.9077958600341156,0.3635918695397154,SNCA
GO_Biological_Process_2023,Regulation Of JNK Cascade (GO:0046328),1/110,0.6699704840956059,0.6995020778024517,0,0,0.9077958600341156,0.3635918695397154,HMGB1
GO_Biological_Process_2023,Cytoskeleton Organization (GO:0007010),1/111,0.6732890175997336,0.7015821870852116,0,0,0.8994974874371859,0.3558237511616551,NEDD9
GO_Biological_Process_2023,Double-Strand Break Repair Via Homologous Recombination (GO:0000724),1/111,0.6732890175997336,0.7015821870852116,0,0,0.8994974874371859,0.3558237511616551,MORF4L1
GO_Biological_Process_2023,Mitotic Sister Chromatid Segregation (GO:0000070),1/111,0.6732890175997336,0.7015821870852116,0,0,0.8994974874371859,0.3558237511616551,RAN
GO_Biological_Process_2023,Negative Regulation Of Multicellular Organismal Process (GO:0051241),2/231,0.6746907426925027,0.7025815017408148,0,0,0.863261435313837,0.3396941103556566,RGCC;ALDH1A1
GO_Biological_Process_2023,Small GTPase Mediated Signal Transduction (GO:0007264),1/112,0.6765743473112501,0.7036195866205465,0,0,0.8913486350672281,0.3482614435144341,PARK7
GO_Biological_Process_2023,Protein Deubiquitination (GO:0016579),1/112,0.6765743473112501,0.7036195866205465,0,0,0.8913486350672281,0.3482614435144341,OTUD7B
GO_Biological_Process_2023,Regulation Of Interleukin-6 Production (GO:0032675),1/114,0.683046714602197,0.7089569235275911,0,0,0.8754836127540356,0.3337273716848506,HMGB1
GO_Biological_Process_2023,Protein Modification By Small Protein Removal (GO:0070646),1/114,0.683046714602197,0.7089569235275911,0,0,0.8754836127540356,0.3337273716848506,OTUD7B
GO_Biological_Process_2023,Regulation Of MAP Kinase Activity (GO:0043405),1/114,0.683046714602197,0.7089569235275911,0,0,0.8754836127540356,0.3337273716848506,FGF1
GO_Biological_Process_2023,Inflammatory Response (GO:0006954),2/236,0.6860605393564587,0.7113350740583376,0,0,0.8445998445998446,0.3182362732133152,FOS;HMGB1
GO_Biological_Process_2023,Endoplasmic Reticulum To Golgi Vesicle-Mediated Transport (GO:0006888),1/115,0.6862344035181568,0.7113350740583376,0,0,0.8677598518910341,0.326742835332831,TMED10
GO_Biological_Process_2023,Protein Maturation (GO:0051604),1/117,0.692514396042861,0.7169082495238229,0,0,0.8527118350372552,0.3133087141185804,TSPAN15
GO_Biological_Process_2023,Protein Processing (GO:0016485),1/117,0.692514396042861,0.7169082495238229,0,0,0.8527118350372552,0.3133087141185804,SPCS2
GO_Biological_Process_2023,Regulation Of Small GTPase Mediated Signal Transduction (GO:0051056),1/118,0.6956073317848006,0.7187036689729678,0,0,0.845380749903363,0.3068478138715934,DYNLL1
GO_Biological_Process_2023,Ribonucleoprotein Complex Biogenesis (GO:0022613),1/118,0.6956073317848006,0.7187036689729678,0,0,0.845380749903363,0.3068478138715934,GLUL
GO_Biological_Process_2023,Positive Regulation Of Cell Cycle Process (GO:0090068),1/118,0.6956073317848006,0.7187036689729678,0,0,0.845380749903363,0.3068478138715934,RGCC
GO_Biological_Process_2023,Regulation Of Autophagy (GO:0010506),2/241,0.6971041358705585,0.7197815638429254,0,0,0.8267190735809983,0.2982971676152376,HMGB1;SVIP
GO_Biological_Process_2023,Cellular Response To Tumor Necrosis Factor (GO:0071356),1/119,0.6986693101557254,0.7209286054727804,0,0,0.8381739204497062,0.3005505089455322,ZFP36L2
GO_Biological_Process_2023,Cilium Assembly (GO:0060271),2/243,0.7014312313249126,0.7233082287931359,0,0,0.819774508571189,0.2907186138474013,NEK1;DYNLL1
GO_Biological_Process_2023,Negative Regulation Of DNA-templated Transcription (GO:0045892),9/1025,0.7021573081466361,0.7235867844342283,0,0,0.871171208311003,0.3080442352102536,SOX2;NR4A2;MLIP;HNRNPK;YWHAQ;OTUD7B;HMGB1;CRYAB;SNCA
GO_Biological_Process_2023,Fatty Acid Metabolic Process (GO:0006631),1/122,0.7076725687660174,0.7287971230575403,0,0,0.8172681589767017,0.2825898889623316,LPIN1
GO_Biological_Process_2023,Protein Dephosphorylation (GO:0006470),1/124,0.7135255255654438,0.7338723325161111,0,0,0.8038975364628018,0.2713452170770706,PPP1CC
GO_Biological_Process_2023,Regulation Of DNA Metabolic Process (GO:0051052),1/124,0.7135255255654438,0.7338723325161111,0,0,0.8038975364628018,0.2713452170770706,TMEM98
GO_Biological_Process_2023,Cellular Response To Starvation (GO:0009267),1/126,0.7192618685309876,0.7392931252323041,0,0,0.7909547738693468,0.2606431490060761,GABARAPL2
GO_Biological_Process_2023,Regulation Of Response To External Stimulus (GO:0032101),1/127,0.7220870340624399,0.7417165845029722,0,0,0.7846374730796841,0.2554854949797123,PARK7
GO_Biological_Process_2023,Protein Homooligomerization (GO:0051260),1/129,0.7276527766729426,0.7469501659637515,0,0,0.7722989949748744,0.2455380232172469,CLU
GO_Biological_Process_2023,Golgi Organization (GO:0007030),1/130,0.7303939147263233,0.7492793423856982,0,0,0.7662732265981068,0.2407410413206643,TMED10
GO_Biological_Process_2023,Epithelial Cell Differentiation (GO:0030855),1/132,0.7357941059880472,0.7543315543947228,0,0,0.7544976792358741,0.2314836202546984,PLAAT3
GO_Biological_Process_2023,Non-Membrane-Bounded Organelle Assembly (GO:0140694),1/135,0.743693243928707,0.7619374939411607,0,0,0.7374934373359334,0.2183914504625392,MYL9
GO_Biological_Process_2023,Positive Regulation Of Multicellular Organismal Process (GO:0051240),3/387,0.7465313231479243,0.7643517482811328,0,0,0.7699873096446701,0.2250809215963628,GATM;RGCC;LPIN1
GO_Biological_Process_2023,Negative Regulation Of Cellular Biosynthetic Process (GO:0031327),1/137,0.7488283343138599,0.7662092627698877,0,0,0.7265740467041087,0.210158284256341,YBX1
GO_Biological_Process_2023,Chromatin Organization (GO:0006325),2/268,0.7513088273379281,0.7682520032121726,0,0,0.7417786891471102,0.2121030784801347,SOX2;SKP1
GO_Biological_Process_2023,Negative Regulation Of Response To External Stimulus (GO:0032102),1/146,0.7706982785234464,0.7875712607963358,0,0,0.6811644429041761,0.1774149463430572,CLDN19
GO_Biological_Process_2023,Dephosphorylation (GO:0016311),1/147,0.7730081424044016,0.7894233732276612,0,0,0.6764645143525848,0.1741664076420715,PPP1CC
GO_Biological_Process_2023,Negative Regulation Of DNA-binding Transcription Factor Activity (GO:0043433),1/149,0.777558641095328,0.7935598478574183,0,0,0.6672551948933858,0.1678788815691765,SFRP5
GO_Biological_Process_2023,Negative Regulation Of Transcription By RNA Polymerase II (GO:0000122),6/763,0.7791899603075991,0.7947136677430332,0,0,0.7780168598237753,0.1941155265650748,SOX2;NR4A2;MLIP;OTUD7B;HMGB1;SNCA
GO_Biological_Process_2023,Positive Regulation Of NF-kappaB Transcription Factor Activity (GO:0051092),1/152,0.7842147458452606,0.7993248565551886,0,0,0.6538986322340178,0.1589447004917271,CLU
GO_Biological_Process_2023,Regulation Of Cellular Component Organization (GO:0051128),1/153,0.7863891079150508,0.8010266458672566,0,0,0.6495636075112404,0.1560924478581284,PARK7
GO_Biological_Process_2023,Peptidyl-Serine Phosphorylation (GO:0018105),1/158,0.7969382105229577,0.8112514048107337,0,0,0.6287168325704958,0.1427049714417737,DCLK3
GO_Biological_Process_2023,Protein Autophosphorylation (GO:0046777),1/162,0.8050029422478624,0.8189356854790754,0,0,0.6129716907518962,0.1329592889277211,AATK
GO_Biological_Process_2023,Adenylate Cyclase-Modulating G Protein-Coupled Receptor Signaling Pathway (GO:0007188),1/163,0.8069688204409236,0.8204096848428863,0,0,0.6091568955890564,0.1306460303698868,RAMP1
GO_Biological_Process_2023,Peptidyl-Serine Modification (GO:0018209),1/166,0.8127489127472175,0.8257570579576404,0,0,0.5979899497487438,0.1239830846623929,DCLK3
GO_Biological_Process_2023,Regulation Of DNA-templated Transcription (GO:0006355),16/1922,0.8136607313369714,0.8261545621444488,0,0,0.8163693599160545,0.1683449885040808,DDX17;EGR2;FOS;HMGB1;YBX1;MT3;ZFP36L2;SOX2;NR4A2;MORF4L1;NR4A1;FGF7;HNRNPK;TMEM98;YWHAQ;CRYAB
GO_Biological_Process_2023,Cellular Response To Cytokine Stimulus (GO:0071345),2/308,0.8162318794297881,0.8282352894214027,0,0,0.64349376114082,0.1306657829389894,MT2A;ZFP36L2
GO_Biological_Process_2023,Heart Development (GO:0007507),1/171,0.8220021720657791,0.8335574741651064,0,0,0.5802542122376588,0.1137369287884457,DYNLL1
GO_Biological_Process_2023,Organelle Assembly (GO:0070925),2/322,0.8351214736887211,0.8463204206538955,0,0,0.61489898989899,0.110791323846165,GABARAPL2;NEK1
GO_Biological_Process_2023,"RNA Splicing, Via Transesterification Reactions With Bulged Adenosine As Nucleophile (GO:0000377)",1/180,0.8375262086141492,0.8477906258147373,0,0,0.5508267594958031,0.0976630837566713,HNRNPK
GO_Biological_Process_2023,Negative Regulation Of Nucleic Acid-Templated Transcription (GO:1903507),3/456,0.8376406435271003,0.8477906258147373,0,0,0.6503849127643123,0.1152261564200868,HNRNPK;YWHAQ;CRYAB
GO_Biological_Process_2023,Macromolecule Biosynthetic Process (GO:0009059),1/183,0.8423954165645876,0.8520596087240283,0,0,0.5416643657849688,0.0928985582326719,MRPS6
GO_Biological_Process_2023,Phosphate-Containing Compound Metabolic Process (GO:0006796),1/184,0.8439859992638473,0.8531247011667044,0,0,0.5386769915149519,0.0913700535900012,PLAAT3
GO_Biological_Process_2023,Proteolysis (GO:0006508),2/330,0.8451150233935748,0.8537221783103776,0,0,0.5996550874599655,0.1009114803598987,TMPRSS5;PLAT
GO_Biological_Process_2023,Endocytosis (GO:0006897),1/189,0.8517024816274591,0.859829413704057,0,0,0.5242168288249759,0.0841462437992407,ITGB1
GO_Biological_Process_2023,Transcription By RNA Polymerase II (GO:0006366),1/192,0.8561488312819886,0.8637687191637101,0,0,0.5159041279696914,0.0801256116253105,POLR2F
GO_Biological_Process_2023,Protein Modification By Small Protein Conjugation (GO:0032446),2/364,0.8817439576827169,0.8890264681337177,0,0,0.5423851777442937,0.0682611068834986,EGR2;SKP1
GO_Biological_Process_2023,mRNA Processing (GO:0006397),1/214,0.8849459769149011,0.8916884224533004,0,0,0.4620992285370514,0.0564817782115859,HNRNPK
GO_Biological_Process_2023,Protein Polyubiquitination (GO:0000209),1/226,0.8981547293522425,0.9044235758134572,0,0,0.4371859296482412,0.0469594177767252,SKP1
GO_Biological_Process_2023,Chromatin Remodeling (GO:0006338),1/228,0.9002045097002905,0.905912845208853,0,0,0.4332897970026343,0.0455531898856198,SKP1
GO_Biological_Process_2023,Positive Regulation Of Developmental Process (GO:0051094),1/233,0.9051511368689948,0.9103135958245214,0,0,0.4238433547045572,0.0422374089679661,FIS1
GO_Biological_Process_2023,Translation (GO:0006412),1/234,0.906110786202554,0.9107015944923704,0,0,0.4220027174499104,0.0416068092550969,MRPS6
GO_Biological_Process_2023,Cytokine-Mediated Signaling Pathway (GO:0019221),1/257,0.9257021626434152,0.9298033747563924,0,0,0.3836369346733668,0.0296178204836349,MT3
GO_Biological_Process_2023,Protein Modification Process (GO:0036211),4/711,0.9283582940102818,0.9318814753917252,0,0,0.5511358716046532,0.0409700783021203,PPP1CC;NEK1;PLAT;PARK7
GO_Biological_Process_2023,Protein Ubiquitination (GO:0016567),2/434,0.9333652025918024,0.9363151558237612,0,0,0.4528619528619528,0.0312287835206015,RNF13;SKP1
GO_Biological_Process_2023,Regulation Of Nucleic Acid-Templated Transcription (GO:1903506),2/452,0.9426985922562544,0.9450806480800223,0,0,0.4343434343434343,0.025630030074121,SOX2;YBX1
GO_Biological_Process_2023,DNA Repair (GO:0006281),1/291,0.9474576247830658,0.9492520521027308,0,0,0.3380696586380177,0.0182466560691828,PARK7
GO_Biological_Process_2023,Protein Phosphorylation (GO:0006468),2/500,0.9619058912414412,0.9631196526184022,0,0,0.3915054156018011,0.0152055454326809,DCLK3;NEK1
GO_Biological_Process_2023,DNA Damage Response (GO:0006974),1/384,0.9796942288774292,0.9803119427670112,0,0,0.2547594368710392,0.0052263305783269,PARK7
GO_Biological_Process_2023,Phosphorylation (GO:0016310),1/429,0.98720195959379,0.98720195959379,0,0,0.2274456394120133,0.0029296455898821,NEK1
